{"type":"FeatureCollection","provenance":{"source":"NOAA National Geodetic Survey CUSP","sourceUrl":"https://nsde.ngs.noaa.gov/","sourceTileTemplate":"https://nsde.ngs.noaa.gov/cusp/tiles/{z}/{x}/{y}.pbf","retrievedAt":"2026-10-02T03:04:08.835Z","license":"public-domain-us-gov","attribution":"NOAA National Geodetic Survey \u00b7 CUSP shoreline","bounds":[-121.34,34.92,-120.51,35.82],"sourceZoom":12,"requestedTiles":140,"unavailableTileCount":114,"limitations":["Clipped to county display extent from published z12 CUSP vector tiles; display quantization approximately8m and original source accuracy preserved in HOR_ACC.","Provider returned403 for absent or inaccessible tile paths; absence is not proof of complete county coverage.","Historical mean-high-water and alongshore line features; not live shoreline, legal access, a nautical chart, a land polygon or seabed geometry."],"derivedFrom":{"file":"fish public/data/slo-shoreline.geojson (the extract the coast bridge serves as /coast-data/data/slo-shoreline.geojson)","sha256":"a4e10c733ef6de150decdbc21091c987a40d70e50a777c4682b865fbd9d3b5ce","bytes":2652654,"features":3771},"display":{"method":"Features grouped by attribute, source date, citation, data source, extraction method, horizontal accuracy and creator; tile-clipped fragments joined end to end; Douglas-Peucker simplification; coordinates rounded to 5 decimals.","toleranceMeters":10.0,"note":"Display geometry for the landing page outline only. Simplification is separate from source accuracy (HOR_ACC, metres); not a nautical chart, legal shoreline or navigation aid."}},"features":[{"type":"Feature","properties":{"ATTRIBUTE":"Breakwater.Bare","SRC_DATE":"20100509","SRC_CITA":"JALBTCX","DATA_SOURC":"Lidar","EXT_METH":"Derived","HOR_ACC":"4.31","DAT_SET_CR":"NOAA"},"geometry":{"type":"MultiLineString","coordinates":[[[-120.86946,35.36783],[-120.87008,35.36268],[-120.86978,35.3626],[-120.86967,35.36296],[-120.86954,35.36295],[-120.86961,35.36379],[-120.8692,35.36706]],[[-120.85778,35.20802],[-120.85736,35.2076],[-120.85725,35.20602],[-120.85695,35.20581],[-120.85678,35.20606],[-120.85701,35.20657],[-120.85712,35.20785]],[[-120.85452,35.20613],[-120.85594,35.20679],[-120.85615,35.20676],[-120.85611,35.20662],[-120.85469,35.20586]]]}},{"type":"Feature","properties":{"ATTRIBUTE":"Jetty.Bare","SRC_DATE":"20100509","SRC_CITA":"JALBTCX","DATA_SOURC":"Lidar","EXT_METH":"Derived","HOR_ACC":"4.31","DAT_SET_CR":"NOAA"},"geometry":{"type":"MultiLineString","coordinates":[[[-120.86405,35.36641],[-120.86435,35.36604],[-120.86403,35.36629]],[[-120.86238,35.36079],[-120.86579,35.36079],[-120.86733,35.36132],[-120.86596,35.36064],[-120.86242,35.36064]],[[-120.7552,35.17241],[-120.75526,35.17269],[-120.75541,35.17241]],[[-120.7553,35.17221],[-120.7552,35.17267],[-120.75537,35.17265],[-120.75545,35.17235]],[[-120.7544,35.1592],[-120.74981,35.156],[-120.75427,35.15937]]]}},{"type":"Feature","properties":{"ATTRIBUTE":"Man-made","SRC_DATE":"19940228","SRC_CITA":null,"DATA_SOURC":"Aerial Photography","EXT_METH":"Stereo","HOR_ACC":"0.796","DAT_SET_CR":"NOAA"},"geometry":{"type":"MultiLineString","coordinates":[[[-120.85899,35.37168],[-120.85742,35.37059],[-120.85688,35.37038],[-120.85671,35.37012],[-120.85658,35.37024]],[[-120.85055,35.32157],[-120.84987,35.32183],[-120.85055,35.32157]],[[-120.8506,35.31982],[-120.8504,35.3195],[-120.8506,35.31982]],[[-120.84877,35.32169],[-120.84858,35.32169],[-120.84877,35.32169]],[[-120.84869,35.31971],[-120.84875,35.3201],[-120.84869,35.31971]],[[-120.84929,35.31948],[-120.8486,35.31936],[-120.84856,35.31901],[-120.8486,35.31936],[-120.84929,35.31948]],[[-120.84536,35.35299],[-120.84549,35.35295],[-120.84521,35.35241]],[[-120.84416,35.34644],[-120.84324,35.3463],[-120.83976,35.34527]],[[-120.84049,35.33263],[-120.8401,35.3326]],[[-120.84152,35.32698],[-120.84088,35.32665]]]}},{"type":"Feature","properties":{"ATTRIBUTE":"Man-made","SRC_DATE":"19940301","SRC_CITA":null,"DATA_SOURC":"Aerial Photography","EXT_METH":"Stereo","HOR_ACC":"0.796","DAT_SET_CR":"NOAA"},"geometry":{"type":"MultiLineString","coordinates":[[[-120.73024,35.18184],[-120.73176,35.18238]]]}},{"type":"Feature","properties":{"ATTRIBUTE":"Man-made.Bulkhead Or Sea Wall","SRC_DATE":"19940228","SRC_CITA":null,"DATA_SOURC":"Aerial Photography","EXT_METH":"Stereo","HOR_ACC":"0.796","DAT_SET_CR":"NOAA"},"geometry":{"type":"MultiLineString","coordinates":[[[-120.8545,35.36863],[-120.85435,35.36788],[-120.8542,35.36788]],[[-120.8498,35.35749],[-120.84789,35.35635]],[[-120.8498,35.35749],[-120.84727,35.35596]]]}},{"type":"Feature","properties":{"ATTRIBUTE":"Man-made.Bulkhead Or Sea Wall","SRC_DATE":"19940301","SRC_CITA":null,"DATA_SOURC":"Aerial Photography","EXT_METH":"Stereo","HOR_ACC":"0.796","DAT_SET_CR":"NOAA"},"geometry":{"type":"MultiLineString","coordinates":[[[-120.63649,35.1392],[-120.63591,35.14005]],[[-120.63574,35.14005],[-120.6363,35.13944],[-120.63643,35.13867]]]}},{"type":"Feature","properties":{"ATTRIBUTE":"Man-made.Bulkhead Or Sea Wall","SRC_DATE":"20100509","SRC_CITA":"JALBTCX","DATA_SOURC":"Lidar","EXT_METH":"Derived","HOR_ACC":"4.31","DAT_SET_CR":"NOAA"},"geometry":{"type":"MultiLineString","coordinates":[[[-120.8663,35.37087],[-120.86645,35.3707]],[[-120.85648,35.21105],[-120.85658,35.21119]]]}},{"type":"Feature","properties":{"ATTRIBUTE":"Man-made.Ramp","SRC_DATE":"19940228","SRC_CITA":null,"DATA_SOURC":"Aerial Photography","EXT_METH":"Stereo","HOR_ACC":"0.796","DAT_SET_CR":"NOAA"},"geometry":{"type":"MultiLineString","coordinates":[[[-120.85038,35.35766],[-120.85027,35.35761],[-120.85038,35.35766]]]}},{"type":"Feature","properties":{"ATTRIBUTE":"Man-made.Ramp","SRC_DATE":"20100509","SRC_CITA":"JALBTCX","DATA_SOURC":"Lidar","EXT_METH":"Derived","HOR_ACC":"4.31","DAT_SET_CR":"NOAA"},"geometry":{"type":"MultiLineString","coordinates":[[[-120.75571,35.1717],[-120.75567,35.17181]]]}},{"type":"Feature","properties":{"ATTRIBUTE":"Man-made.Rip Rap","SRC_DATE":"19940228","SRC_CITA":null,"DATA_SOURC":"Aerial Photography","EXT_METH":"Stereo","HOR_ACC":"0.796","DAT_SET_CR":"NOAA"},"geometry":{"type":"MultiLineString","coordinates":[[[-120.85658,35.37024],[-120.85472,35.36911],[-120.8545,35.36863]],[[-120.8542,35.36788],[-120.8512,35.35801],[-120.85038,35.35766],[-120.8512,35.35801],[-120.85133,35.35845]],[[-120.85027,35.35761],[-120.8498,35.35749],[-120.85027,35.35761]]]}},{"type":"Feature","properties":{"ATTRIBUTE":"Man-made.Rip Rap","SRC_DATE":"19940301","SRC_CITA":null,"DATA_SOURC":"Aerial Photography","EXT_METH":"Stereo","HOR_ACC":"0.796","DAT_SET_CR":"NOAA"},"geometry":{"type":"MultiLineString","coordinates":[[[-120.63984,35.13593],[-120.63926,35.13669],[-120.63714,35.13797]],[[-120.63643,35.13867],[-120.63716,35.13756],[-120.6387,35.13669],[-120.63939,35.13526],[-120.63928,35.13462]]]}},{"type":"Feature","properties":{"ATTRIBUTE":"Man-made.Rip Rap","SRC_DATE":"20100509","SRC_CITA":"JALBTCX","DATA_SOURC":"Lidar","EXT_METH":"Derived","HOR_ACC":"4.31","DAT_SET_CR":"NOAA"},"geometry":{"type":"MultiLineString","coordinates":[[[-120.86564,35.37143],[-120.8668,35.37136],[-120.8668,35.37121],[-120.8663,35.37087]],[[-120.86645,35.3707],[-120.8671,35.37115]],[[-120.86663,35.36737],[-120.86553,35.36788],[-120.86489,35.36842],[-120.86411,35.37059],[-120.8606,35.37227]],[[-120.85712,35.20785],[-120.85637,35.20785],[-120.85637,35.20795]],[[-120.8554,35.2076],[-120.85495,35.20776],[-120.85332,35.20732],[-120.85358,35.20653],[-120.85341,35.20609],[-120.85366,35.20604]],[[-120.7556,35.17241],[-120.75599,35.17283],[-120.7558,35.17384],[-120.75599,35.17283],[-120.75545,35.17235]],[[-120.75567,35.17181],[-120.7553,35.17221]],[[-120.75642,35.17039],[-120.75571,35.1717]],[[-120.75509,35.15978],[-120.75612,35.16009]],[[-120.7562,35.15997],[-120.75522,35.15965]]]}},{"type":"Feature","properties":{"ATTRIBUTE":"Man-made.Wharf Or Quay","SRC_DATE":"20100509","SRC_CITA":"JALBTCX","DATA_SOURC":"Lidar","EXT_METH":"Derived","HOR_ACC":"4.31","DAT_SET_CR":"NOAA"},"geometry":{"type":"MultiLineString","coordinates":[[[-120.85637,35.20795],[-120.8554,35.2076]]]}},{"type":"Feature","properties":{"ATTRIBUTE":"Natural.Apparent.Marsh Or Swamp","SRC_DATE":"19940228","SRC_CITA":null,"DATA_SOURC":"Aerial Photography","EXT_METH":"Stereo","HOR_ACC":"0.796","DAT_SET_CR":"NOAA"},"geometry":{"type":"MultiLineString","coordinates":[[[-120.85414,35.35138],[-120.85405,35.35131],[-120.85414,35.35138]],[[-120.853,35.35173],[-120.85321,35.35171],[-120.85345,35.3521],[-120.8533,35.35157],[-120.85366,35.35122],[-120.85336,35.35127],[-120.85362,35.35092],[-120.85345,35.35087],[-120.85379,35.35077],[-120.85358,35.35063],[-120.85392,35.35054],[-120.85414,35.35085],[-120.8539,35.35096],[-120.85412,35.35112],[-120.85394,35.35126],[-120.85435,35.3521],[-120.85422,35.35241],[-120.85435,35.35327],[-120.85397,35.35372],[-120.85345,35.35371],[-120.85336,35.35322],[-120.85321,35.35343],[-120.85272,35.35343],[-120.85236,35.35332],[-120.85188,35.35288],[-120.85218,35.3522],[-120.853,35.35173]],[[-120.85347,35.35101],[-120.85334,35.35092],[-120.85347,35.35101]],[[-120.85073,35.35169],[-120.8507,35.35192],[-120.85034,35.35194],[-120.85047,35.35161],[-120.85073,35.35169],[-120.85075,35.35185],[-120.85034,35.35194],[-120.85047,35.35161],[-120.85073,35.35169]],[[-120.85572,35.31838],[-120.85502,35.31836],[-120.85454,35.3181],[-120.85409,35.31815],[-120.85371,35.31768],[-120.85399,35.31798],[-120.85362,35.31824],[-120.85399,35.31798],[-120.85371,35.31768],[-120.85409,35.31815],[-120.85454,35.3181],[-120.85502,35.31836],[-120.85572,35.31838]],[[-120.84924,35.35141],[-120.84929,35.35091],[-120.84961,35.35071],[-120.84972,35.35096],[-120.84948,35.35105],[-120.84924,35.35141],[-120.84918,35.35119],[-120.84944,35.35071],[-120.84974,35.35091],[-120.84924,35.35141]],[[-120.8486,35.32166],[-120.84789,35.32145]],[[-120.8654,35.31691],[-120.86523,35.31597]],[[-120.8654,35.31691],[-120.86523,35.31618],[-120.86532,35.31549],[-120.86549,35.31504],[-120.86575,35.31486],[-120.86605,35.31509]],[[-120.86675,35.31315],[-120.86632,35.31232],[-120.86654,35.31189],[-120.86648,35.31162],[-120.86572,35.31304],[-120.86536,35.31479],[-120.8651,35.31511],[-120.86482,35.31513],[-120.86476,35.31532],[-120.86356,35.31574]],[[-120.84259,35.34273],[-120.84199,35.34256],[-120.84259,35.34273]],[[-120.84148,35.34082],[-120.84053,35.34037],[-120.84064,35.33991],[-120.84094,35.33983],[-120.84098,35.34],[-120.84113,35.33984],[-120.84124,35.34002],[-120.84135,35.33993],[-120.84173,35.34011],[-120.84163,35.34021],[-120.84184,35.34026],[-120.84186,35.34058],[-120.84148,35.34082]],[[-120.83328,35.34816],[-120.83343,35.3476],[-120.83328,35.34816]],[[-120.82425,35.33732],[-120.82453,35.33746],[-120.8253,35.33745],[-120.82751,35.33822],[-120.82605,35.3386],[-120.82562,35.33888],[-120.82648,35.3386],[-120.82586,35.33949],[-120.825,35.33955],[-120.82476,35.33972],[-120.82446,35.34075],[-120.82489,35.34214],[-120.82613,35.34398],[-120.82611,35.34588],[-120.82648,35.34695],[-120.82701,35.34784],[-120.82689,35.34832],[-120.82704,35.34889],[-120.82719,35.349],[-120.82693,35.34833],[-120.82706,35.34797],[-120.82723,35.34809],[-120.8265,35.34672],[-120.82639,35.3463],[-120.82646,35.34616],[-120.82663,35.34625],[-120.82633,35.34625],[-120.82622,35.34594],[-120.82611,35.34448],[-120.82637,35.34496],[-120.82618,35.34447],[-120.82622,35.34387],[-120.82633,35.34413],[-120.8265,35.3442],[-120.82628,35.34392],[-120.82665,35.34405],[-120.82686,35.34438],[-120.82777,35.3449],[-120.8283,35.34657],[-120.82781,35.3449],[-120.82693,35.34436],[-120.82674,35.34399],[-120.8262,35.34373],[-120.82665,35.34363],[-120.8274,35.34377],[-120.82792,35.34436],[-120.82922,35.34485],[-120.82957,35.34513],[-120.82931,35.34485],[-120.82811,35.34445],[-120.8274,35.34371],[-120.82671,35.34357],[-120.82609,35.34366],[-120.82528,35.34229],[-120.82682,35.34278],[-120.82785,35.34252],[-120.82747,35.34273],[-120.82772,35.3432],[-120.82804,35.34336],[-120.82774,35.34315],[-120.82755,35.34271],[-120.82819,35.34249],[-120.8289,35.34312],[-120.82963,35.34338],[-120.83066,35.34412],[-120.83143,35.34592],[-120.83143,35.34629],[-120.83051,35.34835],[-120.83058,35.34972],[-120.82832,35.35224],[-120.83071,35.34968],[-120.83068,35.34826],[-120.83163,35.34622],[-120.83163,35.34583],[-120.83109,35.3448],[-120.83109,35.3444],[-120.83169,35.34464],[-120.83193,35.34459],[-120.83167,35.34378],[-120.83225,35.34257],[-120.83169,35.34072],[-120.83304,35.33906],[-120.83347,35.33914],[-120.83367,35.33946],[-120.83347,35.34],[-120.83292,35.34046],[-120.83298,35.34119],[-120.83272,35.34137],[-120.83283,35.34147],[-120.83255,35.34159],[-120.83266,35.34228],[-120.83229,35.34308],[-120.8327,35.34222],[-120.83259,35.34166],[-120.83287,35.34152],[-120.83279,35.34137],[-120.83302,35.34133],[-120.83296,35.34084],[-120.83371,35.34158],[-120.83388,35.34224],[-120.83373,35.34247],[-120.83322,35.3425],[-120.83294,35.34287],[-120.83294,35.34378],[-120.83317,35.34455],[-120.833,35.3437],[-120.83311,35.34266],[-120.83382,35.34259],[-120.83354,35.34319],[-120.83341,35.34317],[-120.83352,35.3435],[-120.83354,35.34306],[-120.8338,35.34266],[-120.83388,35.34259],[-120.83416,35.34282],[-120.83405,35.34394],[-120.83416,35.3431],[-120.83433,35.34312],[-120.8342,35.34287],[-120.83461,35.34308],[-120.83388,35.34249],[-120.83403,35.34221],[-120.83392,35.3418],[-120.83427,35.34215],[-120.83506,35.34245],[-120.83534,35.34292],[-120.83519,35.34264],[-120.83558,35.34264],[-120.83564,35.3428],[-120.83588,35.3428],[-120.83596,35.34308],[-120.83588,35.34277],[-120.83562,35.34278],[-120.83562,35.34261],[-120.83523,35.34263],[-120.83487,35.34228],[-120.83502,35.34224],[-120.83622,35.34249],[-120.83648,35.34278],[-120.83624,35.34245],[-120.83422,35.34201],[-120.83328,35.34089],[-120.83315,35.34042],[-120.83339,35.34054],[-120.83412,35.34047],[-120.83429,35.34063],[-120.83427,35.34095],[-120.83433,35.34061],[-120.83418,35.34046],[-120.83444,35.34049],[-120.8347,35.34074],[-120.83478,35.34117],[-120.83573,35.34208],[-120.83586,35.34203],[-120.83547,35.34172],[-120.83577,35.34173],[-120.83517,35.34156],[-120.83457,35.34047],[-120.83577,35.34067],[-120.83549,35.34095],[-120.83583,35.34068],[-120.83712,35.34039],[-120.83721,35.34089],[-120.83764,35.34149],[-120.83714,35.34033],[-120.83894,35.34063],[-120.83869,35.3404],[-120.83922,35.34005],[-120.83912,35.33967],[-120.84006,35.33963],[-120.84028,35.33976],[-120.84032,35.33965],[-120.84062,35.3397],[-120.84043,35.34033],[-120.8407,35.34077],[-120.84118,35.34095],[-120.84092,35.34077],[-120.84103,35.3407],[-120.84146,35.34088],[-120.84133,35.34107],[-120.84107,35.34109],[-120.84036,35.34084],[-120.83955,35.34081],[-120.83888,35.34098],[-120.83847,35.34131],[-120.83761,35.34377],[-120.83693,35.34415],[-120.83536,35.34464],[-120.83489,35.34497],[-120.83412,35.3459],[-120.8333,35.34783],[-120.83279,35.34986],[-120.83171,35.35068],[-120.83094,35.35077],[-120.83051,35.35126],[-120.82959,35.35168],[-120.82957,35.35194],[-120.82972,35.35168],[-120.83053,35.35133],[-120.83096,35.3508],[-120.83171,35.35078],[-120.83281,35.35003],[-120.83369,35.34751],[-120.83459,35.34574],[-120.83534,35.34497],[-120.83678,35.3445],[-120.83579,35.34548],[-120.83616,35.34566],[-120.83592,35.34539],[-120.83686,35.34448],[-120.83779,35.34405],[-120.83873,35.34175],[-120.83944,35.34116],[-120.8403,35.34112],[-120.84085,35.34142],[-120.84165,35.34149],[-120.84242,35.34135],[-120.84276,35.34189],[-120.84276,35.34261],[-120.84195,35.34249],[-120.84107,35.34215],[-120.84105,35.3428],[-120.84066,35.34285],[-120.84092,35.34278],[-120.84109,35.34294],[-120.84118,35.34222],[-120.84188,35.34254],[-120.84167,35.34319],[-120.84197,35.34257],[-120.8427,35.34278],[-120.84296,35.34366],[-120.84238,35.34359],[-120.84201,35.34384],[-120.84193,35.34364],[-120.84197,35.34392],[-120.84242,35.34363],[-120.84272,35.34371],[-120.84249,35.34382],[-120.84306,35.34366],[-120.84309,35.34405],[-120.84377,35.34426],[-120.84405,35.34461],[-120.84403,35.34489]],[[-120.83148,35.34201],[-120.83152,35.34077],[-120.83266,35.33927],[-120.83156,35.33923],[-120.83101,35.33976],[-120.83049,35.34067],[-120.83049,35.34033],[-120.83006,35.34053],[-120.82976,35.34095],[-120.83002,35.34046],[-120.82991,35.34033],[-120.82989,35.34051],[-120.82931,35.34089],[-120.82987,35.34047],[-120.82991,35.34028],[-120.83004,35.34026],[-120.83006,35.34046],[-120.83036,35.34035],[-120.83122,35.33934],[-120.83092,35.3386],[-120.83019,35.33797],[-120.82937,35.33776],[-120.82901,35.33822],[-120.82957,35.33888],[-120.82952,35.33904],[-120.82856,35.34032],[-120.82747,35.34124],[-120.82719,35.34214],[-120.82749,35.34231],[-120.82843,35.34238],[-120.82903,35.34296],[-120.83002,35.34345],[-120.83098,35.34431],[-120.83182,35.34457],[-120.83191,35.3444],[-120.83156,35.34382],[-120.83208,35.34247],[-120.83156,35.34116],[-120.83158,35.34186],[-120.83143,35.34182],[-120.83156,35.34229],[-120.83148,35.34201]],[[-120.82886,35.33836],[-120.82865,35.33825],[-120.82882,35.3382],[-120.82886,35.33836]],[[-120.84403,35.32785],[-120.84352,35.32761],[-120.84345,35.32777],[-120.84334,35.32764],[-120.84298,35.3277]],[[-120.8486,35.32166],[-120.84759,35.32138],[-120.84493,35.32216],[-120.8442,35.32218],[-120.84388,35.32237],[-120.84315,35.32232],[-120.84394,35.32216],[-120.84321,35.3222],[-120.84154,35.32285],[-120.84199,35.32201],[-120.84216,35.32202],[-120.84234,35.32181],[-120.84193,35.32181],[-120.84169,35.32201],[-120.84167,35.32185],[-120.84139,35.32174],[-120.84165,35.32187],[-120.84167,35.32206],[-120.84191,35.32187],[-120.84221,35.32197],[-120.84197,35.32199],[-120.84139,35.32274]],[[-120.82892,35.3386],[-120.82922,35.33886],[-120.82918,35.33911],[-120.82834,35.34023],[-120.82731,35.34119],[-120.82708,35.34205],[-120.82755,35.34249],[-120.82699,35.34266],[-120.82635,35.34235],[-120.8251,35.34208],[-120.82468,35.34084],[-120.82504,35.33962],[-120.82575,35.33965],[-120.8253,35.34065],[-120.82549,35.34116],[-120.82541,35.3404],[-120.82573,35.33991],[-120.82607,35.34002],[-120.82575,35.33979],[-120.82659,35.33874],[-120.82704,35.33853],[-120.82684,35.33899],[-120.82712,35.33848],[-120.82781,35.33844],[-120.82781,35.33921],[-120.82779,35.33839],[-120.8283,35.33839],[-120.82892,35.3386]],[[-120.82961,35.33503],[-120.82895,35.33626],[-120.82899,35.33711],[-120.8288,35.33727],[-120.82869,35.33715],[-120.82858,35.33724],[-120.8288,35.33732],[-120.82899,35.33718],[-120.82907,35.3365],[-120.82935,35.33627],[-120.82989,35.33626],[-120.83049,35.33578],[-120.83092,35.33587],[-120.83092,35.33606],[-120.83079,35.33629],[-120.8295,35.33706],[-120.82901,35.33766],[-120.82809,35.33809],[-120.82712,35.33776],[-120.82611,35.33762],[-120.82517,35.33724],[-120.82446,35.33729],[-120.82427,35.33676],[-120.82431,35.33571],[-120.82395,35.33522],[-120.82339,35.335]],[[-120.82358,35.33524],[-120.82407,35.33566],[-120.82405,35.33682]],[[-120.81867,35.33396],[-120.81901,35.33405],[-120.81965,35.33372],[-120.82028,35.3337],[-120.82118,35.33461],[-120.82313,35.33521]],[[-120.82285,35.33494],[-120.82137,35.33452],[-120.82019,35.33356],[-120.81974,35.33356],[-120.81886,35.33393],[-120.81817,35.33339],[-120.81839,35.33258]],[[-120.81714,35.33191],[-120.81794,35.33209],[-120.8183,35.33237],[-120.81802,35.33332]]]}},{"type":"Feature","properties":{"ATTRIBUTE":"Natural.Apparent.Marsh Or Swamp","SRC_DATE":"19940301","SRC_CITA":null,"DATA_SOURC":"Aerial Photography","EXT_METH":"Stereo","HOR_ACC":"0.796","DAT_SET_CR":"NOAA"},"geometry":{"type":"MultiLineString","coordinates":[[[-120.73376,35.18317],[-120.73419,35.1833],[-120.73346,35.18323],[-120.73376,35.18317]],[[-120.73309,35.18295],[-120.73284,35.18296],[-120.7335,35.18314],[-120.73309,35.18295]],[[-120.73348,35.18349],[-120.73301,35.18337],[-120.7326,35.18351],[-120.73288,35.18331],[-120.73226,35.18324],[-120.7323,35.1831],[-120.73127,35.1826]],[[-120.73683,35.18037],[-120.73661,35.18082],[-120.73655,35.18053],[-120.73683,35.18037]],[[-120.73412,35.18298],[-120.73503,35.18289],[-120.73569,35.18223]],[[-120.72921,35.18224],[-120.72807,35.18203],[-120.72734,35.1823]]]}},{"type":"Feature","properties":{"ATTRIBUTE":"Natural.Great Lake Or Lake Or Pond","SRC_DATE":"19940301","SRC_CITA":null,"DATA_SOURC":"Aerial Photography","EXT_METH":"Stereo","HOR_ACC":"0.796","DAT_SET_CR":"NOAA"},"geometry":{"type":"MultiLineString","coordinates":[[[-120.63591,35.14005],[-120.63555,35.14023],[-120.63574,35.14005]],[[-120.63714,35.13797],[-120.6366,35.13863],[-120.63649,35.1392]]]}},{"type":"Feature","properties":{"ATTRIBUTE":"Natural.Great Lake Or Lake Or Pond","SRC_DATE":"20100823","SRC_CITA":"USDA-FSA Aerial Photography Field Office","DATA_SOURC":"Aerial Photography","EXT_METH":"Mono","HOR_ACC":"9","DAT_SET_CR":"NOAA"},"geometry":{"type":"MultiLineString","coordinates":[[[-120.63928,35.13462],[-120.63829,35.13298],[-120.63821,35.13254],[-120.63855,35.13211],[-120.63859,35.13139],[-120.63883,35.13149],[-120.63932,35.13142],[-120.63902,35.13156],[-120.639,35.13207],[-120.63866,35.13228],[-120.63911,35.13316],[-120.63892,35.13323],[-120.63896,35.13347],[-120.63928,35.13342],[-120.63962,35.134],[-120.63999,35.13425],[-120.6401,35.13507],[-120.63984,35.13593]]]}},{"type":"Feature","properties":{"ATTRIBUTE":"Natural.Mean High Water","SRC_DATE":"19940228","SRC_CITA":null,"DATA_SOURC":"Aerial Photography","EXT_METH":"Stereo","HOR_ACC":"0.796","DAT_SET_CR":"NOAA"},"geometry":{"type":"MultiLineString","coordinates":[[[-120.93447,35.44781],[-120.9342,35.44816],[-120.9343,35.44849],[-120.93379,35.44899],[-120.93359,35.44945],[-120.93374,35.44884],[-120.93424,35.44847],[-120.93409,35.44812],[-120.93428,35.44784]],[[-120.90763,35.44966],[-120.90772,35.4509],[-120.9069,35.45179],[-120.90667,35.45242],[-120.9069,35.45169],[-120.90759,35.45086],[-120.90724,35.44985]],[[-120.8606,35.37227],[-120.85899,35.37168]],[[-120.85954,35.36746],[-120.85929,35.36683],[-120.85888,35.36646],[-120.85789,35.36613],[-120.85753,35.36582],[-120.85697,35.36578],[-120.85746,35.36498],[-120.85742,35.3644],[-120.85714,35.36405],[-120.85723,35.36375],[-120.85656,35.36288],[-120.85641,35.36197],[-120.85607,35.36156],[-120.85551,35.36146],[-120.85519,35.36104]],[[-120.85871,35.35703],[-120.85864,35.35528],[-120.85888,35.35456],[-120.85851,35.35351],[-120.85873,35.35299],[-120.85843,35.35218],[-120.85776,35.35129],[-120.85781,35.35064],[-120.85841,35.35057],[-120.85856,35.35077],[-120.85849,35.34996],[-120.85718,35.34874],[-120.85611,35.34692],[-120.85618,35.34644],[-120.85665,35.34611],[-120.8566,35.3458],[-120.8574,35.34487],[-120.85761,35.3442],[-120.85809,35.34375],[-120.85789,35.34271],[-120.85802,35.34252],[-120.85847,35.34243],[-120.85851,35.3418],[-120.85909,35.34107],[-120.85824,35.33923],[-120.85815,35.33885],[-120.85834,35.33804],[-120.85793,35.33724],[-120.85783,35.33605],[-120.8574,35.33533],[-120.85761,35.33515],[-120.85942,35.33473],[-120.85965,35.33444],[-120.85944,35.33351],[-120.8595,35.33307],[-120.85922,35.33223],[-120.85931,35.33163],[-120.86034,35.33011],[-120.86027,35.32966],[-120.85952,35.32854],[-120.85976,35.32812],[-120.86055,35.32761],[-120.86025,35.32668],[-120.86023,35.32545],[-120.86068,35.32475],[-120.86184,35.32419],[-120.86261,35.32342],[-120.86214,35.32276],[-120.86214,35.32136],[-120.86293,35.32033],[-120.86293,35.31968],[-120.86321,35.31913],[-120.86362,35.31912],[-120.86375,35.31885],[-120.86377,35.31845],[-120.86358,35.3181],[-120.86373,35.31754],[-120.86426,35.31702],[-120.86502,35.31689],[-120.86542,35.31705],[-120.8654,35.31691],[-120.86529,35.31705],[-120.86502,35.31689],[-120.86426,35.31702],[-120.8639,35.3173],[-120.86358,35.3181],[-120.86375,35.31877]],[[-120.84875,35.3201],[-120.84952,35.3205],[-120.85064,35.32057],[-120.85111,35.32089],[-120.851,35.32127],[-120.85055,35.32157],[-120.851,35.32127],[-120.85105,35.32082],[-120.85064,35.32057],[-120.84952,35.3205],[-120.84875,35.3201]],[[-120.8504,35.3195],[-120.85021,35.31954],[-120.85015,35.32012],[-120.84961,35.3201],[-120.84937,35.31992],[-120.84929,35.31948],[-120.84948,35.32006],[-120.85015,35.32012],[-120.85021,35.31954],[-120.8504,35.3195]],[[-120.85362,35.31824],[-120.8527,35.31894],[-120.85253,35.31964],[-120.85201,35.32019],[-120.85169,35.32027],[-120.85163,35.31998],[-120.85118,35.32026],[-120.85075,35.32027],[-120.85055,35.32022],[-120.8506,35.31982],[-120.85055,35.32022],[-120.85118,35.32026],[-120.85133,35.32008]],[[-120.84987,35.32183],[-120.84935,35.32194],[-120.84877,35.32169],[-120.84935,35.32194],[-120.84987,35.32183]],[[-120.84856,35.31901],[-120.84854,35.31884],[-120.84839,35.31884],[-120.84828,35.31917],[-120.84869,35.31971],[-120.84828,35.31917],[-120.84839,35.31884],[-120.84854,35.31884],[-120.84856,35.31901]],[[-120.8627,35.31597],[-120.85995,35.31731],[-120.85615,35.31835],[-120.85995,35.31731],[-120.86212,35.31618],[-120.86356,35.31574]],[[-120.85362,35.31824],[-120.85291,35.31877]],[[-120.86605,35.31509],[-120.86609,35.31434],[-120.86669,35.31374],[-120.8669,35.31336],[-120.86675,35.31315]],[[-120.84727,35.35596],[-120.84585,35.35427],[-120.84543,35.35351],[-120.84536,35.35299]],[[-120.84521,35.35241],[-120.84562,35.35175],[-120.84551,35.35152],[-120.84489,35.35122],[-120.84386,35.35021],[-120.84347,35.34938],[-120.84349,35.34863],[-120.84388,35.34758],[-120.84431,35.34737],[-120.84433,35.34711],[-120.84461,35.34692],[-120.84463,35.34672],[-120.84416,35.34644]],[[-120.83976,35.34527],[-120.84004,35.34454],[-120.84019,35.3445],[-120.84257,35.34506],[-120.84304,35.34534],[-120.8439,35.34531],[-120.84403,35.34489]],[[-120.84049,35.33263],[-120.84156,35.33268],[-120.84221,35.33253],[-120.84296,35.33204],[-120.84371,35.33121],[-120.84418,35.33036],[-120.84472,35.32878],[-120.84459,35.32834],[-120.84409,35.32808],[-120.84403,35.32785]],[[-120.84298,35.3277],[-120.84152,35.32698]],[[-120.84139,35.32274],[-120.84081,35.32348],[-120.84032,35.32447],[-120.84034,35.32595],[-120.84088,35.32665]],[[-120.8401,35.3326],[-120.83957,35.33249],[-120.83699,35.33111],[-120.83534,35.331],[-120.835,35.33116],[-120.83382,35.33127],[-120.83337,35.33163],[-120.83307,35.33165],[-120.83277,35.33211],[-120.83227,35.33235],[-120.83197,35.33281],[-120.83083,35.33367],[-120.82961,35.33503]],[[-120.82405,35.33682],[-120.82425,35.33732]],[[-120.82313,35.33521],[-120.82358,35.33524]],[[-120.82339,35.335],[-120.82285,35.33494]],[[-120.81802,35.33332],[-120.81867,35.33396]],[[-120.81839,35.33258],[-120.81841,35.33232],[-120.81809,35.33205],[-120.8168,35.33155],[-120.81667,35.33109],[-120.81695,35.33086],[-120.81669,35.33053],[-120.81577,35.33039],[-120.81448,35.33072],[-120.81609,35.33044],[-120.81665,35.33057],[-120.81684,35.3309],[-120.81659,35.33102],[-120.81665,35.33148],[-120.81714,35.33191]]]}},{"type":"Feature","properties":{"ATTRIBUTE":"Natural.Mean High Water","SRC_DATE":"19940301","SRC_CITA":null,"DATA_SOURC":"Aerial Photography","EXT_METH":"Stereo","HOR_ACC":"0.796","DAT_SET_CR":"NOAA"},"geometry":{"type":"MultiLineString","coordinates":[[[-120.73822,35.17918],[-120.73839,35.17946],[-120.73979,35.18051],[-120.73942,35.18124],[-120.7393,35.18107],[-120.73784,35.18102],[-120.73505,35.18333],[-120.73348,35.18349]],[[-120.73569,35.18223],[-120.73646,35.18117],[-120.73651,35.18058]],[[-120.73176,35.18238],[-120.73412,35.18298]],[[-120.73127,35.1826],[-120.7305,35.18233],[-120.72921,35.18224]],[[-120.72734,35.1823],[-120.72629,35.18302],[-120.72539,35.18437],[-120.72533,35.18535],[-120.72608,35.18666],[-120.72614,35.187],[-120.72593,35.18733],[-120.72603,35.18763],[-120.72475,35.18873],[-120.72387,35.18908],[-120.72303,35.18912],[-120.72146,35.18872],[-120.72348,35.18898],[-120.72466,35.18859],[-120.72543,35.18796],[-120.72554,35.18745],[-120.72571,35.18744],[-120.72584,35.18715],[-120.72584,35.18679],[-120.72578,35.18644],[-120.72518,35.18563],[-120.72503,35.18444],[-120.72586,35.18303],[-120.72685,35.18207],[-120.72734,35.18184],[-120.73024,35.18184]]]}},{"type":"Feature","properties":{"ATTRIBUTE":"Natural.Mean High Water","SRC_DATE":"20100509","SRC_CITA":"JALBTCX","DATA_SOURC":"Lidar","EXT_METH":"Derived","HOR_ACC":"4.31","DAT_SET_CR":"NOAA"},"geometry":{"type":"MultiLineString","coordinates":[[[-121.33408,35.78384],[-121.33406,35.78395],[-121.33408,35.78384]],[[-121.33144,35.77803],[-121.33166,35.7782],[-121.33144,35.77803]],[[-121.33103,35.77789],[-121.33118,35.77805],[-121.33103,35.77789]],[[-121.33215,35.77714],[-121.33224,35.77747],[-121.33239,35.77731],[-121.33215,35.77714]],[[-121.32754,35.77401],[-121.32766,35.77409],[-121.32754,35.77401]],[[-121.32743,35.77394],[-121.32743,35.77404],[-121.32743,35.77394]],[[-121.32736,35.77375],[-121.32734,35.77392],[-121.32736,35.77375]],[[-121.32878,35.7598],[-121.32857,35.75999],[-121.32882,35.76003],[-121.32878,35.7598]],[[-121.32797,35.75994],[-121.32816,35.76018],[-121.32797,35.75994]],[[-121.32951,35.75966],[-121.32951,35.7598],[-121.32951,35.75966]],[[-121.32745,35.75973],[-121.32766,35.75992],[-121.32745,35.75973]],[[-121.32751,35.75949],[-121.32756,35.75959],[-121.32751,35.75949]],[[-121.32254,35.75684],[-121.32254,35.75694],[-121.32254,35.75684]],[[-121.32234,35.75163],[-121.32219,35.75172],[-121.32245,35.75177],[-121.32252,35.75165],[-121.32234,35.75163]],[[-121.32213,35.75151],[-121.32213,35.75167],[-121.32213,35.75151]],[[-121.32209,35.75137],[-121.32239,35.75148],[-121.32209,35.75137]],[[-121.32133,35.75682],[-121.32142,35.75693],[-121.32133,35.75682]],[[-121.32084,35.75656],[-121.32088,35.75666],[-121.32084,35.75656]],[[-121.32084,35.75616],[-121.32093,35.75626],[-121.32084,35.75616]],[[-121.32071,35.75614],[-121.3205,35.75635],[-121.32073,35.75635],[-121.32071,35.75614]],[[-121.32052,35.75553],[-121.3205,35.75565],[-121.32052,35.75553]],[[-121.3187,35.75614],[-121.31857,35.75621],[-121.3187,35.75614]],[[-121.32149,35.75161],[-121.32146,35.75172],[-121.3217,35.75168],[-121.32149,35.75161]],[[-121.32168,35.75135],[-121.32159,35.75151],[-121.32187,35.75142],[-121.32168,35.75135]],[[-121.32112,35.75163],[-121.32112,35.75174],[-121.32129,35.75167],[-121.32112,35.75163]],[[-121.32009,35.75153],[-121.32024,35.75167],[-121.32009,35.75153]],[[-121.3205,35.75144],[-121.3203,35.75155],[-121.32048,35.75156],[-121.3205,35.75144]],[[-121.31977,35.75163],[-121.32003,35.75177],[-121.31977,35.75163]],[[-121.31837,35.75461],[-121.31846,35.75475],[-121.31837,35.75461]],[[-121.31816,35.75431],[-121.31829,35.75437],[-121.31816,35.75431]],[[-121.31803,35.75226],[-121.31797,35.75235],[-121.31803,35.75226]],[[-121.32095,35.7485],[-121.32106,35.74855],[-121.32095,35.7485]],[[-121.32061,35.74811],[-121.32071,35.74818],[-121.32061,35.74811]],[[-121.31867,35.74869],[-121.31848,35.74883],[-121.31857,35.74895],[-121.31867,35.74869]],[[-121.31794,35.74928],[-121.31794,35.74951],[-121.31818,35.74954],[-121.31794,35.74928]],[[-121.31799,35.74883],[-121.31801,35.74904],[-121.31822,35.74904],[-121.31799,35.74883]],[[-121.3179,35.7486],[-121.31775,35.74869],[-121.3179,35.7486]],[[-121.31704,35.74759],[-121.31713,35.74771],[-121.31704,35.74759]],[[-121.31618,35.74672],[-121.31627,35.74688],[-121.31618,35.74672]],[[-121.32129,35.74608],[-121.32127,35.74636],[-121.32129,35.74608]],[[-121.32121,35.74602],[-121.3211,35.74609],[-121.32121,35.74602]],[[-121.3205,35.74609],[-121.32041,35.74637],[-121.32058,35.74625],[-121.3205,35.74609],[-121.32039,35.74634],[-121.32058,35.74625],[-121.3205,35.74609]],[[-121.31962,35.74592],[-121.31964,35.74608],[-121.31962,35.74592]],[[-121.31988,35.74578],[-121.31975,35.74595],[-121.31988,35.74578]],[[-121.31955,35.74542],[-121.3194,35.74566],[-121.31964,35.74583],[-121.31955,35.74542],[-121.3194,35.74566],[-121.31964,35.74583],[-121.31955,35.74542]],[[-121.31878,35.74599],[-121.31889,35.74602],[-121.31878,35.74599]],[[-121.31842,35.74576],[-121.31848,35.74585],[-121.31842,35.74576]],[[-121.3182,35.74573],[-121.31827,35.74585],[-121.3182,35.74573]],[[-121.33773,35.78675],[-121.33756,35.78671],[-121.33766,35.78657],[-121.33674,35.78624],[-121.3359,35.78539],[-121.3359,35.78516],[-121.33582,35.7853],[-121.33535,35.78511],[-121.33511,35.78471],[-121.33417,35.78417],[-121.33361,35.78334],[-121.33241,35.78285],[-121.33202,35.78248],[-121.33191,35.78182],[-121.33209,35.78156],[-121.33288,35.78134],[-121.33303,35.78113],[-121.33333,35.78113],[-121.33324,35.7809],[-121.33288,35.78081],[-121.33273,35.78038],[-121.33228,35.77991],[-121.33256,35.77965],[-121.33221,35.7793],[-121.33148,35.77932],[-121.33129,35.77944],[-121.33069,35.77911],[-121.33078,35.77876],[-121.33106,35.77874],[-121.33088,35.77862],[-121.33106,35.77852],[-121.3309,35.77784],[-121.33039,35.77766],[-121.33045,35.77747],[-121.33018,35.77721],[-121.32966,35.777],[-121.3293,35.77611],[-121.32818,35.77503],[-121.32797,35.77449],[-121.32676,35.77338],[-121.32636,35.77268],[-121.32642,35.77242],[-121.32614,35.77228],[-121.32567,35.77152],[-121.3256,35.77105],[-121.32584,35.77092],[-121.32576,35.77061],[-121.32526,35.77011],[-121.32511,35.76762],[-121.32473,35.76615],[-121.32485,35.7641],[-121.32464,35.76292],[-121.32473,35.76271],[-121.32496,35.76276],[-121.3247,35.76262],[-121.32477,35.7622],[-121.325,35.76206],[-121.32498,35.76173],[-121.32573,35.76004],[-121.32633,35.75964],[-121.32689,35.75996],[-121.32728,35.7598],[-121.32719,35.75949],[-121.32591,35.75865],[-121.32578,35.75827],[-121.32588,35.75814],[-121.32541,35.75761],[-121.32586,35.75726],[-121.32554,35.7574],[-121.32528,35.75722],[-121.32475,35.7575],[-121.32451,35.75698],[-121.32438,35.75715],[-121.32376,35.75715],[-121.32224,35.75771],[-121.32168,35.75764],[-121.32048,35.75698],[-121.31996,35.75647],[-121.31964,35.75673],[-121.31953,35.75658],[-121.31927,35.75666],[-121.31842,35.75628],[-121.31724,35.75518],[-121.31687,35.75464],[-121.31649,35.75215],[-121.31593,35.75085],[-121.31584,35.74996],[-121.31638,35.74851],[-121.31685,35.74836],[-121.31758,35.7486],[-121.31773,35.74832],[-121.31737,35.74792],[-121.31676,35.74817],[-121.31659,35.7481],[-121.31638,35.74763],[-121.31657,35.74742],[-121.31629,35.7473],[-121.31634,35.74716],[-121.31603,35.74716],[-121.31588,35.747],[-121.31636,35.74602],[-121.31702,35.74547],[-121.31782,35.74547],[-121.31842,35.74573],[-121.31887,35.74543],[-121.31859,35.74512]],[[-121.31945,35.74385],[-121.31949,35.74393],[-121.31945,35.74385]],[[-121.31878,35.74346],[-121.31874,35.74362],[-121.31893,35.74374],[-121.31878,35.74346]],[[-121.31842,35.74306],[-121.31848,35.74315],[-121.31842,35.74306]],[[-121.31719,35.74144],[-121.31732,35.74148],[-121.31719,35.74144]],[[-121.31904,35.73596],[-121.3188,35.7362],[-121.31904,35.73622],[-121.31904,35.73596]],[[-121.31842,35.73577],[-121.31848,35.73589],[-121.31842,35.73577]],[[-121.3167,35.73714],[-121.31676,35.73723],[-121.3167,35.73714]],[[-121.31683,35.73704],[-121.31689,35.73712],[-121.31683,35.73704]],[[-121.31659,35.73702],[-121.31655,35.73711],[-121.31659,35.73702]],[[-121.31668,35.73491],[-121.31657,35.73502],[-121.31679,35.73497],[-121.31668,35.73491]],[[-121.3179,35.72927],[-121.31792,35.72939],[-121.31816,35.72937],[-121.3179,35.72927]],[[-121.31784,35.72969],[-121.31779,35.72977],[-121.31784,35.72969]],[[-121.31634,35.73725],[-121.31644,35.73728],[-121.31634,35.73725]],[[-121.31878,35.72847],[-121.31878,35.72857],[-121.31878,35.72847]],[[-121.31863,35.7285],[-121.3187,35.72859],[-121.31863,35.7285]],[[-121.3187,35.72814],[-121.3188,35.72824],[-121.3187,35.72814]],[[-121.31893,35.728],[-121.31882,35.72815],[-121.31897,35.72821],[-121.31893,35.728]],[[-121.31861,35.72796],[-121.31863,35.72807],[-121.31861,35.72796]],[[-121.31842,35.72772],[-121.31855,35.72781],[-121.31842,35.72772]],[[-121.31797,35.7268],[-121.31805,35.72687],[-121.31797,35.7268]],[[-121.31612,35.72399],[-121.31603,35.72406],[-121.31612,35.72399]],[[-121.31483,35.72277],[-121.31494,35.72288],[-121.31483,35.72277]],[[-121.31443,35.72275],[-121.3146,35.72284],[-121.31443,35.72275]],[[-121.31419,35.72234],[-121.31434,35.72237],[-121.31419,35.72234]],[[-121.31436,35.72101],[-121.31428,35.72112],[-121.31436,35.72101]],[[-121.31404,35.7211],[-121.31417,35.72126],[-121.31404,35.7211]],[[-121.3167,35.71349],[-121.31683,35.71354],[-121.3167,35.71349]],[[-121.31664,35.7131],[-121.31644,35.71321],[-121.31655,35.71342],[-121.31664,35.7131]],[[-121.31284,35.71164],[-121.31292,35.71171],[-121.31284,35.71164]],[[-121.31297,35.71155],[-121.31301,35.71169],[-121.31297,35.71155]],[[-121.31288,35.70671],[-121.31297,35.70704],[-121.31269,35.70734],[-121.31297,35.70751],[-121.31318,35.70737],[-121.31316,35.70713],[-121.3135,35.70723],[-121.31359,35.70681],[-121.3132,35.70687],[-121.31288,35.70671]],[[-121.30737,35.70457],[-121.30764,35.70453],[-121.30737,35.70457]],[[-121.30715,35.70457],[-121.30739,35.70448],[-121.30715,35.70457]],[[-121.30561,35.70328],[-121.30574,35.70331],[-121.30561,35.70328]],[[-121.30509,35.70312],[-121.30496,35.70322],[-121.30509,35.70312]],[[-121.3049,35.70277],[-121.30507,35.70289],[-121.3049,35.70277]],[[-121.30464,35.70253],[-121.30473,35.70263],[-121.30464,35.70253]],[[-121.30187,35.70031],[-121.30198,35.70042],[-121.30187,35.70031]],[[-121.30052,35.69953],[-121.30041,35.69969],[-121.30052,35.69953]],[[-121.29192,35.69303],[-121.29207,35.69306],[-121.29192,35.69303]],[[-121.29125,35.69245],[-121.2914,35.69254],[-121.29125,35.69245]],[[-121.28923,35.68878],[-121.2893,35.68886],[-121.28923,35.68878]],[[-121.28949,35.68592],[-121.28953,35.68601],[-121.28949,35.68592]],[[-121.28756,35.68215],[-121.28769,35.68221],[-121.28756,35.68215]],[[-121.28775,35.68181],[-121.28788,35.68188],[-121.28775,35.68181]],[[-121.28786,35.67682],[-121.28769,35.67694],[-121.28799,35.67687],[-121.28769,35.67694],[-121.28799,35.67687],[-121.28786,35.67682]],[[-121.28818,35.67588],[-121.28799,35.676],[-121.28818,35.67588]],[[-121.31646,35.74791],[-121.3164,35.74757],[-121.31657,35.74742],[-121.31629,35.7473],[-121.31634,35.74716],[-121.31603,35.74716],[-121.31588,35.747],[-121.31636,35.74602],[-121.31702,35.74547],[-121.31782,35.74547],[-121.31842,35.74573],[-121.31887,35.74543],[-121.31842,35.74498],[-121.31786,35.74477],[-121.31794,35.7443],[-121.31824,35.74418],[-121.31846,35.74428],[-121.31859,35.74364],[-121.3185,35.74346],[-121.31788,35.74324],[-121.31732,35.74252],[-121.31704,35.74054],[-121.31638,35.73946],[-121.31578,35.73901],[-121.31563,35.73833],[-121.31576,35.73766],[-121.31593,35.7373],[-121.31612,35.73719],[-121.31627,35.73728],[-121.31657,35.73601],[-121.31696,35.73596],[-121.3167,35.73559],[-121.317,35.73537],[-121.3164,35.73509],[-121.31653,35.73484],[-121.31591,35.73484],[-121.31569,35.73453],[-121.31576,35.73399],[-121.31535,35.73364],[-121.3155,35.73235],[-121.31516,35.73141],[-121.31537,35.73092],[-121.31614,35.73056],[-121.31679,35.73044],[-121.31668,35.73023],[-121.31681,35.72998],[-121.31752,35.7292],[-121.31771,35.72911],[-121.31822,35.72923],[-121.31874,35.72882],[-121.3185,35.72824],[-121.31827,35.72807],[-121.31827,35.72775],[-121.31788,35.72742],[-121.31792,35.72634],[-121.31743,35.72626],[-121.31679,35.72551],[-121.31679,35.725],[-121.31721,35.72481],[-121.3167,35.72474],[-121.31621,35.72429],[-121.31618,35.72408],[-121.31599,35.72413],[-121.31552,35.7239],[-121.31494,35.7242],[-121.3143,35.72373],[-121.31406,35.72333],[-121.314,35.72272],[-121.31404,35.72253],[-121.31425,35.72248],[-121.31382,35.72223],[-121.3141,35.72206],[-121.31378,35.72197],[-121.31395,35.72183],[-121.31387,35.72169],[-121.3134,35.72167],[-121.31305,35.72028],[-121.31342,35.71924],[-121.3138,35.71911],[-121.31346,35.71906],[-121.31325,35.71826],[-121.31408,35.71647],[-121.31629,35.71392],[-121.31689,35.71373],[-121.31606,35.71328],[-121.31569,35.71359],[-121.31498,35.71359],[-121.31425,35.71324],[-121.31357,35.71248],[-121.31325,35.71253],[-121.3129,35.71234],[-121.31211,35.71127],[-121.31194,35.71021],[-121.30981,35.70911],[-121.30825,35.70784],[-121.30767,35.70685],[-121.30752,35.70606],[-121.30767,35.70582],[-121.30696,35.70531],[-121.30694,35.7049],[-121.30713,35.7047],[-121.30694,35.70443],[-121.30606,35.70392],[-121.30571,35.70392],[-121.30505,35.70347],[-121.30464,35.70268],[-121.30372,35.70213],[-121.30365,35.70186],[-121.3034,35.70188],[-121.30344,35.70171],[-121.30192,35.70061],[-121.30179,35.7003],[-121.30144,35.7004],[-121.30108,35.70002],[-121.30091,35.70007],[-121.30011,35.69976],[-121.29945,35.69908],[-121.29919,35.69918],[-121.29825,35.69834],[-121.29771,35.69826],[-121.29747,35.69777],[-121.29735,35.69784],[-121.29681,35.69751],[-121.29659,35.69766],[-121.29601,35.69761],[-121.29451,35.69641],[-121.29402,35.69516],[-121.29308,35.69451],[-121.29187,35.69315],[-121.29144,35.69296],[-121.2908,35.69235],[-121.29007,35.69148],[-121.28953,35.69049],[-121.28913,35.6892],[-121.28906,35.68806],[-121.28958,35.68721],[-121.28958,35.68693],[-121.28986,35.68677],[-121.28906,35.68548],[-121.28855,35.68545],[-121.28816,35.68517],[-121.28771,35.68426],[-121.28747,35.68294],[-121.28769,35.68184],[-121.28735,35.68151]],[[-121.28735,35.67686],[-121.28735,35.67675],[-121.28765,35.67672],[-121.28756,35.67652],[-121.28788,35.67656],[-121.28735,35.67647],[-121.28788,35.67654],[-121.28696,35.67644],[-121.28717,35.67637],[-121.28715,35.67619],[-121.28739,35.6763],[-121.28793,35.67614],[-121.28762,35.67604],[-121.28793,35.67604],[-121.28778,35.67598],[-121.28786,35.67586],[-121.2876,35.6759],[-121.28775,35.67572],[-121.28737,35.67581],[-121.28726,35.67546],[-121.28711,35.67576],[-121.287,35.6756],[-121.28655,35.67567],[-121.28664,35.67534],[-121.28649,35.67534],[-121.28649,35.67555],[-121.28634,35.67536],[-121.28621,35.67546],[-121.28574,35.67515],[-121.28544,35.67469],[-121.28492,35.67255],[-121.28501,35.67152],[-121.28548,35.67103],[-121.28492,35.67072],[-121.28526,35.67053],[-121.28559,35.67056],[-121.28533,35.67048],[-121.28548,35.67027],[-121.28507,35.67025],[-121.28514,35.66981],[-121.28496,35.66931],[-121.28503,35.66844],[-121.2852,35.66816],[-121.28507,35.66776],[-121.28531,35.66755],[-121.28503,35.66739],[-121.28539,35.66727],[-121.28516,35.66722],[-121.28526,35.66641],[-121.28561,35.66636],[-121.28544,35.66605],[-121.28597,35.66566],[-121.28638,35.6658],[-121.28687,35.66561],[-121.28707,35.66512],[-121.28724,35.66505],[-121.28677,35.66516],[-121.28677,35.665],[-121.28644,35.66497],[-121.28552,35.66444],[-121.28514,35.66444],[-121.28432,35.66394],[-121.28381,35.6643],[-121.28378,35.66403],[-121.2835,35.66413],[-121.2832,35.66401],[-121.28314,35.66417],[-121.28368,35.66422],[-121.28327,35.66476],[-121.28288,35.66483],[-121.28305,35.66514],[-121.28286,35.66518],[-121.28295,35.6653],[-121.28275,35.66559],[-121.28224,35.66573],[-121.2828,35.66627],[-121.28241,35.6665],[-121.28211,35.66647],[-121.28168,35.66701],[-121.28044,35.66716],[-121.27743,35.66673],[-121.27617,35.6661],[-121.27604,35.66568],[-121.27535,35.66547],[-121.27484,35.66559],[-121.27488,35.66575],[-121.27462,35.66577],[-121.27451,35.66563],[-121.27434,35.66579],[-121.27404,35.66573],[-121.27351,35.66622],[-121.27344,35.66603],[-121.27329,35.66627],[-121.27297,35.66622],[-121.27241,35.66664],[-121.27194,35.66673],[-121.27108,35.66662],[-121.2699,35.66589],[-121.26934,35.66514],[-121.26943,35.66491],[-121.26917,35.66474],[-121.26889,35.66479],[-121.26876,35.66462],[-121.26861,35.66471],[-121.26859,35.6645],[-121.26842,35.66462],[-121.26838,35.66434],[-121.26806,35.66418],[-121.26784,35.66432],[-121.26767,35.66425],[-121.26778,35.66399],[-121.26754,35.66392],[-121.26765,35.66364],[-121.26739,35.66359],[-121.26715,35.66387],[-121.2672,35.66406],[-121.26668,35.66439],[-121.2663,35.66443],[-121.26563,35.66347],[-121.26593,35.66312],[-121.26542,35.66329],[-121.26537,35.66314],[-121.26484,35.66307],[-121.26436,35.66277],[-121.26413,35.66286],[-121.26391,35.66342],[-121.26361,35.66349],[-121.26336,35.66378],[-121.26286,35.66373],[-121.26267,35.66418],[-121.26222,35.66418],[-121.26213,35.66403],[-121.26192,35.66423],[-121.26149,35.66415],[-121.26108,35.66432],[-121.26082,35.6642],[-121.26067,35.66429],[-121.25928,35.66371],[-121.25853,35.66293],[-121.25731,35.66267],[-121.25578,35.66192],[-121.25497,35.66106],[-121.25389,35.6589],[-121.25211,35.65876],[-121.25213,35.65838],[-121.25194,35.65841],[-121.25183,35.65784],[-121.25196,35.6573],[-121.25151,35.65714],[-121.25098,35.65737],[-121.25055,35.65723],[-121.25044,35.65696],[-121.2507,35.65644],[-121.25029,35.65623],[-121.25003,35.65561],[-121.24881,35.65574],[-121.24855,35.6555],[-121.24866,35.65529],[-121.24834,35.65503],[-121.24834,35.65531],[-121.24812,35.65543],[-121.24763,35.65533],[-121.24707,35.65557],[-121.24602,35.65561],[-121.24518,35.6547],[-121.24338,35.65374],[-121.24213,35.65255],[-121.24044,35.65257],[-121.24001,35.6524],[-121.23975,35.65208],[-121.23935,35.65198],[-121.23887,35.65226],[-121.23904,35.65266],[-121.2384,35.65295],[-121.23834,35.65318],[-121.23718,35.65332],[-121.23555,35.65306],[-121.23492,35.65271],[-121.234,35.65248],[-121.23374,35.65231],[-121.23385,35.6521],[-121.23362,35.65212],[-121.23355,35.65186],[-121.23323,35.65179],[-121.23233,35.65193],[-121.23194,35.65177],[-121.23164,35.65187],[-121.23108,35.6518],[-121.23102,35.6517],[-121.23083,35.65189],[-121.23053,35.65189],[-121.2301,35.65179],[-121.23001,35.65159],[-121.2296,35.65186],[-121.22917,35.65186],[-121.2292,35.65175],[-121.22844,35.652],[-121.22662,35.65175],[-121.22512,35.65215],[-121.2242,35.65224],[-121.22164,35.65179],[-121.22076,35.65137],[-121.21956,35.65046],[-121.21879,35.65051],[-121.21774,35.6502],[-121.2137,35.64793],[-121.21248,35.64676],[-121.21151,35.6461],[-121.21001,35.64459],[-121.21003,35.6441],[-121.20971,35.64317],[-121.20928,35.64291],[-121.20956,35.64289],[-121.20918,35.64281],[-121.20911,35.64241],[-121.2089,35.64227],[-121.209,35.64206],[-121.20881,35.64202],[-121.20896,35.64195],[-121.2086,35.64192],[-121.20853,35.64174],[-121.20806,35.64159],[-121.20802,35.64178],[-121.20776,35.6419],[-121.2072,35.64181],[-121.20667,35.64152],[-121.20658,35.64117],[-121.20628,35.64129],[-121.20576,35.64115],[-121.20538,35.64157],[-121.20439,35.64187],[-121.20377,35.64192],[-121.2025,35.64166],[-121.20173,35.64117],[-121.20136,35.6411],[-121.20149,35.64096],[-121.20096,35.63998],[-121.20098,35.63975],[-121.20117,35.63974],[-121.20115,35.63946],[-121.20091,35.63939],[-121.20106,35.63916],[-121.19986,35.63897],[-121.19952,35.63864],[-121.19973,35.63838],[-121.19946,35.63803]],[[-121.28735,35.6763],[-121.28793,35.67614],[-121.28762,35.67604],[-121.28793,35.67604],[-121.28778,35.67598],[-121.28786,35.67586],[-121.2876,35.6759],[-121.28775,35.67572],[-121.28737,35.67581],[-121.28775,35.67572],[-121.2876,35.6759],[-121.28786,35.67586],[-121.28778,35.67598],[-121.28793,35.67604],[-121.28762,35.67604],[-121.28793,35.67614],[-121.28735,35.6763]],[[-121.28898,35.6638],[-121.28887,35.6641],[-121.28863,35.66413],[-121.28859,35.66453],[-121.28818,35.66491],[-121.28844,35.66512],[-121.28906,35.66509],[-121.28951,35.6649],[-121.28958,35.66453],[-121.28928,35.66411],[-121.28934,35.66392],[-121.28898,35.6638],[-121.2882,35.66497],[-121.28844,35.66512],[-121.28906,35.66509],[-121.28951,35.6649],[-121.28958,35.66453],[-121.28928,35.66411],[-121.28934,35.66392],[-121.28898,35.6638]],[[-121.28814,35.66368],[-121.28784,35.66401],[-121.28812,35.66394],[-121.28814,35.66368],[-121.2878,35.66397],[-121.28812,35.66394],[-121.28814,35.66368]],[[-121.28711,35.67536],[-121.28698,35.67543],[-121.28709,35.67553],[-121.28711,35.67536],[-121.28698,35.67543],[-121.28713,35.67551],[-121.28711,35.67536]],[[-121.29078,35.69235],[-121.28977,35.69097],[-121.28915,35.68933],[-121.28906,35.68806],[-121.28958,35.68721],[-121.28958,35.68693],[-121.28986,35.68677],[-121.28906,35.68548],[-121.28855,35.68545],[-121.28816,35.68517],[-121.28771,35.68426],[-121.28747,35.68294],[-121.28769,35.68184],[-121.28724,35.6814],[-121.28696,35.68062],[-121.28705,35.67978],[-121.28672,35.67771],[-121.28711,35.67736],[-121.28692,35.67715],[-121.28698,35.67701],[-121.28722,35.6771],[-121.28735,35.67675],[-121.28765,35.67672],[-121.28756,35.67652],[-121.28788,35.67656],[-121.28696,35.67645],[-121.28717,35.67637],[-121.28715,35.67619],[-121.28739,35.6763],[-121.28793,35.67614],[-121.28762,35.67604],[-121.28793,35.67604],[-121.28778,35.67598],[-121.28788,35.67588],[-121.2876,35.6759],[-121.28771,35.67571],[-121.28737,35.67581],[-121.28726,35.67546],[-121.28711,35.67576],[-121.287,35.6756],[-121.28655,35.67567],[-121.28664,35.67534],[-121.28649,35.67534],[-121.28649,35.67555],[-121.28634,35.67536],[-121.28621,35.67546],[-121.28589,35.67529],[-121.28544,35.67469],[-121.28524,35.67375]],[[-121.28556,35.66969],[-121.28522,35.66997],[-121.28556,35.66969]],[[-121.28713,35.66483],[-121.28702,35.66491],[-121.28713,35.66483]],[[-121.28552,35.66408],[-121.28561,35.66437],[-121.28599,35.6645],[-121.28552,35.66408]],[[-121.28479,35.66392],[-121.28481,35.66417],[-121.28516,35.66425],[-121.28479,35.66392]],[[-121.28462,35.66382],[-121.28451,35.66399],[-121.28462,35.66382]],[[-121.28359,35.66385],[-121.28378,35.66392],[-121.28359,35.66385]],[[-121.28271,35.6649],[-121.28284,35.66498],[-121.28271,35.6649]],[[-121.27614,35.6657],[-121.27614,35.66586],[-121.27614,35.6657]],[[-121.27391,35.66558],[-121.27381,35.66568],[-121.27391,35.66558]],[[-121.27273,35.66612],[-121.27286,35.6662],[-121.27273,35.66612]],[[-121.27299,35.66561],[-121.2729,35.66584],[-121.27299,35.66561]],[[-121.2726,35.66577],[-121.27254,35.66587],[-121.27269,35.66587],[-121.2726,35.66577]],[[-121.27097,35.66549],[-121.27042,35.66584],[-121.27091,35.66565],[-121.27097,35.66549]],[[-121.26889,35.65935],[-121.26872,35.65967],[-121.26906,35.65986],[-121.26889,35.65935]],[[-121.26846,35.65864],[-121.2684,35.65904],[-121.26857,35.65921],[-121.26874,35.65892],[-121.26846,35.65864]],[[-121.26602,35.66335],[-121.26608,35.66345],[-121.26602,35.66335]],[[-121.26589,35.66335],[-121.26585,35.66347],[-121.26589,35.66335]],[[-121.2657,35.66308],[-121.26561,35.66315],[-121.2657,35.66308]],[[-121.26529,35.66296],[-121.26516,35.66305],[-121.26529,35.66296]],[[-121.26147,35.66399],[-121.26134,35.66408],[-121.26147,35.66399]],[[-121.25967,35.6622],[-121.25973,35.66228],[-121.25967,35.6622]],[[-121.25591,35.66141],[-121.25591,35.66152],[-121.25591,35.66141]],[[-121.25218,35.6585],[-121.25211,35.65866],[-121.25218,35.6585]],[[-121.25211,35.65756],[-121.25211,35.65768],[-121.25211,35.65756]],[[-121.2464,35.65538],[-121.24636,35.65554],[-121.2464,35.65538]],[[-121.24756,35.65498],[-121.24771,35.65515],[-121.24756,35.65498]],[[-121.24724,35.65498],[-121.24735,35.65512],[-121.24724,35.65498]],[[-121.24548,35.65414],[-121.24546,35.65442],[-121.24568,35.65444],[-121.24568,35.65425],[-121.24548,35.65414]],[[-121.23995,35.65186],[-121.24007,35.65191],[-121.23995,35.65186]],[[-121.24016,35.65177],[-121.2401,35.65189],[-121.24016,35.65177]],[[-121.23995,35.65166],[-121.23995,35.65182],[-121.23995,35.65166]],[[-121.239,35.65207],[-121.23911,35.65212],[-121.239,35.65207]],[[-121.23834,35.65184],[-121.23847,35.65189],[-121.23834,35.65184]],[[-121.23688,35.65072],[-121.23696,35.65086],[-121.23688,35.65072]],[[-121.23514,35.65257],[-121.23525,35.65262],[-121.23514,35.65257]],[[-121.23505,35.652],[-121.23505,35.6521],[-121.23505,35.652]],[[-121.2348,35.65219],[-121.23486,35.65227],[-121.2348,35.65219]],[[-121.23312,35.65139],[-121.23306,35.65156],[-121.23312,35.65139]],[[-121.23005,35.65128],[-121.23003,35.65139],[-121.23005,35.65128]],[[-121.22911,35.65123],[-121.2292,35.65139],[-121.22911,35.65123]],[[-121.224,35.65182],[-121.22396,35.65193],[-121.224,35.65182]],[[-121.20937,35.64281],[-121.20954,35.64282],[-121.20937,35.64281]],[[-121.21021,35.6423],[-121.21016,35.64239],[-121.21021,35.6423]],[[-121.20971,35.64272],[-121.21001,35.64275],[-121.20971,35.64272]],[[-121.20907,35.64206],[-121.20924,35.64207],[-121.20907,35.64206]],[[-121.20875,35.64169],[-121.2087,35.6418],[-121.20875,35.64169]],[[-121.20926,35.64132],[-121.20903,35.64148],[-121.20945,35.64143],[-121.20926,35.64132]],[[-121.20898,35.64132],[-121.20913,35.64136],[-121.20898,35.64132]],[[-121.20864,35.64152],[-121.20875,35.64157],[-121.20864,35.64152]],[[-121.20836,35.64129],[-121.20847,35.64136],[-121.20836,35.64129]],[[-121.20821,35.64092],[-121.20823,35.64106],[-121.20868,35.64124],[-121.2087,35.64105],[-121.20821,35.64092]],[[-121.20585,35.64098],[-121.20609,35.64106],[-121.20585,35.64098]],[[-121.20564,35.64092],[-121.20561,35.64108],[-121.20585,35.64112],[-121.20564,35.64092]],[[-121.20553,35.64061],[-121.20566,35.64068],[-121.20553,35.64061]],[[-121.20596,35.64031],[-121.20606,35.64042],[-121.20596,35.64031]],[[-121.20555,35.64042],[-121.20587,35.6405],[-121.20555,35.64042]],[[-121.20564,35.64028],[-121.20587,35.64033],[-121.20564,35.64028]],[[-121.20136,35.63864],[-121.20119,35.63869],[-121.20145,35.63885],[-121.20143,35.63867],[-121.20119,35.63869],[-121.20145,35.63885],[-121.20136,35.63864]],[[-121.20072,35.63885],[-121.20055,35.63894],[-121.20072,35.63885]],[[-121.20029,35.63887],[-121.20025,35.63899],[-121.20029,35.63887]],[[-121.19976,35.63775],[-121.19967,35.63784],[-121.19976,35.63775]],[[-121.19976,35.63782],[-121.19969,35.63798],[-121.19976,35.63782]],[[-121.19946,35.63799],[-121.19946,35.63796]],[[-121.19946,35.63792],[-121.19965,35.63773],[-121.19946,35.63784]],[[-121.19946,35.6377],[-121.19958,35.63744],[-121.19946,35.63698]],[[-121.181,35.64117],[-121.18107,35.64127],[-121.181,35.64117]],[[-121.18085,35.6408],[-121.18085,35.64091],[-121.18085,35.6408]],[[-121.18019,35.64115],[-121.18023,35.64124],[-121.18019,35.64115]],[[-121.17961,35.63981],[-121.17946,35.64003],[-121.17961,35.63981]],[[-121.17806,35.64012],[-121.17804,35.64024],[-121.17806,35.64012]],[[-121.17555,35.63965],[-121.17562,35.63977],[-121.17555,35.63965]],[[-121.19778,35.63628],[-121.19765,35.63639],[-121.19778,35.63628]],[[-121.19328,35.6356],[-121.19332,35.63569],[-121.19328,35.6356]],[[-121.19285,35.63492],[-121.1928,35.63505],[-121.19285,35.63492]],[[-121.19555,35.63419],[-121.19568,35.63437],[-121.19555,35.63419]],[[-121.19285,35.63475],[-121.19291,35.63485],[-121.19285,35.63475]],[[-121.17074,35.63695],[-121.17085,35.637],[-121.17074,35.63695]],[[-121.16884,35.63564],[-121.16896,35.63571],[-121.16884,35.63564]],[[-121.16841,35.6358],[-121.16838,35.6359],[-121.16841,35.6358]],[[-121.16682,35.63402],[-121.16699,35.6341],[-121.16682,35.63402]],[[-121.1618,35.62985],[-121.16175,35.62995],[-121.1618,35.62985]],[[-121.16111,35.62854],[-121.16105,35.62875],[-121.16087,35.62873],[-121.16092,35.62887],[-121.16126,35.62873],[-121.16111,35.62854]],[[-121.16135,35.62744],[-121.1613,35.62756],[-121.1615,35.6276],[-121.16135,35.62744]],[[-121.1606,35.62758],[-121.16066,35.6277],[-121.1606,35.62758]],[[-121.15999,35.62718],[-121.16004,35.62729],[-121.15999,35.62718]],[[-121.15858,35.62587],[-121.15854,35.62598],[-121.15858,35.62587]],[[-121.15791,35.62517],[-121.158,35.62526],[-121.15791,35.62517]],[[-121.15781,35.62512],[-121.15778,35.62523],[-121.15781,35.62512]],[[-121.15699,35.62451],[-121.15701,35.62462],[-121.15699,35.62451]],[[-121.15605,35.62301],[-121.15613,35.6231],[-121.15605,35.62301]],[[-121.20289,35.64178],[-121.20136,35.6411],[-121.20149,35.64096],[-121.20096,35.63998],[-121.20098,35.63975],[-121.20117,35.63974],[-121.20115,35.63946],[-121.20091,35.63939],[-121.20106,35.63916],[-121.20001,35.63902],[-121.19952,35.63864],[-121.19973,35.63838],[-121.19946,35.63801],[-121.19965,35.63773],[-121.19939,35.63787],[-121.19958,35.63747],[-121.19954,35.63702],[-121.19924,35.63689],[-121.19894,35.63707],[-121.19898,35.63689],[-121.19873,35.6367],[-121.19862,35.63688],[-121.19832,35.63665],[-121.19793,35.63672],[-121.198,35.63642],[-121.19752,35.63646],[-121.19765,35.6362],[-121.19737,35.63646],[-121.1969,35.6363],[-121.19637,35.6359],[-121.19645,35.63567],[-121.19613,35.63536],[-121.19619,35.63519],[-121.19604,35.63508],[-121.19596,35.63522],[-121.19583,35.63508],[-121.19587,35.63465],[-121.19559,35.63465],[-121.19553,35.63435],[-121.19512,35.63423],[-121.19497,35.63461],[-121.19448,35.63428],[-121.19443,35.63482],[-121.19379,35.63492],[-121.19302,35.63484],[-121.19304,35.63505],[-121.19285,35.63513],[-121.19306,35.63546],[-121.19347,35.63557],[-121.19347,35.63585],[-121.19401,35.63644],[-121.19411,35.63714],[-121.19465,35.63761],[-121.19454,35.63805],[-121.19476,35.63869],[-121.19493,35.63876],[-121.19473,35.63876],[-121.19473,35.63888],[-121.19503,35.63949],[-121.19538,35.6397],[-121.19546,35.64045],[-121.19488,35.64098],[-121.19282,35.64211],[-121.19141,35.64256],[-121.18986,35.64281],[-121.18795,35.64284],[-121.1845,35.64228],[-121.18089,35.64125],[-121.18029,35.64131],[-121.17954,35.64117],[-121.17883,35.64078],[-121.17559,35.64005],[-121.17439,35.6393],[-121.17233,35.63857],[-121.17032,35.63726],[-121.16967,35.63714],[-121.16877,35.6367],[-121.16658,35.63512],[-121.16632,35.63465],[-121.16663,35.63447],[-121.16628,35.63402],[-121.16583,35.63384],[-121.16553,35.63403],[-121.16555,35.63374],[-121.16521,35.63393],[-121.1648,35.63391],[-121.16349,35.63271],[-121.16261,35.6317],[-121.16268,35.63133],[-121.16233,35.63133],[-121.16092,35.62952],[-121.161,35.62919],[-121.15976,35.62741],[-121.15886,35.6268],[-121.15802,35.62537],[-121.15761,35.62507],[-121.15742,35.62511],[-121.1568,35.62448],[-121.1565,35.62387],[-121.1562,35.62366],[-121.15577,35.62242],[-121.15547,35.6223],[-121.15538,35.62204],[-121.15502,35.62204],[-121.15515,35.62144],[-121.15566,35.62156],[-121.15609,35.62118],[-121.15568,35.62113],[-121.15555,35.62087],[-121.1553,35.62078],[-121.15506,35.62136],[-121.1548,35.62129],[-121.15467,35.6212],[-121.15487,35.62092],[-121.15454,35.62115],[-121.15444,35.62087],[-121.15401,35.62073],[-121.15375,35.62034],[-121.15373,35.62015],[-121.15416,35.62006],[-121.15416,35.61987],[-121.1539,35.61986],[-121.15369,35.62006],[-121.15345,35.61996],[-121.15328,35.61917],[-121.15334,35.61884],[-121.15364,35.61867],[-121.15351,35.61841],[-121.15386,35.61842],[-121.15388,35.61811],[-121.15439,35.61835],[-121.15472,35.61802],[-121.15405,35.61773],[-121.15384,35.61792],[-121.15369,35.61776],[-121.15347,35.61787],[-121.15336,35.61774],[-121.15324,35.61787],[-121.153,35.61776],[-121.15244,35.6179],[-121.15238,35.6178],[-121.15221,35.61795],[-121.15154,35.61773],[-121.15118,35.61785],[-121.15094,35.61757],[-121.15115,35.6168],[-121.15133,35.61672],[-121.15188,35.61698],[-121.1521,35.61684],[-121.15214,35.61642],[-121.15182,35.61619],[-121.1521,35.61577],[-121.15188,35.61581],[-121.15188,35.61542],[-121.15178,35.61535],[-121.15175,35.61562],[-121.15156,35.61542],[-121.15126,35.61551],[-121.15079,35.61602],[-121.14954,35.6157],[-121.14862,35.61508],[-121.14729,35.6134],[-121.14588,35.61054],[-121.14444,35.60818],[-121.14422,35.60752],[-121.14382,35.60731],[-121.1433,35.60653],[-121.143,35.60506],[-121.14249,35.60475],[-121.14212,35.60409],[-121.14156,35.60435],[-121.14064,35.60389],[-121.14053,35.60412],[-121.13993,35.60395],[-121.13948,35.60349],[-121.13933,35.60309],[-121.13847,35.60232]],[[-121.15581,35.62095],[-121.15585,35.62111],[-121.15581,35.62095]],[[-121.15506,35.62076],[-121.1551,35.62085],[-121.15506,35.62076]],[[-121.15454,35.62062],[-121.15474,35.62085],[-121.1548,35.62071],[-121.15454,35.62062]],[[-121.15508,35.61999],[-121.15497,35.62006],[-121.15508,35.61999]],[[-121.14431,35.60728],[-121.14435,35.60754],[-121.14431,35.60728]],[[-121.1439,35.60695],[-121.14384,35.60705],[-121.1439,35.60695]],[[-121.13976,35.6036],[-121.13978,35.60372],[-121.13976,35.6036]],[[-121.13944,35.60299],[-121.1395,35.60307],[-121.13944,35.60299]],[[-121.13907,35.60264],[-121.1392,35.60272],[-121.13907,35.60264]],[[-121.14302,35.60511],[-121.14249,35.60475],[-121.14212,35.60409],[-121.14156,35.60435],[-121.14064,35.60389],[-121.14053,35.60412],[-121.13993,35.60395],[-121.13948,35.60349],[-121.13933,35.60309],[-121.13731,35.60152],[-121.13637,35.60138],[-121.13547,35.601],[-121.13491,35.60119],[-121.13422,35.60103],[-121.13386,35.60089],[-121.13392,35.60075],[-121.13371,35.60081],[-121.13339,35.60063],[-121.13343,35.60047],[-121.13326,35.60058],[-121.133,35.60044],[-121.13146,35.5988],[-121.13092,35.5985],[-121.12809,35.59609],[-121.12596,35.5933],[-121.12506,35.59177],[-121.12425,35.58971],[-121.1241,35.58885],[-121.12354,35.58798],[-121.12313,35.58683],[-121.12287,35.58524],[-121.12309,35.58461],[-121.12274,35.58449],[-121.12221,35.58395],[-121.12161,35.58259],[-121.12159,35.58229],[-121.12174,35.58224],[-121.12135,35.58196],[-121.12154,35.58165],[-121.12135,35.58172],[-121.12133,35.58147],[-121.12103,35.58154],[-121.12111,35.58131],[-121.12062,35.5814],[-121.12041,35.58109],[-121.11963,35.58145],[-121.11907,35.58128],[-121.11877,35.58105],[-121.11783,35.57962],[-121.11796,35.5788],[-121.11837,35.57899],[-121.11854,35.57889],[-121.11832,35.57891],[-121.11815,35.57864],[-121.11813,35.5781],[-121.11762,35.57805],[-121.1171,35.57837],[-121.11684,35.57833],[-121.11663,35.57772],[-121.11635,35.57763],[-121.1162,35.57727],[-121.11571,35.57721],[-121.11465,35.57658],[-121.11373,35.57465],[-121.1132,35.57297],[-121.11326,35.57247],[-121.11197,35.57074],[-121.11156,35.56964]],[[-121.1374,35.60129],[-121.13751,35.60136],[-121.1374,35.60129]],[[-121.13532,35.6007],[-121.13543,35.60084],[-121.13532,35.6007]],[[-121.1345,35.60091],[-121.13467,35.60098],[-121.1345,35.60091]],[[-121.13186,35.59841],[-121.13178,35.59864],[-121.13197,35.59852],[-121.13186,35.59841]],[[-121.1307,35.59807],[-121.13062,35.59814],[-121.1307,35.59807]],[[-121.12519,35.58864],[-121.12534,35.58871],[-121.12519,35.58864]],[[-121.1221,35.58203],[-121.12195,35.58224],[-121.1221,35.58203]],[[-121.11987,35.58114],[-121.11983,35.58123],[-121.11987,35.58114]],[[-121.1174,35.57779],[-121.11742,35.57796],[-121.1174,35.57779]],[[-121.11639,35.57735],[-121.11648,35.57744],[-121.11639,35.57735]],[[-121.11637,35.57713],[-121.11637,35.57725],[-121.11637,35.57713]],[[-121.11345,35.57264],[-121.11337,35.57271],[-121.1136,35.57271],[-121.11337,35.57271],[-121.1136,35.57271],[-121.11345,35.57264]],[[-121.11347,35.5724],[-121.11356,35.5725],[-121.11347,35.5724]],[[-121.11232,35.5674],[-121.11227,35.56753],[-121.11232,35.5674]],[[-121.115,35.57681],[-121.11455,35.57646],[-121.11373,35.57465],[-121.1132,35.57297],[-121.11326,35.57247],[-121.11197,35.57074],[-121.11103,35.56822],[-121.10978,35.56671],[-121.10935,35.5659],[-121.10895,35.5644],[-121.10901,35.56407],[-121.10923,35.56414],[-121.10899,35.56395],[-121.1092,35.56383],[-121.10811,35.56332],[-121.10824,35.56299],[-121.108,35.56276],[-121.10777,35.56278],[-121.10747,35.56227],[-121.10749,35.5614],[-121.10672,35.56042],[-121.10599,35.56025],[-121.10575,35.55967],[-121.10584,35.5595],[-121.10534,35.55915],[-121.10541,35.55901],[-121.10455,35.55841],[-121.10429,35.55835],[-121.10423,35.55845],[-121.10373,35.55796],[-121.10371,35.55759],[-121.10393,35.55742],[-121.10373,35.55742],[-121.10328,35.55684],[-121.10343,35.55578],[-121.10382,35.55531],[-121.10431,35.55538],[-121.10483,35.55517],[-121.10474,35.55499],[-121.105,35.55498],[-121.10466,35.55449],[-121.10457,35.55464],[-121.10414,35.55445],[-121.10358,35.55374],[-121.10384,35.55269],[-121.10408,35.55269],[-121.10412,35.55239],[-121.10395,35.55241],[-121.10375,35.5519],[-121.10356,35.55176],[-121.10345,35.55183],[-121.10343,35.55152],[-121.10313,35.55164],[-121.10302,35.55141],[-121.10253,35.55124],[-121.10287,35.55112],[-121.10287,35.55089],[-121.10307,35.55096],[-121.10307,35.55065],[-121.10281,35.55051],[-121.10232,35.55059],[-121.10189,35.55035],[-121.10148,35.54984],[-121.10144,35.5488],[-121.10086,35.54881],[-121.10105,35.54843],[-121.10069,35.54841],[-121.10051,35.54824],[-121.10051,35.54843],[-121.10032,35.54829],[-121.09946,35.54846],[-121.09927,35.54822],[-121.09899,35.54852],[-121.09871,35.54855],[-121.09826,35.54834],[-121.09818,35.54803],[-121.09781,35.54785],[-121.09766,35.54743],[-121.09768,35.54717],[-121.09783,35.54721],[-121.09751,35.54654],[-121.09768,35.54616],[-121.09751,35.54585],[-121.09772,35.54572],[-121.09757,35.54546],[-121.09725,35.54539],[-121.09721,35.54506],[-121.09708,35.54515],[-121.09689,35.5449],[-121.09648,35.5449],[-121.09607,35.54457],[-121.09584,35.54462],[-121.09564,35.54438],[-121.09541,35.54436],[-121.09496,35.54365],[-121.09459,35.5434],[-121.09429,35.54262],[-121.09446,35.54244],[-121.09429,35.54244],[-121.09425,35.54227],[-121.09438,35.542],[-121.0935,35.54173],[-121.0936,35.54157],[-121.0933,35.54159],[-121.09272,35.54115],[-121.09266,35.54082],[-121.09311,35.54038],[-121.09285,35.54017],[-121.093,35.54014],[-121.09294,35.54],[-121.09195,35.54014],[-121.09144,35.53959],[-121.09154,35.53932],[-121.09176,35.53935],[-121.09161,35.53914],[-121.09103,35.539],[-121.09101,35.53879],[-121.09051,35.53849],[-121.08955,35.53825],[-121.08944,35.53804],[-121.08828,35.53745],[-121.08803,35.53748],[-121.08798,35.53736],[-121.08785,35.53743],[-121.08753,35.53727],[-121.0873,35.53699],[-121.08738,35.53664],[-121.08715,35.53624],[-121.08725,35.53579],[-121.08695,35.53523],[-121.08712,35.535],[-121.08674,35.53469],[-121.0867,35.5343],[-121.08661,35.53437],[-121.08616,35.53382],[-121.0859,35.53394],[-121.08388,35.53341],[-121.08343,35.53308],[-121.08348,35.53275],[-121.08328,35.53282],[-121.08303,35.5327],[-121.08294,35.53251],[-121.08315,35.53231],[-121.08264,35.53203],[-121.08223,35.53148],[-121.08167,35.53151],[-121.08101,35.53134],[-121.08067,35.53107],[-121.08086,35.53083]],[[-121.10893,35.56346],[-121.10882,35.56349],[-121.10893,35.56346]],[[-121.1086,35.56327],[-121.10852,35.56348],[-121.10871,35.56339],[-121.1086,35.56327]],[[-121.10796,35.56152],[-121.108,35.56161],[-121.10796,35.56152]],[[-121.10695,35.56065],[-121.10699,35.56075],[-121.10695,35.56065]],[[-121.10626,35.5595],[-121.10631,35.5596],[-121.10626,35.5595]],[[-121.10558,35.5592],[-121.10571,35.55931],[-121.10558,35.5592]],[[-121.10444,35.55828],[-121.10448,35.55836],[-121.10444,35.55828]],[[-121.1029,35.55121],[-121.10279,35.55128],[-121.1029,35.55121]],[[-121.1026,35.55038],[-121.10255,35.55049],[-121.1026,35.55038]],[[-121.10227,35.5503],[-121.10236,35.55038],[-121.10227,35.5503]],[[-121.10191,35.55019],[-121.10191,35.5503],[-121.10191,35.55019]],[[-121.10013,35.54822],[-121.1,35.54836],[-121.10013,35.54822]],[[-121.09837,35.5478],[-121.09835,35.54791],[-121.09837,35.5478]],[[-121.09794,35.54698],[-121.0979,35.54707],[-121.09794,35.54698]],[[-121.09809,35.54637],[-121.0982,35.54644],[-121.09809,35.54637]],[[-121.09848,35.54546],[-121.0985,35.54562],[-121.09848,35.54546]],[[-121.09783,35.54557],[-121.09798,35.54565],[-121.09783,35.54557]],[[-121.09768,35.54553],[-121.09779,35.54558],[-121.09768,35.54553]],[[-121.09545,35.54406],[-121.09549,35.54417],[-121.09545,35.54406]],[[-121.09515,35.54344],[-121.09511,35.54363],[-121.09515,35.54344]],[[-121.09367,35.54117],[-121.09352,35.54122],[-121.09367,35.54117]],[[-121.09292,35.54097],[-121.09285,35.54106],[-121.09292,35.54097]],[[-121.09163,35.53942],[-121.09167,35.53953],[-121.09163,35.53942]],[[-121.09056,35.53836],[-121.09073,35.53853],[-121.09056,35.53836]],[[-121.08906,35.53753],[-121.08918,35.5376],[-121.08906,35.53753]],[[-121.08869,35.53741],[-121.08873,35.53753],[-121.08869,35.53741]],[[-121.08837,35.53726],[-121.08845,35.53736],[-121.08837,35.53726]],[[-121.08798,35.5371],[-121.08792,35.53727],[-121.08798,35.5371]],[[-121.08727,35.53593],[-121.08734,35.53602],[-121.08727,35.53593]],[[-121.08751,35.53532],[-121.08753,35.53542],[-121.08751,35.53532]],[[-121.08556,35.53362],[-121.08558,35.53373],[-121.08556,35.53362]],[[-121.08195,35.53104],[-121.08193,35.53116],[-121.08195,35.53104]],[[-121.085,35.53362],[-121.08494,35.53362]],[[-121.08444,35.53362],[-121.0835,35.53317],[-121.08348,35.53275],[-121.08313,35.53279],[-121.08294,35.53251],[-121.08315,35.53231],[-121.08264,35.53203],[-121.08223,35.53148],[-121.08167,35.53151],[-121.08075,35.53121],[-121.08067,35.53107],[-121.08084,35.53078],[-121.08045,35.5305],[-121.08073,35.53046],[-121.08039,35.53022],[-121.08043,35.52994],[-121.08013,35.52976],[-121.08011,35.5295],[-121.07985,35.52938],[-121.07981,35.52952],[-121.07966,35.52948],[-121.07921,35.52929],[-121.07925,35.52915],[-121.07861,35.52901],[-121.07839,35.52833],[-121.07798,35.52814],[-121.07803,35.52791],[-121.07766,35.52798],[-121.0774,35.52783],[-121.07736,35.52751],[-121.07685,35.52725],[-121.07661,35.52695],[-121.07652,35.52641],[-121.07539,35.52604],[-121.07517,35.52585],[-121.07504,35.52533],[-121.0753,35.52494],[-121.07511,35.52449],[-121.07479,35.52446],[-121.07491,35.5243],[-121.07464,35.52428],[-121.07459,35.52393],[-121.07399,35.52369],[-121.07346,35.52322],[-121.0735,35.52309],[-121.07318,35.52299],[-121.07288,35.5222],[-121.0729,35.52243],[-121.07273,35.52215],[-121.07258,35.52218],[-121.07189,35.52171],[-121.07176,35.5214],[-121.07157,35.52157],[-121.07155,35.52117],[-121.07144,35.52145],[-121.07131,35.52143],[-121.07047,35.52093],[-121.07043,35.52067],[-121.06996,35.52061],[-121.06977,35.5203],[-121.06994,35.51998],[-121.07004,35.52004],[-121.07007,35.51941],[-121.06981,35.51902],[-121.06966,35.51906],[-121.06927,35.51871],[-121.06921,35.51819],[-121.06904,35.51831],[-121.06916,35.51803],[-121.06874,35.51831],[-121.06848,35.51798],[-121.06839,35.51834],[-121.06831,35.5177],[-121.06813,35.51792],[-121.06775,35.51794],[-121.06777,35.51778],[-121.06738,35.5177],[-121.06738,35.51742],[-121.06717,35.51738],[-121.06683,35.51674],[-121.06637,35.51658],[-121.06657,35.51625],[-121.06629,35.51619],[-121.06599,35.5159],[-121.06616,35.51565],[-121.06595,35.51583],[-121.06552,35.51574],[-121.06534,35.51553],[-121.06545,35.51539],[-121.06524,35.51551],[-121.06498,35.51539],[-121.06507,35.51499],[-121.06483,35.51501],[-121.06479,35.5148],[-121.06451,35.51487],[-121.06395,35.51457],[-121.06365,35.51467],[-121.06316,35.51433],[-121.06294,35.51391],[-121.06311,35.51359],[-121.06335,35.51363],[-121.06328,35.51349],[-121.06305,35.51357],[-121.06286,35.513],[-121.06223,35.51258],[-121.06198,35.51214],[-121.06208,35.51172],[-121.06178,35.51165],[-121.06191,35.51148],[-121.06178,35.51116],[-121.06142,35.51123],[-121.06097,35.51071],[-121.06037,35.51057],[-121.06026,35.51033],[-121.06039,35.50999],[-121.06004,35.51012],[-121.05871,35.50938],[-121.05865,35.50921],[-121.05854,35.5093],[-121.05837,35.50912],[-121.05811,35.50914],[-121.05756,35.50861],[-121.05756,35.50839],[-121.05683,35.50806],[-121.0568,35.50786],[-121.05586,35.50823],[-121.05537,35.50823],[-121.05337,35.50757],[-121.05266,35.50706],[-121.05264,35.50655],[-121.0523,35.5064],[-121.05223,35.50617],[-121.05228,35.50561],[-121.0517,35.5058],[-121.05097,35.50517],[-121.05075,35.50524],[-121.05026,35.50498],[-121.04912,35.50509],[-121.0485,35.50467],[-121.04809,35.50379],[-121.04719,35.50322],[-121.04721,35.50236],[-121.04741,35.50224],[-121.04691,35.50205],[-121.04663,35.50171],[-121.04687,35.50082],[-121.04655,35.50007],[-121.04633,35.49993],[-121.04616,35.50004],[-121.04575,35.49995],[-121.04573,35.49985],[-121.04552,35.49993],[-121.04537,35.49979],[-121.04543,35.49951],[-121.0449,35.49943],[-121.04477,35.49927],[-121.04492,35.49887],[-121.04464,35.49876],[-121.045,35.49847],[-121.04436,35.49845],[-121.04445,35.49812],[-121.04402,35.49799],[-121.0432,35.49845],[-121.04335,35.49789],[-121.04271,35.49803],[-121.04275,35.49785],[-121.04239,35.4977],[-121.04301,35.49691],[-121.04303,35.49677],[-121.04286,35.49689],[-121.04266,35.49682],[-121.04243,35.49626],[-121.04277,35.49602],[-121.0426,35.49604],[-121.04251,35.49586],[-121.04279,35.49577],[-121.04303,35.49532],[-121.04228,35.49544],[-121.04211,35.4953],[-121.04221,35.49508],[-121.04151,35.49516],[-121.04097,35.4949],[-121.04108,35.49467],[-121.04078,35.49471],[-121.04028,35.49377],[-121.03985,35.4937],[-121.03985,35.49357],[-121.03927,35.49399],[-121.03837,35.49315],[-121.0382,35.49267],[-121.03848,35.49244],[-121.03827,35.49226],[-121.0382,35.49181],[-121.03835,35.49174],[-121.0382,35.49163],[-121.03837,35.49137],[-121.03857,35.49141],[-121.03852,35.49115],[-121.03876,35.49097],[-121.03852,35.49081],[-121.03857,35.49052],[-121.03818,35.49085],[-121.03762,35.4908],[-121.03741,35.4905],[-121.03754,35.49025],[-121.03741,35.49024],[-121.03745,35.48989],[-121.03739,35.49008],[-121.03736,35.48996],[-121.03704,35.48996],[-121.03706,35.48961],[-121.03678,35.48969],[-121.0367,35.48926],[-121.03653,35.48917],[-121.03625,35.48933],[-121.03586,35.48905],[-121.0358,35.48919],[-121.03522,35.48917],[-121.03477,35.48942],[-121.03442,35.48936],[-121.03408,35.48975],[-121.03331,35.48978],[-121.03307,35.49001],[-121.03284,35.48996],[-121.03269,35.48987],[-121.03264,35.48938],[-121.03243,35.48943],[-121.03239,35.48926],[-121.03262,35.48912],[-121.03251,35.48898],[-121.03228,35.48898],[-121.03217,35.4888],[-121.03191,35.48893],[-121.03157,35.4887],[-121.03121,35.48875],[-121.03069,35.48828],[-121.03056,35.48805],[-121.03063,35.48748],[-121.03041,35.48741],[-121.0305,35.48709],[-121.03039,35.48727],[-121.03015,35.48697],[-121.0296,35.48686],[-121.02947,35.4865],[-121.02917,35.48653],[-121.02936,35.48632],[-121.02917,35.48624],[-121.02934,35.48604],[-121.02915,35.48613],[-121.0291,35.48601],[-121.02938,35.48578],[-121.02927,35.48555],[-121.02891,35.48561],[-121.02891,35.48524],[-121.02867,35.48536],[-121.02852,35.48524],[-121.0287,35.48498],[-121.02859,35.48486],[-121.02835,35.48484],[-121.02812,35.48506],[-121.02782,35.485],[-121.02773,35.48519],[-121.02751,35.4852],[-121.02681,35.48437],[-121.02636,35.48431],[-121.02591,35.48463],[-121.02539,35.48465],[-121.02367,35.48402]],[[-121.02367,35.48269],[-121.02372,35.48257],[-121.0241,35.48251],[-121.02387,35.48166],[-121.02417,35.48126],[-121.02393,35.48129],[-121.02404,35.48085],[-121.02367,35.48085]],[[-121.08064,35.53027],[-121.08075,35.53038],[-121.08064,35.53027]],[[-121.07957,35.52929],[-121.07959,35.52941],[-121.07957,35.52929]],[[-121.07927,35.5287],[-121.07927,35.52887],[-121.07927,35.5287]],[[-121.07831,35.52812],[-121.07837,35.52828],[-121.07831,35.52812]],[[-121.0774,35.52734],[-121.07751,35.52753],[-121.0774,35.52734]],[[-121.0773,35.5273],[-121.07732,35.52742],[-121.0773,35.5273]],[[-121.0774,35.52687],[-121.07732,35.52704],[-121.0774,35.52687]],[[-121.07717,35.52707],[-121.07713,35.5272],[-121.07717,35.52707]],[[-121.07685,35.52638],[-121.0768,35.52653],[-121.07685,35.52638]],[[-121.07659,35.52655],[-121.07665,35.52664],[-121.07659,35.52655]],[[-121.07517,35.52468],[-121.07515,35.52479],[-121.07517,35.52468]],[[-121.07485,35.52379],[-121.07483,35.52405],[-121.07485,35.52379]],[[-121.07322,35.52246],[-121.07322,35.52259],[-121.07322,35.52246]],[[-121.07236,35.52185],[-121.07243,35.52196],[-121.07236,35.52185]],[[-121.07131,35.52115],[-121.07133,35.52126],[-121.07131,35.52115]],[[-121.07122,35.52108],[-121.07125,35.52119],[-121.07122,35.52108]],[[-121.07095,35.52094],[-121.07095,35.52105],[-121.07095,35.52094]],[[-121.07017,35.52046],[-121.07011,35.52058],[-121.07017,35.52046]],[[-121.06764,35.51756],[-121.06775,35.5177],[-121.06764,35.51756]],[[-121.06661,35.5163],[-121.06652,35.51639],[-121.06661,35.5163]],[[-121.0664,35.516],[-121.06655,35.51611],[-121.0664,35.516]],[[-121.06511,35.51502],[-121.06513,35.51513],[-121.06511,35.51502]],[[-121.06419,35.51455],[-121.06425,35.51469],[-121.06451,35.51469],[-121.06419,35.51455]],[[-121.06333,35.51413],[-121.06346,35.51424],[-121.06333,35.51413]],[[-121.06215,35.51176],[-121.06215,35.51188],[-121.06215,35.51176]],[[-121.06183,35.51127],[-121.06193,35.51136],[-121.06183,35.51127]],[[-121.05743,35.50826],[-121.05738,35.50835],[-121.05743,35.50826]],[[-121.05695,35.5079],[-121.05689,35.508],[-121.05695,35.5079]],[[-121.05283,35.50687],[-121.05275,35.50699],[-121.05283,35.50687]],[[-121.0526,35.50554],[-121.05256,35.50573],[-121.05275,35.50561],[-121.0526,35.50554]],[[-121.05241,35.50561],[-121.05245,35.50587],[-121.05241,35.50561]],[[-121.05062,35.50491],[-121.05071,35.505],[-121.05062,35.50491]],[[-121.04861,35.50393],[-121.04859,35.50406],[-121.04861,35.50393]],[[-121.04816,35.50367],[-121.0482,35.50385],[-121.04816,35.50367]],[[-121.04792,35.50332],[-121.04784,35.50344],[-121.04792,35.50332]],[[-121.04773,35.50334],[-121.04775,35.50346],[-121.04773,35.50334]],[[-121.04732,35.50213],[-121.04741,35.5022],[-121.04732,35.50213]],[[-121.04698,35.50068],[-121.04698,35.50081],[-121.04698,35.50068]],[[-121.04691,35.50049],[-121.04687,35.5006],[-121.04691,35.50049]],[[-121.04672,35.50019],[-121.04681,35.50035],[-121.04672,35.50019]],[[-121.04642,35.49962],[-121.04642,35.49986],[-121.0467,35.49986],[-121.04642,35.49962]],[[-121.04331,35.4978],[-121.04342,35.49785],[-121.04331,35.4978]],[[-121.04264,35.49761],[-121.04256,35.49768],[-121.04264,35.49761]],[[-121.04281,35.49742],[-121.04271,35.49749],[-121.04281,35.49742]],[[-121.04279,35.49642],[-121.0426,35.49653],[-121.04279,35.49642]],[[-121.04153,35.49495],[-121.04142,35.49502],[-121.04153,35.49495]],[[-121.03754,35.49006],[-121.03762,35.49013],[-121.03754,35.49006]],[[-121.03732,35.48983],[-121.03728,35.48992],[-121.03732,35.48983]],[[-121.03687,35.48928],[-121.03685,35.48942],[-121.03687,35.48928]],[[-121.0326,35.48863],[-121.03236,35.48884],[-121.0326,35.48863]],[[-121.03241,35.48856],[-121.03228,35.48877],[-121.03241,35.48856]],[[-121.03088,35.48838],[-121.03101,35.48852],[-121.03088,35.48838]],[[-121.02962,35.48643],[-121.02966,35.48657],[-121.02962,35.48643]],[[-121.02951,35.48564],[-121.02955,35.48573],[-121.02951,35.48564]],[[-121.02951,35.48554],[-121.02949,35.48564],[-121.02951,35.48554]],[[-121.025,35.48389],[-121.02498,35.4841],[-121.025,35.48389]],[[-121.02415,35.48192],[-121.02427,35.48201],[-121.02415,35.48192]],[[-121.02404,35.48195],[-121.0241,35.48204],[-121.02404,35.48195]],[[-121.02449,35.48096],[-121.02451,35.48113],[-121.02449,35.48096]],[[-121.0238,35.48278],[-121.02367,35.48281]],[[-121.02367,35.48288],[-121.0238,35.48278]],[[-121.02711,35.48484],[-121.02681,35.48437],[-121.02636,35.48431],[-121.02591,35.48463],[-121.02539,35.48465],[-121.0232,35.48379],[-121.02316,35.48323],[-121.02372,35.48257],[-121.0241,35.48244],[-121.02387,35.48173],[-121.02417,35.48126],[-121.02393,35.48129],[-121.02404,35.48085],[-121.02346,35.48087],[-121.02316,35.48066],[-121.02312,35.48024],[-121.02324,35.48033],[-121.02346,35.48021],[-121.02322,35.48019],[-121.02333,35.48005],[-121.0229,35.48022],[-121.02209,35.47974],[-121.02206,35.4794],[-121.02166,35.47923],[-121.0217,35.47904],[-121.02123,35.47846],[-121.02127,35.4783],[-121.0211,35.47843],[-121.02116,35.47818],[-121.02095,35.47829],[-121.02097,35.47792],[-121.0208,35.47797],[-121.02058,35.47844],[-121.02007,35.47837],[-121.01977,35.4778],[-121.0197,35.47794],[-121.01953,35.47785],[-121.01945,35.47736],[-121.01921,35.47746],[-121.01906,35.47736],[-121.01915,35.47717],[-121.01897,35.47678],[-121.01872,35.47699],[-121.01835,35.47682],[-121.01816,35.47657],[-121.01831,35.47624],[-121.01801,35.47577],[-121.017,35.47511],[-121.01722,35.47483],[-121.01696,35.4749],[-121.01649,35.47418],[-121.01597,35.47416],[-121.01573,35.47395],[-121.01552,35.4732],[-121.01567,35.4729],[-121.01516,35.47271],[-121.01479,35.47278],[-121.01473,35.47255],[-121.01455,35.47269],[-121.01393,35.47245],[-121.01357,35.47199],[-121.01348,35.47175],[-121.01363,35.47165],[-121.01348,35.4717],[-121.0134,35.47156],[-121.01344,35.47107],[-121.01312,35.47117],[-121.01252,35.47089],[-121.01271,35.4707],[-121.01258,35.4706],[-121.01279,35.47056],[-121.01211,35.46948],[-121.01217,35.46988],[-121.01149,35.46944],[-121.01146,35.4692],[-121.01174,35.46885],[-121.01125,35.46885],[-121.01101,35.46839],[-121.01071,35.46829],[-121.01086,35.46784],[-121.01016,35.4677],[-121.01007,35.46745],[-121.00983,35.46757],[-121.00958,35.46747],[-121.00964,35.46715],[-121.00953,35.46724],[-121.00953,35.46694],[-121.0093,35.46677],[-121.00947,35.46652],[-121.0091,35.46656],[-121.00917,35.46628],[-121.00895,35.46619],[-121.0091,35.46581],[-121.00891,35.46584],[-121.00902,35.46565],[-121.00874,35.46539],[-121.00887,35.46525],[-121.00863,35.46523],[-121.00865,35.46495],[-121.00835,35.46497],[-121.00844,35.46443],[-121.00825,35.46443],[-121.0079,35.46406],[-121.00784,35.46364],[-121.00777,35.46389],[-121.00743,35.46366],[-121.00739,35.46306],[-121.007,35.46324],[-121.00674,35.46312],[-121.00666,35.4628],[-121.00599,35.46275],[-121.00571,35.4623],[-121.00554,35.46226],[-121.00574,35.4621],[-121.00567,35.462],[-121.0055,35.46209],[-121.00539,35.46167],[-121.0052,35.46175],[-121.00511,35.46154],[-121.00488,35.46172],[-121.00451,35.46149],[-121.00471,35.4613],[-121.00443,35.46137],[-121.00453,35.46116],[-121.00417,35.46104],[-121.00402,35.46076],[-121.0037,35.4609],[-121.00333,35.46043],[-121.00329,35.46062],[-121.00286,35.46027],[-121.00275,35.46053],[-121.00256,35.46055],[-121.00226,35.46037],[-121.00222,35.46013],[-121.00217,35.46044],[-121.00181,35.4606],[-121.00177,35.4609],[-121.00155,35.46105],[-121.00132,35.46105],[-121.00067,35.4606],[-121.00039,35.46074],[-121.00005,35.46058],[-120.99958,35.46079],[-120.99951,35.46062],[-120.99951,35.46084],[-120.99913,35.46098],[-120.99893,35.46093],[-120.99904,35.46058],[-120.99891,35.46051],[-120.99857,35.4607],[-120.9981,35.4603],[-120.99773,35.46046],[-120.99747,35.46036],[-120.99724,35.46043],[-120.99578,35.46186],[-120.99514,35.46223],[-120.99475,35.46282],[-120.994,35.46352],[-120.99308,35.46378],[-120.99245,35.46369],[-120.99235,35.4635],[-120.99159,35.46322],[-120.9911,35.46251],[-120.99076,35.46247],[-120.99067,35.46268],[-120.99005,35.46242],[-120.98966,35.46256],[-120.98945,35.46221],[-120.98926,35.46235],[-120.98913,35.46219],[-120.98902,35.4624],[-120.98853,35.46237],[-120.98805,35.46202],[-120.98803,35.46182],[-120.98769,35.46191],[-120.98668,35.46147],[-120.98655,35.46109],[-120.98638,35.46107],[-120.98621,35.46077],[-120.98475,35.46025],[-120.98428,35.4603],[-120.98413,35.46016],[-120.984,35.46023],[-120.98398,35.46009],[-120.9837,35.46023],[-120.98228,35.46015],[-120.98211,35.46034],[-120.98202,35.46022],[-120.98172,35.46039],[-120.98153,35.46011],[-120.9814,35.46032],[-120.98106,35.46037],[-120.98093,35.46022],[-120.98084,35.46034],[-120.97977,35.4603],[-120.97908,35.45976],[-120.97902,35.45946],[-120.97921,35.45927]],[[-120.97887,35.45927],[-120.97816,35.45946],[-120.97784,35.45927]],[[-120.9758,35.45927],[-120.97524,35.45957],[-120.97441,35.45938],[-120.97389,35.4596],[-120.9734,35.4595],[-120.97275,35.45959],[-120.9723,35.45927]],[[-120.97194,35.45927],[-120.97194,35.45952],[-120.97172,35.45959],[-120.97162,35.45948],[-120.97147,35.45978],[-120.97106,35.45971],[-120.97095,35.45946],[-120.97054,35.4595],[-120.97037,35.45976],[-120.97048,35.45987],[-120.97037,35.45976],[-120.97054,35.4595],[-120.97097,35.45946],[-120.97106,35.45971],[-120.97147,35.45978],[-120.97162,35.45948],[-120.97172,35.45959],[-120.97194,35.45952],[-120.97207,35.45922],[-120.97282,35.4596],[-120.9734,35.4595],[-120.97389,35.4596],[-120.97441,35.45938],[-120.97524,35.45957],[-120.97544,35.45936],[-120.97567,35.45943],[-120.9758,35.45911],[-120.97677,35.45903],[-120.97722,35.45917],[-120.97793,35.45882],[-120.97782,35.45924],[-120.97812,35.45946],[-120.97917,35.4592],[-120.97908,35.45976],[-120.97977,35.4603],[-120.98084,35.46034],[-120.98093,35.46022],[-120.98106,35.46037],[-120.9814,35.46032],[-120.98153,35.46011],[-120.98172,35.46039],[-120.98202,35.46022],[-120.98211,35.46034],[-120.98228,35.46015],[-120.9837,35.46023],[-120.98398,35.46009],[-120.984,35.46023],[-120.98413,35.46016],[-120.98428,35.4603],[-120.98475,35.46025],[-120.98614,35.46074],[-120.98655,35.46109],[-120.98668,35.46147],[-120.98769,35.46191],[-120.98803,35.46182],[-120.98814,35.46207]],[[-121.0223,35.47926],[-121.02224,35.47939],[-121.0223,35.47926]],[[-121.02198,35.47923],[-121.02194,35.47933],[-121.02198,35.47923]],[[-121.02187,35.47898],[-121.02174,35.47911],[-121.02187,35.47898]],[[-121.02168,35.47863],[-121.02172,35.47883],[-121.02168,35.47863]],[[-121.02144,35.4783],[-121.02166,35.47895],[-121.02144,35.4783]],[[-121.02149,35.47806],[-121.0214,35.47827],[-121.02149,35.47806]],[[-121.0184,35.47624],[-121.01835,35.47633],[-121.0184,35.47624]],[[-121.01835,35.47608],[-121.01833,35.47621],[-121.01835,35.47608]],[[-121.01709,35.47444],[-121.01709,35.4746],[-121.01709,35.47444]],[[-121.01696,35.47453],[-121.01698,35.47469],[-121.01696,35.47453]],[[-121.01668,35.47428],[-121.01664,35.47439],[-121.01668,35.47428]],[[-121.01661,35.47399],[-121.01657,35.47421],[-121.01661,35.47399]],[[-121.01606,35.47362],[-121.01604,35.47376],[-121.01606,35.47362]],[[-121.01584,35.47269],[-121.0158,35.47282],[-121.01584,35.47269]],[[-121.01561,35.47315],[-121.01558,35.47325],[-121.01561,35.47315]],[[-121.01571,35.47271],[-121.01554,35.47278],[-121.01571,35.47271]],[[-121.01558,35.47234],[-121.01571,35.47255],[-121.01558,35.47234]],[[-121.0155,35.47247],[-121.01552,35.47268],[-121.0155,35.47247]],[[-121.01539,35.47259],[-121.01539,35.47269],[-121.01539,35.47259]],[[-121.01256,35.46948],[-121.01239,35.46964],[-121.01243,35.46992],[-121.01275,35.47026],[-121.01256,35.46948]],[[-121.01245,35.46948],[-121.01237,35.46958],[-121.01245,35.46948]],[[-121.01084,35.4682],[-121.01097,35.46825],[-121.01084,35.4682]],[[-121.01046,35.46763],[-121.01039,35.46771],[-121.01046,35.46763]],[[-121.00981,35.46693],[-121.00973,35.46705],[-121.00981,35.46693]],[[-121.00949,35.46663],[-121.00943,35.46673],[-121.00949,35.46663]],[[-121.00925,35.46605],[-121.00917,35.46618],[-121.00925,35.46605]],[[-121.00908,35.46537],[-121.00904,35.46553],[-121.00908,35.46537]],[[-121.00893,35.46537],[-121.00891,35.46553],[-121.00893,35.46537]],[[-121.00889,35.46486],[-121.0088,35.46506],[-121.00889,35.46486]],[[-121.00872,35.46493],[-121.0087,35.46507],[-121.00872,35.46493]],[[-121.00842,35.46417],[-121.00835,35.46429],[-121.00842,35.46417]],[[-121.00795,35.46359],[-121.00797,35.46399],[-121.00795,35.46359]],[[-121.00752,35.46317],[-121.00767,35.46334],[-121.00752,35.46317]],[[-121.00674,35.46296],[-121.00677,35.46308],[-121.00674,35.46296]],[[-121.00653,35.46247],[-121.00651,35.46268],[-121.00653,35.46247]],[[-121.00567,35.46186],[-121.00565,35.46196],[-121.00567,35.46186]],[[-121.00436,35.46076],[-121.00438,35.46086],[-121.00436,35.46076]],[[-120.9914,35.46233],[-120.99149,35.46247],[-120.9914,35.46233]],[[-120.99129,35.46226],[-120.99136,35.46244],[-120.99129,35.46226]],[[-120.98818,35.46188],[-120.98818,35.462],[-120.98818,35.46188]],[[-120.98801,35.46168],[-120.98808,35.46179],[-120.98801,35.46168]],[[-120.98754,35.46128],[-120.9875,35.46156],[-120.98754,35.46128]],[[-121.00305,35.46025],[-121.00307,35.46043],[-121.00305,35.46025]],[[-121.00194,35.46037],[-121.00194,35.4605],[-121.00194,35.46037]],[[-121.00179,35.4603],[-121.00179,35.46053],[-121.00179,35.4603]],[[-121.0017,35.46044],[-121.0017,35.46057],[-121.0017,35.46044]],[[-120.99855,35.46043],[-120.99853,35.4606],[-120.9987,35.46051],[-120.99855,35.46043],[-120.99853,35.4606],[-120.9987,35.46051],[-120.99855,35.46043]],[[-120.99827,35.46009],[-120.99812,35.46013],[-120.99818,35.46029],[-120.99827,35.46009],[-120.99812,35.46013],[-120.99818,35.46029],[-120.99827,35.46009]],[[-120.99799,35.46015],[-120.99803,35.46023],[-120.99799,35.46015]],[[-120.98587,35.46025],[-120.98587,35.46039],[-120.98587,35.46025]],[[-120.98496,35.46004],[-120.98494,35.46015],[-120.98496,35.46004]],[[-120.98297,35.4599],[-120.98297,35.46002],[-120.98297,35.4599]],[[-120.98057,35.46002],[-120.98065,35.46013],[-120.98057,35.46002]],[[-120.97814,35.45927],[-120.97831,35.45927]],[[-120.97441,35.45927],[-120.97451,35.45927]],[[-120.97417,35.45927],[-120.97419,35.45927]],[[-120.97327,35.45927],[-120.97348,35.45946],[-120.97331,35.45927]],[[-120.97044,35.46002],[-120.97012,35.46016],[-120.96934,35.46011],[-120.96724,35.45927]],[[-121.00571,35.46207],[-121.00561,35.46207]],[[-121.0055,35.46207],[-121.00539,35.46167],[-121.0052,35.46175],[-121.00511,35.46154],[-121.00488,35.46172],[-121.00451,35.46149],[-121.00471,35.4613],[-121.00443,35.46137],[-121.00453,35.46116],[-121.00417,35.46104],[-121.00402,35.46076],[-121.0037,35.4609],[-121.00333,35.46043],[-121.00329,35.46062],[-121.00286,35.46027],[-121.00275,35.46053],[-121.00256,35.46055],[-121.00226,35.46037],[-121.00222,35.46013],[-121.00217,35.46044],[-121.00181,35.4606],[-121.00177,35.4609],[-121.00144,35.46107],[-121.00067,35.4606],[-121.00039,35.46074],[-121.00005,35.46058],[-120.99958,35.46079],[-120.99951,35.46062],[-120.99951,35.46084],[-120.99913,35.46098],[-120.99893,35.46093],[-120.99904,35.46058],[-120.99891,35.46051],[-120.99857,35.4607],[-120.9981,35.4603],[-120.99773,35.46046],[-120.99747,35.46036],[-120.99537,35.46207]],[[-120.97829,35.45922],[-120.97814,35.45932],[-120.97829,35.45922]],[[-120.9775,35.45863],[-120.9775,35.45873],[-120.9775,35.45863]],[[-120.97443,35.45924],[-120.9746,35.45934],[-120.97443,35.45924]],[[-120.97327,35.45927],[-120.97348,35.45946],[-120.97327,35.45927]],[[-120.96267,35.45585],[-120.96282,35.45597],[-120.96267,35.45585]],[[-120.96082,35.45578],[-120.96093,35.45585],[-120.96082,35.45578]],[[-120.96125,35.45452],[-120.96112,35.45464],[-120.96123,35.45473],[-120.96138,35.45461],[-120.96125,35.45452]],[[-120.96108,35.45443],[-120.96106,35.45454],[-120.96108,35.45443]],[[-120.96085,35.45441],[-120.96093,35.45452],[-120.96085,35.45441]],[[-120.96059,35.45361],[-120.96065,35.45373],[-120.96059,35.45361]],[[-120.96057,35.4534],[-120.96061,35.45359],[-120.96057,35.4534]],[[-120.96046,35.45354],[-120.96046,35.45378],[-120.96046,35.45354]],[[-120.95797,35.45291],[-120.95795,35.45308],[-120.95797,35.45291]],[[-120.95703,35.45359],[-120.95696,35.45368],[-120.95703,35.45359]],[[-120.95598,35.45268],[-120.95604,35.45284],[-120.95598,35.45268]],[[-120.97044,35.46002],[-120.97012,35.46016],[-120.96934,35.46011],[-120.96735,35.45934],[-120.9666,35.45883],[-120.96544,35.45761],[-120.96449,35.45747],[-120.96389,35.45646],[-120.96368,35.45658],[-120.96351,35.45648],[-120.96316,35.456],[-120.962,35.45634],[-120.96102,35.45611],[-120.96055,35.45571],[-120.96009,35.45464],[-120.95969,35.45481],[-120.95885,35.45487],[-120.95872,35.45471],[-120.95866,35.45492],[-120.95816,35.4549],[-120.95748,35.45455],[-120.95675,35.4538],[-120.95537,35.45357],[-120.95482,35.45315],[-120.95464,35.45319],[-120.95458,35.45296],[-120.95402,35.45286],[-120.95404,35.45268],[-120.95379,35.45286],[-120.95349,35.4528],[-120.95357,35.45244],[-120.95301,35.45256],[-120.95246,35.4524],[-120.95241,35.45252],[-120.95207,35.45251],[-120.95216,35.45237],[-120.95196,35.4524],[-120.95173,35.45211],[-120.95151,35.45211],[-120.95121,35.45151],[-120.95121,35.45118],[-120.9514,35.45114],[-120.95115,35.45085],[-120.951,35.45011],[-120.95132,35.44931],[-120.95063,35.44871],[-120.95089,35.44812],[-120.95055,35.44775],[-120.95001,35.44788],[-120.94883,35.44782],[-120.94849,35.44774],[-120.94831,35.44753],[-120.94816,35.4476],[-120.94737,35.4473],[-120.94651,35.44719],[-120.94578,35.44684],[-120.94512,35.44768],[-120.9448,35.44782],[-120.94385,35.44805],[-120.94299,35.44796],[-120.94203,35.44765],[-120.94166,35.44733],[-120.94179,35.44695],[-120.94141,35.447],[-120.94126,35.44681],[-120.9408,35.4467],[-120.94065,35.44641],[-120.94027,35.44628],[-120.93904,35.4467],[-120.93879,35.44651],[-120.93883,35.44672],[-120.93859,35.44684],[-120.93662,35.44704],[-120.93671,35.4473],[-120.93658,35.44739],[-120.93578,35.44753]],[[-120.95265,35.45057],[-120.95278,35.45071],[-120.95265,35.45057]],[[-120.95138,35.45086],[-120.95147,35.45095],[-120.95138,35.45086]],[[-120.95342,35.44878],[-120.95323,35.4491],[-120.95355,35.44901],[-120.95342,35.44878]],[[-120.95235,35.4487],[-120.95243,35.4488],[-120.95235,35.4487]],[[-120.95226,35.44861],[-120.95233,35.4487],[-120.95226,35.44861]],[[-120.95226,35.44845],[-120.95243,35.44866],[-120.95226,35.44845]],[[-120.95158,35.44917],[-120.95153,35.44933],[-120.95196,35.44948],[-120.95158,35.44917]],[[-120.95113,35.44859],[-120.95125,35.44864],[-120.95113,35.44859]],[[-120.95018,35.44728],[-120.94982,35.44739],[-120.95035,35.44754],[-120.95044,35.44737],[-120.95018,35.44728]],[[-120.94982,35.44758],[-120.94992,35.44768],[-120.94982,35.44758]],[[-120.94958,35.44688],[-120.94937,35.44695],[-120.94954,35.44702],[-120.94958,35.44688]],[[-120.9464,35.44681],[-120.94649,35.4469],[-120.9464,35.44681]],[[-120.94623,35.44569],[-120.94638,35.44583],[-120.94623,35.44569]],[[-120.94531,35.44718],[-120.94537,35.44732],[-120.94531,35.44718]],[[-120.94183,35.44683],[-120.94196,35.44693],[-120.94183,35.44683]],[[-120.9413,35.44662],[-120.94136,35.4467],[-120.9413,35.44662]],[[-120.94046,35.44576],[-120.94078,35.44585],[-120.94046,35.44576]],[[-120.93922,35.44658],[-120.939,35.4467],[-120.93879,35.44651],[-120.93883,35.44672],[-120.93859,35.44684],[-120.93662,35.44704],[-120.93671,35.4473],[-120.93653,35.44742],[-120.93531,35.44754],[-120.93447,35.44781]],[[-120.93568,35.44726],[-120.93565,35.44744],[-120.93568,35.44726]],[[-120.93484,35.44718],[-120.93497,35.44723],[-120.93484,35.44718]],[[-120.93291,35.44674],[-120.93295,35.44684],[-120.93291,35.44674]],[[-120.92851,35.44739],[-120.92855,35.44749],[-120.92851,35.44739]],[[-120.92772,35.44695],[-120.92772,35.44707],[-120.92772,35.44695]],[[-120.93428,35.44784],[-120.93207,35.44739],[-120.93186,35.44756],[-120.93108,35.44753],[-120.93098,35.44774],[-120.93059,35.44791],[-120.92975,35.44803],[-120.92746,35.4474],[-120.92518,35.44732],[-120.92501,35.44767],[-120.92471,35.44779],[-120.92188,35.44791],[-120.92126,35.44751],[-120.92057,35.44786],[-120.91971,35.4474],[-120.91928,35.44733],[-120.91926,35.44774],[-120.91872,35.44809],[-120.9172,35.44816],[-120.91677,35.44859],[-120.91587,35.44877],[-120.91538,35.44931],[-120.91471,35.44955],[-120.91407,35.44938],[-120.9136,35.44873],[-120.91342,35.44877],[-120.91342,35.44905],[-120.91321,35.44903],[-120.91304,35.44877],[-120.91323,35.44875],[-120.91282,35.44845],[-120.91051,35.44807],[-120.91014,35.44812],[-120.91012,35.44835],[-120.90943,35.44884],[-120.90873,35.44905],[-120.90808,35.44901]],[[-120.92216,35.44726],[-120.92218,35.44742],[-120.92248,35.44747],[-120.92216,35.44726]],[[-120.92424,35.44419],[-120.92437,35.44429],[-120.92424,35.44419]],[[-120.91945,35.44711],[-120.91939,35.44728],[-120.91945,35.44711]],[[-120.91523,35.44903],[-120.91533,35.4491],[-120.91523,35.44903]],[[-120.9154,35.44816],[-120.91533,35.44824],[-120.9154,35.44816]],[[-120.91407,35.44926],[-120.91411,35.44934],[-120.91407,35.44926]],[[-120.91237,35.44807],[-120.91239,35.44828],[-120.91263,35.44819],[-120.91237,35.44807]],[[-120.91252,35.44795],[-120.91244,35.44803],[-120.91265,35.44802],[-120.91252,35.44795]],[[-120.91229,35.44786],[-120.91231,35.44796],[-120.91229,35.44786]],[[-120.90888,35.44884],[-120.90894,35.44892],[-120.90888,35.44884]],[[-120.90209,35.44567],[-120.90222,35.44567],[-120.90209,35.44567]],[[-120.89875,35.44263],[-120.89879,35.44272],[-120.89875,35.44263]],[[-120.89233,35.4349],[-120.89237,35.43506],[-120.89233,35.4349]],[[-120.90782,35.44898],[-120.90611,35.44854],[-120.90379,35.44726],[-120.90218,35.4462],[-120.90042,35.44462],[-120.89969,35.44412],[-120.89924,35.44399],[-120.89664,35.44186],[-120.89662,35.44163],[-120.89634,35.44163],[-120.8918,35.43709],[-120.89051,35.43601],[-120.88967,35.43552],[-120.88787,35.43387],[-120.88439,35.42975],[-120.88278,35.42697],[-120.8819,35.42583],[-120.88195,35.42555],[-120.8816,35.42546],[-120.88147,35.42527],[-120.88096,35.42417],[-120.8748,35.41389],[-120.87334,35.41095],[-120.87238,35.40857],[-120.87246,35.40813],[-120.87223,35.40761],[-120.87242,35.40743],[-120.8724,35.40719],[-120.87205,35.40682],[-120.87201,35.4063],[-120.87173,35.40633],[-120.87077,35.40567],[-120.86978,35.40423],[-120.86718,35.39542],[-120.86585,35.3897],[-120.86562,35.38765]],[[-120.87933,35.42106],[-120.87948,35.42116],[-120.87933,35.42106]],[[-120.87246,35.40687],[-120.87248,35.407],[-120.87246,35.40687]],[[-120.87227,35.40682],[-120.87235,35.40705],[-120.87227,35.40682]],[[-120.86609,35.39045],[-120.86585,35.3897],[-120.86502,35.38224],[-120.86467,35.3805],[-120.86469,35.37749],[-120.86426,35.37556],[-120.86444,35.37316],[-120.86514,35.37175],[-120.86538,35.37143],[-120.86564,35.37143]],[[-120.86957,35.37194],[-120.86937,35.37213],[-120.86957,35.37194]],[[-120.8671,35.37115],[-120.86811,35.37162],[-120.86845,35.37162],[-120.86886,35.37197],[-120.86922,35.3718],[-120.86939,35.37143],[-120.86989,35.37108],[-120.86993,35.37077],[-120.86963,35.3701],[-120.87014,35.36979],[-120.87047,35.36935],[-120.86974,35.36897],[-120.86989,35.36846],[-120.86946,35.36783]],[[-120.8692,35.36706],[-120.86907,35.36671],[-120.86864,35.36694],[-120.86663,35.36737]],[[-120.85954,35.36746],[-120.85987,35.36837],[-120.86113,35.36865],[-120.86201,35.36902],[-120.86405,35.36641]],[[-120.86403,35.36629],[-120.86362,35.36603],[-120.86244,35.36445],[-120.86201,35.36361],[-120.8619,35.36179],[-120.8621,35.36113],[-120.86238,35.36079]],[[-120.86242,35.36064],[-120.86193,35.35903],[-120.86199,35.35603],[-120.86253,35.35441],[-120.86251,35.35227],[-120.86283,35.35043],[-120.86289,35.34781],[-120.86319,35.34573],[-120.86354,35.34469],[-120.86349,35.34366],[-120.8639,35.34126],[-120.86454,35.33937],[-120.8648,35.33715],[-120.8656,35.33477],[-120.86575,35.33274],[-120.86684,35.32957],[-120.86757,35.326],[-120.86877,35.32346],[-120.86879,35.3226],[-120.86916,35.32174],[-120.86959,35.31945],[-120.87021,35.31808],[-120.87064,35.31649],[-120.87098,35.31597]],[[-120.89564,35.2733],[-120.89576,35.27343],[-120.89564,35.2733]],[[-120.89506,35.27329],[-120.89519,35.27341],[-120.89506,35.27329]],[[-120.89546,35.27276],[-120.89561,35.27285],[-120.89546,35.27276]],[[-120.89388,35.27434],[-120.89407,35.27444],[-120.89388,35.27434]],[[-120.89617,35.27092],[-120.89656,35.27106],[-120.89617,35.27092]],[[-120.89671,35.27025],[-120.89697,35.27036],[-120.89671,35.27025]],[[-120.89664,35.27045],[-120.89692,35.2706],[-120.89664,35.27045]],[[-120.89617,35.27031],[-120.8963,35.27053],[-120.89649,35.2705],[-120.89617,35.27031]],[[-120.89652,35.27013],[-120.89705,35.27029],[-120.89652,35.27013]],[[-120.89561,35.2712],[-120.896,35.27134],[-120.89561,35.2712]],[[-120.89592,35.27064],[-120.89613,35.27078],[-120.89592,35.27064]],[[-120.89589,35.26885],[-120.89602,35.26896],[-120.89589,35.26885]],[[-120.89553,35.26878],[-120.89572,35.26892],[-120.89553,35.26878]],[[-120.89534,35.26859],[-120.89576,35.2688],[-120.89534,35.26859]],[[-120.89454,35.26705],[-120.89469,35.26708],[-120.89454,35.26705]],[[-120.89482,35.26624],[-120.89499,35.26626],[-120.89482,35.26624]],[[-120.89529,35.26435],[-120.89521,35.26442],[-120.89529,35.26435]],[[-120.89489,35.26556],[-120.8948,35.26565],[-120.89489,35.26556]],[[-120.89461,35.26405],[-120.89454,35.26418],[-120.89461,35.26405]],[[-120.90102,35.25485],[-120.90109,35.25498],[-120.90102,35.25485]],[[-120.89566,35.26144],[-120.89551,35.2616],[-120.89576,35.26162],[-120.89566,35.26144]],[[-120.89536,35.26163],[-120.89534,35.26179],[-120.89536,35.26163]],[[-120.89396,35.26337],[-120.89401,35.26346],[-120.89396,35.26337]],[[-120.89413,35.26279],[-120.89407,35.26302],[-120.89443,35.26318],[-120.89413,35.26279]],[[-120.89398,35.26274],[-120.89405,35.26283],[-120.89398,35.26274]],[[-120.89504,35.26009],[-120.8951,35.2602],[-120.89504,35.26009]],[[-120.89866,35.25904],[-120.89877,35.25908],[-120.89866,35.25904]],[[-120.89851,35.25853],[-120.89858,35.25862],[-120.89851,35.25853]],[[-120.89828,35.25838],[-120.89823,35.25848],[-120.89828,35.25838]],[[-120.89785,35.25696],[-120.89795,35.25718],[-120.89825,35.25713],[-120.89817,35.25697],[-120.89785,35.25696]],[[-120.89752,35.25694],[-120.89746,35.25713],[-120.89763,35.25718],[-120.89752,35.25694]],[[-120.89858,35.25471],[-120.8986,35.25485],[-120.89858,35.25471]],[[-120.90098,35.25447],[-120.90111,35.25461],[-120.90098,35.25447]],[[-120.89804,35.25126],[-120.898,35.25137],[-120.89804,35.25126]],[[-120.89785,35.2513],[-120.89744,35.25151],[-120.8978,35.25172],[-120.89785,35.2513]],[[-120.8975,35.2513],[-120.89729,35.25144],[-120.8975,35.2513]],[[-120.89735,35.25123],[-120.89737,35.25133],[-120.89735,35.25123]],[[-120.89697,35.24781],[-120.8969,35.24804],[-120.89697,35.24781]],[[-120.89654,35.24777],[-120.89639,35.24797],[-120.8966,35.24793],[-120.89654,35.24777]],[[-120.89778,35.24686],[-120.89774,35.24695],[-120.89778,35.24686]],[[-120.89675,35.24767],[-120.89677,35.24783],[-120.89675,35.24767]],[[-120.89579,35.24599],[-120.89587,35.24607],[-120.89579,35.24599]],[[-120.88353,35.28938],[-120.88334,35.28949],[-120.88375,35.28954],[-120.88353,35.28938]],[[-120.88341,35.28805],[-120.88353,35.28817],[-120.88341,35.28805]],[[-120.88351,35.28802],[-120.88362,35.28812],[-120.88351,35.28802]],[[-120.8833,35.28812],[-120.88338,35.28819],[-120.8833,35.28812]],[[-120.8698,35.31877],[-120.87017,35.31817],[-120.87064,35.31649],[-120.871,35.31591],[-120.871,35.31506],[-120.8713,35.31416],[-120.87268,35.3111],[-120.873,35.3098],[-120.87345,35.30908],[-120.87356,35.30824],[-120.87407,35.30758],[-120.87463,35.30639],[-120.87478,35.30534],[-120.87555,35.30427],[-120.87577,35.30315],[-120.87641,35.30204],[-120.87654,35.30089],[-120.8771,35.29993],[-120.87806,35.29733],[-120.88057,35.29234],[-120.88092,35.29131],[-120.88158,35.29042],[-120.88227,35.29005],[-120.8824,35.29015],[-120.88272,35.29001],[-120.88295,35.28986],[-120.88278,35.28973],[-120.88306,35.2898],[-120.88347,35.28961],[-120.88293,35.2894],[-120.88274,35.2891],[-120.88315,35.28793],[-120.88356,35.28761],[-120.88356,35.28746],[-120.88388,35.28774],[-120.88422,35.28765],[-120.88396,35.28765],[-120.88409,35.28754],[-120.88383,35.2873],[-120.88416,35.2874],[-120.88409,35.28719],[-120.88454,35.28684],[-120.88439,35.28676],[-120.88471,35.28641],[-120.88463,35.28611],[-120.88534,35.28514],[-120.88585,35.28465],[-120.88669,35.28422],[-120.88684,35.28376],[-120.88707,35.28367],[-120.88725,35.28299],[-120.88763,35.28322],[-120.88725,35.28267],[-120.88763,35.28203],[-120.88808,35.28201],[-120.88813,35.28152],[-120.88843,35.28133],[-120.88849,35.28099],[-120.88821,35.28057],[-120.88877,35.28062],[-120.88886,35.2805],[-120.88819,35.27998],[-120.88845,35.27996],[-120.88845,35.27973],[-120.88909,35.27999],[-120.88943,35.27973],[-120.88931,35.28006],[-120.88954,35.28019],[-120.8898,35.2797],[-120.88971,35.28024],[-120.88997,35.27991],[-120.88982,35.27964],[-120.89006,35.27964],[-120.88974,35.27942],[-120.88976,35.27914],[-120.88939,35.27889],[-120.88971,35.27889],[-120.8898,35.2784],[-120.88922,35.27803],[-120.8895,35.27782],[-120.88978,35.27801],[-120.88997,35.27777],[-120.88965,35.27733],[-120.89021,35.27745],[-120.8898,35.27716],[-120.88997,35.27698],[-120.88965,35.27672],[-120.88984,35.27625],[-120.88965,35.2763],[-120.88952,35.27598],[-120.88838,35.27551],[-120.88864,35.2753],[-120.88948,35.27544],[-120.88918,35.27532],[-120.88928,35.27518],[-120.88905,35.27505],[-120.88913,35.27495],[-120.88877,35.27509],[-120.88864,35.27493],[-120.88858,35.27451],[-120.88875,35.27397],[-120.88946,35.2735],[-120.88984,35.2735],[-120.89001,35.27371],[-120.88991,35.2735],[-120.89008,35.27364],[-120.89001,35.27351],[-120.89029,35.27358],[-120.89019,35.27332],[-120.89068,35.273],[-120.89143,35.2736],[-120.89267,35.27376],[-120.89259,35.27386],[-120.89287,35.27399],[-120.89461,35.27449],[-120.89398,35.27416],[-120.89452,35.27432],[-120.89443,35.27418],[-120.89471,35.2742],[-120.89403,35.27381],[-120.89491,35.27402],[-120.89504,35.27383],[-120.89538,35.27388],[-120.89473,35.27337],[-120.89512,35.2732],[-120.89551,35.27337],[-120.89529,35.27321],[-120.89559,35.27325],[-120.89525,35.27297],[-120.89542,35.27274],[-120.89523,35.27257],[-120.89523,35.27215],[-120.89536,35.27195],[-120.8957,35.27194],[-120.89544,35.27173],[-120.89598,35.2718],[-120.89493,35.27134],[-120.89519,35.27136],[-120.89508,35.27113],[-120.89553,35.2712],[-120.89516,35.27097],[-120.89604,35.27108],[-120.89598,35.27092],[-120.89613,35.27094],[-120.89574,35.2706],[-120.89632,35.27008],[-120.89583,35.26989],[-120.89615,35.26985],[-120.8951,35.26945],[-120.89585,35.26961],[-120.89508,35.26927],[-120.89566,35.26931],[-120.89508,35.26898],[-120.89521,35.26884],[-120.89555,35.26894],[-120.89534,35.26864],[-120.89467,35.2684],[-120.89491,35.26831],[-120.89392,35.26791],[-120.89405,35.26768],[-120.8945,35.26775],[-120.89383,35.26754],[-120.89409,35.26698],[-120.89448,35.26703],[-120.89418,35.26686],[-120.89478,35.26687],[-120.89439,35.26668],[-120.89489,35.26661],[-120.89416,35.26637],[-120.89478,35.26644],[-120.89392,35.26622],[-120.89473,35.26633],[-120.8942,35.26619],[-120.89484,35.26617],[-120.89469,35.26589],[-120.8936,35.26573],[-120.89452,35.26575],[-120.89437,35.26563],[-120.89439,35.26528],[-120.89465,35.26551],[-120.89448,35.26509],[-120.89416,35.26517],[-120.89424,35.265],[-120.89383,35.26507],[-120.89394,35.26495],[-120.89351,35.26495],[-120.89358,35.26446],[-120.8939,35.26446],[-120.89362,35.26428],[-120.8937,35.26405],[-120.89405,35.26391],[-120.89398,35.26368],[-120.89386,35.26377],[-120.89366,35.26361],[-120.89386,35.26354],[-120.89368,35.26332],[-120.89377,35.26316],[-120.89405,35.26326],[-120.89373,35.263],[-120.8939,35.26255],[-120.89499,35.26307],[-120.89519,35.26286],[-120.8942,35.26223],[-120.89534,35.2627],[-120.89516,35.26237],[-120.89454,35.262],[-120.89484,35.26188],[-120.89489,35.26163],[-120.89542,35.26162],[-120.89557,35.26139],[-120.89557,35.26097],[-120.89529,35.26106],[-120.89536,35.2609],[-120.89486,35.26072],[-120.89478,35.26048],[-120.89499,35.25925],[-120.89557,35.25888],[-120.89684,35.25906],[-120.89705,35.25892],[-120.89725,35.25913],[-120.89757,35.25906],[-120.8975,35.25874],[-120.89692,35.25866],[-120.89742,35.25839],[-120.89725,35.25824],[-120.8969,35.25832],[-120.89682,35.25797],[-120.89694,35.25736],[-120.89742,35.25676],[-120.89746,35.25645],[-120.89802,35.25596],[-120.89864,35.25599],[-120.89907,35.2554],[-120.89982,35.25533],[-120.89969,35.25499],[-120.89931,35.25506],[-120.89911,35.25466],[-120.89868,35.25512],[-120.89789,35.25463],[-120.89776,35.25477],[-120.89755,35.25471],[-120.8971,35.25433],[-120.89643,35.25301],[-120.89667,35.2517],[-120.89699,35.25152],[-120.8969,35.25107],[-120.89669,35.25098],[-120.89667,35.25117],[-120.89607,35.251],[-120.8954,35.24979],[-120.89527,35.24858],[-120.89555,35.24797],[-120.89579,35.24784],[-120.89607,35.24802],[-120.89669,35.24753],[-120.89686,35.24769],[-120.89718,35.24753],[-120.8972,35.24788],[-120.89746,35.24777],[-120.89765,35.24753],[-120.89757,35.24676],[-120.89722,35.24683],[-120.89714,35.24662],[-120.89684,35.24657],[-120.89675,35.24695],[-120.89656,35.24688],[-120.89643,35.24651],[-120.89615,35.24679],[-120.8957,35.24667],[-120.89555,35.24648],[-120.89579,35.24614],[-120.89559,35.24548],[-120.8954,35.24539],[-120.8951,35.2456],[-120.89461,35.24558],[-120.89424,35.24511],[-120.89424,35.24462],[-120.89386,35.24467],[-120.89332,35.24422]],[[-120.88986,35.28015],[-120.88995,35.28024],[-120.88986,35.28015]],[[-120.89006,35.27991],[-120.89014,35.28001],[-120.89006,35.27991]],[[-120.88984,35.27928],[-120.88984,35.2794],[-120.89021,35.2795],[-120.88984,35.27928]],[[-120.88886,35.28068],[-120.88903,35.28076],[-120.88886,35.28068]],[[-120.89008,35.27854],[-120.88986,35.2788],[-120.89025,35.27898],[-120.89055,35.27887],[-120.89008,35.27854]],[[-120.88999,35.27898],[-120.89027,35.27917],[-120.88999,35.27898]],[[-120.8898,35.27887],[-120.88991,35.279],[-120.8898,35.27887]],[[-120.89006,35.27793],[-120.89012,35.27801],[-120.89006,35.27793]],[[-120.88999,35.27784],[-120.88995,35.27794],[-120.88999,35.27784]],[[-120.88959,35.27807],[-120.88969,35.27814],[-120.88959,35.27807]],[[-120.89214,35.27372],[-120.89222,35.27383],[-120.89214,35.27372]],[[-120.89173,35.27374],[-120.89175,35.2739],[-120.89203,35.27388],[-120.89173,35.27374]],[[-120.89122,35.27344],[-120.89152,35.27381],[-120.89167,35.27365],[-120.89122,35.27344]],[[-120.88995,35.27626],[-120.88978,35.27668],[-120.8901,35.27681],[-120.89021,35.27633],[-120.88995,35.27626]],[[-120.88937,35.27567],[-120.88954,35.27574],[-120.88937,35.27567]],[[-120.88877,35.27542],[-120.88924,35.27563],[-120.88877,35.27542]],[[-120.88926,35.27507],[-120.88941,35.27514],[-120.88926,35.27507]],[[-120.8904,35.27358],[-120.89064,35.27381],[-120.8904,35.27358]],[[-120.89019,35.27365],[-120.89025,35.27374],[-120.89019,35.27365]],[[-120.88991,35.27364],[-120.88999,35.27378],[-120.88991,35.27364]],[[-120.88963,35.27357],[-120.88969,35.27369],[-120.88963,35.27357]],[[-120.89647,35.24541],[-120.89652,35.2455],[-120.89647,35.24541]],[[-120.89574,35.24429],[-120.89576,35.24444],[-120.89574,35.24429]],[[-120.89454,35.24448],[-120.89448,35.24469],[-120.89431,35.24462],[-120.89465,35.24476],[-120.89454,35.24448],[-120.89448,35.24469],[-120.89431,35.24462],[-120.89469,35.24474],[-120.89454,35.24448]],[[-120.89761,35.24702],[-120.89755,35.24674],[-120.89722,35.24683],[-120.89699,35.24653],[-120.89675,35.24667],[-120.89675,35.24695],[-120.89656,35.24688],[-120.89643,35.24651],[-120.89615,35.24679],[-120.8957,35.24667],[-120.89555,35.24648],[-120.89579,35.24614],[-120.89559,35.24548],[-120.8954,35.24539],[-120.8951,35.2456],[-120.89461,35.24558],[-120.89424,35.24511],[-120.89424,35.24462],[-120.89375,35.24462],[-120.89276,35.24376],[-120.89227,35.24269],[-120.89244,35.24232],[-120.89203,35.24229],[-120.89195,35.24245],[-120.89147,35.24225],[-120.89049,35.24117],[-120.8901,35.24033],[-120.88939,35.23999],[-120.88926,35.23949],[-120.88911,35.23968],[-120.88888,35.23963],[-120.88886,35.23945],[-120.88868,35.2395],[-120.88853,35.23892],[-120.88877,35.23877],[-120.88871,35.2385],[-120.8881,35.2385],[-120.88783,35.23828],[-120.88774,35.23856],[-120.88735,35.23826],[-120.88727,35.23807],[-120.88753,35.23789],[-120.88737,35.23745],[-120.88697,35.23703],[-120.88701,35.23675],[-120.8868,35.23672],[-120.88697,35.23642],[-120.88658,35.23577],[-120.88602,35.23568],[-120.8854,35.23481],[-120.88499,35.23468],[-120.8848,35.23484],[-120.88471,35.23472],[-120.88456,35.23479],[-120.88456,35.23465],[-120.88403,35.23437],[-120.88373,35.23398],[-120.88326,35.23403],[-120.88308,35.23386],[-120.88291,35.23393],[-120.88272,35.23368],[-120.88201,35.23368],[-120.88177,35.23314],[-120.88184,35.23263],[-120.88156,35.23218],[-120.88126,35.23205],[-120.88128,35.23188],[-120.88034,35.23191],[-120.87922,35.23165],[-120.87858,35.23134],[-120.87748,35.23053],[-120.87723,35.2299],[-120.87738,35.22972],[-120.87701,35.22967],[-120.87645,35.22906],[-120.87639,35.22846],[-120.87609,35.22851],[-120.87613,35.22836],[-120.87557,35.22862],[-120.87504,35.22827],[-120.87508,35.22815],[-120.87478,35.22815],[-120.87487,35.22795],[-120.87463,35.22787],[-120.87452,35.22762],[-120.87471,35.22734],[-120.8742,35.22732],[-120.87394,35.22711],[-120.87375,35.22653],[-120.87315,35.22595],[-120.87281,35.22497],[-120.87281,35.22392],[-120.87313,35.22382],[-120.87358,35.22315],[-120.87315,35.22287],[-120.87381,35.22296],[-120.87384,35.22257],[-120.87321,35.22233],[-120.87313,35.22248],[-120.87272,35.2224],[-120.8721,35.2225],[-120.8721,35.22233],[-120.87173,35.22213],[-120.87193,35.22199],[-120.87178,35.22185],[-120.87113,35.22185],[-120.87087,35.22145],[-120.87124,35.2214],[-120.87128,35.22124],[-120.87055,35.22103],[-120.87049,35.22091],[-120.871,35.22094],[-120.87102,35.22077],[-120.87072,35.22052],[-120.87068,35.22012],[-120.87021,35.21989],[-120.86896,35.22006],[-120.86896,35.21992],[-120.86929,35.21978],[-120.86877,35.21968],[-120.8686,35.21936],[-120.86791,35.21935],[-120.86759,35.21889],[-120.86628,35.21917],[-120.86564,35.21894],[-120.86553,35.21875],[-120.86572,35.21864],[-120.8656,35.21856],[-120.86493,35.21873],[-120.86386,35.21875],[-120.86354,35.21821],[-120.86392,35.21786],[-120.86349,35.21784],[-120.86326,35.21749],[-120.86362,35.21724],[-120.86308,35.21719],[-120.86358,35.217],[-120.86349,35.2168],[-120.86244,35.21694],[-120.86141,35.21635],[-120.86025,35.2163],[-120.85939,35.21563],[-120.85937,35.21517],[-120.85982,35.21488],[-120.86006,35.21489],[-120.85999,35.21477],[-120.86072,35.21419],[-120.86105,35.21423],[-120.86085,35.21403],[-120.86094,35.21388],[-120.86133,35.21382],[-120.8619,35.214],[-120.86201,35.21388],[-120.86171,35.21356],[-120.86178,35.21335],[-120.8616,35.2133],[-120.8612,35.21358],[-120.86113,35.21323],[-120.86087,35.21309],[-120.86087,35.21298],[-120.86137,35.21302],[-120.86107,35.21286],[-120.86137,35.21289],[-120.86126,35.21279],[-120.86139,35.21254],[-120.86066,35.21239],[-120.86025,35.21214],[-120.86012,35.21289],[-120.85954,35.21295],[-120.85892,35.21275],[-120.85834,35.21232],[-120.8577,35.21221],[-120.85723,35.21176],[-120.85738,35.21162],[-120.85658,35.21119]],[[-120.89478,35.24401],[-120.89469,35.24409],[-120.89478,35.24401]],[[-120.89355,35.24373],[-120.89336,35.24406],[-120.89362,35.24394],[-120.89355,35.24373]],[[-120.89285,35.2426],[-120.89276,35.24308],[-120.89291,35.24287],[-120.89285,35.2426]],[[-120.89263,35.24292],[-120.89267,35.24304],[-120.89263,35.24292]],[[-120.89274,35.24266],[-120.8927,35.24276],[-120.89274,35.24266]],[[-120.8927,35.24187],[-120.89255,35.24238],[-120.89272,35.24217],[-120.89285,35.24224],[-120.89287,35.24197],[-120.89276,35.24204],[-120.8927,35.24187]],[[-120.89246,35.24213],[-120.89248,35.24227],[-120.89246,35.24213]],[[-120.89087,35.24017],[-120.89092,35.24029],[-120.89087,35.24017]],[[-120.89055,35.24064],[-120.89066,35.24073],[-120.89055,35.24064]],[[-120.89068,35.2402],[-120.89074,35.24033],[-120.89068,35.2402]],[[-120.89046,35.23998],[-120.89019,35.24017],[-120.8904,35.24041],[-120.89053,35.24033],[-120.89046,35.23998]],[[-120.88941,35.23959],[-120.88943,35.23973],[-120.88941,35.23959]],[[-120.88896,35.23821],[-120.88894,35.2385],[-120.88896,35.23821]],[[-120.88795,35.23772],[-120.88806,35.238],[-120.88795,35.23772]],[[-120.88776,35.23733],[-120.8878,35.23743],[-120.88795,35.23736],[-120.88776,35.23733]],[[-120.8875,35.23726],[-120.8875,35.23743],[-120.8875,35.23726]],[[-120.88768,35.23654],[-120.88757,35.23673],[-120.8878,35.23677],[-120.88787,35.23659],[-120.88768,35.23654]],[[-120.88705,35.23616],[-120.88712,35.23624],[-120.88705,35.23616]],[[-120.88707,35.23561],[-120.88718,35.23593],[-120.88707,35.23561]],[[-120.88686,35.23565],[-120.88682,35.23575],[-120.88686,35.23565]],[[-120.88697,35.2353],[-120.88701,35.23542],[-120.88697,35.2353]],[[-120.88611,35.23524],[-120.88622,35.23538],[-120.88611,35.23524]],[[-120.88534,35.23465],[-120.88547,35.23465],[-120.88534,35.23465]],[[-120.88433,35.23402],[-120.88424,35.23418],[-120.88433,35.23402]],[[-120.88413,35.23433],[-120.88426,35.2344],[-120.88413,35.23433]],[[-120.88173,35.23225],[-120.88184,35.23232],[-120.88173,35.23225]],[[-120.88233,35.23158],[-120.8824,35.23167],[-120.88233,35.23158]],[[-120.87753,35.22993],[-120.87765,35.22999],[-120.87753,35.22993]],[[-120.87536,35.22354],[-120.87549,35.22359],[-120.87536,35.22354]],[[-120.87529,35.22368],[-120.87544,35.22382],[-120.87529,35.22368]],[[-120.8742,35.22625],[-120.87437,35.22632],[-120.8742,35.22625]],[[-120.87373,35.22625],[-120.87379,35.2265],[-120.87411,35.22648],[-120.87373,35.22625]],[[-120.87424,35.22359],[-120.87435,35.22369],[-120.87424,35.22359]],[[-120.8739,35.22345],[-120.87386,35.22361],[-120.87362,35.22355],[-120.87366,35.22368],[-120.8739,35.22389],[-120.87399,35.22371],[-120.87418,35.22387],[-120.8739,35.22345]],[[-120.87489,35.22301],[-120.87461,35.22311],[-120.87463,35.22327],[-120.87534,35.22333],[-120.87489,35.22301]],[[-120.87441,35.22289],[-120.87441,35.22304],[-120.87441,35.22289]],[[-120.87218,35.22222],[-120.87223,35.22233],[-120.87218,35.22222]],[[-120.87203,35.22194],[-120.87208,35.22208],[-120.87203,35.22194]],[[-120.87216,35.2214],[-120.87214,35.22152],[-120.87235,35.2215],[-120.87216,35.2214]],[[-120.87585,35.21726],[-120.87529,35.21843],[-120.87553,35.21872],[-120.8757,35.2184],[-120.87557,35.21814],[-120.87592,35.21752],[-120.87585,35.21726]],[[-120.87225,35.21656],[-120.87158,35.21689],[-120.87184,35.21766],[-120.87263,35.21821],[-120.8733,35.21791],[-120.87334,35.21747],[-120.873,35.2174],[-120.87291,35.21693],[-120.87225,35.21656]],[[-120.87135,35.22147],[-120.87139,35.22157],[-120.87135,35.22147]],[[-120.87135,35.22091],[-120.87154,35.22106],[-120.87135,35.22091]],[[-120.8707,35.21966],[-120.87075,35.21975],[-120.8707,35.21966]],[[-120.86899,35.21879],[-120.86862,35.21896],[-120.86896,35.21914],[-120.86954,35.2191],[-120.86946,35.21889],[-120.86899,35.21879]],[[-120.86886,35.21954],[-120.86884,35.21966],[-120.86886,35.21954]],[[-120.86845,35.21903],[-120.86843,35.21919],[-120.86871,35.2194],[-120.86905,35.21935],[-120.86845,35.21903]],[[-120.87113,35.21861],[-120.87126,35.2187],[-120.87113,35.21861]],[[-120.86965,35.21703],[-120.86937,35.21742],[-120.86967,35.21777],[-120.87025,35.21787],[-120.87032,35.21735],[-120.86965,35.21703]],[[-120.86871,35.21857],[-120.86873,35.21868],[-120.86884,35.21859],[-120.86871,35.21857]],[[-120.86407,35.21726],[-120.86399,35.21738],[-120.86407,35.21726]],[[-120.86392,35.2174],[-120.86345,35.21763],[-120.86392,35.2174]],[[-120.86171,35.2164],[-120.86186,35.21647],[-120.86171,35.2164]],[[-120.86122,35.21435],[-120.8613,35.21453],[-120.86122,35.21435]],[[-120.86075,35.21424],[-120.86081,35.21433],[-120.86075,35.21424]],[[-120.8621,35.21284],[-120.86199,35.21298],[-120.86225,35.21304],[-120.8621,35.21284]],[[-120.86143,35.21409],[-120.86156,35.21419],[-120.86143,35.21409]],[[-120.86066,35.21211],[-120.86079,35.21219],[-120.86066,35.21211]],[[-120.86143,35.20997],[-120.86111,35.2102],[-120.86105,35.21063],[-120.86126,35.21088],[-120.86167,35.21093],[-120.86171,35.21051],[-120.86143,35.20997]],[[-120.86045,35.21202],[-120.86062,35.21211],[-120.86045,35.21202]],[[-120.85907,35.20872],[-120.85944,35.20886],[-120.85907,35.20872]],[[-120.85931,35.2082],[-120.85939,35.20842],[-120.85978,35.20839],[-120.85931,35.2082]],[[-120.85912,35.20816],[-120.85903,35.20825],[-120.8592,35.20825],[-120.85912,35.20816]],[[-120.85648,35.21105],[-120.85613,35.20991],[-120.85654,35.20913],[-120.85725,35.20881],[-120.85774,35.20902],[-120.85826,35.2089],[-120.85901,35.20897],[-120.85866,35.20867],[-120.85793,35.20841],[-120.85798,35.20813],[-120.85778,35.20802]],[[-120.85748,35.20909],[-120.85787,35.20937],[-120.85813,35.20921],[-120.85748,35.20909]],[[-120.8551,35.20751],[-120.85515,35.20762],[-120.8551,35.20751]],[[-120.85435,35.20728],[-120.85437,35.20741],[-120.85435,35.20728]],[[-120.85366,35.20604],[-120.85448,35.20629],[-120.85452,35.20613]],[[-120.85272,35.20562],[-120.85285,35.20567],[-120.85272,35.20562]],[[-120.85268,35.2049],[-120.85236,35.20504],[-120.85231,35.20523],[-120.85321,35.20564],[-120.85332,35.20543],[-120.85268,35.2049]],[[-120.84819,35.20257],[-120.84824,35.20267],[-120.84819,35.20257]],[[-120.85469,35.20586],[-120.85478,35.2056],[-120.8545,35.20523],[-120.85388,35.20541],[-120.85362,35.20523],[-120.85369,35.20513],[-120.85347,35.20523],[-120.85369,35.20551],[-120.85364,35.20581],[-120.85201,35.20567],[-120.85152,35.20539],[-120.85154,35.20572],[-120.85077,35.20539],[-120.85083,35.20571],[-120.85038,35.20564],[-120.85015,35.20574],[-120.85015,35.20616],[-120.84961,35.20622],[-120.84937,35.20604],[-120.84942,35.20562],[-120.84912,35.20532],[-120.84918,35.20511],[-120.8486,35.20487],[-120.84888,35.20481],[-120.84892,35.20465],[-120.84862,35.20478],[-120.84847,35.20464],[-120.84828,35.20474],[-120.84789,35.20464]],[[-120.84598,35.20408],[-120.84579,35.20425],[-120.84611,35.20422],[-120.84598,35.20408]],[[-120.8456,35.20399],[-120.84549,35.20411],[-120.8456,35.20399]],[[-120.84643,35.20192],[-120.84643,35.20202],[-120.84665,35.20199],[-120.84643,35.20192]],[[-120.84538,35.20185],[-120.84517,35.20197],[-120.84545,35.20199],[-120.84538,35.20185]],[[-120.84493,35.20204],[-120.84497,35.20217],[-120.84493,35.20204]],[[-120.84437,35.20188],[-120.84431,35.20204],[-120.84437,35.20188]],[[-120.84517,35.20173],[-120.84508,35.2018],[-120.84517,35.20173]],[[-120.84444,35.20122],[-120.84437,35.20141],[-120.84444,35.20122]],[[-120.84358,35.20183],[-120.84358,35.20201],[-120.84358,35.20183]],[[-120.84401,35.20173],[-120.84412,35.20192],[-120.84418,35.20178],[-120.84401,35.20173]],[[-120.84362,35.20136],[-120.84352,35.20153],[-120.84362,35.20136]],[[-120.84343,35.20138],[-120.84339,35.20148],[-120.84343,35.20138]],[[-120.84309,35.20122],[-120.84319,35.20127],[-120.84309,35.20122]],[[-120.8424,35.20187],[-120.84244,35.20197],[-120.8424,35.20187]],[[-120.84259,35.20164],[-120.84257,35.20178],[-120.84259,35.20164]],[[-120.84264,35.20131],[-120.84257,35.20145],[-120.84264,35.20131]],[[-120.84203,35.20157],[-120.84208,35.20174],[-120.84203,35.20157]],[[-120.84053,35.20029],[-120.84034,35.20046],[-120.84053,35.20043],[-120.84053,35.20029]],[[-120.84021,35.20067],[-120.84025,35.20076],[-120.84021,35.20067]],[[-120.84023,35.20046],[-120.84023,35.20062],[-120.84023,35.20046]],[[-120.84051,35.19989],[-120.8403,35.20015],[-120.8406,35.20004],[-120.84051,35.19989]],[[-120.84038,35.19968],[-120.84017,35.19996],[-120.84047,35.19985],[-120.84038,35.19968]],[[-120.83862,35.19825],[-120.83854,35.19861],[-120.83897,35.19854],[-120.83903,35.19836],[-120.83862,35.19825]],[[-120.83804,35.19855],[-120.838,35.19871],[-120.83804,35.19855]],[[-120.83744,35.19792],[-120.8374,35.19813],[-120.83744,35.19792]],[[-120.83759,35.19787],[-120.83755,35.19797],[-120.83759,35.19787]],[[-120.83802,35.19726],[-120.83807,35.1974],[-120.83802,35.19726]],[[-120.83648,35.1975],[-120.83641,35.19778],[-120.83648,35.1975]],[[-120.83371,35.19661],[-120.83375,35.19669],[-120.83371,35.19661]],[[-120.83367,35.19603],[-120.83373,35.19615],[-120.83367,35.19603]],[[-120.83304,35.19661],[-120.83304,35.19673],[-120.83322,35.19666],[-120.83304,35.19661]],[[-120.83038,35.19619],[-120.83058,35.19624],[-120.83038,35.19619]],[[-120.82837,35.1951],[-120.82822,35.19513],[-120.82843,35.19524],[-120.82837,35.1951]],[[-120.82768,35.19485],[-120.82759,35.19499],[-120.82813,35.19513],[-120.82768,35.19485]],[[-120.82759,35.19526],[-120.82751,35.19536],[-120.82774,35.19538],[-120.82759,35.19526]],[[-120.82749,35.19482],[-120.82751,35.19494],[-120.82749,35.19482]],[[-120.82699,35.19473],[-120.82731,35.19487],[-120.82699,35.19473]],[[-120.82628,35.19422],[-120.82628,35.19438],[-120.82661,35.19431],[-120.82628,35.19422]],[[-120.82611,35.19466],[-120.82626,35.19471],[-120.82611,35.19466]],[[-120.82491,35.1938],[-120.8251,35.19394],[-120.82491,35.1938]],[[-120.82506,35.19343],[-120.825,35.19356],[-120.82525,35.19356],[-120.82506,35.19343]],[[-120.8247,35.19438],[-120.8248,35.19443],[-120.8247,35.19438]],[[-120.82238,35.19284],[-120.82234,35.19298],[-120.82238,35.19284]],[[-120.82249,35.1928],[-120.82251,35.19298],[-120.82249,35.1928]],[[-120.82255,35.19243],[-120.82253,35.19266],[-120.82255,35.19243]],[[-120.82141,35.19238],[-120.82146,35.19247],[-120.82141,35.19238]],[[-120.82017,35.19185],[-120.82008,35.19192],[-120.82017,35.19185]],[[-120.82023,35.19115],[-120.82006,35.19124],[-120.82034,35.19122],[-120.82023,35.19115]],[[-120.81942,35.19135],[-120.81944,35.19145],[-120.81942,35.19135]],[[-120.81935,35.19129],[-120.81931,35.19143],[-120.81935,35.19129]],[[-120.81953,35.19017],[-120.81897,35.19049],[-120.81953,35.19017]],[[-120.81541,35.18868],[-120.8153,35.18879],[-120.81541,35.18868]],[[-120.81294,35.18907],[-120.81313,35.18915],[-120.81294,35.18907]],[[-120.81315,35.18766],[-120.81328,35.18777],[-120.81315,35.18766]],[[-120.81247,35.18737],[-120.81236,35.18761],[-120.81279,35.18763],[-120.81247,35.18737]],[[-120.8145,35.18701],[-120.81455,35.18714],[-120.81474,35.18712],[-120.8145,35.18701]],[[-120.80678,35.1853],[-120.80687,35.18537],[-120.80678,35.1853]],[[-120.80622,35.18438],[-120.80637,35.18445],[-120.80622,35.18438]],[[-120.80446,35.1844],[-120.80457,35.18449],[-120.80446,35.1844]],[[-120.85133,35.20567],[-120.85077,35.20539],[-120.85083,35.20571],[-120.85038,35.20564],[-120.85015,35.20574],[-120.85015,35.20616],[-120.84961,35.20622],[-120.84937,35.20604],[-120.84942,35.20562],[-120.84912,35.20532],[-120.84918,35.20511],[-120.8486,35.20487],[-120.84888,35.20481],[-120.84892,35.20465],[-120.84862,35.20478],[-120.84847,35.20464],[-120.84828,35.20474],[-120.84774,35.20462],[-120.84753,35.20487],[-120.84742,35.20472],[-120.84757,35.20443],[-120.84718,35.20474],[-120.84701,35.20457],[-120.84673,35.20467],[-120.84648,35.20453],[-120.84671,35.20443],[-120.84611,35.2045],[-120.84543,35.20437],[-120.84497,35.20381],[-120.84534,35.20316],[-120.84566,35.20313],[-120.84566,35.20283],[-120.84637,35.20255],[-120.84626,35.20217],[-120.8444,35.20222],[-120.84386,35.20183],[-120.84367,35.20209],[-120.84311,35.20206],[-120.8433,35.20171],[-120.84289,35.20164],[-120.84274,35.20187],[-120.84227,35.20206],[-120.84131,35.20195],[-120.84083,35.20167],[-120.84045,35.20115],[-120.8401,35.20103],[-120.84021,35.20083],[-120.83997,35.20059],[-120.84023,35.20034],[-120.8401,35.20006],[-120.83985,35.20024],[-120.83894,35.20011],[-120.83858,35.19987],[-120.83856,35.19966],[-120.83929,35.19943],[-120.83929,35.19871],[-120.83907,35.19896],[-120.8389,35.19868],[-120.83843,35.19862],[-120.83832,35.19875],[-120.83826,35.19854],[-120.83798,35.1988],[-120.83751,35.19861],[-120.83736,35.19873],[-120.8371,35.19866],[-120.83697,35.19824],[-120.83721,35.19796],[-120.83706,35.19794],[-120.83708,35.19762],[-120.83688,35.19745],[-120.83631,35.19799],[-120.83613,35.19783],[-120.8356,35.19799],[-120.83495,35.19743],[-120.83532,35.1972],[-120.8351,35.19722],[-120.83519,35.19706],[-120.8345,35.19729],[-120.83437,35.19706],[-120.8339,35.19692],[-120.8336,35.19685],[-120.83324,35.19697],[-120.83268,35.19678],[-120.83257,35.19654],[-120.83221,35.19638],[-120.83113,35.19629],[-120.83083,35.19645],[-120.83017,35.1962],[-120.83008,35.19641],[-120.82946,35.19652],[-120.82847,35.19638],[-120.82804,35.19648],[-120.82725,35.1961],[-120.82712,35.19568],[-120.82676,35.19566],[-120.82601,35.19471],[-120.82414,35.19463],[-120.82287,35.19431],[-120.82221,35.19389],[-120.82221,35.19364],[-120.82201,35.1935],[-120.82204,35.19322],[-120.82225,35.19305],[-120.82212,35.1928],[-120.82234,35.19252],[-120.8221,35.19242],[-120.82232,35.19233],[-120.82201,35.19233],[-120.82191,35.19259],[-120.82141,35.1925],[-120.82088,35.1928],[-120.82006,35.19215],[-120.82034,35.19171],[-120.81993,35.19175],[-120.82051,35.19135],[-120.81955,35.19159],[-120.81882,35.19126],[-120.8183,35.19128],[-120.81802,35.19112],[-120.81789,35.19089],[-120.81843,35.19052],[-120.81826,35.19038],[-120.81794,35.19052],[-120.81774,35.19035],[-120.81856,35.18977],[-120.81807,35.18965],[-120.81839,35.18945],[-120.81828,35.18936],[-120.81719,35.18931],[-120.81702,35.18898],[-120.81641,35.18896],[-120.81588,35.18912],[-120.81583,35.18896],[-120.81551,35.18917],[-120.81534,35.18905],[-120.81545,35.18879],[-120.8153,35.189],[-120.81493,35.18905],[-120.81448,35.18936],[-120.81341,35.1894],[-120.81268,35.18924],[-120.81227,35.18887],[-120.81223,35.1884],[-120.81242,35.18829],[-120.81244,35.18791],[-120.81281,35.18805],[-120.81294,35.18794],[-120.81167,35.18754],[-120.81146,35.18714],[-120.81126,35.18717],[-120.81099,35.18691],[-120.81084,35.187],[-120.81056,35.18675],[-120.81013,35.18687],[-120.80953,35.18675],[-120.80938,35.18652],[-120.80841,35.18637],[-120.80852,35.18621],[-120.80824,35.1864],[-120.80755,35.18607],[-120.80702,35.18609],[-120.80695,35.18582],[-120.80669,35.186],[-120.80626,35.18593],[-120.80614,35.18502],[-120.80695,35.185],[-120.80676,35.18488],[-120.80719,35.18468],[-120.80702,35.18456],[-120.80661,35.18463],[-120.80648,35.18452],[-120.8059,35.18477],[-120.80581,35.185],[-120.80539,35.185],[-120.80414,35.18435],[-120.80367,35.18433],[-120.80298,35.18407],[-120.80245,35.18351],[-120.80234,35.18314],[-120.80225,35.18324],[-120.80206,35.18309],[-120.80208,35.18319],[-120.80139,35.1833],[-120.80107,35.18305],[-120.80118,35.18288],[-120.80084,35.18291],[-120.80081,35.18268],[-120.80056,35.18277],[-120.80017,35.18235],[-120.79976,35.18244],[-120.79942,35.18221],[-120.79923,35.18238],[-120.79852,35.18235],[-120.7973,35.18174],[-120.79612,35.18137],[-120.79543,35.1807],[-120.79517,35.17988],[-120.79528,35.17967],[-120.79485,35.17953],[-120.79444,35.17918],[-120.79423,35.17875],[-120.7944,35.17856],[-120.79294,35.1786],[-120.7917,35.17925],[-120.79045,35.17925],[-120.78908,35.17898],[-120.78822,35.17832],[-120.78779,35.17816],[-120.78775,35.17789],[-120.78721,35.17798],[-120.7862,35.17786],[-120.78599,35.1774],[-120.78605,35.17721],[-120.7862,35.17721],[-120.78614,35.17705],[-120.78534,35.17702],[-120.7844,35.17628],[-120.78395,35.17567],[-120.78395,35.17495],[-120.78268,35.17405],[-120.78251,35.17339],[-120.783,35.17286],[-120.78285,35.17249],[-120.78243,35.17241]],[[-120.80193,35.18291],[-120.80208,35.18302],[-120.80193,35.18291]],[[-120.80028,35.18238],[-120.80032,35.18249],[-120.80056,35.18244],[-120.80028,35.18238]],[[-120.79734,35.18131],[-120.79734,35.18142],[-120.79734,35.18131]],[[-120.79457,35.17861],[-120.7947,35.17863],[-120.79457,35.17861]],[[-120.79412,35.17842],[-120.79425,35.17851],[-120.79412,35.17842]],[[-120.79101,35.17902],[-120.79105,35.17911],[-120.79101,35.17902]],[[-120.7885,35.17802],[-120.78863,35.17812],[-120.7885,35.17802]],[[-120.78854,35.17784],[-120.78873,35.17793],[-120.78854,35.17784]],[[-120.78622,35.17709],[-120.7864,35.17714],[-120.78622,35.17709]],[[-120.78642,35.17698],[-120.78646,35.17709],[-120.78642,35.17698]],[[-120.78427,35.1749],[-120.78436,35.17497],[-120.78427,35.1749]],[[-120.78395,35.17521],[-120.78395,35.17495],[-120.78268,35.17405],[-120.78251,35.17339],[-120.783,35.17286],[-120.78285,35.17249],[-120.78217,35.17225],[-120.78215,35.17205],[-120.78236,35.17202],[-120.78148,35.17186],[-120.78131,35.17155],[-120.78075,35.17153],[-120.78011,35.17091],[-120.78004,35.17042],[-120.77976,35.1703],[-120.77989,35.17002],[-120.77968,35.16983],[-120.77996,35.16941],[-120.7803,35.16927],[-120.77991,35.16905],[-120.77906,35.16897],[-120.77914,35.16832],[-120.77938,35.16834],[-120.77942,35.1682],[-120.77852,35.16793],[-120.77835,35.16763],[-120.77796,35.16751],[-120.7773,35.16753],[-120.77667,35.16725],[-120.77524,35.16707],[-120.77442,35.16711],[-120.77389,35.16667],[-120.77397,35.1663],[-120.77341,35.16618],[-120.77331,35.16548],[-120.77275,35.16509],[-120.77191,35.16483],[-120.77125,35.1642],[-120.77125,35.164],[-120.77056,35.16365],[-120.77015,35.16369],[-120.77011,35.16353],[-120.77004,35.16362],[-120.76891,35.16278],[-120.76745,35.16235],[-120.76717,35.16211],[-120.7664,35.1619],[-120.76618,35.16165],[-120.76511,35.16148],[-120.76455,35.16106],[-120.76389,35.16092],[-120.76313,35.16049],[-120.76221,35.16046],[-120.76159,35.16023],[-120.76123,35.15976],[-120.76058,35.15976],[-120.76032,35.1596],[-120.76,35.15978]],[[-120.78191,35.17183],[-120.782,35.17191],[-120.78191,35.17183]],[[-120.78161,35.1716],[-120.78172,35.17165],[-120.78161,35.1716]],[[-120.77931,35.16848],[-120.77938,35.16856],[-120.77931,35.16848]],[[-120.77831,35.16735],[-120.77841,35.16749],[-120.77831,35.16735]],[[-120.77755,35.1673],[-120.77749,35.16741],[-120.77755,35.1673]],[[-120.77298,35.16521],[-120.77307,35.16528],[-120.77298,35.16521]],[[-120.76801,35.16242],[-120.76811,35.16246],[-120.76801,35.16242]],[[-120.7679,35.16235],[-120.76803,35.16239],[-120.7679,35.16235]],[[-120.76344,35.16056],[-120.76344,35.16062]],[[-120.7611,35.15969],[-120.76123,35.15971],[-120.7611,35.15969]],[[-120.7558,35.17384],[-120.75397,35.17511],[-120.75264,35.17563],[-120.7526,35.17583],[-120.75234,35.17584],[-120.7523,35.17607],[-120.75191,35.17635],[-120.74876,35.17754],[-120.7458,35.17823],[-120.74481,35.17826],[-120.74239,35.17809],[-120.74187,35.17795],[-120.74185,35.17775],[-120.74153,35.17788],[-120.74071,35.17772],[-120.74041,35.178],[-120.73915,35.17849],[-120.73874,35.17846],[-120.73835,35.17861],[-120.73822,35.17918]],[[-120.73983,35.17793],[-120.73985,35.17804],[-120.73983,35.17793]],[[-120.73872,35.17814],[-120.73865,35.17832],[-120.7388,35.17826],[-120.73872,35.17814]],[[-120.72657,35.17551],[-120.72653,35.1756],[-120.72657,35.17551]],[[-120.72232,35.17493],[-120.72232,35.17516],[-120.72232,35.17493]],[[-120.71874,35.17363],[-120.71846,35.1739],[-120.71863,35.17404],[-120.71882,35.1737],[-120.71874,35.17363],[-120.71846,35.1739],[-120.71863,35.17404],[-120.71874,35.17363]],[[-120.71739,35.17393],[-120.71743,35.17404],[-120.71739,35.17393]],[[-120.71125,35.17458],[-120.71168,35.17479],[-120.71125,35.17458]],[[-120.70767,35.17398],[-120.70795,35.17416],[-120.70767,35.17398]],[[-120.71861,35.17348],[-120.71855,35.1736],[-120.71861,35.17348]],[[-120.70548,35.1737],[-120.70554,35.17379],[-120.70548,35.1737]],[[-120.73799,35.17932],[-120.7373,35.17891],[-120.73651,35.17868],[-120.73166,35.17781],[-120.72788,35.17675],[-120.72775,35.17649],[-120.7276,35.17654],[-120.72737,35.1763],[-120.72664,35.17611],[-120.72638,35.17576],[-120.72614,35.1757],[-120.72601,35.17542],[-120.72621,35.17484],[-120.72518,35.17419],[-120.72464,35.17465],[-120.7246,35.17491],[-120.72352,35.17502],[-120.72314,35.17556],[-120.72269,35.17561],[-120.72245,35.17546],[-120.72256,35.17505],[-120.72198,35.17546],[-120.72159,35.1754],[-120.72136,35.17498],[-120.72069,35.17526],[-120.71975,35.17523],[-120.719,35.17474],[-120.71906,35.17442],[-120.71882,35.17462],[-120.71861,35.17439],[-120.71762,35.17432],[-120.71749,35.17426],[-120.7176,35.17418],[-120.71711,35.17398],[-120.71681,35.17391],[-120.71661,35.17404],[-120.71642,35.17388],[-120.71621,35.17404],[-120.71694,35.17556],[-120.71608,35.17588],[-120.71503,35.17602],[-120.71355,35.17579],[-120.71202,35.17535],[-120.71144,35.17476],[-120.71093,35.17454],[-120.71056,35.17479],[-120.71011,35.17458],[-120.71018,35.17467],[-120.70992,35.1747],[-120.70966,35.17497],[-120.70891,35.1747],[-120.7081,35.17419],[-120.70704,35.17405],[-120.70683,35.17423],[-120.70623,35.1739],[-120.70623,35.17407],[-120.7061,35.17407],[-120.70569,35.17376],[-120.70565,35.17393],[-120.70481,35.17356],[-120.70471,35.17332],[-120.7043,35.17326],[-120.70419,35.17314],[-120.70434,35.17309],[-120.70404,35.17286],[-120.70348,35.17262],[-120.70335,35.17277],[-120.70301,35.17267],[-120.70271,35.17241]],[[-120.70265,35.17241],[-120.70262,35.17241]],[[-120.76344,35.16067],[-120.76286,35.16044],[-120.76221,35.16046],[-120.76144,35.16014],[-120.76123,35.15976],[-120.76058,35.15976],[-120.76032,35.1596],[-120.76013,35.15978],[-120.75809,35.15985],[-120.75696,35.16027],[-120.75663,35.16023],[-120.75638,35.15992],[-120.7562,35.15997]],[[-120.7558,35.17384],[-120.75374,35.17521]],[[-120.75612,35.16009],[-120.75627,35.16093],[-120.75603,35.16258],[-120.75616,35.16363],[-120.75642,35.16413],[-120.75646,35.16497],[-120.75678,35.16518],[-120.75689,35.16546],[-120.75683,35.16599],[-120.75721,35.16667],[-120.75713,35.16732],[-120.75726,35.16751],[-120.75713,35.16765],[-120.75728,35.16841],[-120.75713,35.16914],[-120.75642,35.17039]],[[-120.75809,35.15956],[-120.75822,35.15965],[-120.75809,35.15956]],[[-120.75711,35.15956],[-120.75715,35.15965],[-120.75711,35.15956]],[[-120.75642,35.15974],[-120.75653,35.15986],[-120.75642,35.15974]],[[-120.75447,35.16242],[-120.7544,35.16255],[-120.75466,35.16276],[-120.75507,35.16283],[-120.75502,35.16267],[-120.75447,35.16242]],[[-120.75593,35.16037],[-120.75597,35.16055],[-120.7561,35.16042],[-120.75593,35.16037]],[[-120.75427,35.15937],[-120.75419,35.15958],[-120.75449,35.15988],[-120.75509,35.15978]],[[-120.75522,35.15965],[-120.75513,35.15932],[-120.7549,35.15932],[-120.75457,35.15906],[-120.75464,35.15921],[-120.7544,35.1592]],[[-120.75114,35.15595],[-120.75127,35.15614],[-120.75114,35.15595]],[[-120.6775,35.15504],[-120.67765,35.15507],[-120.6775,35.15504]],[[-120.67597,35.15218],[-120.6758,35.15234],[-120.67593,35.15248],[-120.6761,35.15225],[-120.67597,35.15218]],[[-120.67514,35.15327],[-120.67505,35.15334],[-120.67514,35.15327]],[[-120.67441,35.15121],[-120.67454,35.15135],[-120.67441,35.15121]],[[-120.72614,35.17521],[-120.72621,35.17484],[-120.72518,35.17419],[-120.72464,35.17465],[-120.7246,35.17491],[-120.72352,35.17502],[-120.72335,35.17521]],[[-120.7226,35.17521],[-120.72256,35.17505],[-120.72243,35.17521]],[[-120.7223,35.17521],[-120.72219,35.17521]],[[-120.72155,35.17521],[-120.72136,35.17498],[-120.72082,35.17521]],[[-120.71975,35.17521],[-120.719,35.17474],[-120.71906,35.17442],[-120.71882,35.17462],[-120.71861,35.17439],[-120.71762,35.17432],[-120.71739,35.17409],[-120.71692,35.17391],[-120.71661,35.17404],[-120.71651,35.17388],[-120.71621,35.17404],[-120.71646,35.17477],[-120.71683,35.17521]],[[-120.71185,35.17521],[-120.71144,35.17476],[-120.71093,35.17454],[-120.71056,35.17479],[-120.71011,35.17458],[-120.71018,35.17467],[-120.70992,35.1747],[-120.70966,35.17497],[-120.70891,35.1747],[-120.7081,35.17419],[-120.70704,35.17405],[-120.70683,35.17423],[-120.70623,35.1739],[-120.70623,35.17407],[-120.7061,35.17407],[-120.70569,35.17376],[-120.70565,35.17393],[-120.70481,35.17356],[-120.70471,35.17332],[-120.7043,35.17326],[-120.7043,35.17305],[-120.70348,35.17262],[-120.70329,35.17276],[-120.70254,35.17226],[-120.70267,35.17244],[-120.70228,35.17219],[-120.70177,35.17214],[-120.70166,35.17191],[-120.70136,35.17197],[-120.70117,35.17179],[-120.70086,35.1719],[-120.70076,35.17176],[-120.70018,35.17169],[-120.70007,35.17153],[-120.69979,35.17162],[-120.69964,35.17142],[-120.69906,35.17132],[-120.69816,35.17051],[-120.69674,35.16877],[-120.6958,35.16839],[-120.69368,35.16662],[-120.69241,35.16527],[-120.69239,35.16504],[-120.692,35.16509],[-120.69129,35.16486],[-120.6905,35.16414],[-120.6908,35.16404],[-120.69024,35.16409],[-120.69044,35.16386],[-120.69003,35.16385],[-120.68913,35.16263],[-120.68923,35.16249],[-120.68911,35.16241],[-120.68945,35.16218],[-120.68893,35.16237],[-120.689,35.16218],[-120.68876,35.16218],[-120.68876,35.16202],[-120.68863,35.16206],[-120.68816,35.16163],[-120.68664,35.15969],[-120.6867,35.15949],[-120.68621,35.15958],[-120.68612,35.15935],[-120.68584,35.15942],[-120.68539,35.15916],[-120.68539,35.15899],[-120.68499,35.15918],[-120.68415,35.15899],[-120.68346,35.15839],[-120.68355,35.15816],[-120.6834,35.15813],[-120.68357,35.15797],[-120.68333,35.15797],[-120.68353,35.15783],[-120.6834,35.15776],[-120.68286,35.15814],[-120.68254,35.15806],[-120.68089,35.15856],[-120.68057,35.15851],[-120.67994,35.15779],[-120.67994,35.15758],[-120.67919,35.15742],[-120.67846,35.15686],[-120.67812,35.15621],[-120.6776,35.15576],[-120.67707,35.15495],[-120.6772,35.15464],[-120.67642,35.15474],[-120.67606,35.15442],[-120.67615,35.1543],[-120.67574,35.15428],[-120.67497,35.15392],[-120.67473,35.15344],[-120.67494,35.1533],[-120.67482,35.15314],[-120.67509,35.15306],[-120.67456,35.15306],[-120.67348,35.15272],[-120.67211,35.15285]],[[-120.67325,35.15199],[-120.67314,35.15213],[-120.67361,35.15213],[-120.67325,35.15199],[-120.67314,35.15213],[-120.67361,35.15213],[-120.67325,35.15199]],[[-120.67297,35.152],[-120.6728,35.15211],[-120.67303,35.15211],[-120.67297,35.152],[-120.6728,35.15211],[-120.67303,35.15211],[-120.67297,35.152]],[[-120.67383,35.15114],[-120.67312,35.15149],[-120.67381,35.15135],[-120.67383,35.15114],[-120.67312,35.15149],[-120.67381,35.15135],[-120.67383,35.15114]],[[-120.67554,35.1533],[-120.67554,35.15334]],[[-120.67554,35.15423],[-120.67499,35.15395],[-120.67499,35.15374],[-120.67475,35.15357],[-120.67475,35.15335],[-120.67494,35.1533],[-120.67482,35.15314],[-120.67509,35.15306],[-120.67456,35.15306],[-120.67348,35.15272],[-120.67284,35.15272],[-120.67061,35.15311],[-120.67003,35.15285],[-120.67003,35.15255],[-120.66964,35.15242],[-120.66952,35.15223],[-120.66896,35.1522],[-120.669,35.15202],[-120.66724,35.15242],[-120.66628,35.15313],[-120.66582,35.15316],[-120.6655,35.15295],[-120.66542,35.1532],[-120.66501,35.15311],[-120.66439,35.15344],[-120.66368,35.15328],[-120.66325,35.15351],[-120.66252,35.15339],[-120.66145,35.15278],[-120.66175,35.15258],[-120.6616,35.15234],[-120.6613,35.15225],[-120.6613,35.15202],[-120.66005,35.152],[-120.66014,35.15169],[-120.65988,35.15156],[-120.65939,35.1516],[-120.65907,35.15179],[-120.65816,35.15111],[-120.65806,35.15074],[-120.65765,35.1506],[-120.65722,35.15083],[-120.65643,35.15074],[-120.65501,35.14971],[-120.65398,35.14935],[-120.65387,35.1489],[-120.65394,35.14871],[-120.65428,35.14856],[-120.65426,35.14835],[-120.65404,35.14846],[-120.65383,35.14834],[-120.65331,35.14863],[-120.65325,35.14839],[-120.65284,35.14823],[-120.65233,35.14813],[-120.65203,35.14827],[-120.65198,35.14813],[-120.65149,35.14809],[-120.65119,35.14783],[-120.65093,35.14788],[-120.65098,35.14778],[-120.6502,35.1473],[-120.65014,35.14697],[-120.64982,35.14706],[-120.64945,35.14672],[-120.64666,35.14342],[-120.6445,35.13995],[-120.64349,35.1379],[-120.64233,35.13625],[-120.6396,35.13163],[-120.63623,35.12382],[-120.6331,35.11317],[-120.63179,35.10667],[-120.63102,35.10053]],[[-120.67155,35.15186],[-120.67145,35.15207],[-120.67155,35.15186]],[[-120.67029,35.15197],[-120.6702,35.15209],[-120.67029,35.15197]],[[-120.66997,35.15221],[-120.66984,35.15239],[-120.66999,35.15249],[-120.66997,35.15221]],[[-120.67003,35.15142],[-120.66984,35.15171],[-120.67024,35.1516],[-120.67033,35.15146],[-120.67003,35.15142]],[[-120.66941,35.15193],[-120.66936,35.15206],[-120.66956,35.15204],[-120.66941,35.15193]],[[-120.66956,35.15171],[-120.66941,35.15185],[-120.66956,35.15171]],[[-120.6684,35.152],[-120.66821,35.15206],[-120.6684,35.152]],[[-120.66844,35.15134],[-120.66842,35.15167],[-120.6678,35.15176],[-120.66795,35.15197],[-120.66857,35.15197],[-120.66876,35.15185],[-120.66872,35.15135],[-120.66844,35.15134]],[[-120.66763,35.15181],[-120.66758,35.15193],[-120.66763,35.15181]],[[-120.65932,35.14937],[-120.65887,35.14953],[-120.65887,35.14981],[-120.65926,35.14976],[-120.65932,35.14937]],[[-120.65844,35.14992],[-120.65838,35.15002],[-120.65857,35.15002],[-120.65844,35.14992]],[[-120.65696,35.15035],[-120.65688,35.15042],[-120.65696,35.15035]],[[-120.65668,35.1499],[-120.65664,35.14999],[-120.65668,35.1499]],[[-120.65334,35.1482],[-120.65344,35.14823],[-120.65334,35.1482]],[[-120.65192,35.14799],[-120.65188,35.14807],[-120.65192,35.14799]],[[-120.6313,35.10334],[-120.63117,35.10106],[-120.63087,35.09988],[-120.63033,35.09428],[-120.63029,35.09154],[-120.62995,35.08905],[-120.62999,35.08566],[-120.62978,35.08473],[-120.6298,35.08064],[-120.6296,35.07965],[-120.62984,35.07755],[-120.62954,35.07398],[-120.63005,35.06773],[-120.62986,35.06652],[-120.63029,35.06436],[-120.63059,35.05745],[-120.63151,35.04929],[-120.63302,35.04049],[-120.63302,35.03964],[-120.63329,35.03883],[-120.63422,35.03205],[-120.63428,35.03051],[-120.63469,35.02859]],[[-120.63422,35.0314],[-120.63437,35.03],[-120.63546,35.02499],[-120.63608,35.02014],[-120.63851,35.01098],[-120.63915,35.00759],[-120.6396,35.00655],[-120.64031,35.00274],[-120.6407,35.00184],[-120.64074,35.00086],[-120.6431,34.99239],[-120.64353,34.99151],[-120.64404,34.98931],[-120.6445,34.98813],[-120.64495,34.98604],[-120.64555,34.98456],[-120.64681,34.97976],[-120.64759,34.97778],[-120.64816,34.97523],[-120.64887,34.97384],[-120.64919,34.97226],[-120.65175,34.9651],[-120.65183,34.9639],[-120.65263,34.96213],[-120.65432,34.95659]],[[-120.65346,34.9594],[-120.65492,34.95469],[-120.6563,34.95133],[-120.6566,34.9495],[-120.65709,34.94848],[-120.65722,34.9476],[-120.65842,34.94438],[-120.65889,34.94213],[-120.65952,34.94062],[-120.65964,34.93967],[-120.66018,34.93879],[-120.66052,34.93724],[-120.66166,34.93522],[-120.6622,34.93379],[-120.66261,34.93376],[-120.66254,34.93339],[-120.66288,34.93378],[-120.66346,34.93353],[-120.6634,34.9333],[-120.66389,34.9333],[-120.66361,34.93267],[-120.66389,34.93152],[-120.66516,34.93128],[-120.66529,34.93117],[-120.66518,34.93105],[-120.66542,34.93091],[-120.66576,34.93117],[-120.66597,34.93114],[-120.66608,34.931],[-120.66572,34.93086],[-120.66589,34.93079],[-120.66548,34.93068],[-120.66578,34.93054],[-120.66574,34.93029],[-120.6666,34.9305],[-120.66664,34.9304],[-120.66628,34.93027],[-120.66705,34.93026],[-120.66668,34.93019],[-120.66703,34.93008],[-120.66662,34.92998],[-120.6667,34.92982],[-120.66653,34.92971],[-120.66709,34.92964],[-120.66707,34.92954],[-120.66619,34.92917],[-120.66518,34.92901],[-120.66535,34.92894],[-120.66503,34.92869],[-120.66409,34.92859],[-120.66383,34.92779],[-120.66361,34.92611],[-120.66376,34.92417],[-120.66404,34.92174],[-120.66459,34.92]],[[-120.66404,34.93342],[-120.66321,34.93378],[-120.66374,34.93365],[-120.66404,34.93342]],[[-120.66443,34.93305],[-120.66432,34.93312],[-120.66443,34.93305]],[[-120.66533,34.93154],[-120.66544,34.93159],[-120.66533,34.93154]],[[-120.664,34.93281],[-120.66391,34.93312],[-120.66406,34.93325],[-120.66419,34.93305],[-120.664,34.93281]],[[-120.66593,34.92901],[-120.6661,34.92903],[-120.66593,34.92901]],[[-120.66516,34.92873],[-120.66531,34.92878],[-120.66516,34.92873]],[[-120.66456,34.92853],[-120.66445,34.92857],[-120.66456,34.92853]]]}},{"type":"Feature","properties":{"ATTRIBUTE":"Natural.Mean High Water","SRC_DATE":"20100531","SRC_CITA":"USDA-FSA Aerial Photography Field Office","DATA_SOURC":"Aerial Photography","EXT_METH":"Mono","HOR_ACC":"9","DAT_SET_CR":"NOAA"},"geometry":{"type":"MultiLineString","coordinates":[[[-120.90808,35.44901],[-120.90808,35.44922],[-120.90763,35.44966]],[[-120.90724,35.44985],[-120.90782,35.44898]]]}},{"type":"Feature","properties":{"ATTRIBUTE":"Natural.Mean High Water","SRC_DATE":"20100823","SRC_CITA":"USDA-FSA Aerial Photography Field Office","DATA_SOURC":"Aerial Photography","EXT_METH":"Mono","HOR_ACC":"9","DAT_SET_CR":"NOAA"},"geometry":{"type":"MultiLineString","coordinates":[[[-120.97048,35.45987],[-120.97048,35.46001],[-120.97115,35.46041],[-120.97087,35.46063],[-120.97031,35.46072],[-120.97027,35.46097],[-120.97007,35.46104],[-120.97003,35.46132],[-120.97035,35.46175],[-120.97136,35.46224],[-120.97224,35.4624],[-120.97291,35.46203],[-120.97372,35.46221],[-120.97381,35.4624],[-120.97378,35.46268],[-120.97368,35.46223],[-120.97308,35.46209],[-120.97245,35.46242],[-120.97215,35.46242],[-120.97123,35.4623],[-120.97112,35.4621],[-120.97033,35.46193],[-120.96994,35.46142],[-120.96994,35.46088],[-120.96977,35.46144],[-120.96975,35.46081],[-120.97024,35.46058],[-120.97095,35.46053],[-120.97085,35.46022],[-120.97044,35.46002],[-120.97085,35.46022],[-120.97095,35.46053],[-120.97024,35.46058],[-120.96975,35.46081],[-120.96977,35.46144],[-120.96994,35.46088],[-120.96994,35.46142],[-120.97033,35.46193],[-120.97104,35.46207]],[[-120.97048,35.45987],[-120.97048,35.46001],[-120.97115,35.46041],[-120.97087,35.46063],[-120.97031,35.46072],[-120.97003,35.46132],[-120.97035,35.46175],[-120.97112,35.46207]],[[-120.97286,35.46207],[-120.97314,35.46207]],[[-120.85519,35.36104],[-120.85472,35.36069],[-120.85414,35.35936],[-120.85461,35.35806],[-120.85495,35.35764],[-120.8559,35.35752],[-120.85701,35.35759],[-120.85761,35.3578],[-120.85871,35.35703]],[[-120.73651,35.18058],[-120.73666,35.18033],[-120.73713,35.18016],[-120.73839,35.18067],[-120.73814,35.17937],[-120.73799,35.17932]]]}},{"type":"Feature","properties":{"ATTRIBUTE":"Natural.Mean High Water","SRC_DATE":"20101101","SRC_CITA":"JALBTCX","DATA_SOURC":"Lidar","EXT_METH":"Derived","HOR_ACC":"3.14","DAT_SET_CR":"NOAA"},"geometry":{"type":"MultiLineString","coordinates":[[[-121.34,35.78857],[-121.33865,35.78725],[-121.33805,35.78701],[-121.33807,35.78675],[-121.33773,35.78675]]]}}]}
