{"type":"FeatureCollection","schema_version":1,"region_id":"cambria-san-simeon","features":[{"type":"Feature","geometry":{"type":"Polygon","coordinates":[[[-121.16945007484993,35.59547485445044],[-121.16966187463196,35.59598229078556],[-121.17029657907547,35.59617270262575],[-121.17070923090998,35.59664927990129],[-121.17074610533399,35.59691240871122],[-121.16750651197692,35.598000972265],[-121.16701405077231,35.598039845910726],[-121.16651088425587,35.597818664366436],[-121.16592003998498,35.597340260581234],[-121.16560626207895,35.596840829132205],[-121.16544037713456,35.595991769251604],[-121.1656234119949,35.59552399222433],[-121.16617354374667,35.59524933615955],[-121.16621396816281,35.594933575050895],[-121.1667885887039,35.59475769074199],[-121.16687094096409,35.594366271333506],[-121.16722120975501,35.5941657966983],[-121.1689250479623,35.594967367109454],[-121.16945007484993,35.59547485445044]]]},"properties":{"id":"CSS-GEO-001","unit":"Jo?","label":"Coast Range ophiolite","kind":"rock","latitude":35.59608091068535,"longitude":-121.16777972658791,"area_km2":0.126,"source_id":"usgs-san-simeon","source_url":"https://pubs.usgs.gov/sim/3327/","publication_year":2015,"depth_qualified":false,"fishing_target":false}},{"type":"Feature","geometry":{"type":"Polygon","coordinates":[[[-121.16149800611632,35.623500938823526],[-121.16171291217132,35.623749837536344],[-121.16248615841369,35.622386175413624],[-121.16309902585611,35.62277213884751],[-121.16356706936304,35.623352385784294],[-121.16442089975334,35.623725642618645],[-121.1648929197885,35.625010049804935],[-121.16530308763606,35.625491160921385],[-121.16562349082703,35.62551241635243],[-121.16567727850314,35.62579160284606],[-121.16659040476846,35.627082722067286],[-121.1668710898964,35.627086994750854],[-121.16672401931706,35.627379498175046],[-121.16639986950419,35.62752193352115],[-121.16574057309809,35.62916572272501],[-121.16549749521204,35.62936521926463],[-121.16520450767251,35.62915791825483],[-121.16531777242483,35.62903343468236],[-121.16492781677893,35.62870295497814],[-121.16478852956098,35.628033726710925],[-121.16427091490651,35.627418109391314],[-121.16334648902792,35.62680902475505],[-121.16333101092783,35.626520308584034],[-121.16345703694171,35.62645011044162],[-121.16336490013788,35.62634052532207],[-121.16317854295077,35.62642783323852],[-121.1630485633894,35.62631767070933],[-121.16292744648644,35.62582021982743],[-121.16207502197034,35.62480632700151],[-121.16161035599868,35.62451075489769],[-121.16109500172612,35.62387183696398],[-121.16061761137112,35.62350394680404],[-121.16066382557321,35.62341450256326],[-121.16020727560392,35.62310101911287],[-121.15984408824343,35.622152657164385],[-121.15995735071223,35.622028178450456],[-121.15989732319247,35.621756813016255],[-121.15931412872608,35.621188974807126],[-121.15874994219419,35.61923986660072],[-121.16221267102138,35.61924003762428],[-121.16266132739824,35.62086601526191],[-121.16260400305812,35.62161837008608],[-121.16149800611632,35.623500938823526]]]},"properties":{"id":"CSS-GEO-002","unit":"KJf","label":"Franciscan Complex, undivided","kind":"rock","latitude":35.624216151298775,"longitude":-121.1629814810454,"area_km2":0.268,"source_id":"usgs-san-simeon","source_url":"https://pubs.usgs.gov/sim/3327/","publication_year":2015,"depth_qualified":false,"fishing_target":false}},{"type":"Feature","geometry":{"type":"Polygon","coordinates":[[[-121.16959230218761,35.631495214544636],[-121.17019389298574,35.63201956544634],[-121.17083445205454,35.632372769408676],[-121.17115346989279,35.632220190011054],[-121.17105419439022,35.63196107753533],[-121.17081211974913,35.631814287568254],[-121.17090299902456,35.63167255465029],[-121.17147541983996,35.63193885141127],[-121.17163566725527,35.63259960736095],[-121.17148863085531,35.63289791274216],[-121.17172679819791,35.633216378888676],[-121.17260945647685,35.63371636215143],[-121.17288410761124,35.632432507211206],[-121.17407048178656,35.633452296331086],[-121.17447321430356,35.63347271341524],[-121.17485419347396,35.63367884770079],[-121.17479381227386,35.63402140543757],[-121.17503459868576,35.634225413354145],[-121.17538476228444,35.63424503077081],[-121.17581311800178,35.63468086125353],[-121.17602373706268,35.634669740239055],[-121.17570507926581,35.634035213673684],[-121.17571288378214,35.63369185895794],[-121.17606467092058,35.63363994227826],[-121.1763583575896,35.633830437464866],[-121.17648492945663,35.63366061809515],[-121.17671112002834,35.6337355996542],[-121.17700026030289,35.63412638409863],[-121.17774536448671,35.63450975709845],[-121.17804393123048,35.634485652000436],[-121.17855732724766,35.63503725025051],[-121.18001609556168,35.635646071950305],[-121.18184941512621,35.63674711855133],[-121.18261986855299,35.63678737141348],[-121.18310506384493,35.6370379868296],[-121.18337607313768,35.63745710550729],[-121.18363927566038,35.63744676450953],[-121.18395116741233,35.637608893413294],[-121.18388175525762,35.638352038446484],[-121.18436534545646,35.638674181441566],[-121.18394833662192,35.63928328187219],[-121.18408465722008,35.63945707384374],[-121.18451174573829,35.639177286800084],[-121.18487848914997,35.639240060922674],[-121.18510659377087,35.63845637310826],[-121.18539999647439,35.63866115461849],[-121.18549964969115,35.63890594922367],[-121.18574339064135,35.638981178531516],[-121.18576582680016,35.6395396600927],[-121.1854292796167,35.639692014803906],[-121.18542475024981,35.639892305413916],[-121.18612772088328,35.63981702852186],[-121.18669410843867,35.640355079773684],[-121.18684311344653,35.64074373085494],[-121.18666054408617,35.64080751612709],[-121.18608525507126,35.64038234744885],[-121.18551118385291,35.64037369834646],[-121.18507774502429,35.64000656810138],[-121.18489784701295,35.64014809594345],[-121.18441617488821,35.639960534902016],[-121.1838412913168,35.63998792570434],[-121.18358916321364,35.63984525267628],[-121.18335508937555,35.63902500589815],[-121.18256224252457,35.637949277100006],[-121.18196407016983,35.63803039685568],[-121.18160072650267,35.63792208805936],[-121.1808682951887,35.63765325019853],[-121.18045819627622,35.63723236615766],[-121.1798367223298,35.63736721339665],[-121.17922996839664,35.63685320245281],[-121.17911834780948,35.636905604768536],[-121.17844413996683,35.63644466004063],[-121.17711124312963,35.636785089082],[-121.17641588029178,35.63670779022059],[-121.17597954568926,35.63604675594854],[-121.17620442541741,35.63586986266593],[-121.17605192567444,35.63577740371273],[-121.17514057041983,35.636034044999235],[-121.17483885142494,35.63570493379308],[-121.17462428945656,35.635851264949316],[-121.17162055271432,35.63349252545062],[-121.17150729087345,35.633617014968856],[-121.17125306791834,35.633564393353296],[-121.1710155523603,35.633326396039905],[-121.17033361010874,35.63320785679796],[-121.17007402080831,35.63296952228948],[-121.16928498449838,35.63270510967168],[-121.16917870844537,35.63252319389666],[-121.16880709319175,35.63235527357891],[-121.16811290623738,35.63153336534539],[-121.16831088847465,35.63080309804196],[-121.16866690886056,35.630565219133366],[-121.16899789889248,35.630656119949684],[-121.16939278471757,35.631019907235206],[-121.16959230218761,35.631495214544636]]]},"properties":{"id":"CSS-GEO-003","unit":"KJf","label":"Franciscan Complex, undivided","kind":"rock","latitude":35.63567264948107,"longitude":-121.17723711285011,"area_km2":0.285,"source_id":"usgs-san-simeon","source_url":"https://pubs.usgs.gov/sim/3327/","publication_year":2015,"depth_qualified":false,"fishing_target":false}},{"type":"Feature","geometry":{"type":"Polygon","coordinates":[[[-121.11322474022545,35.53418005626165],[-121.11345753593655,35.53445808007872],[-121.11329493297637,35.53470416631153],[-121.11385206112512,35.534723550725765],[-121.1141135699558,35.535481123671175],[-121.11541011174513,35.53559593380551],[-121.11606502658123,35.536159359093354],[-121.11604937631017,35.536346749532065],[-121.11566337713516,35.536532070272926],[-121.11565236467943,35.53679825499619],[-121.11589699649677,35.536974861393716],[-121.1164599472146,35.53699819339539],[-121.11671130146945,35.53738234419896],[-121.11664867811449,35.53774005789596],[-121.11632831258734,35.538057769808155],[-121.11628225427064,35.53832689546325],[-121.11732875119897,35.53911777326242],[-121.11724251755936,35.53950475456251],[-121.11673258189897,35.539878968515076],[-121.11686003378014,35.53997770809982],[-121.11733059835699,35.53978653755296],[-121.1176565732516,35.540034501556484],[-121.11810133357835,35.53991851373255],[-121.11818323809064,35.53998874305558],[-121.11817538074479,35.540140069623966],[-121.11793113550368,35.54027295392511],[-121.1179526352904,35.5406804258479],[-121.11763021671574,35.54099024318252],[-121.11761983557919,35.54123522603389],[-121.11783699149343,35.541341245107624],[-121.11833818620588,35.541303267821014],[-121.12008982059328,35.541795262373306],[-121.12033732083843,35.54200896178648],[-121.12062067281073,35.542644711076505],[-121.12060110541339,35.54287607515462],[-121.12021100262247,35.54320210872574],[-121.11975212640246,35.54417014478239],[-121.11981648913186,35.54534823409849],[-121.11998239638241,35.54585148934818],[-121.11904596690563,35.546187238393024],[-121.11886749846134,35.54664493472564],[-121.11841022133059,35.5467535543827],[-121.11818399850674,35.54708803164246],[-121.11832835176372,35.54819304468581],[-121.11826091084203,35.549373175764686],[-121.11816632695344,35.54971259243984],[-121.11777713813788,35.54988384922235],[-121.11704358599025,35.54796305501724],[-121.11634574228187,35.54670687339414],[-121.11540692936862,35.54539031631905],[-121.1128089651231,35.54099119666555],[-121.11220646453911,35.54010440756907],[-121.11132773143147,35.53918498647534],[-121.11144683057933,35.53853590994247],[-121.11238457133335,35.53693739308813],[-121.11298955684143,35.5362393185055],[-121.11268537406382,35.534565823180955],[-121.11322474022545,35.53418005626165]]]},"properties":{"id":"CSS-GEO-004","unit":"KJf","label":"Franciscan Complex, undivided","kind":"rock","latitude":35.54227264370772,"longitude":-121.11700631765756,"area_km2":0.6,"source_id":"usgs-san-simeon","source_url":"https://pubs.usgs.gov/sim/3327/","publication_year":2015,"depth_qualified":false,"fishing_target":false}},{"type":"Feature","geometry":{"type":"Polygon","coordinates":[[[-121.26093191384099,35.630082198691035],[-121.26014311960387,35.629415018272525],[-121.25968680208268,35.629291320130534],[-121.25923404121359,35.62900372481246],[-121.25932870599871,35.62860693519903],[-121.25985164919445,35.628309851262614],[-121.26136921143687,35.629251053263275],[-121.26183134535722,35.6289571802161],[-121.26229449485324,35.629021109981444],[-121.266693929031,35.63048027304409],[-121.26622382747156,35.63079086700215],[-121.26507970302787,35.630633863884455],[-121.26433101338145,35.63076360258419],[-121.26378965697859,35.63059185146005],[-121.26342594941221,35.63016502988881],[-121.26288814582821,35.62982937905149],[-121.2623749711668,35.62968145043266],[-121.26178213383109,35.63056289326332],[-121.26147021652447,35.63039444400261],[-121.2614184373236,35.63013606593022],[-121.26093191384099,35.630082198691035]]]},"properties":{"id":"CSS-GEO-005","unit":"KJug","label":"Unnamed graywacke","kind":"rock","latitude":35.629561005864154,"longitude":-121.26214352972399,"area_km2":0.062,"source_id":"usgs-san-simeon","source_url":"https://pubs.usgs.gov/sim/3327/","publication_year":2015,"depth_qualified":false,"fishing_target":false}},{"type":"Feature","geometry":{"type":"Polygon","coordinates":[[[-121.26444571947509,35.63235788428117],[-121.26514060751539,35.63206342401124],[-121.26494845538865,35.63166249773697],[-121.26521213517712,35.63140866558897],[-121.26676839897858,35.63107975778245],[-121.2679447488633,35.631073260472185],[-121.26758796598745,35.631653654490634],[-121.26700224663122,35.63220733264504],[-121.2658424186665,35.632776162584655],[-121.26583533647819,35.63310395452407],[-121.26559527254811,35.63359233911516],[-121.26561130419941,35.6341780944988],[-121.26588292996861,35.63488463658069],[-121.26680511622966,35.63602212128441],[-121.26717847272836,35.63600407371407],[-121.26751708470954,35.63626657624359],[-121.2671079665405,35.63661200496788],[-121.26605182434642,35.636362592420376],[-121.26544243790275,35.636681711141705],[-121.26513048928587,35.63651326974081],[-121.2649781436366,35.63559765603567],[-121.26376899504402,35.6357910178478],[-121.26322659420748,35.635666091534524],[-121.26315879293779,35.63482195817737],[-121.26213288841879,35.634502684570684],[-121.26174657747555,35.633794479140114],[-121.26170088071167,35.63325513632817],[-121.26216837565973,35.63286372648059],[-121.26277571774409,35.63263827902548],[-121.26444571947509,35.63235788428117]]]},"properties":{"id":"CSS-GEO-006","unit":"KJug","label":"Unnamed graywacke","kind":"rock","latitude":35.63398691969856,"longitude":-121.26372176440576,"area_km2":0.16,"source_id":"usgs-san-simeon","source_url":"https://pubs.usgs.gov/sim/3327/","publication_year":2015,"depth_qualified":false,"fishing_target":false}},{"type":"Feature","geometry":{"type":"Polygon","coordinates":[[[-121.25624216375853,35.64329360048017],[-121.25561185942836,35.64305190879694],[-121.25566034226956,35.642837937481765],[-121.25533832041509,35.64252915224774],[-121.25366302467818,35.64196818454449],[-121.25250342944217,35.64187980428781],[-121.2520898943499,35.64174857588239],[-121.2520073242405,35.64151481502365],[-121.25382572602334,35.641541197672304],[-121.25535348615372,35.641831683908656],[-121.25547197210406,35.641421943678544],[-121.25628297339946,35.64141580065855],[-121.25624420960507,35.641182676868816],[-121.25587720855901,35.640926909693015],[-121.2558818732887,35.64071230352464],[-121.25632198193992,35.64062922997255],[-121.25814230894221,35.64056612772486],[-121.25861613963522,35.64094865956758],[-121.25970845550688,35.64110756616488],[-121.25991551690635,35.64166513187119],[-121.25981663365233,35.642182496976766],[-121.25912621168051,35.64269131044352],[-121.25903042737944,35.64306560429021],[-121.25956689992125,35.64359215343151],[-121.25906510934307,35.64449726077377],[-121.2587544974015,35.64467166397387],[-121.25803109995627,35.644679090574826],[-121.25672003618791,35.644499111842855],[-121.25617619051806,35.64431234264601],[-121.25585377217782,35.64402144172727],[-121.25587995804631,35.64382503790884],[-121.25605561932773,35.64380969252015],[-121.25590769882365,35.64355709811663],[-121.25624216375853,35.64329360048017]]]},"properties":{"id":"CSS-GEO-007","unit":"KJug","label":"Unnamed graywacke","kind":"rock","latitude":35.64261117427451,"longitude":-121.2572963897406,"area_km2":0.158,"source_id":"usgs-san-simeon","source_url":"https://pubs.usgs.gov/sim/3327/","publication_year":2015,"depth_qualified":false,"fishing_target":false}},{"type":"Feature","geometry":{"type":"Polygon","coordinates":[[[-121.25155159271944,35.64432578230469],[-121.25152586905403,35.645506109988574],[-121.2517708570808,35.64633257984847],[-121.25146100237315,35.64647119654975],[-121.25040660296621,35.646581105692775],[-121.25016871549127,35.646434533896304],[-121.24972343689284,35.64574826473108],[-121.24905477962389,35.645255529666336],[-121.24897260670764,35.645003883101154],[-121.24986737886192,35.64517789618944],[-121.25037246525926,35.64513156759126],[-121.25052856146151,35.64500861024215],[-121.25053714092824,35.64461516728476],[-121.25087513755834,35.64419073160231],[-121.251421052314,35.644145522561686],[-121.25155159271944,35.64432578230469]]]},"properties":{"id":"CSS-GEO-008","unit":"KJug","label":"Unnamed graywacke","kind":"rock","latitude":35.6453819226983,"longitude":-121.2503657879334,"area_km2":0.036,"source_id":"usgs-san-simeon","source_url":"https://pubs.usgs.gov/sim/3327/","publication_year":2015,"depth_qualified":false,"fishing_target":false}},{"type":"Feature","geometry":{"type":"Polygon","coordinates":[[[-121.25606717304785,35.64529468195413],[-121.25637001939455,35.64547796211302],[-121.25631881455291,35.645817119724015],[-121.25655943252653,35.64583849352666],[-121.25684814377126,35.645663779104225],[-121.25687937933465,35.64523488495272],[-121.25771698977988,35.64501444524166],[-121.25788838169545,35.64519581948035],[-121.25746705143166,35.64542228529759],[-121.25728594806273,35.64568800590266],[-121.25834421127128,35.64539919671622],[-121.25875738791972,35.645548288391446],[-121.25886033782865,35.645853897090454],[-121.25782320348733,35.64617879478712],[-121.25750986320304,35.64647838155005],[-121.2566972548389,35.64655606642365],[-121.25634941866092,35.64642580350421],[-121.2556170618307,35.64684454217951],[-121.25561356197717,35.647005496169065],[-121.25602713008912,35.64713671328943],[-121.25567493678858,35.64753470125543],[-121.25514528349923,35.64737438937714],[-121.25486442732054,35.64715268416056],[-121.25476490888425,35.64672485713565],[-121.25497104505007,35.646316388226616],[-121.25523201716199,35.64640961722015],[-121.25580322811545,35.64634633532738],[-121.25603049041374,35.645973948840776],[-121.25606717304785,35.64529468195413]]]},"properties":{"id":"CSS-GEO-009","unit":"KJug","label":"Unnamed graywacke","kind":"rock","latitude":35.64625342742046,"longitude":-121.25679960240734,"area_km2":0.035,"source_id":"usgs-san-simeon","source_url":"https://pubs.usgs.gov/sim/3327/","publication_year":2015,"depth_qualified":false,"fishing_target":false}},{"type":"Feature","geometry":{"type":"Polygon","coordinates":[[[-121.21849613656086,35.63885910560699],[-121.2186653677443,35.63814603561148],[-121.21855893557394,35.63701743305986],[-121.21888746087826,35.63603837959685],[-121.2195681505204,35.63597688822038],[-121.22019144991066,35.63553886824205],[-121.2209812703485,35.63549687118543],[-121.22193830296116,35.63483121043544],[-121.22144476339643,35.63435879885425],[-121.22140610274377,35.63412566657251],[-121.22195216981319,35.634205287604956],[-121.22215328591741,35.63402936325529],[-121.22245997044628,35.63403389046127],[-121.22298254801017,35.63418471737818],[-121.22395328463286,35.63487883335385],[-121.2246705050843,35.634155945594856],[-121.22528901678841,35.63393250073508],[-121.22705548367415,35.633947840861055],[-121.2265618514093,35.63356393617242],[-121.22639113476987,35.63298058478587],[-121.22645481799698,35.632175845240276],[-121.22630621908048,35.63163029244575],[-121.22738867577148,35.63145886299636],[-121.22769355132931,35.63116356284054],[-121.22775680574767,35.63037755286025],[-121.22763445202725,35.62968249448213],[-121.22773201158924,35.62942161593808],[-121.22803398363844,35.629257429121175],[-121.22893203971364,35.62912074592834],[-121.22948978463636,35.62853831030201],[-121.2291784035434,35.62835616348265],[-121.22881050375548,35.62838822652966],[-121.2285994787075,35.6285912271092],[-121.22811893458267,35.62852794796436],[-121.22753504275889,35.62898777362274],[-121.2273915989556,35.62924797577383],[-121.22728595782141,35.630913987497394],[-121.22711749777204,35.63126750496586],[-121.22629196877436,35.63123661228066],[-121.22575931441342,35.631453606222586],[-121.22532422722988,35.631409722402715],[-121.22502099904402,35.63163009368658],[-121.22510879246346,35.63284927203757],[-121.22449693554312,35.63353350983094],[-121.22403474959495,35.63367658864774],[-121.22339813546844,35.633404884686904],[-121.22265813936576,35.633656279427456],[-121.22109341431982,35.63383927874431],[-121.22083729904641,35.634004125081695],[-121.22029215191633,35.63478301015092],[-121.2191967537209,35.635535018877064],[-121.21875707728154,35.6356971468907],[-121.21841388103522,35.635679766215],[-121.21855202628623,35.633333093447234],[-121.21898812782774,35.63093467950158],[-121.21903059969948,35.62948906020034],[-121.21793200023559,35.62560264763408],[-121.21762861356599,35.6249801951473],[-121.21705634044802,35.62429903826547],[-121.21873158772614,35.624300659481264],[-121.21891593868558,35.623891930524316],[-121.218770948292,35.62351410916727],[-121.21809631663159,35.623307346604854],[-121.2161244585606,35.62363506096592],[-121.21571915126347,35.62310578239885],[-121.21307642501556,35.62056209308497],[-121.20994336472005,35.616414938921345],[-121.21118566382629,35.61728877043286],[-121.21310086871911,35.61824815041241],[-121.2140820981234,35.618662720426556],[-121.21610345796586,35.61919357829564],[-121.21912878196105,35.61910954335736],[-121.22113606474366,35.61869554860489],[-121.22223738441113,35.61882630156716],[-121.2250856752519,35.61842465062827],[-121.2272041939202,35.6185274079285],[-121.2278790079189,35.61892374962254],[-121.22911704774205,35.61921387690868],[-121.22939108478558,35.6195041366134],[-121.22934910120246,35.61981837247149],[-121.23043878761185,35.62047840626178],[-121.23051788498667,35.62086597979489],[-121.23147435042033,35.62120919228331],[-121.23216169088575,35.62183467931629],[-121.23234687646078,35.622180874291324],[-121.2328856611205,35.62238914152193],[-121.23498237475229,35.62269180554082],[-121.23637077168705,35.622659991283605],[-121.23639745446988,35.62290574037256],[-121.23700634542402,35.62311501587744],[-121.23923951269906,35.62359134168877],[-121.23996982143333,35.62385962431482],[-121.24264485993609,35.62417060461011],[-121.24336392477682,35.6241524713458],[-121.24401633892143,35.62397593523395],[-121.24421816290857,35.62356384231694],[-121.2447982904884,35.62348642877563],[-121.24550890711622,35.623854570886465],[-121.24684021305708,35.62422712241002],[-121.24866402732745,35.62505972833738],[-121.25080535023157,35.62580610837111],[-121.25071155499776,35.62647958821534],[-121.25141114671761,35.6272860604551],[-121.251400437159,35.62777774593101],[-121.25099333831878,35.62802946481148],[-121.25019086992326,35.627994387949215],[-121.2490585682666,35.62729872265194],[-121.24836673234154,35.62745260912857],[-121.24765234873637,35.62732511210354],[-121.24682019034,35.627336422628545],[-121.24640127937164,35.626815062841764],[-121.24497355677417,35.62651321494591],[-121.24350282478177,35.626866508945604],[-121.2430951946537,35.627141614419735],[-121.243055243822,35.62765629319077],[-121.24194447433024,35.62860034189037],[-121.24122291196801,35.6288005955668],[-121.24059148346633,35.62881479311472],[-121.24037842084765,35.62937378319213],[-121.24100266998933,35.629687373753015],[-121.24102416599459,35.6300155812892],[-121.24061959032669,35.63015019658829],[-121.23990519716584,35.63002265331566],[-121.23866791837297,35.63019193185663],[-121.23770004894324,35.62984988024467],[-121.2364382066257,35.629831408912004],[-121.23553451285316,35.63010643047073],[-121.2362218404432,35.63053929857621],[-121.2362192590072,35.63130801837314],[-121.23570038838008,35.631634614591114],[-121.23515971319186,35.63230648957043],[-121.23485224656737,35.63233776252656],[-121.23411716067243,35.63288155671097],[-121.23274388874295,35.634543014962546],[-121.23273273946943,35.634929283784174],[-121.23284884265814,35.63493814106119],[-121.23278519362134,35.63683348159619],[-121.2320327160275,35.63816413930416],[-121.23237417271332,35.63858060738463],[-121.23226069606899,35.63875783542211],[-121.23182530528845,35.6386262180429],[-121.23151071915365,35.63897938506753],[-121.23134514798355,35.63953152418431],[-121.23151449677371,35.63980235202377],[-121.23145609706093,35.64046340062827],[-121.23056383034206,35.642167671330505],[-121.22997843175882,35.6428746413446],[-121.22977060140508,35.64335459924946],[-121.22932374474412,35.64374159435706],[-121.22809764402957,35.64368777906824],[-121.22728306948743,35.643854683101885],[-121.22619000253815,35.64373125052001],[-121.2238159431773,35.644054040321436],[-121.22344468216701,35.64399489563832],[-121.22347569785424,35.64358389880284],[-121.22321715093146,35.64338330108968],[-121.22191582404061,35.64375765763661],[-121.22147220450255,35.64498546879659],[-121.22156747798287,35.6456308920296],[-121.2211253284484,35.64580325306913],[-121.22072134846151,35.64524271576557],[-121.22030348908065,35.64530809750173],[-121.22121921195652,35.64651126830418],[-121.22049751980461,35.646993496270746],[-121.2201298319944,35.64698452592488],[-121.21821140363473,35.64600596976224],[-121.21779679383867,35.645978205661855],[-121.21551294952216,35.64495342260341],[-121.21581982535695,35.64478761448654],[-121.21754118987617,35.63937750533593],[-121.21820220862567,35.63926621114963],[-121.21849613656086,35.63885910560699]]]},"properties":{"id":"CSS-GEO-010","unit":"KJug","label":"Unnamed graywacke","kind":"rock","latitude":35.63197857266811,"longitude":-121.23087680396317,"area_km2":4.689,"source_id":"usgs-san-simeon","source_url":"https://pubs.usgs.gov/sim/3327/","publication_year":2015,"depth_qualified":false,"fishing_target":false}},{"type":"Feature","geometry":{"type":"Polygon","coordinates":[[[-121.24784430921584,35.65082216995225],[-121.2477382235173,35.65062229377095],[-121.24711855884217,35.6502111759824],[-121.2471650885651,35.650103673002306],[-121.24548164664351,35.64930386024052],[-121.24552817797526,35.649196357023925],[-121.24483505904733,35.64902941053974],[-121.24464050038763,35.648835165596836],[-121.24315165292822,35.648229560788536],[-121.24295527795012,35.648118514100126],[-121.24302274507247,35.6480638114149],[-121.24280188418969,35.64806218497745],[-121.24122016032722,35.64720428745121],[-121.24027260373096,35.64710029279911],[-121.23971461715203,35.647362587826954],[-121.23960539306114,35.6473069003993],[-121.23900403057868,35.6475324984092],[-121.23904582030389,35.64764128984845],[-121.23868300684185,35.64806870503796],[-121.23828552332135,35.648062889953195],[-121.23770358689218,35.64786146180758],[-121.23759286213767,35.647267677482255],[-121.23824316959183,35.64669165477972],[-121.23835626473513,35.646405406049546],[-121.23810906049073,35.64568621482322],[-121.23853476317508,35.6452630981734],[-121.2384655814899,35.64442128564627],[-121.23870626534412,35.6434408901983],[-121.2381440976025,35.643092767836215],[-121.23831591448358,35.64225448097967],[-121.23863872910992,35.641525739045974],[-121.2385135608248,35.64123767764153],[-121.23868105096861,35.6405961101568],[-121.23963054992399,35.64027009618687],[-121.24047481672164,35.63974575340274],[-121.24124629457262,35.639542350370746],[-121.24162734874612,35.63915434876699],[-121.24260186046769,35.63868556116957],[-121.24283307573664,35.63813436327675],[-121.2432774880253,35.63785461734127],[-121.24324111136092,35.63751418792256],[-121.24313901391247,35.63717279968358],[-121.24233667548421,35.6367854136091],[-121.24232296625787,35.63741134306453],[-121.24259287834944,35.63809507981099],[-121.24256431259042,35.63839878240971],[-121.24034886102568,35.63949346143918],[-121.23928747933546,35.63992518199924],[-121.23895964640435,35.63988460892794],[-121.23862788826817,35.64002287152024],[-121.23802420266058,35.64056861117914],[-121.23774865043292,35.642138843975026],[-121.23777243575046,35.64305155097801],[-121.23819363952268,35.64482876246533],[-121.23814157431114,35.64520367694632],[-121.23766772928926,35.64582287091626],[-121.23765790775852,35.64626996159685],[-121.2373280904421,35.646822840087225],[-121.2372442117988,35.647656405365765],[-121.2358416404567,35.647149047708545],[-121.2342170860922,35.64623634749996],[-121.2340171590078,35.646287505966555],[-121.23173971804002,35.6453886391811],[-121.23110133969018,35.64528911271408],[-121.229383362635,35.64706686724524],[-121.22918740943999,35.64693777440549],[-121.22887746613317,35.646969276052616],[-121.22828802049419,35.64665409327464],[-121.22796267575026,35.64683501899293],[-121.22757662139121,35.646859984484756],[-121.22687478010243,35.646633290214744],[-121.22638608223046,35.64720846938501],[-121.22623150711743,35.6472061923719],[-121.22584813796776,35.64756114723214],[-121.22552041327775,35.647620770248416],[-121.22547244030665,35.64725380055749],[-121.2260245331092,35.64706515299685],[-121.2256822848594,35.64668443475396],[-121.22586547076347,35.64632934723982],[-121.22641874235757,35.64608704744471],[-121.22669153815467,35.645643831742106],[-121.22704248094242,35.64563111015761],[-121.2275639572604,35.64583557045646],[-121.22809215119271,35.64573600810651],[-121.22840559504048,35.645436501845175],[-121.22949158520213,35.64588181946839],[-121.22969389958374,35.645652232920284],[-121.23024281495027,35.64560663342855],[-121.23015991224385,35.6453907431877],[-121.22943651303268,35.645397997686075],[-121.22874607876976,35.644904830365384],[-121.23023134630749,35.64413953810921],[-121.23065905271235,35.64362703323847],[-121.23141577739928,35.64310146923622],[-121.23191431885783,35.64235743767443],[-121.23215885823555,35.64220002393588],[-121.23209667879716,35.64203810598855],[-121.23245391009023,35.6417392314694],[-121.23286952726629,35.64077930542312],[-121.2338622149347,35.63948794560533],[-121.23382325822085,35.63827089644068],[-121.23424854832253,35.637865677769824],[-121.23508338321346,35.63777057969706],[-121.23496767317022,35.63705330898328],[-121.23515276117348,35.636608786835055],[-121.23467494051008,35.63641394447699],[-121.23474852801125,35.636057235311554],[-121.23445560368103,35.63542681313081],[-121.23370776680311,35.63455715614049],[-121.23371445755583,35.634253134176426],[-121.23413080412027,35.63325743437571],[-121.23510410422705,35.63284235679374],[-121.23603948008837,35.63215837454775],[-121.2367913453962,35.63184737596309],[-121.23792886753877,35.63193558257711],[-121.23911844235319,35.63164886248171],[-121.24318058313808,35.63368778498297],[-121.24381214832799,35.63416917102392],[-121.24373385736777,35.63452489828333],[-121.24463437026793,35.635432498356664],[-121.24552553660365,35.6354921032324],[-121.24752336137797,35.636601609050935],[-121.24773344971288,35.63701612282147],[-121.24769748548673,35.63765961922576],[-121.24734426832838,35.63878151162266],[-121.24735406759967,35.63933622663542],[-121.24672306505187,35.64013206412698],[-121.2463901469332,35.64032400020225],[-121.2455549043659,35.640437060173234],[-121.24506784162678,35.640662524870066],[-121.2448601067674,35.64114251083116],[-121.24486167334014,35.64207278252266],[-121.24502872657268,35.6424508951251],[-121.24552695413843,35.64271755183254],[-121.24644203907738,35.64296344343474],[-121.2471454636627,35.64286634850373],[-121.24766893021732,35.642981304088465],[-121.24840250688811,35.643510770210725],[-121.24870927946915,35.644517038927965],[-121.24835209495876,35.64481596384465],[-121.24758058190888,35.645019410415635],[-121.24612831098891,35.64528449650577],[-121.24573707058343,35.645135681382705],[-121.2449136837528,35.645721836927706],[-121.24699962065597,35.64603064960486],[-121.2489159563507,35.64659521592591],[-121.2490974794129,35.64631162487946],[-121.24947150610193,35.646245505642185],[-121.2494856114097,35.64660349896222],[-121.25018360408295,35.64675675936219],[-121.25244430889293,35.64761250396657],[-121.25265250278184,35.64811642970541],[-121.25403957802389,35.64883423731768],[-121.25427553380366,35.64907022159946],[-121.25439220842694,35.649751710765564],[-121.25379400125266,35.65004715611313],[-121.25376079956692,35.65056546745818],[-121.25401366068864,35.65161102179769],[-121.253330927274,35.65161089968195],[-121.24925604401679,35.65161009030353],[-121.24784430921584,35.65082216995225]]]},"properties":{"id":"CSS-GEO-011","unit":"KJug","label":"Unnamed graywacke","kind":"rock","latitude":35.64172277866394,"longitude":-121.24171647940382,"area_km2":2.313,"source_id":"usgs-san-simeon","source_url":"https://pubs.usgs.gov/sim/3327/","publication_year":2015,"depth_qualified":false,"fishing_target":false}},{"type":"Feature","geometry":{"type":"Polygon","coordinates":[[[-121.27159183836024,35.640048835036424],[-121.2721147652288,35.63943032159435],[-121.27269016586813,35.63968515377569],[-121.27284664246021,35.639971911211774],[-121.27280710657614,35.64018947043107],[-121.27258296605692,35.64034747882033],[-121.27227429495869,35.64033971941148],[-121.27207286121609,35.640577378786624],[-121.27225102983873,35.64065568061383],[-121.27198469404652,35.641154497222004],[-121.2710665150904,35.641353111612894],[-121.27007924449195,35.64099544161053],[-121.27035425436485,35.640258584379716],[-121.2708000907698,35.64005634510297],[-121.27159183836024,35.640048835036424]]]},"properties":{"id":"CSS-GEO-012","unit":"KJug?","label":"Unnamed graywacke","kind":"rock","latitude":35.64044668126952,"longitude":-121.27123064123383,"area_km2":0.029,"source_id":"usgs-san-simeon","source_url":"https://pubs.usgs.gov/sim/3327/","publication_year":2015,"depth_qualified":false,"fishing_target":false}},{"type":"Feature","geometry":{"type":"Polygon","coordinates":[[[-121.10142347603436,35.53130424056743],[-121.10156359333845,35.53118518003142],[-121.10190349554678,35.531323658778746],[-121.10203499570852,35.53123180196098],[-121.10200535389377,35.53088633732011],[-121.10230734984914,35.53043086863188],[-121.10316569517963,35.53026612061289],[-121.10363282641636,35.530039163261684],[-121.10457606236004,35.53003983545167],[-121.10464736907888,35.5302303238044],[-121.104151722716,35.5306539467874],[-121.10406832176344,35.530877132993794],[-121.1044781356438,35.53140392501331],[-121.10445992548733,35.532029232944524],[-121.1043106607838,35.532201854938805],[-121.1040073532852,35.532243918058505],[-121.10409355169378,35.53262838177755],[-121.10385500217194,35.53318535466943],[-121.10355866143438,35.53300970084459],[-121.10346384008677,35.5332189576808],[-121.103255841046,35.53312981649711],[-121.10307850250787,35.53320112724942],[-121.10367022073757,35.5338377362129],[-121.10395016180273,35.5338132868234],[-121.10431940493989,35.53331828137115],[-121.1050993550525,35.53333646481163],[-121.10547285175033,35.5330408951718],[-121.10636729489916,35.53326150290279],[-121.10690023213591,35.533015359720196],[-121.10788473269713,35.53300593400569],[-121.1082028330321,35.53274317777147],[-121.10847417266515,35.53270010037284],[-121.10868760540146,35.53284370463886],[-121.10867051826368,35.53311350920469],[-121.10850819385738,35.53325165145015],[-121.10805520704379,35.53327242158241],[-121.10797381961397,35.53339109368285],[-121.10826782302793,35.53358490652089],[-121.10828248426093,35.53458270022066],[-121.10788726922203,35.534523893761786],[-121.10772015141679,35.53388691533621],[-121.10741707689758,35.53396662013689],[-121.10727099948251,35.5341730292836],[-121.10723332341387,35.534702600839395],[-121.1075140548399,35.535068218474635],[-121.10798878540952,35.535121911732666],[-121.10833234823495,35.53497969213611],[-121.10907181815891,35.534953934381235],[-121.10955655257021,35.534717163099096],[-121.10999444109146,35.534709717163096],[-121.11090362993545,35.53424442510434],[-121.11133084623111,35.53362779320517],[-121.11159113646909,35.5341008581418],[-121.11209496408625,35.533984123172104],[-121.11238283707563,35.534572962189884],[-121.11268537406382,35.534565823180955],[-121.11298955684143,35.5362393185055],[-121.11238457133335,35.53693739308813],[-121.11144683057933,35.53853590994247],[-121.11132773143147,35.53918498647534],[-121.11220646453911,35.54010440756907],[-121.1128089651231,35.54099119666555],[-121.11353867120354,35.54236110406782],[-121.11704358599025,35.54796305501724],[-121.11777713813788,35.54988384922235],[-121.11755620780137,35.550006375309984],[-121.11745327288159,35.55024818941224],[-121.11758259386743,35.55149334260228],[-121.11737291542119,35.55208102381637],[-121.11259467112727,35.54699896002136],[-121.10143889814722,35.53152062421107],[-121.10142347603436,35.53130424056743]]]},"properties":{"id":"CSS-GEO-013","unit":"Ksl","label":"Unnamed sandstone with interbedded shale","kind":"rock","latitude":35.541641176425856,"longitude":-121.11094057579726,"area_km2":0.91,"source_id":"usgs-san-simeon","source_url":"https://pubs.usgs.gov/sim/3327/","publication_year":2015,"depth_qualified":false,"fishing_target":false}},{"type":"Feature","geometry":{"type":"Polygon","coordinates":[[[-121.23665933710815,35.62135677226701],[-121.23684586919924,35.62084428748381],[-121.23714248787334,35.620905875303016],[-121.2376306571598,35.62022606448571],[-121.23756810558069,35.61988167179243],[-121.2369165664267,35.619220960807404],[-121.23706427807822,35.618879646356056],[-121.23693855369136,35.61821947425002],[-121.23669419420456,35.61817296262683],[-121.2364073257503,35.61766785846135],[-121.2366636196246,35.61717070651516],[-121.23663737292539,35.61676959864639],[-121.23622471897934,35.61640576775625],[-121.2360060578432,35.61598753052896],[-121.23598955579011,35.61514290694636],[-121.23627711479368,35.61481795268227],[-121.23577580080568,35.61429705044466],[-121.23631642543512,35.61434979072979],[-121.23642148068808,35.61358470950057],[-121.23672984023236,35.61371005550034],[-121.23674066451558,35.61445979386604],[-121.23759409657642,35.61550271682598],[-121.23711970998461,35.61635446843752],[-121.23721510164434,35.616799522792135],[-121.2370626838874,35.617355442514565],[-121.23672600863758,35.61752225266732],[-121.23677071965135,35.61788069620552],[-121.2369237020441,35.61809760845372],[-121.23721905452813,35.6182164244349],[-121.23740488262321,35.61853399745605],[-121.23711071853302,35.619159401216464],[-121.23799208447728,35.61973044817472],[-121.23814256121223,35.62006181533901],[-121.23810092528323,35.620361748263086],[-121.23751484894787,35.620710962515],[-121.23740029540564,35.62113863266409],[-121.23687054668619,35.62131692970887],[-121.23724252886811,35.621937770567435],[-121.23699156233396,35.62219170454725],[-121.23698622203895,35.62243492303742],[-121.23645883083155,35.622857393049294],[-121.23637077168705,35.622659991283605],[-121.23682914871009,35.62240400069769],[-121.23682576359742,35.62175993205246],[-121.23665933710815,35.62135677226701]]]},"properties":{"id":"CSS-GEO-014","unit":"Qmc","label":"Marine channel deposits","kind":"sediment","latitude":35.618376286600245,"longitude":-121.23714100732859,"area_km2":0.052,"source_id":"usgs-san-simeon","source_url":"https://pubs.usgs.gov/sim/3327/","publication_year":2015,"depth_qualified":false,"fishing_target":false}},{"type":"Feature","geometry":{"type":"Polygon","coordinates":[[[-121.22029215191633,35.63478301015092],[-121.22083729904641,35.634004125081695],[-121.22109341431982,35.63383927874431],[-121.22265813936576,35.633656279427456],[-121.22339813546844,35.633404884686904],[-121.22403474959495,35.63367658864774],[-121.22449693554312,35.63353350983094],[-121.22510879246346,35.63284927203757],[-121.22502099904402,35.63163009368658],[-121.22532422722988,35.631409722402715],[-121.22575931441342,35.631453606222586],[-121.22629196877436,35.63123661228066],[-121.22711749777204,35.63126750496586],[-121.22728595782141,35.630913987497394],[-121.2273915989556,35.62924797577383],[-121.22753504275889,35.62898777362274],[-121.22811893458267,35.62852794796436],[-121.2285994787075,35.6285912271092],[-121.22881050375548,35.62838822652966],[-121.2291784035434,35.62835616348265],[-121.22948978463636,35.62853831030201],[-121.22893203971364,35.62912074592834],[-121.22803398363844,35.629257429121175],[-121.22773201158924,35.62942161593808],[-121.22763445202725,35.62968249448213],[-121.22775680574767,35.63037755286025],[-121.22769355132931,35.63116356284054],[-121.22738867577148,35.63145886299636],[-121.22630621908048,35.63163029244575],[-121.22645481799698,35.632175845240276],[-121.22639113476987,35.63298058478587],[-121.2265618514093,35.63356393617242],[-121.22705548367415,35.633947840861055],[-121.22528901678841,35.63393250073508],[-121.2246705050843,35.634155945594856],[-121.22395328463286,35.63487883335385],[-121.22298254801017,35.63418471737818],[-121.22245997044628,35.63403389046127],[-121.22215328591741,35.63402936325529],[-121.22195216981319,35.634205287604956],[-121.22140610274377,35.63412566657251],[-121.22144476339643,35.63435879885425],[-121.22193830296116,35.63483121043544],[-121.2209812703485,35.63549687118543],[-121.22019144991066,35.63553886824205],[-121.2195681505204,35.63597688822038],[-121.21888746087826,35.63603837959685],[-121.21855893557394,35.63701743305986],[-121.2186653677443,35.63814603561148],[-121.21849613656086,35.63885910560699],[-121.21820220862567,35.63926621114963],[-121.2175077961981,35.639383127755885],[-121.21710093803344,35.63820683703274],[-121.2175176464786,35.636810482780035],[-121.21820533522613,35.63566920361691],[-121.21875707728154,35.6356971468907],[-121.2191967537209,35.635535018877064],[-121.22029215191633,35.63478301015092]]]},"properties":{"id":"CSS-GEO-015","unit":"Qmc","label":"Marine channel deposits","kind":"sediment","latitude":35.63378479860515,"longitude":-121.22438457148006,"area_km2":0.154,"source_id":"usgs-san-simeon","source_url":"https://pubs.usgs.gov/sim/3327/","publication_year":2015,"depth_qualified":false,"fishing_target":false}},{"type":"Feature","geometry":{"type":"Polygon","coordinates":[[[-121.22030348908065,35.64530809750173],[-121.22072134846151,35.64524271576557],[-121.2211253284484,35.64580325306913],[-121.22156747798287,35.6456308920296],[-121.22147220450255,35.64498546879659],[-121.22191582404061,35.64375765763661],[-121.22321715093146,35.64338330108968],[-121.22347569785424,35.64358389880284],[-121.22344468216701,35.64399489563832],[-121.2238159431773,35.644054040321436],[-121.22619000253815,35.64373125052001],[-121.22728306948743,35.643854683101885],[-121.22809764402957,35.64368777906824],[-121.22932374474412,35.64374159435706],[-121.22977060140508,35.64335459924946],[-121.22997843175882,35.6428746413446],[-121.23056383034206,35.642167671330505],[-121.23145609706093,35.64046340062827],[-121.23151449677371,35.63980235202377],[-121.23134514798355,35.63953152418431],[-121.23151071915365,35.63897938506753],[-121.23182530528845,35.6386262180429],[-121.23226069606899,35.63875783542211],[-121.23237417271332,35.63858060738463],[-121.2320327160275,35.63816413930416],[-121.23278519362134,35.63683348159619],[-121.23284884265814,35.63493814106119],[-121.23273273946943,35.634929283784174],[-121.23274388874295,35.634543014962546],[-121.23337143664104,35.63390820424828],[-121.23373610337684,35.63326953565921],[-121.23485224656737,35.63233776252656],[-121.23515971319186,35.63230648957043],[-121.23570038838008,35.631634614591114],[-121.23636698583358,35.631215032719766],[-121.23733043199583,35.6312470276043],[-121.2387853417154,35.6317084856869],[-121.23792886753877,35.63193558257711],[-121.2367913453962,35.63184737596309],[-121.23603948008837,35.63215837454775],[-121.23510410422705,35.63284235679374],[-121.23413080412027,35.63325743437571],[-121.23371445755583,35.634253134176426],[-121.23370776680311,35.63455715614049],[-121.23445560368103,35.63542681313081],[-121.23474852801125,35.636057235311554],[-121.23467494051008,35.63641394447699],[-121.23515276117348,35.636608786835055],[-121.23496767317022,35.63705330898328],[-121.23508338321346,35.63777057969706],[-121.23424854832253,35.637865677769824],[-121.23382325822085,35.63827089644068],[-121.2338622149347,35.63948794560533],[-121.23286952726629,35.64077930542312],[-121.23245391009023,35.6417392314694],[-121.23209667879716,35.64203810598855],[-121.23215885823555,35.64220002393588],[-121.23191431885783,35.64235743767443],[-121.23141577739928,35.64310146923622],[-121.23065905271235,35.64362703323847],[-121.23023134630749,35.64413953810921],[-121.22874607876976,35.644904830365384],[-121.22943651303268,35.645397997686075],[-121.23015991224385,35.6453907431877],[-121.23024281495027,35.64560663342855],[-121.22969389958374,35.645652232920284],[-121.22949158520213,35.64588181946839],[-121.22840559504048,35.645436501845175],[-121.22809215119271,35.64573600810651],[-121.2275639572604,35.64583557045646],[-121.22704248094242,35.64563111015761],[-121.22669153815467,35.645643831742106],[-121.22641874235757,35.64608704744471],[-121.22586547076347,35.64632934723982],[-121.2256822848594,35.64668443475396],[-121.2260245331092,35.64706515299685],[-121.22547244030665,35.64725380055749],[-121.22550506149209,35.64764082431522],[-121.22508086723406,35.647549737430154],[-121.2250664440657,35.64678269350353],[-121.22535799342349,35.64648287269753],[-121.2254316343842,35.646126171268605],[-121.22471614314965,35.64577572708514],[-121.22423453542368,35.64575073588885],[-121.22383620958196,35.645923754157245],[-121.22382947853164,35.646227773905615],[-121.22437206790909,35.646468337533456],[-121.22429644262517,35.64691445562796],[-121.22418016471546,35.64721685887885],[-121.22389058802734,35.64742726004587],[-121.22386625999079,35.64816298365291],[-121.22337907683884,35.64837962589635],[-121.22049751980461,35.646993496270746],[-121.22121921195652,35.64651126830418],[-121.22030348908065,35.64530809750173]]]},"properties":{"id":"CSS-GEO-016","unit":"Qmc","label":"Marine channel deposits","kind":"sediment","latitude":35.64014653244876,"longitude":-121.23241537930231,"area_km2":0.444,"source_id":"usgs-san-simeon","source_url":"https://pubs.usgs.gov/sim/3327/","publication_year":2015,"depth_qualified":false,"fishing_target":false}},{"type":"Feature","geometry":{"type":"Polygon","coordinates":[[[-121.23814157431114,35.64520367694632],[-121.23819363952268,35.64482876246533],[-121.23777243575046,35.64305155097801],[-121.23774865043292,35.642138843975026],[-121.23802420266058,35.64056861117914],[-121.23862788826817,35.64002287152024],[-121.23895964640435,35.63988460892794],[-121.23928747933546,35.63992518199924],[-121.24034886102568,35.63949346143918],[-121.24256431259042,35.63839878240971],[-121.24259287834944,35.63809507981099],[-121.24232296625787,35.63741134306453],[-121.24233667548421,35.6367854136091],[-121.24313901391247,35.63717279968358],[-121.24324111136092,35.63751418792256],[-121.2432774880253,35.63785461734127],[-121.24283307573664,35.63813436327675],[-121.24260186046769,35.63868556116957],[-121.24162734874612,35.63915434876699],[-121.24124629457262,35.639542350370746],[-121.24047481672164,35.63974575340274],[-121.23963054992399,35.64027009618687],[-121.23868105096861,35.6405961101568],[-121.2385135608248,35.64123767764153],[-121.23863872910992,35.641525739045974],[-121.23831591448358,35.64225448097967],[-121.2381440976025,35.643092767836215],[-121.23870626534412,35.6434408901983],[-121.2384655814899,35.64442128564627],[-121.23853476317508,35.6452630981734],[-121.23810906049073,35.64568621482322],[-121.23835626473513,35.646405406049546],[-121.23792520423143,35.647055674386706],[-121.23759286213767,35.647267677482255],[-121.23768269234341,35.647807065424175],[-121.2372442117988,35.647656405365765],[-121.23722069836766,35.64727668704422],[-121.23765790775852,35.64626996159685],[-121.23766772928926,35.64582287091626],[-121.23814157431114,35.64520367694632]]]},"properties":{"id":"CSS-GEO-017","unit":"Qmc","label":"Marine channel deposits","kind":"sediment","latitude":35.642652337756346,"longitude":-121.2379978021701,"area_km2":0.067,"source_id":"usgs-san-simeon","source_url":"https://pubs.usgs.gov/sim/3327/","publication_year":2015,"depth_qualified":false,"fishing_target":false}},{"type":"Feature","geometry":{"type":"Polygon","coordinates":[[[-121.26077440573317,35.618584888487],[-121.25878212148415,35.61785329275812],[-121.25728363544455,35.61684772510359],[-121.25230409552472,35.61497169845182],[-121.25096145744429,35.614717917988806],[-121.24978657997494,35.614653964753934],[-121.24910956883687,35.61412875628775],[-121.2479414603094,35.61244856505637],[-121.24767773051666,35.61139059892926],[-121.24825749904151,35.609806155259164],[-121.24816173247606,35.60893803762325],[-121.2509654191971,35.60941879571402],[-121.25258566312243,35.6104631587256],[-121.25439018380872,35.61124766628997],[-121.25606267661094,35.61153439506604],[-121.25724541357242,35.61134734293371],[-121.26106346170559,35.61151918946583],[-121.26365742507026,35.612139950542925],[-121.26620943024163,35.61305172420987],[-121.26832357338105,35.61439465756449],[-121.27218677954279,35.61911687983637],[-121.2732185789562,35.62096920679024],[-121.27404491352797,35.624072768744426],[-121.27416381357766,35.62561800692713],[-121.27356510928351,35.62411020893036],[-121.27284614805963,35.62285835455917],[-121.2716432891919,35.62143556155103],[-121.2712702943174,35.62125742452402],[-121.27029783630094,35.62111595420835],[-121.26970970530142,35.62063471369314],[-121.26767437456581,35.61992271658928],[-121.26077440573317,35.618584888487]],[[-121.25059972994492,35.61459846459212],[-121.25057310216549,35.614211664680816],[-121.25085024664573,35.61355735555301],[-121.25111099464708,35.6135173062975],[-121.25142648007802,35.61285014228416],[-121.25137983649817,35.61257754442498],[-121.25182469783093,35.61226914593425],[-121.25143893808666,35.612277858438894],[-121.2511023127105,35.61244471127793],[-121.25080516256794,35.613213222321896],[-121.250082832098,35.61419023167107],[-121.25059972994492,35.61459846459212]],[[-121.25295182390646,35.61362228154752],[-121.25331905410764,35.61326401383399],[-121.25313628486406,35.61280339122884],[-121.25328173760845,35.6125622036957],[-121.25306050667712,35.61225845147389],[-121.25266158378058,35.61206661493665],[-121.2528925375256,35.612791049246475],[-121.25277867102379,35.61272664671192],[-121.2525994193573,35.61291009791237],[-121.25250465791557,35.61323788941556],[-121.25229379103583,35.61313492948175],[-121.25209537189407,35.61271673355789],[-121.25178249530202,35.61259770053657],[-121.25156820086504,35.6127806406867],[-121.25224122598433,35.613262691486256],[-121.25254819300075,35.613653557501614],[-121.25379350737707,35.614415820547535],[-121.25337229920339,35.61390355453099],[-121.25342360515535,35.61369487798865],[-121.25330438300412,35.61353572101755],[-121.25295182390646,35.61362228154752]],[[-121.24900672789714,35.61209941225286],[-121.24895853349115,35.61189834883891],[-121.2487317063934,35.61185211664437],[-121.24845642320518,35.612420578578586],[-121.24866666829617,35.612423635526014],[-121.24900672789714,35.61209941225286]],[[-121.25053255321029,35.61205002438717],[-121.25086512793186,35.61206916564414],[-121.25169200767851,35.61192374148529],[-121.25104749548298,35.611742646545025],[-121.25085103468653,35.61191153280675],[-121.25053566925519,35.61190695303001],[-121.25053255321029,35.61205002438717]],[[-121.24948014779235,35.61289343104442],[-121.24979177596673,35.61306969814355],[-121.25066710802594,35.61230958679557],[-121.25028103646807,35.61233260262561],[-121.24948014779235,35.61289343104442]],[[-121.25428242958928,35.61369301608997],[-121.2538760330949,35.61384455298655],[-121.25428160370609,35.614537387993785],[-121.25505376670583,35.61449132998946],[-121.25521425149044,35.61436485052379],[-121.25518169626923,35.61424988633657],[-121.25451528335745,35.61426885449281],[-121.25459096283925,35.614012341845346],[-121.25428242958928,35.61369301608997]],[[-121.25598448607327,35.614003902923855],[-121.25557995421686,35.614069603113315],[-121.25573142808231,35.61435802913233],[-121.25627954445369,35.61413697970297],[-121.25598448607327,35.614003902923855]],[[-121.2488940666732,35.61163980348192],[-121.24906802199625,35.61169957842219],[-121.24992052513602,35.611182438022716],[-121.24946469038032,35.611190126170335],[-121.2488940666732,35.61163980348192]]]},"properties":{"id":"CSS-GEO-018","unit":"Qms","label":"Marine nearshore and shelf deposits","kind":"sediment","latitude":35.61744333325383,"longitude":-121.26446305351034,"area_km2":1.357,"source_id":"usgs-san-simeon","source_url":"https://pubs.usgs.gov/sim/3327/","publication_year":2015,"depth_qualified":false,"fishing_target":false}},{"type":"Feature","geometry":{"type":"Polygon","coordinates":[[[-121.24749425694326,35.63482922734349],[-121.24756956175271,35.63532216238153],[-121.24731297177388,35.63524816610076],[-121.24705378325218,35.63397966231519],[-121.24712750685157,35.63323126544418],[-121.24746496477677,35.63222907590529],[-121.24794586800834,35.63254054578024],[-121.24882836166269,35.63416942668599],[-121.24873006022918,35.63473010044796],[-121.24802225591061,35.63429822808977],[-121.24749425694326,35.63482922734349]]]},"properties":{"id":"CSS-GEO-019","unit":"Qms","label":"Marine nearshore and shelf deposits","kind":"sediment","latitude":35.63361596770559,"longitude":-121.24781241911272,"area_km2":0.029,"source_id":"usgs-san-simeon","source_url":"https://pubs.usgs.gov/sim/3327/","publication_year":2015,"depth_qualified":false,"fishing_target":false}},{"type":"Feature","geometry":{"type":"Polygon","coordinates":[[[-121.25596611400357,35.648957943508506],[-121.25615349638913,35.648258029749265],[-121.2556336001867,35.64841444529158],[-121.25530227655719,35.64913569379206],[-121.2549303857451,35.64908346279933],[-121.25458310343417,35.64921895401426],[-121.25435895802057,35.649634332377175],[-121.25427553380366,35.64907022159946],[-121.25399320385081,35.648810172426316],[-121.25433750978578,35.64830732502385],[-121.25446638391607,35.64835741164631],[-121.25460251560946,35.64814471252544],[-121.25449646644795,35.64798216967422],[-121.25396552171385,35.64820882320136],[-121.25352770520897,35.64818458397502],[-121.25311860656034,35.647958389340964],[-121.25284059913885,35.647530597336726],[-121.25253580585405,35.647436727196094],[-121.2523890592133,35.64713047690086],[-121.25231139989742,35.64615067566897],[-121.25266915659431,35.646345618941915],[-121.25304162322331,35.64635102344339],[-121.25331271681503,35.64597927908462],[-121.25323130855209,35.64569186714011],[-121.25274968647143,35.64566698977947],[-121.25246683211829,35.64540647334945],[-121.25250231494395,35.64494961246542],[-121.25266502912388,35.64452262771019],[-121.2533754694972,35.64410358887625],[-121.25212353118384,35.6442285385506],[-121.25156747481442,35.644545305723256],[-121.251421052314,35.644145522561686],[-121.25173812931854,35.64381148619188],[-121.25161602790229,35.64338036728603],[-121.25127094155398,35.64312490440261],[-121.25074512882132,35.64311726706123],[-121.25086013144428,35.64286848586328],[-121.25201098646667,35.64134670725273],[-121.2520898943499,35.64174857588239],[-121.25250342944217,35.64187980428781],[-121.25366302467818,35.64196818454449],[-121.25533832041509,35.64252915224774],[-121.25566034226956,35.642837937481765],[-121.25561185942836,35.64305190879694],[-121.25624216375853,35.64329360048017],[-121.25590769882365,35.64355709811663],[-121.25605561932773,35.64380969252015],[-121.25587995804631,35.64382503790884],[-121.25592493414321,35.64408564777729],[-121.2555249590293,35.64417368325988],[-121.25485555858555,35.64460898089172],[-121.25452032726376,35.646829110185045],[-121.25514528349923,35.64737438937714],[-121.25567493678858,35.64753470125543],[-121.2558819169498,35.64755146835458],[-121.25623733182658,35.64704135574516],[-121.25700520503855,35.64735694599348],[-121.25743039130207,35.64759730946724],[-121.25784998686643,35.64809522031783],[-121.25793920358373,35.64868754183049],[-121.25829953373291,35.64905054327791],[-121.25861597814894,35.64901218577477],[-121.25855898172045,35.64848021189487],[-121.25856609766076,35.648152421159075],[-121.25794875364825,35.64751112591751],[-121.25874583214853,35.647803706424924],[-121.25900907808665,35.64757330361604],[-121.25902381378873,35.6468943097148],[-121.25883420106831,35.64637630740197],[-121.25919924490228,35.645421326293594],[-121.25859601704157,35.64549005911598],[-121.25830061878479,35.64540473703165],[-121.25847166378385,35.64467456850316],[-121.2587544974015,35.64467166397387],[-121.25906510934307,35.64449726077377],[-121.25956689992125,35.64359215343151],[-121.25903042737944,35.64306560429021],[-121.25912621168051,35.64269131044352],[-121.25981663365233,35.642182496976766],[-121.25991551690635,35.64166513187119],[-121.25970845550688,35.64110756616488],[-121.25996317607118,35.64047796074215],[-121.25946122632782,35.64038125923936],[-121.25903953811324,35.64062561560196],[-121.25878710682835,35.64096014878334],[-121.25852633518826,35.64082882713763],[-121.25873747939005,35.640406575212296],[-121.25836348765382,35.64047272430292],[-121.25700828610188,35.64030999988301],[-121.2569282280101,35.640672563852085],[-121.2558818732887,35.64071230352464],[-121.25587720855901,35.640926909693015],[-121.25624420960507,35.641182676868816],[-121.25628297339946,35.64141580065855],[-121.25547197210406,35.641421943678544],[-121.25535348615372,35.641831683908656],[-121.25460306556869,35.64166334184495],[-121.25427533488343,35.6410217677484],[-121.25436233636184,35.63903730132173],[-121.25463534378936,35.63857613273968],[-121.25501477358975,35.638259621800415],[-121.25581083275378,35.63793125517126],[-121.25374218838103,35.63833062164941],[-121.25318671379995,35.638680354177886],[-121.25300561159071,35.63894606864105],[-121.25339372386327,35.63923792895579],[-121.25367980592002,35.64019021821203],[-121.25365089169728,35.64051180938824],[-121.25288916724448,35.640268196869705],[-121.2522096271452,35.64027622531641],[-121.25123709623242,35.640655672735264],[-121.25281643409384,35.64058915112918],[-121.25366073432383,35.641066524075896],[-121.25386088654062,35.64154597259203],[-121.25263107549101,35.64149689017487],[-121.25291039957422,35.64130609199843],[-121.25194954739256,35.641149032318545],[-121.25142140907771,35.641248700225205],[-121.25106541772215,35.6414939830803],[-121.25116365599598,35.64201420226558],[-121.25004202961395,35.64219469113601],[-121.24992149974487,35.641692035876865],[-121.24994958365589,35.640404405705794],[-121.25069633342947,35.6393240012603],[-121.2520142174213,35.63818032586945],[-121.25164140039908,35.638192802338665],[-121.25057697371446,35.63876769549186],[-121.2495477039198,35.63873484858301],[-121.24908296040752,35.63894276471567],[-121.24876727614154,35.63934963075038],[-121.24928799134211,35.639589765429406],[-121.24943393312307,35.639931786120506],[-121.24947195726196,35.6412024875925],[-121.24960331799817,35.64156181516119],[-121.24754558822593,35.64110291052901],[-121.24683749061703,35.6414146124915],[-121.24661176343317,35.64171544542211],[-121.24671595395988,35.64291176464358],[-121.24644203907738,35.64296344343474],[-121.24552695413843,35.64271755183254],[-121.24502872657268,35.6424508951251],[-121.24486167334014,35.64207278252266],[-121.2448601067674,35.64114251083116],[-121.24506784162678,35.640662524870066],[-121.2455549043659,35.640437060173234],[-121.2463901469332,35.64032400020225],[-121.24672306505187,35.64013206412698],[-121.24735406759967,35.63933622663542],[-121.24734426832838,35.63878151162266],[-121.2477194037074,35.637267436799675],[-121.24798602283357,35.63727215993809],[-121.24803975000309,35.63612531613376],[-121.24895899101786,35.634756849822615],[-121.24918077014213,35.63511138857423],[-121.24970824958535,35.634603795572055],[-121.25002271058166,35.63465520731547],[-121.25049486233424,35.63405312325097],[-121.25057488400599,35.63469114896283],[-121.25030011904285,35.634782971761595],[-121.25050636747572,35.634972018010316],[-121.25083841331836,35.63501977595246],[-121.25068439704978,35.634748670590405],[-121.25143518028841,35.634347831409585],[-121.25171688089947,35.63458613089329],[-121.25182038127272,35.635102894289524],[-121.2514004922613,35.63593995281576],[-121.25182815191356,35.636063266588295],[-121.2520786285736,35.63641821674887],[-121.25047760809902,35.63616075815289],[-121.25021488668928,35.63636772918487],[-121.25113012165421,35.63649812906257],[-121.25149889075615,35.63669085179402],[-121.25152094056253,35.63699564446235],[-121.25131252085426,35.637343932328456],[-121.25140766541772,35.63785666557953],[-121.25164592012247,35.63798535050457],[-121.25189079724784,35.63781001201175],[-121.25173142373468,35.637660179270135],[-121.25211253360376,35.637496072063826],[-121.25294109239015,35.63633704777934],[-121.25294975713537,35.635939017394136],[-121.25258404645625,35.635605818264295],[-121.25239245890906,35.63518146067463],[-121.25301054678151,35.634464378584205],[-121.25344278701606,35.6343769646961],[-121.25376845708169,35.633913268137356],[-121.25424379362119,35.63448226263303],[-121.25446203121103,35.63500068813016],[-121.2541319322624,35.63512481583068],[-121.25419674293698,35.635369051415815],[-121.25463519003792,35.635361095261594],[-121.25490398172111,35.63509307065533],[-121.25472608172977,35.634880020635755],[-121.2552440368578,35.63466070600285],[-121.25568747097775,35.634058184051604],[-121.25620250097111,35.632800910309264],[-121.2564089236327,35.63265865072358],[-121.2563123026632,35.6332100324357],[-121.25653888379644,35.63327055906712],[-121.25684706295704,35.63280273848165],[-121.25752773823343,35.63294139382296],[-121.25756651511006,35.632770215454244],[-121.2573819225682,35.63265403572779],[-121.25765862542966,35.63047988687123],[-121.25799006777711,35.631070206439404],[-121.25847061299385,35.63057984925021],[-121.25904861700842,35.63067845236789],[-121.26073500569375,35.631631997997374],[-121.25998592597995,35.631637742754826],[-121.25963872946234,35.63177325131826],[-121.25943086663632,35.63209814178704],[-121.2589120980355,35.632207747897375],[-121.2585029665965,35.63255314715694],[-121.25858290967139,35.63283535489073],[-121.25901208758482,35.63288840190516],[-121.25973415601125,35.632664628420905],[-121.25996917640595,35.63241039302576],[-121.26079404809123,35.63406177832288],[-121.26152248844262,35.634868610693076],[-121.26211818573026,35.63518168099333],[-121.262747638112,35.63526102625848],[-121.26287466993543,35.63473027158701],[-121.26315879293779,35.63482195817737],[-121.26322659420748,35.635666091534524],[-121.26376899504402,35.6357910178478],[-121.2649781436366,35.63559765603567],[-121.26513048928587,35.63651326974081],[-121.26544243790275,35.636681711141705],[-121.26605182434642,35.636362592420376],[-121.2671079665405,35.63661200496788],[-121.26751708470954,35.63626657624359],[-121.26717847272836,35.63600407371407],[-121.26680511622966,35.63602212128441],[-121.26588292996861,35.63488463658069],[-121.26561130419941,35.6341780944988],[-121.26559527254811,35.63359233911516],[-121.26583533647819,35.63310395452407],[-121.2658424186665,35.632776162584655],[-121.26700224663122,35.63220733264504],[-121.26755925356133,35.63168079539813],[-121.27183461262642,35.63332524680333],[-121.2778669262879,35.63485270155728],[-121.28400860155521,35.63800659960767],[-121.28286859602913,35.638721198984385],[-121.28147854043958,35.63931054480968],[-121.28199939889686,35.641801165552714],[-121.28251382375939,35.64190217863877],[-121.28274733758525,35.64171808265212],[-121.28293345117558,35.6410647800516],[-121.28271690931969,35.640452613509986],[-121.28300879461082,35.6402224920542],[-121.28422073582426,35.6399117211847],[-121.28480249996149,35.63954514791791],[-121.28566517232204,35.63946367435704],[-121.28618943123134,35.638845265870664],[-121.2905953594494,35.63981602076761],[-121.29791830934892,35.64212268225117],[-121.31030885723801,35.647616467744356],[-121.3157291609714,35.649680423458555],[-121.31979056029269,35.651609671600355],[-121.30835855338351,35.6516083197383],[-121.266410901064,35.65161256561101],[-121.26645978051202,35.65067868718004],[-121.26619265673149,35.64976142381804],[-121.26573469584342,35.6497079866752],[-121.26529985209419,35.649912510853206],[-121.26546386687154,35.65028960852355],[-121.26523032778721,35.65047361178118],[-121.26550503712899,35.65103967292833],[-121.2655860373895,35.65161250254422],[-121.26387981649928,35.65161235415196],[-121.2631114559661,35.651612279428356],[-121.26319362076227,35.651382462551084],[-121.26299124389591,35.65161226729393],[-121.26170211825928,35.65161212962021],[-121.26105756475549,35.6512371380624],[-121.26089763301813,35.65133500959473],[-121.26084914687381,35.65161203093615],[-121.25966421331324,35.65161188381492],[-121.25966967421154,35.6513602011712],[-121.25940301342499,35.65152808458729],[-121.259531614783,35.65125802498831],[-121.26011875969694,35.65086578776839],[-121.25971404457968,35.650931496327686],[-121.25985893113001,35.65071891684849],[-121.25932530418753,35.65106899200615],[-121.25944475856944,35.650412388574445],[-121.25964192155365,35.65021487654058],[-121.25905850450481,35.65043542730049],[-121.25898497368449,35.650591790679194],[-121.25899139345036,35.65161179508546],[-121.25761077013992,35.651611601236276],[-121.25806972375345,35.651189962018705],[-121.25749243942023,35.651345555036414],[-121.25710641759552,35.65161152647248],[-121.25526663127272,35.65161123583271],[-121.25482614941049,35.651236676035346],[-121.2547850791745,35.65048661081853],[-121.25461551184205,35.65036704830605],[-121.25473840571102,35.649994095630106],[-121.25596611400357,35.648957943508506]],[[-121.2592547640354,35.64866363386343],[-121.25915718670048,35.649120192431134],[-121.25955506373364,35.649369240049474],[-121.25995712754744,35.650233743717095],[-121.26026954205179,35.65038137424739],[-121.26051680584352,35.650299076753605],[-121.26028722925336,35.649565871761666],[-121.26065982625956,35.64855513533321],[-121.26129471605742,35.64757680742714],[-121.26150474460462,35.647594151599264],[-121.26201864087976,35.647343962913475],[-121.26122801470692,35.64741841750607],[-121.26078608927925,35.64758377324831],[-121.26044964233101,35.64773634063142],[-121.26037425532147,35.64797854728387],[-121.25997358826986,35.647858265716906],[-121.2596396207508,35.64789637359339],[-121.25901464486373,35.64841686553973],[-121.25855898172045,35.64848021189487],[-121.2592547640354,35.64866363386343]],[[-121.25900298460509,35.64976198175886],[-121.25930935430382,35.649379999614155],[-121.25884646961326,35.64970247248533],[-121.25877062827166,35.649157537432345],[-121.25843665488523,35.649195641794584],[-121.25827579234145,35.64933643004716],[-121.25873415499208,35.650030013892675],[-121.25948695629866,35.650083832932104],[-121.25959729117191,35.64946519620998],[-121.25900298460509,35.64976198175886]],[[-121.24902362955008,35.63543706072581],[-121.24932218594603,35.635412778334256],[-121.2494667576491,35.635214518708885],[-121.24894224584884,35.63514964704082],[-121.24902362955008,35.63543706072581]],[[-121.26397721537695,35.6492040960428],[-121.26482539461836,35.64890146769906],[-121.26424757408496,35.64886451629765],[-121.26381400709847,35.648643592443925],[-121.26294922813027,35.648903038710124],[-121.26331546779771,35.64899419087463],[-121.26343259183427,35.64925348847079],[-121.26330338740522,35.649552167792216],[-121.26250220461229,35.65011307072371],[-121.26266540620341,35.650673575796674],[-121.26246825038574,35.65087109296257],[-121.26255000641993,35.65114419155998],[-121.26290802103748,35.65080587995955],[-121.26287637166419,35.65064799664645],[-121.26327749521165,35.6499382062928],[-121.26356322002852,35.64969903048986],[-121.26387935432398,35.64967496619546],[-121.26395287481057,35.64951859951185],[-121.26384956135206,35.64943123981989],[-121.26397721537695,35.6492040960428]],[[-121.26222684231168,35.64906435412775],[-121.26251986894775,35.649297567234186],[-121.26264504749679,35.64918488135879],[-121.26254452490399,35.64896875715103],[-121.26222684231168,35.64906435412775]],[[-121.26412785204057,35.649535433789644],[-121.26430097077431,35.64963811016525],[-121.2645823570202,35.64959923157811],[-121.26467402478697,35.64941450203784],[-121.26427272443556,35.64932284855026],[-121.26412785204057,35.649535433789644]],[[-121.26227171242131,35.6510399947706],[-121.26217180867977,35.6507952561937],[-121.26196146267812,35.650792220010516],[-121.26183380029586,35.65101936226189],[-121.26193494334463,35.65120687203176],[-121.26216219939677,35.65123877537852],[-121.26227171242131,35.6510399947706]],[[-121.26692863246814,35.6505632770624],[-121.26717310885019,35.65060973034124],[-121.26738654646279,35.65046968660366],[-121.26737365328192,35.65025482722535],[-121.26718269021221,35.65016620993138],[-121.26692863246814,35.6505632770624]],[[-121.26537538055545,35.64779309121424],[-121.26502450588993,35.647802347451254],[-121.26415881199881,35.648104724020484],[-121.26456350974098,35.64803899998321],[-121.26527691095471,35.64829257703137],[-121.26561304231858,35.648154303952026],[-121.26558324442937,35.647910577814486],[-121.26537538055545,35.64779309121424]],[[-121.29683696492026,35.64835923407391],[-121.29723799853693,35.64846508721882],[-121.29739788204145,35.648367166869534],[-121.29715946650559,35.64803462753847],[-121.29677414103392,35.648014865988685],[-121.29683696492026,35.64835923407391]],[[-121.29823204954123,35.64789236367671],[-121.2983523213617,35.64800855632102],[-121.2986330828825,35.64799821216804],[-121.29863702758463,35.647812216969015],[-121.29834086264506,35.647722161283234],[-121.29823204954123,35.64789236367671]],[[-121.26856505320448,35.6462361040588],[-121.26749554063514,35.64623503183244],[-121.26662925309601,35.64656604204229],[-121.26627003549703,35.64696159422471],[-121.26693981217075,35.646799496910305],[-121.26761329261227,35.64646571155421],[-121.26856505320448,35.6462361040588]],[[-121.2973192139931,35.64629086669993],[-121.29723756175025,35.64683355415241],[-121.2974645197683,35.6468796982484],[-121.29766765347959,35.646395974594164],[-121.29751475761093,35.646164827127045],[-121.2973192139931,35.64629086669993]],[[-121.27541115696216,35.64541780165739],[-121.27547819269734,35.645561877352186],[-121.27584658543941,35.645552841311556],[-121.27577954793661,35.64540876578764],[-121.27551847638567,35.645319157763105],[-121.27541115696216,35.64541780165739]],[[-121.27754945766823,35.6446903397911],[-121.2776585107182,35.64420419934146],[-121.2773793356834,35.64367859943415],[-121.27708020096298,35.643541547121],[-121.27681204338585,35.64358512879987],[-121.27607101800253,35.64404459772122],[-121.27591391394463,35.64422975190959],[-121.27593177050838,35.64453987028054],[-121.27754945766823,35.6446903397911]],[[-121.27005189057567,35.64189183369201],[-121.2700472635321,35.642106441432574],[-121.27039595443293,35.642197319705716],[-121.27045131111939,35.64206931081836],[-121.27028066639394,35.64185218548844],[-121.27005189057567,35.64189183369201]],[[-121.27053112474321,35.6401378361814],[-121.27008852155983,35.64072895441347],[-121.27007924449195,35.64099544161053],[-121.2710665150904,35.641353111612894],[-121.27198469404652,35.641154497222004],[-121.27225102983873,35.64065568061383],[-121.27207286121609,35.640577378786624],[-121.27227429495869,35.64033971941148],[-121.27258296605692,35.64034747882033],[-121.27280710657614,35.64018947043107],[-121.27284664246021,35.639971911211774],[-121.27269016586813,35.63968515377569],[-121.2721147652288,35.63943032159435],[-121.27159183836024,35.640048835036424],[-121.27053112474321,35.6401378361814]],[[-121.25839686885745,35.63893471440021],[-121.25840052592018,35.63947925188213],[-121.25800525701547,35.63981278856974],[-121.2586324403166,35.64019753865194],[-121.25918014452682,35.64020545774478],[-121.25955646182966,35.640032002752775],[-121.25917988238075,35.639586713456396],[-121.25948217364206,35.63941553128907],[-121.25964794146753,35.638845464847975],[-121.26049439395273,35.6382136749411],[-121.25864367522091,35.63866994171558],[-121.25839686885745,35.63893471440021]],[[-121.25565007625269,35.63927779094067],[-121.25597403025998,35.639497156054844],[-121.2565228946013,35.63945143597925],[-121.25670437401622,35.63916783192253],[-121.256144096942,35.63873037288165],[-121.25574742585039,35.63883196476946],[-121.25565007625269,35.63927779094067]],[[-121.26268684671818,35.638733460311045],[-121.26302877701053,35.63877411718622],[-121.26301403795976,35.638645100689146],[-121.2628415624064,35.638513808829416],[-121.26220690180472,35.63867639023027],[-121.26215029533144,35.638861623372236],[-121.2623221496887,35.639021531231904],[-121.26268684671818,35.638733460311045]],[[-121.27290643436164,35.63878425874087],[-121.27272963146986,35.638853281620364],[-121.2727250121222,35.63906788887172],[-121.27333751281047,35.63911960753701],[-121.27337656753235,35.63893411712722],[-121.27290643436164,35.63878425874087]],[[-121.25663376335807,35.63778007616697],[-121.25711703342586,35.638130549234916],[-121.25739838296181,35.63809168544355],[-121.25719428506775,35.63780250116557],[-121.25665408658463,35.63765156571081],[-121.25663376335807,35.63778007616697]],[[-121.27966666886421,35.63829424921232],[-121.27982685984168,35.63818204488521],[-121.27979517981211,35.63802416489688],[-121.2795495061802,35.63803496684226],[-121.27951169312708,35.638163230879634],[-121.27966666886421,35.63829424921232]],[[-121.27442785311747,35.638147736278285],[-121.2743605172757,35.63801796721967],[-121.27383380830454,35.6380533530858],[-121.27375816392352,35.63830987703973],[-121.27394972138057,35.63836986914514],[-121.27442785311747,35.638147736278285]],[[-121.25968949971364,35.63592083649984],[-121.25945856451729,35.63606061523944],[-121.260300401845,35.636645822897194],[-121.26062953182812,35.63703640919769],[-121.26084108184247,35.63698221843833],[-121.2608475929163,35.63668176916992],[-121.25968949971364,35.63592083649984]],[[-121.25449674126105,35.636890425777814],[-121.25434616752882,35.63655907712499],[-121.25410516589464,35.63635522104857],[-121.25366764735729,35.63632025408112],[-121.25361071187604,35.63651979067847],[-121.25449674126105,35.636890425777814]],[[-121.25832321429397,35.63554843316659],[-121.25858743685934,35.635271202656455],[-121.25789554639069,35.63542514225224],[-121.2578331029571,35.635658448699495],[-121.25796505383164,35.6356723539906],[-121.25768105860223,35.636054405431224],[-121.25811025399658,35.6361074570203],[-121.25840112687871,35.63592429601999],[-121.25832321429397,35.63554843316659]],[[-121.26149510063924,35.636132948617465],[-121.2614623616616,35.63631984408503],[-121.26114382827993,35.636455770452706],[-121.26189054738889,35.63641970856651],[-121.26252609087122,35.63621809126334],[-121.26149510063924,35.636132948617465]],[[-121.2701623079187,35.636769871450895],[-121.27016539179613,35.6366268000899],[-121.26999198416283,35.636538439648625],[-121.2697438458153,35.63666367873103],[-121.26989726119912,35.636866244825924],[-121.2701623079187,35.636769871450895]],[[-121.27382399124512,35.6368796606563],[-121.27402968656222,35.637097283478546],[-121.2742212413832,35.637157275088114],[-121.27445154111774,35.63704608267369],[-121.2743506924915,35.63684427461105],[-121.27405428958127,35.63676846897418],[-121.27382399124512,35.6368796606563]],[[-121.27005936487916,35.63585245061026],[-121.27064352280735,35.63640468129282],[-121.27085414033249,35.63639339412047],[-121.27092794238455,35.63622271498147],[-121.27030657404094,35.63577013217968],[-121.27005936487916,35.63585245061026]],[[-121.27576382856262,35.635533536573156],[-121.27563592335001,35.6357750029664],[-121.27631450960156,35.636013703016836],[-121.276491917753,35.63591606111004],[-121.27600918847781,35.635537049347896],[-121.27576382856262,35.635533536573156]],[[-121.25733362840016,35.63487832939127],[-121.25772803823463,35.635211930461416],[-121.25877120266819,35.63473517704073],[-121.25948922651234,35.63469871493774],[-121.26044734963244,35.6341738757842],[-121.25927400252392,35.63403981626222],[-121.25820877504195,35.63421178217139],[-121.25733362840016,35.63487832939127]],[[-121.25825879578373,35.633228824361716],[-121.25705017822789,35.63339870622693],[-121.25779026264227,35.633667045476166],[-121.25813899587521,35.63346130152623],[-121.2584213400127,35.63377007889843],[-121.25882379728867,35.63380452240964],[-121.25891576779732,35.63360548958234],[-121.25872466688205,35.633514059919605],[-121.25891538371567,35.63337884504523],[-121.25825879578373,35.633228824361716]],[[-121.25331631038927,35.64480757453097],[-121.25364650797553,35.64474080546184],[-121.25369538759332,35.6445089521243],[-121.25336791639025,35.64445053452107],[-121.25331631038927,35.64480757453097]]]},"properties":{"id":"CSS-GEO-020","unit":"Qms","label":"Marine nearshore and shelf deposits","kind":"sediment","latitude":35.64146813390136,"longitude":-121.2894923893829,"area_km2":7.781,"source_id":"usgs-san-simeon","source_url":"https://pubs.usgs.gov/sim/3327/","publication_year":2015,"depth_qualified":false,"fishing_target":false}},{"type":"Feature","geometry":{"type":"Polygon","coordinates":[[[-121.13754736317058,35.558025015145695],[-121.13707532428062,35.557989097365684],[-121.13725366767649,35.558607245568176],[-121.13677694203625,35.55953011928132],[-121.13676833029552,35.55990208323783],[-121.13604752685659,35.560019740640264],[-121.13567847919802,35.560829783606266],[-121.13535649393147,35.55960833202943],[-121.13539190059886,35.55883606297807],[-121.13562413878279,35.558639296077324],[-121.13580059613747,35.557826274286796],[-121.13568566553235,35.55749533368826],[-121.13588653044954,35.5571406555602],[-121.13608407938625,35.556929038831015],[-121.136203647927,35.55705969036707],[-121.13641406657956,35.55704863253899],[-121.13666645377207,35.5567376838115],[-121.13692300928706,35.55680175939045],[-121.13729340059837,35.5568904883497],[-121.13766039014511,35.55692478210285],[-121.13804223955155,35.55707379550346],[-121.13819450946696,35.55730513098268],[-121.13810267073838,35.55748976054009],[-121.13753813230451,35.55766708756537],[-121.13754736317058,35.558025015145695]]]},"properties":{"id":"CSS-GEO-021","unit":"Qms","label":"Marine nearshore and shelf deposits","kind":"sediment","latitude":35.55875055469592,"longitude":-121.13634050564393,"area_km2":0.055,"source_id":"usgs-san-simeon","source_url":"https://pubs.usgs.gov/sim/3327/","publication_year":2015,"depth_qualified":false,"fishing_target":false}},{"type":"Feature","geometry":{"type":"Polygon","coordinates":[[[-121.13435579361978,35.56953211651036],[-121.13414799768385,35.56942871902325],[-121.13387912290385,35.56893796857948],[-121.13375430967842,35.56827771213789],[-121.13405802255343,35.56726630605223],[-121.13506309023347,35.56622281898832],[-121.13528865618727,35.56707068207993],[-121.13515740346794,35.56819925215894],[-121.13436674190396,35.5690600100544],[-121.13435579361978,35.56953211651036]]]},"properties":{"id":"CSS-GEO-022","unit":"Qms","label":"Marine nearshore and shelf deposits","kind":"sediment","latitude":35.56773213241141,"longitude":-121.13456585409028,"area_km2":0.028,"source_id":"usgs-san-simeon","source_url":"https://pubs.usgs.gov/sim/3327/","publication_year":2015,"depth_qualified":false,"fishing_target":false}},{"type":"Feature","geometry":{"type":"Polygon","coordinates":[[[-121.18574339064135,35.638981178531516],[-121.18549964969115,35.63890594922367],[-121.18539999647439,35.63866115461849],[-121.18510659377087,35.63845637310826],[-121.18487848914997,35.639240060922674],[-121.18451174573829,35.639177286800084],[-121.18408465722008,35.63945707384374],[-121.18394833662192,35.63928328187219],[-121.18436534545646,35.638674181441566],[-121.18388175525762,35.638352038446484],[-121.18395116741233,35.637608893413294],[-121.18363927566038,35.63744676450953],[-121.18337607313768,35.63745710550729],[-121.18310506384493,35.6370379868296],[-121.18261986855299,35.63678737141348],[-121.18184941512621,35.63674711855133],[-121.18001609556168,35.635646071950305],[-121.17855732724766,35.63503725025051],[-121.17804393123048,35.634485652000436],[-121.17774536448671,35.63450975709845],[-121.17700026030289,35.63412638409863],[-121.17671112002834,35.6337355996542],[-121.17648492945663,35.63366061809515],[-121.1763583575896,35.633830437464866],[-121.17606467092058,35.63363994227826],[-121.17571288378214,35.63369185895794],[-121.17570507926581,35.634035213673684],[-121.17602373706268,35.634669740239055],[-121.17581311800178,35.63468086125353],[-121.17538476228444,35.63424503077081],[-121.17503459868576,35.634225413354145],[-121.17479381227386,35.63402140543757],[-121.17485419347396,35.63367884770079],[-121.17447321430356,35.63347271341524],[-121.17407048178656,35.633452296331086],[-121.17288410761124,35.632432507211206],[-121.17269746807001,35.632930572791444],[-121.17270163781961,35.633517402346214],[-121.17260945647685,35.63371636215143],[-121.17238392058458,35.63361276021795],[-121.17172679819791,35.633216378888676],[-121.17148863085531,35.63289791274216],[-121.17163566725527,35.63259960736095],[-121.17147541983996,35.63193885141127],[-121.17090299902456,35.63167255465029],[-121.17081211974913,35.631814287568254],[-121.17105419439022,35.63196107753533],[-121.17115346989279,35.632220190011054],[-121.17083445205454,35.632372769408676],[-121.17019389298574,35.63201956544634],[-121.16959230218761,35.631495214544636],[-121.16939278471757,35.631019907235206],[-121.16899789889248,35.630656119949684],[-121.16866690886056,35.630565219133366],[-121.16831088847465,35.63080309804196],[-121.16807415167311,35.63156883583839],[-121.16733093634598,35.6312329876277],[-121.16729089759092,35.631052078222275],[-121.16690009759405,35.63075765011427],[-121.16686088324857,35.63054069310179],[-121.16653261237852,35.630409485701726],[-121.16644965736678,35.630173832613046],[-121.16631678516443,35.63018983953859],[-121.16599592916921,35.629734203463855],[-121.16549749521204,35.62936521926463],[-121.16574057309809,35.62916572272501],[-121.16639986950419,35.62752193352115],[-121.16672401931706,35.627379498175046],[-121.1668710898964,35.627086994750854],[-121.16659040476846,35.627082722067286],[-121.16567727850314,35.62579160284606],[-121.16562349082703,35.62551241635243],[-121.16530308763606,35.625491160921385],[-121.1648929197885,35.625010049804935],[-121.16442089975334,35.623725642618645],[-121.16356706936304,35.623352385784294],[-121.16309902585611,35.62277213884751],[-121.16248615841369,35.622386175413624],[-121.16171291217132,35.623749837536344],[-121.16149800611632,35.623500938823526],[-121.16260400305812,35.62161837008608],[-121.16266132739824,35.62086601526191],[-121.16236117368408,35.6199608355652],[-121.16275449017547,35.61924005537426],[-121.17834626617768,35.619239521537],[-121.17845295715341,35.61923529109998],[-121.17855864786077,35.61922266052277],[-121.17866234864711,35.619201748072946],[-121.17876308849439,35.61917274956671],[-121.17885992411229,35.619135936535216],[-121.17895194877151,35.61909165368184],[-121.17903830079476,35.619040315654246],[-121.17911817162548,35.6189824031614],[-121.17919081339917,35.61891845847215],[-121.17925554594608,35.61884908033718],[-121.17931176315979,35.61877491838226],[-121.1793589386722,35.61869666702498],[-121.17939663078144,35.61861505897231],[-121.1794244865872,35.618530858359506],[-121.17944224529384,35.61844485359484],[-121.17944974065152,35.61835784997727],[-121.17944690251157,35.61827066215586],[-121.17943375748204,35.61818410650183],[-121.17941042867743,35.618098993464585],[-121.17937713456459,35.618016119983274],[-121.17933418691601,35.6179362620249],[-121.1792819878896,35.61786016731897],[-121.17922102626217,35.61778854835666],[-121.15974712164432,35.59711408802115],[-121.16061662393454,35.594483848252786],[-121.16129618107766,35.58991009614354],[-121.16105550623354,35.589660445572996],[-121.16090358107336,35.58912144813028],[-121.16110486038725,35.588699649939926],[-121.16108925433713,35.58818509495029],[-121.16148413690996,35.58767680511032],[-121.16063119304513,35.5878650409596],[-121.16088464450112,35.58755584776396],[-121.16138387550879,35.58727276568254],[-121.16080919531862,35.58726399491185],[-121.16039359514534,35.587481266871166],[-121.15912914045242,35.587707932121205],[-121.15882146143896,35.58799393103875],[-121.1578063624012,35.58809022321921],[-121.15848282961355,35.588435987924186],[-121.15732730741762,35.5886866606038],[-121.15729584305883,35.58886507214538],[-121.15833883089506,35.58874684889937],[-121.15814316970922,35.58892275079937],[-121.15668404778958,35.589280583867286],[-121.1570909553399,35.58944333937311],[-121.15612564429735,35.5896021857172],[-121.15903377339005,35.585895185521466],[-121.1601741615247,35.58510758580452],[-121.15899030318717,35.5854025663499],[-121.15816013526606,35.58579238770745],[-121.15771614620776,35.58605393927378],[-121.15748954008815,35.586385898101625],[-121.15702330515687,35.58642349037735],[-121.15611050759259,35.5868343951545],[-121.15503761272393,35.587063949676676],[-121.15373603262049,35.587714859532724],[-121.15147406112102,35.5883269239209],[-121.1389408379868,35.57501023475246],[-121.13973712330758,35.57417073898017],[-121.13952953974355,35.57323054306943],[-121.13887424538292,35.57181492804637],[-121.13750143264947,35.57166859106227],[-121.1372815633424,35.571259280887425],[-121.13667731042848,35.570937622656],[-121.13571464348223,35.57082252941507],[-121.1379003833354,35.56914104750977],[-121.13821478524176,35.56856450436674],[-121.13900100221505,35.5677045461093],[-121.14135129147571,35.565482296019454],[-121.14323947108893,35.56311870885905],[-121.14627167472243,35.557418444771876],[-121.14798927970959,35.5529389756627],[-121.1478282432416,35.55280233169428],[-121.14702314852391,35.55330427615829],[-121.14666600411589,35.55336587012713],[-121.146811521687,35.55298795887354],[-121.14728579793315,35.55259274001061],[-121.14682284312525,35.552496176631976],[-121.14699828585877,35.5520069174486],[-121.14721968634487,35.551898512166446],[-121.14692291498811,35.551715056785966],[-121.14718296760697,35.55111531997454],[-121.14635672882022,35.55134856456506],[-121.14608738340475,35.55235069769669],[-121.14552692337952,35.55292347919681],[-121.14526425740013,35.55363501006972],[-121.14413862045652,35.55379657745777],[-121.14366793053011,35.55403530740558],[-121.14354459417325,35.55463717224699],[-121.14235134546526,35.556541888931356],[-121.14205302110119,35.5564254823412],[-121.14228475895752,35.555870013015145],[-121.14174127784078,35.55570510412235],[-121.1408019243908,35.55609312832718],[-121.14073946989105,35.55642758923898],[-121.14045765821494,35.5567810270375],[-121.14012681522024,35.55688773075578],[-121.14007830326742,35.55661864262362],[-121.14030695629545,35.556197299974485],[-121.14329012927156,35.553805872336866],[-121.14235544932387,35.5539927261474],[-121.14175520778733,35.55391638835961],[-121.1405413016037,35.554344900782404],[-121.14031472130402,35.554676829520204],[-121.1403596180534,35.555102393081306],[-121.14014902622688,35.55592652358349],[-121.13943728726646,35.55593790101426],[-121.13910179522432,35.5562457841673],[-121.13912294743272,35.55651445025483],[-121.13886693310374,35.55693536804461],[-121.1382687420682,35.55676959870918],[-121.13692300928706,35.55680175939045],[-121.13684990567741,35.55659114387475],[-121.13798180020764,35.55616140269468],[-121.1368581848288,35.55623348597672],[-121.13551935540713,35.556145698777016],[-121.13627907689452,35.55642578770145],[-121.1355121059877,35.55645864875434],[-121.13621815516034,35.5566931850531],[-121.13508572752033,35.55714526205047],[-121.13528436987497,35.55802043782484],[-121.13521878308548,35.558489016124945],[-121.13477332378898,35.55881754709423],[-121.13404278725903,35.560818782544],[-121.1334443318916,35.563023311619524],[-121.13192597640175,35.5630015755119],[-121.13004846885525,35.563902700413834],[-121.13029192850104,35.56397803441526],[-121.1308033357938,35.563828542052335],[-121.13192002049131,35.5633369687885],[-121.1312290360815,35.564140602748935],[-121.13065176774845,35.56542861968056],[-121.13026736007188,35.5657913035065],[-121.12983195949673,35.565328451292],[-121.13083193380281,35.56485940574522],[-121.13083459250443,35.56474495605876],[-121.13016692967888,35.56483477882507],[-121.12962194577946,35.56510519398127],[-121.1234408385343,35.55853360123428],[-121.11784391832266,35.55258193104925],[-121.1184736495652,35.55116532185042],[-121.12104713309618,35.54698978815903],[-121.12113992480714,35.546220464097736],[-121.12197312187335,35.54518353123276],[-121.12231744042973,35.544410338438524],[-121.1229315395358,35.54365929806725],[-121.1234974355083,35.54261742066436],[-121.12599978623065,35.54118226943721],[-121.12805959776406,35.53919635833802],[-121.12803830677444,35.53975176749806],[-121.12829327028193,35.540006006011495],[-121.12857141620316,35.539456535905046],[-121.12889312802287,35.539324882484664],[-121.12880166850582,35.53912820085033],[-121.12848111860751,35.53910882587221],[-121.12828335683695,35.53895664762434],[-121.12913837357031,35.537982320662564],[-121.12935232354069,35.53858969086279],[-121.12959234995728,35.53879080509374],[-121.13059917345292,35.53883516041736],[-121.1308930224473,35.538623220386384],[-121.1312838533544,35.539088954403674],[-121.13180017876475,35.539096438438385],[-121.13187785289048,35.537892107047206],[-121.13175462544925,35.537456946932636],[-121.1305657973007,35.53766432604479],[-121.13010480755352,35.5375380938651],[-121.12951373528252,35.5376260233632],[-121.13055132842062,35.53670189698344],[-121.13166901942905,35.53531670048617],[-121.1319779232116,35.53407638983582],[-121.13193238384646,35.53377514322734],[-121.13165699472943,35.5335705158499],[-121.13043517054075,35.53340846114869],[-121.13118684998744,35.53270454145166],[-121.13075096256959,35.53262622706404],[-121.13015125059736,35.5328172876708],[-121.1296033772319,35.533037773218496],[-121.12928036957447,35.533376236044894],[-121.12919452092535,35.53330334681793],[-121.12940985969745,35.533077705193264],[-121.12952583311721,35.53260722641449],[-121.12889211184213,35.53275481879413],[-121.12864874783544,35.53267948453173],[-121.12916743173797,35.532208099914314],[-121.12806548653772,35.5321623730514],[-121.1280681459675,35.532047922924335],[-121.12866519803613,35.53197132280572],[-121.12835182891985,35.5318949013904],[-121.12835747929128,35.5316516939158],[-121.12895530102946,35.53078797371516],[-121.12892528210205,35.53057283637206],[-121.12861025652491,35.53056794714516],[-121.12789557380555,35.5311865559434],[-121.1274350908007,35.53216689516697],[-121.12679571449283,35.532557683783516],[-121.12601684595965,35.5336761849739],[-121.12580668270985,35.53443142412385],[-121.12527529051194,35.53469508003471],[-121.12516394950832,35.53496526640977],[-121.12492224787334,35.53481839247868],[-121.12450867322879,35.533781535982406],[-121.12650563570955,35.531479817982856],[-121.12649445547854,35.5312077262824],[-121.12699514140189,35.530757538884124],[-121.12598505111109,35.53052717168599],[-121.12556235550264,35.53063509229955],[-121.12548336260346,35.53102027351759],[-121.12469180035244,35.53117970119701],[-121.12464129415062,35.531093047090195],[-121.12512082572098,35.530799964222275],[-121.12461361792514,35.53077776444647],[-121.1245839436759,35.53054832013549],[-121.12490762566502,35.53018125662882],[-121.1247692796288,35.53010754787026],[-121.12450309795639,35.53026083324004],[-121.12432010323656,35.53005221147051],[-121.13423948878518,35.530057208531765],[-121.13813336993638,35.53603059380609],[-121.14156502709076,35.54191546959018],[-121.14786654605086,35.54771915197983],[-121.14961069939416,35.54992843864527],[-121.15183472771766,35.55221661664521],[-121.15457998707205,35.55469162950696],[-121.15646148300499,35.556606673965604],[-121.15667641242455,35.55713904483167],[-121.15625295626161,35.55727568254178],[-121.1562048317854,35.55784740518266],[-121.15598916874444,35.55808740140914],[-121.15614247637606,35.55827579558585],[-121.15570248916359,35.558369244010066],[-121.15565239262554,35.55902680565337],[-121.15496643196948,35.55991792958731],[-121.15473632591838,35.560787406413546],[-121.15544694861954,35.561113136522266],[-121.15595862337575,35.56094922803229],[-121.15913051453387,35.56369753601735],[-121.15977715031106,35.56478077104682],[-121.16120736549007,35.566066780019],[-121.16173046950884,35.566170170244874],[-121.16357929645861,35.565057291381486],[-121.16728303942047,35.568206978339944],[-121.16739527068029,35.568651508879654],[-121.16688910897108,35.56857225368557],[-121.16646528143553,35.56872323225276],[-121.16624407395932,35.56920645676194],[-121.16610617519596,35.569876998264725],[-121.16646280467042,35.57036901478127],[-121.16686652267686,35.57033222208792],[-121.16774586903942,35.57094667644233],[-121.16835710986774,35.57102752535838],[-121.16883022146446,35.57102040370094],[-121.16920998987304,35.57049664895672],[-121.16963382218191,35.57034566090085],[-121.16985950472932,35.57043495710531],[-121.16997680762472,35.57143854208057],[-121.17020216817359,35.57154214424297],[-121.17047036078048,35.57130292132568],[-121.170764462964,35.57146481183336],[-121.1709602597145,35.57133411149047],[-121.17300331000608,35.57307153469061],[-121.17332461896808,35.573678712795214],[-121.17404234506326,35.5742143440586],[-121.17427296857944,35.574151260020216],[-121.17542583975086,35.575131670689984],[-121.17503249348168,35.57536814381098],[-121.1749906534195,35.57566805079277],[-121.17438456385027,35.57535832973426],[-121.17432553451268,35.57564366458281],[-121.17357906152228,35.5766164231069],[-121.17318014082691,35.577469065047254],[-121.17310879984976,35.578444916753924],[-121.17291194029056,35.57862798087387],[-121.17288532717272,35.579028298732204],[-121.17440592964205,35.58072578838915],[-121.17472855205537,35.581285070988564],[-121.17518961001322,35.58155443089256],[-121.17787439030784,35.5816189112352],[-121.17878408814856,35.58141799210796],[-121.17909514440348,35.58098278905477],[-121.17918297169066,35.58056533095934],[-121.17982888381552,35.58040812171105],[-121.1808214379702,35.58056520717734],[-121.18146358723999,35.580832507236515],[-121.18148595294105,35.58061817191278],[-121.18174573420247,35.58075089529759],[-121.18182715231534,35.58102404253981],[-121.18156154679835,35.58114883776848],[-121.18132611396018,35.581488760625625],[-121.18097455940512,35.58154069995551],[-121.18143673345469,35.582019955126114],[-121.18165243446785,35.5825527352765],[-121.18194530664145,35.58277182730518],[-121.18255406744571,35.58296705978565],[-121.1829513781603,35.58321634754347],[-121.18289722161904,35.58328708817297],[-121.18383939091557,35.583458718729936],[-121.18479495100928,35.58458941455738],[-121.18566740816611,35.584745669371],[-121.1862702978269,35.58442558120557],[-121.18674680751283,35.585048147848894],[-121.18616885187146,35.58503944905081],[-121.18648999786825,35.585559496663855],[-121.18760089187315,35.586019867818415],[-121.18774422859748,35.5858789090681],[-121.18748861338511,35.585560211020955],[-121.18755240217774,35.58544417980881],[-121.19023199400358,35.58772292225618],[-121.19067252721969,35.58910325380801],[-121.19119745766797,35.58991257950497],[-121.18976268578676,35.58982662943111],[-121.18972443439492,35.589969170276554],[-121.19058053642469,35.5908550311846],[-121.19043816142734,35.59095307320075],[-121.19016146190565,35.590791490131615],[-121.18998534488438,35.590831779800745],[-121.18894303135674,35.589656885742166],[-121.1885777995009,35.58953690362658],[-121.18747239873555,35.5880533517677],[-121.18615421098332,35.58746105560916],[-121.18540270984269,35.587378182921896],[-121.18556808734762,35.58703719746771],[-121.18456453786854,35.58647824477777],[-121.18432095640267,35.58640301630418],[-121.18412022263252,35.58675777863906],[-121.18446838113546,35.58840884626346],[-121.18475029967325,35.58911435610583],[-121.18514280129867,35.58957823630305],[-121.18616293921579,35.5901803695274],[-121.18738359508738,35.59121485480235],[-121.18720747593588,35.59125513943734],[-121.18574064354424,35.59025988013126],[-121.18632493981332,35.59154239911681],[-121.18798618443094,35.59324183776602],[-121.18791128304574,35.59345538394641],[-121.18860605084153,35.59450341417593],[-121.18932033464856,35.59468588863306],[-121.1895240802332,35.59497518052231],[-121.18948421422311,35.59518925324263],[-121.19008857847761,35.59558474406916],[-121.18998090322637,35.59569761807845],[-121.19201420456612,35.596443723134755],[-121.19243331013801,35.59650725769282],[-121.19243652777021,35.596364191385256],[-121.19303316559296,35.59699352496504],[-121.19453733359967,35.59763624035643],[-121.19550610272373,35.59741222953726],[-121.19645190647536,35.597589788916395],[-121.19820757093063,35.599632739823264],[-121.19879513560439,35.59999931357357],[-121.19924206940273,35.60012767349984],[-121.19860055910075,35.60064671457041],[-121.19833443616218,35.60176976517177],[-121.19830596631193,35.60303948399139],[-121.19926168629553,35.60437758692727],[-121.2006325691126,35.60674157694607],[-121.20093601498716,35.607864194078175],[-121.20090490480862,35.608275184457604],[-121.20050912504172,35.60834083006997],[-121.20083199969802,35.60859610375711],[-121.20065360479843,35.60873655459584],[-121.20002695177409,35.60835151575564],[-121.19995818989845,35.60750968883646],[-121.20035757134502,35.60728309468796],[-121.20002949460654,35.60726030340914],[-121.19978580595101,35.60738188691785],[-121.19930604350779,35.607285269481196],[-121.19916984195821,35.60749790611867],[-121.19960245859916,35.6087208487707],[-121.19956452736436,35.60943585521591],[-121.19882557289586,35.609174357448424],[-121.19907087215331,35.608981241951824],[-121.1989856821779,35.608872632882665],[-121.1987192858773,35.60902965367133],[-121.19757733146825,35.609155686628824],[-121.19814550177055,35.60921785444895],[-121.1991655337099,35.60964456363904],[-121.19947357788337,35.6105615247567],[-121.20021948082297,35.611591177061825],[-121.19819201987276,35.61202717650537],[-121.19903889328032,35.612361850080084],[-121.19920807775142,35.61263271968723],[-121.20028362077068,35.611753124046174],[-121.20128364060811,35.61386231643065],[-121.20135762527588,35.614471658896065],[-121.20098586210909,35.614415340374244],[-121.20108693865161,35.6138414903078],[-121.20062062208976,35.61412075400798],[-121.20085164345572,35.61358752535167],[-121.20009982278425,35.6138983013326],[-121.2001162361701,35.61426556583944],[-121.19948140340591,35.614121619954446],[-121.19890918700173,35.61423829088777],[-121.19956098693699,35.61448059639353],[-121.19977277632313,35.614805769700226],[-121.19958594670804,35.615321767971345],[-121.20009072205575,35.6162595570951],[-121.20041889597138,35.61725731813178],[-121.2015384093999,35.619116640759685],[-121.20237376156217,35.6199699094395],[-121.20262377547184,35.62054609884956],[-121.20229792799809,35.62139992345251],[-121.20287808546318,35.621909482357914],[-121.20323542081971,35.622585663200745],[-121.20417294568196,35.62573027688402],[-121.20394190760237,35.62626351141464],[-121.20443009460784,35.626968474264366],[-121.20437708635002,35.62737913802967],[-121.2039533082785,35.627712715850336],[-121.20385728940099,35.628086959765824],[-121.20361114046855,35.62831584921971],[-121.20321366188531,35.62845303389939],[-121.20342950306983,35.628599369012214],[-121.20384528535646,35.62862345939584],[-121.20384208420688,35.6287665267362],[-121.2030431175513,35.62921972953067],[-121.20381097609007,35.62917751670592],[-121.20353731675883,35.62965644583444],[-121.20380177240362,35.62958883333895],[-121.20399531268025,35.62975272344949],[-121.2038813876917,35.62994780705535],[-121.20289676219085,35.63086336176038],[-121.20246294694131,35.63164401667928],[-121.20202364195362,35.631691126258154],[-121.20188499948001,35.63201106335558],[-121.20142418745463,35.63203996100375],[-121.20076768859109,35.63297828686561],[-121.20149137268476,35.632953317976835],[-121.20196380682847,35.63240580502365],[-121.20253534913648,35.63232489057167],[-121.2027827140327,35.63204235336466],[-121.2030394408479,35.63203860993839],[-121.20346931807042,35.63276625551186],[-121.2040307385151,35.63274600579252],[-121.20536412113657,35.63348145611062],[-121.20278234283323,35.63291343067747],[-121.20252268131748,35.63276644119998],[-121.20244585535262,35.63306583399243],[-121.20284049383488,35.634230950475526],[-121.20269581012279,35.63442915083748],[-121.2028923324187,35.635047475853405],[-121.20382482041983,35.63646390820112],[-121.2049970144445,35.637354384077284],[-121.2051811539706,35.63774353752341],[-121.20510369227752,35.63807154518996],[-121.20490639981496,35.638232795506546],[-121.20159236095571,35.63673511622343],[-121.2015999863347,35.63639484426504],[-121.20098629551543,35.63522645194237],[-121.20060491761141,35.635034705732146],[-121.200150556016,35.63497067009932],[-121.19978028796324,35.635065315250245],[-121.19929248129635,35.634929219439215],[-121.19891541637206,35.63376435495719],[-121.1988838718147,35.63282648539978],[-121.19856295842085,35.63189152206342],[-121.19824945036386,35.63180096360284],[-121.19810540364965,35.631970545154694],[-121.19730218415573,35.63182972174832],[-121.19665957826865,35.6321843205305],[-121.1961547376824,35.63179814835187],[-121.19559911264372,35.63156084228585],[-121.1965658283588,35.63144652041213],[-121.19684090109831,35.63090680455405],[-121.19762530155363,35.63110459575622],[-121.19782852193202,35.63142248779223],[-121.19809138297944,35.631426421144155],[-121.19807899772374,35.631197253462396],[-121.19782256173062,35.63090718738559],[-121.19751002329366,35.63077370736891],[-121.19726933454726,35.62978261641253],[-121.1968940972183,35.62931903321616],[-121.19690791546414,35.62870384810676],[-121.19752669758272,35.62846981700875],[-121.19810432700285,35.628507083636016],[-121.19817698940754,35.62839367954777],[-121.1979540023306,35.628175671206186],[-121.19729068666715,35.628051252900924],[-121.19480448376545,35.627141015234386],[-121.19271693136439,35.62758761159767],[-121.19268052523344,35.62688025734643],[-121.19217642080405,35.6259138261936],[-121.19139111862422,35.62575892086713],[-121.19124997007414,35.6257997362069],[-121.19124545753937,35.62600002792507],[-121.19084855882774,35.625722149132535],[-121.19065344064164,35.62504658165662],[-121.1908688691708,35.624820834698035],[-121.19053368487458,35.624915979951574],[-121.18985653908945,35.62540670404594],[-121.1898890038148,35.62552168309918],[-121.18949769750596,35.625773407159095],[-121.18948898630067,35.62615968366507],[-121.19010400291886,35.62687018749268],[-121.19036019040861,35.62756090537404],[-121.19142039727701,35.62796323985484],[-121.19148597879892,35.628164584130225],[-121.19115497071513,35.62807374465839],[-121.19109885495311,35.628230327967884],[-121.19153178011777,35.62846581195437],[-121.19196889572059,35.62851530927621],[-121.19216616384384,35.62831791123175],[-121.19294215189085,35.62888770238702],[-121.19316190662315,35.62924878523248],[-121.19375094571222,35.62955816041507],[-121.19369386799647,35.62975766470043],[-121.19269663201142,35.62967114631752],[-121.19165403794307,35.63004190383721],[-121.19116434237246,35.62999161463421],[-121.19018549293767,35.629089601941935],[-121.19048145707768,35.629179917568706],[-121.19076537900226,35.62902675713818],[-121.19084030910916,35.62881321201938],[-121.19007798977576,35.62841534955385],[-121.18987878189812,35.62869858413715],[-121.18954509260523,35.62794937453404],[-121.1894153316256,35.62826227509755],[-121.18956207038333,35.6287510689833],[-121.190417593472,35.63014076848538],[-121.19001229047349,35.630234857353486],[-121.1894038019618,35.63001103989531],[-121.18919482090315,35.62948974024794],[-121.18861467871857,35.62878691256389],[-121.18870736966412,35.62778650823785],[-121.18866383778446,35.62738513392274],[-121.1884907072773,35.62733808662578],[-121.18895620211694,35.626466524480676],[-121.1882146334525,35.62705704116961],[-121.18806051705747,35.62661024395301],[-121.18822411689365,35.626283776881706],[-121.18860554403355,35.626021385227105],[-121.18782864511275,35.62636896089199],[-121.1876908623192,35.62622558400748],[-121.18768109066055,35.625881962878],[-121.18731634340853,35.625733359768944],[-121.18579277573474,35.62380279158316],[-121.18487962112111,35.6231020857425],[-121.18477028401595,35.623286485848645],[-121.1841793131294,35.62338196709982],[-121.18419607655247,35.6241908140771],[-121.18394757594736,35.62510299712321],[-121.18413546951804,35.62532050084117],[-121.1845712693827,35.625427251319344],[-121.18470400969034,35.62575841379583],[-121.1856324513647,35.626559531942796],[-121.18617508126577,35.627369144447414],[-121.18639579986962,35.62729492557927],[-121.18675219469948,35.62898071165191],[-121.18702998458353,35.62909938572107],[-121.18715652537203,35.62892955320196],[-121.18739506823738,35.62923368352348],[-121.1872873431903,35.62934655310144],[-121.18747137896005,35.62973573107106],[-121.18878430730425,35.6321454882293],[-121.18878884662023,35.63224728489011],[-121.187882905412,35.631695430527984],[-121.18801566875445,35.632026590633224],[-121.18798522549586,35.632598588271236],[-121.18749131848601,35.63273426926411],[-121.18747928548547,35.63249079489959],[-121.18730565976301,35.63241662381108],[-121.18697632970344,35.633027056743636],[-121.18721746842526,35.6332167346475],[-121.1876714857337,35.63329512503847],[-121.18832311560008,35.633161816248155],[-121.18878940206741,35.63269655402215],[-121.1889939942486,35.63297412528164],[-121.18908222403496,35.63271893280377],[-121.19024435665106,35.63443377591223],[-121.19127548087417,35.635418971860474],[-121.19122911687775,35.63559163914231],[-121.19177498562726,35.635870286333564],[-121.19209479519607,35.63583196917566],[-121.19238912312036,35.63605980549226],[-121.19253813739147,35.63597624879449],[-121.19331937364169,35.637331213903565],[-121.19320108481499,35.63825361567293],[-121.19293288844611,35.638393830934724],[-121.19315500316087,35.63972673109384],[-121.19294457500689,35.639836401995936],[-121.19300100784895,35.63991648109044],[-121.19218000011749,35.64084798406909],[-121.18942617553526,35.64156354806171],[-121.18816939227231,35.64100871263177],[-121.18710184066656,35.64113365419584],[-121.18666054408617,35.64080751612709],[-121.18684311344653,35.64074373085494],[-121.18669410843867,35.640355079773684],[-121.18612772088328,35.63981702852186],[-121.18542475024981,35.639892305413916],[-121.1854292796167,35.639692014803906],[-121.18576582680016,35.6395396600927],[-121.18574339064135,35.638981178531516]],[[-121.18888741548972,35.626021756899355],[-121.18840163595337,35.62550819281897],[-121.18845763348128,35.62525686714573],[-121.18807375055412,35.62517953543705],[-121.18758451227866,35.62550125741833],[-121.18860554403355,35.626021385227105],[-121.18888741548972,35.626021756899355]],[[-121.18517494381862,35.633615312513854],[-121.18516421293269,35.63331461222969],[-121.18462489240515,35.633907561277404],[-121.18517494381862,35.633615312513854]],[[-121.18688734233707,35.63231014686631],[-121.18656124205584,35.6327775127064],[-121.1862276349502,35.63280111132695],[-121.18637888820055,35.6330896175019],[-121.18698246990496,35.63275523232588],[-121.18700419517418,35.63256951163156],[-121.18688281781748,35.632510438785275],[-121.18688734233707,35.63231014686631]],[[-121.1877654870687,35.63223749659892],[-121.18775183924988,35.63206555478231],[-121.18761229304769,35.63203483199394],[-121.18750553355719,35.63210478209417],[-121.18760453991476,35.63237818817359],[-121.1877654870687,35.63223749659892]],[[-121.18774691298086,35.631507335395476],[-121.18763789306017,35.63167743210994],[-121.18779593164078,35.6316654990259],[-121.18790559718678,35.63146678913455],[-121.18784648337457,35.63097931207541],[-121.18755867258145,35.63130414332166],[-121.18774691298086,35.631507335395476]],[[-121.16812890259075,35.63032805537267],[-121.16832460000447,35.63020222920942],[-121.16805336605678,35.62979738556558],[-121.16775971434217,35.62960687102067],[-121.16725251739912,35.62955621937],[-121.16717883102451,35.629712522499894],[-121.16731444471809,35.62991494575151],[-121.16758959324162,35.63014811380386],[-121.16784282040155,35.630076103494936],[-121.16812890259075,35.63032805537267]],[[-121.16742667075854,35.628070489123736],[-121.16729138630093,35.627853759667936],[-121.16702723479628,35.6279069848715],[-121.16704018444608,35.628107541420825],[-121.16742667075854,35.628070489123736]],[[-121.18945609925224,35.62528619280264],[-121.18912155577573,35.625352720921676],[-121.18933053728827,35.62541310853658],[-121.18975398305152,35.625290670579254],[-121.18995060309638,35.625121889076496],[-121.18995511871455,35.624921597472486],[-121.18945609925224,35.62528619280264]],[[-121.19165166420343,35.6298301426419],[-121.19172594825446,35.62964521004382],[-121.1916275752818,35.62934319292923],[-121.19134977728284,35.62922453015001],[-121.19130377027933,35.629710427178416],[-121.19165166420343,35.6298301426419]],[[-121.19931477107393,35.612759539582676],[-121.19904675824903,35.61298809386278],[-121.19987455068251,35.613197250628446],[-121.20041698129894,35.612454003629495],[-121.19931477107393,35.612759539582676]],[[-121.18568436927606,35.60277453151002],[-121.18497917720698,35.60270249910242],[-121.18465237627429,35.603188856622324],[-121.18516798694087,35.60333172701053],[-121.18533973542667,35.60305182791192],[-121.18557275653396,35.603055337790494],[-121.18569804843057,35.60316776311684],[-121.18560967901578,35.60341821412989],[-121.18574318041524,35.60350005772419],[-121.18664492788744,35.603525916969566],[-121.18645807955568,35.60314236076329],[-121.18669650414209,35.6029064499592],[-121.18659514833735,35.602732976184065],[-121.18606755388616,35.60245482797811],[-121.18568436927606,35.60277453151002]],[[-121.18696422057987,35.599349568266256],[-121.18705438820011,35.59923643368604],[-121.18668741653778,35.59841515694541],[-121.18655156342699,35.5989998819564],[-121.18696422057987,35.599349568266256]],[[-121.18558766484796,35.59745404239417],[-121.18537649814665,35.5974937962663],[-121.1857002678719,35.597899393679214],[-121.1856224497449,35.598241696243306],[-121.18581093424982,35.59843058430649],[-121.18589391895304,35.5978593755067],[-121.18558766484796,35.59745404239417]],[[-121.18687379345786,35.59714424107696],[-121.18508575461074,35.59640174466928],[-121.18506533068336,35.596530240848836],[-121.18532419827761,35.59670587757853],[-121.1869390178566,35.59735989430156],[-121.18827166340802,35.598095516177395],[-121.18831282449014,35.59782421681404],[-121.18687379345786,35.59714424107696]],[[-121.18664171306982,35.595781158295324],[-121.18595890658739,35.59575656775309],[-121.18581554733632,35.595897523530276],[-121.18586131422849,35.5961987538791],[-121.18705573601083,35.5968464379044],[-121.18707712501161,35.59667502244028],[-121.18647664213549,35.59610783775557],[-121.18664171306982,35.595781158295324]],[[-121.16642643587373,35.59432532904165],[-121.16609331198917,35.59433457016261],[-121.1658785543002,35.59453166139711],[-121.1658142541003,35.59504589355423],[-121.16507193639562,35.596093634690405],[-121.1653550128858,35.59674196005727],[-121.16539449797314,35.597315017734545],[-121.16574123217339,35.59747772260285],[-121.16580541999565,35.59773630573095],[-121.16712785478278,35.59814284066422],[-121.16754890289975,35.59812062291448],[-121.16941998852165,35.59751936503736],[-121.16962795700262,35.59728130819026],[-121.17071417489875,35.596939498592846],[-121.17073874466442,35.596718419152886],[-121.17092809073003,35.59669789718508],[-121.17160438731864,35.59700870232388],[-121.17293064510616,35.59796233678213],[-121.17387463963628,35.59811649366161],[-121.17480851096987,35.598660168514634],[-121.17559611091954,35.598700721021146],[-121.17567105020582,35.59848718379037],[-121.17586503173266,35.59843287544337],[-121.17633278629766,35.59866894046433],[-121.17666657634686,35.598631058508296],[-121.17681092998099,35.59844719389485],[-121.177974489614,35.59890845179245],[-121.17830438419195,35.59826942595193],[-121.17829010619022,35.59735327743525],[-121.1784623463378,35.596711866004206],[-121.17747705821706,35.59611735199462],[-121.17730935850405,35.59578565142297],[-121.17735282706131,35.59541421119037],[-121.17769049566918,35.59520464687425],[-121.1776181621609,35.59453091495685],[-121.17774174551056,35.594489849951465],[-121.17786046373065,35.594663382609205],[-121.17808005884767,35.594251671341965],[-121.17796263795327,35.594020912807025],[-121.17764767961698,35.59400183781383],[-121.17747609160651,35.593841815716814],[-121.17699732864921,35.594092178982436],[-121.17688120914445,35.59380419253001],[-121.17689256650935,35.59330346363179],[-121.17716081425989,35.593064228187274],[-121.17738332663116,35.59252375936781],[-121.17752539649528,35.59244003899886],[-121.17779785755086,35.592787635260585],[-121.17792889699835,35.59241751900612],[-121.17789224184519,35.59171570367683],[-121.1781614550632,35.59143354522815],[-121.17814977637978,35.59117576284839],[-121.17773006331296,35.59114079184181],[-121.17768076151276,35.59099693184595],[-121.17724580546192,35.59086154950062],[-121.17709335754533,35.5914030783409],[-121.17686501163367,35.59142824613532],[-121.17675214093549,35.590997194372186],[-121.17571195477925,35.59050917110576],[-121.1754544273216,35.590276288716026],[-121.17520404482734,35.58972866078389],[-121.17532989599113,35.58958745248115],[-121.17559001840708,35.5897058829834],[-121.1758634525914,35.589237744922286],[-121.17549176768335,35.58863103615366],[-121.17533283880431,35.58868587516157],[-121.175098027443,35.588224352259274],[-121.17480580504439,35.58797663161426],[-121.1736531085485,35.5878160495558],[-121.17334370304658,35.587553753545514],[-121.17285395491979,35.58751770494857],[-121.17226302527862,35.58730838154536],[-121.17178949212875,35.58732982031158],[-121.17112785963778,35.58714804233112],[-121.17064397489705,35.586854467284994],[-121.170224288725,35.58681947176862],[-121.17020058819644,35.58709102975274],[-121.170024796318,35.5871169828267],[-121.16987368306292,35.58682845834133],[-121.16959606366952,35.58670974989196],[-121.1689636047745,35.586786008861864],[-121.16881852294543,35.58777129360173],[-121.16906372170875,35.58777501987316],[-121.16904164596856,35.587975045139345],[-121.16822425495465,35.58847783295937],[-121.16763323727902,35.589041303585745],[-121.1670140323892,35.58930380276473],[-121.16690274600033,35.58957402642919],[-121.1671608991449,35.58977831435179],[-121.1675752856878,35.590815040451226],[-121.16738382827232,35.59152770050545],[-121.16755277369981,35.592190683507944],[-121.1671526079169,35.59244727011454],[-121.1673387514402,35.592736330641124],[-121.16759854625867,35.59286908475432],[-121.16731242900408,35.59312233897234],[-121.16676749452296,35.593199916902556],[-121.16655078359229,35.5934828481053],[-121.16642643587373,35.59432532904165]],[[-121.16643908263879,35.58608929242361],[-121.1672308904077,35.585171095225924],[-121.16724099981978,35.58472759414147],[-121.1659211739157,35.58344810433992],[-121.16469569297784,35.58264231511171],[-121.16424263924709,35.58253523376574],[-121.16380317949205,35.582600094854484],[-121.16371169388825,35.5827704376616],[-121.16443516104418,35.58331098489249],[-121.16427427514633,35.58345164805435],[-121.16388061860803,35.58304492962461],[-121.16342887090364,35.582880619457086],[-121.16298777451817,35.583017009638],[-121.16287452429883,35.583373069182485],[-121.16355610132449,35.58421352256772],[-121.16466487689536,35.584759939492415],[-121.16478028740147,35.58507654841372],[-121.16472448109177,35.58521881342443],[-121.1630315431736,35.58493540931552],[-121.16263676369665,35.5853444217132],[-121.16269603072926,35.585817602709454],[-121.16247834484979,35.58614344631529],[-121.1626800109697,35.5865186190005],[-121.16346061969878,35.586859682051156],[-121.16386638217172,35.586737063472945],[-121.16401172081108,35.58651029569268],[-121.16441441674257,35.58728924800467],[-121.16481136161877,35.58755290080177],[-121.16519602016584,35.587587381813194],[-121.16590463535809,35.58801320227159],[-121.16642810541892,35.588107037956696],[-121.16669408266172,35.58796797117266],[-121.16733656578948,35.58822103924402],[-121.1675827450845,35.58818184922996],[-121.16770795351219,35.588069262073624],[-121.16764604834756,35.587710534433995],[-121.16650228651429,35.586390793883695],[-121.16643908263879,35.58608929242361]],[[-121.18388555422645,35.58861473455968],[-121.18366336031114,35.58836809053404],[-121.18377226423853,35.587425174398724],[-121.18260258610573,35.585690159226026],[-121.18245789647187,35.58511551761657],[-121.18307901716815,35.5855399183147],[-121.18349520823995,35.5865050628574],[-121.18366873396128,35.586579236063656],[-121.1838847199677,35.5863248845924],[-121.18398780101174,35.5856394873126],[-121.1832050566422,35.58383875150014],[-121.18293033607064,35.583591313270574],[-121.1825158336094,35.58332745556306],[-121.18201053282077,35.58320534026454],[-121.182023841164,35.58339159093168],[-121.18252526267298,35.58368538429792],[-121.18257262909694,35.58391508299673],[-121.17993359548969,35.583631953819555],[-121.17969682753521,35.58325627944107],[-121.17892233568809,35.582643494045996],[-121.17852050377572,35.58259448608076],[-121.17849488859099,35.58295188606056],[-121.17821499979478,35.58293334327949],[-121.17804732318677,35.5826016437866],[-121.17768181643079,35.58249593647649],[-121.17746549674892,35.58276458323018],[-121.17761468526257,35.58313893732616],[-121.1774713363877,35.5832798846035],[-121.1765852945329,35.582951626985704],[-121.17609589682449,35.58290128579854],[-121.17614323429395,35.58390380522045],[-121.17603328573223,35.58411681348236],[-121.17589804525966,35.583900093682644],[-121.17568658583598,35.58395413809224],[-121.1756807430799,35.58421165648167],[-121.17606797688676,35.584904468805],[-121.17683922309178,35.585660337662794],[-121.17715382267936,35.58646653995726],[-121.17721025569188,35.58706847506453],[-121.17762767727375,35.58720359211407],[-121.17843786790353,35.58701548308565],[-121.17860652689268,35.58730426249624],[-121.17916017781131,35.587613170845884],[-121.17997490481767,35.58722475890266],[-121.18046497942835,35.58724647203124],[-121.18058045596325,35.5875630685421],[-121.1819109393522,35.588384594775796],[-121.18281975336865,35.58848417344982],[-121.18386286853679,35.58884337676269],[-121.18388555422645,35.58861473455968]],[[-121.186860822965,35.58642695122455],[-121.18695323264687,35.58621366977036],[-121.18653676821691,35.586035663995645],[-121.186860822965,35.58642695122455]],[[-121.17789720410799,35.589780548428394],[-121.17759945386474,35.589776045207856],[-121.17762961851462,35.58999117296962],[-121.17782033522403,35.590079926049164],[-121.17806943317505,35.589911955830296],[-121.17789720410799,35.589780548428394]],[[-121.1768210171559,35.5901077429021],[-121.17711163243571,35.590426992524016],[-121.17770713875026,35.59043600079896],[-121.17760626586048,35.590248426461784],[-121.1768210171559,35.5901077429021]],[[-121.1859358106697,35.59248109841056],[-121.18577526606575,35.592607484088035],[-121.18625633599372,35.59302976002984],[-121.18655410082062,35.593034242234054],[-121.18677461434349,35.59257959376224],[-121.1859358106697,35.59248109841056]],[[-121.17849890223009,35.592609004197094],[-121.17852712483221,35.5929099718149],[-121.17868670965838,35.59282651486652],[-121.17849890223009,35.592609004197094]],[[-121.1892964838217,35.587966286079556],[-121.18920493111398,35.58736382670534],[-121.18871904196148,35.587156162945476],[-121.18855335391576,35.58751145971098],[-121.1886513497124,35.587827785223176],[-121.18998365497603,35.58935051456928],[-121.19050233604855,35.58965884614992],[-121.19074754352481,35.58966252847698],[-121.1892964838217,35.587966286079556]],[[-121.18082314981842,35.58225717310938],[-121.18120552709058,35.58239174939651],[-121.18129794649323,35.582178471550286],[-121.18052215715937,35.58162292347924],[-121.1803603307558,35.58180652881009],[-121.18082314981842,35.58225717310938]],[[-121.1696544685153,35.579222231590535],[-121.16944822817898,35.57904736149711],[-121.16920305486367,35.57904363677881],[-121.16921177354884,35.57943017889469],[-121.16960772143776,35.57973673500537],[-121.1696544685153,35.579222231590535]],[[-121.16020547233386,35.57788853562707],[-121.16059781949156,35.578150926295756],[-121.16122192393482,35.57830837502581],[-121.16026896434407,35.57775144288122],[-121.16020547233386,35.57788853562707]],[[-121.1680654203149,35.57592075917879],[-121.16805833602115,35.575462684508736],[-121.16820331543713,35.575250216795396],[-121.16806713388809,35.575076408454215],[-121.16719309805642,35.575764380527396],[-121.16656333297132,35.575726177720355],[-121.16629772423443,35.57585093923075],[-121.16554602968124,35.57578225280099],[-121.16539973702919,35.57605194381754],[-121.16592530750289,35.5768184509167],[-121.16642891035262,35.57701216423981],[-121.16671138353267,35.57691628104904],[-121.16699995476174,35.57732139193745],[-121.16724512252621,35.57732512098107],[-121.16746015507216,35.57711371972809],[-121.16765986727584,35.5775747234794],[-121.16800456766421,35.57782325881604],[-121.16913445893626,35.57743971000522],[-121.16919057716702,35.57728313679315],[-121.16848561943344,35.57669996588869],[-121.1684564601514,35.57644191589883],[-121.1680654203149,35.57592075917879]],[[-121.14072296608111,35.576084687632985],[-121.14125920742454,35.57637918756976],[-121.14142573649487,35.57599534826586],[-121.14116802564118,35.57577670269857],[-121.14087066296577,35.57575780401755],[-121.14072296608111,35.576084687632985]],[[-121.15534696052877,35.55783427900271],[-121.15498992129876,35.55812935540375],[-121.15521063378024,35.558433274959135],[-121.15540321934857,35.558436222457196],[-121.15581343592088,35.55811333560916],[-121.15534696052877,35.55783427900271]],[[-121.13017302876246,35.5417226404889],[-121.13023109300389,35.54217475225077],[-121.13041630320465,35.54231094367352],[-121.13082708520287,35.54140973875068],[-121.13074262626628,35.54128452650464],[-121.13039022617328,35.54137924168528],[-121.13017302876246,35.5417226404889]],[[-121.1292801843093,35.53994419840791],[-121.12938375670457,35.540233025160504],[-121.1292137580898,35.54051291069146],[-121.1293268613604,35.54072540106716],[-121.12955148650052,35.54068448452729],[-121.13000311816299,35.540032621599075],[-121.12990431421677,35.539682954397236],[-121.1292801843093,35.53994419840791]],[[-121.16760038704895,35.6310387577462],[-121.16749082504066,35.63100103060185],[-121.16748917909209,35.63107312559376],[-121.16760038704895,35.6310387577462]]]},"properties":{"id":"CSS-GEO-023","unit":"Qms","label":"Marine nearshore and shelf deposits","kind":"sediment","latitude":35.58597039634651,"longitude":-121.17180025543946,"area_km2":27.224,"source_id":"usgs-san-simeon","source_url":"https://pubs.usgs.gov/sim/3327/","publication_year":2015,"depth_qualified":false,"fishing_target":false}},{"type":"Feature","geometry":{"type":"Polygon","coordinates":[[[-121.19916760144862,35.59901738863515],[-121.19806107731097,35.59756969377783],[-121.1980259048834,35.59704445194268],[-121.19768680303378,35.596538477125875],[-121.19713051220201,35.59660171121876],[-121.19608378255737,35.59624711860451],[-121.19572396951007,35.595883943893654],[-121.19556422367295,35.59519459916649],[-121.19451036277917,35.59374766124238],[-121.19437923557318,35.59334497409939],[-121.19461625904722,35.59293349249777],[-121.19455101582624,35.59271784276375],[-121.19497974247196,35.59235216731839],[-121.19473709667881,35.59223403919078],[-121.19404387383427,35.59111450981702],[-121.19421457286522,35.59110973362564],[-121.19795796056452,35.59429354927069],[-121.20058614030279,35.59670580934068],[-121.20273098441852,35.59885304214441],[-121.20415668430356,35.600022109649025],[-121.2065317332041,35.60158432954574],[-121.20633173118763,35.60157449953238],[-121.20616537807774,35.60196827171184],[-121.20561921529902,35.60206441477935],[-121.20548801902967,35.601661738221146],[-121.20521093332076,35.60151449567571],[-121.2046997271565,35.60164999336027],[-121.2039639884128,35.60163902683976],[-121.20356371597212,35.60073143388603],[-121.20320032899352,35.60052565395441],[-121.20268912617718,35.6006611432103],[-121.20187655030156,35.60149251020224],[-121.20217332002602,35.60053908034747],[-121.20157770784864,35.60072697386593],[-121.20122347704243,35.59991666297608],[-121.20037151645583,35.59981449244401],[-121.19993376526767,35.59990343683421],[-121.1996328665871,35.59936781776596],[-121.19916760144862,35.59901738863515]],[[-121.20034443397661,35.596544771884616],[-121.19975998209873,35.59682227054343],[-121.19946188055353,35.59683212724322],[-121.19847338153016,35.596373693433684],[-121.19841570127201,35.59660181449148],[-121.19963308878698,35.597793556453155],[-121.2005486617384,35.5983796950379],[-121.20095026856222,35.598442938793475],[-121.20088990803403,35.59722556007736],[-121.20058614030279,35.59670580934068],[-121.20034443397661,35.596544771884616]],[[-121.20391176207855,35.60000414695628],[-121.20362668966925,35.600214568756975],[-121.20379578614973,35.600489009046434],[-121.20404070870859,35.60050697199957],[-121.20418436523354,35.600351687221746],[-121.20415668430356,35.600022109649025],[-121.20391176207855,35.60000414695628]]]},"properties":{"id":"CSS-GEO-024","unit":"Qms","label":"Marine nearshore and shelf deposits","kind":"sediment","latitude":35.59659291048997,"longitude":-121.19957389494824,"area_km2":0.268,"source_id":"usgs-san-simeon","source_url":"https://pubs.usgs.gov/sim/3327/","publication_year":2015,"depth_qualified":false,"fishing_target":false}},{"type":"Feature","geometry":{"type":"Polygon","coordinates":[[[-121.12133774457125,35.53199116122837],[-121.12126689159679,35.53171815077157],[-121.1204619608609,35.53149361703471],[-121.12081632047902,35.53069717246868],[-121.12148152888786,35.53024517685439],[-121.12269367155184,35.53106387367993],[-121.1225282859292,35.531478375172895],[-121.1226641579024,35.53211853339957],[-121.12244060601407,35.53236829306928],[-121.12242908778538,35.53288895800121],[-121.12222807911691,35.53322366962532],[-121.12188888869544,35.533158477694926],[-121.1218722906531,35.53297560176042],[-121.1221152374727,35.532806880305266],[-121.12163319733112,35.53256535369282],[-121.12183497459178,35.53200931573891],[-121.12219035376712,35.531797182342814],[-121.12133774457125,35.53199116122837]]]},"properties":{"id":"CSS-GEO-025","unit":"Qms","label":"Marine nearshore and shelf deposits","kind":"sediment","latitude":35.53176084908422,"longitude":-121.12193286374108,"area_km2":0.033,"source_id":"usgs-san-simeon","source_url":"https://pubs.usgs.gov/sim/3327/","publication_year":2015,"depth_qualified":false,"fishing_target":false}},{"type":"Feature","geometry":{"type":"Polygon","coordinates":[[[-121.10903008425906,35.530942236793095],[-121.10920983997805,35.5314888892313],[-121.10940101203877,35.53154913266797],[-121.1095356516444,35.53178022683634],[-121.1096942182584,35.532483971466554],[-121.10847683063257,35.53213571567616],[-121.10801406403594,35.53245761701463],[-121.1082199166278,35.532735534531064],[-121.10796918071449,35.53297489418179],[-121.10718510204073,35.53271652244306],[-121.10654865429795,35.53297844475653],[-121.10633412429512,35.53326407483717],[-121.10547285175039,35.53304089517178],[-121.1050993550525,35.53333646481163],[-121.10431940493989,35.53331828137115],[-121.10383338780825,35.53388309374551],[-121.10313511530407,35.533347929324904],[-121.10307850250787,35.53320112724942],[-121.103255841046,35.53312981649711],[-121.10346384008677,35.5332189576808],[-121.10350355377842,35.533017417146844],[-121.10385500217194,35.53318535466942],[-121.10409355169378,35.53262838177754],[-121.10400735328517,35.53224391805855],[-121.10433914872078,35.53218819507077],[-121.1044777977233,35.53198190403431],[-121.10445303159317,35.53135972109952],[-121.10504821203317,35.53052193426353],[-121.10559958029376,35.530040556503174],[-121.1090396370859,35.53004291626764],[-121.10903008425906,35.530942236793095]]]},"properties":{"id":"CSS-GEO-026","unit":"Qms","label":"Marine nearshore and shelf deposits","kind":"sediment","latitude":35.53188129753358,"longitude":-121.10701981295135,"area_km2":0.14,"source_id":"usgs-san-simeon","source_url":"https://pubs.usgs.gov/sim/3327/","publication_year":2015,"depth_qualified":false,"fishing_target":false}},{"type":"Feature","geometry":{"type":"Polygon","coordinates":[[[-121.1199577385071,35.536272459514656],[-121.12071065371943,35.53532104987357],[-121.12097691475537,35.53554121127904],[-121.12127327016574,35.53615545272354],[-121.12161810690701,35.53760777757466],[-121.12058876794825,35.537939093501656],[-121.12000868649596,35.537565045193055],[-121.1199577385071,35.536272459514656]]]},"properties":{"id":"CSS-GEO-027","unit":"Qms","label":"Marine nearshore and shelf deposits","kind":"sediment","latitude":35.536930264535904,"longitude":-121.12072159132659,"area_km2":0.03,"source_id":"usgs-san-simeon","source_url":"https://pubs.usgs.gov/sim/3327/","publication_year":2015,"depth_qualified":false,"fishing_target":false}},{"type":"Feature","geometry":{"type":"Polygon","coordinates":[[[-121.11846279392711,35.537014740420695],[-121.11825965795003,35.53596683654689],[-121.11853923681232,35.53524131706403],[-121.11890278655217,35.534855978619035],[-121.11914781004604,35.53542254959257],[-121.11907155049103,35.53584901575827],[-121.1194855664144,35.53820423520249],[-121.11909483382045,35.53815451109977],[-121.1183916935452,35.53855926349628],[-121.11779826254713,35.53847844301386],[-121.11742601870897,35.53867299103408],[-121.11731455901254,35.538439588419756],[-121.11793068803253,35.537501470900494],[-121.11846279392711,35.537014740420695]]]},"properties":{"id":"CSS-GEO-028","unit":"Qms","label":"Marine nearshore and shelf deposits","kind":"sediment","latitude":35.53649722907905,"longitude":-121.11877392633549,"area_km2":0.037,"source_id":"usgs-san-simeon","source_url":"https://pubs.usgs.gov/sim/3327/","publication_year":2015,"depth_qualified":false,"fishing_target":false}},{"type":"Feature","geometry":{"type":"Polygon","coordinates":[[[-121.13512921983138,35.57095924235112],[-121.13520156332476,35.570872258430526],[-121.13573674488654,35.57127773742671],[-121.13631823117248,35.571129305517516],[-121.13641979394012,35.57090820658741],[-121.13667731042848,35.570937622656],[-121.1372815633424,35.571259280887425],[-121.13750143264947,35.57166859106227],[-121.13887424538292,35.57181492804637],[-121.13952953974355,35.57323054306943],[-121.13973712330758,35.57417073898017],[-121.1389408379868,35.57501023475246],[-121.13699133697436,35.572938367136835],[-121.13707389089419,35.5725363507198],[-121.13684492810862,35.572590056463014],[-121.13680461806138,35.5727399211412],[-121.13512921983138,35.57095924235112]],[[-121.13917196042284,35.57422173242092],[-121.13919542877045,35.57396448929368],[-121.13867605982992,35.57369886375072],[-121.13833507614328,35.57405138156668],[-121.13917196042284,35.57422173242092]],[[-121.13831138847158,35.57204741968037],[-121.13717983205554,35.57174370621642],[-121.13712166757503,35.571986100341945],[-121.13741007104933,35.5723912774071],[-121.13816170095468,35.572460137738105],[-121.13864110809853,35.57218131612562],[-121.13852316943948,35.571979134334775],[-121.13831138847158,35.57204741968037]],[[-121.13666540188768,35.57202198046569],[-121.13661949846491,35.57173504338411],[-121.13623393745296,35.57174339241024],[-121.13624548153017,35.57200117550619],[-121.13643544494896,35.572118604173525],[-121.13666540188768,35.57202198046569]]]},"properties":{"id":"CSS-GEO-029","unit":"Qms/KJf","label":"Franciscan Complex, undivided","kind":"mixed","latitude":35.573084939070874,"longitude":-121.13829133435577,"area_km2":0.065,"source_id":"usgs-san-simeon","source_url":"https://pubs.usgs.gov/sim/3327/","publication_year":2015,"depth_qualified":false,"fishing_target":false}},{"type":"Feature","geometry":{"type":"Polygon","coordinates":[[[-121.26378965697859,35.63059185146005],[-121.26433101338145,35.63076360258419],[-121.26507970302787,35.630633863884455],[-121.26622382747156,35.63079086700215],[-121.266693929031,35.63048027304409],[-121.26703705612658,35.630602385545096],[-121.26668283479665,35.6309943589709],[-121.26565041811614,35.63104024140958],[-121.26394771782984,35.631507550334106],[-121.26336425141842,35.632063645476904],[-121.26315708905355,35.63203521358443],[-121.26316428154887,35.632190333808175],[-121.26261124155286,35.632284591165245],[-121.26195262785775,35.63222824598791],[-121.26133232913025,35.63172745073648],[-121.26116786218557,35.631373761101166],[-121.26216018852125,35.630591770573886],[-121.26250484192259,35.63057332206697],[-121.26275636520968,35.63088142395792],[-121.26321928155544,35.63070073238025],[-121.2632258672037,35.63039635483834],[-121.26220286060614,35.62991283737703],[-121.2623749711668,35.62968145043266],[-121.26288814582821,35.62982937905149],[-121.26342594941221,35.63016502988881],[-121.26378965697859,35.63059185146005]],[[-121.26164327836878,35.63151246563288],[-121.26151719744816,35.63166807366884],[-121.26170748992966,35.63178531294584],[-121.2619193362056,35.63171681276679],[-121.2618876936475,35.63155892806528],[-121.26164327836878,35.63151246563288]]]},"properties":{"id":"CSS-GEO-030","unit":"Qms/KJug","label":"Unnamed graywacke","kind":"mixed","latitude":35.63098514147288,"longitude":-121.26393425000964,"area_km2":0.054,"source_id":"usgs-san-simeon","source_url":"https://pubs.usgs.gov/sim/3327/","publication_year":2015,"depth_qualified":false,"fishing_target":false}},{"type":"Feature","geometry":{"type":"Polygon","coordinates":[[[-121.25490593289146,35.620085024103965],[-121.25561843370821,35.62036726573516],[-121.25538878101578,35.62044980892521],[-121.2545212092831,35.620401226540665],[-121.25388883918357,35.62009292338438],[-121.2541545209338,35.6200166416422],[-121.25308464820979,35.61924261571348],[-121.25198108055169,35.61921229349002],[-121.25118161776848,35.61890014488389],[-121.25116627698168,35.618799741240906],[-121.25155393599276,35.618705187368235],[-121.25252043564414,35.61859040927606],[-121.25231235461371,35.61848720930867],[-121.25078858835506,35.618436467008685],[-121.25066936487782,35.61827730839798],[-121.25105795659788,35.618139834957596],[-121.25012806388158,35.61818357540207],[-121.24961681797528,35.61831926344547],[-121.24978891618319,35.61846487983631],[-121.24954298923493,35.618489929189266],[-121.24913340634588,35.618313968367254],[-121.24886052699729,35.61763562568206],[-121.2482835657073,35.61756999003238],[-121.24902976291214,35.61710855750573],[-121.2477835586291,35.61719061606424],[-121.24792622766977,35.617078198986476],[-121.2470848890385,35.61708026949005],[-121.24760143786082,35.61670137287024],[-121.24825034973155,35.616682188789916],[-121.24856978959522,35.616500783823504],[-121.24888361188015,35.61657690434965],[-121.24906069691268,35.616493609328195],[-121.24895868893043,35.61634900997077],[-121.24857509365492,35.61625756358038],[-121.24788490037632,35.61656238098258],[-121.24757139028361,35.616471950853715],[-121.24822810189673,35.616095090538515],[-121.24899996981138,35.61606337891174],[-121.24779413040818,35.61590272724459],[-121.24703603880401,35.61610637118929],[-121.24697910346863,35.61630590432801],[-121.24610523039966,35.61619300218538],[-121.24625917274201,35.616366982252366],[-121.24587401841342,35.61634706234566],[-121.24627263253099,35.61655322928576],[-121.24630486327672,35.61668250250545],[-121.24605331570197,35.616965071754635],[-121.24584743505419,35.616761711052796],[-121.2453953197333,35.61659769892199],[-121.24485497512465,35.61646102261713],[-121.2450790709234,35.61687803170733],[-121.2447411295503,35.61662699403372],[-121.24475141147643,35.616387955768694],[-121.2450752343837,35.616006261451446],[-121.2449234838681,35.615732130097626],[-121.24502453184014,35.61511820484262],[-121.24595124311305,35.61441612375283],[-121.245964678132,35.61380092161617],[-121.24573313861261,35.61316783951058],[-121.24581040697704,35.61283979897113],[-121.24597402662778,35.61257026111947],[-121.24634382905734,35.61248977605116],[-121.24689379579543,35.61138147685094],[-121.2477550471605,35.61046375445107],[-121.24713997663353,35.61054067528306],[-121.24685122753664,35.610922886379015],[-121.24609724123064,35.61094053372171],[-121.24626931757759,35.61108615558251],[-121.24619642621556,35.611213898413986],[-121.24517651219907,35.611370783508605],[-121.24521746902751,35.611808305058446],[-121.24491058405808,35.61151002569562],[-121.24503697568078,35.611340127561284],[-121.24575059085198,35.610763747204054],[-121.24648892827872,35.61066000482998],[-121.24626429161191,35.61051361808363],[-121.24514020366446,35.61062605254996],[-121.24407774984445,35.611125786969666],[-121.24405272275992,35.611468900406976],[-121.24425483424376,35.611843946922555],[-121.24412906564935,35.61198523015969],[-121.24390161480765,35.61196760291469],[-121.24352493100551,35.61236283521563],[-121.24411467921519,35.612643352860985],[-121.24451670901959,35.612692147202594],[-121.24522506646147,35.61209156461399],[-121.24496348644234,35.6130993819667],[-121.24468597323734,35.612966534310225],[-121.24373173545689,35.61332472642311],[-121.24298993326573,35.61278438025905],[-121.24104705019005,35.612670154994],[-121.24097978872979,35.61254036888255],[-121.24129828756202,35.61240190400424],[-121.24076891884846,35.61244200198211],[-121.24104557189607,35.61214276891448],[-121.24154146318813,35.61190671272353],[-121.24175045238744,35.61196700959558],[-121.24223289052344,35.61154470306887],[-121.24130244485744,35.61161699138531],[-121.24190658371366,35.61123939757285],[-121.24081846125031,35.61130938079793],[-121.24082065451819,35.61120923198845],[-121.24106781524783,35.61112697197818],[-121.24049310212105,35.61096115164333],[-121.24046088272061,35.61083187618228],[-121.24106815198722,35.61031121672148],[-121.24138476130074,35.61025859316531],[-121.24174142127575,35.609977567608226],[-121.24176802205446,35.60956291990257],[-121.24208995142442,35.6092670756402],[-121.24151336896507,35.60918710233731],[-121.24196482223262,35.60857829303365],[-121.2419876640958,35.60833532990903],[-121.2417276916006,35.60820273071674],[-121.24146302123359,35.60828473754749],[-121.24082012975613,35.60803205344473],[-121.239720487198,35.60782993963006],[-121.23928156428991,35.60786645969201],[-121.23927592019831,35.608123985128486],[-121.23883197834111,35.6083894158677],[-121.23889573865804,35.60947802754198],[-121.23932804495345,35.6105434041822],[-121.23972441748545,35.61084973951894],[-121.23949258247123,35.61103240247531],[-121.23905238738259,35.611126149022844],[-121.23933298034312,35.611917387338146],[-121.23862029978487,35.61164935967825],[-121.23831341045106,35.61125845930379],[-121.23806661403611,35.610524960119385],[-121.23824683373336,35.610298610412556],[-121.23804412673525,35.609952167642795],[-121.23871771844803,35.60960422963147],[-121.238605433106,35.60913030587411],[-121.23827758228511,35.6088965259177],[-121.2377757379173,35.60940440206731],[-121.23767626998603,35.6091453390992],[-121.23762935995533,35.60888704408656],[-121.23781334292588,35.60848901143328],[-121.23840371858344,35.607939494997886],[-121.23819505514594,35.60786488567403],[-121.23768542692623,35.60792898889398],[-121.23748361261637,35.60834107204759],[-121.23699212821228,35.608376814651855],[-121.2371900770481,35.608765098238116],[-121.236913887154,35.60874777060518],[-121.23683068613019,35.60854619032096],[-121.23642962386106,35.60845445016188],[-121.23572790621823,35.60848710958306],[-121.23573167658421,35.60831542629854],[-121.23683357671293,35.60761598036913],[-121.23604458473619,35.607633052776876],[-121.2360558212602,35.6079194490994],[-121.23574110237941,35.60788621716305],[-121.23569734220456,35.60748485213935],[-121.23610373878009,35.60733337651529],[-121.2350745099567,35.607117939096455],[-121.2346699989314,35.607183569618066],[-121.23444759615464,35.60693701401999],[-121.23290434797624,35.60698594363422],[-121.23250392797725,35.606865576890314],[-121.23268572682784,35.6065677009693],[-121.23223306851855,35.60643225542531],[-121.23179383616997,35.60648305524169],[-121.2317125395756,35.60619563029703],[-121.231298071181,35.60591762649524],[-121.230738415313,35.60586647360619],[-121.22974790724501,35.60628126895688],[-121.22992769069529,35.606870684458706],[-121.22854510083413,35.605991667581264],[-121.22798323792078,35.60604065013828],[-121.22879985266506,35.60715464998496],[-121.22896858081927,35.6077194641916],[-121.22829716433117,35.606903960971664],[-121.22766995335469,35.60673730797685],[-121.22821714204588,35.60655930648695],[-121.22704527089971,35.60645619586304],[-121.22644747778516,35.606759338796365],[-121.22601281473757,35.60682370019222],[-121.22630537310286,35.606631353842715],[-121.22576323530625,35.60658043572942],[-121.22615212570706,35.60642873605127],[-121.22557937442008,35.60617700504344],[-121.22440150575605,35.60634569930453],[-121.22366033862733,35.60657806831251],[-121.2231480992743,35.608020930477636],[-121.22272060550057,35.60807831953117],[-121.22244626960217,35.60746288940969],[-121.22296223033905,35.60724041507572],[-121.22273796422031,35.6070796799313],[-121.22289911678503,35.60692462984649],[-121.2227433446185,35.60683646269497],[-121.22320484820133,35.60657135089639],[-121.22225788044805,35.60660031526567],[-121.2220801594609,35.6067121845244],[-121.22214516926144,35.606942128163176],[-121.2218855524103,35.60679518124384],[-121.2216485211815,35.606419582122854],[-121.22122997131312,35.60632753351413],[-121.22137613912233,35.606057772118966],[-121.22011542586824,35.60601052851593],[-121.22077194821796,35.60643526158684],[-121.22073437593497,35.6065491987169],[-121.21988007429619,35.60635052801159],[-121.21956346885304,35.60640309510021],[-121.22050282793039,35.606717517508976],[-121.22075868460726,35.60724791155309],[-121.21928289069155,35.606625020989135],[-121.21890508833697,35.60627595867252],[-121.21805111308409,35.60606296840417],[-121.2169708263886,35.605537734950616],[-121.21718101076452,35.605335510168835],[-121.21827287065868,35.60509405606413],[-121.21738164985622,35.60498069085787],[-121.21674400009424,35.605286107390285],[-121.21578493004361,35.60507154457943],[-121.21496855625522,35.60474459672009],[-121.21447835964385,35.60472302066675],[-121.21431751388256,35.60486375241147],[-121.21366901552092,35.60486844942098],[-121.21420437110515,35.6050215057444],[-121.21335258138849,35.60497010086077],[-121.21266527514372,35.60468490477602],[-121.213514531457,35.604723042719584],[-121.21490388543026,35.604500342969594],[-121.21459014588098,35.604424136037466],[-121.21484048756093,35.604198861148625],[-121.21372038304635,35.604183270843],[-121.2133447554981,35.60447722947254],[-121.21246773642085,35.604570563210125],[-121.21200030620598,35.60420685061209],[-121.21265388991249,35.60402332401965],[-121.21278129052534,35.60381054085088],[-121.21152444287317,35.603591527261926],[-121.21149298050072,35.60332333655464],[-121.21305250887671,35.60373597588274],[-121.21442882670982,35.60375642764306],[-121.21558548577936,35.60333649231902],[-121.21644656067453,35.602443389879554],[-121.21776451810592,35.60165084589784],[-121.22429188231176,35.59874906162952],[-121.22482375281004,35.59819803767604],[-121.22590753291803,35.598772242983145],[-121.22730955842626,35.59994238722624],[-121.22771554942219,35.60003165853832],[-121.22760104274973,35.59890252385865],[-121.23001014892745,35.60087163227363],[-121.2319386020237,35.60173898236515],[-121.22983756958376,35.60092915190176],[-121.22972937479118,35.601210773780096],[-121.23071353339644,35.60190827205076],[-121.23233279576631,35.60248180669023],[-121.2334151835721,35.602531002812505],[-121.23344197726556,35.60263213188854],[-121.23300918699952,35.602742895126504],[-121.23041295785383,35.60211908127512],[-121.2296391926157,35.602084263736856],[-121.228890075884,35.60223720227156],[-121.22908520879778,35.60249775068691],[-121.23024828864924,35.60307707717874],[-121.23237672541079,35.60352303448108],[-121.23212413145761,35.60362158854514],[-121.23200524389041,35.60383308535456],[-121.23184767522137,35.60357754817689],[-121.23142527477484,35.60349138163],[-121.23131448702536,35.604076170412036],[-121.2310816920849,35.60427266675164],[-121.23243155080294,35.60522541324947],[-121.2350105847934,35.605942935703354],[-121.23503187414849,35.605716678044054],[-121.23419817115855,35.605038079760796],[-121.2344437623722,35.60500169629895],[-121.23610481752205,35.605905652565845],[-121.23659366428396,35.605939464496146],[-121.23659951277564,35.605672997379514],[-121.23614739101151,35.60545313668131],[-121.23598361803481,35.60483436745595],[-121.23790286988829,35.60585996812114],[-121.23877674594566,35.60655209775756],[-121.24192274695419,35.606972951606224],[-121.24289153457117,35.60726821590285],[-121.24464990004168,35.60818405455672],[-121.24599468038619,35.60834423510649],[-121.24765017777216,35.608719755960166],[-121.24816173247606,35.60893803762325],[-121.24825749904151,35.609806155259164],[-121.24767773051666,35.61139059892926],[-121.2479414603094,35.61244856505637],[-121.24826138480135,35.61290874760265],[-121.24809478303186,35.61293053669064],[-121.24780446767828,35.61338428490725],[-121.2479246147584,35.61350052504405],[-121.24751914464517,35.61360911911934],[-121.24809170800314,35.61387505686379],[-121.24833075667564,35.61416476549513],[-121.24867930027608,35.61425570293018],[-121.24832358015837,35.6144938270266],[-121.24769564027811,35.614355889698636],[-121.24747317647312,35.61410935581346],[-121.24698874344197,35.61420782908313],[-121.24736087187229,35.61443688855615],[-121.24914206924981,35.61473471281436],[-121.24874376813862,35.614514248335],[-121.24886766138815,35.614458803279916],[-121.24949435704838,35.61465396360062],[-121.24959161885388,35.614502719748856],[-121.24978657997494,35.614653964753934],[-121.25096145744429,35.614717917988806],[-121.25230409552472,35.61497169845182],[-121.25728363544455,35.61684772510359],[-121.25878212148415,35.61785329275812],[-121.26077440573317,35.618584888487],[-121.26196620891766,35.61877682731338],[-121.26096224784304,35.618905046459155],[-121.26165290336444,35.61938729931361],[-121.26201931773197,35.61946414579705],[-121.26310754068767,35.61939397278461],[-121.263080233003,35.61903578933642],[-121.26270440940814,35.61891448908543],[-121.26767437456581,35.61992271658928],[-121.2673020272934,35.61995529302081],[-121.26692757791038,35.62025044926177],[-121.27034895502365,35.621716480902904],[-121.2709705262251,35.62215475427348],[-121.2714310446016,35.62193237871394],[-121.2715801566096,35.621519481256435],[-121.27139323659284,35.6213613995575],[-121.2716432891919,35.62143556155103],[-121.27284614805963,35.62285835455917],[-121.27356510928351,35.62411020893036],[-121.27421602526672,35.62587189144235],[-121.27237595223932,35.62485835238579],[-121.27071863526079,35.62449108895713],[-121.26911196078616,35.62443624659527],[-121.26898451484558,35.62362179249578],[-121.26844475984079,35.62264084383953],[-121.26689295320429,35.62226073369723],[-121.26640973141859,35.621910300476415],[-121.26616441548465,35.62190676932919],[-121.26486598760766,35.621158179287384],[-121.26038147331253,35.61941903384851],[-121.26007592330987,35.61936452944931],[-121.26017175584722,35.61979526201196],[-121.26157401069179,35.62060264777426],[-121.26121705905719,35.62089803933551],[-121.25982876525252,35.62106404006965],[-121.25936884194701,35.621257757238915],[-121.25908103859643,35.621597075385985],[-121.2586912014833,35.62179180289707],[-121.25786950584879,35.621694051127605],[-121.25626651058745,35.62101588961615],[-121.25648273835205,35.62092362050956],[-121.25663006066065,35.62059658694742],[-121.25654555603104,35.62045224719652],[-121.25616193167876,35.62036082423473],[-121.25632864131101,35.619948201396895],[-121.25490593289146,35.620085024103965]],[[-121.25913888361653,35.619737403294884],[-121.25897746310672,35.619906809929496],[-121.25900785445569,35.620121922843005],[-121.25990629543027,35.62072168148314],[-121.26039722952234,35.62071446147587],[-121.26043661316055,35.62051466821107],[-121.25971215077239,35.619974673662455],[-121.25913888361653,35.619737403294884]],[[-121.25486891275978,35.619368908573726],[-121.25560700960843,35.61927941940882],[-121.25589544004039,35.61891149457981],[-121.2555825325601,35.61879246978827],[-121.25502183437531,35.61878434806789],[-121.25525272703815,35.6186445771848],[-121.25462132000041,35.618664052480014],[-121.25467139881358,35.618779270678424],[-121.25438918333866,35.61886105127141],[-121.2545090371153,35.618991592299395],[-121.25407254582495,35.61891370821098],[-121.25332916087953,35.619246407871536],[-121.2538326296581,35.61946838221398],[-121.25448571333258,35.62006462344553],[-121.2546944243335,35.62013920572652],[-121.25486891275978,35.619368908573726]],[[-121.25894195757418,35.619119158241574],[-121.2597749496852,35.61950329805278],[-121.25981712445551,35.619174740186644],[-121.2596806687416,35.61900102971551],[-121.25921192023714,35.61879389302025],[-121.25898103368539,35.61893367257591],[-121.25894195757418,35.619119158241574]],[[-121.27211223374613,35.62326597827588],[-121.27238490439757,35.62362768063565],[-121.27269570264731,35.62384681320238],[-121.27323707220422,35.62394044557321],[-121.27244578486295,35.62324213977671],[-121.27211223374613,35.62326597827588]],[[-121.24526747566931,35.61559427242366],[-121.2455096453046,35.61574091557338],[-121.24587758692785,35.61574627439117],[-121.24619390389873,35.61570794577562],[-121.24669074042805,35.61542894678779],[-121.24648236297851,35.61534004414739],[-121.24593452562591,35.615546741838294],[-121.24526747566931,35.61559427242366]],[[-121.24770820834077,35.61470268270479],[-121.24756300590394,35.614811930896686],[-121.24809991186557,35.61510597301887],[-121.24892277228193,35.615146561188055],[-121.24770820834077,35.61470268270479]],[[-121.2461553482612,35.61346046580324],[-121.24712713397695,35.61390395884],[-121.24774347889479,35.61376981076852],[-121.24687056880536,35.61361399294071],[-121.24649042596562,35.61336516319204],[-121.2461553482612,35.61346046580324]],[[-121.23772169438996,35.605849350279435],[-121.23736336273636,35.60581745267447],[-121.2373921925556,35.60599113397834],[-121.23768292866437,35.60612866394586],[-121.23786531016634,35.605998055516565],[-121.23772169438996,35.605849350279435]],[[-121.2220880746,35.60635451264445],[-121.22268118167324,35.606477756833236],[-121.22356155251644,35.606290381279194],[-121.22403032411397,35.60569620756807],[-121.22406460346356,35.604938201494484],[-121.22429613790578,35.604769875426946],[-121.22403905364065,35.60450847831117],[-121.22242356247642,35.60465638968805],[-121.22219107380172,35.60486763257026],[-121.22213218693643,35.60515299382819],[-121.22222463525189,35.60572682055051],[-121.2220880746,35.60635451264445]],[[-121.21997844517698,35.605865389454436],[-121.21905312821835,35.60570859814939],[-121.21847152415376,35.60585742492634],[-121.21978130212484,35.60606283736518],[-121.21997844517698,35.605865389454436]],[[-121.22129478220752,35.60498320567737],[-121.22108519321476,35.60495148785924],[-121.2211753194186,35.60483832660285],[-121.22005350488843,35.60485037956791],[-121.22001593243485,35.60496431649438],[-121.22053610004279,35.60521529783078],[-121.22042813710763,35.6053425066037],[-121.22165665313217,35.60526046787182],[-121.22129478220752,35.60498320567737]],[[-121.22117110433733,35.604237178977066],[-121.2199760555267,35.60439126595257],[-121.219788108951,35.60417381514395],[-121.21882016242432,35.60435986943377],[-121.21898678277734,35.60474874452403],[-121.21889475074708,35.60494774496716],[-121.21908682026873,35.604979207590134],[-121.22117110433733,35.604237178977066]],[[-121.2302216293448,35.60386687000091],[-121.23010734558872,35.603498682226636],[-121.23023556847932,35.603234013438616],[-121.2296675213912,35.603092390908174],[-121.22897308681047,35.60313216214652],[-121.22829573840966,35.603322116850485],[-121.2280495563646,35.60353958334876],[-121.2282046212679,35.60375392447896],[-121.22877266900355,35.60389555393896],[-121.22905228937239,35.60416621727396],[-121.2302216293448,35.60386687000091]],[[-121.22806001956823,35.601985888593134],[-121.22820753721149,35.60177148480389],[-121.22772107155339,35.60163105305294],[-121.2276339943437,35.60187966540697],[-121.22806001956823,35.601985888593134]],[[-121.22619281403757,35.59970937649144],[-121.22586839165822,35.599621301310265],[-121.22574383784784,35.59971942421473],[-121.22618840276675,35.599909225904085],[-121.22619281403757,35.59970937649144]]]},"properties":{"id":"CSS-GEO-031","unit":"Qms/Tus","label":"Sedimentary bedrock, undivided","kind":"mixed","latitude":35.611940884098786,"longitude":-121.24297658974366,"area_km2":2.185,"source_id":"usgs-san-simeon","source_url":"https://pubs.usgs.gov/sim/3327/","publication_year":2015,"depth_qualified":false,"fishing_target":false}},{"type":"Feature","geometry":{"type":"Polygon","coordinates":[[[-121.27004520843833,35.62727218335721],[-121.2702926990677,35.62717555694267],[-121.27077812641164,35.62742582551428],[-121.272176032366,35.62763193907695],[-121.27303501113724,35.627629947608206],[-121.27284624999696,35.62744118917697],[-121.271537505463,35.627164805105906],[-121.27108589210333,35.6269722722492],[-121.27075972019293,35.62665273366611],[-121.27016730635923,35.626486798006155],[-121.26930068660572,35.62603068770204],[-121.26903721616146,35.62605552543247],[-121.26862251348037,35.62577764352826],[-121.26920207892553,35.62491296501555],[-121.26917173719426,35.62475245735172],[-121.2700401145797,35.62506812106213],[-121.27171989096074,35.62520673070339],[-121.27269627544595,35.62544972312201],[-121.2742887101819,35.62622532010739],[-121.27437157756822,35.62662826444193],[-121.27383965068503,35.627346799170525],[-121.2725258127884,35.62840546695495],[-121.27096396861727,35.62840390833329],[-121.27088507819073,35.628157252908196],[-121.27004520843833,35.62727218335721]],[[-121.27250531602172,35.62699264009615],[-121.2724213918727,35.62681969628901],[-121.27183605645762,35.62632470369948],[-121.27278417921009,35.62625243494298],[-121.27291115316396,35.62605389257622],[-121.27281124447718,35.625809162721815],[-121.27069860498798,35.62542105668957],[-121.26966441574585,35.625420514713745],[-121.26960876206225,35.625562831023046],[-121.27093653836651,35.62576795186222],[-121.27105396473175,35.626012934669845],[-121.27141733773409,35.62623282525682],[-121.27146313264139,35.62654833842767],[-121.27227627589737,35.62704660101389],[-121.27250531602172,35.62699264009615]],[[-121.27063124223274,35.626107047620636],[-121.27047661266641,35.625961710411076],[-121.2701276831686,35.6258851412754],[-121.27007233822343,35.62601315064152],[-121.27052301905762,35.62624860950208],[-121.27063124223274,35.626107047620636]]]},"properties":{"id":"CSS-GEO-032","unit":"Qms/Tus","label":"Sedimentary bedrock, undivided","kind":"mixed","latitude":35.62665066317427,"longitude":-121.27327349951673,"area_km2":0.089,"source_id":"usgs-san-simeon","source_url":"https://pubs.usgs.gov/sim/3327/","publication_year":2015,"depth_qualified":false,"fishing_target":false}},{"type":"Feature","geometry":{"type":"Polygon","coordinates":[[[-121.30781050911864,35.64276990751829],[-121.30722461382842,35.642493328669154],[-121.30691071295169,35.64282881773822],[-121.30723029899175,35.6432626609257],[-121.30767983784608,35.64376988791568],[-121.30850184910163,35.64428234605952],[-121.30908204151974,35.64500070024119],[-121.30639740931923,35.6439733704153],[-121.30055139656021,35.641164763260555],[-121.30112766268482,35.64114625109644],[-121.30022150668806,35.640471549608186],[-121.30009573719668,35.64020143050231],[-121.29905701238124,35.63957851733453],[-121.29914919480575,35.63936514492215],[-121.29815582223127,35.638671306542186],[-121.29691882190932,35.63809924138457],[-121.29665326896209,35.63822071292246],[-121.2986369600695,35.63975147918023],[-121.299215047977,35.64044307854647],[-121.29771319130332,35.63939988546976],[-121.29447676300687,35.6377610868036],[-121.28889121794943,35.635948220966775],[-121.28497068035573,35.63411202670288],[-121.2778900327604,35.62979426070161],[-121.27824229005235,35.62942450903916],[-121.27899309111902,35.62920101413838],[-121.28036486641014,35.62945490277281],[-121.2822209826384,35.630485797556005],[-121.28507891377987,35.631389280111684],[-121.28454471953347,35.63159070731501],[-121.28481765303015,35.632149170374326],[-121.28527118892136,35.63245975168714],[-121.28623468706839,35.63249135528198],[-121.28747152185113,35.633063526217256],[-121.28834358781833,35.63327270848921],[-121.28861295023047,35.63297241450187],[-121.28842418159897,35.63257616186012],[-121.28802577624421,35.63227989245797],[-121.28998292166794,35.63319961293525],[-121.29435914985397,35.634877319299356],[-121.29408247015755,35.63544721857595],[-121.29446349873461,35.63607875073332],[-121.29583189593593,35.63665269925892],[-121.29589040302724,35.63699342903684],[-121.29641087315983,35.63725124696143],[-121.29761731993361,35.63719674984954],[-121.29800028103539,35.63773885052629],[-121.29950806718176,35.63897664194118],[-121.29980531031944,35.63942807861671],[-121.30030238523022,35.639757107841476],[-121.30031823298214,35.64004356506685],[-121.30053125872382,35.6403328051838],[-121.30103137150857,35.640518757116865],[-121.30155793822499,35.64049040651635],[-121.30156740173332,35.640043300298004],[-121.30137893166511,35.639629181760185],[-121.30042518526821,35.639132706429926],[-121.3001256665675,35.63878857681772],[-121.30092004420499,35.638531443749564],[-121.30137860129403,35.638609470992044],[-121.30134836439228,35.639002614944076],[-121.30610062546128,35.642271793137525],[-121.30682438611514,35.64224619246758],[-121.30620298605649,35.64157553888109],[-121.305509449642,35.64120798972066],[-121.30527864918552,35.64072172318326],[-121.30460325475383,35.64053332018911],[-121.3029216039109,35.63922158225268],[-121.30264776524402,35.63869892472451],[-121.3020226431703,35.638207093511305],[-121.3020071678273,35.63790275182896],[-121.30146249632895,35.63775195423651],[-121.30075576008964,35.63801032774816],[-121.29972987182227,35.63781695159202],[-121.29927511123391,35.637560075876266],[-121.29906247612142,35.637252949322175],[-121.29941679024051,35.63707905832991],[-121.3003078130794,35.63743153974524],[-121.30044229065189,35.637290320437614],[-121.30012238570659,35.6368743449092],[-121.29858843423281,35.636400231871995],[-121.30094589325572,35.636739733498025],[-121.30091068486148,35.6369033594774],[-121.30127706019559,35.63719476186729],[-121.30180019791793,35.63732736681637],[-121.30208840645074,35.63717042453534],[-121.30194691675501,35.63702314044952],[-121.30474567163243,35.63848178782746],[-121.30404725539171,35.63832507173503],[-121.30400079281634,35.63844964403985],[-121.3042568893059,35.638775263000994],[-121.30679336842454,35.64008111623273],[-121.30641116843869,35.63910537224961],[-121.30667059442933,35.63919851178588],[-121.31173306586403,35.64265818851768],[-121.31110821877276,35.642279515987354],[-121.30945974535274,35.64250683869229],[-121.30747728222248,35.640904706855714],[-121.30685022605154,35.64050232109361],[-121.30626284164134,35.64029727502117],[-121.30621562618323,35.64045761714836],[-121.30664398915357,35.64092877141124],[-121.30763633467524,35.64167619484346],[-121.3090548237049,35.64300206274515],[-121.31004225761424,35.64294436555658],[-121.31063042578036,35.64311362490437],[-121.31072039329567,35.64404514693873],[-121.31104376868296,35.6443001373678],[-121.31160815702488,35.64455850655044],[-121.31217932021973,35.64449495551082],[-121.31236739092014,35.64388934496575],[-121.31302092324354,35.644077398621036],[-121.31421318894739,35.64470234178731],[-121.3147520944314,35.64478435088],[-121.31548899937965,35.645305071046984],[-121.31523094223735,35.645289053970906],[-121.3151380434462,35.64553820855926],[-121.31539833734371,35.64566707715727],[-121.31558914655452,35.645973870270254],[-121.31618147849176,35.64594637514776],[-121.31636471239935,35.64556994297409],[-121.31773002660945,35.64634451683864],[-121.32000037994472,35.647289225681504],[-121.32000036846986,35.64771805752781],[-121.3188221824362,35.647476455790866],[-121.31923299485618,35.64795069015887],[-121.32000035042984,35.64838526935457],[-121.3200003189768,35.64952902137087],[-121.31912109561787,35.6493960218583],[-121.31911606687692,35.649636007034005],[-121.32000030163053,35.65014963982083],[-121.32000029680476,35.65032105775306],[-121.31408429163518,35.64689249266506],[-121.30914524389235,35.64502485599877],[-121.30949425164624,35.64502975627562],[-121.30781050911864,35.64276990751829]],[[-121.27987483352437,35.63068328966043],[-121.28193023967172,35.631911227820915],[-121.28264625559814,35.6322434528701],[-121.28443339642864,35.63269827362104],[-121.28496029670403,35.63265210912297],[-121.28385148342215,35.63224274377936],[-121.28368349826394,35.63190044847134],[-121.28027909957088,35.63022393457672],[-121.27967685562835,35.629696536604285],[-121.27887567941451,35.629237275770805],[-121.27878026341374,35.62961216801573],[-121.27987483352437,35.63068328966043]],[[-121.30969100881106,35.64401281173059],[-121.30965402821342,35.64472787574568],[-121.31047869854629,35.6451151312692],[-121.31091991171782,35.644978204652666],[-121.31026217035158,35.64394926973238],[-121.30987005522653,35.64383642890714],[-121.30969100881106,35.64401281173059]],[[-121.30327302190247,35.64177579974796],[-121.30355935346745,35.641708275727936],[-121.30343394896882,35.641420275356865],[-121.30313062688536,35.64125499537166],[-121.30327302190247,35.64177579974796]],[[-121.29202069176732,35.634505627020665],[-121.29178770796295,35.634126641234104],[-121.29139833375919,35.633888553433934],[-121.29067769455392,35.63377098947435],[-121.29019269826927,35.63390722084618],[-121.2897798987974,35.63374035339348],[-121.29022336663328,35.63349619647822],[-121.28989781561229,35.63334845786291],[-121.28893773583418,35.6331559251732],[-121.28844396810373,35.63370348456718],[-121.28865922224433,35.63388543927065],[-121.29083466788178,35.63463191648832],[-121.29293035932311,35.63603913803726],[-121.29346032054877,35.63584986371933],[-121.29349021393668,35.63547460605374],[-121.29202069176732,35.634505627020665]],[[-121.28486655681145,35.63293700724605],[-121.28477587367227,35.63307883181767],[-121.28588355757321,35.63354184195437],[-121.28595386020126,35.633328167508694],[-121.28486655681145,35.63293700724605]],[[-121.28775090314318,35.63537525123464],[-121.28884206733258,35.635587545165556],[-121.28885198123618,35.63512255812011],[-121.28844184832478,35.63483049664891],[-121.28722230675686,35.63447325641914],[-121.28710819192447,35.63468630844867],[-121.28775090314318,35.63537525123464]]]},"properties":{"id":"CSS-GEO-033","unit":"Qms/Tus","label":"Sedimentary bedrock, undivided","kind":"mixed","latitude":35.63983245963336,"longitude":-121.30501373618588,"area_km2":0.917,"source_id":"usgs-san-simeon","source_url":"https://pubs.usgs.gov/sim/3327/","publication_year":2015,"depth_qualified":false,"fishing_target":false}},{"type":"Feature","geometry":{"type":"Polygon","coordinates":[[[-121.23665195536624,35.61077223053031],[-121.23621649712202,35.610541014000994],[-121.23609397284513,35.61026941022899],[-121.2361549431085,35.610000493303716],[-121.23584464649836,35.60992100197631],[-121.23499793571632,35.61002851461274],[-121.23539668825039,35.61025919778802],[-121.23548415646226,35.61045534135507],[-121.23506178654794,35.610464143122336],[-121.23489268818383,35.610641539107],[-121.2346204071862,35.61050264376309],[-121.23388854870942,35.610432600753164],[-121.23474296219798,35.60944586662196],[-121.23407375866053,35.609593485911574],[-121.23383005731898,35.60951835538153],[-121.23393831999046,35.60937682640341],[-121.23362328195545,35.609357895723996],[-121.23369744945293,35.60917293329878],[-121.23296823886831,35.60886169568162],[-121.23292103056929,35.60861770709808],[-121.23325452764398,35.60859397569817],[-121.23446547927848,35.609312996180655],[-121.23539275826906,35.60938382941591],[-121.23501518667156,35.60902050939226],[-121.23527334483502,35.608437516663066],[-121.23557392531255,35.6091145639012],[-121.23679621006947,35.609318510856],[-121.2369488815975,35.60909728792315],[-121.23736368301452,35.609813409074626],[-121.23661002275885,35.609816690327854],[-121.23746032546168,35.61020123571597],[-121.23749034244301,35.610430660492085],[-121.23701353907268,35.61059542166499],[-121.23754817953863,35.61098965774891],[-121.23783723133535,35.611394610624],[-121.23815159815128,35.612243591738974],[-121.23811189105588,35.61305259961388],[-121.23794731737601,35.613095548388756],[-121.23757731173541,35.61293675619423],[-121.23748052669477,35.61232826764468],[-121.2370270375935,35.612081800647594],[-121.23665195536624,35.61077223053031]]]},"properties":{"id":"CSS-GEO-034","unit":"Qms/Tus","label":"Sedimentary bedrock, undivided","kind":"mixed","latitude":35.61072298329329,"longitude":-121.23687162759853,"area_km2":0.061,"source_id":"usgs-san-simeon","source_url":"https://pubs.usgs.gov/sim/3327/","publication_year":2015,"depth_qualified":false,"fishing_target":false}},{"type":"Feature","geometry":{"type":"Polygon","coordinates":[[[-121.20463271639782,35.62192491721825],[-121.20490226407632,35.62162839388036],[-121.20480512786884,35.6212691592965],[-121.20520487420826,35.620442442640496],[-121.20650040670719,35.62070430624238],[-121.20682703936195,35.621775374276346],[-121.2072306380865,35.622539889742185],[-121.20933266359401,35.6225997839029],[-121.21088353451924,35.6230092407228],[-121.21135982334248,35.62287320044395],[-121.21158889264049,35.6220322246625],[-121.21149236430222,35.621644381187735],[-121.21183069850532,35.62140611008139],[-121.21187243292617,35.621106188243814],[-121.21158348305737,35.620701176457096],[-121.21172875517992,35.62047435016087],[-121.21198935133566,35.620578399222666],[-121.2122537715288,35.62051076700604],[-121.21268465658193,35.62004091075293],[-121.2161244585606,35.62363506096592],[-121.21434010207113,35.62285063653505],[-121.21280291547471,35.622613163657206],[-121.21280865515149,35.623142773501954],[-121.21384878993855,35.62448398759999],[-121.21342979597718,35.62437418967214],[-121.21225291256411,35.62448552924828],[-121.21155455637566,35.62436066949643],[-121.21161254166292,35.624118235023424],[-121.21108496170685,35.62340913807541],[-121.21059305884113,35.62345907654411],[-121.21077783457267,35.62381960872873],[-121.21031746714168,35.624027440401285],[-121.21006053066104,35.62435296654762],[-121.21018728178653,35.624363256799995],[-121.21012801623277,35.62466291725843],[-121.21050777559351,35.6249261663703],[-121.21094552543572,35.62494698120281],[-121.21092449581985,35.62510409559989],[-121.21116694532593,35.62523649989072],[-121.21153874911954,35.62507028430072],[-121.21335793486259,35.625240399382406],[-121.21392439449235,35.62499119422375],[-121.2140194524282,35.624682121545746],[-121.21466555654497,35.62486658190047],[-121.21478305969234,35.625494451333445],[-121.21449115275328,35.62581213221404],[-121.21308175400823,35.626131126785744],[-121.21202917816184,35.62616917366134],[-121.2104556948204,35.62598479983243],[-121.20954371630418,35.625613458564274],[-121.20884200384128,35.62563880275816],[-121.20782715610015,35.62537798782693],[-121.20765568133253,35.62548483762829],[-121.20541026875385,35.624778761419634],[-121.20476142424863,35.62478267364175],[-121.20505303968734,35.62429257302564],[-121.20511239188897,35.623205786927734],[-121.20534625837713,35.62293735380566],[-121.20530040612171,35.622636129536666],[-121.20490219452958,35.62241552358137],[-121.204943955423,35.62211560496197],[-121.20463271639782,35.62192491721825]]]},"properties":{"id":"CSS-GEO-035","unit":"Qms/Tus","label":"Sedimentary bedrock, undivided","kind":"mixed","latitude":35.62303981555901,"longitude":-121.20905688632003,"area_km2":0.327,"source_id":"usgs-san-simeon","source_url":"https://pubs.usgs.gov/sim/3327/","publication_year":2015,"depth_qualified":false,"fishing_target":false}},{"type":"Feature","geometry":{"type":"Polygon","coordinates":[[[-121.17141461186851,35.56135645068624],[-121.17104725806529,35.561336564377086],[-121.17138182405053,35.56202859361807],[-121.17176278941376,35.562220422263685],[-121.17172098858029,35.56174750848817],[-121.17210747792787,35.561696124679244],[-121.17233801454684,35.561570817443],[-121.17235942208514,35.561399404290285],[-121.17262367384056,35.56133185275648],[-121.17310212822917,35.5616202871564],[-121.1756781457303,35.56387759114458],[-121.17636067749191,35.564675054019546],[-121.17614505230034,35.56517269399333],[-121.1755773920463,35.56546969268291],[-121.17473240194383,35.565676063703286],[-121.17323873387782,35.56460392267193],[-121.17132634655847,35.56269057295515],[-121.16977875571665,35.561426751881676],[-121.16923245694761,35.56106066721003],[-121.16755300826635,35.56046268541514],[-121.16762114071201,35.5600343762024],[-121.16980109107803,35.559161102351986],[-121.17066836272087,35.55953205640113],[-121.17162735773847,35.56047236460708],[-121.17141335748298,35.56064085585834],[-121.17080284171689,35.56053141148766],[-121.17058206255132,35.56022751864744],[-121.1703554315016,35.56018114410647],[-121.17039592175497,35.56071128435446],[-121.17138577160863,35.561084094119195],[-121.17141461186851,35.56135645068624]],[[-121.17573919344974,35.565286092635475],[-121.17498338254543,35.56463063242705],[-121.17516042151165,35.56454744333812],[-121.17538609465309,35.56463672987145],[-121.17545094969267,35.56409387354938],[-121.1746393797578,35.56358068196882],[-121.17407552013003,35.56372956802516],[-121.1738728783841,35.56339733287287],[-121.17307396252436,35.56309899486337],[-121.17286223189258,35.563167342617085],[-121.17377299540875,35.563939656595316],[-121.17403496090714,35.56474507041242],[-121.17512409325684,35.56537696098489],[-121.1755773920463,35.56546969268291],[-121.17573919344974,35.565286092635475]],[[-121.17291901357592,35.56220933243762],[-121.17285320177258,35.56202228550087],[-121.17233119111401,35.56187125596856],[-121.17220603026767,35.56198384978546],[-121.17263562494767,35.56234815182763],[-121.17291901357592,35.56220933243762]]]},"properties":{"id":"CSS-GEO-036","unit":"Qms/Tus","label":"Sedimentary bedrock, undivided","kind":"mixed","latitude":35.562529253524694,"longitude":-121.1726331241714,"area_km2":0.142,"source_id":"usgs-san-simeon","source_url":"https://pubs.usgs.gov/sim/3327/","publication_year":2015,"depth_qualified":false,"fishing_target":false}},{"type":"Feature","geometry":{"type":"Polygon","coordinates":[[[-121.15968593598767,35.56262339513808],[-121.1596275205874,35.5628801091802],[-121.15976170094885,35.56313976492852],[-121.16014820294524,35.56308841992278],[-121.1605739722679,35.56285162325356],[-121.16120770011007,35.56194535888467],[-121.16134497023519,35.56130343681609],[-121.16109854442038,35.56135692308284],[-121.16110344816848,35.56114232521239],[-121.16132204788536,35.56077356244717],[-121.16127540585761,35.56051524382024],[-121.16096254698915,35.56041029035742],[-121.1613495042271,35.55957181634225],[-121.16120889810607,35.55921870933264],[-121.1613635586192,35.55895663717131],[-121.1612852143951,35.55862806708554],[-121.16449491193431,35.56148645075211],[-121.16526208105205,35.56235988448109],[-121.16521387193599,35.56319398785375],[-121.16493166298105,35.564048380567755],[-121.16377289969994,35.56493712488781],[-121.16173046950884,35.566170170244874],[-121.16120736549007,35.566066780019],[-121.15977715031106,35.56478077104682],[-121.15913051453387,35.56369753601735],[-121.15649023683741,35.56144395038058],[-121.15832811819126,35.56225917906799],[-121.15944735855693,35.562333522185845],[-121.15968593598767,35.56262339513808]],[[-121.16082486123052,35.56490199334788],[-121.16147774684893,35.56392446313966],[-121.16127628372453,35.56277647114644],[-121.16042310985083,35.56332159935016],[-121.16018389167601,35.56459166910419],[-121.16022987662608,35.56487860083467],[-121.16052524241596,35.56498328938188],[-121.16082486123052,35.56490199334788]],[[-121.16475236538409,35.56318723980041],[-121.16447907652089,35.56288253652772],[-121.16399438112626,35.562631859106666],[-121.1636613887245,35.562641097461594],[-121.16397417008103,35.563126669917516],[-121.16363114713398,35.56319878435463],[-121.16328672303548,35.56370874922876],[-121.16351336036523,35.5637551372322],[-121.16379676771776,35.56361634083222],[-121.16412617369126,35.563764473539386],[-121.16433987086529,35.56361030250359],[-121.16430840842602,35.56337054296798],[-121.16457270883146,35.56338486438082],[-121.16475236538409,35.56318723980041]],[[-121.1642710450871,35.562020678835026],[-121.16400743768662,35.562059597891896],[-121.16400156227796,35.56231711553591],[-121.16462208429861,35.562755911258684],[-121.16500825469457,35.56271885698566],[-121.16487699410055,35.56233044814772],[-121.1642710450871,35.562020678835026]],[[-121.1637999120608,35.56424609360499],[-121.16350356474369,35.56418433245824],[-121.16361698565964,35.564586782263476],[-121.16386439830879,35.56449037166484],[-121.1637999120608,35.56424609360499]],[[-121.16238121848835,35.56501160235127],[-121.16247889253394,35.564569435774935],[-121.16144977750425,35.5643820036852],[-121.16131217603436,35.56503823190356],[-121.16164274744185,35.56590196321045],[-121.16201273292724,35.5658074261449],[-121.16192434474235,35.56507619261427],[-121.16238121848835,35.56501160235127]],[[-121.16290060480192,35.561441650040905],[-121.16331623640369,35.56164834494147],[-121.16375264317311,35.56171224127052],[-121.16375623412411,35.56155486903409],[-121.16281698210952,35.56126863792324],[-121.16290060480192,35.561441650040905]],[[-121.162603092506,35.560664294410486],[-121.16283233258692,35.56059623159741],[-121.16278601344769,35.5603236078435],[-121.16162258167198,35.55911801425164],[-121.16173304604884,35.55964922391648],[-121.16245387987001,35.56106274130838],[-121.16363726618856,35.56139563042011],[-121.16407824135268,35.56125923381876],[-121.16321131049307,35.560873926303856],[-121.16282645373595,35.56085374913416],[-121.162603092506,35.560664294410486]]]},"properties":{"id":"CSS-GEO-037","unit":"Qms/Tus","label":"Sedimentary bedrock, undivided","kind":"mixed","latitude":35.56249560284767,"longitude":-121.16256623197451,"area_km2":0.203,"source_id":"usgs-san-simeon","source_url":"https://pubs.usgs.gov/sim/3327/","publication_year":2015,"depth_qualified":false,"fishing_target":false}},{"type":"Feature","geometry":{"type":"Polygon","coordinates":[[[-121.17642919073509,35.56961861047863],[-121.17676059100552,35.56968087051035],[-121.1772239708161,35.57010291368908],[-121.17730828814399,35.57102012514441],[-121.17749896040495,35.571108877653536],[-121.17797304537063,35.57105880035587],[-121.17799216300548,35.570214710486],[-121.17775511808094,35.569853338629365],[-121.17719348224361,35.56912927034386],[-121.17627711391498,35.568600191789514],[-121.17617691818774,35.56838400338357],[-121.17635048464784,35.56789152220375],[-121.17665104203529,35.56760674715641],[-121.1765906748217,35.567903673056485],[-121.17688542624663,35.56803693555701],[-121.17708192589535,35.56786817017659],[-121.17690300031033,35.5676518444244],[-121.17741484851356,35.56773469373413],[-121.17761728199228,35.56820543072534],[-121.17749374879631,35.56901931879564],[-121.17787605806079,35.569153903900805],[-121.17799409357518,35.569356049180804],[-121.17867278508068,35.56955235729366],[-121.1787298514896,35.569352858986406],[-121.17806347215772,35.56861289929295],[-121.17833877601632,35.56883173407751],[-121.17899898238434,35.56907069534736],[-121.17872300701934,35.568107653884994],[-121.17842533684242,35.56810315506783],[-121.17836600427177,35.56840280029328],[-121.17801839370063,35.56828305373421],[-121.17747673180904,35.5677426829978],[-121.17811049460263,35.56782449894064],[-121.18045219358697,35.56739145550849],[-121.18197420468213,35.56769557191724],[-121.18354392333363,35.5675943898465],[-121.18393014428669,35.56741282395717],[-121.18405009829218,35.567164740518855],[-121.1839804387546,35.566882590494295],[-121.18334007750535,35.566466919476284],[-121.18377164337198,35.56597373935696],[-121.18418908214242,35.56610494469039],[-121.18448504709801,35.56654670618454],[-121.18482825631973,35.56658308977516],[-121.18590935223732,35.56609970352734],[-121.18634041930255,35.56563770865241],[-121.18683914691913,35.565551529355965],[-121.18778888727545,35.56556205633395],[-121.18856253782654,35.56589279617207],[-121.19020897168544,35.56767262860937],[-121.19113664829634,35.56905002075219],[-121.19135171190919,35.56974948583569],[-121.1909225200616,35.56988809277893],[-121.19043486518558,35.57025790028836],[-121.19002301425388,35.570159644953726],[-121.18962367523163,35.57090304499061],[-121.18903962339644,35.5713942249855],[-121.18854205158456,35.57141774988365],[-121.18770947923312,35.571030409028346],[-121.18690952707463,35.57109725708638],[-121.18595228969562,35.57075910104784],[-121.18571040944116,35.57084457248291],[-121.1850372218991,35.57070967852572],[-121.18479524348635,35.56983273355412],[-121.18447096508075,35.569703091338916],[-121.1840522245233,35.56989282956981],[-121.18404176813408,35.57035605606815],[-121.18465806968597,35.571078239270804],[-121.1841276092617,35.57109542134326],[-121.18299632536309,35.57152148342902],[-121.18228470800464,35.57159033652529],[-121.181939649762,35.57119952639076],[-121.18026432054405,35.571773031202035],[-121.18043105201288,35.57158252901496],[-121.1802945245295,35.5714230412746],[-121.18025687927931,35.5707641428963],[-121.18006296799939,35.570818460618646],[-121.1798220580979,35.57140159475005],[-121.17997285741107,35.57170441334605],[-121.18016394939374,35.57178081643489],[-121.17870624895308,35.57189387915238],[-121.17786756885802,35.57178738379764],[-121.17712390110981,35.57087041624018],[-121.17683919032321,35.57071333226266],[-121.17705373358795,35.57065848713655],[-121.17705827225934,35.57045819515353],[-121.17581308460673,35.56975240101453],[-121.17583383892762,35.56960960043572],[-121.17623430696077,35.569715841752256],[-121.17642919073509,35.56961861047863]],[[-121.1781711566104,35.5700456787581],[-121.17829698549657,35.57067728678387],[-121.17843253476562,35.57087969637652],[-121.17872892070643,35.57094142272736],[-121.17908334319792,35.57076072834476],[-121.17922860884781,35.570533939501836],[-121.17874738256081,35.57012594565536],[-121.1784639749009,35.570264777150825],[-121.1781711566104,35.5700456787581]],[[-121.17913032140983,35.56945909073949],[-121.17903856010301,35.56964375443739],[-121.17943385286154,35.56997889068434],[-121.18019654587734,35.57033388648263],[-121.18058274896256,35.57029678321648],[-121.17913032140983,35.56945909073949]],[[-121.1823211971557,35.5708811651912],[-121.18233191937058,35.571181869034305],[-121.18248499055284,35.57138453848734],[-121.18286796627909,35.5714904950548],[-121.18306995579276,35.57107850650453],[-121.18304042765759,35.57083476510673],[-121.1823211971557,35.5708811651912]],[[-121.18233234469012,35.56806196437801],[-121.18259337320359,35.568137439520335],[-121.18233686979072,35.56786167172037],[-121.18211053294748,35.56780101098958],[-121.18210697706009,35.5679583846756],[-121.18233234469012,35.56806196437801]]]},"properties":{"id":"CSS-GEO-038","unit":"Qms/Tus","label":"Sedimentary bedrock, undivided","kind":"mixed","latitude":35.56883172049895,"longitude":-121.18497766942662,"area_km2":0.557,"source_id":"usgs-san-simeon","source_url":"https://pubs.usgs.gov/sim/3327/","publication_year":2015,"depth_qualified":false,"fishing_target":false}},{"type":"Feature","geometry":{"type":"Polygon","coordinates":[[[-121.1714260671529,35.57010094965814],[-121.17118742649822,35.56981109838931],[-121.17080349981688,35.56974802582552],[-121.17053889342418,35.56982987802702],[-121.17021270447701,35.56953869672396],[-121.16996632274031,35.56881938089516],[-121.16967157962226,35.5686861017223],[-121.16983405187179,35.56847389635753],[-121.16977410109067,35.56802932976093],[-121.16938471858491,35.56743664500972],[-121.16851867344378,35.567008453793164],[-121.16775280704398,35.566796452288656],[-121.16740163710675,35.5668340472949],[-121.16881671845509,35.566502261462944],[-121.16920064496617,35.56628893013177],[-121.17050670536831,35.56662361557819],[-121.1711062106378,35.56721948659219],[-121.17134159203219,35.567652402318416],[-121.1716207752359,35.56769957345384],[-121.17164446234436,35.56742801404682],[-121.17119868766743,35.56623339598864],[-121.17194631116833,35.56623968990215],[-121.17293148168305,35.56656471156611],[-121.17365877010593,35.56665711168476],[-121.17338962946049,35.56693926318508],[-121.17234680538688,35.56735279832662],[-121.1730169845866,35.56869392905452],[-121.17264959671759,35.5686740475461],[-121.17247157111242,35.568800151256205],[-121.17212266820168,35.56873761404819],[-121.17187004989299,35.569062946871064],[-121.17191960981961,35.56996532262018],[-121.17370626344531,35.57150942914418],[-121.17405388077395,35.571629188307945],[-121.17459963646954,35.571508652950016],[-121.17490640805036,35.57111257726607],[-121.17621019536666,35.57260135088149],[-121.17625234755396,35.573317563044206],[-121.1753643493271,35.57385272841915],[-121.17404234506326,35.5742143440586],[-121.17332461896808,35.573678712795214],[-121.1727647443071,35.572620715924025],[-121.17170386975849,35.571769788690055],[-121.17135142216138,35.57107299806655],[-121.1717055367922,35.570906633346645],[-121.17194357728573,35.5704522767756],[-121.17194845375685,35.57023767792532],[-121.17172602058817,35.57000532029073],[-121.1714260671529,35.57010094965814]],[[-121.17429089155847,35.57276338747964],[-121.1740985944085,35.57274616259571],[-121.1742655874256,35.573106479206196],[-121.17438784011097,35.573122643647736],[-121.17429089155847,35.57276338747964]],[[-121.17539250047085,35.57262578907528],[-121.17540546829746,35.57282634592837],[-121.17596225318918,35.57299220081845],[-121.1757984981888,35.57248881989594],[-121.1755708549225,35.57248537378553],[-121.17539250047085,35.57262578907528]],[[-121.17274317399279,35.57149483019573],[-121.17295911540621,35.572013317697554],[-121.17336543860716,35.571862051100595],[-121.1739160416768,35.57229974030836],[-121.17404219006112,35.57214422475948],[-121.17392513516367,35.57189915624399],[-121.17331777934974,35.57164665587403],[-121.1729413154819,35.571254538593884],[-121.17274317399279,35.57149483019573]],[[-121.17191273745354,35.5710385797408],[-121.17169968412372,35.57116415082097],[-121.1716964325887,35.571307216980536],[-121.17203238573236,35.571169197796976],[-121.17191273745354,35.5710385797408]]]},"properties":{"id":"CSS-GEO-039","unit":"Qms/Tus","label":"Sedimentary bedrock, undivided","kind":"mixed","latitude":35.57017443668394,"longitude":-121.17202495017912,"area_km2":0.191,"source_id":"usgs-san-simeon","source_url":"https://pubs.usgs.gov/sim/3327/","publication_year":2015,"depth_qualified":false,"fishing_target":false}},{"type":"Feature","geometry":{"type":"Polygon","coordinates":[[[-121.18289338709496,35.57958035346794],[-121.18254281171971,35.57958937788718],[-121.1818523356453,35.57913530538891],[-121.18178778455986,35.578891035552175],[-121.18088619946577,35.578476706493674],[-121.17914239711895,35.57734838477707],[-121.1817021505406,35.57762180941386],[-121.18228103899422,35.57784521504252],[-121.18298862629989,35.578833839225545],[-121.18339672783122,35.57978830319084],[-121.18332247597787,35.57997323380242],[-121.18289338709496,35.57958035346794]]]},"properties":{"id":"CSS-GEO-040","unit":"Qms/Tus","label":"Sedimentary bedrock, undivided","kind":"mixed","latitude":35.57865715079872,"longitude":-121.18206158582767,"area_km2":0.036,"source_id":"usgs-san-simeon","source_url":"https://pubs.usgs.gov/sim/3327/","publication_year":2015,"depth_qualified":false,"fishing_target":false}},{"type":"Feature","geometry":{"type":"Polygon","coordinates":[[[-121.17783421988773,35.580963728119315],[-121.17749952602192,35.58027171577753],[-121.17715154205608,35.580166271105554],[-121.17680842533643,35.57984622818319],[-121.17649417160436,35.579798538696764],[-121.17634888048785,35.580025323185296],[-121.17584555783372,35.57981734451741],[-121.1746573017743,35.57968485813648],[-121.17371324979129,35.579598996685924],[-121.17358773830234,35.57972589739823],[-121.17312594995897,35.57923230720181],[-121.17331696132014,35.57930676103883],[-121.17394935906545,35.57923047636472],[-121.17456716487574,35.57902516515943],[-121.1749858379849,35.57910306401837],[-121.1754444065431,35.57896689373603],[-121.17559099743578,35.578682883278404],[-121.17477800443712,35.577454095611586],[-121.17385214003505,35.577339888177306],[-121.17317628524015,35.57778761145323],[-121.17318014082691,35.577469065047254],[-121.17357906152228,35.5766164231069],[-121.17432553451268,35.57564366458281],[-121.17471434182166,35.576264948838876],[-121.17445166562217,35.57626096981241],[-121.17499775904956,35.5768989463682],[-121.17538172240717,35.57696200658971],[-121.17598004859033,35.57684226155249],[-121.17664258595143,35.576208270733716],[-121.17713388790955,35.57617276919359],[-121.1770863004343,35.576454857345404],[-121.17678740944962,35.57676041781265],[-121.17715980884735,35.57707613382016],[-121.17846565812114,35.57721262100617],[-121.1785804069967,35.57818426969031],[-121.17882395803387,35.578259508072286],[-121.17896634365879,35.578934300394806],[-121.17969247365117,35.57936030397207],[-121.17965249293742,35.57956857342844],[-121.17984393365288,35.57963451053722],[-121.18005667527584,35.579523232098964],[-121.1808214379702,35.58056520717734],[-121.17982888381552,35.58040812171105],[-121.17918297169066,35.58056533095934],[-121.17909514440348,35.58098278905477],[-121.17878408814856,35.58141799210796],[-121.17787439030784,35.5816189112352],[-121.17518961001322,35.58155443089256],[-121.17472855205537,35.581285070988564],[-121.17440592964205,35.58072578838915],[-121.17502762355075,35.581121615593034],[-121.17562695514586,35.58095895282457],[-121.17613450245864,35.580980947571604],[-121.17814134724576,35.58132615932494],[-121.17814620913607,35.581111560120604],[-121.17783421988773,35.580963728119315]],[[-121.17883925611375,35.58067838045968],[-121.1778559392526,35.580005187272036],[-121.17743822986013,35.5798843785079],[-121.17820296110531,35.58092636924673],[-121.17868748813582,35.58119130084603],[-121.17909514440348,35.58098278905477],[-121.17883925611375,35.58067838045968]],[[-121.17749496747008,35.577380726098966],[-121.17689858497407,35.57741463928314],[-121.17653667005423,35.57715155707629],[-121.17618578206886,35.577174869856464],[-121.17581381145202,35.5773552884858],[-121.17582678054909,35.57755584609892],[-121.17617415150313,35.57788964553312],[-121.1755923087941,35.57785283700877],[-121.17593442886611,35.57898862379603],[-121.17633299668029,35.57918070527596],[-121.17649352781892,35.579054331561174],[-121.17648153015546,35.578810854372826],[-121.17676367445048,35.578729254917846],[-121.17662182870961,35.57813646787647],[-121.1780394825995,35.5788630432704],[-121.17848605575732,35.5792562048452],[-121.17907132778141,35.579431525899714],[-121.17894397194902,35.57914863422141],[-121.17835697438153,35.57876766304242],[-121.17875878604225,35.57881667099633],[-121.17874904938685,35.57847304877003],[-121.17833361478755,35.57825209643479],[-121.17813221865292,35.57786264136922],[-121.17812596383891,35.577203553339174],[-121.17781407458281,35.57721381432764],[-121.17749496747008,35.577380726098966]],[[-121.17727055973619,35.57877985757965],[-121.17721445477584,35.57893643583961],[-121.17736785200637,35.57912480506672],[-121.17706560010137,35.57932059338058],[-121.17706105994618,35.579520885970695],[-121.17791496004841,35.57971984971197],[-121.17828952893719,35.5794249723592],[-121.17727055973619,35.57877985757965]]]},"properties":{"id":"CSS-GEO-041","unit":"Qms/Tus","label":"Sedimentary bedrock, undivided","kind":"mixed","latitude":35.57857705830543,"longitude":-121.17710933108751,"area_km2":0.138,"source_id":"usgs-san-simeon","source_url":"https://pubs.usgs.gov/sim/3327/","publication_year":2015,"depth_qualified":false,"fishing_target":false}},{"type":"Feature","geometry":{"type":"Polygon","coordinates":[[[-121.19435649144083,35.579244055861956],[-121.19371927978978,35.578088457303515],[-121.19467004933948,35.57872318239634],[-121.19611529152586,35.58067688334299],[-121.19643025389803,35.58225586568941],[-121.19586764193136,35.58260523171547],[-121.19421351136374,35.582151108358985],[-121.19391573258721,35.582409023122395],[-121.19414677314857,35.58322054380251],[-121.19351345838584,35.58333699188039],[-121.19310676618808,35.582724086007076],[-121.19293477894597,35.58289324474058],[-121.19273837199526,35.58290174829345],[-121.19235404759104,35.58254105762245],[-121.19200506861391,35.58247857593654],[-121.19189015167478,35.58260279269822],[-121.19220592093033,35.581834775086755],[-121.19242567771863,35.58046364220566],[-121.19262216667158,35.58069731961022],[-121.1946534370884,35.58156542527708],[-121.19482930067234,35.58053435698596],[-121.19435649144083,35.579244055861956]],[[-121.19377876527456,35.58275705938015],[-121.1936547260597,35.58266360555347],[-121.19355150787999,35.58289104293549],[-121.19414677314857,35.58322054380251],[-121.19377876527456,35.58275705938015]],[[-121.19543797472603,35.58003303867965],[-121.1956198187385,35.58039164077982],[-121.19585103672613,35.58054110448563],[-121.19554010845802,35.57996156731374],[-121.19543797472603,35.58003303867965]],[[-121.19613864205732,35.582160553382195],[-121.19611312306647,35.581804292391595],[-121.19598763115849,35.58192104000626],[-121.19598251498603,35.58214909094612],[-121.19613864205732,35.582160553382195]],[[-121.19530665995913,35.58090708193817],[-121.19540838554099,35.5808538548025],[-121.19535787613297,35.58061584571097],[-121.19514662856021,35.58007430078214],[-121.19501365720173,35.580026683558636],[-121.19530665995913,35.58090708193817]]]},"properties":{"id":"CSS-GEO-042","unit":"Qms/Tus","label":"Sedimentary bedrock, undivided","kind":"mixed","latitude":35.58080186261858,"longitude":-121.19576875071294,"area_km2":0.087,"source_id":"usgs-san-simeon","source_url":"https://pubs.usgs.gov/sim/3327/","publication_year":2015,"depth_qualified":false,"fishing_target":false}},{"type":"Feature","geometry":{"type":"Polygon","coordinates":[[[-121.20167422973704,35.58669926042134],[-121.2010669437632,35.58773970731915],[-121.19994970589322,35.588712682931],[-121.19945908115555,35.58793252974504],[-121.19821097881052,35.586554277722406],[-121.19784157578707,35.58662031070304],[-121.19755493341363,35.58690225387703],[-121.19765289214472,35.58632909227564],[-121.20113774903672,35.585880265672344],[-121.20177620045358,35.586056762810585],[-121.20167422973704,35.58669926042134]]]},"properties":{"id":"CSS-GEO-043","unit":"Qms/Tus","label":"Sedimentary bedrock, undivided","kind":"mixed","latitude":35.58733273641223,"longitude":-121.20009688521723,"area_km2":0.06,"source_id":"usgs-san-simeon","source_url":"https://pubs.usgs.gov/sim/3327/","publication_year":2015,"depth_qualified":false,"fishing_target":false}},{"type":"Feature","geometry":{"type":"Polygon","coordinates":[[[-121.19423750466036,35.59185445424167],[-121.19377792586974,35.592033614521604],[-121.19250251945111,35.591871372931784],[-121.1916733685226,35.59134371746441],[-121.19081918103228,35.59037202318989],[-121.18976268578676,35.58982662943111],[-121.19160030107447,35.58991862650938],[-121.19336560321537,35.5908896682879],[-121.19404387383427,35.59111450981702],[-121.19460243588166,35.59198872638383],[-121.19423750466036,35.59185445424167]]]},"properties":{"id":"CSS-GEO-044","unit":"Qms/Tus","label":"Sedimentary bedrock, undivided","kind":"mixed","latitude":35.59098437198959,"longitude":-121.1925233137452,"area_km2":0.043,"source_id":"usgs-san-simeon","source_url":"https://pubs.usgs.gov/sim/3327/","publication_year":2015,"depth_qualified":false,"fishing_target":false}},{"type":"Feature","geometry":{"type":"Polygon","coordinates":[[[-121.19317510826306,35.596246466240714],[-121.1929872541346,35.59602897690823],[-121.19382289033177,35.596270490860626],[-121.19543488437492,35.59705315623183],[-121.19596712385803,35.59676058553553],[-121.19619002189903,35.5969785959268],[-121.1963505597687,35.596852196229236],[-121.19608378255737,35.59624711860451],[-121.19713051220201,35.59660171121876],[-121.19768680303378,35.596538477125875],[-121.1980259048834,35.59704445194268],[-121.19806107731097,35.59756969377783],[-121.19777163527463,35.597193265177275],[-121.19686655153104,35.59692211515117],[-121.19652924419984,35.597117427770876],[-121.19632949784925,35.597429289770695],[-121.19645190647536,35.597589788916395],[-121.19550610272373,35.59741222953726],[-121.19453733359967,35.59763624035643],[-121.19303316559296,35.59699352496504],[-121.19243652777021,35.596364191385256],[-121.19341068960293,35.59667934378755],[-121.1938924674641,35.597072977574236],[-121.19484880608869,35.597402163676044],[-121.1950803779616,35.597233895646994],[-121.19317510826306,35.596246466240714]]]},"properties":{"id":"CSS-GEO-045","unit":"Qms/Tus","label":"Sedimentary bedrock, undivided","kind":"mixed","latitude":35.59689485228501,"longitude":-121.19712278751247,"area_km2":0.031,"source_id":"usgs-san-simeon","source_url":"https://pubs.usgs.gov/sim/3327/","publication_year":2015,"depth_qualified":false,"fishing_target":false}},{"type":"Feature","geometry":{"type":"Polygon","coordinates":[[[-121.20543133313569,35.609934287346405],[-121.20595515821081,35.610638541269225],[-121.20510723661971,35.61026881827399],[-121.20360712036107,35.60921221893076],[-121.20335465077181,35.60899837404041],[-121.20334354041437,35.608610369127824],[-121.20190813733463,35.60824088354774],[-121.20215528399271,35.60776848178371],[-121.20279191051911,35.60761638235016],[-121.2024258198359,35.607174600291465],[-121.20282253422597,35.6071320399426],[-121.20292650045245,35.60690735176214],[-121.20397708815054,35.60846262146058],[-121.20543133313569,35.609934287346405]]]},"properties":{"id":"CSS-GEO-046","unit":"Qms/Tus","label":"Sedimentary bedrock, undivided","kind":"mixed","latitude":35.60881167986423,"longitude":-121.20383916171875,"area_km2":0.034,"source_id":"usgs-san-simeon","source_url":"https://pubs.usgs.gov/sim/3327/","publication_year":2015,"depth_qualified":false,"fishing_target":false}},{"type":"Feature","geometry":{"type":"Polygon","coordinates":[[[-121.20222221396227,35.60890453027042],[-121.20254395113658,35.60897011938589],[-121.20331788789683,35.609757343603],[-121.20456769871048,35.610503177276385],[-121.20658121591795,35.61150396881307],[-121.20812445074921,35.613400293822245],[-121.20977703458246,35.61620498003555],[-121.20742552966479,35.6153798967831],[-121.2061621388,35.6147372728769],[-121.20573459836773,35.6148121967095],[-121.20537615948737,35.61454078191868],[-121.20546190417791,35.61384079638177],[-121.20476499836556,35.612871542535665],[-121.20333699505493,35.61246384127011],[-121.2029846764143,35.61254445440946],[-121.20289635128292,35.613358891121074],[-121.20263414055401,35.61393676821019],[-121.20244309300668,35.61347724286646],[-121.2029917881096,35.61195023455565],[-121.20293759470549,35.6108343885324],[-121.20317435305874,35.60998144267006],[-121.20222221396227,35.60890453027042]]]},"properties":{"id":"CSS-GEO-047","unit":"Qms/Tus","label":"Sedimentary bedrock, undivided","kind":"mixed","latitude":35.61253859256833,"longitude":-121.20547139185192,"area_km2":0.173,"source_id":"usgs-san-simeon","source_url":"https://pubs.usgs.gov/sim/3327/","publication_year":2015,"depth_qualified":false,"fishing_target":false}},{"type":"Feature","geometry":{"type":"Polygon","coordinates":[[[-121.31618785957866,35.645642341442],[-121.3159524770694,35.6453707054644],[-121.31548899937965,35.645305071046984],[-121.3147520944314,35.64478435088],[-121.31483042594685,35.644532086195454],[-121.31466303571791,35.64415406138764],[-121.31398495663147,35.644090900564905],[-121.31359396283071,35.64392441811837],[-121.31249499509478,35.64303243227957],[-121.31173306586403,35.64265818851768],[-121.30633440371345,35.638983395931675],[-121.30474567163243,35.63848178782746],[-121.30146254243454,35.63671435869652],[-121.30098360147129,35.636564486108604],[-121.30094589325572,35.636739733498025],[-121.29850679681336,35.63637396298815],[-121.28998292166794,35.63319961293525],[-121.28780892733403,35.632182799234826],[-121.28240697885086,35.63056165906713],[-121.28036486641014,35.62945490277281],[-121.27899309111902,35.62920101413838],[-121.27824229005235,35.62942450903916],[-121.2778900327604,35.62979426070161],[-121.28497068035573,35.63411202670288],[-121.28759051496921,35.63540436698793],[-121.28889121794943,35.635948220966775],[-121.29447676300687,35.6377610868036],[-121.29771319130332,35.63939988546976],[-121.29929944624945,35.64054797868491],[-121.30639740931923,35.6439733704153],[-121.31408429163518,35.64689249266506],[-121.32000029680476,35.65032105775306],[-121.32000026004732,35.65160968625724],[-121.31987012376216,35.651609677204426],[-121.31979056029266,35.651609671600355],[-121.3157291609714,35.649680423458555],[-121.31030885723801,35.647616467744356],[-121.29791830934892,35.64212268225117],[-121.2905953594494,35.63981602076761],[-121.28618943123134,35.638845265870664],[-121.28695637516117,35.63812322689846],[-121.28692090235603,35.63709195318323],[-121.2860682178518,35.63670504567458],[-121.28514122216552,35.63711358344906],[-121.28400860155521,35.63800659960767],[-121.2778669262879,35.63485270155728],[-121.27183461262642,35.63332524680333],[-121.26755925356133,35.63168079539813],[-121.2679447488633,35.631073260472185],[-121.26668283479665,35.6309943589709],[-121.26703705612658,35.630602385545096],[-121.26788702364941,35.63061870335081],[-121.26923147695629,35.630867017617675],[-121.269481138856,35.63067024325365],[-121.27005821549434,35.63073578033005],[-121.27055876742037,35.630284997967664],[-121.27059813162406,35.63008520020232],[-121.27020801831266,35.62947851029763],[-121.27038850247897,35.62923780555336],[-121.27114789898377,35.62897678817811],[-121.27096396861727,35.62840390833329],[-121.2725258127884,35.62840546695495],[-121.27383965068503,35.627346799170525],[-121.27437157756822,35.62662826444193],[-121.2742887101819,35.62622532010739],[-121.27459095674614,35.62619246285796],[-121.27421602526672,35.62587189144235],[-121.27404491352797,35.624072768744426],[-121.2732185789562,35.62096920679024],[-121.27218677954279,35.61911687983637],[-121.26832357338105,35.61439465756449],[-121.26620943024163,35.61305172420987],[-121.26365742507026,35.612139950542925],[-121.26106346170559,35.61151918946583],[-121.25724541357242,35.61134734293371],[-121.25606267661094,35.61153439506604],[-121.25439018380872,35.61124766628997],[-121.25258566312243,35.6104631587256],[-121.2509654191971,35.60941879571402],[-121.24816173247606,35.60893803762325],[-121.24765017777216,35.608719755960166],[-121.24599468038619,35.60834423510649],[-121.24464990004168,35.60818405455672],[-121.24289153457117,35.60726821590285],[-121.24192274695419,35.606972951606224],[-121.23877674594566,35.60655209775756],[-121.23790286988829,35.60585996812114],[-121.23572416658224,35.6046606089942],[-121.2344031420732,35.60456709373707],[-121.23279534451247,35.603524815455835],[-121.23204655862267,35.60347833719389],[-121.23024828864924,35.60307707717874],[-121.22908520879778,35.60249775068691],[-121.228890075884,35.60223720227156],[-121.2296391926157,35.602084263736856],[-121.23141278463582,35.602297769727656],[-121.23300918699952,35.602742895126504],[-121.23344197726556,35.60263213188854],[-121.2334151835721,35.602531002812505],[-121.23386146920038,35.602537546334815],[-121.23259288573153,35.601785922807984],[-121.2319386020237,35.60173898236515],[-121.23001014892745,35.60087163227363],[-121.22802651531654,35.59933516373418],[-121.22760104274973,35.59890252385865],[-121.22756324944233,35.59861335790462],[-121.22724786023828,35.59823049250698],[-121.22617758929904,35.597626712054144],[-121.22441647298886,35.597017686583925],[-121.22414808387487,35.59716366704299],[-121.22482375281004,35.59819803767604],[-121.22429188231176,35.59874906162952],[-121.21776451810592,35.60165084589784],[-121.21644656067453,35.602443389879554],[-121.21558548577936,35.60333649231902],[-121.21442882670982,35.60375642764306],[-121.21305250887671,35.60373597588274],[-121.21149298050072,35.60332333655464],[-121.21160566031976,35.60309182896006],[-121.21036030855578,35.603009452029006],[-121.20982656255902,35.60286649428826],[-121.21005994603672,35.602467788999384],[-121.20894079863804,35.60254780107175],[-121.20814138187934,35.60217779793548],[-121.20821294725185,35.601996675120816],[-121.20774321852599,35.60193911664319],[-121.2072485474832,35.60161956131448],[-121.2065317332041,35.60158432954574],[-121.20415668430356,35.600022109649025],[-121.20273098441852,35.59885304214441],[-121.19795796056452,35.59429354927069],[-121.19421457286522,35.59110973362564],[-121.19471009415204,35.59109587013222],[-121.1949802104103,35.59077075315865],[-121.19462235376305,35.59032173482665],[-121.19287280506933,35.5886496835419],[-121.19195192975127,35.58830670361305],[-121.19119480729776,35.58769425713217],[-121.19065559582559,35.586741602171216],[-121.19043145349418,35.58658080993269],[-121.19003808935493,35.586932688471194],[-121.19023199400358,35.58772292225618],[-121.18755240217774,35.58544417980881],[-121.18784179451926,35.58543672000451],[-121.18813534031345,35.58562718356287],[-121.18823365374256,35.585929203655226],[-121.18882429620055,35.586152755405465],[-121.18905262320392,35.58612756434819],[-121.18909699605892,35.58571319765038],[-121.1899961291057,35.586241921507394],[-121.19039895385814,35.58624797198914],[-121.19016856973762,35.58558618300144],[-121.18960027326925,35.58514830055753],[-121.1894325447613,35.58481661550726],[-121.18798653516974,35.58367858205138],[-121.18695904391161,35.583405518818154],[-121.18682313042402,35.58321742457972],[-121.18656139770667,35.58317055142591],[-121.18634695304151,35.582580551745544],[-121.18600314319498,35.582289146978525],[-121.18602637991705,35.58125906801036],[-121.18501087386369,35.580456644518804],[-121.18481532603647,35.58058250223873],[-121.18448258313232,35.580577489397704],[-121.1842639606535,35.58017347319518],[-121.18339672783122,35.57978830319084],[-121.18298862629989,35.578833839225545],[-121.18228103899422,35.57784521504252],[-121.1817021505406,35.57762180941386],[-121.17781376782911,35.577162380380386],[-121.17703884003697,35.57650337622577],[-121.17722728385014,35.57591657561163],[-121.176801489434,35.57538060927372],[-121.17628100694554,35.57515806070486],[-121.17542583975086,35.575131670689984],[-121.17427296857944,35.574151260020216],[-121.1753643493271,35.57385272841915],[-121.17625234755396,35.573317563044206],[-121.17621019536666,35.57260135088149],[-121.17490640805036,35.57111257726607],[-121.17514378233818,35.5706868269752],[-121.17553550459829,35.57040652763873],[-121.17683919032321,35.57071333226266],[-121.17712390110981,35.57087041624018],[-121.17786756885802,35.57178738379764],[-121.17870624895308,35.57189387915238],[-121.18023325406324,35.57180852605221],[-121.181939649762,35.57119952639076],[-121.18228470800464,35.57159033652529],[-121.18299632536309,35.57152148342902],[-121.18430916581039,35.571072983072106],[-121.18408707809066,35.57124786108362],[-121.18541537469525,35.57231939438713],[-121.1854201974611,35.57210559696804],[-121.18564188299,35.5719485333371],[-121.1860509889243,35.57218638395308],[-121.18632724754778,35.57251134565063],[-121.18625539881377,35.572795424090614],[-121.18601270910648,35.572916527794874],[-121.18622515610534,35.5731692403687],[-121.1865704545333,35.57333483920277],[-121.18692097607261,35.57326882360888],[-121.18888591677829,35.57513408312777],[-121.18923283366594,35.57522840907389],[-121.1899176059431,35.576789251408535],[-121.19030774662934,35.576902045583026],[-121.19083571883979,35.57767633920063],[-121.19085528887005,35.578745980576194],[-121.19242567771863,35.58046364220566],[-121.19220592093033,35.581834775086755],[-121.19189015167478,35.58260279269822],[-121.19159541355225,35.58262126804182],[-121.19182881709519,35.58346056326109],[-121.19232239971197,35.58394883580344],[-121.19301445780614,35.584337040261595],[-121.19342321419205,35.584858383847305],[-121.19409497532908,35.58490280132552],[-121.1947865353994,35.5853138866985],[-121.19521111896456,35.58575531716061],[-121.19577079811383,35.585798046539495],[-121.19584342247254,35.585684642058595],[-121.19554339463373,35.585313774286504],[-121.19450643606507,35.58467998358583],[-121.19351345838584,35.58333699188039],[-121.19414677314857,35.58322054380251],[-121.19391573258721,35.582409023122395],[-121.19421351136374,35.582151108358985],[-121.19586764193136,35.58260523171547],[-121.19643025389803,35.58225586568941],[-121.19611529152586,35.58067688334299],[-121.19467004933948,35.57872318239634],[-121.19371927978978,35.578088457303515],[-121.19318402843147,35.577052140629355],[-121.1919380235473,35.575653700743196],[-121.18739235274701,35.57132929043463],[-121.18690952707463,35.57109725708638],[-121.18770947923312,35.571030409028346],[-121.18854205158456,35.57141774988365],[-121.18903962339644,35.5713942249855],[-121.18962367523163,35.57090304499061],[-121.19002301425388,35.570159644953726],[-121.19043486518558,35.57025790028836],[-121.1909225200616,35.56988809277893],[-121.19135171190919,35.56974948583569],[-121.19113664829634,35.56905002075219],[-121.19020897168544,35.56767262860937],[-121.1891535105331,35.56645286469357],[-121.18856253782654,35.56589279617207],[-121.18778888727545,35.56556205633395],[-121.18683914691913,35.565551529355965],[-121.18634041930255,35.56563770865241],[-121.18590935223732,35.56609970352734],[-121.18482825631973,35.56658308977516],[-121.18448504709801,35.56654670618454],[-121.18418908214242,35.56610494469039],[-121.18377164337198,35.56597373935696],[-121.18334007750535,35.566466919476284],[-121.1839804387546,35.566882590494295],[-121.18405009829218,35.567164740518855],[-121.18393014428669,35.56741282395717],[-121.18354392333363,35.5675943898465],[-121.18197420468213,35.56769557191724],[-121.181453236086,35.56743330722892],[-121.18045219358697,35.56739145550849],[-121.17811049460263,35.56782449894064],[-121.1767378871446,35.56759104682341],[-121.17623982342967,35.56809698407987],[-121.17529008049078,35.56732583976408],[-121.17476446066829,35.56733219191492],[-121.17403586642133,35.56702061336247],[-121.17393632800147,35.5667758092665],[-121.17365877010593,35.56665711168476],[-121.17293148168305,35.56656471156611],[-121.17194631116833,35.56623968990215],[-121.17119868766743,35.56623339598864],[-121.17134689273809,35.56587785808839],[-121.1712344067835,35.565432494827185],[-121.17075487696096,35.5649529381528],[-121.16983957572548,35.56438089337306],[-121.16962491020325,35.56457799487493],[-121.16831147230515,35.56379953094868],[-121.16818532693628,35.56395503986035],[-121.1691307464902,35.564742226539174],[-121.16926203124626,35.56513063132527],[-121.16920064496617,35.56628893013177],[-121.16881671845509,35.566502261462944],[-121.16740163710675,35.5668340472949],[-121.16728303942047,35.568206978339944],[-121.16357929645861,35.565057291381486],[-121.16493166298105,35.564048380567755],[-121.16521387193599,35.56319398785375],[-121.16526208105205,35.56235988448109],[-121.16449491193431,35.56148645075211],[-121.16030321643582,35.55775349531387],[-121.16022989284043,35.557168739991006],[-121.15740644021696,35.556193877559295],[-121.15665876319983,35.556380266241796],[-121.15646148300499,35.556606673965604],[-121.15457998707205,35.55469162950696],[-121.15183472771766,35.55221661664521],[-121.14961069939416,35.54992843864527],[-121.14786654605086,35.54771915197983],[-121.14156502709076,35.54191546959018],[-121.13813336993638,35.53603059380609],[-121.13423948878518,35.530057208531765],[-121.17579181403556,35.530069268841416],[-121.17674000033513,35.53121000065479],[-121.1829900000194,35.536699999935216],[-121.19120000026386,35.541480000207464],[-121.1977100008107,35.54614999986441],[-121.20514000056009,35.5507800001685],[-121.21136000013078,35.553829999978774],[-121.21224333148467,35.55483372652951],[-121.21502420029437,35.56047973173085],[-121.21535000004013,35.56227000009528],[-121.21371570324199,35.56909510854333],[-121.21391390356874,35.57043912810091],[-121.21457000068881,35.57155000056399],[-121.2158936146598,35.57207619729062],[-121.21795472560214,35.572162822200795],[-121.24361196781597,35.564465649500185],[-121.24910000056654,35.56391000012666],[-121.25876000079143,35.5676599999412],[-121.26605000000266,35.571980000344425],[-121.27268000058561,35.57724000043974],[-121.2807100005276,35.58228000007905],[-121.28656000016343,35.58729000050238],[-121.29228000089034,35.59271000005774],[-121.29514000062905,35.59969000053956],[-121.30082000031797,35.60507000001761],[-121.31447999989038,35.61527000023083],[-121.32000094793909,35.61746153290436],[-121.32000037994472,35.647289225681504],[-121.31773002660945,35.64634451683864],[-121.31644895079116,35.645617733961004],[-121.31618785957866,35.645642341442]],[[-121.31657720306197,35.630558510181146],[-121.31677423993517,35.63028013117046],[-121.31662584807256,35.630059355532644],[-121.31616947299784,35.6299281822746],[-121.31597623634678,35.63001919925077],[-121.31596906254023,35.630362630897984],[-121.31657720306197,35.630558510181146]],[[-121.29745890037537,35.620807840987254],[-121.29725955070161,35.62028980208629],[-121.29679402865627,35.6199254276729],[-121.29618499303054,35.61971645073552],[-121.29566317894772,35.62035309403997],[-121.29670451665328,35.620840110299],[-121.29745890037537,35.620807840987254]],[[-121.30645849462475,35.61628340597118],[-121.30645123046014,35.61579670518917],[-121.30617661785934,35.6155209207537],[-121.30563193997746,35.61558481883345],[-121.3053434432224,35.61596717708742],[-121.30547848565426,35.616212376636575],[-121.30593103164742,35.61636185906134],[-121.30645849462475,35.61628340597118]],[[-121.27014894119782,35.606937831715506],[-121.27038959287059,35.60715596251613],[-121.27066959513645,35.60717429401364],[-121.27113198416947,35.607025621516925],[-121.27135595961913,35.60622526291966],[-121.27171342212932,35.605901224178766],[-121.27156898483288,35.605283749740515],[-121.2709306338313,35.604816615980134],[-121.27054460144623,35.60483969797861],[-121.27028890229276,35.60450685836215],[-121.27022652730848,35.60414817185582],[-121.26901892652361,35.603056280006804],[-121.26768367804914,35.60234773617458],[-121.26545335905254,35.60139651014484],[-121.26448406886546,35.601460859380985],[-121.26457743597216,35.60200604803596],[-121.26490194195455,35.602397136092684],[-121.26587185259618,35.60292632176213],[-121.26747848493456,35.604809953304915],[-121.26809868038512,35.60530546734544],[-121.26897370517554,35.60536097879008],[-121.27014894119782,35.606937831715506]],[[-121.27543826767099,35.60708522677794],[-121.27550525957001,35.60641353763866],[-121.27535925549084,35.60586760408462],[-121.27486440863805,35.60524511620215],[-121.2743812510861,35.60489471593508],[-121.27423587436765,35.6051359323033],[-121.27441721511836,35.60566806168213],[-121.2752139207098,35.60662031180513],[-121.27543826767099,35.60708522677794]],[[-121.2221463611703,35.5963678066591],[-121.22189578111131,35.59663066111147],[-121.22250344266295,35.596822882216905],[-121.22281040592402,35.59677743253089],[-121.22293900905859,35.59649611796719],[-121.2221463611703,35.5963678066591]],[[-121.21878305713105,35.59626815077455],[-121.21919234010076,35.596207563042235],[-121.21969793971505,35.5954820172603],[-121.21904693102475,35.59540575762823],[-121.21869402474489,35.5956837517709],[-121.21858321528246,35.5960819409124],[-121.21878305713105,35.59626815077455]],[[-121.21902460211528,35.59457245149421],[-121.2195325049902,35.594663256405504],[-121.21951506694394,35.59452972251569],[-121.21908909345622,35.59442346954641],[-121.21902460211528,35.59457245149421]],[[-121.21623297424632,35.59353158276266],[-121.2163656594702,35.593067081526016],[-121.21601269507967,35.592428794038],[-121.21526716465172,35.59201792528289],[-121.2151845489494,35.592982952510305],[-121.21497510670213,35.59322974195306],[-121.21361197142414,35.59307626251801],[-121.21318009092292,35.59323645339162],[-121.21331652383711,35.593521687874926],[-121.21573623076303,35.59385741765482],[-121.21623297424632,35.59353158276266]],[[-121.21778701639484,35.593354666363915],[-121.21722940634945,35.59274667491759],[-121.21651053691706,35.59205299593955],[-121.21604675921395,35.591812896637556],[-121.21618172194844,35.59216474435643],[-121.21755534525862,35.5936844296163],[-121.21790123074693,35.59372286527176],[-121.21778701639484,35.593354666363915]],[[-121.1992701565364,35.58854510241556],[-121.19994970589322,35.588712682931],[-121.2010669437632,35.58773970731915],[-121.20167422973704,35.58669926042134],[-121.20177620045358,35.586056762810585],[-121.20113774903672,35.585880265672344],[-121.19765289214472,35.58632909227564],[-121.19755493341363,35.58690225387703],[-121.19858688013979,35.587762066420744],[-121.1992701565364,35.58854510241556]],[[-121.19172957215753,35.58728725019805],[-121.19148533726114,35.587240650145475],[-121.19170433495611,35.587630347762826],[-121.19188372205747,35.58744430506033],[-121.19172957215753,35.58728725019805]],[[-121.17687276686934,35.56550360728265],[-121.17664806216962,35.5653714036873],[-121.17648723417882,35.56551208616103],[-121.17665843912862,35.565686414224395],[-121.1768682285645,35.56570389940989],[-121.17687276686934,35.56550360728265]],[[-121.1756781457303,35.56387759114458],[-121.17310212822917,35.5616202871564],[-121.17262367384056,35.56133185275648],[-121.172493027845,35.56091483798861],[-121.17204528295038,35.56057888407738],[-121.17162735773847,35.56047236460708],[-121.17066836272087,35.55953205640113],[-121.16980109107803,35.559161102351986],[-121.16762114071201,35.5600343762024],[-121.16755300826635,35.56046268541514],[-121.16923245694761,35.56106066721003],[-121.16977875571665,35.561426751881676],[-121.17132634655847,35.56269057295515],[-121.17323873387782,35.56460392267193],[-121.17473240194383,35.565676063703286],[-121.1755773920463,35.56546969268291],[-121.17614505230034,35.56517269399333],[-121.17636067749191,35.564675054019546],[-121.1756781457303,35.56387759114458]],[[-121.16838273551089,35.56451618904153],[-121.16825723935634,35.564643084936165],[-121.16851271373025,35.56496182059921],[-121.16884343560241,35.56505271471739],[-121.16886452625901,35.56489560814643],[-121.16838273551089,35.56451618904153]],[[-121.17462504902126,35.566528636022234],[-121.1744658393542,35.566597781916904],[-121.1748296474132,35.56677502978619],[-121.17495254083234,35.56676257937948],[-121.17499145434026,35.56659143092622],[-121.17462504902126,35.566528636022234]],[[-121.19133335843894,35.58554833267443],[-121.19129595836107,35.5853416850739],[-121.190507369879,35.58488332610435],[-121.19112319017992,35.58554517774405],[-121.19133335843894,35.58554833267443]],[[-121.19189792360406,35.58537361794983],[-121.19184651102579,35.585166761126835],[-121.19041743406059,35.58389734392286],[-121.19084543825517,35.58480825822822],[-121.19189792360406,35.58537361794983]],[[-121.18602592265115,35.579579478908194],[-121.18583456895544,35.57949155150734],[-121.18597200733802,35.57999175105475],[-121.18615041263429,35.57999443665671],[-121.18602592265115,35.579579478908194]],[[-121.18668527577894,35.57935856194931],[-121.18610100501823,35.578888086823866],[-121.1860242051449,35.57899627675491],[-121.18625358530902,35.57937636437646],[-121.18653030703992,35.57963566837715],[-121.18668527577894,35.57935856194931]],[[-121.18633395603199,35.57801858471207],[-121.1863893364496,35.578464979042565],[-121.18767122448037,35.578698135042885],[-121.18817482976264,35.57861659555195],[-121.18857260216267,35.57839088370616],[-121.18944279004566,35.57753066123025],[-121.18922871723713,35.577349220364184],[-121.18890199418712,35.577326487507335],[-121.18890841333543,35.5770414251682],[-121.18860390163658,35.57700120246136],[-121.18848964360569,35.577231176883714],[-121.18807689266956,35.57715368171474],[-121.18773879990343,35.5766673917638],[-121.18643232419825,35.5765586242331],[-121.18655473740064,35.576934737711554],[-121.18634761631812,35.57741282725418],[-121.18586743232689,35.577423421234],[-121.185642919245,35.57770520061847],[-121.18633395603199,35.57801858471207]]]},"properties":{"id":"CSS-GEO-048","unit":"Qmsf","label":"Fine-grained marine nearshore and shelf deposits","kind":"sediment","latitude":35.59020021749575,"longitude":-121.24205535477202,"area_km2":68.239,"source_id":"usgs-san-simeon","source_url":"https://pubs.usgs.gov/sim/3327/","publication_year":2015,"depth_qualified":false,"fishing_target":false}},{"type":"Feature","geometry":{"type":"Polygon","coordinates":[[[-121.27662321387102,35.56193177410809],[-121.30672425433912,35.584028812751114],[-121.32000107619682,35.594436280705274],[-121.32000094793909,35.61746153290436],[-121.31447999989038,35.61527000023083],[-121.30082000031797,35.60507000001761],[-121.29514000062905,35.59969000053956],[-121.29228000089034,35.59271000005774],[-121.28656000016343,35.58729000050238],[-121.2807100005276,35.58228000007905],[-121.27268000058561,35.57724000043974],[-121.26605000000266,35.571980000344425],[-121.25876000079143,35.5676599999412],[-121.24910000056654,35.56391000012666],[-121.24361196781597,35.564465649500185],[-121.21795472560214,35.572162822200795],[-121.2158936146598,35.57207619729062],[-121.21457000068881,35.57155000056399],[-121.21391390356874,35.57043912810091],[-121.21371570324199,35.56909510854333],[-121.21535000004013,35.56227000009528],[-121.21502420029437,35.56047973173085],[-121.21224333148467,35.55483372652951],[-121.21136000013078,35.553829999978774],[-121.20514000056009,35.5507800001685],[-121.1977100008107,35.54614999986441],[-121.19120000026386,35.541480000207464],[-121.1829900000194,35.536699999935216],[-121.17674000033513,35.53121000065479],[-121.17579181403556,35.530069268841416],[-121.21944092771156,35.53006651029463],[-121.22421494679789,35.53325689532465],[-121.24960359235314,35.54354507521075],[-121.27662321387102,35.56193177410809]]]},"properties":{"id":"CSS-GEO-049","unit":"Qmsl","label":"Marine slope deposits","kind":"sediment","latitude":35.57523961710806,"longitude":-121.28246155084433,"area_km2":31.299,"source_id":"usgs-san-simeon","source_url":"https://pubs.usgs.gov/sim/3327/","publication_year":2015,"depth_qualified":false,"fishing_target":false}},{"type":"Feature","geometry":{"type":"Polygon","coordinates":[[[-121.26220286060614,35.62991283737703],[-121.2632258672037,35.63039635483834],[-121.26321928155544,35.63070073238025],[-121.26275636520968,35.63088142395792],[-121.26250484192259,35.63057332206697],[-121.26216018852125,35.630591770573886],[-121.26116786218557,35.631373761101166],[-121.26133232913025,35.63172745073648],[-121.26195262785775,35.63222824598791],[-121.26261124155286,35.632284591165245],[-121.26316428154887,35.632190333808175],[-121.2631690413213,35.632292994015174],[-121.26346665348542,35.632311597352704],[-121.26350665658478,35.63208318921924],[-121.26336425141842,35.632063645476904],[-121.26394771782984,35.631507550334106],[-121.26565041811614,35.63104024140958],[-121.26642728242375,35.630934321469276],[-121.26697352116213,35.63106265005429],[-121.26521213517712,35.63140866558897],[-121.26494845538865,35.63166249773697],[-121.26514060751539,35.63206342401124],[-121.26444571947509,35.63235788428117],[-121.26277571774409,35.63263827902548],[-121.26216837565973,35.63286372648059],[-121.26170088071167,35.63325513632817],[-121.26174657747555,35.633794479140114],[-121.26213288841879,35.634502684570684],[-121.26287466993543,35.63473027158701],[-121.262747638112,35.63526102625848],[-121.26211818573026,35.63518168099333],[-121.2611849181316,35.634559263915314],[-121.26079404809123,35.63406177832288],[-121.25996917640595,35.63241039302576],[-121.25973415601125,35.632664628420905],[-121.25901208758482,35.63288840190516],[-121.25858290967139,35.63283535489073],[-121.2585029665965,35.63255314715694],[-121.2589120980355,35.632207747897375],[-121.25943086663632,35.63209814178704],[-121.25963872946234,35.63177325131826],[-121.25998592597995,35.631637742754826],[-121.2607310794871,35.63167192709994],[-121.26089070894724,35.6309247603619],[-121.26133275508502,35.6301265792119],[-121.26147021652447,35.63039444400261],[-121.26178213383109,35.63056289326332],[-121.26220286060614,35.62991283737703]]]},"properties":{"id":"CSS-GEO-050","unit":"Qmss","label":"Marine shelf sorted bedforms","kind":"sediment","latitude":35.63251710407458,"longitude":-121.26168210627829,"area_km2":0.101,"source_id":"usgs-san-simeon","source_url":"https://pubs.usgs.gov/sim/3327/","publication_year":2015,"depth_qualified":false,"fishing_target":false}},{"type":"Feature","geometry":{"type":"Polygon","coordinates":[[[-121.25886033782865,35.645853897090454],[-121.25875738791972,35.645548288391446],[-121.25859601704157,35.64549005911598],[-121.25919924490228,35.645421326293594],[-121.25883420106831,35.64637630740197],[-121.25902381378873,35.6468943097148],[-121.25900907808665,35.64757330361604],[-121.25874583214853,35.647803706424924],[-121.25794875364825,35.64751112591751],[-121.25856609766076,35.648152421159075],[-121.25855898172045,35.64848021189487],[-121.25861597814894,35.64901218577477],[-121.25829953373291,35.64905054327791],[-121.25793920358373,35.64868754183049],[-121.25784998686643,35.64809522031783],[-121.25743039130207,35.64759730946724],[-121.25623733182658,35.64704135574516],[-121.2558819169498,35.64755146835458],[-121.25567493678858,35.64753470125543],[-121.25602713008912,35.64713671328943],[-121.25561356197717,35.647005496169065],[-121.2556170618307,35.64684454217951],[-121.25634941866092,35.64642580350421],[-121.2566972548389,35.64655606642365],[-121.25750986320304,35.64647838155005],[-121.25782320348733,35.64617879478712],[-121.25886033782865,35.645853897090454]]]},"properties":{"id":"CSS-GEO-051","unit":"Qmss","label":"Marine shelf sorted bedforms","kind":"sediment","latitude":35.647337505725844,"longitude":-121.25792646850498,"area_km2":0.047,"source_id":"usgs-san-simeon","source_url":"https://pubs.usgs.gov/sim/3327/","publication_year":2015,"depth_qualified":false,"fishing_target":false}},{"type":"Feature","geometry":{"type":"Polygon","coordinates":[[[-121.25997358826986,35.647858265716906],[-121.26037425532147,35.64797854728387],[-121.26044964233101,35.64773634063142],[-121.26078608927925,35.64758377324831],[-121.26122801470692,35.64741841750607],[-121.26201864087976,35.647343962913475],[-121.26150474460462,35.647594151599264],[-121.26129471605742,35.64757680742714],[-121.26093391837765,35.64804387797029],[-121.26028722925336,35.649565871761666],[-121.26051680584352,35.650299076753605],[-121.26026954205179,35.65038137424739],[-121.25995712754744,35.650233743717095],[-121.25955506373364,35.649369240049474],[-121.25915718670048,35.649120192431134],[-121.2592547640354,35.64866363386343],[-121.25855898172045,35.64848021189487],[-121.25901464486373,35.64841686553973],[-121.2596396207508,35.64789637359339],[-121.25997358826986,35.647858265716906]]]},"properties":{"id":"CSS-GEO-052","unit":"Qmss","label":"Marine shelf sorted bedforms","kind":"sediment","latitude":35.64890173721204,"longitude":-121.2598856116931,"area_km2":0.031,"source_id":"usgs-san-simeon","source_url":"https://pubs.usgs.gov/sim/3327/","publication_year":2015,"depth_qualified":false,"fishing_target":false}},{"type":"Feature","geometry":{"type":"Polygon","coordinates":[[[-121.25473840571102,35.649994095630106],[-121.25461551184205,35.65036704830605],[-121.2547850791745,35.65048661081853],[-121.25482614941049,35.651236676035346],[-121.25526663127272,35.65161123583271],[-121.25451250075066,35.65161110857327],[-121.25401366068864,35.65161102179769],[-121.25376079956692,35.65056546745818],[-121.25379400125266,35.65004715611313],[-121.25439220842694,35.649751710765564],[-121.25458310343417,35.64921895401426],[-121.2549303857451,35.64908346279933],[-121.25530227655719,35.64913569379206],[-121.2556336001867,35.64841444529158],[-121.25615349638913,35.648258029749265],[-121.25596611400357,35.648957943508506],[-121.25473840571102,35.649994095630106]]]},"properties":{"id":"CSS-GEO-053","unit":"Qmss","label":"Marine shelf sorted bedforms","kind":"sediment","latitude":35.649872213292674,"longitude":-121.25451770787244,"area_km2":0.027,"source_id":"usgs-san-simeon","source_url":"https://pubs.usgs.gov/sim/3327/","publication_year":2015,"depth_qualified":false,"fishing_target":false}},{"type":"Feature","geometry":{"type":"Polygon","coordinates":[[[-121.22268118167324,35.606477756833236],[-121.2220880746,35.60635451264445],[-121.22222463525189,35.60572682055051],[-121.22213218693643,35.60515299382819],[-121.22219107380172,35.60486763257026],[-121.22242356247642,35.60465638968805],[-121.22403905364065,35.60450847831117],[-121.22429613790578,35.604769875426946],[-121.22406460346356,35.604938201494484],[-121.22403032411397,35.60569620756807],[-121.22356155251644,35.606290381279194],[-121.22268118167324,35.606477756833236]]]},"properties":{"id":"CSS-GEO-054","unit":"Qmss","label":"Marine shelf sorted bedforms","kind":"sediment","latitude":35.60542499707514,"longitude":-121.22310787705763,"area_km2":0.032,"source_id":"usgs-san-simeon","source_url":"https://pubs.usgs.gov/sim/3327/","publication_year":2015,"depth_qualified":false,"fishing_target":false}},{"type":"Feature","geometry":{"type":"Polygon","coordinates":[[[-121.2231480992743,35.608020930477636],[-121.22366033862733,35.60657806831251],[-121.22440150575605,35.60634569930453],[-121.22557937442008,35.60617700504344],[-121.22615212570706,35.60642873605127],[-121.22576323530625,35.60658043572942],[-121.22630537310286,35.606631353842715],[-121.22574419365077,35.60686347470425],[-121.22571940758348,35.60719227550026],[-121.22545219764824,35.60738870169432],[-121.22473233632849,35.60744965283367],[-121.22433255991604,35.60730064460185],[-121.2231480992743,35.608020930477636]]]},"properties":{"id":"CSS-GEO-055","unit":"Qmss","label":"Marine shelf sorted bedforms","kind":"sediment","latitude":35.60701152461975,"longitude":-121.22462203240957,"area_km2":0.027,"source_id":"usgs-san-simeon","source_url":"https://pubs.usgs.gov/sim/3327/","publication_year":2015,"depth_qualified":false,"fishing_target":false}},{"type":"Feature","geometry":{"type":"Polygon","coordinates":[[[-121.24226248713073,35.61601459087675],[-121.24202096632354,35.61503787856818],[-121.24076821263918,35.61319364393303],[-121.24124726946708,35.6131310488839],[-121.24143811574909,35.61321970541926],[-121.24162332367884,35.61356588627413],[-121.24182137438936,35.61332548091894],[-121.24159830539124,35.613107550685974],[-121.24083147963385,35.612910304127915],[-121.24064750064315,35.61304694169323],[-121.2397711978419,35.61292984592103],[-121.23811189105588,35.61305259961388],[-121.23815159815128,35.612243591738974],[-121.23783723133535,35.611394610624],[-121.23754817953863,35.61098965774891],[-121.23701353907268,35.61059542166499],[-121.23749034244301,35.610430660492085],[-121.23746032546168,35.61020123571597],[-121.23661002275885,35.609816690327854],[-121.23736368301452,35.609813409074626],[-121.2369488815975,35.60909728792315],[-121.23679621006947,35.609318510856],[-121.23557392531255,35.6091145639012],[-121.23527334483502,35.608437516663066],[-121.23501518667156,35.60902050939226],[-121.23539275826906,35.60938382941591],[-121.23446547927848,35.609312996180655],[-121.23325452764398,35.60859397569817],[-121.23292103056929,35.60861770709808],[-121.23296823886831,35.60886169568162],[-121.23369744945293,35.60917293329878],[-121.23362328195545,35.609357895723996],[-121.23393831999046,35.60937682640341],[-121.23383005731898,35.60951835538153],[-121.23407375866053,35.609593485911574],[-121.23474296219798,35.60944586662196],[-121.23388854870942,35.610432600753164],[-121.2346204071862,35.61050264376309],[-121.23489268818383,35.610641539107],[-121.23506178654794,35.610464143122336],[-121.23548415646226,35.61045534135507],[-121.23539668825039,35.61025919778802],[-121.23499793571632,35.61002851461274],[-121.23584464649836,35.60992100197631],[-121.2361549431085,35.610000493303716],[-121.23609397284513,35.61026941022899],[-121.23621649712202,35.610541014000994],[-121.23665195536624,35.61077223053031],[-121.2370270375935,35.612081800647594],[-121.23748052669477,35.61232826764468],[-121.23757731173541,35.61293675619423],[-121.23794731737601,35.613095548388756],[-121.23732550344587,35.613366363660205],[-121.2371437050295,35.61366424631718],[-121.23672984023236,35.61371005550034],[-121.23613530050507,35.6134028046846],[-121.23570422993171,35.61351021576931],[-121.23589055476967,35.613266643023366],[-121.23588401484191,35.61291959693508],[-121.23656097687429,35.61324415395561],[-121.23657775470188,35.612479939155385],[-121.23634775798168,35.61208684648602],[-121.2354126501587,35.611203764920326],[-121.23530345344261,35.61199660459756],[-121.2353889490942,35.612282656136024],[-121.23564321640029,35.61240629648595],[-121.23554615021106,35.612620043519456],[-121.23472391726015,35.61292038640784],[-121.23437822844957,35.61270064601749],[-121.2339359123799,35.61209307671004],[-121.23374598815528,35.61179465142357],[-121.23375359078887,35.611524206916734],[-121.23344152208439,35.61112199646297],[-121.23325667843004,35.611581070585395],[-121.23291449816736,35.61151994567201],[-121.23286296080255,35.61112261919175],[-121.23299331465942,35.610908617098126],[-121.232743421869,35.61031817663865],[-121.23257165191377,35.61081366706101],[-121.23179427811901,35.610659126154644],[-121.23068936835283,35.610226802404824],[-121.23046251630457,35.60964067241005],[-121.23031731703408,35.6098675246868],[-121.23036289661893,35.61005647265918],[-121.23000928242921,35.60974559485917],[-121.22957566524752,35.609613910537995],[-121.22929742525454,35.60864745448022],[-121.22862237262146,35.608265429258616],[-121.22811320302827,35.60751374077015],[-121.22718737760447,35.60658417998843],[-121.22677810156966,35.606605976895416],[-121.22704527089971,35.60645619586304],[-121.22821714204588,35.60655930648695],[-121.22766995335469,35.60673730797685],[-121.22829716433117,35.606903960971664],[-121.22896858081927,35.6077194641916],[-121.22879985266506,35.60715464998496],[-121.22798323792078,35.60604065013828],[-121.22854510083413,35.605991667581264],[-121.22992769069529,35.606870684458706],[-121.22974790724501,35.60628126895688],[-121.230738415313,35.60586647360619],[-121.231298071181,35.60591762649524],[-121.2317125395756,35.60619563029703],[-121.23179383616997,35.60648305524169],[-121.23223306851855,35.60643225542531],[-121.23268572682784,35.6065677009693],[-121.23250392797725,35.606865576890314],[-121.23290434797624,35.60698594363422],[-121.23444759615464,35.60693701401999],[-121.2346699989314,35.607183569618066],[-121.2350745099567,35.607117939096455],[-121.23610373878009,35.60733337651529],[-121.23569734220456,35.60748485213935],[-121.23574110237941,35.60788621716305],[-121.2360558212602,35.6079194490994],[-121.23604458473619,35.607633052776876],[-121.23683357671293,35.60761598036913],[-121.23573167658421,35.60831542629854],[-121.23572790621823,35.60848710958306],[-121.23642962386106,35.60845445016188],[-121.23683068613019,35.60854619032096],[-121.236913887154,35.60874777060518],[-121.2371900770481,35.608765098238116],[-121.23699212821228,35.608376814651855],[-121.23748361261637,35.60834107204759],[-121.23768542692623,35.60792898889398],[-121.23840371858344,35.607939494997886],[-121.23781334292588,35.60848901143328],[-121.23762935995533,35.60888704408656],[-121.23767626998603,35.6091453390992],[-121.2377757379173,35.60940440206731],[-121.23827758228511,35.6088965259177],[-121.238605433106,35.60913030587411],[-121.23871771844803,35.60960422963147],[-121.23804412673525,35.609952167642795],[-121.23824683373336,35.610298610412556],[-121.23806661403611,35.610524960119385],[-121.23831341045106,35.61125845930379],[-121.23862029978487,35.61164935967825],[-121.23933298034312,35.611917387338146],[-121.23905238738259,35.611126149022844],[-121.23949258247123,35.61103240247531],[-121.23972441748545,35.61084973951894],[-121.23932804495345,35.6105434041822],[-121.23889573865804,35.60947802754198],[-121.23883197834111,35.6083894158677],[-121.23927592019831,35.608123985128486],[-121.23928156428991,35.60786645969201],[-121.239720487198,35.60782993963006],[-121.24082012975613,35.60803205344473],[-121.24146302123359,35.60828473754749],[-121.2417276916006,35.60820273071674],[-121.2419876640958,35.60833532990903],[-121.24196482223262,35.60857829303365],[-121.24151336896507,35.60918710233731],[-121.24208995142442,35.6092670756402],[-121.24176802205446,35.60956291990257],[-121.24174142127575,35.609977567608226],[-121.24138476130074,35.61025859316531],[-121.24106815198722,35.61031121672148],[-121.24046088272061,35.61083187618228],[-121.24049310212105,35.61096115164333],[-121.24106781524783,35.61112697197818],[-121.24082065451819,35.61120923198845],[-121.24081846125031,35.61130938079793],[-121.24190658371366,35.61123939757285],[-121.24130244485744,35.61161699138531],[-121.24223289052344,35.61154470306887],[-121.24175045238744,35.61196700959558],[-121.24154146318813,35.61190671272353],[-121.24104557189607,35.61214276891448],[-121.24076891884846,35.61244200198211],[-121.24129828756202,35.61240190400424],[-121.24097978872979,35.61254036888255],[-121.24104705019005,35.612670154994],[-121.24298993326573,35.61278438025905],[-121.24373173545689,35.61332472642311],[-121.24468597323734,35.612966534310225],[-121.24496348644234,35.6130993819667],[-121.24522506646147,35.61209156461399],[-121.24451670901959,35.612692147202594],[-121.24411467921519,35.612643352860985],[-121.24352493100551,35.61236283521563],[-121.24390161480765,35.61196760291469],[-121.24412906564935,35.61198523015969],[-121.24425483424376,35.611843946922555],[-121.24405272275992,35.611468900406976],[-121.24407774984445,35.611125786969666],[-121.24514020366446,35.61062605254996],[-121.24626429161191,35.61051361808363],[-121.24648892827872,35.61066000482998],[-121.24575059085198,35.610763747204054],[-121.24503697568078,35.611340127561284],[-121.24491058405808,35.61151002569562],[-121.24521746902751,35.611808305058446],[-121.24517651219907,35.611370783508605],[-121.24619642621556,35.611213898413986],[-121.24626931757759,35.61108615558251],[-121.24609724123064,35.61094053372171],[-121.24685122753664,35.610922886379015],[-121.24713997663353,35.61054067528306],[-121.2477550471605,35.61046375445107],[-121.24689379579543,35.61138147685094],[-121.24634382905734,35.61248977605116],[-121.24597402662778,35.61257026111947],[-121.24581040697704,35.61283979897113],[-121.24573313861261,35.61316783951058],[-121.245964678132,35.61380092161617],[-121.24595124311305,35.61441612375283],[-121.24502453184014,35.61511820484262],[-121.2449234838681,35.615732130097626],[-121.2450752343837,35.616006261451446],[-121.24475141147643,35.616387955768694],[-121.2447411295503,35.61662699403372],[-121.24367745947394,35.61635218918964],[-121.24368950201068,35.61605762178097],[-121.24332906865476,35.615708887778375],[-121.24322138429973,35.61630960925583],[-121.24260883961647,35.61620569470705],[-121.24226248713073,35.61601459087675]],[[-121.24485274945712,35.614156826149305],[-121.24486306645062,35.61368469433117],[-121.24468097072584,35.613195446280486],[-121.24397264323082,35.6135286003897],[-121.24369575744082,35.61416858512587],[-121.24404836610901,35.61487499270063],[-121.24447763073357,35.615281973969445],[-121.24485274945712,35.614156826149305]],[[-121.2426620270635,35.61495495571673],[-121.24300681116864,35.61521759412926],[-121.24298272379725,35.61471633776504],[-121.24254377437713,35.61395142040529],[-121.24276153391432,35.61361111930532],[-121.24257851216089,35.613164790287755],[-121.24206009986139,35.61282806006306],[-121.2419186844045,35.612883242354364],[-121.24222966781362,35.61308814248991],[-121.2422421787299,35.61331731072487],[-121.24256880801988,35.61360830760652],[-121.24227877249115,35.614047734514074],[-121.24227313670227,35.614305261002094],[-121.2426620270635,35.61495495571673]],[[-121.23721077664298,35.608795050162676],[-121.23705143438399,35.60900640521525],[-121.23718572253694,35.60913816149733],[-121.23721077664298,35.608795050162676]],[[-121.23447311396133,35.60816818322032],[-121.23415870941672,35.608120640210956],[-121.23459952163228,35.607998296432434],[-121.23498368868589,35.6080611720067],[-121.23456048307143,35.60738232716028],[-121.23435308263333,35.607250483584785],[-121.23387377749243,35.60752968821825],[-121.23386968872634,35.60771567918201],[-121.2340946075986,35.60784778039649],[-121.23382678715647,35.60807283864752],[-121.23373132604684,35.60842922833567],[-121.23452181091,35.609142083344025],[-121.23496765772919,35.6087908274686],[-121.23495485339889,35.60857596676338],[-121.23481784100706,35.60843084284293],[-121.23471083873963,35.60851514408406],[-121.23447311396133,35.60816818322032]],[[-121.2321481772289,35.60949368425234],[-121.23203687452707,35.60897683473025],[-121.23171565743085,35.608442591464],[-121.2315044798225,35.60848242595988],[-121.23170432042471,35.60895764107562],[-121.23141739421874,35.60925397186779],[-121.23137511061695,35.6095825171293],[-121.23155554238224,35.61014331664124],[-121.2321481772289,35.60949368425234]],[[-121.22999529578131,35.60857475338995],[-121.22922584573016,35.60770475164178],[-121.22926232056668,35.60843517656402],[-121.22949813234595,35.60886798934009],[-121.22998111063174,35.60921856455879],[-121.22999529578131,35.60857475338995]],[[-121.23008995863665,35.607459842331274],[-121.22962545490414,35.60706660451892],[-121.2294827806483,35.607179000785784],[-121.22947584410124,35.607493752467136],[-121.22969728687676,35.607783238418115],[-121.23021624372194,35.60809140681576],[-121.23021151606952,35.60830601028938],[-121.23036792883175,35.608365554263855],[-121.23044241786134,35.608166287103494],[-121.23008995863665,35.607459842331274]],[[-121.23102401916317,35.60801740150781],[-121.23126771422461,35.60809253844556],[-121.23122921082461,35.608249399944604],[-121.23143881203164,35.60828110043815],[-121.23156396640957,35.60816844556431],[-121.23132657144971,35.60780717108027],[-121.23102811454085,35.607831411740506],[-121.23102401916317,35.60801740150781]]]},"properties":{"id":"CSS-GEO-056","unit":"Qmss","label":"Marine shelf sorted bedforms","kind":"sediment","latitude":35.61119468773744,"longitude":-121.23444946529321,"area_km2":0.619,"source_id":"usgs-san-simeon","source_url":"https://pubs.usgs.gov/sim/3327/","publication_year":2015,"depth_qualified":false,"fishing_target":false}},{"type":"Feature","geometry":{"type":"Polygon","coordinates":[[[-121.24610523039966,35.61619300218538],[-121.24697910346863,35.61630590432801],[-121.24703603880401,35.61610637118929],[-121.24779413040818,35.61590272724459],[-121.24899996981138,35.61606337891174],[-121.24822810189673,35.616095090538515],[-121.24757139028361,35.616471950853715],[-121.24788490037632,35.61656238098258],[-121.24857509365492,35.61625756358038],[-121.24895868893043,35.61634900997077],[-121.24906069691268,35.616493609328195],[-121.24888361188015,35.61657690434965],[-121.24856978959522,35.616500783823504],[-121.24825034973155,35.616682188789916],[-121.24760143786082,35.61670137287024],[-121.2470848890385,35.61708026949005],[-121.24792622766977,35.617078198986476],[-121.2477835586291,35.61719061606424],[-121.24902976291214,35.61710855750573],[-121.2482835657073,35.61756999003238],[-121.24886052699729,35.61763562568206],[-121.24913340634588,35.618313968367254],[-121.24954298923493,35.618489929189266],[-121.24978891618319,35.61846487983631],[-121.24961681797528,35.61831926344547],[-121.25012806388158,35.61818357540207],[-121.25105795659788,35.618139834957596],[-121.25066936487782,35.61827730839798],[-121.25078858835506,35.618436467008685],[-121.25231235461371,35.61848720930867],[-121.25252043564414,35.61859040927606],[-121.25155393599276,35.618705187368235],[-121.25116627698168,35.618799741240906],[-121.25118161776848,35.61890014488389],[-121.25198108055169,35.61921229349002],[-121.25308464820979,35.61924261571348],[-121.2541545209338,35.6200166416422],[-121.25388883918357,35.62009292338438],[-121.25276211346903,35.61958782282227],[-121.25153713394414,35.61949848894452],[-121.25113693334683,35.61936387479377],[-121.2477119500186,35.61768257598961],[-121.24523796626113,35.61700253886259],[-121.24485497512465,35.61646102261713],[-121.24584743505419,35.616761711052796],[-121.24605331570197,35.616965071754635],[-121.24630486327672,35.61668250250545],[-121.24627263253099,35.61655322928576],[-121.24587401841342,35.61634706234566],[-121.24625917274201,35.616366982252366],[-121.24610523039966,35.61619300218538]]]},"properties":{"id":"CSS-GEO-057","unit":"Qmss","label":"Marine shelf sorted bedforms","kind":"sediment","latitude":35.61789915021777,"longitude":-121.24855490341231,"area_km2":0.063,"source_id":"usgs-san-simeon","source_url":"https://pubs.usgs.gov/sim/3327/","publication_year":2015,"depth_qualified":false,"fishing_target":false}},{"type":"Feature","geometry":{"type":"Polygon","coordinates":[[[-121.24623076481564,35.63356952376707],[-121.24606533749932,35.63326264216668],[-121.24544352328718,35.63547910033708],[-121.24463437026793,35.635432498356664],[-121.24449271554782,35.63528253406336],[-121.24484646590174,35.63521224282739],[-121.24417965203381,35.63421884274046],[-121.24387428857462,35.63466539956236],[-121.24373385736777,35.63452489828333],[-121.24381214832799,35.63416917102392],[-121.24318058313808,35.63368778498297],[-121.23911844235319,35.63164886248171],[-121.2387853417154,35.6317084856869],[-121.23733043199583,35.6312470276043],[-121.23636698583358,35.631215032719766],[-121.2362192590072,35.63130801837314],[-121.2362218404432,35.63053929857621],[-121.23553451285316,35.63010643047073],[-121.2364382066257,35.629831408912004],[-121.23770004894324,35.62984988024467],[-121.23866791837297,35.63019193185663],[-121.23990519716584,35.63002265331566],[-121.24061959032669,35.63015019658829],[-121.24102416599459,35.6300155812892],[-121.24100266998933,35.629687373753015],[-121.24037842084765,35.62937378319213],[-121.24059148346633,35.62881479311472],[-121.24122291196801,35.6288005955668],[-121.24194447433024,35.62860034189037],[-121.243055243822,35.62765629319077],[-121.2430951946537,35.627141614419735],[-121.24350282478177,35.626866508945604],[-121.24497355677417,35.62651321494591],[-121.24640127937164,35.626815062841764],[-121.24682019034,35.627336422628545],[-121.24765234873637,35.62732511210354],[-121.24836673234154,35.62745260912857],[-121.2490585682666,35.62729872265194],[-121.25019086992326,35.627994387949215],[-121.25099333831878,35.62802946481148],[-121.251400437159,35.62777774593101],[-121.25141114671761,35.6272860604551],[-121.25071155499776,35.62647958821534],[-121.25072175810527,35.62601131674916],[-121.25080535023157,35.62580610837111],[-121.25129662114372,35.62571337800355],[-121.252261337179,35.625684446666405],[-121.25329147684349,35.6258711305585],[-121.25373494750454,35.62643571265294],[-121.25469687294235,35.626535525389365],[-121.2570094846075,35.62739908804254],[-121.25814511170053,35.6275729449346],[-121.25985164919445,35.628309851262614],[-121.25932870599871,35.62860693519903],[-121.25923404121359,35.62900372481246],[-121.26039947582684,35.62963185234563],[-121.259733211463,35.630191756217314],[-121.25915764308293,35.62988090823881],[-121.25873660606523,35.629453243229904],[-121.25728163158828,35.62908088301036],[-121.25732373934099,35.62978412226739],[-121.25749123678366,35.62999733446976],[-121.25803104917136,35.63023935364784],[-121.25846173785033,35.630222161121374],[-121.25877800566563,35.63034243911502],[-121.25799006777711,35.631070206439404],[-121.25765862542966,35.63047988687123],[-121.2573819225682,35.63265403572779],[-121.25706805433006,35.632613844127626],[-121.25710478678484,35.63220502593658],[-121.25667783866895,35.63247387758354],[-121.25657505481728,35.63241238845436],[-121.25620250097111,35.632800910309264],[-121.25598546414811,35.63354723861163],[-121.2552440368578,35.63466070600285],[-121.25446203121103,35.63500068813016],[-121.25424379362119,35.63448226263303],[-121.25376845708169,35.633913268137356],[-121.25344278701606,35.6343769646961],[-121.25301054678151,35.634464378584205],[-121.2526803966384,35.63489601053873],[-121.25167529296561,35.63415796996806],[-121.25068439704978,35.634748670590405],[-121.25057488400599,35.63469114896283],[-121.25049486233424,35.63405312325097],[-121.25002271058166,35.63465520731547],[-121.24970824958535,35.634603795572055],[-121.24918077014213,35.63511138857423],[-121.24895899101786,35.634756849822615],[-121.24803975000309,35.63612531613376],[-121.24798602283357,35.63727215993809],[-121.2477194037074,35.637267436799675],[-121.24752336137797,35.636601609050935],[-121.24672403726397,35.636117208376106],[-121.24684283511259,35.635756583104055],[-121.24656366809135,35.634089631830214],[-121.24623076481564,35.63356952376707]],[[-121.24648534060803,35.63339555712345],[-121.24662960278658,35.63321160790248],[-121.2464224304086,35.63306547533838],[-121.24616445072596,35.633101089427164],[-121.24613088192744,35.63338423267485],[-121.24648534060803,35.63339555712345]],[[-121.24712908474928,35.63447259849677],[-121.24731297177388,35.63524816610076],[-121.24756956175271,35.63532216238153],[-121.24749425694326,35.63482922734349],[-121.24802225591061,35.63429822808977],[-121.24873006022918,35.63473010044796],[-121.24882836166269,35.63416942668599],[-121.24794586800834,35.63254054578024],[-121.24812074294927,35.632360304423074],[-121.24855636355402,35.63248113278034],[-121.24840925539782,35.631992400584274],[-121.24767259659264,35.632010307016174],[-121.247562653649,35.63229234668054],[-121.24746496477677,35.63222907590529],[-121.24712750685157,35.63323126544418],[-121.24712908474928,35.63447259849677]],[[-121.24969926942964,35.63312745794559],[-121.24997311634635,35.633431979725515],[-121.25039714641144,35.63328071411994],[-121.25036739851868,35.63303698510543],[-121.25058112688133,35.63288266326945],[-121.25039116073623,35.632751099818364],[-121.25007415393259,35.63281805149079],[-121.24969926942964,35.63312745794559]],[[-121.25096068445073,35.63235864894222],[-121.25100321591457,35.63201578904633],[-121.25076098903465,35.63186915566022],[-121.25039172405039,35.63192103764273],[-121.25024809651948,35.63207637772906],[-121.25067717109916,35.632497646306064],[-121.25096068445073,35.63235864894222]],[[-121.2542406151684,35.6322774361581],[-121.2546214934818,35.63249762987322],[-121.25528867991774,35.63245005140272],[-121.25492905835388,35.6320584284337],[-121.25438361437685,35.632150704273805],[-121.2542406151684,35.6322774361581]],[[-121.25601031503734,35.63081905429278],[-121.25602932916964,35.631264328039975],[-121.25627879344138,35.631666096895295],[-121.25673511851045,35.631789808140844],[-121.25705262319293,35.6317007201074],[-121.25683234175953,35.631275953861554],[-121.25694380050405,35.630106517490326],[-121.2566349466152,35.6297975738602],[-121.25662528506619,35.63024243341856],[-121.25601031503734,35.63081905429278]],[[-121.24923588595067,35.62945696340447],[-121.24897239988884,35.62948175581793],[-121.24901904263061,35.629754353925875],[-121.24924498506178,35.629843507886164],[-121.2494915710031,35.629789846187386],[-121.24923588595067,35.62945696340447]],[[-121.25071071657169,35.629349590516426],[-121.25077644812166,35.62955090672265],[-121.25122615365282,35.62982935766515],[-121.25154221172622,35.62980532358233],[-121.25142421739966,35.629588936540195],[-121.25071071657169,35.629349590516426]],[[-121.25483499645381,35.6283217447162],[-121.25460220812033,35.62854735690018],[-121.25480876263232,35.6287220887605],[-121.25477060431666,35.628864652164296],[-121.25393069732218,35.62879523184965],[-121.25375234446119,35.62893576136449],[-121.25406559912018,35.629040483830906],[-121.25421615888926,35.62937183279752],[-121.25444397308694,35.62937513493919],[-121.25460666709617,35.629148507303576],[-121.25534683136826,35.62977463014761],[-121.2555768232013,35.62967778089012],[-121.25503657505867,35.62872538972966],[-121.25511071357909,35.62854041378896],[-121.25537637171647,35.62841545849343],[-121.25537948100896,35.62827238715556],[-121.25483499645381,35.6283217447162]],[[-121.25373367858012,35.62865475459122],[-121.25374488349459,35.62813965551133],[-121.25340737019368,35.62783028822923],[-121.25303456001467,35.627824881049435],[-121.25270381583896,35.628522712548595],[-121.25327228169725,35.62876516850346],[-121.25373367858012,35.62865475459122]],[[-121.24405064034013,35.630097049377426],[-121.24373739579698,35.62999230112542],[-121.24374897363639,35.63026438965415],[-121.24416767632172,35.63035636394364],[-121.24440613233153,35.630674694527634],[-121.24456729251186,35.63051961616347],[-121.24440206311006,35.63005923820574],[-121.24451221407163,35.629831859601246],[-121.2443760891113,35.62964382466347],[-121.24414921420637,35.62959758259743],[-121.24405752553025,35.629782296406844],[-121.2442117999596,35.62994197236266],[-121.24405064034013,35.630097049377426]],[[-121.25312383716278,35.630429360943154],[-121.25254522271383,35.630435278233534],[-121.25269297559117,35.63089539207981],[-121.2533702032756,35.63119144754345],[-121.25312383716278,35.630429360943154]],[[-121.24420428466135,35.63349112519898],[-121.24394015926936,35.63354452006707],[-121.24409193635067,35.633818652733964],[-121.24442053047572,35.63402380544497],[-121.2446151830368,35.633940772980864],[-121.2444821805539,35.63360966950208],[-121.24420428466135,35.63349112519898]]]},"properties":{"id":"CSS-GEO-058","unit":"Qmss","label":"Marine shelf sorted bedforms","kind":"sediment","latitude":35.63142440498494,"longitude":-121.24683565611346,"area_km2":1.26,"source_id":"usgs-san-simeon","source_url":"https://pubs.usgs.gov/sim/3327/","publication_year":2015,"depth_qualified":false,"fishing_target":false}},{"type":"Feature","geometry":{"type":"Polygon","coordinates":[[[-121.25145759117588,35.63770514482187],[-121.25131252085426,35.637343932328456],[-121.25152094056253,35.63699564446235],[-121.25149889075615,35.63669085179402],[-121.25113012165421,35.63649812906257],[-121.25021488668928,35.63636772918487],[-121.25047760809902,35.63616075815289],[-121.2520786285736,35.63641821674887],[-121.25182815191356,35.636063266588295],[-121.2514004922613,35.63593995281576],[-121.25182038127272,35.635102894289524],[-121.25171688089947,35.63458613089329],[-121.2520133323395,35.63473533902111],[-121.25258404645625,35.635605818264295],[-121.25294975713537,35.635939017394136],[-121.25294109239015,35.63633704777934],[-121.25211253360376,35.637496072063826],[-121.25145759117588,35.63770514482187]]]},"properties":{"id":"CSS-GEO-059","unit":"Qmss","label":"Marine shelf sorted bedforms","kind":"sediment","latitude":35.636130230210846,"longitude":-121.2524076612201,"area_km2":0.03,"source_id":"usgs-san-simeon","source_url":"https://pubs.usgs.gov/sim/3327/","publication_year":2015,"depth_qualified":false,"fishing_target":false}},{"type":"Feature","geometry":{"type":"Polygon","coordinates":[[[-121.25288916724448,35.640268196869705],[-121.25365089169728,35.64051180938824],[-121.25367980592002,35.64019021821203],[-121.25339372386327,35.63923792895579],[-121.25300561159071,35.63894606864105],[-121.25318671379995,35.638680354177886],[-121.25374218838103,35.63833062164941],[-121.25581083275378,35.63793125517126],[-121.25501477358975,35.638259621800415],[-121.25463534378936,35.63857613273968],[-121.25436233636184,35.63903730132173],[-121.25427533488343,35.6410217677484],[-121.25460306556869,35.64166334184495],[-121.25386088654062,35.64154597259203],[-121.25366073432383,35.641066524075896],[-121.25281643409384,35.64058915112918],[-121.25123709623242,35.640655672735264],[-121.2522096271452,35.64027622531641],[-121.25288916724448,35.640268196869705]]]},"properties":{"id":"CSS-GEO-060","unit":"Qmss","label":"Marine shelf sorted bedforms","kind":"sediment","latitude":35.639719840920236,"longitude":-121.25393446245178,"area_km2":0.038,"source_id":"usgs-san-simeon","source_url":"https://pubs.usgs.gov/sim/3327/","publication_year":2015,"depth_qualified":false,"fishing_target":false}},{"type":"Feature","geometry":{"type":"Polygon","coordinates":[[[-121.25014049587416,35.6427041818342],[-121.24987031648027,35.64280958886493],[-121.24976781378777,35.64270949885427],[-121.2495979456171,35.64145477084955],[-121.24947195726196,35.6412024875925],[-121.24943393312307,35.639931786120506],[-121.24928799134211,35.639589765429406],[-121.24876727614154,35.63934963075038],[-121.24908296040752,35.63894276471567],[-121.2495477039198,35.63873484858301],[-121.25057697371446,35.63876769549186],[-121.25164140039908,35.638192802338665],[-121.2520142174213,35.63818032586945],[-121.25069633342947,35.6393240012603],[-121.24994958365589,35.640404405705794],[-121.24992149974487,35.641692035876865],[-121.25004202961395,35.64219469113601],[-121.25116365599598,35.64201420226558],[-121.25106541772215,35.6414939830803],[-121.25142140907771,35.641248700225205],[-121.25194954739256,35.641149032318545],[-121.25291039957422,35.64130609199843],[-121.25263107549101,35.64149689017487],[-121.2520827458589,35.641493658707475],[-121.25201098646667,35.64134670725273],[-121.25086013144428,35.64286848586328],[-121.25074512882132,35.64311726706123],[-121.25127094155398,35.64312490440261],[-121.25161602790229,35.64338036728603],[-121.25173812931854,35.64381148619188],[-121.251421052314,35.644145522561686],[-121.25087513755834,35.64419073160231],[-121.25066271893915,35.64445747462321],[-121.25066146604316,35.64393896535735],[-121.25034533051107,35.643315986354835],[-121.25028667098925,35.64404085561718],[-121.24981059835928,35.645168982528055],[-121.24897260670764,35.645003883101154],[-121.24905477962389,35.645255529666336],[-121.24972343689284,35.64574826473108],[-121.25016871549127,35.646434533896304],[-121.25040660296621,35.646581105692775],[-121.25146100237315,35.64647119654975],[-121.2517708570808,35.64633257984847],[-121.25151202070496,35.64510235971073],[-121.2520590619282,35.645175740997],[-121.2519131002278,35.64483372318524],[-121.25156747481442,35.644545305723256],[-121.25212353118384,35.6442285385506],[-121.2533754694972,35.64410358887625],[-121.25266502912388,35.64452262771019],[-121.25246683211829,35.64540647334945],[-121.25212054397711,35.645371628727005],[-121.25183299198959,35.64549267970584],[-121.25182714651936,35.64576093617154],[-121.2519089394598,35.64603046497784],[-121.25231139989742,35.64615067566897],[-121.2523890592133,35.64713047690086],[-121.25253580585405,35.647436727196094],[-121.25284059913885,35.647530597336726],[-121.25290593533562,35.64770060047156],[-121.252745597003,35.64786732807234],[-121.25289546332014,35.64803050821294],[-121.25311860656034,35.647958389340964],[-121.25352770520897,35.64818458397502],[-121.25421842532506,35.648141658527884],[-121.25433750978578,35.64830732502385],[-121.25399320385081,35.648810172426316],[-121.25265250278184,35.64811642970541],[-121.25244430889293,35.64761250396657],[-121.25018360408295,35.64675675936219],[-121.2494856114097,35.64660349896222],[-121.24947150610193,35.646245505642185],[-121.2490974794129,35.64631162487946],[-121.2489159563507,35.64659521592591],[-121.24699962065597,35.64603064960486],[-121.2449136837528,35.645721836927706],[-121.24573707058343,35.645135681382705],[-121.24612831098891,35.64528449650577],[-121.24758058190888,35.645019410415635],[-121.24835209495876,35.64481596384465],[-121.24870927946915,35.644517038927965],[-121.24840250688811,35.643510770210725],[-121.24792284592988,35.6431960942077],[-121.24812717147647,35.64289353574174],[-121.24890892366552,35.64290095087283],[-121.24934962360986,35.64279163985913],[-121.24973985352969,35.642864263393065],[-121.24971408656717,35.643163108786894],[-121.25020976737751,35.64315272878847],[-121.25028423064168,35.64301253938458],[-121.25014049587416,35.6427041818342]],[[-121.24966730438531,35.643298388486414],[-121.24944899572311,35.64325943665157],[-121.24959182287006,35.64374452678733],[-121.24985317121256,35.64381988315168],[-121.24966730438531,35.643298388486414]],[[-121.2489826640529,35.64353888629637],[-121.24887858378005,35.64328692105728],[-121.24874049417372,35.64358903327853],[-121.24882227587153,35.643858563032815],[-121.24912548988566,35.64402397691408],[-121.24915247160992,35.64379180716156],[-121.2489826640529,35.64353888629637]],[[-121.2480633880341,35.64549156091327],[-121.24821128783556,35.64574416429526],[-121.24856379313867,35.645659845149765],[-121.24858960599084,35.64548132648637],[-121.24824061707095,35.64540469235511],[-121.2480633880341,35.64549156091327]]]},"properties":{"id":"CSS-GEO-061","unit":"Qmss","label":"Marine shelf sorted bedforms","kind":"sediment","latitude":35.643460375455234,"longitude":-121.25102764462837,"area_km2":0.184,"source_id":"usgs-san-simeon","source_url":"https://pubs.usgs.gov/sim/3327/","publication_year":2015,"depth_qualified":false,"fishing_target":false}},{"type":"Feature","geometry":{"type":"Polygon","coordinates":[[[-121.11832835176372,35.54819304468576],[-121.11817285381159,35.547564859404154],[-121.11878342508919,35.547740205688804],[-121.11885148201394,35.54717687266088],[-121.11878152319701,35.54702521077935],[-121.11851108225977,35.54703840294547],[-121.11815659555687,35.54744762920317],[-121.11817188654985,35.54712454474951],[-121.11841022133058,35.5467535543827],[-121.11888451899245,35.54662668462765],[-121.11904596690566,35.54618723839301],[-121.11998239638241,35.545851489348166],[-121.11981648913186,35.54534823409853],[-121.11975212640246,35.54417014478239],[-121.12021100262247,35.54320210872574],[-121.12062341131339,35.5428294104726],[-121.12042356077727,35.54217110118585],[-121.12023571448307,35.541889583463],[-121.11989633491731,35.541718511168206],[-121.11833818620589,35.541303267821],[-121.11783699149349,35.54134124510764],[-121.11761983557919,35.541235226033876],[-121.11763021671574,35.54099024318252],[-121.1179526352904,35.5406804258479],[-121.11793113550368,35.54027295392511],[-121.11817538074479,35.540140069623966],[-121.11818323809064,35.53998874305557],[-121.11810133357835,35.53991851373258],[-121.1176565732516,35.54003450155649],[-121.11733059835699,35.53978653755296],[-121.11686003378014,35.53997770809982],[-121.11673258189894,35.539878968515055],[-121.1172425175593,35.53950475456254],[-121.11732875119897,35.53911777326244],[-121.11687083725549,35.538797558942186],[-121.11712694696686,35.538565533001304],[-121.11702234521,35.538073941728676],[-121.11669108031221,35.53820076021261],[-121.11668637723396,35.53867136518584],[-121.11628225427064,35.53832689546323],[-121.11632831258734,35.538057769808155],[-121.11664867811446,35.53774005789597],[-121.11671130146945,35.53738234419896],[-121.1164599472146,35.53699819339538],[-121.11589699649677,35.5369748613937],[-121.11565236467943,35.5367982549962],[-121.11566337713519,35.536532070272926],[-121.1160493763102,35.53634674953206],[-121.11606502658125,35.53615935909334],[-121.11541011174513,35.53559593380551],[-121.11446498586882,35.53558115598967],[-121.11408261375848,35.53546068412288],[-121.11385206112512,35.53472355072575],[-121.11329493297637,35.53470416631153],[-121.11345753593655,35.534458080078714],[-121.1132694769337,35.53420152786761],[-121.11311772899012,35.53419016323504],[-121.11270415794675,35.53455568422367],[-121.11245309804853,35.53461519947541],[-121.1121068498152,35.533991158450114],[-121.11161232503984,35.5341133851269],[-121.11133084623114,35.533627793205184],[-121.11090362993538,35.534244425104404],[-121.10999444109146,35.534709717163096],[-121.10955655257021,35.534717163099096],[-121.10907181815891,35.534953934381235],[-121.10833234823501,35.53497969213611],[-121.10792349104358,35.53513044248426],[-121.10740118762591,35.534990843661234],[-121.10721017966956,35.53449780020634],[-121.10743843988969,35.53395405026917],[-121.10773635060674,35.53389555391312],[-121.10788726922203,35.53452389376177],[-121.10829547189874,35.534561681439335],[-121.10826782302793,35.533584906520886],[-121.10799040284574,35.53346707349006],[-121.10798249353154,35.53335444821542],[-121.10853583215685,35.533241094485135],[-121.10872229119457,35.53296605934597],[-121.10858778665983,35.53272699486211],[-121.1082199166278,35.532735534531064],[-121.10801406403594,35.53245761701463],[-121.10817628157783,35.53225980331092],[-121.10847683063257,35.53213571567616],[-121.10886119299352,35.532170368901426],[-121.1096942182584,35.532483971466554],[-121.1095356516444,35.53178022683634],[-121.10940101203877,35.53154913266797],[-121.10920983997805,35.5314888892313],[-121.10903008425906,35.530942236793095],[-121.1090396370859,35.53004291626764],[-121.10946283215074,35.53004319978308],[-121.10939152500845,35.530461317258805],[-121.10954433552425,35.53066407269967],[-121.1106005030659,35.53116721634918],[-121.11080403128317,35.53004408848961],[-121.12213251276779,35.530050999563585],[-121.12254228827405,35.53025893887542],[-121.12284783944042,35.5300514002175],[-121.12432010323656,35.53005221147051],[-121.12450309795639,35.53026083324004],[-121.1247692796288,35.53010754787026],[-121.12490762566502,35.53018125662882],[-121.1245839436759,35.53054832013549],[-121.12461361792514,35.53077776444647],[-121.12512082572098,35.530799964222275],[-121.12464129415062,35.531093047090195],[-121.12469180035244,35.53117970119701],[-121.12548336260346,35.53102027351759],[-121.12556235550264,35.53063509229955],[-121.12598505111109,35.53052717168599],[-121.12699514140189,35.530757538884124],[-121.12649445547854,35.5312077262824],[-121.12650563570955,35.531479817982856],[-121.12450867322879,35.533781535982406],[-121.12492224787334,35.53481839247868],[-121.12516394950832,35.53496526640977],[-121.12527529051194,35.53469508003471],[-121.12580668270985,35.53443142412385],[-121.12621802021052,35.53330721395352],[-121.12704639486581,35.53231828409646],[-121.1274350908007,35.53216689516697],[-121.12789557380555,35.5311865559434],[-121.12861025652491,35.53056794714516],[-121.12892528210205,35.53057283637206],[-121.12895530102946,35.53078797371516],[-121.12835747929128,35.5316516939158],[-121.12835182891985,35.5318949013904],[-121.12866519803613,35.53197132280572],[-121.1280681459675,35.532047922924335],[-121.12806548653772,35.5321623730514],[-121.12916743173797,35.532208099914314],[-121.12864874783544,35.53267948453173],[-121.12889211184213,35.53275481879413],[-121.12952583311721,35.53260722641449],[-121.12940985969745,35.533077705193264],[-121.12919452092535,35.53330334681793],[-121.12928036957447,35.533376236044894],[-121.1296033772319,35.533037773218496],[-121.13015125059736,35.5328172876708],[-121.13075096256959,35.53262622706404],[-121.13118684998744,35.53270454145166],[-121.13043517054075,35.53340846114869],[-121.13165699472943,35.5335705158499],[-121.13193238384646,35.53377514322734],[-121.1319779232116,35.53407638983582],[-121.13166901942905,35.53531670048617],[-121.13055132842062,35.53670189698344],[-121.12951373528252,35.5376260233632],[-121.12927658006748,35.537697124539505],[-121.12828335683695,35.53895664762434],[-121.12813925320148,35.538782564195195],[-121.1278938767636,35.53879306544119],[-121.12805959776406,35.53919635833802],[-121.12599978623065,35.54118226943721],[-121.1234974355083,35.54261742066436],[-121.12322687351337,35.54295668307609],[-121.1229538703753,35.543623005647255],[-121.12235148342066,35.54435493230943],[-121.12197312187335,35.54518353123277],[-121.12113992480714,35.54622046409774],[-121.12104713309618,35.54698978815903],[-121.1184736495652,35.551165321850426],[-121.11784391832263,35.55258193104924],[-121.11763711527858,35.55236199889276],[-121.11737291542119,35.55208102381637],[-121.11758259386743,35.55149334260233],[-121.11743880079283,35.55034138770963],[-121.11760160069103,35.54996045363062],[-121.11821104352599,35.549652394737336],[-121.11832835176372,35.54819304468576]],[[-121.11972905641085,35.54654603229364],[-121.11994495328932,35.54704755860059],[-121.12042020268831,35.54726089176275],[-121.12060586516237,35.54677917818898],[-121.12084136443883,35.54662713087365],[-121.12089247776632,35.546243011428636],[-121.12080285613123,35.545752322808085],[-121.12046824535368,35.545166015412875],[-121.11972905641085,35.54654603229364]],[[-121.1213604525211,35.54275021795525],[-121.12166058509422,35.54283511509337],[-121.12182539822706,35.54223359640938],[-121.12159828694759,35.54183578914083],[-121.12135133738519,35.54175614254295],[-121.12095788285393,35.541890915605244],[-121.12083477892521,35.54168088780815],[-121.12059531139349,35.54167059195259],[-121.12085722450198,35.5422617580474],[-121.12114209020027,35.542213374666424],[-121.1213222112708,35.54242447930443],[-121.1213604525211,35.54275021795525]],[[-121.12125826109109,35.54135475561437],[-121.12068672308965,35.5407593696264],[-121.11992468898306,35.54062106039883],[-121.11966634501593,35.54021065311278],[-121.11902092729112,35.54005549015587],[-121.11893223697814,35.53972124835728],[-121.11848944918565,35.539818040277176],[-121.11844230668406,35.54009168689296],[-121.11875583410631,35.54021075943666],[-121.11876158423885,35.5405233561617],[-121.11927237183477,35.540534320347184],[-121.1193452435611,35.54081047947295],[-121.11962856751775,35.540937929028715],[-121.11976264586768,35.54123998600055],[-121.11991549401621,35.54120950596964],[-121.12000661227339,35.540988850249974],[-121.12065449968256,35.54138528693408],[-121.12125826109109,35.54135475561437]],[[-121.12026670733596,35.53966057164453],[-121.12047626283699,35.53973488419197],[-121.12060345315089,35.53952187789568],[-121.12056838808569,35.538983948874815],[-121.12024145192612,35.538622912819605],[-121.11996062192947,35.53885565798071],[-121.11996520852894,35.53926678122792],[-121.12026670733596,35.53966057164453]],[[-121.11785463689628,35.53847191119868],[-121.1183916935452,35.53855926349628],[-121.11909483382043,35.53815451109977],[-121.11949475057318,35.538188489675086],[-121.11907155049103,35.535849015758274],[-121.11914781004604,35.53542254959257],[-121.1189027865522,35.53485597861904],[-121.11853923681232,35.53524131706403],[-121.11825965795003,35.53596683654689],[-121.11846279392711,35.537014740420695],[-121.11793068803253,35.537501470900494],[-121.11745259390867,35.538190593164785],[-121.11729609089615,35.538548889634136],[-121.11753801599941,35.53864865817125],[-121.11785463689628,35.53847191119868]],[[-121.11598691477317,35.53507265636782],[-121.11650232843063,35.53508510988621],[-121.11587064543109,35.53423802199603],[-121.115715084237,35.534226962312644],[-121.11598691477317,35.53507265636782]],[[-121.12048812421007,35.53433097156201],[-121.12070710002058,35.53448404352619],[-121.12082672025218,35.5343587810071],[-121.12074971080797,35.533902700825465],[-121.12112882081486,35.53354393234705],[-121.12123293548122,35.5332712904331],[-121.12106457848074,35.53287286171584],[-121.12026057036877,35.53200516143877],[-121.11990627609276,35.53226232254684],[-121.1200416135108,35.532436478089316],[-121.12049619934486,35.532349194587724],[-121.12015922809299,35.53251561158565],[-121.12038994344904,35.53261015227343],[-121.11992447442441,35.53293769120909],[-121.11955298790085,35.533437246729264],[-121.11934170845028,35.534182800368846],[-121.11992064047337,35.533817413002936],[-121.1204654036714,35.53404744385433],[-121.12048812421007,35.53433097156201]],[[-121.11429211951125,35.53434901608368],[-121.11441390358054,35.53472470765478],[-121.11460052761987,35.534682241589],[-121.11490434350003,35.53428578201039],[-121.11512674717486,35.53345870687577],[-121.11488742606525,35.533356276629775],[-121.11429211951125,35.53434901608368]],[[-121.11725648464596,35.533940562934134],[-121.11778974229982,35.53359811561283],[-121.11839885740152,35.533732321864356],[-121.118354154388,35.53343174421576],[-121.11777133504683,35.53244983947613],[-121.11706904039342,35.53297147112314],[-121.11732128112942,35.53346201988891],[-121.11710657552473,35.533918651111314],[-121.11725648464596,35.533940562934134]],[[-121.12163852502532,35.53260401587479],[-121.12210859331155,35.5327960797549],[-121.12186573956012,35.53311448201973],[-121.12219132120693,35.533233576999145],[-121.12242908778538,35.532888958001216],[-121.12244060601407,35.53236829306928],[-121.1226641579024,35.53211853339955],[-121.1225282859292,35.531478375172895],[-121.12269367155184,35.53106387367993],[-121.12174479054414,35.53035028157653],[-121.1214395422654,35.530248918347866],[-121.12081632047902,35.53069717246868],[-121.12046378751526,35.53151161962309],[-121.12126689159679,35.53171815077159],[-121.12134633859557,35.53199346190951],[-121.1217673306159,35.53181716310192],[-121.12219035376712,35.531797182342814],[-121.12187014402082,35.531972373059794],[-121.12163852502532,35.53260401587479]],[[-121.12167339076348,35.53392151365599],[-121.12191013973003,35.53391931153469],[-121.12195827501986,35.53362011941862],[-121.12174685486794,35.53358827116048],[-121.12167339076348,35.53392151365599]],[[-121.12103403466391,35.53505373712378],[-121.1212639270201,35.535527102125656],[-121.12201621435919,35.53405043313],[-121.12103403466391,35.53505373712378]],[[-121.12279569138043,35.53692481411999],[-121.12333710345077,35.53679513951333],[-121.12344490013392,35.53660580360808],[-121.12306384120704,35.53492543355581],[-121.12211341148834,35.53592457498203],[-121.12160646517451,35.53677648318056],[-121.12192690290622,35.537259266563694],[-121.12245190169483,35.53725683769955],[-121.12279569138043,35.53692481411999]],[[-121.12305798011548,35.5379583908423],[-121.1233211634622,35.5379736024896],[-121.12353990132797,35.53784415782059],[-121.1236767279721,35.53732439725105],[-121.12353891625747,35.53694328462995],[-121.12318809387453,35.5371248721987],[-121.1229025191772,35.53763010844541],[-121.12305798011548,35.5379583908423]],[[-121.12113236272378,35.53774229505828],[-121.12148105954795,35.537724200509885],[-121.12162764476568,35.53756759170004],[-121.12127327016574,35.536155452723534],[-121.12095769759726,35.53551280731747],[-121.12069102106429,35.53531781249407],[-121.12007602847623,35.53604062618117],[-121.11989103998235,35.536630023945214],[-121.12001553929166,35.5369075104962],[-121.11999134447119,35.53753948625346],[-121.1205085397174,35.537903918151514],[-121.12076351583,35.53793332109358],[-121.12113236272378,35.53774229505828]]]},"properties":{"id":"CSS-GEO-062","unit":"Qmss","label":"Marine shelf sorted bedforms","kind":"sediment","latitude":35.541354260339304,"longitude":-121.12343240104218,"area_km2":1.764,"source_id":"usgs-san-simeon","source_url":"https://pubs.usgs.gov/sim/3327/","publication_year":2015,"depth_qualified":false,"fishing_target":false}},{"type":"Feature","geometry":{"type":"Polygon","coordinates":[[[-121.13029192850104,35.56397803441526],[-121.13004846885525,35.563902700413834],[-121.13192597640175,35.5630015755119],[-121.1334443318916,35.563023311619524],[-121.13404278725903,35.560818782544],[-121.13477332378898,35.55881754709423],[-121.13521878308548,35.558489016124945],[-121.13528436987497,35.55802043782484],[-121.13508572752033,35.55714526205047],[-121.13621815516034,35.5566931850531],[-121.1355121059877,35.55645864875434],[-121.13627907689452,35.55642578770145],[-121.13551935540713,35.556145698777016],[-121.1368581848288,35.55623348597672],[-121.13798180020764,35.55616140269468],[-121.13684990567741,35.55659114387475],[-121.13692300928706,35.55680175939045],[-121.1382687420682,35.55676959870918],[-121.13886693310374,35.55693536804461],[-121.13912294743272,35.55651445025483],[-121.13910179522432,35.5562457841673],[-121.13943728726646,35.55593790101426],[-121.14014902622688,35.55592652358349],[-121.1403596180534,35.555102393081306],[-121.14031472130402,35.554676829520204],[-121.1405413016037,35.554344900782404],[-121.14175520778733,35.55391638835961],[-121.14235544932387,35.5539927261474],[-121.14329012927156,35.553805872336866],[-121.14030695629545,35.556197299974485],[-121.14007830326742,35.55661864262362],[-121.14012681522024,35.55688773075578],[-121.14045765821494,35.5567810270375],[-121.14073946989105,35.55642758923898],[-121.1408019243908,35.55609312832718],[-121.14174127784078,35.55570510412235],[-121.14228475895752,35.555870013015145],[-121.14205302110119,35.5564254823412],[-121.14235134546526,35.556541888931356],[-121.14354459417325,35.55463717224699],[-121.14366793053011,35.55403530740558],[-121.14413862045652,35.55379657745777],[-121.14526425740013,35.55363501006972],[-121.14552692337952,35.55292347919681],[-121.14608738340475,35.55235069769669],[-121.14635672882022,35.55134856456506],[-121.14718296760697,35.55111531997454],[-121.14692291498811,35.551715056785966],[-121.14721968634487,35.551898512166446],[-121.14699828585877,35.5520069174486],[-121.14682284312525,35.552496176631976],[-121.14728579793315,35.55259274001061],[-121.146811521687,35.55298795887354],[-121.14666600411589,35.55336587012713],[-121.14702314852391,35.55330427615829],[-121.1478282432416,35.55280233169428],[-121.14798927970959,35.5529389756627],[-121.14627167472243,35.557418444771876],[-121.14323947108893,35.56311870885905],[-121.14135129147571,35.565482296019454],[-121.13900100221505,35.5677045461093],[-121.13821478524176,35.56856450436674],[-121.1379003833354,35.56914104750977],[-121.135642850163,35.57089506888055],[-121.13542811714872,35.57071285417259],[-121.13512921983138,35.57095924235112],[-121.13306569588639,35.56876591143839],[-121.13267728428775,35.56835304971914],[-121.13299882585942,35.567621997442906],[-121.13289219586251,35.566933399071345],[-121.13212995404193,35.567771256493785],[-121.13099979147398,35.56656989891092],[-121.13026736007188,35.5657913035065],[-121.13065176774845,35.56542861968056],[-121.1312290360815,35.564140602748935],[-121.13192002049131,35.5633369687885],[-121.13029192850104,35.56397803441526]],[[-121.13666645377207,35.5567376838115],[-121.13641406657956,35.55704863253899],[-121.136203647927,35.55705969036707],[-121.13608407938625,35.556929038831015],[-121.13568566553235,35.55749533368826],[-121.13580059613747,35.557826274286796],[-121.13562413878279,35.558639296077324],[-121.13539190059886,35.55883606297807],[-121.13535649393147,35.55960833202943],[-121.13567847919802,35.560829783606266],[-121.13604752685659,35.560019740640264],[-121.13676833029552,35.55990208323783],[-121.13677694203625,35.55953011928132],[-121.13725366767649,35.558607245568176],[-121.13707532428062,35.557989097365684],[-121.13754736317058,35.558025015145695],[-121.13753813230451,35.55766708756537],[-121.13810267073838,35.55748976054009],[-121.13819450946696,35.55730513098268],[-121.13804223955155,35.55707379550346],[-121.13766039014511,35.55692478210285],[-121.13729340059837,35.5568904883497],[-121.13692300928706,35.55680175939045],[-121.13666645377207,35.5567376838115]],[[-121.13436674190396,35.5690600100544],[-121.13515740346794,35.56819925215894],[-121.13528865618727,35.56707068207993],[-121.13506309023347,35.56622281898832],[-121.13405802255343,35.56726630605223],[-121.13375430967842,35.56827771213789],[-121.13387912290385,35.56893796857948],[-121.13414799768385,35.56942871902325],[-121.13435579361978,35.56953211651036],[-121.13436674190396,35.5690600100544]],[[-121.13639968499136,35.562207676958906],[-121.13674885860897,35.56225600972411],[-121.13676016781257,35.561011092038044],[-121.13636173819637,35.56157738831487],[-121.13639968499136,35.562207676958906]],[[-121.13849623930192,35.55788940443173],[-121.13857785062339,35.557389764905245],[-121.13777611812775,35.5579784602652],[-121.13826434107375,35.558071870883126],[-121.13781506867119,35.55856583025794],[-121.13788013363643,35.55878150735635],[-121.13836703784669,35.558932142837584],[-121.13849623930192,35.55788940443173]],[[-121.14467606632768,35.55419931100969],[-121.14432793763781,35.55486658975097],[-121.14442539292887,35.55519725367775],[-121.14461796847982,35.55520021815317],[-121.1452260260822,35.553892922661205],[-121.14506879534154,35.553876191706024],[-121.14467606632768,35.55419931100969]],[[-121.1461476166249,35.5541790183811],[-121.14611919313457,35.55389235174906],[-121.14577536300801,35.55437365247007],[-121.14577305611523,35.55447379696973],[-121.14596628912813,35.55444814652366],[-121.1461476166249,35.5541790183811]]]},"properties":{"id":"CSS-GEO-063","unit":"Qmss","label":"Marine shelf sorted bedforms","kind":"sediment","latitude":35.56097334852274,"longitude":-121.13918044348775,"area_km2":1.377,"source_id":"usgs-san-simeon","source_url":"https://pubs.usgs.gov/sim/3327/","publication_year":2015,"depth_qualified":false,"fishing_target":false}},{"type":"Feature","geometry":{"type":"Polygon","coordinates":[[[-121.15611050759259,35.5868343951545],[-121.15702330515687,35.58642349037735],[-121.15748954008815,35.586385898101625],[-121.15771614620776,35.58605393927378],[-121.15816013526606,35.58579238770745],[-121.15899030318717,35.5854025663499],[-121.1601741615247,35.58510758580452],[-121.15903377339005,35.585895185521466],[-121.15612564429735,35.5896021857172],[-121.1570909553399,35.58944333937311],[-121.15668404778958,35.589280583867286],[-121.15814316970922,35.58892275079937],[-121.15833883089506,35.58874684889937],[-121.15729584305883,35.58886507214538],[-121.15732730741762,35.5886866606038],[-121.15848282961355,35.588435987924186],[-121.1578063624012,35.58809022321921],[-121.15882146143896,35.58799393103875],[-121.15912914045242,35.587707932121205],[-121.16039359514534,35.587481266871166],[-121.16080919531862,35.58726399491185],[-121.16138387550879,35.58727276568254],[-121.16088464450112,35.58755584776396],[-121.16063119304513,35.5878650409596],[-121.16148413690996,35.58767680511032],[-121.16108925433713,35.58818509495029],[-121.16110486038725,35.588699649939926],[-121.16090358107336,35.58912144813028],[-121.16105550623354,35.589660445572996],[-121.16129618107766,35.58991009614354],[-121.16061662393454,35.594483848252786],[-121.15974712164432,35.59711408802115],[-121.15147406112102,35.5883269239209],[-121.15373603262049,35.587714859532724],[-121.15547249744264,35.58692368709007],[-121.15611050759259,35.5868343951545]],[[-121.15992656452518,35.59114143639564],[-121.159804569241,35.59049108663514],[-121.15923624652592,35.591399229808694],[-121.15930708734612,35.59189226758515],[-121.15960044989274,35.592232172785444],[-121.16008692215071,35.59250794103619],[-121.15992656452518,35.59114143639564]],[[-121.15815465955505,35.58961613567234],[-121.15740346860606,35.59014132814598],[-121.15770450130532,35.590145931520865],[-121.15761625382642,35.590412921200745],[-121.15799477864259,35.59061996244702],[-121.15815465955505,35.58961613567234]],[[-121.15698425705253,35.590515062637],[-121.15696919116303,35.58997815498466],[-121.15677147376338,35.590243468525955],[-121.15654792695872,35.590441302888905],[-121.15698425705253,35.590515062637]]]},"properties":{"id":"CSS-GEO-064","unit":"Qmss","label":"Marine shelf sorted bedforms","kind":"sediment","latitude":35.59084582417226,"longitude":-121.15667948144142,"area_km2":0.526,"source_id":"usgs-san-simeon","source_url":"https://pubs.usgs.gov/sim/3327/","publication_year":2015,"depth_qualified":false,"fishing_target":false}},{"type":"Feature","geometry":{"type":"Polygon","coordinates":[[[-121.16798581650174,35.59432758451499],[-121.1682306787708,35.594629394058956],[-121.16739037672029,35.5941776111876],[-121.16715539270115,35.59418339776779],[-121.16687094096409,35.59436627133352],[-121.16678858870392,35.594757690741964],[-121.16621396816281,35.59493357505091],[-121.16617354374667,35.59524933615955],[-121.1656234119949,35.595523992224315],[-121.16544037713456,35.595991769251654],[-121.16566087064686,35.5969608155519],[-121.1662773601806,35.597665519119],[-121.16709810354676,35.59805055114948],[-121.16847305924244,35.597727468186],[-121.16962795700262,35.59728130819026],[-121.16941998852165,35.59751936503736],[-121.16850066185111,35.59787748976946],[-121.16712785478278,35.59814284066422],[-121.16580541999565,35.59773630573095],[-121.16574123217339,35.59747772260285],[-121.16539449797314,35.597315017734545],[-121.1653550128858,35.59674196005727],[-121.16507193639562,35.596093634690405],[-121.1658142541003,35.59504589355423],[-121.1658785543002,35.59453166139711],[-121.16609331198917,35.59433457016261],[-121.16642643587373,35.59432532904165],[-121.16655078359229,35.5934828481053],[-121.16676749452296,35.593199916902556],[-121.16731242900408,35.59312233897234],[-121.16759854625867,35.59286908475432],[-121.1673387514402,35.592736330641124],[-121.1671526079169,35.59244727011454],[-121.16755277369981,35.592190683507944],[-121.16780856674319,35.59287943492597],[-121.16781271174246,35.59346626633413],[-121.16765311608816,35.59354970760781],[-121.16804488601309,35.594042253808766],[-121.16798581650174,35.59432758451499]],[[-121.16685355915975,35.59345798780047],[-121.16681131274939,35.593610404392976],[-121.16752002008096,35.593985359731],[-121.16767039350961,35.59390847838603],[-121.16751182767338,35.59349439152542],[-121.16685355915975,35.59345798780047]]]},"properties":{"id":"CSS-GEO-065","unit":"Qmss","label":"Marine shelf sorted bedforms","kind":"sediment","latitude":35.59514718316046,"longitude":-121.16596553185204,"area_km2":0.036,"source_id":"usgs-san-simeon","source_url":"https://pubs.usgs.gov/sim/3327/","publication_year":2015,"depth_qualified":false,"fishing_target":false}},{"type":"Feature","geometry":{"type":"Polygon","coordinates":[[[-121.20122347704243,35.59991666297608],[-121.20157770784864,35.60072697386593],[-121.20217332002602,35.60053908034747],[-121.20187655030156,35.60149251020224],[-121.20121020615335,35.6017553667306],[-121.2006226174291,35.601388805067934],[-121.20041080467178,35.601457198539606],[-121.20026009053564,35.60192722639159],[-121.20073478452775,35.60342271224278],[-121.2015892279952,35.60439434087593],[-121.2020061415995,35.60455799116191],[-121.20226187290771,35.60487665999623],[-121.20244657155946,35.60523720368773],[-121.20261558874111,35.60629877575818],[-121.20292650045245,35.60690735176214],[-121.20282253422597,35.6071320399426],[-121.2024258198359,35.607174600291465],[-121.20279191051911,35.60761638235016],[-121.20215528399271,35.60776848178371],[-121.20180561657737,35.6083611813379],[-121.20187859702646,35.608636990304085],[-121.20317435305874,35.60998144267006],[-121.20293759470549,35.6108343885324],[-121.2029917881096,35.61195023455565],[-121.20244309300668,35.61347724286646],[-121.20263414055401,35.61393676821019],[-121.20255329388569,35.61459171478517],[-121.20290833180538,35.61595660225584],[-121.2032201830492,35.616118681389736],[-121.20350115555594,35.6160942495041],[-121.20364868117707,35.61576728560399],[-121.20401821531564,35.61570123889139],[-121.20436095096693,35.61604982440123],[-121.20408598334734,35.6165895607667],[-121.20362820097067,35.616682914412145],[-121.20349819432627,35.617010139515216],[-121.20249501788857,35.617195533040224],[-121.20247420322383,35.6181254677092],[-121.20272741573683,35.618558590357914],[-121.20349922959548,35.61931430128757],[-121.20417385135006,35.62049790230645],[-121.20520487420826,35.620442442640496],[-121.20480512786884,35.6212691592965],[-121.20490226407632,35.62162839388036],[-121.20463271639782,35.62192491721825],[-121.204943955423,35.62211560496197],[-121.20490219452958,35.62241552358137],[-121.20530040612171,35.622636129536666],[-121.20534625837713,35.62293735380566],[-121.20511239188897,35.623205786927734],[-121.20505303968734,35.62429257302564],[-121.2047265647144,35.624782883342014],[-121.2047430562296,35.62561319379131],[-121.20419088816249,35.62600568258487],[-121.20439668289407,35.62620911094413],[-121.205007747183,35.62631840077112],[-121.20521418449947,35.62649321448795],[-121.20522083278834,35.6269799029444],[-121.20470715025755,35.62800267094577],[-121.20485910142847,35.62826254247547],[-121.2047682851314,35.62840430297019],[-121.20432955898426,35.62842638513221],[-121.20418408868585,35.62868557908595],[-121.2049012447243,35.6290952551356],[-121.20589593311222,35.62929612677777],[-121.20596187088289,35.629483157541124],[-121.20440290369243,35.62943130100798],[-121.2043630559774,35.62964537904915],[-121.20453221263665,35.62991981800693],[-121.20487884906484,35.630096723338404],[-121.20519587758292,35.6300298905197],[-121.2054160100846,35.630376645962926],[-121.20595701202016,35.63048488641505],[-121.20598726344272,35.6307000092611],[-121.20530638881172,35.630575373148],[-121.20505977371198,35.630628943400936],[-121.20505465497833,35.630857849778074],[-121.20524326085817,35.63104671003985],[-121.20506706015773,35.63108701823472],[-121.20377220414989,35.63098184360779],[-121.20319199109534,35.631059056659524],[-121.20308140257964,35.631300700604584],[-121.20377852271464,35.63148283819123],[-121.20324959723995,35.631618062063545],[-121.20290103738544,35.631526992693715],[-121.2026177679639,35.631651567929985],[-121.2030394408479,35.63203860993839],[-121.2027827140327,35.63204235336466],[-121.20253534913648,35.63232489057167],[-121.20196380682847,35.63240580502365],[-121.20149137268476,35.632953317976835],[-121.20076768859109,35.63297828686561],[-121.20142418745463,35.63203996100375],[-121.20188499948001,35.63201106335558],[-121.20202364195362,35.631691126258154],[-121.20246294694131,35.63164401667928],[-121.20289676219085,35.63086336176038],[-121.2038813876917,35.62994780705535],[-121.20399531268025,35.62975272344949],[-121.20380177240362,35.62958883333895],[-121.20353731675883,35.62965644583444],[-121.20381097609007,35.62917751670592],[-121.2030431175513,35.62921972953067],[-121.20384208420688,35.6287665267362],[-121.20384528535646,35.62862345939584],[-121.20342950306983,35.628599369012214],[-121.20321366188531,35.62845303389939],[-121.20361114046855,35.62831584921971],[-121.20385728940099,35.628086959765824],[-121.2039533082785,35.627712715850336],[-121.20437708635002,35.62737913802967],[-121.20443009460784,35.626968474264366],[-121.20394190760237,35.62626351141464],[-121.20417294568196,35.62573027688402],[-121.20323542081971,35.622585663200745],[-121.20287808546318,35.621909482357914],[-121.20229792799809,35.62139992345251],[-121.20262377547184,35.62054609884956],[-121.20237376156217,35.6199699094395],[-121.2015384093999,35.619116640759685],[-121.20041889597138,35.61725731813178],[-121.20009072205575,35.6162595570951],[-121.19958594670804,35.615321767971345],[-121.19977277632313,35.614805769700226],[-121.19956098693699,35.61448059639353],[-121.19890918700173,35.61423829088777],[-121.19948140340591,35.614121619954446],[-121.2001162361701,35.61426556583944],[-121.20009982278425,35.6138983013326],[-121.20085164345572,35.61358752535167],[-121.20062062208976,35.61412075400798],[-121.20108693865161,35.6138414903078],[-121.20098586210909,35.614415340374244],[-121.20135762527588,35.614471658896065],[-121.20128364060811,35.61386231643065],[-121.20028362077068,35.611753124046174],[-121.19920807775142,35.61263271968723],[-121.19903889328032,35.612361850080084],[-121.19819201987276,35.61202717650537],[-121.20021948082297,35.611591177061825],[-121.19947357788337,35.6105615247567],[-121.1991655337099,35.60964456363904],[-121.19814550177055,35.60921785444895],[-121.19757733146825,35.609155686628824],[-121.1987192858773,35.60902965367133],[-121.1989856821779,35.608872632882665],[-121.19907087215331,35.608981241951824],[-121.19882557289586,35.609174357448424],[-121.19956452736436,35.60943585521591],[-121.19960245859916,35.6087208487707],[-121.19916984195821,35.60749790611867],[-121.19930604350779,35.607285269481196],[-121.19978580595101,35.60738188691785],[-121.20002949460654,35.60726030340914],[-121.20035757134502,35.60728309468796],[-121.19995818989845,35.60750968883646],[-121.20002695177409,35.60835151575564],[-121.20065360479843,35.60873655459584],[-121.20083199969802,35.60859610375711],[-121.20050912504172,35.60834083006997],[-121.20090490480862,35.608275184457604],[-121.20093601498716,35.607864194078175],[-121.2006325691126,35.60674157694607],[-121.19926168629553,35.60437758692727],[-121.19830596631193,35.60303948399139],[-121.19833443616218,35.60176976517177],[-121.19860055910075,35.60064671457041],[-121.19924206940273,35.60012767349984],[-121.19943782192773,35.600252215721774],[-121.19956802285257,35.60069781802115],[-121.1998078177654,35.600944697336004],[-121.20017632339575,35.6009215803817],[-121.20021680656727,35.60067888931598],[-121.19993376526767,35.59990343683421],[-121.20037151645583,35.59981449244401],[-121.20122347704243,35.59991666297608]],[[-121.19967536556052,35.60290613474713],[-121.19987219478546,35.60322560506715],[-121.20039343114611,35.603633219340885],[-121.20053841358938,35.60353542840526],[-121.19982631611151,35.60254188271596],[-121.19967536556052,35.60290613474713]],[[-121.20181392750031,35.60974673990311],[-121.20142935220505,35.60931165393225],[-121.20131385057894,35.60957826975335],[-121.20152563513841,35.609903440058716],[-121.20189311884435,35.61012359880956],[-121.20181392750031,35.60974673990311]],[[-121.20250899003753,35.61099147859062],[-121.20268338558876,35.61102985991968],[-121.20273118530793,35.61085167950116],[-121.20256119189489,35.61061658167304],[-121.20234579946394,35.610452363375664],[-121.20208260726456,35.61046632488128],[-121.20250899003753,35.61099147859062]]]},"properties":{"id":"CSS-GEO-066","unit":"Qmss","label":"Marine shelf sorted bedforms","kind":"sediment","latitude":35.616425419023365,"longitude":-121.20214486765252,"area_km2":0.676,"source_id":"usgs-san-simeon","source_url":"https://pubs.usgs.gov/sim/3327/","publication_year":2015,"depth_qualified":false,"fishing_target":false}},{"type":"Feature","geometry":{"type":"Polygon","coordinates":[[[-121.19053368487458,35.624915979951574],[-121.1908688691708,35.624820834698035],[-121.19065344064164,35.62504658165662],[-121.19073041383561,35.62552001485651],[-121.19110592026638,35.62596930942711],[-121.19124545753937,35.62600002792507],[-121.19124997007414,35.6257997362069],[-121.19139111862422,35.62575892086713],[-121.19217642080405,35.6259138261936],[-121.19268052523344,35.62688025734643],[-121.19271693136439,35.62758761159767],[-121.19167603556123,35.62750911323453],[-121.19064926584825,35.62717884033731],[-121.19035170953094,35.627304755122765],[-121.18948898630067,35.62615968366507],[-121.18949769750596,35.625773407159095],[-121.19053368487458,35.624915979951574]]]},"properties":{"id":"CSS-GEO-067","unit":"Qmss","label":"Marine shelf sorted bedforms","kind":"sediment","latitude":35.62652057783462,"longitude":-121.19112449282326,"area_km2":0.049,"source_id":"usgs-san-simeon","source_url":"https://pubs.usgs.gov/sim/3327/","publication_year":2015,"depth_qualified":false,"fishing_target":false}},{"type":"Feature","geometry":{"type":"Polygon","coordinates":[[[-121.18747137896005,35.62973573107106],[-121.1872873431903,35.62934655310144],[-121.18739506823738,35.62923368352348],[-121.18715652537203,35.62892955320196],[-121.18702998458353,35.62909938572107],[-121.18675219469948,35.62898071165191],[-121.18656712331932,35.62786163598581],[-121.18684910873617,35.6277943248107],[-121.18669915662618,35.62744859319954],[-121.18703209403914,35.627453605605815],[-121.18701974055041,35.62722443668662],[-121.18656737503727,35.62707451225127],[-121.18634998803464,35.627386089936806],[-121.18617508126577,35.627369144447414],[-121.18614714676545,35.62705387254896],[-121.18544287282099,35.625640745837856],[-121.18521410758134,35.62568023303715],[-121.18451670789706,35.62473948097724],[-121.18477776497475,35.62482212893397],[-121.18413617985928,35.623739101257115],[-121.1841793131294,35.62338196709982],[-121.18477028401595,35.623286485848645],[-121.18487962112111,35.6231020857425],[-121.18579277573474,35.62380279158316],[-121.18731634340853,35.625733359768944],[-121.18768109066055,35.625881962878],[-121.1876908623192,35.62622558400748],[-121.18806051705747,35.62661024395301],[-121.18806280142677,35.62683225935331],[-121.18838508367288,35.62730938418862],[-121.18866383778446,35.62738513392274],[-121.18861467871857,35.62878691256389],[-121.18919482090315,35.62948974024794],[-121.1894038019618,35.63001103989531],[-121.19001229047349,35.630234857353486],[-121.190417593472,35.63014076848538],[-121.18956207038333,35.6287510689833],[-121.1894153316256,35.62826227509755],[-121.18954509260523,35.62794937453404],[-121.18987878189812,35.62869858413715],[-121.19007798977576,35.62841534955385],[-121.19084030910916,35.62881321201938],[-121.19076537900226,35.62902675713818],[-121.19048145707768,35.629179917568706],[-121.19018549293767,35.629089601941935],[-121.19116434237246,35.62999161463421],[-121.19165403794307,35.63004190383721],[-121.19269663201142,35.62967114631752],[-121.19369386799647,35.62975766470043],[-121.19375094571222,35.62955816041507],[-121.19316190662315,35.62924878523248],[-121.19294215189085,35.62888770238702],[-121.19216616384384,35.62831791123175],[-121.19196889572059,35.62851530927621],[-121.19153178011777,35.62846581195437],[-121.19109885495311,35.628230327967884],[-121.19115497071513,35.62807374465839],[-121.19148597879892,35.628164584130225],[-121.19142039727701,35.62796323985484],[-121.19036019040861,35.62756090537404],[-121.19034976129741,35.62724589725876],[-121.19064926584825,35.62717884033731],[-121.19167603556123,35.62750911323453],[-121.19300650446314,35.62758632863393],[-121.19480448376545,35.627141015234386],[-121.19729068666715,35.628051252900924],[-121.1979540023306,35.628175671206186],[-121.19817698940754,35.62839367954777],[-121.19810432700285,35.628507083636016],[-121.19752669758272,35.62846981700875],[-121.19690791546414,35.62870384810676],[-121.1968940972183,35.62931903321616],[-121.19726933454726,35.62978261641253],[-121.19751002329366,35.63077370736891],[-121.19782256173062,35.63090718738559],[-121.19807899772374,35.631197253462396],[-121.19809138297944,35.631426421144155],[-121.19782852193202,35.63142248779223],[-121.19762530155363,35.63110459575622],[-121.19684090109831,35.63090680455405],[-121.1965658283588,35.63144652041213],[-121.19559911264372,35.63156084228585],[-121.19739912252567,35.632589598258555],[-121.19771327507254,35.632651545811775],[-121.19844140473481,35.632233097919055],[-121.19873610621308,35.63238062109698],[-121.1988838718147,35.63282648539978],[-121.19891541637206,35.63376435495719],[-121.19929248129635,35.634929219439215],[-121.19978028796324,35.635065315250245],[-121.200150556016,35.63497067009932],[-121.20060491761141,35.635034705732146],[-121.20098629551543,35.63522645194237],[-121.2015999863347,35.63639484426504],[-121.20159236095571,35.63673511622343],[-121.19852274009187,35.63534120328292],[-121.19808800472734,35.63504538717873],[-121.19813458965784,35.634937904543364],[-121.19799010515368,35.63492304757482],[-121.19759598978264,35.63433485478873],[-121.19365073917012,35.631440387745336],[-121.1895159139956,35.632640393192766],[-121.19057428234666,35.634675655160976],[-121.19127548087417,35.635418971860474],[-121.19024435665106,35.63443377591223],[-121.18975158837802,35.63379501488629],[-121.18747137896005,35.62973573107106]]]},"properties":{"id":"CSS-GEO-068","unit":"Tm","label":"Monterey Formation, undivided","kind":"rock","latitude":35.629944175776984,"longitude":-121.19467917539298,"area_km2":0.547,"source_id":"usgs-san-simeon","source_url":"https://pubs.usgs.gov/sim/3327/","publication_year":2015,"depth_qualified":false,"fishing_target":false}},{"type":"Feature","geometry":{"type":"Polygon","coordinates":[[[-121.21392895630265,35.64417556971721],[-121.21357752936188,35.643642090964235],[-121.21368993989816,35.643553608010684],[-121.21297773217604,35.642803810651365],[-121.21309897330576,35.64231879923491],[-121.21338481559046,35.642377131094285],[-121.2136537955001,35.64220082136976],[-121.21352612859681,35.641982567623025],[-121.21374264472622,35.64163055819471],[-121.21411145205428,35.64148641007549],[-121.21434108000899,35.64109315439477],[-121.21285407899799,35.63943036313751],[-121.20852334752306,35.63752695197094],[-121.20796050145596,35.638005386926395],[-121.20789627581607,35.637914281421224],[-121.20765139200593,35.638000786465206],[-121.20723873091124,35.63768813429076],[-121.20695291029175,35.637629788408965],[-121.20560398040134,35.63869149489501],[-121.20544982762569,35.638671167597465],[-121.20551969385124,35.63850993866523],[-121.20490639981496,35.638232795506546],[-121.20510369227752,35.63807154518996],[-121.2051811539706,35.63774353752341],[-121.2049970144445,35.637354384077284],[-121.20382482041983,35.63646390820112],[-121.20317936414258,35.635538347541996],[-121.20269581012279,35.63442915083748],[-121.20284049383488,35.634230950475526],[-121.20244585535262,35.63306583399243],[-121.20252268131748,35.63276644119998],[-121.20278234283323,35.63291343067747],[-121.20536412113657,35.63348145611062],[-121.2040307385151,35.63274600579252],[-121.20346931807042,35.63276625551186],[-121.2030131360611,35.63200094285656],[-121.2026177679639,35.631651567929985],[-121.20290103738544,35.631526992693715],[-121.20324959723995,35.631618062063545],[-121.20377852271464,35.63148283819123],[-121.20308140257964,35.631300700604584],[-121.20319199109534,35.631059056659524],[-121.20377220414989,35.63098184360779],[-121.20506706015773,35.63108701823472],[-121.20524326085817,35.63104671003985],[-121.20505465497833,35.630857849778074],[-121.20505977371198,35.630628943400936],[-121.20530638881172,35.630575373148],[-121.20598726344272,35.6307000092611],[-121.20595701202016,35.63048488641505],[-121.2054160100846,35.630376645962926],[-121.20519587758292,35.6300298905197],[-121.20487884906484,35.630096723338404],[-121.20453221263665,35.62991981800693],[-121.2043630559774,35.62964537904915],[-121.20440290369243,35.62943130100798],[-121.20596187088289,35.629483157541124],[-121.20589593311222,35.62929612677777],[-121.2049012447243,35.6290952551356],[-121.20418408868585,35.62868557908595],[-121.20440330116158,35.628629865675],[-121.20691677899936,35.62911096945084],[-121.20797170946777,35.62896924575899],[-121.21019878159797,35.629717937433796],[-121.21204260299363,35.62957358735187],[-121.2133035233881,35.63002164481727],[-121.21614974336059,35.63052180451897],[-121.21701545746795,35.63100690329091],[-121.21811775775632,35.63196911685937],[-121.21863503876874,35.631515440556356],[-121.21900823994174,35.62979859168294],[-121.21898812782774,35.63093467950158],[-121.21855202628623,35.633333093447234],[-121.21846670223178,35.63545560787989],[-121.21841388103522,35.635679766215],[-121.21820533522613,35.63566920361691],[-121.21786397209337,35.63621452736311],[-121.21727551392247,35.63745091390973],[-121.21710093803344,35.63820683703274],[-121.21754118987617,35.63937750533593],[-121.21581982535695,35.64478761448654],[-121.2155027656194,35.64492010906008],[-121.21392895630265,35.64417556971721]]]},"properties":{"id":"CSS-GEO-069","unit":"KJug","label":"Monterey Formation, undivided","kind":"rock","latitude":35.63696290608392,"longitude":-121.21090737809402,"area_km2":1.44,"source_id":"usgs-san-simeon","source_url":"https://pubs.usgs.gov/sim/3327/","publication_year":2015,"depth_qualified":false,"fishing_target":false}},{"type":"Feature","geometry":{"type":"Polygon","coordinates":[[[-121.28443339642864,35.63269827362104],[-121.28264625559814,35.6322434528701],[-121.28193023967172,35.631911227820915],[-121.27987483352437,35.63068328966043],[-121.27878026341374,35.62961216801573],[-121.27887567941451,35.629237275770805],[-121.27967685562835,35.629696536604285],[-121.28027909957088,35.63022393457672],[-121.28368349826394,35.63190044847134],[-121.28385148342215,35.63224274377936],[-121.28496029670403,35.63265210912297],[-121.28443339642864,35.63269827362104]]]},"properties":{"id":"CSS-GEO-070","unit":"Tus","label":"Sedimentary bedrock, undivided","kind":"rock","latitude":35.63129032269507,"longitude":-121.2816697381503,"area_km2":0.04,"source_id":"usgs-san-simeon","source_url":"https://pubs.usgs.gov/sim/3327/","publication_year":2015,"depth_qualified":false,"fishing_target":false}},{"type":"Feature","geometry":{"type":"Polygon","coordinates":[[[-121.28861295023047,35.63297241450187],[-121.28834358781833,35.63327270848921],[-121.28747152185113,35.633063526217256],[-121.28623468706839,35.63249135528198],[-121.28527118892136,35.63245975168714],[-121.28481765303015,35.632149170374326],[-121.28454471953347,35.63159070731501],[-121.28489980321007,35.63138108958565],[-121.28602700481682,35.631616969785874],[-121.28816594496247,35.632349536745906],[-121.28861295023047,35.63297241450187]]]},"properties":{"id":"CSS-GEO-071","unit":"Tus","label":"Sedimentary bedrock, undivided","kind":"rock","latitude":35.63224852037511,"longitude":-121.28643242450876,"area_km2":0.033,"source_id":"usgs-san-simeon","source_url":"https://pubs.usgs.gov/sim/3327/","publication_year":2015,"depth_qualified":false,"fishing_target":false}},{"type":"Feature","geometry":{"type":"Polygon","coordinates":[[[-121.29022336663328,35.63349619647822],[-121.2897798987974,35.63374035339348],[-121.29019269826927,35.63390722084618],[-121.29067769455392,35.63377098947435],[-121.29139833375919,35.633888553433934],[-121.29178770796295,35.634126641234104],[-121.29202069176732,35.634505627020665],[-121.29260228822443,35.634979002414035],[-121.29349021393668,35.63547460605374],[-121.29346032054877,35.63584986371933],[-121.29293035932311,35.63603913803726],[-121.29083466788178,35.63463191648832],[-121.28865922224433,35.63388543927065],[-121.28844396810373,35.63370348456718],[-121.28893773583418,35.6331559251732],[-121.29022336663328,35.63349619647822]]]},"properties":{"id":"CSS-GEO-072","unit":"Tus","label":"Sedimentary bedrock, undivided","kind":"rock","latitude":35.634567864703556,"longitude":-121.29136364460322,"area_km2":0.041,"source_id":"usgs-san-simeon","source_url":"https://pubs.usgs.gov/sim/3327/","publication_year":2015,"depth_qualified":false,"fishing_target":false}},{"type":"Feature","geometry":{"type":"Polygon","coordinates":[[[-121.30012238570659,35.6368743449092],[-121.30044229065189,35.637290320437614],[-121.3003078130794,35.63743153974524],[-121.29941679024051,35.63707905832991],[-121.29906247612142,35.637252949322175],[-121.29927511123391,35.637560075876266],[-121.29972987182227,35.63781695159202],[-121.30075576008964,35.63801032774816],[-121.30146249632895,35.63775195423651],[-121.3020071678273,35.63790275182896],[-121.3020226431703,35.638207093511305],[-121.30264776524402,35.63869892472451],[-121.3029216039109,35.63922158225268],[-121.30460325475383,35.64053332018911],[-121.30527864918552,35.64072172318326],[-121.305509449642,35.64120798972066],[-121.30620298605649,35.64157553888109],[-121.30682438611514,35.64224619246758],[-121.30610062546128,35.642271793137525],[-121.30134836439228,35.639002614944076],[-121.30137860129403,35.638609470992044],[-121.30092004420499,35.638531443749564],[-121.3001256665675,35.63878857681772],[-121.30042518526821,35.639132706429926],[-121.30137893166511,35.639629181760185],[-121.30156740173332,35.640043300298004],[-121.30155793822499,35.64049040651635],[-121.30103137150857,35.640518757116865],[-121.30053125872382,35.6403328051838],[-121.30031823298214,35.64004356506685],[-121.30030238523022,35.639757107841476],[-121.29980531031944,35.63942807861671],[-121.29950806718176,35.63897664194118],[-121.29800028103539,35.63773885052629],[-121.29761731993361,35.63719674984954],[-121.29641087315983,35.63725124696143],[-121.29589040302724,35.63699342903684],[-121.29583189593593,35.63665269925892],[-121.29446349873461,35.63607875073332],[-121.29408247015755,35.63544721857595],[-121.29435914985397,35.634877319299356],[-121.29585147450891,35.635486078617504],[-121.29589317897577,35.63583064644107],[-121.29644048452843,35.635856278784416],[-121.29687294002765,35.63613073934474],[-121.29796527980864,35.6362893001036],[-121.30012238570659,35.6368743449092]]]},"properties":{"id":"CSS-GEO-073","unit":"Tus","label":"Sedimentary bedrock, undivided","kind":"rock","latitude":35.638552756001104,"longitude":-121.29989501471665,"area_km2":0.155,"source_id":"usgs-san-simeon","source_url":"https://pubs.usgs.gov/sim/3327/","publication_year":2015,"depth_qualified":false,"fishing_target":false}},{"type":"Feature","geometry":{"type":"Polygon","coordinates":[[[-121.28300879461082,35.6402224920542],[-121.28271690931969,35.640452613509986],[-121.28293345117558,35.6410647800516],[-121.28274733758525,35.64171808265212],[-121.28251382375939,35.64190217863877],[-121.28199939889686,35.641801165552714],[-121.28147854043958,35.63931054480968],[-121.28286859602913,35.638721198984385],[-121.28514122216552,35.63711358344906],[-121.2860682178518,35.63670504567458],[-121.28692090235603,35.63709195318323],[-121.28695637516117,35.63812322689846],[-121.28566517232204,35.63946367435704],[-121.28480249996149,35.63954514791791],[-121.28423585301873,35.63990219567962],[-121.28300879461082,35.6402224920542]]]},"properties":{"id":"CSS-GEO-074","unit":"Tus","label":"Sedimentary bedrock, undivided","kind":"rock","latitude":35.639043460377536,"longitude":-121.28410848991231,"area_km2":0.115,"source_id":"usgs-san-simeon","source_url":"https://pubs.usgs.gov/sim/3327/","publication_year":2015,"depth_qualified":false,"fishing_target":false}},{"type":"Feature","geometry":{"type":"Polygon","coordinates":[[[-121.29914919480575,35.63936514492215],[-121.29905701238124,35.63957851733453],[-121.30009573719668,35.64020143050231],[-121.30022150668806,35.640471549608186],[-121.30112766268482,35.64114625109644],[-121.30055139656021,35.641164763260555],[-121.29929944624945,35.64054797868491],[-121.2986369600695,35.63975147918023],[-121.29665326896209,35.63822071292246],[-121.29691882190932,35.63809924138457],[-121.29815582223127,35.638671306542186],[-121.29914919480575,35.63936514492215]]]},"properties":{"id":"CSS-GEO-075","unit":"Tus","label":"Sedimentary bedrock, undivided","kind":"rock","latitude":35.639665243354905,"longitude":-121.29886432299014,"area_km2":0.026,"source_id":"usgs-san-simeon","source_url":"https://pubs.usgs.gov/sim/3327/","publication_year":2015,"depth_qualified":false,"fishing_target":false}},{"type":"Feature","geometry":{"type":"Polygon","coordinates":[[[-121.31421318894739,35.64470234178731],[-121.31302092324354,35.644077398621036],[-121.31236739092014,35.64388934496575],[-121.31217932021973,35.64449495551082],[-121.31160815702488,35.64455850655044],[-121.31104376868296,35.6443001373678],[-121.31072039329567,35.64404514693873],[-121.31063042578036,35.64311362490437],[-121.31004225761424,35.64294436555658],[-121.3090548237049,35.64300206274515],[-121.30763633467524,35.64167619484346],[-121.30664398915357,35.64092877141124],[-121.30621562618323,35.64045761714836],[-121.30626284164134,35.64029727502117],[-121.30685022605154,35.64050232109361],[-121.30747728222248,35.640904706855714],[-121.30945974535274,35.64250683869229],[-121.31110821877276,35.642279515987354],[-121.31249499509478,35.64303243227957],[-121.31359396283071,35.64392441811837],[-121.31398495663147,35.644090900564905],[-121.31466303571791,35.64415406138764],[-121.31483042594685,35.644532086195454],[-121.3147520944314,35.64478435088],[-121.31421318894739,35.64470234178731]]]},"properties":{"id":"CSS-GEO-076","unit":"Tus","label":"Sedimentary bedrock, undivided","kind":"rock","latitude":35.64273423024772,"longitude":-121.31036577476493,"area_km2":0.073,"source_id":"usgs-san-simeon","source_url":"https://pubs.usgs.gov/sim/3327/","publication_year":2015,"depth_qualified":false,"fishing_target":false}},{"type":"Feature","geometry":{"type":"Polygon","coordinates":[[[-121.19450643606507,35.58467998358583],[-121.19554339463373,35.585313774286504],[-121.19584342247254,35.585684642058595],[-121.19577079811383,35.585798046539495],[-121.19521111896456,35.58575531716061],[-121.1947865353994,35.5853138866985],[-121.19409497532908,35.58490280132552],[-121.19342321419205,35.584858383847305],[-121.19301445780614,35.584337040261595],[-121.19232239971197,35.58394883580344],[-121.19182881709519,35.58346056326109],[-121.19159541355225,35.58262126804182],[-121.19189015167478,35.58260279269822],[-121.19200506861391,35.58247857593654],[-121.19235404759104,35.58254105762245],[-121.19273837199526,35.58290174829345],[-121.19293477894597,35.58289324474058],[-121.19310676618808,35.582724086007076],[-121.19450643606507,35.58467998358583]]]},"properties":{"id":"CSS-GEO-077","unit":"Tus","label":"Sedimentary bedrock, undivided","kind":"rock","latitude":35.584153956576515,"longitude":-121.1934031523434,"area_km2":0.041,"source_id":"usgs-san-simeon","source_url":"https://pubs.usgs.gov/sim/3327/","publication_year":2015,"depth_qualified":false,"fishing_target":false}},{"type":"Feature","geometry":{"type":"Polygon","coordinates":[[[-121.19065559582559,35.586741602171216],[-121.19119480729776,35.58769425713217],[-121.19195192975127,35.58830670361305],[-121.19287280506933,35.5886496835419],[-121.19371527309164,35.58936358041776],[-121.1949802104103,35.59077075315865],[-121.19471009415204,35.59109587013222],[-121.19404387383427,35.59111450981702],[-121.19336560321537,35.5908896682879],[-121.19160030107447,35.58991862650938],[-121.19119745766797,35.58991257950497],[-121.19067252721969,35.58910325380801],[-121.1901322245435,35.587420693450625],[-121.19003808935493,35.586932688471194],[-121.19043145349418,35.58658080993269],[-121.19065559582559,35.586741602171216]]]},"properties":{"id":"CSS-GEO-078","unit":"Tus","label":"Sedimentary bedrock, undivided","kind":"rock","latitude":35.58887807781887,"longitude":-121.19187955358989,"area_km2":0.081,"source_id":"usgs-san-simeon","source_url":"https://pubs.usgs.gov/sim/3327/","publication_year":2015,"depth_qualified":false,"fishing_target":false}},{"type":"Feature","geometry":{"type":"Polygon","coordinates":[[[-121.21601269507967,35.592428794038],[-121.2163656594702,35.593067081526016],[-121.21623297424632,35.59353158276266],[-121.21573623076303,35.59385741765482],[-121.21331652383711,35.593521687874926],[-121.21318009092292,35.59323645339162],[-121.21361197142414,35.59307626251801],[-121.21497510670213,35.59322974195306],[-121.2151845489494,35.592982952510305],[-121.21526716465172,35.59201792528289],[-121.21601269507967,35.592428794038]]]},"properties":{"id":"CSS-GEO-079","unit":"Tus","label":"Sedimentary bedrock, undivided","kind":"rock","latitude":35.59270722260132,"longitude":-121.21568968176913,"area_km2":0.025,"source_id":"usgs-san-simeon","source_url":"https://pubs.usgs.gov/sim/3327/","publication_year":2015,"depth_qualified":false,"fishing_target":false}},{"type":"Feature","geometry":{"type":"Polygon","coordinates":[[[-121.19847338153016,35.596373693433684],[-121.19946188055353,35.59683212724322],[-121.19975998209873,35.59682227054343],[-121.20034443397661,35.596544771884616],[-121.20058614030279,35.59670580934068],[-121.20088990803403,35.59722556007736],[-121.20095026856222,35.598442938793475],[-121.2005486617384,35.5983796950379],[-121.19963308878698,35.597793556453155],[-121.19841570127201,35.59660181449148],[-121.19847338153016,35.596373693433684]]]},"properties":{"id":"CSS-GEO-080","unit":"Tus","label":"Sedimentary bedrock, undivided","kind":"rock","latitude":35.59750739531457,"longitude":-121.20011660190093,"area_km2":0.025,"source_id":"usgs-san-simeon","source_url":"https://pubs.usgs.gov/sim/3327/","publication_year":2015,"depth_qualified":false,"fishing_target":false}},{"type":"Feature","geometry":{"type":"Polygon","coordinates":[[[-121.22771554942219,35.60003165853832],[-121.22730955842626,35.59994238722624],[-121.22590753291803,35.598772242983145],[-121.22485823537527,35.59825700083686],[-121.22414808387487,35.59716366704299],[-121.22441647298886,35.597017686583925],[-121.22617758929904,35.597626712054144],[-121.22756324944233,35.59861335790462],[-121.22771554942219,35.60003165853832]]]},"properties":{"id":"CSS-GEO-081","unit":"Tus","label":"Sedimentary bedrock, undivided","kind":"rock","latitude":35.59843596217392,"longitude":-121.22626339788778,"area_km2":0.041,"source_id":"usgs-san-simeon","source_url":"https://pubs.usgs.gov/sim/3327/","publication_year":2015,"depth_qualified":false,"fishing_target":false}},{"type":"Feature","geometry":{"type":"Polygon","coordinates":[[[-121.19686655153104,35.59692211515117],[-121.19777163527463,35.597193265177275],[-121.19916760144862,35.59901738863515],[-121.19987041456832,35.5997148436654],[-121.20021680656727,35.60067888931598],[-121.20017632339575,35.6009215803817],[-121.1998078177654,35.600944697336004],[-121.19956802285257,35.60069781802115],[-121.19943782192773,35.600252215721774],[-121.19820757093063,35.599632739823264],[-121.19632949784925,35.597429289770695],[-121.19652924419984,35.597117427770876],[-121.19686655153104,35.59692211515117]]]},"properties":{"id":"CSS-GEO-082","unit":"Tus","label":"Sedimentary bedrock, undivided","kind":"rock","latitude":35.598223862909485,"longitude":-121.19778300925236,"area_km2":0.051,"source_id":"usgs-san-simeon","source_url":"https://pubs.usgs.gov/sim/3327/","publication_year":2015,"depth_qualified":false,"fishing_target":false}},{"type":"Feature","geometry":{"type":"Polygon","coordinates":[[[-121.26901892652361,35.603056280006804],[-121.27022652730848,35.60414817185582],[-121.27028890229276,35.60450685836215],[-121.27054460144623,35.60483969797861],[-121.2709306338313,35.604816615980134],[-121.27156898483288,35.605283749740515],[-121.27171342212932,35.605901224178766],[-121.27135595961913,35.60622526291966],[-121.27113198416947,35.607025621516925],[-121.27038959287059,35.60715596251613],[-121.26975554825901,35.60648852065185],[-121.26897370517554,35.60536097879008],[-121.26809868038512,35.60530546734544],[-121.26747848493456,35.604809953304915],[-121.26587185259618,35.60292632176213],[-121.26490194195455,35.602397136092684],[-121.26457743597216,35.60200604803596],[-121.26448406886546,35.601460859380985],[-121.26545335905254,35.60139651014484],[-121.26768367804914,35.60234773617458],[-121.26901892652361,35.603056280006804]]]},"properties":{"id":"CSS-GEO-083","unit":"Tus","label":"Sedimentary bedrock, undivided","kind":"rock","latitude":35.604304313196785,"longitude":-121.26864254874292,"area_km2":0.145,"source_id":"usgs-san-simeon","source_url":"https://pubs.usgs.gov/sim/3327/","publication_year":2015,"depth_qualified":false,"fishing_target":false}},{"type":"Feature","geometry":{"type":"Polygon","coordinates":[[[-121.23572416658224,35.6046606089942],[-121.23598361803481,35.60483436745595],[-121.23614739101151,35.60545313668131],[-121.23659951277564,35.605672997379514],[-121.23659366428396,35.605939464496146],[-121.23610481752205,35.605905652565845],[-121.2344437623722,35.60500169629895],[-121.23419817115855,35.605038079760796],[-121.23503187414849,35.605716678044054],[-121.2350105847934,35.605942935703354],[-121.23322538046659,35.60549028373629],[-121.23243155080294,35.60522541324947],[-121.2310816920849,35.60427266675164],[-121.23131448702536,35.604076170412036],[-121.23142527477484,35.60349138163],[-121.23184767522137,35.60357754817689],[-121.23200524389041,35.60383308535456],[-121.23212413145761,35.60362158854514],[-121.23237672541079,35.60352303448108],[-121.23279534451247,35.603524815455835],[-121.233075517115,35.604141995620225],[-121.23417579155532,35.60457128457221],[-121.23572416658224,35.6046606089942]]]},"properties":{"id":"CSS-GEO-084","unit":"Tus","label":"Sedimentary bedrock, undivided","kind":"rock","latitude":35.604716816629406,"longitude":-121.23376067116803,"area_km2":0.059,"source_id":"usgs-san-simeon","source_url":"https://pubs.usgs.gov/sim/3327/","publication_year":2015,"depth_qualified":false,"fishing_target":false}},{"type":"Feature","geometry":{"type":"Polygon","coordinates":[[[-121.20510723661971,35.61026881827399],[-121.20595515821081,35.610638541269225],[-121.20543133313569,35.609934287346405],[-121.20397708815054,35.60846262146058],[-121.20292650045245,35.60690735176214],[-121.20261558874111,35.60629877575818],[-121.20244657155946,35.60523720368773],[-121.20226187290771,35.60487665999623],[-121.2020061415995,35.60455799116191],[-121.2015892279952,35.60439434087593],[-121.20073478452775,35.60342271224278],[-121.20026009053564,35.60192722639159],[-121.20041080467178,35.601457198539606],[-121.2006226174291,35.601388805067934],[-121.20121020615335,35.6017553667306],[-121.2015799960895,35.60167501882374],[-121.2019886629733,35.601423512348724],[-121.20268912617718,35.6006611432103],[-121.20320032899352,35.60052565395441],[-121.20356371597212,35.60073143388603],[-121.2039639884128,35.60163902683976],[-121.2046997271565,35.60164999336027],[-121.20521093332076,35.60151449567571],[-121.20548801902967,35.601661738221146],[-121.20561921529902,35.60206441477935],[-121.20719017886664,35.601611544624355],[-121.20721779601053,35.60188785308725],[-121.2069454528554,35.6023131452932],[-121.20713176466069,35.60260214874663],[-121.20695243529514,35.60278552903233],[-121.20687342436865,35.603185075387636],[-121.20698902623016,35.6035016494953],[-121.20731963485825,35.60360675009075],[-121.20805446634718,35.60287348481939],[-121.20856376156658,35.60282381253696],[-121.21001456094695,35.60298849371763],[-121.21246773642085,35.604570563210125],[-121.21335258138849,35.60497010086077],[-121.21403420915594,35.60505176570011],[-121.2151757680911,35.60493988094519],[-121.21572968551938,35.605248628867436],[-121.21714170026745,35.60558438755817],[-121.21805111308409,35.60606296840417],[-121.21890508833697,35.60627595867252],[-121.21928289069155,35.606625020989135],[-121.22075868460726,35.60724791155309],[-121.22114188498654,35.60735375226329],[-121.22158365971319,35.60718853605077],[-121.22230225507006,35.607184831105876],[-121.22272060550057,35.60807831953117],[-121.22296524166927,35.608110551624854],[-121.22433255991604,35.60730064460185],[-121.22473233632849,35.60744965283367],[-121.22545219764824,35.60738870169432],[-121.22571940758348,35.60719227550026],[-121.22574419365077,35.60686347470425],[-121.22718737760447,35.60658417998843],[-121.22811320302827,35.60751374077015],[-121.22862237262146,35.608265429258616],[-121.22929742525454,35.60864745448022],[-121.22957566524752,35.609613910537995],[-121.23000928242921,35.60974559485917],[-121.23045628339085,35.610138573261025],[-121.23179427811901,35.610659126154644],[-121.23264928779932,35.61082910054684],[-121.23286296080255,35.61112261919175],[-121.23291449816736,35.61151994567201],[-121.23380172848445,35.61181918935317],[-121.23437822844957,35.61270064601749],[-121.23472391726015,35.61292038640784],[-121.23551956226305,35.612602877782905],[-121.2358824611308,35.6128371776152],[-121.23589055476967,35.613266643023366],[-121.23552945985566,35.613747947069626],[-121.23562672586337,35.61410716097123],[-121.23627711479368,35.61481795268227],[-121.23598955579011,35.61514290694636],[-121.2360060578432,35.61598753052896],[-121.23622471897934,35.61640576775625],[-121.23663737292539,35.61676959864639],[-121.2366636196246,35.61717070651516],[-121.2364073257503,35.61766785846135],[-121.23669419420456,35.61817296262683],[-121.23693855369136,35.61821947425002],[-121.23706427807822,35.618879646356056],[-121.2369165664267,35.619220960807404],[-121.23756810558069,35.61988167179243],[-121.2376306571598,35.62022606448571],[-121.23714248787334,35.620905875303016],[-121.23684586919924,35.62084428748381],[-121.23673476664652,35.621114579868],[-121.23665933710815,35.62135677226701],[-121.23682576359742,35.62175993205246],[-121.23682914871009,35.62240400069769],[-121.23650808845433,35.62265690838177],[-121.23498237475229,35.62269180554082],[-121.2328856611205,35.62238914152193],[-121.23234687646078,35.622180874291324],[-121.23216169088575,35.62183467931629],[-121.23147435042033,35.62120919228331],[-121.23051788498667,35.62086597979489],[-121.23043878761185,35.62047840626178],[-121.22934910120246,35.61981837247149],[-121.22939108478558,35.6195041366134],[-121.22911704774205,35.61921387690868],[-121.2278790079189,35.61892374962254],[-121.2272041939202,35.6185274079285],[-121.2250856752519,35.61842465062827],[-121.22223738441113,35.61882630156716],[-121.22113606474366,35.61869554860489],[-121.21912878196105,35.61910954335736],[-121.21610345796586,35.61919357829564],[-121.2140820981234,35.618662720426556],[-121.21310086871911,35.61824815041241],[-121.21118566382629,35.61728877043286],[-121.20994336472005,35.616414938921345],[-121.21268465658193,35.62004091075293],[-121.2122537715288,35.62051076700604],[-121.21198935133566,35.620578399222666],[-121.21172875517992,35.62047435016087],[-121.21158348305737,35.620701176457096],[-121.21187243292617,35.621106188243814],[-121.21183069850532,35.62140611008139],[-121.21149236430222,35.621644381187735],[-121.21158889264049,35.6220322246625],[-121.21135982334248,35.62287320044395],[-121.21088353451924,35.6230092407228],[-121.20933266359401,35.6225997839029],[-121.2072306380865,35.622539889742185],[-121.20682703936195,35.621775374276346],[-121.20650040670719,35.62070430624238],[-121.20520487420826,35.620442442640496],[-121.20417385135006,35.62049790230645],[-121.20349922959548,35.61931430128757],[-121.20272741573683,35.618558590357914],[-121.20247420322383,35.6181254677092],[-121.20249501788857,35.617195533040224],[-121.20349819432627,35.617010139515216],[-121.20362820097067,35.616682914412145],[-121.20408598334734,35.6165895607667],[-121.20436095096693,35.61604982440123],[-121.20401821531564,35.61570123889139],[-121.20364868117707,35.61576728560399],[-121.20350115555594,35.6160942495041],[-121.2032201830492,35.616118681389736],[-121.20290833180538,35.61595660225584],[-121.2025321140021,35.61413981424545],[-121.20289635128292,35.613358891121074],[-121.2029846764143,35.61254445440946],[-121.20333699505493,35.61246384127011],[-121.20476499836556,35.612871542535665],[-121.20546190417791,35.61384079638177],[-121.20537615948737,35.61454078191868],[-121.20573459836773,35.6148121967095],[-121.2061621388,35.6147372728769],[-121.20742552966479,35.6153798967831],[-121.20977703458246,35.61620498003555],[-121.20812445074921,35.613400293822245],[-121.20658121591795,35.61150396881307],[-121.20331788789683,35.609757343603],[-121.20254395113658,35.60897011938589],[-121.20222221396227,35.60890453027042],[-121.20187859702646,35.608636990304085],[-121.20180561657737,35.6083611813379],[-121.20190813733463,35.60824088354774],[-121.20334354041437,35.608610369127824],[-121.20335465077181,35.60899837404041],[-121.20510723661971,35.61026881827399]]]},"properties":{"id":"CSS-GEO-085","unit":"Tus","label":"Sedimentary bedrock, undivided","kind":"rock","latitude":35.612045708361926,"longitude":-121.22046928271166,"area_km2":4.516,"source_id":"usgs-san-simeon","source_url":"https://pubs.usgs.gov/sim/3327/","publication_year":2015,"depth_qualified":false,"fishing_target":false}},{"type":"Feature","geometry":{"type":"Polygon","coordinates":[[[-121.2715801566096,35.621519481256435],[-121.2714310446016,35.62193237871394],[-121.2709705262251,35.62215475427348],[-121.27034895502365,35.621716480902904],[-121.26692757791038,35.62025044926177],[-121.2673020272934,35.61995529302081],[-121.2677234859771,35.619918419496145],[-121.26937483545208,35.62055755849138],[-121.27036097408381,35.62115850022157],[-121.2712702943174,35.62125742452402],[-121.2715801566096,35.621519481256435]]]},"properties":{"id":"CSS-GEO-086","unit":"Tus","label":"Sedimentary bedrock, undivided","kind":"rock","latitude":35.62084671405196,"longitude":-121.26908028030199,"area_km2":0.03,"source_id":"usgs-san-simeon","source_url":"https://pubs.usgs.gov/sim/3327/","publication_year":2015,"depth_qualified":false,"fishing_target":false}},{"type":"Feature","geometry":{"type":"Polygon","coordinates":[[[-121.25868462446097,35.62775248622765],[-121.2570094846075,35.62739908804254],[-121.25469687294235,35.626535525389365],[-121.25373494750454,35.62643571265294],[-121.25329147684349,35.6258711305585],[-121.252261337179,35.625684446666405],[-121.25080535023157,35.62580610837111],[-121.24866402732745,35.62505972833738],[-121.24684021305708,35.62422712241002],[-121.24550890711622,35.623854570886465],[-121.2447982904884,35.62348642877563],[-121.24421816290857,35.62356384231694],[-121.24401633892143,35.62397593523395],[-121.24336392477682,35.6241524713458],[-121.24264485993609,35.62417060461011],[-121.23996982143333,35.62385962431482],[-121.23639745446988,35.62290574037256],[-121.23698622203895,35.62243492303742],[-121.23699156233396,35.62219170454725],[-121.23724252886811,35.621937770567435],[-121.23687054668619,35.62131692970887],[-121.23740029540564,35.62113863266409],[-121.23751484894787,35.620710962515],[-121.23810092528323,35.620361748263086],[-121.23814256121223,35.62006181533901],[-121.23799208447728,35.61973044817472],[-121.23711071853302,35.619159401216464],[-121.23740488262321,35.61853399745605],[-121.23721905452813,35.6182164244349],[-121.2369237020441,35.61809760845372],[-121.23677071965135,35.61788069620552],[-121.23672600863758,35.61752225266732],[-121.2370626838874,35.617355442514565],[-121.23721510164434,35.616799522792135],[-121.23711970998461,35.61635446843752],[-121.23759409657642,35.61550271682598],[-121.23674066451558,35.61445979386604],[-121.23668691476108,35.61371480646457],[-121.2371437050295,35.61366424631718],[-121.23732550344587,35.613366363660205],[-121.23805074697172,35.613062119545795],[-121.23880694874636,35.612944374538095],[-121.2392433906577,35.61302231268816],[-121.24040161864356,35.6129533681736],[-121.24071447846318,35.61307243031659],[-121.2409315916575,35.61356219451852],[-121.24202096632354,35.61503787856818],[-121.24226248713073,35.61601459087675],[-121.24260883961647,35.61620569470705],[-121.24404213199698,35.61638402494469],[-121.24477270727753,35.616637970361865],[-121.24523796626113,35.61700253886259],[-121.2477119500186,35.61768257598961],[-121.25113693334683,35.61936387479377],[-121.25153713394414,35.61949848894452],[-121.25276211346903,35.61958782282227],[-121.25467087345666,35.62047419228334],[-121.25786950584879,35.621694051127605],[-121.2586912014833,35.62179180289707],[-121.25908103859643,35.621597075385985],[-121.25936884194701,35.621257757238915],[-121.25982876525252,35.62106404006965],[-121.26121705905719,35.62089803933551],[-121.26157401069179,35.62060264777426],[-121.26017175584722,35.61979526201196],[-121.26007592330987,35.61936452944931],[-121.26038147331253,35.61941903384851],[-121.26486598760766,35.621158179287384],[-121.26616441548465,35.62190676932919],[-121.26640973141859,35.621910300476415],[-121.26689295320429,35.62226073369723],[-121.26844475984079,35.62264084383953],[-121.26898451484558,35.62362179249578],[-121.26911196078616,35.62443624659527],[-121.27071863526079,35.62449108895713],[-121.27237595223932,35.62485835238579],[-121.27386634703585,35.62565254896421],[-121.27459095674614,35.62619246285796],[-121.27437882871484,35.626275293314315],[-121.27269627544595,35.62544972312201],[-121.27171989096074,35.62520673070339],[-121.2700401145797,35.62506812106213],[-121.26917173719426,35.62475245735172],[-121.26920207892553,35.62491296501555],[-121.26862251348037,35.62577764352826],[-121.26903721616146,35.62605552543247],[-121.26930068660572,35.62603068770204],[-121.27016730635923,35.626486798006155],[-121.27075972019293,35.62665273366611],[-121.27108589210333,35.6269722722492],[-121.271537505463,35.627164805105906],[-121.27284624999696,35.62744118917697],[-121.27303501113724,35.627629947608206],[-121.272176032366,35.62763193907695],[-121.27077812641164,35.62742582551428],[-121.2702926990677,35.62717555694267],[-121.27004520843833,35.62727218335721],[-121.27088507819073,35.628157252908196],[-121.27114789898377,35.62897678817811],[-121.27038850247897,35.62923780555336],[-121.27020801831266,35.62947851029763],[-121.27059813162406,35.63008520020232],[-121.27055876742037,35.630284997967664],[-121.27005821549434,35.63073578033005],[-121.269481138856,35.63067024325365],[-121.26923147695629,35.630867017617675],[-121.26788702364941,35.63061870335081],[-121.26713285229657,35.630636477291006],[-121.26300926855016,35.62920316076435],[-121.26183134535722,35.6289571802161],[-121.26136921143687,35.629251053263275],[-121.25868462446097,35.62775248622765]]]},"properties":{"id":"CSS-GEO-087","unit":"Tus","label":"Sedimentary bedrock, undivided","kind":"rock","latitude":35.62187177878752,"longitude":-121.25186251185015,"area_km2":2.575,"source_id":"usgs-san-simeon","source_url":"https://pubs.usgs.gov/sim/3327/","publication_year":2015,"depth_qualified":false,"fishing_target":false}},{"type":"Feature","geometry":{"type":"Polygon","coordinates":[[[-121.20439668289407,35.62620911094413],[-121.20419088816249,35.62600568258487],[-121.2047430562296,35.62561319379131],[-121.2047265647144,35.624782883342014],[-121.20541026875385,35.624778761419634],[-121.20765568133253,35.62548483762829],[-121.20782715610015,35.62537798782693],[-121.20884200384128,35.62563880275816],[-121.20954371630418,35.625613458564274],[-121.2104556948204,35.62598479983243],[-121.21202917816184,35.62616917366134],[-121.21308175400823,35.626131126785744],[-121.21449115275328,35.62581213221404],[-121.21478305969234,35.625494451333445],[-121.21479220575057,35.62508313194855],[-121.21466555654497,35.62486658190047],[-121.21429598158706,35.62473587788928],[-121.2140194524282,35.624682121545746],[-121.21392439449235,35.62499119422375],[-121.21335793486259,35.625240399382406],[-121.21153874911954,35.62507028430072],[-121.21116694532593,35.62523649989072],[-121.21092449581985,35.62510409559989],[-121.21094552543572,35.62494698120281],[-121.21050777559351,35.6249261663703],[-121.21012801623277,35.62466291725843],[-121.21018728178653,35.624363256799995],[-121.21006053066104,35.62435296654762],[-121.21031746714168,35.624027440401285],[-121.21077783457267,35.62381960872873],[-121.21059305884113,35.62345907654411],[-121.21108496170685,35.62340913807541],[-121.21161254166292,35.624118235023424],[-121.21155455637566,35.62436066949643],[-121.21225291256411,35.62448552924828],[-121.21342979597718,35.62437418967214],[-121.21384878993855,35.62448398759999],[-121.21280865515149,35.623142773501954],[-121.21280291547471,35.622613163657206],[-121.21434010207113,35.62285063653505],[-121.2161244585606,35.62363506096592],[-121.21809631663159,35.623307346604854],[-121.218770948292,35.62351410916727],[-121.21891593868558,35.623891930524316],[-121.21873158772614,35.624300659481264],[-121.21705634044802,35.62429903826547],[-121.21762861356599,35.6249801951473],[-121.21793200023559,35.62560264763408],[-121.21890691506562,35.62874303448619],[-121.21897999702334,35.63018957491273],[-121.21863503876874,35.631515440556356],[-121.21811775775632,35.63196911685937],[-121.21701545746795,35.63100690329091],[-121.21614974336059,35.63052180451897],[-121.2133035233881,35.63002164481727],[-121.21204260299363,35.62957358735187],[-121.21019878159797,35.629717937433796],[-121.20797170946777,35.62896924575899],[-121.20691677899936,35.62911096945084],[-121.20440330116158,35.628629865675],[-121.20418408868585,35.62868557908595],[-121.20432955898426,35.62842638513221],[-121.2047682851314,35.62840430297019],[-121.20485910142847,35.62826254247547],[-121.20470715025755,35.62800267094577],[-121.20522083278834,35.6269799029444],[-121.20521418449947,35.62649321448795],[-121.205007747183,35.62631840077112],[-121.20439668289407,35.62620911094413]]]},"properties":{"id":"CSS-GEO-088","unit":"Tus","label":"Sedimentary bedrock, undivided","kind":"rock","latitude":35.62759257400266,"longitude":-121.21177251846194,"area_km2":0.727,"source_id":"usgs-san-simeon","source_url":"https://pubs.usgs.gov/sim/3327/","publication_year":2015,"depth_qualified":false,"fishing_target":false}},{"type":"Feature","geometry":{"type":"Polygon","coordinates":[[[-121.19030774662934,35.576902045583026],[-121.1899176059431,35.576789251408535],[-121.18923283366594,35.57522840907389],[-121.18888591677829,35.57513408312777],[-121.18692097607261,35.57326882360888],[-121.1865704545333,35.57333483920277],[-121.18622515610534,35.5731692403687],[-121.18601270910648,35.572916527794874],[-121.18625539881377,35.572795424090614],[-121.18632724754778,35.57251134565063],[-121.1860509889243,35.57218638395308],[-121.18564188299,35.5719485333371],[-121.1854201974611,35.57210559696804],[-121.18541537469525,35.57231939438713],[-121.18408707809066,35.57124786108362],[-121.18430916581039,35.571072983072106],[-121.18465806968597,35.571078239270804],[-121.18404176813408,35.57035605606815],[-121.1840522245233,35.56989282956981],[-121.18447096508075,35.569703091338916],[-121.18479524348635,35.56983273355412],[-121.1850372218991,35.57070967852572],[-121.18571040944116,35.57084457248291],[-121.18595228969562,35.57075910104784],[-121.18739235274701,35.57132929043463],[-121.1919380235473,35.575653700743196],[-121.19318402843147,35.577052140629355],[-121.19435649144083,35.579244055861956],[-121.19482930067234,35.58053435698596],[-121.1946534370884,35.58156542527708],[-121.19262216667158,35.58069731961022],[-121.19189707693081,35.57995572093225],[-121.19085528887005,35.578745980576194],[-121.19083571883979,35.57767633920063],[-121.19030774662934,35.576902045583026]]]},"properties":{"id":"CSS-GEO-089","unit":"Tus","label":"Sedimentary bedrock, undivided","kind":"rock","latitude":35.57622349936554,"longitude":-121.19106230446314,"area_km2":0.288,"source_id":"usgs-san-simeon","source_url":"https://pubs.usgs.gov/sim/3327/","publication_year":2015,"depth_qualified":false,"fishing_target":false}},{"type":"Feature","geometry":{"type":"Polygon","coordinates":[[[-121.18890841333543,35.5770414251682],[-121.18890199418712,35.577326487507335],[-121.18922871723713,35.577349220364184],[-121.18944279004566,35.57753066123025],[-121.18913265892418,35.5777398702601],[-121.18901639530944,35.57805892759561],[-121.18817482976264,35.57861659555195],[-121.18767122448037,35.578698135042885],[-121.1863893364496,35.578464979042565],[-121.18633395603199,35.57801858471207],[-121.185642919245,35.57770520061847],[-121.18586743232689,35.577423421234],[-121.18634761631812,35.57741282725418],[-121.18655473740064,35.576934737711554],[-121.18643232419825,35.5765586242331],[-121.18773879990343,35.5766673917638],[-121.18807689266956,35.57715368171474],[-121.18848964360569,35.577231176883714],[-121.18860390163658,35.57700120246136],[-121.18890841333543,35.5770414251682]]]},"properties":{"id":"CSS-GEO-090","unit":"Tus","label":"Sedimentary bedrock, undivided","kind":"rock","latitude":35.57760860703091,"longitude":-121.18751443315746,"area_km2":0.048,"source_id":"usgs-san-simeon","source_url":"https://pubs.usgs.gov/sim/3327/","publication_year":2015,"depth_qualified":false,"fishing_target":false}},{"type":"Feature","geometry":{"type":"Polygon","coordinates":[[[-121.17907132778141,35.579431525899714],[-121.17848605575732,35.5792562048452],[-121.1780394825995,35.5788630432704],[-121.17662182870961,35.57813646787647],[-121.17676367445048,35.578729254917846],[-121.17648153015546,35.578810854372826],[-121.17649352781892,35.579054331561174],[-121.17633299668029,35.57918070527596],[-121.17593442886611,35.57898862379603],[-121.1755923087941,35.57785283700877],[-121.17617415150313,35.57788964553312],[-121.17582678054909,35.57755584609892],[-121.17581381145202,35.5773552884858],[-121.17653667005423,35.57715155707629],[-121.17689858497407,35.57741463928314],[-121.17812596383891,35.577203553339174],[-121.17813221865292,35.57786264136922],[-121.17833361478755,35.57825209643479],[-121.17874904938685,35.57847304877003],[-121.17875878604225,35.57881667099633],[-121.17835697438153,35.57876766304242],[-121.17894397194902,35.57914863422141],[-121.17907132778141,35.579431525899714]]]},"properties":{"id":"CSS-GEO-091","unit":"Tus","label":"Sedimentary bedrock, undivided","kind":"rock","latitude":35.57835105769298,"longitude":-121.17777968658007,"area_km2":0.039,"source_id":"usgs-san-simeon","source_url":"https://pubs.usgs.gov/sim/3327/","publication_year":2015,"depth_qualified":false,"fishing_target":false}},{"type":"Feature","geometry":{"type":"Polygon","coordinates":[[[-121.17649417160436,35.579798538696764],[-121.17680842533643,35.57984622818319],[-121.17715154205608,35.580166271105554],[-121.17749952602192,35.58027171577753],[-121.17783421988773,35.580963728119315],[-121.17814620913607,35.581111560120604],[-121.17814134724576,35.58132615932494],[-121.17613450245864,35.580980947571604],[-121.17562695514586,35.58095895282457],[-121.17502762355075,35.581121615593034],[-121.17440592964205,35.58072578838915],[-121.17358773830234,35.57972589739823],[-121.17371324979129,35.579598996685924],[-121.1746573017743,35.57968485813648],[-121.17584555783372,35.57981734451741],[-121.17634888048785,35.580025323185296],[-121.17649417160436,35.579798538696764]]]},"properties":{"id":"CSS-GEO-092","unit":"Tus","label":"Sedimentary bedrock, undivided","kind":"rock","latitude":35.580498115009945,"longitude":-121.17590998135194,"area_km2":0.044,"source_id":"usgs-san-simeon","source_url":"https://pubs.usgs.gov/sim/3327/","publication_year":2015,"depth_qualified":false,"fishing_target":false}},{"type":"Feature","geometry":{"type":"Polygon","coordinates":[[[-121.18616885187146,35.58503944905081],[-121.18674680751283,35.585048147848894],[-121.1862702978269,35.58442558120557],[-121.18566740816611,35.584745669371],[-121.18479495100928,35.58458941455738],[-121.18383939091557,35.583458718729936],[-121.18289722161904,35.58328708817297],[-121.1829513781603,35.58321634754347],[-121.18255406744571,35.58296705978565],[-121.18194530664145,35.58277182730518],[-121.18165243446785,35.5825527352765],[-121.18143673345469,35.582019955126114],[-121.18097455940512,35.58154069995551],[-121.18132611396018,35.581488760625625],[-121.18156154679835,35.58114883776848],[-121.18182715231534,35.58102404253981],[-121.18174573420247,35.58075089529759],[-121.18148595294105,35.58061817191278],[-121.18146358723999,35.580832507236515],[-121.18109743630575,35.58075542262329],[-121.1808214379702,35.58056520717734],[-121.18005667527584,35.579523232098964],[-121.17984393365288,35.57963451053722],[-121.17965249293742,35.57956857342844],[-121.17969247365117,35.57936030397207],[-121.17896634365879,35.578934300394806],[-121.17882395803387,35.578259508072286],[-121.1785804069967,35.57818426969031],[-121.17846565812114,35.57721262100617],[-121.17914239711895,35.57734838477707],[-121.18088619946577,35.578476706493674],[-121.18178778455986,35.578891035552175],[-121.1818523356453,35.57913530538891],[-121.18254281171971,35.57958937788718],[-121.18289338709496,35.57958035346794],[-121.18332247597787,35.57997323380242],[-121.18339672783122,35.57978830319084],[-121.1842639606535,35.58017347319518],[-121.18448258313232,35.580577489397704],[-121.18481532603647,35.58058250223873],[-121.18501087386369,35.580456644518804],[-121.18532190668333,35.580647378112204],[-121.18602637991705,35.58125906801036],[-121.18600314319498,35.582289146978525],[-121.18634695304151,35.582580551745544],[-121.18656139770667,35.58317055142591],[-121.18682313042402,35.58321742457972],[-121.18695904391161,35.583405518818154],[-121.18798653516974,35.58367858205138],[-121.1894325447613,35.58481661550726],[-121.18960027326925,35.58514830055753],[-121.19016856973762,35.58558618300144],[-121.19039895385814,35.58624797198914],[-121.1899961291057,35.586241921507394],[-121.18909699605892,35.58571319765038],[-121.18905262320392,35.58612756434819],[-121.18882429620055,35.586152755405465],[-121.18823365374256,35.585929203655226],[-121.18813534031345,35.58562718356287],[-121.18784179451926,35.58543672000451],[-121.18749119349174,35.585445758080034],[-121.18774422859748,35.5858789090681],[-121.18760089187315,35.586019867818415],[-121.18708095501665,35.585768750140474],[-121.18673132050556,35.5857348661227],[-121.18628434833016,35.58535604077335],[-121.18616885187146,35.58503944905081]]]},"properties":{"id":"CSS-GEO-093","unit":"Tus","label":"Sedimentary bedrock, undivided","kind":"rock","latitude":35.58181658477292,"longitude":-121.18360931406714,"area_km2":0.295,"source_id":"usgs-san-simeon","source_url":"https://pubs.usgs.gov/sim/3327/","publication_year":2015,"depth_qualified":false,"fishing_target":false}},{"type":"Feature","geometry":{"type":"Polygon","coordinates":[[[-121.17715382267936,35.58646653995726],[-121.17683922309178,35.585660337662794],[-121.17606797688676,35.584904468805],[-121.1756807430799,35.58421165648167],[-121.17568658583598,35.58395413809224],[-121.17589804525966,35.583900093682644],[-121.17603328573223,35.58411681348236],[-121.17614323429395,35.58390380522045],[-121.17609589682449,35.58290128579854],[-121.1765852945329,35.582951626985704],[-121.1774713363877,35.5832798846035],[-121.17761468526257,35.58313893732616],[-121.17746549674892,35.58276458323018],[-121.17768181643079,35.58249593647649],[-121.17804732318677,35.5826016437866],[-121.17821499979478,35.58293334327949],[-121.17849488859099,35.58295188606056],[-121.17852050377572,35.58259448608076],[-121.17892233568809,35.582643494045996],[-121.17969682753521,35.58325627944107],[-121.17993359548969,35.583631953819555],[-121.18176959576905,35.583788476470254],[-121.18236149700871,35.58395483267466],[-121.18257262909694,35.58391508299673],[-121.18252526267298,35.58368538429792],[-121.182023841164,35.58339159093168],[-121.18201053282077,35.58320534026454],[-121.1825158336094,35.58332745556306],[-121.1832050566422,35.58383875150014],[-121.18398780101174,35.5856394873126],[-121.1838847199677,35.5863248845924],[-121.18366873396128,35.586579236063656],[-121.18349520823995,35.5865050628574],[-121.18307901716815,35.5855399183147],[-121.18245789647187,35.58511551761657],[-121.18260258610573,35.585690159226026],[-121.18377226423853,35.587425174398724],[-121.18366336031114,35.58836809053404],[-121.18388555422645,35.58861473455968],[-121.18386286853679,35.58884337676269],[-121.18281975336865,35.58848417344982],[-121.1819109393522,35.588384594775796],[-121.18058045596325,35.5875630685421],[-121.18046497942835,35.58724647203124],[-121.17997490481767,35.58722475890266],[-121.17916017781131,35.587613170845884],[-121.17860652689268,35.58730426249624],[-121.17843786790353,35.58701548308565],[-121.17762767727375,35.58720359211407],[-121.17721025569188,35.58706847506453],[-121.17715382267936,35.58646653995726]]]},"properties":{"id":"CSS-GEO-094","unit":"Tus","label":"Sedimentary bedrock, undivided","kind":"rock","latitude":35.5856752060687,"longitude":-121.17971581679615,"area_km2":0.311,"source_id":"usgs-san-simeon","source_url":"https://pubs.usgs.gov/sim/3327/","publication_year":2015,"depth_qualified":false,"fishing_target":false}},{"type":"Feature","geometry":{"type":"Polygon","coordinates":[[[-121.18860605084153,35.59450341417593],[-121.18791128304574,35.59345538394641],[-121.18798618443094,35.59324183776602],[-121.18632493981332,35.59154239911681],[-121.18574064354424,35.59025988013126],[-121.18720747593588,35.59125513943734],[-121.18738359508738,35.59121485480235],[-121.18616293921579,35.5901803695274],[-121.18514280129867,35.58957823630305],[-121.18475029967325,35.58911435610583],[-121.18446838113546,35.58840884626346],[-121.18412022263252,35.58675777863906],[-121.18432095640267,35.58640301630418],[-121.18556808734762,35.58703719746771],[-121.18540270984269,35.587378182921896],[-121.18615421098332,35.58746105560916],[-121.18747239873555,35.5880533517677],[-121.18813724681534,35.5888719503872],[-121.18821837141932,35.58915940045699],[-121.1885777995009,35.58953690362658],[-121.18894303135674,35.589656885742166],[-121.18998534488438,35.590831779800745],[-121.19016146190565,35.590791490131615],[-121.19043816142734,35.59095307320075],[-121.19058053642469,35.5908550311846],[-121.18972443439492,35.589969170276554],[-121.18976268578676,35.58982662943111],[-121.19081918103228,35.59037202318989],[-121.1916733685226,35.59134371746441],[-121.19250251945111,35.591871372931784],[-121.19377792586974,35.592033614521604],[-121.19423750466036,35.59185445424167],[-121.19460243588166,35.59198872638383],[-121.19473709667881,35.59223403919078],[-121.19497974247196,35.59235216731839],[-121.19455101582624,35.59271784276375],[-121.19461625904722,35.59293349249777],[-121.19437923557318,35.59334497409939],[-121.19451036277917,35.59374766124238],[-121.19556422367295,35.59519459916649],[-121.19572396951007,35.595883943893654],[-121.19608378255737,35.59624711860451],[-121.1963505597687,35.596852196229236],[-121.19619002189903,35.5969785959268],[-121.19596712385803,35.59676058553553],[-121.19543488437492,35.59705315623183],[-121.19382289033177,35.596270490860626],[-121.1929872541346,35.59602897690823],[-121.19317510826306,35.596246466240714],[-121.1947708640949,35.596971651027765],[-121.1950803779616,35.597233895646994],[-121.19484880608869,35.597402163676044],[-121.1938924674641,35.597072977574236],[-121.19341068960293,35.59667934378755],[-121.19278588866592,35.596412366832624],[-121.19243652777021,35.596364191385256],[-121.19243331013801,35.59650725769282],[-121.19201420456612,35.596443723134755],[-121.19039678180755,35.595904226619936],[-121.18998090322637,35.59569761807845],[-121.19008857847761,35.59558474406916],[-121.18948421422311,35.59518925324263],[-121.1895240802332,35.59497518052231],[-121.18932033464856,35.59468588863306],[-121.18860605084153,35.59450341417593]]]},"properties":{"id":"CSS-GEO-095","unit":"Tus","label":"Sedimentary bedrock, undivided","kind":"rock","latitude":35.59187288451067,"longitude":-121.18974347127335,"area_km2":0.485,"source_id":"usgs-san-simeon","source_url":"https://pubs.usgs.gov/sim/3327/","publication_year":2015,"depth_qualified":false,"fishing_target":false}},{"type":"Feature","geometry":{"type":"Polygon","coordinates":[[[-121.1301048075535,35.5375380938651],[-121.1305657973007,35.53766432604479],[-121.13175462544928,35.53745694693265],[-121.13187785289048,35.53789210704721],[-121.13178485241441,35.53912886717865],[-121.1312838533544,35.539088954403674],[-121.1308930224473,35.53862322038639],[-121.13059917345292,35.53883516041737],[-121.12955105050298,35.538769528452484],[-121.12933511813031,35.53855783126157],[-121.12914030968687,35.53799979573097],[-121.12933626172575,35.537652421177896],[-121.1301048075535,35.5375380938651]]]},"properties":{"id":"CSS-GEO-096","unit":"Tus","label":"Sedimentary bedrock, undivided","kind":"rock","latitude":35.53829904158531,"longitude":-121.13054172269085,"area_km2":0.033,"source_id":"usgs-san-simeon","source_url":"https://pubs.usgs.gov/sim/3327/","publication_year":2015,"depth_qualified":false,"fishing_target":false}},{"type":"Feature","geometry":{"type":"Polygon","coordinates":[[[-121.15565239262554,35.55902680565337],[-121.15570248916359,35.558369244010066],[-121.15614247637606,35.55827579558585],[-121.15598916874444,35.55808740140914],[-121.1562048317854,35.55784740518266],[-121.15625295626161,35.55727568254178],[-121.15667641242455,35.55713904483167],[-121.15642494292976,35.5566486085936],[-121.15665876319983,35.556380266241796],[-121.15768252421708,35.55679664015373],[-121.15850373421476,35.556880746706575],[-121.1587435781556,35.55670245474192],[-121.15928747901569,35.55687308969423],[-121.15979077915873,35.55727250218019],[-121.16010674171959,35.55800721094124],[-121.16076622471249,35.5581658556415],[-121.1612852143951,35.55862806708554],[-121.1613635586192,35.55895663717131],[-121.16120889810607,35.55921870933264],[-121.1613495042271,35.55957181634225],[-121.16096254698915,35.56041029035742],[-121.16127540585761,35.56051524382024],[-121.16132204788536,35.56077356244717],[-121.16109854442038,35.56135692308284],[-121.16134497023519,35.56130343681609],[-121.16131994367433,35.56163221843561],[-121.16095211865046,35.56239942663519],[-121.1605739722679,35.56285162325356],[-121.16014820294524,35.56308841992278],[-121.15976170094885,35.56313976492852],[-121.1596275205874,35.5628801091802],[-121.15968593598767,35.56262339513808],[-121.15944735855693,35.562333522185845],[-121.15832811819126,35.56225917906799],[-121.15649023683741,35.56144395038058],[-121.15595862337575,35.56094922803229],[-121.15544694861954,35.561113136522266],[-121.15513376669053,35.56102247359236],[-121.15473632591838,35.560787406413546],[-121.15496643196948,35.55991792958731],[-121.15565239262554,35.55902680565337]]]},"properties":{"id":"CSS-GEO-097","unit":"Tus","label":"Sedimentary bedrock, undivided","kind":"rock","latitude":35.559745428093485,"longitude":-121.15819152063496,"area_km2":0.283,"source_id":"usgs-san-simeon","source_url":"https://pubs.usgs.gov/sim/3327/","publication_year":2015,"depth_qualified":false,"fishing_target":false}},{"type":"Feature","geometry":{"type":"Polygon","coordinates":[[[-121.16962491020325,35.56457799487493],[-121.16983957572548,35.56438089337306],[-121.17075487696096,35.5649529381528],[-121.1712344067835,35.565432494827185],[-121.17134689273809,35.56587785808839],[-121.17119868766743,35.56623339598864],[-121.17164446234436,35.56742801404682],[-121.1716207752359,35.56769957345384],[-121.17134159203219,35.567652402318416],[-121.1711062106378,35.56721948659219],[-121.17050670536831,35.56662361557819],[-121.16920064496617,35.56628893013177],[-121.16926203124626,35.56513063132527],[-121.1691307464902,35.564742226539174],[-121.16818532693628,35.56395503986035],[-121.16831147230515,35.56379953094868],[-121.16962491020325,35.56457799487493]]]},"properties":{"id":"CSS-GEO-098","unit":"Tus","label":"Sedimentary bedrock, undivided","kind":"rock","latitude":35.56563958313628,"longitude":-121.1702632671817,"area_km2":0.046,"source_id":"usgs-san-simeon","source_url":"https://pubs.usgs.gov/sim/3327/","publication_year":2015,"depth_qualified":false,"fishing_target":false}},{"type":"Feature","geometry":{"type":"Polygon","coordinates":[[[-121.17617691818774,35.56838400338357],[-121.17627711391498,35.568600191789514],[-121.17719348224361,35.56912927034386],[-121.17799216300548,35.570214710486],[-121.17797304537063,35.57105880035587],[-121.17749896040495,35.571108877653536],[-121.17730828814399,35.57102012514441],[-121.1772239708161,35.57010291368908],[-121.17676059100552,35.56968087051035],[-121.17642919073509,35.56961861047863],[-121.17623430696077,35.569715841752256],[-121.17583383892762,35.56960960043572],[-121.17581308460673,35.56975240101453],[-121.1768008013338,35.570225315777044],[-121.17705827225934,35.57045819515353],[-121.17705373358795,35.57065848713655],[-121.17678945304624,35.57072604656997],[-121.17553550459829,35.57040652763873],[-121.17514378233818,35.5706868269752],[-121.17459963646954,35.571508652950016],[-121.17405388077395,35.571629188307945],[-121.17341312940349,35.571304626020385],[-121.17191960981961,35.56996532262018],[-121.17187004989299,35.569062946871064],[-121.17212266820168,35.56873761404819],[-121.17247157111242,35.568800151256205],[-121.17264959671759,35.5686740475461],[-121.1730169845866,35.56869392905452],[-121.17234680538688,35.56735279832662],[-121.17338962946049,35.56693926318508],[-121.17365877010593,35.56665711168476],[-121.17393632800147,35.5667758092665],[-121.17403586642133,35.56702061336247],[-121.17476446066829,35.56733219191492],[-121.17529008049078,35.56732583976408],[-121.17632186301454,35.56817152374479],[-121.17617691818774,35.56838400338357]]]},"properties":{"id":"CSS-GEO-099","unit":"Tus","label":"Sedimentary bedrock, undivided","kind":"rock","latitude":35.569348142115224,"longitude":-121.1746342906026,"area_km2":0.17,"source_id":"usgs-san-simeon","source_url":"https://pubs.usgs.gov/sim/3327/","publication_year":2015,"depth_qualified":false,"fishing_target":false}},{"type":"Feature","geometry":{"type":"Polygon","coordinates":[[[-121.16983405187179,35.56847389635753],[-121.16967157962226,35.5686861017223],[-121.16996632274031,35.56881938089516],[-121.17021270447701,35.56953869672396],[-121.17053889342418,35.56982987802702],[-121.17080349981688,35.56974802582552],[-121.17118742649822,35.56981109838931],[-121.1714260671529,35.57010094965814],[-121.17172602058817,35.57000532029073],[-121.17194845375685,35.57023767792532],[-121.1717055367922,35.570906633346645],[-121.170764462964,35.57146481183336],[-121.17047036078048,35.57130292132568],[-121.17020216817359,35.57154214424297],[-121.16997680762472,35.57143854208057],[-121.16985950472932,35.57043495710531],[-121.16963382218191,35.57034566090085],[-121.16920998987304,35.57049664895672],[-121.16883022146446,35.57102040370094],[-121.16774586903942,35.57094667644233],[-121.16686652267686,35.57033222208792],[-121.16646280467042,35.57036901478127],[-121.16610617519596,35.569876998264725],[-121.16646528143553,35.56872323225276],[-121.16688910897108,35.56857225368557],[-121.16739527068029,35.568651508879654],[-121.16721797848386,35.5679761726725],[-121.16740163710675,35.5668340472949],[-121.16775280704398,35.566796452288656],[-121.16851867344378,35.567008453793164],[-121.16938471858491,35.56743664500972],[-121.16967555107617,35.56774160387948],[-121.16983405187179,35.56847389635753]]]},"properties":{"id":"CSS-GEO-100","unit":"Tus","label":"Sedimentary bedrock, undivided","kind":"rock","latitude":35.56915056653882,"longitude":-121.1682153288301,"area_km2":0.141,"source_id":"usgs-san-simeon","source_url":"https://pubs.usgs.gov/sim/3327/","publication_year":2015,"depth_qualified":false,"fishing_target":false}},{"type":"Feature","geometry":{"type":"Polygon","coordinates":[[[-121.17713388790955,35.57617276919359],[-121.17664258595143,35.576208270733716],[-121.17598004859033,35.57684226155249],[-121.17538172240717,35.57696200658971],[-121.17499775904956,35.5768989463682],[-121.17445166562217,35.57626096981241],[-121.17471434182166,35.576264948838876],[-121.17432553451268,35.57564366458281],[-121.17438456385027,35.57535832973426],[-121.1749906534195,35.57566805079277],[-121.17503249348168,35.57536814381098],[-121.17537073041154,35.57512996992598],[-121.17628100694554,35.57515806070486],[-121.176801489434,35.57538060927372],[-121.17722728385014,35.57591657561163],[-121.17713388790955,35.57617276919359]]]},"properties":{"id":"CSS-GEO-101","unit":"Tus","label":"Sedimentary bedrock, undivided","kind":"rock","latitude":35.57602478154473,"longitude":-121.1758660845695,"area_km2":0.035,"source_id":"usgs-san-simeon","source_url":"https://pubs.usgs.gov/sim/3327/","publication_year":2015,"depth_qualified":false,"fishing_target":false}},{"type":"Feature","geometry":{"type":"Polygon","coordinates":[[[-121.16629772423443,35.57585093923075],[-121.16656333297132,35.575726177720355],[-121.16719309805642,35.575764380527396],[-121.16806713388809,35.575076408454215],[-121.16820331543713,35.575250216795396],[-121.16801777340751,35.57570536324591],[-121.1681814848781,35.576208753233836],[-121.1684564601514,35.57644191589883],[-121.16848561943344,35.57669996588869],[-121.16919057716702,35.57728313679315],[-121.16913445893626,35.57743971000522],[-121.16800456766421,35.57782325881604],[-121.16765986727584,35.5775747234794],[-121.16746015507216,35.57711371972809],[-121.16724512252621,35.57732512098107],[-121.16699995476174,35.57732139193745],[-121.16671138353267,35.57691628104904],[-121.16642891035262,35.57701216423981],[-121.16592530750289,35.5768184509167],[-121.16539973702919,35.57605194381754],[-121.16554602968124,35.57578225280099],[-121.16629772423443,35.57585093923075]]]},"properties":{"id":"CSS-GEO-102","unit":"Tus","label":"Sedimentary bedrock, undivided","kind":"rock","latitude":35.57655007979457,"longitude":-121.16709900807896,"area_km2":0.048,"source_id":"usgs-san-simeon","source_url":"https://pubs.usgs.gov/sim/3327/","publication_year":2015,"depth_qualified":false,"fishing_target":false}},{"type":"Feature","geometry":{"type":"Polygon","coordinates":[[[-121.17547490173314,35.57839489556307],[-121.17559099743578,35.578682883278404],[-121.1754444065431,35.57896689373603],[-121.1749858379849,35.57910306401837],[-121.17456716487574,35.57902516515943],[-121.17331696132014,35.57930676103883],[-121.17312594995897,35.57923230720181],[-121.17288532717272,35.579028298732204],[-121.17317628524015,35.57778761145323],[-121.17385214003505,35.577339888177306],[-121.17477800443712,35.577454095611586],[-121.17547490173314,35.57839489556307]]]},"properties":{"id":"CSS-GEO-103","unit":"Tus","label":"Sedimentary bedrock, undivided","kind":"rock","latitude":35.578089127799714,"longitude":-121.17418493427104,"area_km2":0.038,"source_id":"usgs-san-simeon","source_url":"https://pubs.usgs.gov/sim/3327/","publication_year":2015,"depth_qualified":false,"fishing_target":false}},{"type":"Feature","geometry":{"type":"Polygon","coordinates":[[[-121.16386638217172,35.586737063472945],[-121.16346061969878,35.586859682051156],[-121.1626800109697,35.5865186190005],[-121.16247834484979,35.58614344631529],[-121.16269603072926,35.585817602709454],[-121.16263676369665,35.5853444217132],[-121.1630315431736,35.58493540931552],[-121.16472448109177,35.58521881342443],[-121.16466487689536,35.584759939492415],[-121.16355610132449,35.58421352256772],[-121.16287452429883,35.583373069182485],[-121.16298777451817,35.583017009638],[-121.16342887090364,35.582880619457086],[-121.16388061860803,35.58304492962461],[-121.16427427514633,35.58345164805435],[-121.16443516104418,35.58331098489249],[-121.16371169388825,35.5827704376616],[-121.16380317949205,35.582600094854484],[-121.16424263924709,35.58253523376574],[-121.16469569297784,35.58264231511171],[-121.16537021594264,35.5830246848277],[-121.16724099981978,35.58472759414147],[-121.1672308904077,35.585171095225924],[-121.16643908263879,35.58608929242361],[-121.16650228651429,35.586390793883695],[-121.16764604834756,35.587710534433995],[-121.16770795351219,35.588069262073624],[-121.16733656578948,35.58822103924402],[-121.16669408266172,35.58796797117266],[-121.16642810541892,35.588107037956696],[-121.16590463535809,35.58801320227159],[-121.16519602016584,35.587587381813194],[-121.16481136161877,35.58755290080177],[-121.16441441674257,35.58728924800467],[-121.16401172081108,35.58651029569268],[-121.16386638217172,35.586737063472945]]]},"properties":{"id":"CSS-GEO-104","unit":"Tus","label":"Sedimentary bedrock, undivided","kind":"rock","latitude":35.58530021801837,"longitude":-121.1649012175827,"area_km2":0.165,"source_id":"usgs-san-simeon","source_url":"https://pubs.usgs.gov/sim/3327/","publication_year":2015,"depth_qualified":false,"fishing_target":false}},{"type":"Feature","geometry":{"type":"Polygon","coordinates":[[[-121.16966187463196,35.595982290785585],[-121.16925437732839,35.59524310695906],[-121.1682306787708,35.594629394058956],[-121.16798581650174,35.59432758451499],[-121.16804488601309,35.594042253808766],[-121.16765311608816,35.59354970760781],[-121.16781271174246,35.59346626633413],[-121.16780856674319,35.59287943492597],[-121.16738382827232,35.59152770050545],[-121.1675752856878,35.590815040451226],[-121.1671608991449,35.58977831435179],[-121.16690274600033,35.58957402642919],[-121.1670140323892,35.58930380276473],[-121.16763323727902,35.589041303585745],[-121.16822425495465,35.58847783295937],[-121.16904164596856,35.587975045139345],[-121.16906372170875,35.58777501987316],[-121.16881852294543,35.58777129360173],[-121.1689636047745,35.586786008861864],[-121.16959606366952,35.58670974989196],[-121.16987368306292,35.58682845834133],[-121.170024796318,35.5871169828267],[-121.17020058819644,35.58709102975274],[-121.170224288725,35.58681947176862],[-121.17064397489705,35.586854467284994],[-121.17112785963778,35.58714804233112],[-121.17178949212875,35.58732982031158],[-121.17226302527862,35.58730838154536],[-121.17285395491979,35.58751770494857],[-121.17334370304658,35.587553753545514],[-121.1736531085485,35.5878160495558],[-121.17480580504439,35.58797663161426],[-121.175098027443,35.588224352259274],[-121.17533283880431,35.58868587516157],[-121.17549176768335,35.58863103615366],[-121.1758634525914,35.589237744922286],[-121.17559001840708,35.5897058829834],[-121.17532989599113,35.58958745248115],[-121.17520404482734,35.58972866078389],[-121.1754544273216,35.590276288716026],[-121.17571195477925,35.59050917110576],[-121.17675214093549,35.590997194372186],[-121.17686501163367,35.59142824613532],[-121.17709335754533,35.5914030783409],[-121.17724580546192,35.59086154950062],[-121.17768076151276,35.59099693184595],[-121.17773006331296,35.59114079184181],[-121.17814977637978,35.59117576284839],[-121.1781614550632,35.59143354522815],[-121.17789224184519,35.59171570367683],[-121.17792889699835,35.59241751900612],[-121.17779785755086,35.592787635260585],[-121.17752539649528,35.59244003899886],[-121.17738332663116,35.59252375936781],[-121.17716081425989,35.593064228187274],[-121.17689256650935,35.59330346363179],[-121.17688120914445,35.59380419253001],[-121.17699732864921,35.594092178982436],[-121.17747609160651,35.593841815716814],[-121.17764767961698,35.59400183781383],[-121.17796263795327,35.594020912807025],[-121.17808005884767,35.594251671341965],[-121.17786046373065,35.594663382609205],[-121.17774174551056,35.594489849951465],[-121.1776181621609,35.59453091495685],[-121.17769049566918,35.59520464687425],[-121.17735282706131,35.59541421119037],[-121.17730935850405,35.59578565142297],[-121.17747705821706,35.59611735199462],[-121.1784623463378,35.596711866004206],[-121.17829010619022,35.59735327743525],[-121.17830438419195,35.59826942595193],[-121.177974489614,35.59890845179245],[-121.17681092998099,35.59844719389485],[-121.17666657634686,35.598631058508296],[-121.17633278629766,35.59866894046433],[-121.17586503173266,35.59843287544337],[-121.17567105020582,35.59848718379037],[-121.17559611091954,35.598700721021146],[-121.17480851096987,35.598660168514634],[-121.17387463963628,35.59811649366161],[-121.17293064510616,35.59796233678213],[-121.17187879047037,35.59727047265425],[-121.17136990211901,35.59653286622614],[-121.16966187463196,35.595982290785585]]]},"properties":{"id":"CSS-GEO-105","unit":"Tus","label":"Sedimentary bedrock, undivided","kind":"rock","latitude":35.592829027018226,"longitude":-121.17249914807604,"area_km2":0.914,"source_id":"usgs-san-simeon","source_url":"https://pubs.usgs.gov/sim/3327/","publication_year":2015,"depth_qualified":false,"fishing_target":false}}],"source":{"id":"usgs-san-simeon","url":"https://pubs.usgs.gov/sim/3327/downloads/Geology_SanSimeon.zip","sha256":"6309074b299845769735d291e78a9a58a8d226a746c5e80ee7cbfa95f9633ad6","publication_year":2015,"attribution":"U.S. Geological Survey, Watt and others, SIM 3327 (2015)","derivation":"WGS84 reprojection; regional crop; dissolve adjacent units; 8 m simplification; 100 m MPA exclusion; minimum 0.025 km² pieces.","limitations":"Regional geological interpretation, not depth-qualified habitat, catch evidence, boulder measurements or navigation. Sediment veneers may cover bedrock; no depth is inferred."}}
