<?xml version='1.0' encoding='utf-8'?>
<gpx xmlns="http://www.topografix.com/GPX/1/1" version="1.1" creator="SkipperCast 0.1.0">
  <metadata>
    <name>SkipperCast Avila–Point Estero habitat atlas</name>
    <desc>Dated survey-derived habitat candidates and optional fishing alignments. Source-datum depth screen &lt;=200 ft. Not for passage navigation. Derived from public-domain USGS surveys; credit USGS, CSUMB Seafloor Mapping Lab, and University of California Center for Integrated Spatial Research. Underlying source rights remain unchanged. See repository NOTICE.md for original-material terms.</desc>
    <link href="https://doi.org/10.5066/P9KBGELE">
      <text>PointBuchon source survey and metadata</text>
    </link>
    <link href="https://doi.org/10.5066/P9HEZNRO">
      <text>MorroBay source survey and metadata</text>
    </link>
    <link href="https://doi.org/10.5066/P9ZSTUK1">
      <text>PointEstero source survey and metadata</text>
    </link>
  </metadata>
  <trk>
    <name>SC-AREA-001</name>
    <desc>Partial nearby mapped rough-rock/bedrock footprint, clipped within 350 m of retained targets and by depth/closure screening; not the complete reef or an individual pile. Interior rings are holes in the selected habitat. Not a navigation route.</desc>
    <type>Interpreted habitat boundary</type>
    <trkseg>
      <trkpt lat="35.146695" lon="-120.793431" />
      <trkpt lat="35.146424" lon="-120.793438" />
      <trkpt lat="35.146414" lon="-120.792889" />
      <trkpt lat="35.146232" lon="-120.792785" />
      <trkpt lat="35.145331" lon="-120.792809" />
      <trkpt lat="35.145281" lon="-120.790066" />
      <trkpt lat="35.145377" lon="-120.790393" />
      <trkpt lat="35.145647" lon="-120.790386" />
      <trkpt lat="35.145651" lon="-120.790605" />
      <trkpt lat="35.146102" lon="-120.790593" />
      <trkpt lat="35.146108" lon="-120.790922" />
      <trkpt lat="35.145748" lon="-120.790932" />
      <trkpt lat="35.145772" lon="-120.792248" />
      <trkpt lat="35.146404" lon="-120.792341" />
      <trkpt lat="35.146695" lon="-120.793431" />
    </trkseg>
  </trk>
  <trk>
    <name>SC-AREA-002</name>
    <desc>Partial nearby mapped rough-rock/bedrock footprint, clipped within 350 m of retained targets and by depth/closure screening; not the complete reef or an individual pile. Interior rings are holes in the selected habitat. Not a navigation route.</desc>
    <type>Interpreted habitat boundary</type>
    <trkseg>
      <trkpt lat="35.151634" lon="-120.812286" />
      <trkpt lat="35.151456" lon="-120.812401" />
      <trkpt lat="35.151464" lon="-120.812839" />
      <trkpt lat="35.151194" lon="-120.812847" />
      <trkpt lat="35.151184" lon="-120.812298" />
      <trkpt lat="35.150913" lon="-120.812305" />
      <trkpt lat="35.150917" lon="-120.812525" />
      <trkpt lat="35.150563" lon="-120.812864" />
      <trkpt lat="35.150667" lon="-120.813629" />
      <trkpt lat="35.150487" lon="-120.813634" />
      <trkpt lat="35.150491" lon="-120.813853" />
      <trkpt lat="35.149768" lon="-120.813763" />
      <trkpt lat="35.148785" lon="-120.814228" />
      <trkpt lat="35.148522" lon="-120.814674" />
      <trkpt lat="35.148528" lon="-120.815003" />
      <trkpt lat="35.148798" lon="-120.814996" />
      <trkpt lat="35.148804" lon="-120.815325" />
      <trkpt lat="35.147188" lon="-120.815698" />
      <trkpt lat="35.147198" lon="-120.816246" />
      <trkpt lat="35.146926" lon="-120.816144" />
      <trkpt lat="35.146916" lon="-120.815595" />
      <trkpt lat="35.146646" lon="-120.815603" />
      <trkpt lat="35.146634" lon="-120.814944" />
      <trkpt lat="35.147173" lon="-120.814820" />
      <trkpt lat="35.147165" lon="-120.814381" />
      <trkpt lat="35.147433" lon="-120.814264" />
      <trkpt lat="35.147427" lon="-120.813935" />
      <trkpt lat="35.146710" lon="-120.814174" />
      <trkpt lat="35.146628" lon="-120.814615" />
      <trkpt lat="35.145817" lon="-120.814637" />
      <trkpt lat="35.145625" lon="-120.813984" />
      <trkpt lat="35.145591" lon="-120.812119" />
      <trkpt lat="35.145760" lon="-120.811456" />
      <trkpt lat="35.145934" lon="-120.811122" />
      <trkpt lat="35.146294" lon="-120.811112" />
      <trkpt lat="35.146194" lon="-120.810566" />
      <trkpt lat="35.146459" lon="-120.810230" />
      <trkpt lat="35.146553" lon="-120.810447" />
      <trkpt lat="35.146913" lon="-120.810437" />
      <trkpt lat="35.146907" lon="-120.810108" />
      <trkpt lat="35.147628" lon="-120.810088" />
      <trkpt lat="35.147700" lon="-120.809099" />
      <trkpt lat="35.147430" lon="-120.809106" />
      <trkpt lat="35.147434" lon="-120.809325" />
      <trkpt lat="35.146895" lon="-120.809450" />
      <trkpt lat="35.146809" lon="-120.809671" />
      <trkpt lat="35.146178" lon="-120.809688" />
      <trkpt lat="35.146076" lon="-120.809032" />
      <trkpt lat="35.145716" lon="-120.809042" />
      <trkpt lat="35.145722" lon="-120.809371" />
      <trkpt lat="35.145363" lon="-120.809491" />
      <trkpt lat="35.145353" lon="-120.808942" />
      <trkpt lat="35.145714" lon="-120.808932" />
      <trkpt lat="35.145708" lon="-120.808603" />
      <trkpt lat="35.145346" lon="-120.808503" />
      <trkpt lat="35.145270" lon="-120.804335" />
      <trkpt lat="35.145422" lon="-120.802794" />
      <trkpt lat="35.146410" lon="-120.802548" />
      <trkpt lat="35.147223" lon="-120.802636" />
      <trkpt lat="35.147949" lon="-120.802946" />
      <trkpt lat="35.148958" lon="-120.803906" />
      <trkpt lat="35.149617" lon="-120.805425" />
      <trkpt lat="35.149651" lon="-120.807290" />
      <trkpt lat="35.149396" lon="-120.808175" />
      <trkpt lat="35.148783" lon="-120.809179" />
      <trkpt lat="35.149414" lon="-120.809162" />
      <trkpt lat="35.149959" lon="-120.809367" />
      <trkpt lat="35.150059" lon="-120.809914" />
      <trkpt lat="35.150690" lon="-120.809897" />
      <trkpt lat="35.150968" lon="-120.810328" />
      <trkpt lat="35.150617" lon="-120.810886" />
      <trkpt lat="35.150623" lon="-120.811216" />
      <trkpt lat="35.150984" lon="-120.811206" />
      <trkpt lat="35.151244" lon="-120.810650" />
      <trkpt lat="35.151522" lon="-120.811082" />
      <trkpt lat="35.151256" lon="-120.811308" />
      <trkpt lat="35.151264" lon="-120.811747" />
      <trkpt lat="35.151534" lon="-120.811740" />
      <trkpt lat="35.151634" lon="-120.812286" />
    </trkseg>
    <trkseg>
      <trkpt lat="35.150199" lon="-120.812654" />
      <trkpt lat="35.150191" lon="-120.812215" />
      <trkpt lat="35.149920" lon="-120.812222" />
      <trkpt lat="35.149928" lon="-120.812661" />
      <trkpt lat="35.150199" lon="-120.812654" />
    </trkseg>
    <trkseg>
      <trkpt lat="35.150071" lon="-120.810572" />
      <trkpt lat="35.150061" lon="-120.810023" />
      <trkpt lat="35.149162" lon="-120.810157" />
      <trkpt lat="35.148976" lon="-120.809833" />
      <trkpt lat="35.148705" lon="-120.809840" />
      <trkpt lat="35.148561" lon="-120.811820" />
      <trkpt lat="35.148831" lon="-120.811812" />
      <trkpt lat="35.148817" lon="-120.811044" />
      <trkpt lat="35.149630" lon="-120.811132" />
      <trkpt lat="35.149896" lon="-120.810906" />
      <trkpt lat="35.149891" lon="-120.810577" />
      <trkpt lat="35.150071" lon="-120.810572" />
    </trkseg>
    <trkseg>
      <trkpt lat="35.147785" lon="-120.803828" />
      <trkpt lat="35.147779" lon="-120.803499" />
      <trkpt lat="35.147329" lon="-120.803511" />
      <trkpt lat="35.147335" lon="-120.803840" />
      <trkpt lat="35.147785" lon="-120.803828" />
    </trkseg>
    <trkseg>
      <trkpt lat="35.147652" lon="-120.811405" />
      <trkpt lat="35.147646" lon="-120.811076" />
      <trkpt lat="35.147279" lon="-120.810756" />
      <trkpt lat="35.146559" lon="-120.810776" />
      <trkpt lat="35.146472" lon="-120.810997" />
      <trkpt lat="35.146478" lon="-120.811327" />
      <trkpt lat="35.146751" lon="-120.811429" />
      <trkpt lat="35.147652" lon="-120.811405" />
    </trkseg>
    <trkseg>
      <trkpt lat="35.146981" lon="-120.809228" />
      <trkpt lat="35.146787" lon="-120.808465" />
      <trkpt lat="35.146517" lon="-120.808472" />
      <trkpt lat="35.146521" lon="-120.808691" />
      <trkpt lat="35.146341" lon="-120.808696" />
      <trkpt lat="35.146351" lon="-120.809245" />
      <trkpt lat="35.146981" lon="-120.809228" />
    </trkseg>
  </trk>
  <trk>
    <name>SC-AREA-003</name>
    <desc>Partial nearby mapped rough-rock/bedrock footprint, clipped within 350 m of retained targets and by depth/closure screening; not the complete reef or an individual pile. Interior rings are holes in the selected habitat. Not a navigation route.</desc>
    <type>Interpreted habitat boundary</type>
    <trkseg>
      <trkpt lat="35.150375" lon="-120.827467" />
      <trkpt lat="35.150105" lon="-120.827474" />
      <trkpt lat="35.150297" lon="-120.828127" />
      <trkpt lat="35.149778" lon="-120.829349" />
      <trkpt lat="35.148626" lon="-120.830477" />
      <trkpt lat="35.148089" lon="-120.830711" />
      <trkpt lat="35.146013" lon="-120.830546" />
      <trkpt lat="35.145372" lon="-120.830014" />
      <trkpt lat="35.145357" lon="-120.829137" />
      <trkpt lat="35.146166" lon="-120.829006" />
      <trkpt lat="35.145966" lon="-120.827913" />
      <trkpt lat="35.146326" lon="-120.827904" />
      <trkpt lat="35.146320" lon="-120.827575" />
      <trkpt lat="35.146587" lon="-120.827348" />
      <trkpt lat="35.146563" lon="-120.826032" />
      <trkpt lat="35.147013" lon="-120.826020" />
      <trkpt lat="35.146990" lon="-120.824703" />
      <trkpt lat="35.147891" lon="-120.824679" />
      <trkpt lat="35.147887" lon="-120.824460" />
      <trkpt lat="35.148424" lon="-120.824226" />
      <trkpt lat="35.148420" lon="-120.824007" />
      <trkpt lat="35.149229" lon="-120.823875" />
      <trkpt lat="35.150155" lon="-120.825277" />
      <trkpt lat="35.150347" lon="-120.825931" />
      <trkpt lat="35.150187" lon="-120.827033" />
      <trkpt lat="35.150375" lon="-120.827467" />
    </trkseg>
    <trkseg>
      <trkpt lat="35.149840" lon="-120.827810" />
      <trkpt lat="35.149832" lon="-120.827371" />
      <trkpt lat="35.149472" lon="-120.827381" />
      <trkpt lat="35.149468" lon="-120.827162" />
      <trkpt lat="35.149110" lon="-120.827281" />
      <trkpt lat="35.149117" lon="-120.827720" />
      <trkpt lat="35.149388" lon="-120.827713" />
      <trkpt lat="35.149482" lon="-120.827930" />
      <trkpt lat="35.149840" lon="-120.827810" />
    </trkseg>
    <trkseg>
      <trkpt lat="35.149125" lon="-120.828159" />
      <trkpt lat="35.149117" lon="-120.827720" />
      <trkpt lat="35.148487" lon="-120.827737" />
      <trkpt lat="35.148493" lon="-120.828066" />
      <trkpt lat="35.149125" lon="-120.828159" />
    </trkseg>
    <trkseg>
      <trkpt lat="35.147674" lon="-120.827648" />
      <trkpt lat="35.147666" lon="-120.827210" />
      <trkpt lat="35.147396" lon="-120.827217" />
      <trkpt lat="35.147311" lon="-120.827548" />
      <trkpt lat="35.147131" lon="-120.827553" />
      <trkpt lat="35.147233" lon="-120.828209" />
      <trkpt lat="35.147503" lon="-120.828202" />
      <trkpt lat="35.147494" lon="-120.827653" />
      <trkpt lat="35.147674" lon="-120.827648" />
    </trkseg>
  </trk>
  <trk>
    <name>SC-AREA-004</name>
    <desc>Partial nearby mapped rough-rock/bedrock footprint, clipped within 350 m of retained targets and by depth/closure screening; not the complete reef or an individual pile. Interior rings are holes in the selected habitat. Not a navigation route.</desc>
    <type>Interpreted habitat boundary</type>
    <trkseg>
      <trkpt lat="35.155152" lon="-120.797483" />
      <trkpt lat="35.154451" lon="-120.798600" />
      <trkpt lat="35.153204" lon="-120.799402" />
      <trkpt lat="35.153108" lon="-120.799075" />
      <trkpt lat="35.152747" lon="-120.799085" />
      <trkpt lat="35.152753" lon="-120.799414" />
      <trkpt lat="35.151672" lon="-120.799443" />
      <trkpt lat="35.151754" lon="-120.799002" />
      <trkpt lat="35.151484" lon="-120.799009" />
      <trkpt lat="35.151400" lon="-120.799340" />
      <trkpt lat="35.150212" lon="-120.798494" />
      <trkpt lat="35.150056" lon="-120.799816" />
      <trkpt lat="35.149622" lon="-120.800705" />
      <trkpt lat="35.149269" lon="-120.801154" />
      <trkpt lat="35.148907" lon="-120.801054" />
      <trkpt lat="35.148915" lon="-120.801493" />
      <trkpt lat="35.147933" lon="-120.802068" />
      <trkpt lat="35.146402" lon="-120.802109" />
      <trkpt lat="35.145308" lon="-120.801480" />
      <trkpt lat="35.145321" lon="-120.797199" />
      <trkpt lat="35.145681" lon="-120.797190" />
      <trkpt lat="35.145575" lon="-120.796314" />
      <trkpt lat="35.146296" lon="-120.796295" />
      <trkpt lat="35.145910" lon="-120.794879" />
      <trkpt lat="35.145974" lon="-120.793450" />
      <trkpt lat="35.146424" lon="-120.793438" />
      <trkpt lat="35.146354" lon="-120.794537" />
      <trkpt lat="35.147075" lon="-120.794518" />
      <trkpt lat="35.147261" lon="-120.794842" />
      <trkpt lat="35.148074" lon="-120.794930" />
      <trkpt lat="35.148078" lon="-120.795149" />
      <trkpt lat="35.148348" lon="-120.795142" />
      <trkpt lat="35.148342" lon="-120.794813" />
      <trkpt lat="35.148523" lon="-120.794808" />
      <trkpt lat="35.148627" lon="-120.795574" />
      <trkpt lat="35.148897" lon="-120.795566" />
      <trkpt lat="35.148891" lon="-120.795237" />
      <trkpt lat="35.149255" lon="-120.795447" />
      <trkpt lat="35.149249" lon="-120.795118" />
      <trkpt lat="35.149520" lon="-120.795110" />
      <trkpt lat="35.149444" lon="-120.795881" />
      <trkpt lat="35.149626" lon="-120.795986" />
      <trkpt lat="35.149632" lon="-120.796315" />
      <trkpt lat="35.150265" lon="-120.796407" />
      <trkpt lat="35.150359" lon="-120.796624" />
      <trkpt lat="35.150629" lon="-120.796617" />
      <trkpt lat="35.150619" lon="-120.796069" />
      <trkpt lat="35.150259" lon="-120.796078" />
      <trkpt lat="35.150249" lon="-120.795530" />
      <trkpt lat="35.150519" lon="-120.795522" />
      <trkpt lat="35.150511" lon="-120.795084" />
      <trkpt lat="35.149876" lon="-120.794881" />
      <trkpt lat="35.149498" lon="-120.793904" />
      <trkpt lat="35.150129" lon="-120.793887" />
      <trkpt lat="35.150569" lon="-120.793326" />
      <trkpt lat="35.151831" lon="-120.793292" />
      <trkpt lat="35.152019" lon="-120.793726" />
      <trkpt lat="35.152289" lon="-120.793718" />
      <trkpt lat="35.152389" lon="-120.794265" />
      <trkpt lat="35.152569" lon="-120.794260" />
      <trkpt lat="35.152942" lon="-120.794908" />
      <trkpt lat="35.153302" lon="-120.794899" />
      <trkpt lat="35.153318" lon="-120.795776" />
      <trkpt lat="35.153591" lon="-120.795879" />
      <trkpt lat="35.153691" lon="-120.796425" />
      <trkpt lat="35.154231" lon="-120.796410" />
      <trkpt lat="35.154325" lon="-120.796627" />
      <trkpt lat="35.154337" lon="-120.797285" />
      <trkpt lat="35.153977" lon="-120.797295" />
      <trkpt lat="35.153729" lon="-120.798509" />
      <trkpt lat="35.154265" lon="-120.798275" />
      <trkpt lat="35.154255" lon="-120.797727" />
      <trkpt lat="35.154794" lon="-120.797602" />
      <trkpt lat="35.154780" lon="-120.796834" />
      <trkpt lat="35.155050" lon="-120.796827" />
      <trkpt lat="35.155152" lon="-120.797483" />
    </trkseg>
    <trkseg>
      <trkpt lat="35.153042" lon="-120.795454" />
      <trkpt lat="35.153034" lon="-120.795016" />
      <trkpt lat="35.152764" lon="-120.795023" />
      <trkpt lat="35.152772" lon="-120.795462" />
      <trkpt lat="35.153042" lon="-120.795454" />
    </trkseg>
    <trkseg>
      <trkpt lat="35.150301" lon="-120.798382" />
      <trkpt lat="35.150291" lon="-120.797834" />
      <trkpt lat="35.149838" lon="-120.797736" />
      <trkpt lat="35.149846" lon="-120.798175" />
      <trkpt lat="35.150301" lon="-120.798382" />
    </trkseg>
    <trkseg>
      <trkpt lat="35.147185" lon="-120.795612" />
      <trkpt lat="35.147177" lon="-120.795174" />
      <trkpt lat="35.146727" lon="-120.795186" />
      <trkpt lat="35.146731" lon="-120.795405" />
      <trkpt lat="35.146550" lon="-120.795410" />
      <trkpt lat="35.146672" lon="-120.797163" />
      <trkpt lat="35.147121" lon="-120.797041" />
      <trkpt lat="35.146915" lon="-120.795620" />
      <trkpt lat="35.147185" lon="-120.795612" />
    </trkseg>
  </trk>
  <trk>
    <name>SC-AREA-005</name>
    <desc>Partial nearby mapped rough-rock/bedrock footprint, clipped within 350 m of retained targets and by depth/closure screening; not the complete reef or an individual pile. Interior rings are holes in the selected habitat. Not a navigation route.</desc>
    <type>Interpreted habitat boundary</type>
    <trkseg>
      <trkpt lat="35.158393" lon="-120.837243" />
      <trkpt lat="35.157658" lon="-120.836494" />
      <trkpt lat="35.157028" lon="-120.836511" />
      <trkpt lat="35.157128" lon="-120.837057" />
      <trkpt lat="35.157398" lon="-120.837050" />
      <trkpt lat="35.157682" lon="-120.837811" />
      <trkpt lat="35.157954" lon="-120.837913" />
      <trkpt lat="35.157972" lon="-120.838901" />
      <trkpt lat="35.158332" lon="-120.838891" />
      <trkpt lat="35.158336" lon="-120.839110" />
      <trkpt lat="35.157817" lon="-120.840332" />
      <trkpt lat="35.157465" lon="-120.840780" />
      <trkpt lat="35.156834" lon="-120.840797" />
      <trkpt lat="35.156840" lon="-120.841126" />
      <trkpt lat="35.156029" lon="-120.841147" />
      <trkpt lat="35.156191" lon="-120.840155" />
      <trkpt lat="35.155831" lon="-120.840165" />
      <trkpt lat="35.155835" lon="-120.840384" />
      <trkpt lat="35.155114" lon="-120.840403" />
      <trkpt lat="35.155020" lon="-120.840186" />
      <trkpt lat="35.154659" lon="-120.840196" />
      <trkpt lat="35.154665" lon="-120.840525" />
      <trkpt lat="35.154213" lon="-120.840427" />
      <trkpt lat="35.153937" lon="-120.840105" />
      <trkpt lat="35.154103" lon="-120.839332" />
      <trkpt lat="35.154283" lon="-120.839327" />
      <trkpt lat="35.154274" lon="-120.838779" />
      <trkpt lat="35.154093" lon="-120.838784" />
      <trkpt lat="35.154089" lon="-120.838564" />
      <trkpt lat="35.153551" lon="-120.838688" />
      <trkpt lat="35.153561" lon="-120.839237" />
      <trkpt lat="35.153386" lon="-120.839571" />
      <trkpt lat="35.152129" lon="-120.839824" />
      <trkpt lat="35.152232" lon="-120.840589" />
      <trkpt lat="35.152593" lon="-120.840580" />
      <trkpt lat="35.152779" lon="-120.840904" />
      <trkpt lat="35.153229" lon="-120.840892" />
      <trkpt lat="35.153235" lon="-120.841221" />
      <trkpt lat="35.151606" lon="-120.840825" />
      <trkpt lat="35.151707" lon="-120.841481" />
      <trkpt lat="35.151073" lon="-120.841278" />
      <trkpt lat="35.150910" lon="-120.842271" />
      <trkpt lat="35.150728" lon="-120.842166" />
      <trkpt lat="35.150293" lon="-120.843055" />
      <trkpt lat="35.150019" lon="-120.842843" />
      <trkpt lat="35.149750" lon="-120.842960" />
      <trkpt lat="35.149656" lon="-120.842743" />
      <trkpt lat="35.148669" lon="-120.842988" />
      <trkpt lat="35.148932" lon="-120.842542" />
      <trkpt lat="35.148924" lon="-120.842103" />
      <trkpt lat="35.148285" lon="-120.841681" />
      <trkpt lat="35.149269" lon="-120.841216" />
      <trkpt lat="35.149445" lon="-120.840992" />
      <trkpt lat="35.149255" lon="-120.840448" />
      <trkpt lat="35.148894" lon="-120.840458" />
      <trkpt lat="35.148891" lon="-120.840238" />
      <trkpt lat="35.147989" lon="-120.840262" />
      <trkpt lat="35.147903" lon="-120.840484" />
      <trkpt lat="35.147361" lon="-120.840389" />
      <trkpt lat="35.147094" lon="-120.840615" />
      <trkpt lat="35.147086" lon="-120.840176" />
      <trkpt lat="35.147267" lon="-120.840172" />
      <trkpt lat="35.147351" lon="-120.839840" />
      <trkpt lat="35.147984" lon="-120.839933" />
      <trkpt lat="35.148340" lon="-120.839704" />
      <trkpt lat="35.148332" lon="-120.839265" />
      <trkpt lat="35.148150" lon="-120.839160" />
      <trkpt lat="35.147700" lon="-120.839172" />
      <trkpt lat="35.147615" lon="-120.839504" />
      <trkpt lat="35.147435" lon="-120.839509" />
      <trkpt lat="35.147431" lon="-120.839289" />
      <trkpt lat="35.147958" lon="-120.838507" />
      <trkpt lat="35.148052" lon="-120.838724" />
      <trkpt lat="35.148413" lon="-120.838714" />
      <trkpt lat="35.148407" lon="-120.838385" />
      <trkpt lat="35.148225" lon="-120.838280" />
      <trkpt lat="35.149026" lon="-120.837710" />
      <trkpt lat="35.149660" lon="-120.837913" />
      <trkpt lat="35.150019" lon="-120.837794" />
      <trkpt lat="35.150015" lon="-120.837574" />
      <trkpt lat="35.150646" lon="-120.837558" />
      <trkpt lat="35.150297" lon="-120.838226" />
      <trkpt lat="35.150303" lon="-120.838555" />
      <trkpt lat="35.150483" lon="-120.838550" />
      <trkpt lat="35.150579" lon="-120.838877" />
      <trkpt lat="35.150849" lon="-120.838869" />
      <trkpt lat="35.150861" lon="-120.839528" />
      <trkpt lat="35.151404" lon="-120.839623" />
      <trkpt lat="35.151500" lon="-120.839950" />
      <trkpt lat="35.151860" lon="-120.839940" />
      <trkpt lat="35.151848" lon="-120.839282" />
      <trkpt lat="35.151668" lon="-120.839287" />
      <trkpt lat="35.151741" lon="-120.838297" />
      <trkpt lat="35.151561" lon="-120.838302" />
      <trkpt lat="35.151555" lon="-120.837973" />
      <trkpt lat="35.152103" lon="-120.838397" />
      <trkpt lat="35.152554" lon="-120.838385" />
      <trkpt lat="35.152992" lon="-120.837715" />
      <trkpt lat="35.153353" lon="-120.837706" />
      <trkpt lat="35.153357" lon="-120.837925" />
      <trkpt lat="35.153896" lon="-120.837801" />
      <trkpt lat="35.153888" lon="-120.837362" />
      <trkpt lat="35.152893" lon="-120.837169" />
      <trkpt lat="35.152887" lon="-120.836840" />
      <trkpt lat="35.153702" lon="-120.837038" />
      <trkpt lat="35.153696" lon="-120.836709" />
      <trkpt lat="35.153515" lon="-120.836713" />
      <trkpt lat="35.152775" lon="-120.835635" />
      <trkpt lat="35.153037" lon="-120.835189" />
      <trkpt lat="35.153226" lon="-120.835623" />
      <trkpt lat="35.153774" lon="-120.836048" />
      <trkpt lat="35.153778" lon="-120.836267" />
      <trkpt lat="35.154048" lon="-120.836260" />
      <trkpt lat="35.154054" lon="-120.836589" />
      <trkpt lat="35.155045" lon="-120.836563" />
      <trkpt lat="35.155410" lon="-120.836773" />
      <trkpt lat="35.155414" lon="-120.836992" />
      <trkpt lat="35.155684" lon="-120.836985" />
      <trkpt lat="35.155678" lon="-120.836656" />
      <trkpt lat="35.156129" lon="-120.836644" />
      <trkpt lat="35.156313" lon="-120.836859" />
      <trkpt lat="35.156591" lon="-120.837291" />
      <trkpt lat="35.156603" lon="-120.837949" />
      <trkpt lat="35.156783" lon="-120.837944" />
      <trkpt lat="35.156881" lon="-120.838381" />
      <trkpt lat="35.157155" lon="-120.838593" />
      <trkpt lat="35.157161" lon="-120.838922" />
      <trkpt lat="35.156620" lon="-120.838936" />
      <trkpt lat="35.156538" lon="-120.839378" />
      <trkpt lat="35.155997" lon="-120.839392" />
      <trkpt lat="35.156005" lon="-120.839831" />
      <trkpt lat="35.156276" lon="-120.839824" />
      <trkpt lat="35.156279" lon="-120.840043" />
      <trkpt lat="35.156730" lon="-120.840031" />
      <trkpt lat="35.156824" lon="-120.840248" />
      <trkpt lat="35.157725" lon="-120.840224" />
      <trkpt lat="35.157719" lon="-120.839895" />
      <trkpt lat="35.157088" lon="-120.839912" />
      <trkpt lat="35.157257" lon="-120.839249" />
      <trkpt lat="35.157525" lon="-120.839132" />
      <trkpt lat="35.157504" lon="-120.837925" />
      <trkpt lat="35.157229" lon="-120.837713" />
      <trkpt lat="35.157130" lon="-120.837167" />
      <trkpt lat="35.156859" lon="-120.837174" />
      <trkpt lat="35.156485" lon="-120.836415" />
      <trkpt lat="35.156121" lon="-120.836205" />
      <trkpt lat="35.156113" lon="-120.835766" />
      <trkpt lat="35.156471" lon="-120.835647" />
      <trkpt lat="35.156734" lon="-120.835201" />
      <trkpt lat="35.156722" lon="-120.834543" />
      <trkpt lat="35.157729" lon="-120.835394" />
      <trkpt lat="35.158195" lon="-120.836260" />
      <trkpt lat="35.158393" lon="-120.837243" />
    </trkseg>
    <trkseg>
      <trkpt lat="35.156170" lon="-120.838948" />
      <trkpt lat="35.156158" lon="-120.838290" />
      <trkpt lat="35.155888" lon="-120.838297" />
      <trkpt lat="35.155719" lon="-120.838960" />
      <trkpt lat="35.156170" lon="-120.838948" />
    </trkseg>
    <trkseg>
      <trkpt lat="35.155085" lon="-120.838757" />
      <trkpt lat="35.155077" lon="-120.838319" />
      <trkpt lat="35.154534" lon="-120.838223" />
      <trkpt lat="35.154538" lon="-120.838443" />
      <trkpt lat="35.154358" lon="-120.838447" />
      <trkpt lat="35.154364" lon="-120.838777" />
      <trkpt lat="35.155085" lon="-120.838757" />
    </trkseg>
    <trkseg>
      <trkpt lat="35.153284" lon="-120.838915" />
      <trkpt lat="35.153277" lon="-120.838476" />
      <trkpt lat="35.153006" lon="-120.838483" />
      <trkpt lat="35.153014" lon="-120.838922" />
      <trkpt lat="35.153284" lon="-120.838915" />
    </trkseg>
    <trkseg>
      <trkpt lat="35.150597" lon="-120.839864" />
      <trkpt lat="35.150587" lon="-120.839315" />
      <trkpt lat="35.149960" lon="-120.839552" />
      <trkpt lat="35.149966" lon="-120.839881" />
      <trkpt lat="35.150597" lon="-120.839864" />
    </trkseg>
    <trkseg>
      <trkpt lat="35.150256" lon="-120.840971" />
      <trkpt lat="35.150150" lon="-120.840095" />
      <trkpt lat="35.149790" lon="-120.840105" />
      <trkpt lat="35.149895" lon="-120.840980" />
      <trkpt lat="35.150256" lon="-120.840971" />
    </trkseg>
    <trkseg>
      <trkpt lat="35.150221" lon="-120.838996" />
      <trkpt lat="35.150211" lon="-120.838447" />
      <trkpt lat="35.149668" lon="-120.838352" />
      <trkpt lat="35.149586" lon="-120.838793" />
      <trkpt lat="35.149316" lon="-120.838800" />
      <trkpt lat="35.149325" lon="-120.839349" />
      <trkpt lat="35.149506" lon="-120.839344" />
      <trkpt lat="35.149512" lon="-120.839673" />
      <trkpt lat="35.149872" lon="-120.839664" />
      <trkpt lat="35.149860" lon="-120.839005" />
      <trkpt lat="35.150221" lon="-120.838996" />
    </trkseg>
    <trkseg>
      <trkpt lat="35.149237" lon="-120.839461" />
      <trkpt lat="35.149231" lon="-120.839132" />
      <trkpt lat="35.148961" lon="-120.839139" />
      <trkpt lat="35.149036" lon="-120.838259" />
      <trkpt lat="35.148765" lon="-120.838266" />
      <trkpt lat="35.148773" lon="-120.838705" />
      <trkpt lat="35.148503" lon="-120.838712" />
      <trkpt lat="35.148514" lon="-120.839370" />
      <trkpt lat="35.148879" lon="-120.839580" />
      <trkpt lat="35.149237" lon="-120.839461" />
    </trkseg>
  </trk>
  <trk>
    <name>SC-AREA-006</name>
    <desc>Partial nearby mapped rough-rock/bedrock footprint, clipped within 350 m of retained targets and by depth/closure screening; not the complete reef or an individual pile. Interior rings are holes in the selected habitat. Not a navigation route.</desc>
    <type>Interpreted habitat boundary</type>
    <trkseg>
      <trkpt lat="35.156176" lon="-120.789333" />
      <trkpt lat="35.155639" lon="-120.789567" />
      <trkpt lat="35.155553" lon="-120.789788" />
      <trkpt lat="35.155102" lon="-120.789801" />
      <trkpt lat="35.155016" lon="-120.790023" />
      <trkpt lat="35.154386" lon="-120.790040" />
      <trkpt lat="35.154380" lon="-120.789710" />
      <trkpt lat="35.153835" lon="-120.789506" />
      <trkpt lat="35.153829" lon="-120.789177" />
      <trkpt lat="35.153104" lon="-120.788977" />
      <trkpt lat="35.152824" lon="-120.788435" />
      <trkpt lat="35.152275" lon="-120.788011" />
      <trkpt lat="35.152267" lon="-120.787572" />
      <trkpt lat="35.151624" lon="-120.786931" />
      <trkpt lat="35.151618" lon="-120.786602" />
      <trkpt lat="35.151971" lon="-120.786153" />
      <trkpt lat="35.152784" lon="-120.786241" />
      <trkpt lat="35.152868" lon="-120.785910" />
      <trkpt lat="35.153408" lon="-120.785895" />
      <trkpt lat="35.153402" lon="-120.785566" />
      <trkpt lat="35.153673" lon="-120.785559" />
      <trkpt lat="35.153767" lon="-120.785775" />
      <trkpt lat="35.154486" lon="-120.785646" />
      <trkpt lat="35.154490" lon="-120.785866" />
      <trkpt lat="35.155393" lon="-120.785951" />
      <trkpt lat="35.155397" lon="-120.786170" />
      <trkpt lat="35.155034" lon="-120.786070" />
      <trkpt lat="35.154860" lon="-120.786404" />
      <trkpt lat="35.154492" lon="-120.785975" />
      <trkpt lat="35.153501" lon="-120.786002" />
      <trkpt lat="35.153328" lon="-120.786446" />
      <trkpt lat="35.153787" lon="-120.786873" />
      <trkpt lat="35.153613" lon="-120.787207" />
      <trkpt lat="35.153801" lon="-120.787641" />
      <trkpt lat="35.154251" lon="-120.787628" />
      <trkpt lat="35.154436" lon="-120.787843" />
      <trkpt lat="35.154790" lon="-120.787504" />
      <trkpt lat="35.154886" lon="-120.787831" />
      <trkpt lat="35.154710" lon="-120.788055" />
      <trkpt lat="35.155166" lon="-120.788372" />
      <trkpt lat="35.154632" lon="-120.788716" />
      <trkpt lat="35.154640" lon="-120.789155" />
      <trkpt lat="35.154916" lon="-120.789476" />
      <trkpt lat="35.155813" lon="-120.789233" />
      <trkpt lat="35.156176" lon="-120.789333" />
    </trkseg>
    <trkseg>
      <trkpt lat="35.153426" lon="-120.786882" />
      <trkpt lat="35.153146" lon="-120.786341" />
      <trkpt lat="35.152700" lon="-120.786573" />
      <trkpt lat="35.152890" lon="-120.787116" />
      <trkpt lat="35.153250" lon="-120.787107" />
      <trkpt lat="35.153426" lon="-120.786882" />
    </trkseg>
  </trk>
  <trk>
    <name>SC-AREA-007</name>
    <desc>Partial nearby mapped rough-rock/bedrock footprint, clipped within 350 m of retained targets and by depth/closure screening; not the complete reef or an individual pile. Interior rings are holes in the selected habitat. Not a navigation route.</desc>
    <type>Interpreted habitat boundary</type>
    <trkseg>
      <trkpt lat="35.157460" lon="-120.830462" />
      <trkpt lat="35.157218" lon="-120.832005" />
      <trkpt lat="35.156781" lon="-120.832785" />
      <trkpt lat="35.156601" lon="-120.832790" />
      <trkpt lat="35.156501" lon="-120.832244" />
      <trkpt lat="35.155960" lon="-120.832258" />
      <trkpt lat="35.155878" lon="-120.832699" />
      <trkpt lat="35.155431" lon="-120.832931" />
      <trkpt lat="35.153993" lon="-120.833188" />
      <trkpt lat="35.153623" lon="-120.832649" />
      <trkpt lat="35.153443" lon="-120.832654" />
      <trkpt lat="35.153159" lon="-120.831893" />
      <trkpt lat="35.152798" lon="-120.831903" />
      <trkpt lat="35.152622" lon="-120.832127" />
      <trkpt lat="35.151361" lon="-120.832160" />
      <trkpt lat="35.151169" lon="-120.831507" />
      <trkpt lat="35.151135" lon="-120.829642" />
      <trkpt lat="35.151390" lon="-120.828757" />
      <trkpt lat="35.151915" lon="-120.827865" />
      <trkpt lat="35.152455" lon="-120.827851" />
      <trkpt lat="35.152641" lon="-120.828175" />
      <trkpt lat="35.153270" lon="-120.828048" />
      <trkpt lat="35.153260" lon="-120.827500" />
      <trkpt lat="35.153621" lon="-120.827490" />
      <trkpt lat="35.153615" lon="-120.827161" />
      <trkpt lat="35.153158" lon="-120.826844" />
      <trkpt lat="35.154959" lon="-120.826686" />
      <trkpt lat="35.155685" lon="-120.826996" />
      <trkpt lat="35.156694" lon="-120.827957" />
      <trkpt lat="35.156790" lon="-120.828284" />
      <trkpt lat="35.156340" lon="-120.828296" />
      <trkpt lat="35.156334" lon="-120.827967" />
      <trkpt lat="35.155155" lon="-120.827559" />
      <trkpt lat="35.155258" lon="-120.828325" />
      <trkpt lat="35.155709" lon="-120.828313" />
      <trkpt lat="35.155805" lon="-120.828640" />
      <trkpt lat="35.156888" lon="-120.828721" />
      <trkpt lat="35.157163" lon="-120.828933" />
      <trkpt lat="35.157460" lon="-120.830462" />
    </trkseg>
    <trkseg>
      <trkpt lat="35.156849" lon="-120.831576" />
      <trkpt lat="35.156747" lon="-120.830920" />
      <trkpt lat="35.156027" lon="-120.830939" />
      <trkpt lat="35.156030" lon="-120.831158" />
      <trkpt lat="35.155850" lon="-120.831163" />
      <trkpt lat="35.155856" lon="-120.831492" />
      <trkpt lat="35.156849" lon="-120.831576" />
    </trkseg>
    <trkseg>
      <trkpt lat="35.156177" lon="-120.829288" />
      <trkpt lat="35.156171" lon="-120.828959" />
      <trkpt lat="35.155451" lon="-120.828978" />
      <trkpt lat="35.155458" lon="-120.829417" />
      <trkpt lat="35.156177" lon="-120.829288" />
    </trkseg>
    <trkseg>
      <trkpt lat="35.155498" lon="-120.831612" />
      <trkpt lat="35.155490" lon="-120.831173" />
      <trkpt lat="35.154589" lon="-120.831197" />
      <trkpt lat="35.154597" lon="-120.831635" />
      <trkpt lat="35.154146" lon="-120.831647" />
      <trkpt lat="35.154152" lon="-120.831977" />
      <trkpt lat="35.155325" lon="-120.832055" />
      <trkpt lat="35.155319" lon="-120.831726" />
      <trkpt lat="35.155498" lon="-120.831612" />
    </trkseg>
    <trkseg>
      <trkpt lat="35.155182" lon="-120.829095" />
      <trkpt lat="35.155176" lon="-120.828766" />
      <trkpt lat="35.154636" lon="-120.828780" />
      <trkpt lat="35.154642" lon="-120.829110" />
      <trkpt lat="35.155182" lon="-120.829095" />
    </trkseg>
    <trkseg>
      <trkpt lat="35.155155" lon="-120.827559" />
      <trkpt lat="35.155149" lon="-120.827230" />
      <trkpt lat="35.154250" lon="-120.827364" />
      <trkpt lat="35.154256" lon="-120.827693" />
      <trkpt lat="35.154530" lon="-120.827905" />
      <trkpt lat="35.154538" lon="-120.828344" />
      <trkpt lat="35.154988" lon="-120.828332" />
      <trkpt lat="35.154884" lon="-120.827566" />
      <trkpt lat="35.155155" lon="-120.827559" />
    </trkseg>
    <trkseg>
      <trkpt lat="35.153406" lon="-120.830569" />
      <trkpt lat="35.153400" lon="-120.830240" />
      <trkpt lat="35.152138" lon="-120.830274" />
      <trkpt lat="35.152240" lon="-120.830930" />
      <trkpt lat="35.153323" lon="-120.831011" />
      <trkpt lat="35.153406" lon="-120.830569" />
    </trkseg>
    <trkseg>
      <trkpt lat="35.153282" lon="-120.828707" />
      <trkpt lat="35.153276" lon="-120.828378" />
      <trkpt lat="35.152916" lon="-120.828387" />
      <trkpt lat="35.152922" lon="-120.828716" />
      <trkpt lat="35.153282" lon="-120.828707" />
    </trkseg>
  </trk>
  <trk>
    <name>SC-AREA-008</name>
    <desc>Partial nearby mapped rough-rock/bedrock footprint, clipped within 350 m of retained targets and by depth/closure screening; not the complete reef or an individual pile. Interior rings are holes in the selected habitat. Not a navigation route.</desc>
    <type>Interpreted habitat boundary</type>
    <trkseg>
      <trkpt lat="35.158221" lon="-120.807609" />
      <trkpt lat="35.157792" lon="-120.808828" />
      <trkpt lat="35.157496" lon="-120.807409" />
      <trkpt lat="35.157226" lon="-120.807416" />
      <trkpt lat="35.157234" lon="-120.807855" />
      <trkpt lat="35.156963" lon="-120.807862" />
      <trkpt lat="35.156885" lon="-120.808523" />
      <trkpt lat="35.156435" lon="-120.808535" />
      <trkpt lat="35.156429" lon="-120.808206" />
      <trkpt lat="35.156699" lon="-120.808199" />
      <trkpt lat="35.156693" lon="-120.807870" />
      <trkpt lat="35.156333" lon="-120.807879" />
      <trkpt lat="35.156338" lon="-120.808208" />
      <trkpt lat="35.155888" lon="-120.808220" />
      <trkpt lat="35.156082" lon="-120.808984" />
      <trkpt lat="35.155812" lon="-120.808991" />
      <trkpt lat="35.155806" lon="-120.808662" />
      <trkpt lat="35.155355" lon="-120.808674" />
      <trkpt lat="35.155367" lon="-120.809332" />
      <trkpt lat="35.156178" lon="-120.809310" />
      <trkpt lat="35.156184" lon="-120.809640" />
      <trkpt lat="35.155826" lon="-120.809759" />
      <trkpt lat="35.155193" lon="-120.809666" />
      <trkpt lat="35.155185" lon="-120.809227" />
      <trkpt lat="35.154642" lon="-120.809132" />
      <trkpt lat="35.154636" lon="-120.808803" />
      <trkpt lat="35.155177" lon="-120.808788" />
      <trkpt lat="35.155171" lon="-120.808459" />
      <trkpt lat="35.153821" lon="-120.808605" />
      <trkpt lat="35.153837" lon="-120.809483" />
      <trkpt lat="35.154018" lon="-120.809478" />
      <trkpt lat="35.154024" lon="-120.809807" />
      <trkpt lat="35.153573" lon="-120.809819" />
      <trkpt lat="35.153577" lon="-120.810039" />
      <trkpt lat="35.153397" lon="-120.810044" />
      <trkpt lat="35.152290" lon="-120.808646" />
      <trkpt lat="35.152366" lon="-120.807876" />
      <trkpt lat="35.152003" lon="-120.807776" />
      <trkpt lat="35.151897" lon="-120.806901" />
      <trkpt lat="35.151970" lon="-120.805911" />
      <trkpt lat="35.152224" lon="-120.805026" />
      <trkpt lat="35.153013" lon="-120.803797" />
      <trkpt lat="35.153460" lon="-120.803566" />
      <trkpt lat="35.153558" lon="-120.804002" />
      <trkpt lat="35.154008" lon="-120.803990" />
      <trkpt lat="35.154002" lon="-120.803661" />
      <trkpt lat="35.153546" lon="-120.803344" />
      <trkpt lat="35.154261" lon="-120.802995" />
      <trkpt lat="35.155793" lon="-120.802954" />
      <trkpt lat="35.155887" lon="-120.803171" />
      <trkpt lat="35.156157" lon="-120.803164" />
      <trkpt lat="35.156165" lon="-120.803603" />
      <trkpt lat="35.155622" lon="-120.803508" />
      <trkpt lat="35.155628" lon="-120.803837" />
      <trkpt lat="35.155899" lon="-120.803829" />
      <trkpt lat="35.155907" lon="-120.804268" />
      <trkpt lat="35.155366" lon="-120.804283" />
      <trkpt lat="35.155206" lon="-120.805385" />
      <trkpt lat="35.155830" lon="-120.805039" />
      <trkpt lat="35.155822" lon="-120.804600" />
      <trkpt lat="35.156003" lon="-120.804595" />
      <trkpt lat="35.155999" lon="-120.804376" />
      <trkpt lat="35.156359" lon="-120.804366" />
      <trkpt lat="35.156441" lon="-120.803925" />
      <trkpt lat="35.157344" lon="-120.804010" />
      <trkpt lat="35.157901" lon="-120.804873" />
      <trkpt lat="35.158187" lon="-120.805744" />
      <trkpt lat="35.158221" lon="-120.807609" />
    </trkseg>
    <trkseg>
      <trkpt lat="35.157090" lon="-120.804895" />
      <trkpt lat="35.156988" lon="-120.804239" />
      <trkpt lat="35.156717" lon="-120.804247" />
      <trkpt lat="35.156820" lon="-120.804902" />
      <trkpt lat="35.157090" lon="-120.804895" />
    </trkseg>
    <trkseg>
      <trkpt lat="35.154405" lon="-120.805955" />
      <trkpt lat="35.154399" lon="-120.805626" />
      <trkpt lat="35.154038" lon="-120.805636" />
      <trkpt lat="35.154042" lon="-120.805855" />
      <trkpt lat="35.153141" lon="-120.805879" />
      <trkpt lat="35.153157" lon="-120.806757" />
      <trkpt lat="35.153427" lon="-120.806750" />
      <trkpt lat="35.153598" lon="-120.806196" />
      <trkpt lat="35.154228" lon="-120.806179" />
      <trkpt lat="35.154405" lon="-120.805955" />
    </trkseg>
    <trkseg>
      <trkpt lat="35.153165" lon="-120.807196" />
      <trkpt lat="35.153159" lon="-120.806867" />
      <trkpt lat="35.152438" lon="-120.806886" />
      <trkpt lat="35.152456" lon="-120.807873" />
      <trkpt lat="35.152726" lon="-120.807866" />
      <trkpt lat="35.152808" lon="-120.807425" />
      <trkpt lat="35.153165" lon="-120.807196" />
    </trkseg>
  </trk>
  <trk>
    <name>SC-AREA-009</name>
    <desc>Partial mapped habitat footprint clipped to a 100-m search window to retain complete depth coverage; not the entire reef or a single pile. Interior rings are holes in the selected habitat. Not a navigation route.</desc>
    <type>Interpreted habitat boundary</type>
    <trkseg>
      <trkpt lat="35.160450" lon="-120.796352" />
      <trkpt lat="35.160360" lon="-120.796355" />
      <trkpt lat="35.160366" lon="-120.796684" />
      <trkpt lat="35.160096" lon="-120.796691" />
      <trkpt lat="35.160094" lon="-120.796581" />
      <trkpt lat="35.159820" lon="-120.796369" />
      <trkpt lat="35.159814" lon="-120.796040" />
      <trkpt lat="35.159273" lon="-120.796055" />
      <trkpt lat="35.159267" lon="-120.795965" />
      <trkpt lat="35.159024" lon="-120.796275" />
      <trkpt lat="35.158896" lon="-120.796674" />
      <trkpt lat="35.158904" lon="-120.797102" />
      <trkpt lat="35.159046" lon="-120.797494" />
      <trkpt lat="35.159300" lon="-120.797790" />
      <trkpt lat="35.159628" lon="-120.797945" />
      <trkpt lat="35.159979" lon="-120.797935" />
      <trkpt lat="35.160301" lon="-120.797763" />
      <trkpt lat="35.160544" lon="-120.797453" />
      <trkpt lat="35.160672" lon="-120.797054" />
      <trkpt lat="35.160640" lon="-120.796522" />
      <trkpt lat="35.160446" lon="-120.796121" />
      <trkpt lat="35.160450" lon="-120.796352" />
    </trkseg>
    <trkseg>
      <trkpt lat="35.160196" lon="-120.797237" />
      <trkpt lat="35.160190" lon="-120.796908" />
      <trkpt lat="35.160551" lon="-120.796898" />
      <trkpt lat="35.160557" lon="-120.797227" />
      <trkpt lat="35.160196" lon="-120.797237" />
    </trkseg>
  </trk>
  <trk>
    <name>SC-AREA-010</name>
    <desc>Partial nearby mapped rough-rock/bedrock footprint, clipped within 350 m of retained targets and by depth/closure screening; not the complete reef or an individual pile. Interior rings are holes in the selected habitat. Not a navigation route.</desc>
    <type>Interpreted habitat boundary</type>
    <trkseg>
      <trkpt lat="35.165865" lon="-120.791705" />
      <trkpt lat="35.165348" lon="-120.793036" />
      <trkpt lat="35.164898" lon="-120.793049" />
      <trkpt lat="35.164880" lon="-120.792061" />
      <trkpt lat="35.164429" lon="-120.792073" />
      <trkpt lat="35.164425" lon="-120.791854" />
      <trkpt lat="35.163975" lon="-120.791866" />
      <trkpt lat="35.163981" lon="-120.792195" />
      <trkpt lat="35.164341" lon="-120.792185" />
      <trkpt lat="35.164349" lon="-120.792624" />
      <trkpt lat="35.163720" lon="-120.792751" />
      <trkpt lat="35.163712" lon="-120.792312" />
      <trkpt lat="35.162903" lon="-120.792444" />
      <trkpt lat="35.162887" lon="-120.791566" />
      <trkpt lat="35.162427" lon="-120.791030" />
      <trkpt lat="35.162415" lon="-120.790371" />
      <trkpt lat="35.162055" lon="-120.790381" />
      <trkpt lat="35.162051" lon="-120.790162" />
      <trkpt lat="35.161420" lon="-120.790179" />
      <trkpt lat="35.161578" lon="-120.788967" />
      <trkpt lat="35.161476" lon="-120.788311" />
      <trkpt lat="35.161296" lon="-120.788316" />
      <trkpt lat="35.161280" lon="-120.787438" />
      <trkpt lat="35.161904" lon="-120.787092" />
      <trkpt lat="35.162713" lon="-120.786960" />
      <trkpt lat="35.162811" lon="-120.787396" />
      <trkpt lat="35.163082" lon="-120.787389" />
      <trkpt lat="35.163088" lon="-120.787718" />
      <trkpt lat="35.163540" lon="-120.787816" />
      <trkpt lat="35.163640" lon="-120.788362" />
      <trkpt lat="35.164183" lon="-120.788457" />
      <trkpt lat="35.164287" lon="-120.789223" />
      <trkpt lat="35.164467" lon="-120.789218" />
      <trkpt lat="35.164563" lon="-120.789545" />
      <trkpt lat="35.164401" lon="-120.790537" />
      <trkpt lat="35.164672" lon="-120.790530" />
      <trkpt lat="35.164784" lon="-120.791734" />
      <trkpt lat="35.165597" lon="-120.791822" />
      <trkpt lat="35.165669" lon="-120.790832" />
      <trkpt lat="35.165849" lon="-120.790827" />
      <trkpt lat="35.165865" lon="-120.791705" />
    </trkseg>
  </trk>
  <trk>
    <name>SC-AREA-011</name>
    <desc>Partial nearby mapped rough-rock/bedrock footprint, clipped within 350 m of retained targets and by depth/closure screening; not the complete reef or an individual pile. Interior rings are holes in the selected habitat. Not a navigation route.</desc>
    <type>Interpreted habitat boundary</type>
    <trkseg>
      <trkpt lat="35.166371" lon="-120.834726" />
      <trkpt lat="35.166129" lon="-120.836270" />
      <trkpt lat="35.165253" lon="-120.837720" />
      <trkpt lat="35.164005" lon="-120.838521" />
      <trkpt lat="35.162473" lon="-120.838562" />
      <trkpt lat="35.161198" lon="-120.837827" />
      <trkpt lat="35.160552" lon="-120.836966" />
      <trkpt lat="35.160910" lon="-120.836847" />
      <trkpt lat="35.160906" lon="-120.836627" />
      <trkpt lat="35.161177" lon="-120.836620" />
      <trkpt lat="35.161182" lon="-120.836949" />
      <trkpt lat="35.161453" lon="-120.836942" />
      <trkpt lat="35.161449" lon="-120.836723" />
      <trkpt lat="35.161990" lon="-120.836709" />
      <trkpt lat="35.161993" lon="-120.836928" />
      <trkpt lat="35.162264" lon="-120.836921" />
      <trkpt lat="35.162332" lon="-120.835711" />
      <trkpt lat="35.161792" lon="-120.835726" />
      <trkpt lat="35.161801" lon="-120.836274" />
      <trkpt lat="35.161531" lon="-120.836282" />
      <trkpt lat="35.161349" lon="-120.836177" />
      <trkpt lat="35.161341" lon="-120.835738" />
      <trkpt lat="35.161071" lon="-120.835745" />
      <trkpt lat="35.160973" lon="-120.835308" />
      <trkpt lat="35.160518" lon="-120.835101" />
      <trkpt lat="35.160458" lon="-120.836749" />
      <trkpt lat="35.160080" lon="-120.835771" />
      <trkpt lat="35.160072" lon="-120.835332" />
      <trkpt lat="35.160432" lon="-120.835323" />
      <trkpt lat="35.160426" lon="-120.834994" />
      <trkpt lat="35.160066" lon="-120.835003" />
      <trkpt lat="35.160046" lon="-120.833906" />
      <trkpt lat="35.160650" lon="-120.832353" />
      <trkpt lat="35.161623" lon="-120.831339" />
      <trkpt lat="35.161721" lon="-120.831776" />
      <trkpt lat="35.162364" lon="-120.832417" />
      <trkpt lat="35.162381" lon="-120.833405" />
      <trkpt lat="35.162652" lon="-120.833398" />
      <trkpt lat="35.162642" lon="-120.832849" />
      <trkpt lat="35.162910" lon="-120.832732" />
      <trkpt lat="35.162886" lon="-120.831415" />
      <trkpt lat="35.162070" lon="-120.831108" />
      <trkpt lat="35.163057" lon="-120.830862" />
      <trkpt lat="35.163870" lon="-120.830950" />
      <trkpt lat="35.164597" lon="-120.831260" />
      <trkpt lat="35.165513" lon="-120.832114" />
      <trkpt lat="35.166072" lon="-120.833087" />
      <trkpt lat="35.166371" lon="-120.834726" />
    </trkseg>
    <trkseg>
      <trkpt lat="35.163341" lon="-120.836673" />
      <trkpt lat="35.163333" lon="-120.836234" />
      <trkpt lat="35.162612" lon="-120.836253" />
      <trkpt lat="35.162622" lon="-120.836802" />
      <trkpt lat="35.163341" lon="-120.836673" />
    </trkseg>
    <trkseg>
      <trkpt lat="35.161731" lon="-120.837374" />
      <trkpt lat="35.161725" lon="-120.837045" />
      <trkpt lat="35.161365" lon="-120.837054" />
      <trkpt lat="35.161371" lon="-120.837384" />
      <trkpt lat="35.161731" lon="-120.837374" />
    </trkseg>
  </trk>
  <trk>
    <name>SC-AREA-012</name>
    <desc>Partial nearby mapped rough-rock/bedrock footprint, clipped within 350 m of retained targets and by depth/closure screening; not the complete reef or an individual pile. Interior rings are holes in the selected habitat. Not a navigation route.</desc>
    <type>Interpreted habitat boundary</type>
    <trkseg>
      <trkpt lat="35.167402" lon="-120.816804" />
      <trkpt lat="35.167147" lon="-120.817689" />
      <trkpt lat="35.166356" lon="-120.818808" />
      <trkpt lat="35.166432" lon="-120.818037" />
      <trkpt lat="35.166252" lon="-120.818042" />
      <trkpt lat="35.166136" lon="-120.816618" />
      <trkpt lat="35.165778" lon="-120.816738" />
      <trkpt lat="35.165696" lon="-120.817179" />
      <trkpt lat="35.165339" lon="-120.817408" />
      <trkpt lat="35.165345" lon="-120.817737" />
      <trkpt lat="35.164985" lon="-120.817747" />
      <trkpt lat="35.164889" lon="-120.817420" />
      <trkpt lat="35.164618" lon="-120.817427" />
      <trkpt lat="35.164524" lon="-120.817210" />
      <trkpt lat="35.163537" lon="-120.817456" />
      <trkpt lat="35.162795" lon="-120.816268" />
      <trkpt lat="35.162254" lon="-120.816283" />
      <trkpt lat="35.162246" lon="-120.815844" />
      <trkpt lat="35.161331" lon="-120.815100" />
      <trkpt lat="35.161319" lon="-120.814442" />
      <trkpt lat="35.161758" lon="-120.813771" />
      <trkpt lat="35.161840" lon="-120.813330" />
      <trkpt lat="35.161570" lon="-120.813337" />
      <trkpt lat="35.161021" lon="-120.812913" />
      <trkpt lat="35.161009" lon="-120.812254" />
      <trkpt lat="35.160379" lon="-120.812271" />
      <trkpt lat="35.159720" lon="-120.810752" />
      <trkpt lat="35.159712" lon="-120.810313" />
      <trkpt lat="35.160073" lon="-120.810304" />
      <trkpt lat="35.160078" lon="-120.810633" />
      <trkpt lat="35.160349" lon="-120.810626" />
      <trkpt lat="35.160341" lon="-120.810187" />
      <trkpt lat="35.160161" lon="-120.810192" />
      <trkpt lat="35.160157" lon="-120.809972" />
      <trkpt lat="35.159706" lon="-120.809984" />
      <trkpt lat="35.159686" lon="-120.808887" />
      <trkpt lat="35.159941" lon="-120.808002" />
      <trkpt lat="35.160203" lon="-120.807556" />
      <trkpt lat="35.160383" lon="-120.807551" />
      <trkpt lat="35.160377" lon="-120.807222" />
      <trkpt lat="35.160730" lon="-120.806773" />
      <trkpt lat="35.161441" lon="-120.806205" />
      <trkpt lat="35.162786" lon="-120.805840" />
      <trkpt lat="35.163509" lon="-120.805930" />
      <trkpt lat="35.163515" lon="-120.806259" />
      <trkpt lat="35.164054" lon="-120.806135" />
      <trkpt lat="35.164785" lon="-120.806664" />
      <trkpt lat="35.164883" lon="-120.807101" />
      <trkpt lat="35.165245" lon="-120.807201" />
      <trkpt lat="35.165711" lon="-120.808067" />
      <trkpt lat="35.166012" lon="-120.809705" />
      <trkpt lat="35.165769" lon="-120.811249" />
      <trkpt lat="35.165330" lon="-120.811919" />
      <trkpt lat="35.165248" lon="-120.812360" />
      <trkpt lat="35.165611" lon="-120.812461" />
      <trkpt lat="35.165432" lon="-120.812575" />
      <trkpt lat="35.165438" lon="-120.812904" />
      <trkpt lat="35.165709" lon="-120.812897" />
      <trkpt lat="35.165725" lon="-120.813775" />
      <trkpt lat="35.165911" lon="-120.814099" />
      <trkpt lat="35.166814" lon="-120.814185" />
      <trkpt lat="35.166620" lon="-120.813422" />
      <trkpt lat="35.167082" lon="-120.814068" />
      <trkpt lat="35.167368" lon="-120.814938" />
      <trkpt lat="35.167402" lon="-120.816804" />
    </trkseg>
    <trkseg>
      <trkpt lat="35.167104" lon="-120.815275" />
      <trkpt lat="35.167090" lon="-120.814507" />
      <trkpt lat="35.166369" lon="-120.814526" />
      <trkpt lat="35.166377" lon="-120.814965" />
      <trkpt lat="35.166828" lon="-120.814953" />
      <trkpt lat="35.166834" lon="-120.815282" />
      <trkpt lat="35.167104" lon="-120.815275" />
    </trkseg>
    <trkseg>
      <trkpt lat="35.165385" lon="-120.809942" />
      <trkpt lat="35.165261" lon="-120.808079" />
      <trkpt lat="35.165081" lon="-120.808084" />
      <trkpt lat="35.165077" lon="-120.807864" />
      <trkpt lat="35.164716" lon="-120.807874" />
      <trkpt lat="35.164710" lon="-120.807545" />
      <trkpt lat="35.164170" lon="-120.807559" />
      <trkpt lat="35.164072" lon="-120.807123" />
      <trkpt lat="35.163801" lon="-120.807130" />
      <trkpt lat="35.163721" lon="-120.807681" />
      <trkpt lat="35.164360" lon="-120.808103" />
      <trkpt lat="35.164198" lon="-120.809095" />
      <trkpt lat="35.164306" lon="-120.810080" />
      <trkpt lat="35.164934" lon="-120.809954" />
      <trkpt lat="35.164948" lon="-120.810722" />
      <trkpt lat="35.165218" lon="-120.810715" />
      <trkpt lat="35.165205" lon="-120.809946" />
      <trkpt lat="35.165385" lon="-120.809942" />
    </trkseg>
    <trkseg>
      <trkpt lat="35.165358" lon="-120.813455" />
      <trkpt lat="35.165348" lon="-120.812907" />
      <trkpt lat="35.165078" lon="-120.812914" />
      <trkpt lat="35.165088" lon="-120.813463" />
      <trkpt lat="35.165358" lon="-120.813455" />
    </trkseg>
    <trkseg>
      <trkpt lat="35.164377" lon="-120.814031" />
      <trkpt lat="35.164279" lon="-120.813594" />
      <trkpt lat="35.163644" lon="-120.813391" />
      <trkpt lat="35.163656" lon="-120.814050" />
      <trkpt lat="35.164377" lon="-120.814031" />
    </trkseg>
    <trkseg>
      <trkpt lat="35.163949" lon="-120.810309" />
      <trkpt lat="35.163939" lon="-120.809761" />
      <trkpt lat="35.163489" lon="-120.809773" />
      <trkpt lat="35.163499" lon="-120.810322" />
      <trkpt lat="35.163949" lon="-120.810309" />
    </trkseg>
    <trkseg>
      <trkpt lat="35.163940" lon="-120.814811" />
      <trkpt lat="35.163838" lon="-120.814155" />
      <trkpt lat="35.163568" lon="-120.814162" />
      <trkpt lat="35.163574" lon="-120.814491" />
      <trkpt lat="35.163304" lon="-120.814498" />
      <trkpt lat="35.163402" lon="-120.814935" />
      <trkpt lat="35.163940" lon="-120.814811" />
    </trkseg>
    <trkseg>
      <trkpt lat="35.163420" lon="-120.810982" />
      <trkpt lat="35.163412" lon="-120.810543" />
      <trkpt lat="35.163052" lon="-120.810553" />
      <trkpt lat="35.163058" lon="-120.810882" />
      <trkpt lat="35.163420" lon="-120.810982" />
    </trkseg>
    <trkseg>
      <trkpt lat="35.162343" lon="-120.811231" />
      <trkpt lat="35.162337" lon="-120.810902" />
      <trkpt lat="35.161977" lon="-120.810911" />
      <trkpt lat="35.161983" lon="-120.811240" />
      <trkpt lat="35.162343" lon="-120.811231" />
    </trkseg>
    <trkseg>
      <trkpt lat="35.161290" lon="-120.807856" />
      <trkpt lat="35.161284" lon="-120.807527" />
      <trkpt lat="35.160922" lon="-120.807427" />
      <trkpt lat="35.160930" lon="-120.807866" />
      <trkpt lat="35.161290" lon="-120.807856" />
    </trkseg>
  </trk>
  <trk>
    <name>SC-AREA-013</name>
    <desc>Partial nearby mapped rough-rock/bedrock footprint, clipped within 350 m of retained targets and by depth/closure screening; not the complete reef or an individual pile. Interior rings are holes in the selected habitat. Not a navigation route.</desc>
    <type>Interpreted habitat boundary</type>
    <trkseg>
      <trkpt lat="35.166895" lon="-120.803753" />
      <trkpt lat="35.166171" lon="-120.803553" />
      <trkpt lat="35.166175" lon="-120.803773" />
      <trkpt lat="35.165454" lon="-120.803792" />
      <trkpt lat="35.165458" lon="-120.804011" />
      <trkpt lat="35.165187" lon="-120.804019" />
      <trkpt lat="35.165103" lon="-120.804350" />
      <trkpt lat="35.164471" lon="-120.804258" />
      <trkpt lat="35.164757" lon="-120.805128" />
      <trkpt lat="35.164032" lon="-120.804928" />
      <trkpt lat="35.163023" lon="-120.803967" />
      <trkpt lat="35.162364" lon="-120.802448" />
      <trkpt lat="35.162415" lon="-120.800251" />
      <trkpt lat="35.162685" lon="-120.800244" />
      <trkpt lat="35.162691" lon="-120.800573" />
      <trkpt lat="35.162961" lon="-120.800566" />
      <trkpt lat="35.163237" lon="-120.800888" />
      <trkpt lat="35.163249" lon="-120.801546" />
      <trkpt lat="35.162979" lon="-120.801553" />
      <trkpt lat="35.162975" lon="-120.801334" />
      <trkpt lat="35.162703" lon="-120.801231" />
      <trkpt lat="35.162432" lon="-120.801239" />
      <trkpt lat="35.162438" lon="-120.801568" />
      <trkpt lat="35.162629" lon="-120.802112" />
      <trkpt lat="35.163440" lon="-120.802090" />
      <trkpt lat="35.163287" lon="-120.803631" />
      <trkpt lat="35.163563" lon="-120.803953" />
      <trkpt lat="35.163834" lon="-120.803945" />
      <trkpt lat="35.163914" lon="-120.803394" />
      <trkpt lat="35.163706" lon="-120.801863" />
      <trkpt lat="35.164066" lon="-120.801853" />
      <trkpt lat="35.164062" lon="-120.801634" />
      <trkpt lat="35.164605" lon="-120.801729" />
      <trkpt lat="35.164687" lon="-120.801288" />
      <trkpt lat="35.164681" lon="-120.800959" />
      <trkpt lat="35.164227" lon="-120.800751" />
      <trkpt lat="35.164123" lon="-120.799986" />
      <trkpt lat="35.163582" lon="-120.800000" />
      <trkpt lat="35.163476" lon="-120.799125" />
      <trkpt lat="35.162935" lon="-120.799139" />
      <trkpt lat="35.163374" lon="-120.798469" />
      <trkpt lat="35.163642" lon="-120.798352" />
      <trkpt lat="35.163566" lon="-120.799122" />
      <trkpt lat="35.163836" lon="-120.799115" />
      <trkpt lat="35.163842" lon="-120.799444" />
      <trkpt lat="35.164291" lon="-120.799322" />
      <trkpt lat="35.164273" lon="-120.798335" />
      <trkpt lat="35.164998" lon="-120.798535" />
      <trkpt lat="35.165004" lon="-120.798864" />
      <trkpt lat="35.164553" lon="-120.798876" />
      <trkpt lat="35.164479" lon="-120.799756" />
      <trkpt lat="35.164663" lon="-120.799971" />
      <trkpt lat="35.164675" lon="-120.800629" />
      <trkpt lat="35.165126" lon="-120.800617" />
      <trkpt lat="35.165224" lon="-120.801054" />
      <trkpt lat="35.165764" lon="-120.801039" />
      <trkpt lat="35.165754" lon="-120.800491" />
      <trkpt lat="35.165574" lon="-120.800495" />
      <trkpt lat="35.165558" lon="-120.799618" />
      <trkpt lat="35.165020" lon="-120.799742" />
      <trkpt lat="35.165014" lon="-120.799413" />
      <trkpt lat="35.166003" lon="-120.799276" />
      <trkpt lat="35.166225" lon="-120.801576" />
      <trkpt lat="35.165594" lon="-120.801593" />
      <trkpt lat="35.165604" lon="-120.802141" />
      <trkpt lat="35.165784" lon="-120.802136" />
      <trkpt lat="35.165790" lon="-120.802466" />
      <trkpt lat="35.165430" lon="-120.802475" />
      <trkpt lat="35.165424" lon="-120.802146" />
      <trkpt lat="35.165154" lon="-120.802153" />
      <trkpt lat="35.165071" lon="-120.802595" />
      <trkpt lat="35.164713" lon="-120.802714" />
      <trkpt lat="35.164721" lon="-120.803153" />
      <trkpt lat="35.165081" lon="-120.803143" />
      <trkpt lat="35.165179" lon="-120.803580" />
      <trkpt lat="35.165630" lon="-120.803568" />
      <trkpt lat="35.165626" lon="-120.803348" />
      <trkpt lat="35.166077" lon="-120.803336" />
      <trkpt lat="35.166073" lon="-120.803117" />
      <trkpt lat="35.166343" lon="-120.803109" />
      <trkpt lat="35.166347" lon="-120.803329" />
      <trkpt lat="35.166797" lon="-120.803317" />
      <trkpt lat="35.166895" lon="-120.803753" />
    </trkseg>
  </trk>
  <trk>
    <name>SC-AREA-014</name>
    <desc>Partial mapped habitat footprint clipped to a 175-m search window to retain complete depth coverage; not the entire reef or a single pile. Interior rings are holes in the selected habitat. Not a navigation route.</desc>
    <type>Interpreted habitat boundary</type>
    <trkseg>
      <trkpt lat="35.163752" lon="-120.844566" />
      <trkpt lat="35.163760" lon="-120.844976" />
      <trkpt lat="35.164193" lon="-120.845094" />
      <trkpt lat="35.164655" lon="-120.845054" />
      <trkpt lat="35.165341" lon="-120.844637" />
      <trkpt lat="35.165721" lon="-120.844047" />
      <trkpt lat="35.165887" lon="-120.843326" />
      <trkpt lat="35.165813" lon="-120.842582" />
      <trkpt lat="35.165511" lon="-120.841929" />
      <trkpt lat="35.165027" lon="-120.841466" />
      <trkpt lat="35.164435" lon="-120.841264" />
      <trkpt lat="35.163824" lon="-120.841354" />
      <trkpt lat="35.163287" lon="-120.841721" />
      <trkpt lat="35.162907" lon="-120.842311" />
      <trkpt lat="35.162816" lon="-120.842587" />
      <trkpt lat="35.162912" lon="-120.842941" />
      <trkpt lat="35.163094" lon="-120.843046" />
      <trkpt lat="35.163098" lon="-120.843266" />
      <trkpt lat="35.163188" lon="-120.843263" />
      <trkpt lat="35.163466" lon="-120.843695" />
      <trkpt lat="35.163647" lon="-120.843691" />
      <trkpt lat="35.163652" lon="-120.844020" />
      <trkpt lat="35.163204" lon="-120.844141" />
      <trkpt lat="35.163198" lon="-120.843812" />
      <trkpt lat="35.163108" lon="-120.843815" />
      <trkpt lat="35.163106" lon="-120.843705" />
      <trkpt lat="35.163016" lon="-120.843707" />
      <trkpt lat="35.163014" lon="-120.843597" />
      <trkpt lat="35.162747" lon="-120.843385" />
      <trkpt lat="35.162870" lon="-120.843952" />
      <trkpt lat="35.163236" lon="-120.844580" />
      <trkpt lat="35.163752" lon="-120.844566" />
    </trkseg>
  </trk>
  <trk>
    <name>SC-AREA-015</name>
    <desc>Partial mapped habitat footprint clipped to a 125-m search window to retain complete depth coverage; not the entire reef or a single pile. Interior rings are holes in the selected habitat. Not a navigation route.</desc>
    <type>Interpreted habitat boundary</type>
    <trkseg>
      <trkpt lat="35.167899" lon="-120.849616" />
      <trkpt lat="35.167905" lon="-120.849946" />
      <trkpt lat="35.168355" lon="-120.849934" />
      <trkpt lat="35.168369" lon="-120.850702" />
      <trkpt lat="35.168996" lon="-120.850769" />
      <trkpt lat="35.169398" lon="-120.850553" />
      <trkpt lat="35.169702" lon="-120.850166" />
      <trkpt lat="35.169861" lon="-120.849668" />
      <trkpt lat="35.169852" lon="-120.849132" />
      <trkpt lat="35.169599" lon="-120.848913" />
      <trkpt lat="35.169597" lon="-120.848803" />
      <trkpt lat="35.169507" lon="-120.848806" />
      <trkpt lat="35.169505" lon="-120.848696" />
      <trkpt lat="35.169415" lon="-120.848698" />
      <trkpt lat="35.169413" lon="-120.848588" />
      <trkpt lat="35.169323" lon="-120.848591" />
      <trkpt lat="35.169321" lon="-120.848481" />
      <trkpt lat="35.169231" lon="-120.848483" />
      <trkpt lat="35.169229" lon="-120.848374" />
      <trkpt lat="35.169049" lon="-120.848378" />
      <trkpt lat="35.169044" lon="-120.848105" />
      <trkpt lat="35.168508" lon="-120.848089" />
      <trkpt lat="35.168019" lon="-120.848387" />
      <trkpt lat="35.167747" lon="-120.848809" />
      <trkpt lat="35.167638" lon="-120.849623" />
      <trkpt lat="35.167899" lon="-120.849616" />
    </trkseg>
  </trk>
  <trk>
    <name>SC-AREA-016</name>
    <desc>Partial mapped habitat footprint clipped to a 175-m search window to retain complete depth coverage; not the entire reef or a single pile. Interior rings are holes in the selected habitat. Not a navigation route.</desc>
    <type>Interpreted habitat boundary</type>
    <trkseg>
      <trkpt lat="35.168534" lon="-120.829619" />
      <trkpt lat="35.168542" lon="-120.830058" />
      <trkpt lat="35.168902" lon="-120.830048" />
      <trkpt lat="35.168910" lon="-120.830487" />
      <trkpt lat="35.168549" lon="-120.830496" />
      <trkpt lat="35.168555" lon="-120.830826" />
      <trkpt lat="35.168826" lon="-120.830818" />
      <trkpt lat="35.168836" lon="-120.831367" />
      <trkpt lat="35.168745" lon="-120.831370" />
      <trkpt lat="35.168751" lon="-120.831658" />
      <trkpt lat="35.169232" lon="-120.832117" />
      <trkpt lat="35.169825" lon="-120.832319" />
      <trkpt lat="35.170436" lon="-120.832230" />
      <trkpt lat="35.170972" lon="-120.831862" />
      <trkpt lat="35.171352" lon="-120.831272" />
      <trkpt lat="35.171518" lon="-120.830551" />
      <trkpt lat="35.171444" lon="-120.829806" />
      <trkpt lat="35.171142" lon="-120.829153" />
      <trkpt lat="35.170658" lon="-120.828691" />
      <trkpt lat="35.170065" lon="-120.828489" />
      <trkpt lat="35.169454" lon="-120.828578" />
      <trkpt lat="35.168918" lon="-120.828946" />
      <trkpt lat="35.168534" lon="-120.829619" />
    </trkseg>
  </trk>
  <trk>
    <name>SC-AREA-017</name>
    <desc>Partial nearby mapped rough-rock/bedrock footprint, clipped within 350 m of retained targets and by depth/closure screening; not the complete reef or an individual pile. Interior rings are holes in the selected habitat. Not a navigation route.</desc>
    <type>Interpreted habitat boundary</type>
    <trkseg>
      <trkpt lat="35.174024" lon="-120.804110" />
      <trkpt lat="35.173769" lon="-120.804996" />
      <trkpt lat="35.173501" lon="-120.805113" />
      <trkpt lat="35.173217" lon="-120.804352" />
      <trkpt lat="35.171955" lon="-120.804386" />
      <trkpt lat="35.171961" lon="-120.804715" />
      <trkpt lat="35.171601" lon="-120.804725" />
      <trkpt lat="35.171597" lon="-120.804505" />
      <trkpt lat="35.171327" lon="-120.804512" />
      <trkpt lat="35.171230" lon="-120.804186" />
      <trkpt lat="35.170508" lon="-120.804095" />
      <trkpt lat="35.170345" lon="-120.805088" />
      <trkpt lat="35.169987" lon="-120.805207" />
      <trkpt lat="35.169997" lon="-120.805756" />
      <trkpt lat="35.170537" lon="-120.805741" />
      <trkpt lat="35.170547" lon="-120.806290" />
      <trkpt lat="35.171088" lon="-120.806275" />
      <trkpt lat="35.171274" lon="-120.806600" />
      <trkpt lat="35.171635" lon="-120.806590" />
      <trkpt lat="35.171438" lon="-120.805717" />
      <trkpt lat="35.170628" lon="-120.805739" />
      <trkpt lat="35.170698" lon="-120.804639" />
      <trkpt lat="35.171238" lon="-120.804625" />
      <trkpt lat="35.171248" lon="-120.805173" />
      <trkpt lat="35.171429" lon="-120.805168" />
      <trkpt lat="35.171435" lon="-120.805498" />
      <trkpt lat="35.171975" lon="-120.805483" />
      <trkpt lat="35.172055" lon="-120.804932" />
      <trkpt lat="35.172688" lon="-120.805025" />
      <trkpt lat="35.172784" lon="-120.805351" />
      <trkpt lat="35.172606" lon="-120.805466" />
      <trkpt lat="35.172526" lon="-120.806017" />
      <trkpt lat="35.172802" lon="-120.806339" />
      <trkpt lat="35.171733" lon="-120.807027" />
      <trkpt lat="35.170922" lon="-120.807048" />
      <trkpt lat="35.170918" lon="-120.806829" />
      <trkpt lat="35.170201" lon="-120.807068" />
      <trkpt lat="35.169656" lon="-120.806863" />
      <trkpt lat="35.169474" lon="-120.806758" />
      <trkpt lat="35.169468" lon="-120.806429" />
      <trkpt lat="35.169829" lon="-120.806419" />
      <trkpt lat="35.169821" lon="-120.805980" />
      <trkpt lat="35.169008" lon="-120.805892" />
      <trkpt lat="35.169106" lon="-120.806329" />
      <trkpt lat="35.168925" lon="-120.806334" />
      <trkpt lat="35.168279" lon="-120.805473" />
      <trkpt lat="35.168451" lon="-120.805029" />
      <trkpt lat="35.168719" lon="-120.804912" />
      <trkpt lat="35.168802" lon="-120.804470" />
      <trkpt lat="35.168601" lon="-120.803378" />
      <trkpt lat="35.169052" lon="-120.803366" />
      <trkpt lat="35.169056" lon="-120.803585" />
      <trkpt lat="35.169503" lon="-120.803354" />
      <trkpt lat="35.169497" lon="-120.803025" />
      <trkpt lat="35.169226" lon="-120.803032" />
      <trkpt lat="35.169126" lon="-120.802486" />
      <trkpt lat="35.168399" lon="-120.802176" />
      <trkpt lat="35.168473" lon="-120.801296" />
      <trkpt lat="35.168742" lon="-120.801179" />
      <trkpt lat="35.168736" lon="-120.800849" />
      <trkpt lat="35.169186" lon="-120.800837" />
      <trkpt lat="35.169261" lon="-120.799957" />
      <trkpt lat="35.169527" lon="-120.799730" />
      <trkpt lat="35.170782" lon="-120.799367" />
      <trkpt lat="35.171868" lon="-120.799557" />
      <trkpt lat="35.171884" lon="-120.800435" />
      <trkpt lat="35.172246" lon="-120.800535" />
      <trkpt lat="35.172618" lon="-120.801184" />
      <trkpt lat="35.172726" lon="-120.802169" />
      <trkpt lat="35.172546" lon="-120.802174" />
      <trkpt lat="35.172552" lon="-120.802503" />
      <trkpt lat="35.173003" lon="-120.802491" />
      <trkpt lat="35.173007" lon="-120.802711" />
      <trkpt lat="35.173457" lon="-120.802698" />
      <trkpt lat="35.173453" lon="-120.802479" />
      <trkpt lat="35.173724" lon="-120.802472" />
      <trkpt lat="35.173729" lon="-120.802801" />
      <trkpt lat="35.173279" lon="-120.802813" />
      <trkpt lat="35.173205" lon="-120.803693" />
      <trkpt lat="35.174018" lon="-120.803781" />
      <trkpt lat="35.174024" lon="-120.804110" />
    </trkseg>
    <trkseg>
      <trkpt lat="35.172190" lon="-120.802403" />
      <trkpt lat="35.172184" lon="-120.802074" />
      <trkpt lat="35.171821" lon="-120.801974" />
      <trkpt lat="35.171829" lon="-120.802413" />
      <trkpt lat="35.172190" lon="-120.802403" />
    </trkseg>
    <trkseg>
      <trkpt lat="35.171855" lon="-120.803839" />
      <trkpt lat="35.171845" lon="-120.803291" />
      <trkpt lat="35.171483" lon="-120.803191" />
      <trkpt lat="35.171313" lon="-120.803744" />
      <trkpt lat="35.171855" lon="-120.803839" />
    </trkseg>
    <trkseg>
      <trkpt lat="35.171377" lon="-120.802315" />
      <trkpt lat="35.171357" lon="-120.801218" />
      <trkpt lat="35.170816" lon="-120.801232" />
      <trkpt lat="35.170622" lon="-120.800469" />
      <trkpt lat="35.170352" lon="-120.800476" />
      <trkpt lat="35.170456" lon="-120.801242" />
      <trkpt lat="35.170728" lon="-120.801345" />
      <trkpt lat="35.170732" lon="-120.801564" />
      <trkpt lat="35.171093" lon="-120.801554" />
      <trkpt lat="35.171016" lon="-120.802325" />
      <trkpt lat="35.171377" lon="-120.802315" />
    </trkseg>
    <trkseg>
      <trkpt lat="35.171216" lon="-120.803417" />
      <trkpt lat="35.171028" lon="-120.802983" />
      <trkpt lat="35.170672" lon="-120.803213" />
      <trkpt lat="35.170860" lon="-120.803647" />
      <trkpt lat="35.171216" lon="-120.803417" />
    </trkseg>
    <trkseg>
      <trkpt lat="35.170368" lon="-120.801354" />
      <trkpt lat="35.170182" lon="-120.801030" />
      <trkpt lat="35.169915" lon="-120.801257" />
      <trkpt lat="35.170101" lon="-120.801581" />
      <trkpt lat="35.170368" lon="-120.801354" />
    </trkseg>
    <trkseg>
      <trkpt lat="35.170264" lon="-120.800589" />
      <trkpt lat="35.170073" lon="-120.800045" />
      <trkpt lat="35.169717" lon="-120.800274" />
      <trkpt lat="35.169907" lon="-120.800818" />
      <trkpt lat="35.170264" lon="-120.800589" />
    </trkseg>
    <trkseg>
      <trkpt lat="35.170137" lon="-120.803556" />
      <trkpt lat="35.170131" lon="-120.803227" />
      <trkpt lat="35.169769" lon="-120.803127" />
      <trkpt lat="35.169775" lon="-120.803456" />
      <trkpt lat="35.170137" lon="-120.803556" />
    </trkseg>
    <trkseg>
      <trkpt lat="35.169657" lon="-120.801922" />
      <trkpt lat="35.169649" lon="-120.801483" />
      <trkpt lat="35.169288" lon="-120.801493" />
      <trkpt lat="35.169296" lon="-120.801932" />
      <trkpt lat="35.169657" lon="-120.801922" />
    </trkseg>
    <trkseg>
      <trkpt lat="35.169528" lon="-120.804780" />
      <trkpt lat="35.169518" lon="-120.804232" />
      <trkpt lat="35.169068" lon="-120.804244" />
      <trkpt lat="35.169078" lon="-120.804792" />
      <trkpt lat="35.169528" lon="-120.804780" />
    </trkseg>
  </trk>
  <trk>
    <name>SC-AREA-018</name>
    <desc>Partial mapped habitat footprint clipped to a 225-m search window to retain complete depth coverage; not the entire reef or a single pile. Interior rings are holes in the selected habitat. Not a navigation route.</desc>
    <type>Interpreted habitat boundary</type>
    <trkseg>
      <trkpt lat="35.170541" lon="-120.856244" />
      <trkpt lat="35.170451" lon="-120.856246" />
      <trkpt lat="35.170445" lon="-120.855917" />
      <trkpt lat="35.170805" lon="-120.855908" />
      <trkpt lat="35.170809" lon="-120.856127" />
      <trkpt lat="35.170899" lon="-120.856125" />
      <trkpt lat="35.170901" lon="-120.856235" />
      <trkpt lat="35.171081" lon="-120.856230" />
      <trkpt lat="35.171269" lon="-120.856661" />
      <trkpt lat="35.171810" lon="-120.856543" />
      <trkpt lat="35.172500" lon="-120.856071" />
      <trkpt lat="35.172775" lon="-120.855721" />
      <trkpt lat="35.173070" lon="-120.855092" />
      <trkpt lat="35.173207" lon="-120.854143" />
      <trkpt lat="35.173036" lon="-120.853202" />
      <trkpt lat="35.172583" lon="-120.852412" />
      <trkpt lat="35.171915" lon="-120.851894" />
      <trkpt lat="35.171136" lon="-120.851727" />
      <trkpt lat="35.170364" lon="-120.851935" />
      <trkpt lat="35.169715" lon="-120.852488" />
      <trkpt lat="35.169367" lon="-120.853091" />
      <trkpt lat="35.169411" lon="-120.853529" />
      <trkpt lat="35.169501" lon="-120.853527" />
      <trkpt lat="35.169507" lon="-120.853856" />
      <trkpt lat="35.169597" lon="-120.853853" />
      <trkpt lat="35.169599" lon="-120.853963" />
      <trkpt lat="35.169689" lon="-120.853961" />
      <trkpt lat="35.169681" lon="-120.853522" />
      <trkpt lat="35.169951" lon="-120.853515" />
      <trkpt lat="35.169965" lon="-120.854283" />
      <trkpt lat="35.169875" lon="-120.854285" />
      <trkpt lat="35.169881" lon="-120.854614" />
      <trkpt lat="35.169791" lon="-120.854617" />
      <trkpt lat="35.169793" lon="-120.854727" />
      <trkpt lat="35.169883" lon="-120.854724" />
      <trkpt lat="35.169885" lon="-120.854834" />
      <trkpt lat="35.169975" lon="-120.854832" />
      <trkpt lat="35.169979" lon="-120.855051" />
      <trkpt lat="35.170069" lon="-120.855049" />
      <trkpt lat="35.170076" lon="-120.855488" />
      <trkpt lat="35.170167" lon="-120.855485" />
      <trkpt lat="35.170172" lon="-120.855814" />
      <trkpt lat="35.170263" lon="-120.855812" />
      <trkpt lat="35.170364" lon="-120.856454" />
      <trkpt lat="35.170546" lon="-120.856539" />
      <trkpt lat="35.170541" lon="-120.856244" />
    </trkseg>
    <trkseg>
      <trkpt lat="35.172592" lon="-120.854982" />
      <trkpt lat="35.172603" lon="-120.855641" />
      <trkpt lat="35.172333" lon="-120.855648" />
      <trkpt lat="35.172339" lon="-120.855977" />
      <trkpt lat="35.172069" lon="-120.855984" />
      <trkpt lat="35.172059" lon="-120.855436" />
      <trkpt lat="35.171789" lon="-120.855443" />
      <trkpt lat="35.171773" lon="-120.854565" />
      <trkpt lat="35.172133" lon="-120.854555" />
      <trkpt lat="35.172131" lon="-120.854446" />
      <trkpt lat="35.172222" lon="-120.854443" />
      <trkpt lat="35.172218" lon="-120.854224" />
      <trkpt lat="35.172488" lon="-120.854217" />
      <trkpt lat="35.172582" lon="-120.854434" />
      <trkpt lat="35.172762" lon="-120.854429" />
      <trkpt lat="35.172766" lon="-120.854648" />
      <trkpt lat="35.173036" lon="-120.854641" />
      <trkpt lat="35.173042" lon="-120.854971" />
      <trkpt lat="35.172592" lon="-120.854982" />
    </trkseg>
  </trk>
  <trk>
    <name>SC-AREA-019</name>
    <desc>Partial mapped habitat footprint clipped to a 225-m search window to retain complete depth coverage; not the entire reef or a single pile. Interior rings are holes in the selected habitat. Not a navigation route.</desc>
    <type>Interpreted habitat boundary</type>
    <trkseg>
      <trkpt lat="35.175025" lon="-120.849868" />
      <trkpt lat="35.174921" lon="-120.849102" />
      <trkpt lat="35.175282" lon="-120.849093" />
      <trkpt lat="35.175280" lon="-120.848983" />
      <trkpt lat="35.175460" lon="-120.848978" />
      <trkpt lat="35.175386" lon="-120.848419" />
      <trkpt lat="35.175359" lon="-120.848352" />
      <trkpt lat="35.175362" lon="-120.848541" />
      <trkpt lat="35.175002" lon="-120.848551" />
      <trkpt lat="35.174902" lon="-120.848005" />
      <trkpt lat="35.175191" lon="-120.847997" />
      <trkpt lat="35.175069" lon="-120.847805" />
      <trkpt lat="35.174620" lon="-120.847330" />
      <trkpt lat="35.173882" lon="-120.846981" />
      <trkpt lat="35.173486" lon="-120.846944" />
      <trkpt lat="35.172899" lon="-120.847066" />
      <trkpt lat="35.172367" lon="-120.847390" />
      <trkpt lat="35.171935" lon="-120.847888" />
      <trkpt lat="35.171768" lon="-120.848197" />
      <trkpt lat="35.172201" lon="-120.848186" />
      <trkpt lat="35.172205" lon="-120.848405" />
      <trkpt lat="35.172385" lon="-120.848400" />
      <trkpt lat="35.172389" lon="-120.848620" />
      <trkpt lat="35.172571" lon="-120.848725" />
      <trkpt lat="35.172579" lon="-120.849164" />
      <trkpt lat="35.171946" lon="-120.849071" />
      <trkpt lat="35.171942" lon="-120.848851" />
      <trkpt lat="35.171556" lon="-120.848861" />
      <trkpt lat="35.171533" lon="-120.848984" />
      <trkpt lat="35.171550" lon="-120.849947" />
      <trkpt lat="35.171869" lon="-120.850829" />
      <trkpt lat="35.172440" lon="-120.851496" />
      <trkpt lat="35.173177" lon="-120.851845" />
      <trkpt lat="35.173969" lon="-120.851824" />
      <trkpt lat="35.174346" lon="-120.851674" />
      <trkpt lat="35.174850" lon="-120.851288" />
      <trkpt lat="35.175240" lon="-120.850740" />
      <trkpt lat="35.175525" lon="-120.849855" />
      <trkpt lat="35.175025" lon="-120.849868" />
    </trkseg>
  </trk>
  <trk>
    <name>SC-AREA-020</name>
    <desc>Partial mapped habitat footprint clipped to a 175-m search window to retain complete depth coverage; not the entire reef or a single pile. Interior rings are holes in the selected habitat. Not a navigation route.</desc>
    <type>Interpreted habitat boundary</type>
    <trkseg>
      <trkpt lat="35.174164" lon="-120.816843" />
      <trkpt lat="35.174344" lon="-120.816838" />
      <trkpt lat="35.174264" lon="-120.817389" />
      <trkpt lat="35.173813" lon="-120.817401" />
      <trkpt lat="35.173811" lon="-120.817291" />
      <trkpt lat="35.173721" lon="-120.817294" />
      <trkpt lat="35.173714" lon="-120.816883" />
      <trkpt lat="35.173345" lon="-120.817679" />
      <trkpt lat="35.173298" lon="-120.818426" />
      <trkpt lat="35.173560" lon="-120.819274" />
      <trkpt lat="35.173847" lon="-120.819267" />
      <trkpt lat="35.173849" lon="-120.819376" />
      <trkpt lat="35.173939" lon="-120.819374" />
      <trkpt lat="35.173943" lon="-120.819593" />
      <trkpt lat="35.174305" lon="-120.819694" />
      <trkpt lat="35.174311" lon="-120.819994" />
      <trkpt lat="35.174744" lon="-120.820111" />
      <trkpt lat="35.175303" lon="-120.820039" />
      <trkpt lat="35.175296" lon="-120.819667" />
      <trkpt lat="35.175477" lon="-120.819662" />
      <trkpt lat="35.175475" lon="-120.819552" />
      <trkpt lat="35.175991" lon="-120.819539" />
      <trkpt lat="35.176271" lon="-120.819064" />
      <trkpt lat="35.176437" lon="-120.818342" />
      <trkpt lat="35.176363" lon="-120.817598" />
      <trkpt lat="35.176061" lon="-120.816945" />
      <trkpt lat="35.175874" lon="-120.816724" />
      <trkpt lat="35.175876" lon="-120.816797" />
      <trkpt lat="35.175605" lon="-120.816804" />
      <trkpt lat="35.175607" lon="-120.816914" />
      <trkpt lat="35.175247" lon="-120.816923" />
      <trkpt lat="35.175237" lon="-120.816375" />
      <trkpt lat="35.175352" lon="-120.816372" />
      <trkpt lat="35.174984" lon="-120.816281" />
      <trkpt lat="35.174971" lon="-120.816601" />
      <trkpt lat="35.174610" lon="-120.816611" />
      <trkpt lat="35.174605" lon="-120.816304" />
      <trkpt lat="35.174157" lon="-120.816481" />
      <trkpt lat="35.174164" lon="-120.816843" />
    </trkseg>
    <trkseg>
      <trkpt lat="35.175647" lon="-120.819109" />
      <trkpt lat="35.175641" lon="-120.818779" />
      <trkpt lat="35.176092" lon="-120.818767" />
      <trkpt lat="35.176098" lon="-120.819097" />
      <trkpt lat="35.175647" lon="-120.819109" />
    </trkseg>
    <trkseg>
      <trkpt lat="35.175261" lon="-120.817692" />
      <trkpt lat="35.175255" lon="-120.817362" />
      <trkpt lat="35.175525" lon="-120.817355" />
      <trkpt lat="35.175531" lon="-120.817684" />
      <trkpt lat="35.175261" lon="-120.817692" />
    </trkseg>
  </trk>
  <trk>
    <name>SC-AREA-021</name>
    <desc>Partial nearby mapped rough-rock/bedrock footprint, clipped within 350 m of retained targets and by depth/closure screening; not the complete reef or an individual pile. Interior rings are holes in the selected habitat. Not a navigation route.</desc>
    <type>Interpreted habitat boundary</type>
    <trkseg>
      <trkpt lat="35.181932" lon="-120.863192" />
      <trkpt lat="35.181572" lon="-120.863201" />
      <trkpt lat="35.181507" lon="-120.864630" />
      <trkpt lat="35.181146" lon="-120.864640" />
      <trkpt lat="35.180868" lon="-120.864208" />
      <trkpt lat="35.180054" lon="-120.864010" />
      <trkpt lat="35.180251" lon="-120.864993" />
      <trkpt lat="35.180704" lon="-120.865091" />
      <trkpt lat="35.180803" lon="-120.865637" />
      <trkpt lat="35.180986" lon="-120.865742" />
      <trkpt lat="35.180995" lon="-120.866291" />
      <trkpt lat="35.180815" lon="-120.866296" />
      <trkpt lat="35.180821" lon="-120.866625" />
      <trkpt lat="35.180096" lon="-120.866424" />
      <trkpt lat="35.180018" lon="-120.867085" />
      <trkpt lat="35.180012" lon="-120.866756" />
      <trkpt lat="35.179828" lon="-120.866541" />
      <trkpt lat="35.179467" lon="-120.866550" />
      <trkpt lat="35.179187" lon="-120.866009" />
      <trkpt lat="35.178280" lon="-120.865703" />
      <trkpt lat="35.178275" lon="-120.865374" />
      <trkpt lat="35.178092" lon="-120.865269" />
      <trkpt lat="35.178177" lon="-120.864937" />
      <trkpt lat="35.177903" lon="-120.864725" />
      <trkpt lat="35.177889" lon="-120.863957" />
      <trkpt lat="35.176980" lon="-120.863541" />
      <trkpt lat="35.177153" lon="-120.863097" />
      <trkpt lat="35.176875" lon="-120.862665" />
      <trkpt lat="35.176516" lon="-120.862785" />
      <trkpt lat="35.176600" lon="-120.862453" />
      <trkpt lat="35.177045" lon="-120.862112" />
      <trkpt lat="35.177315" lon="-120.862105" />
      <trkpt lat="35.177239" lon="-120.862876" />
      <trkpt lat="35.178134" lon="-120.862523" />
      <trkpt lat="35.178128" lon="-120.862193" />
      <trkpt lat="35.177313" lon="-120.861995" />
      <trkpt lat="35.177308" lon="-120.861666" />
      <trkpt lat="35.176941" lon="-120.861346" />
      <trkpt lat="35.176748" lon="-120.860583" />
      <trkpt lat="35.177018" lon="-120.860576" />
      <trkpt lat="35.177098" lon="-120.860024" />
      <trkpt lat="35.176648" lon="-120.860036" />
      <trkpt lat="35.176638" lon="-120.859488" />
      <trkpt lat="35.176188" lon="-120.859499" />
      <trkpt lat="35.175933" lon="-120.860384" />
      <trkpt lat="35.175662" lon="-120.860392" />
      <trkpt lat="35.175655" lon="-120.859953" />
      <trkpt lat="35.175384" lon="-120.859960" />
      <trkpt lat="35.175373" lon="-120.859301" />
      <trkpt lat="35.175553" lon="-120.859296" />
      <trkpt lat="35.175547" lon="-120.858967" />
      <trkpt lat="35.175367" lon="-120.858972" />
      <trkpt lat="35.175355" lon="-120.858313" />
      <trkpt lat="35.174903" lon="-120.858216" />
      <trkpt lat="35.174979" lon="-120.857445" />
      <trkpt lat="35.175250" lon="-120.857438" />
      <trkpt lat="35.175244" lon="-120.857109" />
      <trkpt lat="35.174615" lon="-120.857235" />
      <trkpt lat="35.174515" lon="-120.856689" />
      <trkpt lat="35.174588" lon="-120.855699" />
      <trkpt lat="35.174858" lon="-120.855691" />
      <trkpt lat="35.174848" lon="-120.855143" />
      <trkpt lat="35.174666" lon="-120.855038" />
      <trkpt lat="35.175291" lon="-120.854692" />
      <trkpt lat="35.177095" lon="-120.854754" />
      <trkpt lat="35.177101" lon="-120.855083" />
      <trkpt lat="35.177648" lon="-120.855399" />
      <trkpt lat="35.177834" lon="-120.855723" />
      <trkpt lat="35.177845" lon="-120.856382" />
      <trkpt lat="35.178025" lon="-120.856377" />
      <trkpt lat="35.178037" lon="-120.857035" />
      <trkpt lat="35.177769" lon="-120.857152" />
      <trkpt lat="35.177878" lon="-120.858247" />
      <trkpt lat="35.178149" lon="-120.858240" />
      <trkpt lat="35.178154" lon="-120.858569" />
      <trkpt lat="35.178515" lon="-120.858560" />
      <trkpt lat="35.178597" lon="-120.858119" />
      <trkpt lat="35.178958" lon="-120.858109" />
      <trkpt lat="35.178948" lon="-120.857560" />
      <trkpt lat="35.179218" lon="-120.857553" />
      <trkpt lat="35.179249" lon="-120.859309" />
      <trkpt lat="35.179081" lon="-120.859972" />
      <trkpt lat="35.178816" lon="-120.860309" />
      <trkpt lat="35.178801" lon="-120.859431" />
      <trkpt lat="35.178530" lon="-120.859438" />
      <trkpt lat="35.178458" lon="-120.860428" />
      <trkpt lat="35.178464" lon="-120.860757" />
      <trkpt lat="35.178644" lon="-120.860753" />
      <trkpt lat="35.178469" lon="-120.861087" />
      <trkpt lat="35.179280" lon="-120.861065" />
      <trkpt lat="35.179217" lon="-120.862604" />
      <trkpt lat="35.179758" lon="-120.862590" />
      <trkpt lat="35.179929" lon="-120.862037" />
      <trkpt lat="35.180289" lon="-120.862027" />
      <trkpt lat="35.180366" lon="-120.861256" />
      <trkpt lat="35.181556" lon="-120.862323" />
      <trkpt lat="35.181932" lon="-120.863192" />
    </trkseg>
    <trkseg>
      <trkpt lat="35.181200" lon="-120.862552" />
      <trkpt lat="35.181194" lon="-120.862223" />
      <trkpt lat="35.180922" lon="-120.862120" />
      <trkpt lat="35.180918" lon="-120.861901" />
      <trkpt lat="35.180557" lon="-120.861910" />
      <trkpt lat="35.180303" lon="-120.862795" />
      <trkpt lat="35.180573" lon="-120.862788" />
      <trkpt lat="35.180569" lon="-120.862569" />
      <trkpt lat="35.181200" lon="-120.862552" />
    </trkseg>
    <trkseg>
      <trkpt lat="35.179526" lon="-120.864792" />
      <trkpt lat="35.179515" lon="-120.864134" />
      <trkpt lat="35.179244" lon="-120.864141" />
      <trkpt lat="35.179256" lon="-120.864799" />
      <trkpt lat="35.179526" lon="-120.864792" />
    </trkseg>
    <trkseg>
      <trkpt lat="35.178795" lon="-120.859102" />
      <trkpt lat="35.178787" lon="-120.858663" />
      <trkpt lat="35.178427" lon="-120.858672" />
      <trkpt lat="35.178438" lon="-120.859331" />
      <trkpt lat="35.178709" lon="-120.859323" />
      <trkpt lat="35.178795" lon="-120.859102" />
    </trkseg>
    <trkseg>
      <trkpt lat="35.177980" lon="-120.858903" />
      <trkpt lat="35.177880" lon="-120.858357" />
      <trkpt lat="35.177430" lon="-120.858369" />
      <trkpt lat="35.177434" lon="-120.858588" />
      <trkpt lat="35.177079" lon="-120.858927" />
      <trkpt lat="35.177087" lon="-120.859366" />
      <trkpt lat="35.177537" lon="-120.859354" />
      <trkpt lat="35.177529" lon="-120.858915" />
      <trkpt lat="35.177980" lon="-120.858903" />
    </trkseg>
    <trkseg>
      <trkpt lat="35.177739" lon="-120.860557" />
      <trkpt lat="35.177729" lon="-120.860008" />
      <trkpt lat="35.177459" lon="-120.860015" />
      <trkpt lat="35.177468" lon="-120.860564" />
      <trkpt lat="35.177739" lon="-120.860557" />
    </trkseg>
    <trkseg>
      <trkpt lat="35.177410" lon="-120.857271" />
      <trkpt lat="35.177401" lon="-120.856723" />
      <trkpt lat="35.177214" lon="-120.856398" />
      <trkpt lat="35.176582" lon="-120.856305" />
      <trkpt lat="35.176501" lon="-120.856856" />
      <trkpt lat="35.176143" lon="-120.856975" />
      <trkpt lat="35.176252" lon="-120.858070" />
      <trkpt lat="35.176791" lon="-120.857946" />
      <trkpt lat="35.176785" lon="-120.857617" />
      <trkpt lat="35.177146" lon="-120.857608" />
      <trkpt lat="35.177140" lon="-120.857278" />
      <trkpt lat="35.177410" lon="-120.857271" />
    </trkseg>
    <trkseg>
      <trkpt lat="35.176846" lon="-120.855969" />
      <trkpt lat="35.176840" lon="-120.855639" />
      <trkpt lat="35.176210" lon="-120.855656" />
      <trkpt lat="35.176216" lon="-120.855985" />
      <trkpt lat="35.176846" lon="-120.855969" />
    </trkseg>
  </trk>
  <trk>
    <name>SC-AREA-022</name>
    <desc>Partial mapped habitat footprint clipped to a 225-m search window to retain complete depth coverage; not the entire reef or a single pile. Interior rings are holes in the selected habitat. Not a navigation route.</desc>
    <type>Interpreted habitat boundary</type>
    <trkseg>
      <trkpt lat="35.176643" lon="-120.849606" />
      <trkpt lat="35.176553" lon="-120.849608" />
      <trkpt lat="35.176549" lon="-120.849389" />
      <trkpt lat="35.176459" lon="-120.849391" />
      <trkpt lat="35.176446" lon="-120.848623" />
      <trkpt lat="35.176716" lon="-120.848616" />
      <trkpt lat="35.176718" lon="-120.848725" />
      <trkpt lat="35.176808" lon="-120.848723" />
      <trkpt lat="35.176812" lon="-120.848942" />
      <trkpt lat="35.176992" lon="-120.848938" />
      <trkpt lat="35.176994" lon="-120.849047" />
      <trkpt lat="35.177535" lon="-120.849033" />
      <trkpt lat="35.177539" lon="-120.849253" />
      <trkpt lat="35.177899" lon="-120.849243" />
      <trkpt lat="35.177903" lon="-120.849463" />
      <trkpt lat="35.177993" lon="-120.849460" />
      <trkpt lat="35.177995" lon="-120.849570" />
      <trkpt lat="35.178624" lon="-120.849444" />
      <trkpt lat="35.178626" lon="-120.849553" />
      <trkpt lat="35.178716" lon="-120.849551" />
      <trkpt lat="35.178726" lon="-120.850100" />
      <trkpt lat="35.178185" lon="-120.850114" />
      <trkpt lat="35.178188" lon="-120.850317" />
      <trkpt lat="35.178551" lon="-120.850217" />
      <trkpt lat="35.178914" lon="-120.850023" />
      <trkpt lat="35.179385" lon="-120.849578" />
      <trkpt lat="35.179810" lon="-120.848766" />
      <trkpt lat="35.179947" lon="-120.847817" />
      <trkpt lat="35.179776" lon="-120.846876" />
      <trkpt lat="35.179323" lon="-120.846086" />
      <trkpt lat="35.178655" lon="-120.845568" />
      <trkpt lat="35.177876" lon="-120.845401" />
      <trkpt lat="35.177104" lon="-120.845609" />
      <trkpt lat="35.176846" lon="-120.845779" />
      <trkpt lat="35.176849" lon="-120.845977" />
      <trkpt lat="35.176613" lon="-120.845983" />
      <trkpt lat="35.176455" lon="-120.846162" />
      <trkpt lat="35.176030" lon="-120.846974" />
      <trkpt lat="35.175893" lon="-120.847923" />
      <trkpt lat="35.175940" lon="-120.848404" />
      <trkpt lat="35.176153" lon="-120.849081" />
      <trkpt lat="35.176647" lon="-120.849790" />
      <trkpt lat="35.176643" lon="-120.849606" />
    </trkseg>
    <trkseg>
      <trkpt lat="35.176348" lon="-120.848186" />
      <trkpt lat="35.176326" lon="-120.846979" />
      <trkpt lat="35.176596" lon="-120.846972" />
      <trkpt lat="35.176618" lon="-120.848179" />
      <trkpt lat="35.176348" lon="-120.848186" />
    </trkseg>
  </trk>
  <trk>
    <name>SC-AREA-023</name>
    <desc>Partial mapped habitat footprint clipped to a 225-m search window to retain complete depth coverage; not the entire reef or a single pile. Interior rings are holes in the selected habitat. Not a navigation route.</desc>
    <type>Interpreted habitat boundary</type>
    <trkseg>
      <trkpt lat="35.179135" lon="-120.832631" />
      <trkpt lat="35.178955" lon="-120.832635" />
      <trkpt lat="35.178949" lon="-120.832306" />
      <trkpt lat="35.179039" lon="-120.832304" />
      <trkpt lat="35.179035" lon="-120.832084" />
      <trkpt lat="35.179484" lon="-120.831963" />
      <trkpt lat="35.179478" lon="-120.831633" />
      <trkpt lat="35.179568" lon="-120.831631" />
      <trkpt lat="35.179552" lon="-120.830753" />
      <trkpt lat="35.179733" lon="-120.830748" />
      <trkpt lat="35.179631" lon="-120.830092" />
      <trkpt lat="35.179901" lon="-120.830085" />
      <trkpt lat="35.179885" lon="-120.829207" />
      <trkpt lat="35.179975" lon="-120.829205" />
      <trkpt lat="35.179973" lon="-120.829064" />
      <trkpt lat="35.179421" lon="-120.828428" />
      <trkpt lat="35.179121" lon="-120.828239" />
      <trkpt lat="35.178876" lon="-120.828246" />
      <trkpt lat="35.178874" lon="-120.828132" />
      <trkpt lat="35.178088" lon="-120.828059" />
      <trkpt lat="35.177514" lon="-120.828250" />
      <trkpt lat="35.176866" lon="-120.828803" />
      <trkpt lat="35.176441" lon="-120.829616" />
      <trkpt lat="35.176304" lon="-120.830565" />
      <trkpt lat="35.176475" lon="-120.831506" />
      <trkpt lat="35.176929" lon="-120.832295" />
      <trkpt lat="35.177596" lon="-120.832813" />
      <trkpt lat="35.177979" lon="-120.832943" />
      <trkpt lat="35.178574" lon="-120.832963" />
      <trkpt lat="35.179138" lon="-120.832776" />
      <trkpt lat="35.179135" lon="-120.832631" />
    </trkseg>
    <trkseg>
      <trkpt lat="35.178982" lon="-120.829121" />
      <trkpt lat="35.178978" lon="-120.828902" />
      <trkpt lat="35.178708" lon="-120.828909" />
      <trkpt lat="35.178702" lon="-120.828580" />
      <trkpt lat="35.179062" lon="-120.828570" />
      <trkpt lat="35.179066" lon="-120.828790" />
      <trkpt lat="35.179247" lon="-120.828785" />
      <trkpt lat="35.179253" lon="-120.829114" />
      <trkpt lat="35.178982" lon="-120.829121" />
    </trkseg>
    <trkseg>
      <trkpt lat="35.177948" lon="-120.831784" />
      <trkpt lat="35.177942" lon="-120.831455" />
      <trkpt lat="35.178213" lon="-120.831447" />
      <trkpt lat="35.178218" lon="-120.831777" />
      <trkpt lat="35.177948" lon="-120.831784" />
    </trkseg>
  </trk>
  <trk>
    <name>SC-AREA-024</name>
    <desc>Partial mapped habitat footprint clipped to a 225-m search window to retain complete depth coverage; not the entire reef or a single pile. Interior rings are holes in the selected habitat. Not a navigation route.</desc>
    <type>Interpreted habitat boundary</type>
    <trkseg>
      <trkpt lat="35.179607" lon="-120.833826" />
      <trkpt lat="35.179399" lon="-120.833733" />
      <trkpt lat="35.178805" lon="-120.833785" />
      <trkpt lat="35.178081" lon="-120.834173" />
      <trkpt lat="35.177534" lon="-120.834869" />
      <trkpt lat="35.177379" lon="-120.835233" />
      <trkpt lat="35.177386" lon="-120.835642" />
      <trkpt lat="35.177270" lon="-120.835645" />
      <trkpt lat="35.177247" lon="-120.835767" />
      <trkpt lat="35.177264" lon="-120.836730" />
      <trkpt lat="35.177583" lon="-120.837613" />
      <trkpt lat="35.178154" lon="-120.838279" />
      <trkpt lat="35.178892" lon="-120.838628" />
      <trkpt lat="35.179683" lon="-120.838607" />
      <trkpt lat="35.180407" lon="-120.838219" />
      <trkpt lat="35.180954" lon="-120.837523" />
      <trkpt lat="35.181241" lon="-120.836625" />
      <trkpt lat="35.181224" lon="-120.835662" />
      <trkpt lat="35.180905" lon="-120.834779" />
      <trkpt lat="35.180334" lon="-120.834113" />
      <trkpt lat="35.179799" lon="-120.833821" />
      <trkpt lat="35.179607" lon="-120.833826" />
    </trkseg>
    <trkseg>
      <trkpt lat="35.177690" lon="-120.837500" />
      <trkpt lat="35.177682" lon="-120.837061" />
      <trkpt lat="35.178042" lon="-120.837052" />
      <trkpt lat="35.178050" lon="-120.837491" />
      <trkpt lat="35.177690" lon="-120.837500" />
    </trkseg>
  </trk>
  <trk>
    <name>SC-AREA-025</name>
    <desc>Partial mapped habitat footprint clipped to a 225-m search window to retain complete depth coverage; not the entire reef or a single pile. Interior rings are holes in the selected habitat. Not a navigation route.</desc>
    <type>Interpreted habitat boundary</type>
    <trkseg>
      <trkpt lat="35.180666" lon="-120.852794" />
      <trkpt lat="35.180668" lon="-120.852903" />
      <trkpt lat="35.180849" lon="-120.852899" />
      <trkpt lat="35.180860" lon="-120.853557" />
      <trkpt lat="35.181041" lon="-120.853553" />
      <trkpt lat="35.181046" lon="-120.853882" />
      <trkpt lat="35.181227" lon="-120.853877" />
      <trkpt lat="35.181232" lon="-120.854206" />
      <trkpt lat="35.181142" lon="-120.854209" />
      <trkpt lat="35.181150" lon="-120.854648" />
      <trkpt lat="35.181094" lon="-120.854649" />
      <trkpt lat="35.181786" lon="-120.855074" />
      <trkpt lat="35.181787" lon="-120.854960" />
      <trkpt lat="35.182057" lon="-120.854953" />
      <trkpt lat="35.182060" lon="-120.855140" />
      <trkpt lat="35.182377" lon="-120.855164" />
      <trkpt lat="35.183149" lon="-120.854956" />
      <trkpt lat="35.183798" lon="-120.854403" />
      <trkpt lat="35.184223" lon="-120.853591" />
      <trkpt lat="35.184360" lon="-120.852642" />
      <trkpt lat="35.184189" lon="-120.851701" />
      <trkpt lat="35.183736" lon="-120.850911" />
      <trkpt lat="35.183068" lon="-120.850393" />
      <trkpt lat="35.182289" lon="-120.850226" />
      <trkpt lat="35.181517" lon="-120.850434" />
      <trkpt lat="35.181013" lon="-120.850820" />
      <trkpt lat="35.180738" lon="-120.851170" />
      <trkpt lat="35.180443" lon="-120.851799" />
      <trkpt lat="35.180311" lon="-120.852506" />
      <trkpt lat="35.180309" lon="-120.852803" />
      <trkpt lat="35.180666" lon="-120.852794" />
    </trkseg>
    <trkseg>
      <trkpt lat="35.181505" lon="-120.854309" />
      <trkpt lat="35.181497" lon="-120.853870" />
      <trkpt lat="35.181767" lon="-120.853863" />
      <trkpt lat="35.181775" lon="-120.854302" />
      <trkpt lat="35.181505" lon="-120.854309" />
    </trkseg>
  </trk>
  <trk>
    <name>SC-AREA-026</name>
    <desc>Partial mapped habitat footprint clipped to a 225-m search window to retain complete depth coverage; not the entire reef or a single pile. Interior rings are holes in the selected habitat. Not a navigation route.</desc>
    <type>Interpreted habitat boundary</type>
    <trkseg>
      <trkpt lat="35.183889" lon="-120.831297" />
      <trkpt lat="35.183799" lon="-120.831299" />
      <trkpt lat="35.183807" lon="-120.831738" />
      <trkpt lat="35.183717" lon="-120.831740" />
      <trkpt lat="35.183719" lon="-120.831850" />
      <trkpt lat="35.183358" lon="-120.831860" />
      <trkpt lat="35.183353" lon="-120.831530" />
      <trkpt lat="35.183172" lon="-120.831535" />
      <trkpt lat="35.183168" lon="-120.831316" />
      <trkpt lat="35.182709" lon="-120.831877" />
      <trkpt lat="35.182422" lon="-120.832775" />
      <trkpt lat="35.182392" lon="-120.833258" />
      <trkpt lat="35.182492" lon="-120.833972" />
      <trkpt lat="35.182880" lon="-120.834812" />
      <trkpt lat="35.183502" lon="-120.835407" />
      <trkpt lat="35.184264" lon="-120.835667" />
      <trkpt lat="35.185050" lon="-120.835552" />
      <trkpt lat="35.185671" lon="-120.835143" />
      <trkpt lat="35.185664" lon="-120.834763" />
      <trkpt lat="35.185754" lon="-120.834761" />
      <trkpt lat="35.185748" lon="-120.834432" />
      <trkpt lat="35.185839" lon="-120.834429" />
      <trkpt lat="35.185837" lon="-120.834319" />
      <trkpt lat="35.186107" lon="-120.834312" />
      <trkpt lat="35.186111" lon="-120.834562" />
      <trkpt lat="35.186228" lon="-120.834321" />
      <trkpt lat="35.186373" lon="-120.833866" />
      <trkpt lat="35.186279" lon="-120.833868" />
      <trkpt lat="35.186269" lon="-120.833320" />
      <trkpt lat="35.186443" lon="-120.833315" />
      <trkpt lat="35.186346" lon="-120.832436" />
      <trkpt lat="35.185958" lon="-120.831596" />
      <trkpt lat="35.185671" lon="-120.831261" />
      <trkpt lat="35.185154" lon="-120.830902" />
      <trkpt lat="35.184691" lon="-120.830759" />
      <trkpt lat="35.184694" lon="-120.830946" />
      <trkpt lat="35.184604" lon="-120.830948" />
      <trkpt lat="35.184518" lon="-120.831170" />
      <trkpt lat="35.184338" lon="-120.831175" />
      <trkpt lat="35.184336" lon="-120.831065" />
      <trkpt lat="35.184154" lon="-120.830960" />
      <trkpt lat="35.184150" lon="-120.830757" />
      <trkpt lat="35.183980" lon="-120.830792" />
      <trkpt lat="35.183881" lon="-120.830826" />
      <trkpt lat="35.183889" lon="-120.831297" />
    </trkseg>
    <trkseg>
      <trkpt lat="35.185065" lon="-120.831485" />
      <trkpt lat="35.184978" lon="-120.831707" />
      <trkpt lat="35.184798" lon="-120.831712" />
      <trkpt lat="35.184612" lon="-120.831387" />
      <trkpt lat="35.184702" lon="-120.831385" />
      <trkpt lat="35.184788" lon="-120.831163" />
      <trkpt lat="35.184969" lon="-120.831158" />
      <trkpt lat="35.184971" lon="-120.831268" />
      <trkpt lat="35.185153" lon="-120.831373" />
      <trkpt lat="35.185155" lon="-120.831483" />
      <trkpt lat="35.185065" lon="-120.831485" />
    </trkseg>
    <trkseg>
      <trkpt lat="35.184565" lon="-120.833804" />
      <trkpt lat="35.184559" lon="-120.833475" />
      <trkpt lat="35.184830" lon="-120.833468" />
      <trkpt lat="35.184836" lon="-120.833797" />
      <trkpt lat="35.184565" lon="-120.833804" />
    </trkseg>
    <trkseg>
      <trkpt lat="35.183233" lon="-120.834938" />
      <trkpt lat="35.183231" lon="-120.834828" />
      <trkpt lat="35.183141" lon="-120.834830" />
      <trkpt lat="35.183135" lon="-120.834501" />
      <trkpt lat="35.183496" lon="-120.834491" />
      <trkpt lat="35.183498" lon="-120.834601" />
      <trkpt lat="35.183588" lon="-120.834599" />
      <trkpt lat="35.183594" lon="-120.834928" />
      <trkpt lat="35.183233" lon="-120.834938" />
    </trkseg>
  </trk>
  <trk>
    <name>SC-AREA-027</name>
    <desc>Partial mapped habitat footprint clipped to a 225-m search window to retain complete depth coverage; not the entire reef or a single pile. Interior rings are holes in the selected habitat. Not a navigation route.</desc>
    <type>Interpreted habitat boundary</type>
    <trkseg>
      <trkpt lat="35.186851" lon="-120.840662" />
      <trkpt lat="35.187004" lon="-120.840658" />
      <trkpt lat="35.187024" lon="-120.840272" />
      <trkpt lat="35.186977" lon="-120.839792" />
      <trkpt lat="35.186764" lon="-120.839115" />
      <trkpt lat="35.186249" lon="-120.838383" />
      <trkpt lat="35.185543" lon="-120.837947" />
      <trkpt lat="35.184754" lon="-120.837874" />
      <trkpt lat="35.184002" lon="-120.838173" />
      <trkpt lat="35.183402" lon="-120.838801" />
      <trkpt lat="35.183104" lon="-120.839443" />
      <trkpt lat="35.183227" lon="-120.839659" />
      <trkpt lat="35.183588" lon="-120.839650" />
      <trkpt lat="35.183590" lon="-120.839760" />
      <trkpt lat="35.183770" lon="-120.839755" />
      <trkpt lat="35.183772" lon="-120.839865" />
      <trkpt lat="35.183862" lon="-120.839862" />
      <trkpt lat="35.183868" lon="-120.840191" />
      <trkpt lat="35.183417" lon="-120.840203" />
      <trkpt lat="35.183423" lon="-120.840533" />
      <trkpt lat="35.183153" lon="-120.840540" />
      <trkpt lat="35.183161" lon="-120.840979" />
      <trkpt lat="35.183044" lon="-120.840982" />
      <trkpt lat="35.183230" lon="-120.841537" />
      <trkpt lat="35.183405" lon="-120.841851" />
      <trkpt lat="35.183715" lon="-120.841733" />
      <trkpt lat="35.183786" lon="-120.840633" />
      <trkpt lat="35.184236" lon="-120.840621" />
      <trkpt lat="35.184242" lon="-120.840950" />
      <trkpt lat="35.184152" lon="-120.840953" />
      <trkpt lat="35.184158" lon="-120.841282" />
      <trkpt lat="35.184338" lon="-120.841277" />
      <trkpt lat="35.184348" lon="-120.841826" />
      <trkpt lat="35.184258" lon="-120.841828" />
      <trkpt lat="35.184264" lon="-120.842158" />
      <trkpt lat="35.184444" lon="-120.842153" />
      <trkpt lat="35.184446" lon="-120.842263" />
      <trkpt lat="35.184536" lon="-120.842260" />
      <trkpt lat="35.184540" lon="-120.842480" />
      <trkpt lat="35.184630" lon="-120.842477" />
      <trkpt lat="35.184632" lon="-120.842587" />
      <trkpt lat="35.184812" lon="-120.842582" />
      <trkpt lat="35.184816" lon="-120.842785" />
      <trkpt lat="35.185436" lon="-120.842738" />
      <trkpt lat="35.185893" lon="-120.842539" />
      <trkpt lat="35.185890" lon="-120.842334" />
      <trkpt lat="35.186160" lon="-120.842327" />
      <trkpt lat="35.186150" lon="-120.841778" />
      <trkpt lat="35.186420" lon="-120.841771" />
      <trkpt lat="35.186426" lon="-120.842076" />
      <trkpt lat="35.186863" lon="-120.841288" />
      <trkpt lat="35.186851" lon="-120.840662" />
    </trkseg>
  </trk>
  <trk>
    <name>SC-AREA-028</name>
    <desc>Partial mapped habitat footprint clipped to a 225-m search window to retain complete depth coverage; not the entire reef or a single pile. Interior rings are holes in the selected habitat. Not a navigation route.</desc>
    <type>Interpreted habitat boundary</type>
    <trkseg>
      <trkpt lat="35.191713" lon="-120.835262" />
      <trkpt lat="35.191623" lon="-120.835264" />
      <trkpt lat="35.191611" lon="-120.834605" />
      <trkpt lat="35.192150" lon="-120.834481" />
      <trkpt lat="35.192153" lon="-120.834670" />
      <trkpt lat="35.192241" lon="-120.834372" />
      <trkpt lat="35.192312" lon="-120.833818" />
      <trkpt lat="35.192228" lon="-120.833820" />
      <trkpt lat="35.192220" lon="-120.833381" />
      <trkpt lat="35.192130" lon="-120.833384" />
      <trkpt lat="35.192126" lon="-120.833164" />
      <trkpt lat="35.192036" lon="-120.833167" />
      <trkpt lat="35.191942" lon="-120.832949" />
      <trkpt lat="35.191762" lon="-120.832954" />
      <trkpt lat="35.191760" lon="-120.832844" />
      <trkpt lat="35.191670" lon="-120.832847" />
      <trkpt lat="35.191674" lon="-120.833066" />
      <trkpt lat="35.191404" lon="-120.833074" />
      <trkpt lat="35.191406" lon="-120.833183" />
      <trkpt lat="35.191227" lon="-120.833298" />
      <trkpt lat="35.191231" lon="-120.833517" />
      <trkpt lat="35.190965" lon="-120.833744" />
      <trkpt lat="35.190963" lon="-120.833634" />
      <trkpt lat="35.190781" lon="-120.833529" />
      <trkpt lat="35.190955" lon="-120.833195" />
      <trkpt lat="35.190865" lon="-120.833198" />
      <trkpt lat="35.190861" lon="-120.832978" />
      <trkpt lat="35.190771" lon="-120.832981" />
      <trkpt lat="35.190767" lon="-120.832761" />
      <trkpt lat="35.190677" lon="-120.832763" />
      <trkpt lat="35.190675" lon="-120.832654" />
      <trkpt lat="35.190941" lon="-120.832427" />
      <trkpt lat="35.190943" lon="-120.832537" />
      <trkpt lat="35.191123" lon="-120.832532" />
      <trkpt lat="35.191125" lon="-120.832642" />
      <trkpt lat="35.191308" lon="-120.832747" />
      <trkpt lat="35.191304" lon="-120.832527" />
      <trkpt lat="35.191664" lon="-120.832518" />
      <trkpt lat="35.191662" lon="-120.832408" />
      <trkpt lat="35.191840" lon="-120.832293" />
      <trkpt lat="35.191808" lon="-120.832074" />
      <trkpt lat="35.191478" lon="-120.832193" />
      <trkpt lat="35.191480" lon="-120.832303" />
      <trkpt lat="35.191302" lon="-120.832417" />
      <trkpt lat="35.191300" lon="-120.832308" />
      <trkpt lat="35.191025" lon="-120.832095" />
      <trkpt lat="35.191022" lon="-120.831876" />
      <trkpt lat="35.191200" lon="-120.831761" />
      <trkpt lat="35.191198" lon="-120.831651" />
      <trkpt lat="35.191108" lon="-120.831654" />
      <trkpt lat="35.191104" lon="-120.831449" />
      <trkpt lat="35.191014" lon="-120.831437" />
      <trkpt lat="35.191016" lon="-120.831546" />
      <trkpt lat="35.190835" lon="-120.831551" />
      <trkpt lat="35.190841" lon="-120.831880" />
      <trkpt lat="35.190487" lon="-120.832219" />
      <trkpt lat="35.190491" lon="-120.832439" />
      <trkpt lat="35.190401" lon="-120.832441" />
      <trkpt lat="35.190314" lon="-120.832663" />
      <trkpt lat="35.190134" lon="-120.832668" />
      <trkpt lat="35.190132" lon="-120.832558" />
      <trkpt lat="35.189950" lon="-120.832453" />
      <trkpt lat="35.189942" lon="-120.832014" />
      <trkpt lat="35.189762" lon="-120.832019" />
      <trkpt lat="35.189760" lon="-120.831909" />
      <trkpt lat="35.189578" lon="-120.831804" />
      <trkpt lat="35.189574" lon="-120.831585" />
      <trkpt lat="35.189664" lon="-120.831582" />
      <trkpt lat="35.189750" lon="-120.831360" />
      <trkpt lat="35.189930" lon="-120.831356" />
      <trkpt lat="35.189932" lon="-120.831465" />
      <trkpt lat="35.190115" lon="-120.831570" />
      <trkpt lat="35.190113" lon="-120.831461" />
      <trkpt lat="35.190203" lon="-120.831458" />
      <trkpt lat="35.190199" lon="-120.831241" />
      <trkpt lat="35.189849" lon="-120.831295" />
      <trkpt lat="35.189471" lon="-120.831446" />
      <trkpt lat="35.189392" lon="-120.831494" />
      <trkpt lat="35.189398" lon="-120.831809" />
      <trkpt lat="35.189036" lon="-120.831767" />
      <trkpt lat="35.188823" lon="-120.831999" />
      <trkpt lat="35.188479" lon="-120.832590" />
      <trkpt lat="35.188398" lon="-120.832812" />
      <trkpt lat="35.188335" lon="-120.833042" />
      <trkpt lat="35.188293" lon="-120.833266" />
      <trkpt lat="35.188338" lon="-120.833045" />
      <trkpt lat="35.188608" lon="-120.833038" />
      <trkpt lat="35.188616" lon="-120.833477" />
      <trkpt lat="35.188706" lon="-120.833475" />
      <trkpt lat="35.188804" lon="-120.833911" />
      <trkpt lat="35.188894" lon="-120.833909" />
      <trkpt lat="35.188896" lon="-120.834019" />
      <trkpt lat="35.188986" lon="-120.834016" />
      <trkpt lat="35.188990" lon="-120.834236" />
      <trkpt lat="35.189265" lon="-120.834448" />
      <trkpt lat="35.189364" lon="-120.834995" />
      <trkpt lat="35.189455" lon="-120.834992" />
      <trkpt lat="35.189457" lon="-120.835102" />
      <trkpt lat="35.189637" lon="-120.835097" />
      <trkpt lat="35.189645" lon="-120.835536" />
      <trkpt lat="35.189827" lon="-120.835641" />
      <trkpt lat="35.189835" lon="-120.836112" />
      <trkpt lat="35.190287" lon="-120.836175" />
      <trkpt lat="35.190285" lon="-120.836068" />
      <trkpt lat="35.190195" lon="-120.836071" />
      <trkpt lat="35.190191" lon="-120.835851" />
      <trkpt lat="35.190101" lon="-120.835853" />
      <trkpt lat="35.190097" lon="-120.835634" />
      <trkpt lat="35.190007" lon="-120.835636" />
      <trkpt lat="35.189995" lon="-120.834978" />
      <trkpt lat="35.189815" lon="-120.834983" />
      <trkpt lat="35.189811" lon="-120.834763" />
      <trkpt lat="35.189631" lon="-120.834768" />
      <trkpt lat="35.189623" lon="-120.834329" />
      <trkpt lat="35.189803" lon="-120.834324" />
      <trkpt lat="35.189699" lon="-120.833558" />
      <trkpt lat="35.190150" lon="-120.833546" />
      <trkpt lat="35.190148" lon="-120.833436" />
      <trkpt lat="35.189966" lon="-120.833331" />
      <trkpt lat="35.190140" lon="-120.832997" />
      <trkpt lat="35.190320" lon="-120.832992" />
      <trkpt lat="35.190322" lon="-120.833102" />
      <trkpt lat="35.190504" lon="-120.833207" />
      <trkpt lat="35.190506" lon="-120.833317" />
      <trkpt lat="35.190416" lon="-120.833319" />
      <trkpt lat="35.190420" lon="-120.833539" />
      <trkpt lat="35.190510" lon="-120.833537" />
      <trkpt lat="35.190516" lon="-120.833866" />
      <trkpt lat="35.190426" lon="-120.833868" />
      <trkpt lat="35.190428" lon="-120.833978" />
      <trkpt lat="35.190789" lon="-120.833968" />
      <trkpt lat="35.190790" lon="-120.834078" />
      <trkpt lat="35.190971" lon="-120.834073" />
      <trkpt lat="35.190990" lon="-120.835171" />
      <trkpt lat="35.190810" lon="-120.835176" />
      <trkpt lat="35.190816" lon="-120.835505" />
      <trkpt lat="35.190546" lon="-120.835512" />
      <trkpt lat="35.190552" lon="-120.835842" />
      <trkpt lat="35.190642" lon="-120.835839" />
      <trkpt lat="35.190644" lon="-120.835949" />
      <trkpt lat="35.190824" lon="-120.835944" />
      <trkpt lat="35.190826" lon="-120.836054" />
      <trkpt lat="35.191105" lon="-120.835968" />
      <trkpt lat="35.191717" lon="-120.835457" />
      <trkpt lat="35.191713" lon="-120.835262" />
    </trkseg>
    <trkseg>
      <trkpt lat="35.189784" lon="-120.833226" />
      <trkpt lat="35.189788" lon="-120.833446" />
      <trkpt lat="35.189517" lon="-120.833453" />
      <trkpt lat="35.189413" lon="-120.832687" />
      <trkpt lat="35.189864" lon="-120.832675" />
      <trkpt lat="35.189874" lon="-120.833224" />
      <trkpt lat="35.189784" lon="-120.833226" />
    </trkseg>
  </trk>
  <trk>
    <name>SC-AREA-029</name>
    <desc>Partial nearby mapped rough-rock/bedrock footprint, clipped within 350 m of retained targets and by depth/closure screening; not the complete reef or an individual pile. Interior rings are holes in the selected habitat. Not a navigation route.</desc>
    <type>Interpreted habitat boundary</type>
    <trkseg>
      <trkpt lat="35.262404" lon="-120.912960" />
      <trkpt lat="35.262325" lon="-120.913621" />
      <trkpt lat="35.261784" lon="-120.913635" />
      <trkpt lat="35.261781" lon="-120.913416" />
      <trkpt lat="35.261416" lon="-120.913205" />
      <trkpt lat="35.260878" lon="-120.913329" />
      <trkpt lat="35.260987" lon="-120.914425" />
      <trkpt lat="35.261353" lon="-120.914746" />
      <trkpt lat="35.261360" lon="-120.915185" />
      <trkpt lat="35.261634" lon="-120.915398" />
      <trkpt lat="35.261283" lon="-120.915956" />
      <trkpt lat="35.260035" lon="-120.916758" />
      <trkpt lat="35.258774" lon="-120.916790" />
      <trkpt lat="35.258733" lon="-120.909207" />
      <trkpt lat="35.259182" lon="-120.909086" />
      <trkpt lat="35.260359" lon="-120.909385" />
      <trkpt lat="35.260291" lon="-120.910706" />
      <trkpt lat="35.260481" lon="-120.911251" />
      <trkpt lat="35.259760" lon="-120.911269" />
      <trkpt lat="35.259768" lon="-120.911709" />
      <trkpt lat="35.259588" lon="-120.911713" />
      <trkpt lat="35.259691" lon="-120.912480" />
      <trkpt lat="35.259961" lon="-120.912473" />
      <trkpt lat="35.260036" lon="-120.911592" />
      <trkpt lat="35.260759" lon="-120.911683" />
      <trkpt lat="35.260772" lon="-120.912452" />
      <trkpt lat="35.261043" lon="-120.912445" />
      <trkpt lat="35.261296" lon="-120.911450" />
      <trkpt lat="35.261093" lon="-120.910136" />
      <trkpt lat="35.261363" lon="-120.910129" />
      <trkpt lat="35.262105" lon="-120.911319" />
      <trkpt lat="35.262404" lon="-120.912960" />
    </trkseg>
  </trk>
  <trk>
    <name>SC-AREA-030</name>
    <desc>Partial nearby mapped rough-rock/bedrock footprint, clipped within 350 m of retained targets and by depth/closure screening; not the complete reef or an individual pile. Interior rings are holes in the selected habitat. Not a navigation route.</desc>
    <type>Interpreted habitat boundary</type>
    <trkseg>
      <trkpt lat="35.269375" lon="-120.919926" />
      <trkpt lat="35.269120" lon="-120.920812" />
      <trkpt lat="35.268677" lon="-120.921263" />
      <trkpt lat="35.268683" lon="-120.921593" />
      <trkpt lat="35.268418" lon="-120.921929" />
      <trkpt lat="35.268316" lon="-120.921272" />
      <trkpt lat="35.268042" lon="-120.921059" />
      <trkpt lat="35.267592" lon="-120.921071" />
      <trkpt lat="35.267596" lon="-120.921291" />
      <trkpt lat="35.266963" lon="-120.921197" />
      <trkpt lat="35.266877" lon="-120.921419" />
      <trkpt lat="35.266338" lon="-120.921543" />
      <trkpt lat="35.266259" lon="-120.922204" />
      <trkpt lat="35.266081" lon="-120.922319" />
      <trkpt lat="35.264821" lon="-120.922461" />
      <trkpt lat="35.264887" lon="-120.921030" />
      <trkpt lat="35.264522" lon="-120.920820" />
      <trkpt lat="35.264513" lon="-120.920270" />
      <trkpt lat="35.264691" lon="-120.920156" />
      <trkpt lat="35.264586" lon="-120.919279" />
      <trkpt lat="35.264854" lon="-120.919162" />
      <trkpt lat="35.264847" lon="-120.918723" />
      <trkpt lat="35.264667" lon="-120.918728" />
      <trkpt lat="35.264567" lon="-120.918180" />
      <trkpt lat="35.264207" lon="-120.918190" />
      <trkpt lat="35.264197" lon="-120.917640" />
      <trkpt lat="35.263563" lon="-120.917437" />
      <trkpt lat="35.263557" lon="-120.917107" />
      <trkpt lat="35.264171" lon="-120.916102" />
      <trkpt lat="35.265419" lon="-120.915301" />
      <trkpt lat="35.266951" lon="-120.915262" />
      <trkpt lat="35.267495" lon="-120.915467" />
      <trkpt lat="35.268226" lon="-120.915998" />
      <trkpt lat="35.267957" lon="-120.916115" />
      <trkpt lat="35.267963" lon="-120.916445" />
      <trkpt lat="35.268325" lon="-120.916545" />
      <trkpt lat="35.268329" lon="-120.916765" />
      <trkpt lat="35.268780" lon="-120.916754" />
      <trkpt lat="35.269151" lon="-120.917404" />
      <trkpt lat="35.269343" lon="-120.918058" />
      <trkpt lat="35.269375" lon="-120.919926" />
    </trkseg>
    <trkseg>
      <trkpt lat="35.269185" lon="-120.919381" />
      <trkpt lat="35.269180" lon="-120.919052" />
      <trkpt lat="35.268729" lon="-120.919063" />
      <trkpt lat="35.268735" lon="-120.919393" />
      <trkpt lat="35.269185" lon="-120.919381" />
    </trkseg>
  </trk>
  <trk>
    <name>SC-AREA-031</name>
    <desc>Partial nearby mapped rough-rock/bedrock footprint, clipped within 350 m of retained targets and by depth/closure screening; not the complete reef or an individual pile. Interior rings are holes in the selected habitat. Not a navigation route.</desc>
    <type>Interpreted habitat boundary</type>
    <trkseg>
      <trkpt lat="35.272030" lon="-120.911834" />
      <trkpt lat="35.271426" lon="-120.913388" />
      <trkpt lat="35.270452" lon="-120.914402" />
      <trkpt lat="35.269737" lon="-120.914750" />
      <trkpt lat="35.268205" lon="-120.914790" />
      <trkpt lat="35.266930" lon="-120.914053" />
      <trkpt lat="35.266098" lon="-120.912865" />
      <trkpt lat="35.265707" lon="-120.911116" />
      <trkpt lat="35.265780" lon="-120.910125" />
      <trkpt lat="35.266385" lon="-120.908571" />
      <trkpt lat="35.267359" lon="-120.907557" />
      <trkpt lat="35.268793" lon="-120.907080" />
      <trkpt lat="35.269606" lon="-120.907169" />
      <trkpt lat="35.270881" lon="-120.907906" />
      <trkpt lat="35.271713" lon="-120.909094" />
      <trkpt lat="35.271998" lon="-120.909966" />
      <trkpt lat="35.272030" lon="-120.911834" />
    </trkseg>
  </trk>
  <trk>
    <name>SC-AREA-032</name>
    <desc>Partial mapped habitat footprint clipped to a 125-m search window to retain complete depth coverage; not the entire reef or a single pile. Interior rings are holes in the selected habitat. Not a navigation route.</desc>
    <type>Interpreted habitat boundary</type>
    <trkseg>
      <trkpt lat="35.272352" lon="-120.902928" />
      <trkpt lat="35.271934" lon="-120.903094" />
      <trkpt lat="35.271600" lon="-120.903443" />
      <trkpt lat="35.271401" lon="-120.903921" />
      <trkpt lat="35.271367" lon="-120.904456" />
      <trkpt lat="35.271504" lon="-120.904965" />
      <trkpt lat="35.271790" lon="-120.905372" />
      <trkpt lat="35.272182" lon="-120.905615" />
      <trkpt lat="35.272620" lon="-120.905656" />
      <trkpt lat="35.273038" lon="-120.905490" />
      <trkpt lat="35.273372" lon="-120.905141" />
      <trkpt lat="35.273571" lon="-120.904663" />
      <trkpt lat="35.273605" lon="-120.904128" />
      <trkpt lat="35.273468" lon="-120.903619" />
      <trkpt lat="35.273182" lon="-120.903212" />
      <trkpt lat="35.272790" lon="-120.902969" />
      <trkpt lat="35.272352" lon="-120.902928" />
    </trkseg>
  </trk>
  <trk>
    <name>SC-AREA-033</name>
    <desc>Partial nearby mapped rough-rock/bedrock footprint, clipped within 350 m of retained targets and by depth/closure screening; not the complete reef or an individual pile. Interior rings are holes in the selected habitat. Not a navigation route.</desc>
    <type>Interpreted habitat boundary</type>
    <trkseg>
      <trkpt lat="35.281334" lon="-120.912914" />
      <trkpt lat="35.280884" lon="-120.912925" />
      <trkpt lat="35.280899" lon="-120.913805" />
      <trkpt lat="35.281261" lon="-120.913905" />
      <trkpt lat="35.281267" lon="-120.914235" />
      <trkpt lat="35.280747" lon="-120.915458" />
      <trkpt lat="35.279773" lon="-120.916472" />
      <trkpt lat="35.279058" lon="-120.916820" />
      <trkpt lat="35.278249" lon="-120.916951" />
      <trkpt lat="35.276799" lon="-120.916548" />
      <trkpt lat="35.275791" lon="-120.915585" />
      <trkpt lat="35.275134" lon="-120.914062" />
      <trkpt lat="35.275102" lon="-120.912194" />
      <trkpt lat="35.275271" lon="-120.911530" />
      <trkpt lat="35.275811" lon="-120.911517" />
      <trkpt lat="35.275805" lon="-120.911187" />
      <trkpt lat="35.275531" lon="-120.910974" />
      <trkpt lat="35.276147" lon="-120.910079" />
      <trkpt lat="35.277395" lon="-120.909277" />
      <trkpt lat="35.278927" lon="-120.909238" />
      <trkpt lat="35.280202" lon="-120.909975" />
      <trkpt lat="35.281034" lon="-120.911163" />
      <trkpt lat="35.281049" lon="-120.912042" />
      <trkpt lat="35.281323" lon="-120.912255" />
      <trkpt lat="35.281334" lon="-120.912914" />
    </trkseg>
    <trkseg>
      <trkpt lat="35.276677" lon="-120.914682" />
      <trkpt lat="35.276576" lon="-120.914025" />
      <trkpt lat="35.276305" lon="-120.914032" />
      <trkpt lat="35.276407" lon="-120.914689" />
      <trkpt lat="35.276677" lon="-120.914682" />
    </trkseg>
  </trk>
  <trk>
    <name>SC-AREA-034</name>
    <desc>Partial nearby mapped rough-rock/bedrock footprint, clipped within 350 m of retained targets and by depth/closure screening; not the complete reef or an individual pile. Interior rings are holes in the selected habitat. Not a navigation route.</desc>
    <type>Interpreted habitat boundary</type>
    <trkseg>
      <trkpt lat="35.285192" lon="-120.901381" />
      <trkpt lat="35.284948" lon="-120.902926" />
      <trkpt lat="35.284072" lon="-120.904378" />
      <trkpt lat="35.282823" lon="-120.905180" />
      <trkpt lat="35.281832" lon="-120.905205" />
      <trkpt lat="35.281550" lon="-120.904553" />
      <trkpt lat="35.281541" lon="-120.904003" />
      <trkpt lat="35.280820" lon="-120.904022" />
      <trkpt lat="35.280719" lon="-120.903365" />
      <trkpt lat="35.280349" lon="-120.902825" />
      <trkpt lat="35.280168" lon="-120.902829" />
      <trkpt lat="35.280239" lon="-120.901728" />
      <trkpt lat="35.279697" lon="-120.901632" />
      <trkpt lat="35.279586" lon="-120.900426" />
      <trkpt lat="35.279036" lon="-120.899890" />
      <trkpt lat="35.279122" lon="-120.899668" />
      <trkpt lat="35.279935" lon="-120.899757" />
      <trkpt lat="35.280021" lon="-120.899535" />
      <trkpt lat="35.280295" lon="-120.899748" />
      <trkpt lat="35.280472" lon="-120.899523" />
      <trkpt lat="35.280284" lon="-120.899089" />
      <trkpt lat="35.280732" lon="-120.898967" />
      <trkpt lat="35.280914" lon="-120.899072" />
      <trkpt lat="35.280920" lon="-120.899402" />
      <trkpt lat="35.280738" lon="-120.899297" />
      <trkpt lat="35.280385" lon="-120.899746" />
      <trkpt lat="35.280571" lon="-120.900071" />
      <trkpt lat="35.280842" lon="-120.900064" />
      <trkpt lat="35.280928" lon="-120.899842" />
      <trkpt lat="35.281290" lon="-120.899942" />
      <trkpt lat="35.281376" lon="-120.899720" />
      <trkpt lat="35.281651" lon="-120.899933" />
      <trkpt lat="35.282000" lon="-120.899264" />
      <trkpt lat="35.281816" lon="-120.899049" />
      <trkpt lat="35.281457" lon="-120.899168" />
      <trkpt lat="35.280995" lon="-120.898521" />
      <trkpt lat="35.280636" lon="-120.898640" />
      <trkpt lat="35.280623" lon="-120.897870" />
      <trkpt lat="35.281701" lon="-120.897623" />
      <trkpt lat="35.281342" lon="-120.897742" />
      <trkpt lat="35.281348" lon="-120.898072" />
      <trkpt lat="35.281442" lon="-120.898289" />
      <trkpt lat="35.281892" lon="-120.898277" />
      <trkpt lat="35.281885" lon="-120.897838" />
      <trkpt lat="35.282151" lon="-120.897611" />
      <trkpt lat="35.282692" lon="-120.897597" />
      <trkpt lat="35.283418" lon="-120.897908" />
      <trkpt lat="35.284427" lon="-120.898872" />
      <trkpt lat="35.284893" lon="-120.899739" />
      <trkpt lat="35.285192" lon="-120.901381" />
    </trkseg>
    <trkseg>
      <trkpt lat="35.281658" lon="-120.900372" />
      <trkpt lat="35.281380" lon="-120.899940" />
      <trkpt lat="35.281114" lon="-120.900167" />
      <trkpt lat="35.281302" lon="-120.900601" />
      <trkpt lat="35.281658" lon="-120.900372" />
    </trkseg>
  </trk>
  <trk>
    <name>SC-AREA-035</name>
    <desc>Partial mapped habitat footprint clipped to a 225-m search window to retain complete depth coverage; not the entire reef or a single pile. Interior rings are holes in the selected habitat. Not a navigation route.</desc>
    <type>Interpreted habitat boundary</type>
    <trkseg>
      <trkpt lat="35.287687" lon="-120.925835" />
      <trkpt lat="35.287685" lon="-120.925725" />
      <trkpt lat="35.287775" lon="-120.925723" />
      <trkpt lat="35.287777" lon="-120.925832" />
      <trkpt lat="35.288076" lon="-120.925923" />
      <trkpt lat="35.288861" lon="-120.925808" />
      <trkpt lat="35.289394" lon="-120.925484" />
      <trkpt lat="35.289923" lon="-120.924819" />
      <trkpt lat="35.289875" lon="-120.922010" />
      <trkpt lat="35.289323" lon="-120.921372" />
      <trkpt lat="35.288780" lon="-120.921076" />
      <trkpt lat="35.288190" lon="-120.920984" />
      <trkpt lat="35.287603" lon="-120.921106" />
      <trkpt lat="35.287070" lon="-120.921430" />
      <trkpt lat="35.286523" lon="-120.922126" />
      <trkpt lat="35.286543" lon="-120.922236" />
      <trkpt lat="35.286634" lon="-120.922233" />
      <trkpt lat="35.286647" lon="-120.923003" />
      <trkpt lat="35.286376" lon="-120.923010" />
      <trkpt lat="35.286388" lon="-120.923669" />
      <trkpt lat="35.286570" lon="-120.923774" />
      <trkpt lat="35.286493" lon="-120.924546" />
      <trkpt lat="35.286583" lon="-120.924544" />
      <trkpt lat="35.286585" lon="-120.924653" />
      <trkpt lat="35.286765" lon="-120.924649" />
      <trkpt lat="35.286767" lon="-120.924759" />
      <trkpt lat="35.286949" lon="-120.924864" />
      <trkpt lat="35.286953" lon="-120.925084" />
      <trkpt lat="35.287133" lon="-120.925079" />
      <trkpt lat="35.287135" lon="-120.925189" />
      <trkpt lat="35.287225" lon="-120.925187" />
      <trkpt lat="35.287324" lon="-120.925668" />
      <trkpt lat="35.287687" lon="-120.925835" />
    </trkseg>
  </trk>
  <trk>
    <name>SC-AREA-036</name>
    <desc>Partial nearby mapped rough-rock/bedrock footprint, clipped within 350 m of retained targets and by depth/closure screening; not the complete reef or an individual pile. Interior rings are holes in the selected habitat. Not a navigation route.</desc>
    <type>Interpreted habitat boundary</type>
    <trkseg>
      <trkpt lat="35.293407" lon="-120.928218" />
      <trkpt lat="35.292867" lon="-120.928232" />
      <trkpt lat="35.292602" lon="-120.928568" />
      <trkpt lat="35.292343" lon="-120.929234" />
      <trkpt lat="35.292442" lon="-120.929782" />
      <trkpt lat="35.291902" lon="-120.929795" />
      <trkpt lat="35.291444" lon="-120.929367" />
      <trkpt lat="35.291173" lon="-120.929374" />
      <trkpt lat="35.290999" lon="-120.929709" />
      <trkpt lat="35.290636" lon="-120.929608" />
      <trkpt lat="35.290285" lon="-120.930167" />
      <trkpt lat="35.290274" lon="-120.924229" />
      <trkpt lat="35.291256" lon="-120.923655" />
      <trkpt lat="35.292249" lon="-120.923739" />
      <trkpt lat="35.292254" lon="-120.924069" />
      <trkpt lat="35.292525" lon="-120.924062" />
      <trkpt lat="35.292630" lon="-120.924939" />
      <trkpt lat="35.292450" lon="-120.924943" />
      <trkpt lat="35.292455" lon="-120.925273" />
      <trkpt lat="35.292636" lon="-120.925269" />
      <trkpt lat="35.292731" lon="-120.925596" />
      <trkpt lat="35.293002" lon="-120.925589" />
      <trkpt lat="35.292923" lon="-120.926251" />
      <trkpt lat="35.293107" lon="-120.926466" />
      <trkpt lat="35.293116" lon="-120.927016" />
      <trkpt lat="35.292938" lon="-120.927130" />
      <trkpt lat="35.292944" lon="-120.927460" />
      <trkpt lat="35.293214" lon="-120.927453" />
      <trkpt lat="35.293407" lon="-120.928218" />
    </trkseg>
    <trkseg>
      <trkpt lat="35.291230" lon="-120.927394" />
      <trkpt lat="35.291220" lon="-120.926844" />
      <trkpt lat="35.290860" lon="-120.926853" />
      <trkpt lat="35.290959" lon="-120.927401" />
      <trkpt lat="35.291230" lon="-120.927394" />
    </trkseg>
  </trk>
  <trk>
    <name>SC-AREA-037</name>
    <desc>Partial mapped habitat footprint clipped to a 225-m search window to retain complete depth coverage; not the entire reef or a single pile. Interior rings are holes in the selected habitat. Not a navigation route.</desc>
    <type>Interpreted habitat boundary</type>
    <trkseg>
      <trkpt lat="35.289799" lon="-120.896754" />
      <trkpt lat="35.289709" lon="-120.896756" />
      <trkpt lat="35.289777" lon="-120.896986" />
      <trkpt lat="35.290094" lon="-120.897600" />
      <trkpt lat="35.290716" lon="-120.898197" />
      <trkpt lat="35.291478" lon="-120.898457" />
      <trkpt lat="35.292264" lon="-120.898342" />
      <trkpt lat="35.292953" lon="-120.897869" />
      <trkpt lat="35.293442" lon="-120.897110" />
      <trkpt lat="35.293656" lon="-120.896181" />
      <trkpt lat="35.293562" lon="-120.895223" />
      <trkpt lat="35.293174" lon="-120.894382" />
      <trkpt lat="35.292552" lon="-120.893785" />
      <trkpt lat="35.291790" lon="-120.893525" />
      <trkpt lat="35.291004" lon="-120.893640" />
      <trkpt lat="35.290315" lon="-120.894113" />
      <trkpt lat="35.289826" lon="-120.894872" />
      <trkpt lat="35.289769" lon="-120.895026" />
      <trkpt lat="35.289799" lon="-120.896754" />
    </trkseg>
  </trk>
  <trk>
    <name>SC-AREA-038</name>
    <desc>Partial nearby mapped rough-rock/bedrock footprint, clipped within 350 m of retained targets and by depth/closure screening; not the complete reef or an individual pile. Interior rings are holes in the selected habitat. Not a navigation route.</desc>
    <type>Interpreted habitat boundary</type>
    <trkseg>
      <trkpt lat="35.296673" lon="-120.918898" />
      <trkpt lat="35.296403" lon="-120.918905" />
      <trkpt lat="35.296420" lon="-120.919894" />
      <trkpt lat="35.296602" lon="-120.919999" />
      <trkpt lat="35.296609" lon="-120.920439" />
      <trkpt lat="35.295618" lon="-120.920464" />
      <trkpt lat="35.295520" lon="-120.920027" />
      <trkpt lat="35.295160" lon="-120.920036" />
      <trkpt lat="35.295164" lon="-120.920256" />
      <trkpt lat="35.294081" lon="-120.920174" />
      <trkpt lat="35.294086" lon="-120.920503" />
      <trkpt lat="35.293455" lon="-120.920520" />
      <trkpt lat="35.292085" lon="-120.919455" />
      <trkpt lat="35.291799" lon="-120.918583" />
      <trkpt lat="35.291876" lon="-120.917811" />
      <trkpt lat="35.291692" lon="-120.917596" />
      <trkpt lat="35.291779" lon="-120.917374" />
      <trkpt lat="35.292143" lon="-120.917584" />
      <trkpt lat="35.292154" lon="-120.918244" />
      <trkpt lat="35.292430" lon="-120.918567" />
      <trkpt lat="35.292701" lon="-120.918560" />
      <trkpt lat="35.292695" lon="-120.918230" />
      <trkpt lat="35.292965" lon="-120.918223" />
      <trkpt lat="35.292798" lon="-120.918997" />
      <trkpt lat="35.293335" lon="-120.918763" />
      <trkpt lat="35.293412" lon="-120.917992" />
      <trkpt lat="35.294403" lon="-120.917966" />
      <trkpt lat="35.294397" lon="-120.917637" />
      <trkpt lat="35.293675" lon="-120.917545" />
      <trkpt lat="35.293044" lon="-120.917561" />
      <trkpt lat="35.293050" lon="-120.917891" />
      <trkpt lat="35.292779" lon="-120.917898" />
      <trkpt lat="35.292503" lon="-120.917575" />
      <trkpt lat="35.292498" lon="-120.917245" />
      <trkpt lat="35.293218" lon="-120.917227" />
      <trkpt lat="35.293207" lon="-120.916567" />
      <trkpt lat="35.293292" lon="-120.916235" />
      <trkpt lat="35.293562" lon="-120.916228" />
      <trkpt lat="35.293552" lon="-120.915679" />
      <trkpt lat="35.294091" lon="-120.915555" />
      <trkpt lat="35.294082" lon="-120.915006" />
      <trkpt lat="35.294714" lon="-120.915099" />
      <trkpt lat="35.294707" lon="-120.914660" />
      <trkpt lat="35.295067" lon="-120.914650" />
      <trkpt lat="35.295163" lon="-120.914978" />
      <trkpt lat="35.295706" lon="-120.915074" />
      <trkpt lat="35.295713" lon="-120.915514" />
      <trkpt lat="35.295443" lon="-120.915521" />
      <trkpt lat="35.295452" lon="-120.916070" />
      <trkpt lat="35.295633" lon="-120.916065" />
      <trkpt lat="35.295730" lon="-120.916503" />
      <trkpt lat="35.296093" lon="-120.916603" />
      <trkpt lat="35.295931" lon="-120.917707" />
      <trkpt lat="35.296386" lon="-120.917915" />
      <trkpt lat="35.296397" lon="-120.918575" />
      <trkpt lat="35.296667" lon="-120.918568" />
      <trkpt lat="35.296673" lon="-120.918898" />
    </trkseg>
  </trk>
  <trk>
    <name>SC-AREA-039</name>
    <desc>Partial nearby mapped rough-rock/bedrock footprint, clipped within 350 m of retained targets and by depth/closure screening; not the complete reef or an individual pile. Interior rings are holes in the selected habitat. Not a navigation route.</desc>
    <type>Interpreted habitat boundary</type>
    <trkseg>
      <trkpt lat="35.301207" lon="-120.925710" />
      <trkpt lat="35.300854" lon="-120.926158" />
      <trkpt lat="35.300490" lon="-120.925948" />
      <trkpt lat="35.300137" lon="-120.926397" />
      <trkpt lat="35.299416" lon="-120.926415" />
      <trkpt lat="35.299242" lon="-120.926749" />
      <trkpt lat="35.299606" lon="-120.926960" />
      <trkpt lat="35.299610" lon="-120.927180" />
      <trkpt lat="35.299251" lon="-120.927299" />
      <trkpt lat="35.298885" lon="-120.926978" />
      <trkpt lat="35.298540" lon="-120.927867" />
      <trkpt lat="35.298356" lon="-120.927652" />
      <trkpt lat="35.297729" lon="-120.927888" />
      <trkpt lat="35.297633" lon="-120.927560" />
      <trkpt lat="35.297085" lon="-120.927134" />
      <trkpt lat="35.296826" lon="-120.927801" />
      <trkpt lat="35.296464" lon="-120.927700" />
      <trkpt lat="35.295932" lon="-120.928263" />
      <trkpt lat="35.295936" lon="-120.928483" />
      <trkpt lat="35.295572" lon="-120.928273" />
      <trkpt lat="35.295562" lon="-120.927723" />
      <trkpt lat="35.296462" lon="-120.927590" />
      <trkpt lat="35.296640" lon="-120.927476" />
      <trkpt lat="35.296632" lon="-120.927036" />
      <trkpt lat="35.295994" lon="-120.926612" />
      <trkpt lat="35.295987" lon="-120.926173" />
      <trkpt lat="35.295716" lon="-120.926180" />
      <trkpt lat="35.295720" lon="-120.926399" />
      <trkpt lat="35.295178" lon="-120.926303" />
      <trkpt lat="35.295168" lon="-120.925754" />
      <trkpt lat="35.295437" lon="-120.925637" />
      <trkpt lat="35.295243" lon="-120.924872" />
      <trkpt lat="35.295513" lon="-120.924865" />
      <trkpt lat="35.295506" lon="-120.924426" />
      <trkpt lat="35.295776" lon="-120.924419" />
      <trkpt lat="35.295780" lon="-120.924639" />
      <trkpt lat="35.296052" lon="-120.924742" />
      <trkpt lat="35.296323" lon="-120.924735" />
      <trkpt lat="35.296317" lon="-120.924405" />
      <trkpt lat="35.296677" lon="-120.924396" />
      <trkpt lat="35.296674" lon="-120.924176" />
      <trkpt lat="35.297488" lon="-120.924375" />
      <trkpt lat="35.297475" lon="-120.923606" />
      <trkpt lat="35.297205" lon="-120.923612" />
      <trkpt lat="35.297101" lon="-120.922845" />
      <trkpt lat="35.297552" lon="-120.922834" />
      <trkpt lat="35.297646" lon="-120.923051" />
      <trkpt lat="35.298008" lon="-120.923152" />
      <trkpt lat="35.298018" lon="-120.923702" />
      <trkpt lat="35.298650" lon="-120.923795" />
      <trkpt lat="35.298752" lon="-120.924453" />
      <trkpt lat="35.299202" lon="-120.924441" />
      <trkpt lat="35.299660" lon="-120.924869" />
      <trkpt lat="35.299931" lon="-120.924862" />
      <trkpt lat="35.299927" lon="-120.924643" />
      <trkpt lat="35.300650" lon="-120.924734" />
      <trkpt lat="35.300644" lon="-120.924404" />
      <trkpt lat="35.300913" lon="-120.924288" />
      <trkpt lat="35.301207" lon="-120.925710" />
    </trkseg>
  </trk>
  <trk>
    <name>SC-AREA-040</name>
    <desc>Partial nearby mapped rough-rock/bedrock footprint, clipped within 350 m of retained targets and by depth/closure screening; not the complete reef or an individual pile. Interior rings are holes in the selected habitat. Not a navigation route.</desc>
    <type>Interpreted habitat boundary</type>
    <trkseg>
      <trkpt lat="35.302310" lon="-120.916444" />
      <trkpt lat="35.301426" lon="-120.917456" />
      <trkpt lat="35.300437" lon="-120.917592" />
      <trkpt lat="35.300600" lon="-120.916598" />
      <trkpt lat="35.300236" lon="-120.916387" />
      <trkpt lat="35.299607" lon="-120.916513" />
      <trkpt lat="35.299599" lon="-120.916074" />
      <trkpt lat="35.299325" lon="-120.915861" />
      <trkpt lat="35.299582" lon="-120.915084" />
      <trkpt lat="35.299389" lon="-120.914320" />
      <trkpt lat="35.300110" lon="-120.914301" />
      <trkpt lat="35.300556" lon="-120.914070" />
      <trkpt lat="35.300587" lon="-120.915828" />
      <trkpt lat="35.300947" lon="-120.915819" />
      <trkpt lat="35.300955" lon="-120.916259" />
      <trkpt lat="35.301227" lon="-120.916362" />
      <trkpt lat="35.301677" lon="-120.916350" />
      <trkpt lat="35.302303" lon="-120.916004" />
      <trkpt lat="35.302310" lon="-120.916444" />
    </trkseg>
  </trk>
  <trk>
    <name>SC-AREA-041</name>
    <desc>Partial mapped habitat footprint clipped to a 125-m search window to retain complete depth coverage; not the entire reef or a single pile. Interior rings are holes in the selected habitat. Not a navigation route.</desc>
    <type>Interpreted habitat boundary</type>
    <trkseg>
      <trkpt lat="35.307177" lon="-120.921598" />
      <trkpt lat="35.307179" lon="-120.921708" />
      <trkpt lat="35.307361" lon="-120.921813" />
      <trkpt lat="35.307368" lon="-120.922214" />
      <trkpt lat="35.307606" lon="-120.922414" />
      <trkpt lat="35.308029" lon="-120.922559" />
      <trkpt lat="35.308466" lon="-120.922496" />
      <trkpt lat="35.308578" lon="-120.922442" />
      <trkpt lat="35.308453" lon="-120.922445" />
      <trkpt lat="35.308452" lon="-120.922335" />
      <trkpt lat="35.308269" lon="-120.922230" />
      <trkpt lat="35.308266" lon="-120.922010" />
      <trkpt lat="35.308356" lon="-120.922008" />
      <trkpt lat="35.308442" lon="-120.921786" />
      <trkpt lat="35.308622" lon="-120.921781" />
      <trkpt lat="35.308624" lon="-120.921891" />
      <trkpt lat="35.308806" lon="-120.921996" />
      <trkpt lat="35.308810" lon="-120.922216" />
      <trkpt lat="35.308720" lon="-120.922218" />
      <trkpt lat="35.308633" lon="-120.922408" />
      <trkpt lat="35.308929" lon="-120.922140" />
      <trkpt lat="35.309201" lon="-120.921560" />
      <trkpt lat="35.309187" lon="-120.920763" />
      <trkpt lat="35.308972" lon="-120.920295" />
      <trkpt lat="35.308626" lon="-120.919964" />
      <trkpt lat="35.308203" lon="-120.919819" />
      <trkpt lat="35.307766" lon="-120.919882" />
      <trkpt lat="35.307303" lon="-120.920238" />
      <trkpt lat="35.307066" lon="-120.920690" />
      <trkpt lat="35.306997" lon="-120.921352" />
      <trkpt lat="35.307042" lon="-120.921601" />
      <trkpt lat="35.307177" lon="-120.921598" />
    </trkseg>
    <trkseg>
      <trkpt lat="35.307886" lon="-120.920920" />
      <trkpt lat="35.307890" lon="-120.921140" />
      <trkpt lat="35.307620" lon="-120.921147" />
      <trkpt lat="35.307612" lon="-120.920707" />
      <trkpt lat="35.307702" lon="-120.920705" />
      <trkpt lat="35.307700" lon="-120.920595" />
      <trkpt lat="35.307971" lon="-120.920588" />
      <trkpt lat="35.307976" lon="-120.920918" />
      <trkpt lat="35.307886" lon="-120.920920" />
    </trkseg>
  </trk>
  <trk>
    <name>SC-AREA-042</name>
    <desc>Partial nearby mapped rough-rock/bedrock footprint, clipped within 350 m of retained targets and by depth/closure screening; not the complete reef or an individual pile. Interior rings are holes in the selected habitat. Not a navigation route.</desc>
    <type>Interpreted habitat boundary</type>
    <trkseg>
      <trkpt lat="35.310725" lon="-120.902591" />
      <trkpt lat="35.310455" lon="-120.902598" />
      <trkpt lat="35.310385" lon="-120.903809" />
      <trkpt lat="35.310127" lon="-120.904476" />
      <trkpt lat="35.310230" lon="-120.905243" />
      <trkpt lat="35.309780" lon="-120.905255" />
      <trkpt lat="35.309981" lon="-120.906459" />
      <trkpt lat="35.309620" lon="-120.906468" />
      <trkpt lat="35.309626" lon="-120.906798" />
      <trkpt lat="35.308635" lon="-120.906824" />
      <trkpt lat="35.308090" lon="-120.906618" />
      <trkpt lat="35.306992" lon="-120.905656" />
      <trkpt lat="35.306975" lon="-120.904667" />
      <trkpt lat="35.307326" lon="-120.904108" />
      <trkpt lat="35.307596" lon="-120.904101" />
      <trkpt lat="35.307583" lon="-120.903332" />
      <trkpt lat="35.306862" lon="-120.903350" />
      <trkpt lat="35.306869" lon="-120.903790" />
      <trkpt lat="35.306419" lon="-120.903802" />
      <trkpt lat="35.306242" lon="-120.904026" />
      <trkpt lat="35.306210" lon="-120.902157" />
      <trkpt lat="35.306465" lon="-120.901271" />
      <trkpt lat="35.307255" lon="-120.900041" />
      <trkpt lat="35.308235" lon="-120.899356" />
      <trkpt lat="35.308505" lon="-120.899349" />
      <trkpt lat="35.308511" lon="-120.899678" />
      <trkpt lat="35.307792" lon="-120.899807" />
      <trkpt lat="35.307711" lon="-120.900359" />
      <trkpt lat="35.308430" lon="-120.900230" />
      <trkpt lat="35.308975" lon="-120.900436" />
      <trkpt lat="35.308967" lon="-120.899997" />
      <trkpt lat="35.309506" lon="-120.899873" />
      <trkpt lat="35.309500" lon="-120.899543" />
      <trkpt lat="35.308871" lon="-120.899669" />
      <trkpt lat="35.308864" lon="-120.899229" />
      <trkpt lat="35.309222" lon="-120.899110" />
      <trkpt lat="35.309765" lon="-120.899206" />
      <trkpt lat="35.309586" lon="-120.899321" />
      <trkpt lat="35.309592" lon="-120.899650" />
      <trkpt lat="35.310043" lon="-120.899639" />
      <trkpt lat="35.310315" lon="-120.899742" />
      <trkpt lat="35.310319" lon="-120.899962" />
      <trkpt lat="35.310589" lon="-120.899955" />
      <trkpt lat="35.310725" lon="-120.902591" />
    </trkseg>
    <trkseg>
      <trkpt lat="35.310246" lon="-120.900953" />
      <trkpt lat="35.310238" lon="-120.900514" />
      <trkpt lat="35.309968" lon="-120.900521" />
      <trkpt lat="35.309701" lon="-120.900747" />
      <trkpt lat="35.309707" lon="-120.901077" />
      <trkpt lat="35.309527" lon="-120.901082" />
      <trkpt lat="35.309533" lon="-120.901412" />
      <trkpt lat="35.309803" lon="-120.901405" />
      <trkpt lat="35.309799" lon="-120.901185" />
      <trkpt lat="35.310159" lon="-120.901176" />
      <trkpt lat="35.310246" lon="-120.900953" />
    </trkseg>
    <trkseg>
      <trkpt lat="35.308805" lon="-120.906269" />
      <trkpt lat="35.308800" lon="-120.905940" />
      <trkpt lat="35.308349" lon="-120.905951" />
      <trkpt lat="35.308357" lon="-120.906391" />
      <trkpt lat="35.308805" lon="-120.906269" />
    </trkseg>
    <trkseg>
      <trkpt lat="35.308455" lon="-120.901659" />
      <trkpt lat="35.308449" lon="-120.901330" />
      <trkpt lat="35.308267" lon="-120.901224" />
      <trkpt lat="35.307364" lon="-120.901138" />
      <trkpt lat="35.307360" lon="-120.900918" />
      <trkpt lat="35.306822" lon="-120.901042" />
      <trkpt lat="35.306829" lon="-120.901482" />
      <trkpt lat="35.307105" lon="-120.901804" />
      <trkpt lat="35.307115" lon="-120.902354" />
      <trkpt lat="35.307654" lon="-120.902230" />
      <trkpt lat="35.307646" lon="-120.901790" />
      <trkpt lat="35.308455" lon="-120.901659" />
    </trkseg>
    <trkseg>
      <trkpt lat="35.308244" lon="-120.905074" />
      <trkpt lat="35.308221" lon="-120.903755" />
      <trkpt lat="35.307861" lon="-120.903764" />
      <trkpt lat="35.307682" lon="-120.903879" />
      <trkpt lat="35.307694" lon="-120.904538" />
      <trkpt lat="35.307247" lon="-120.904770" />
      <trkpt lat="35.307255" lon="-120.905210" />
      <trkpt lat="35.308244" lon="-120.905074" />
    </trkseg>
  </trk>
  <trk>
    <name>SC-AREA-043</name>
    <desc>Partial nearby mapped rough-rock/bedrock footprint, clipped within 350 m of retained targets and by depth/closure screening; not the complete reef or an individual pile. Interior rings are holes in the selected habitat. Not a navigation route.</desc>
    <type>Interpreted habitat boundary</type>
    <trkseg>
      <trkpt lat="35.317312" lon="-120.918589" />
      <trkpt lat="35.317047" lon="-120.918926" />
      <trkpt lat="35.316236" lon="-120.918946" />
      <trkpt lat="35.316240" lon="-120.919166" />
      <trkpt lat="35.315968" lon="-120.919063" />
      <trkpt lat="35.315882" lon="-120.919285" />
      <trkpt lat="35.315611" lon="-120.919292" />
      <trkpt lat="35.315615" lon="-120.919512" />
      <trkpt lat="35.315345" lon="-120.919519" />
      <trkpt lat="35.315159" lon="-120.919194" />
      <trkpt lat="35.314706" lon="-120.919096" />
      <trkpt lat="35.314697" lon="-120.918546" />
      <trkpt lat="35.314421" lon="-120.918223" />
      <trkpt lat="35.314060" lon="-120.918232" />
      <trkpt lat="35.314068" lon="-120.918672" />
      <trkpt lat="35.314434" lon="-120.918993" />
      <trkpt lat="35.314440" lon="-120.919322" />
      <trkpt lat="35.314089" lon="-120.919881" />
      <trkpt lat="35.313640" lon="-120.920003" />
      <trkpt lat="35.313901" lon="-120.919446" />
      <trkpt lat="35.313717" lon="-120.919231" />
      <trkpt lat="35.313360" lon="-120.919460" />
      <trkpt lat="35.313157" lon="-120.918145" />
      <trkpt lat="35.312166" lon="-120.918171" />
      <trkpt lat="35.312245" lon="-120.917509" />
      <trkpt lat="35.311794" lon="-120.917520" />
      <trkpt lat="35.311697" lon="-120.917083" />
      <trkpt lat="35.311244" lon="-120.916985" />
      <trkpt lat="35.311231" lon="-120.916215" />
      <trkpt lat="35.310683" lon="-120.915789" />
      <trkpt lat="35.310581" lon="-120.915132" />
      <trkpt lat="35.310401" lon="-120.915137" />
      <trkpt lat="35.310392" lon="-120.914587" />
      <trkpt lat="35.310752" lon="-120.914578" />
      <trkpt lat="35.310938" lon="-120.914903" />
      <trkpt lat="35.311208" lon="-120.914896" />
      <trkpt lat="35.311212" lon="-120.915116" />
      <trkpt lat="35.311482" lon="-120.915109" />
      <trkpt lat="35.311477" lon="-120.914779" />
      <trkpt lat="35.310838" lon="-120.914356" />
      <trkpt lat="35.310651" lon="-120.913920" />
      <trkpt lat="35.310288" lon="-120.913820" />
      <trkpt lat="35.310010" lon="-120.913387" />
      <trkpt lat="35.309376" lon="-120.913183" />
      <trkpt lat="35.309370" lon="-120.912854" />
      <trkpt lat="35.309805" lon="-120.911963" />
      <trkpt lat="35.310246" lon="-120.911401" />
      <trkpt lat="35.311226" lon="-120.910716" />
      <trkpt lat="35.311681" lon="-120.910925" />
      <trkpt lat="35.311872" lon="-120.911579" />
      <trkpt lat="35.312683" lon="-120.911559" />
      <trkpt lat="35.312687" lon="-120.911778" />
      <trkpt lat="35.313314" lon="-120.911542" />
      <trkpt lat="35.313306" lon="-120.911103" />
      <trkpt lat="35.313847" lon="-120.911089" />
      <trkpt lat="35.313952" lon="-120.911966" />
      <trkpt lat="35.314223" lon="-120.911959" />
      <trkpt lat="35.314386" lon="-120.910965" />
      <trkpt lat="35.313845" lon="-120.910979" />
      <trkpt lat="35.313838" lon="-120.910539" />
      <trkpt lat="35.315285" lon="-120.910832" />
      <trkpt lat="35.315475" lon="-120.911377" />
      <trkpt lat="35.315024" lon="-120.911388" />
      <trkpt lat="35.315030" lon="-120.911718" />
      <trkpt lat="35.315300" lon="-120.911711" />
      <trkpt lat="35.315304" lon="-120.911931" />
      <trkpt lat="35.314669" lon="-120.911728" />
      <trkpt lat="35.315137" lon="-120.912705" />
      <trkpt lat="35.314054" lon="-120.912623" />
      <trkpt lat="35.313968" lon="-120.912845" />
      <trkpt lat="35.312976" lon="-120.912871" />
      <trkpt lat="35.312986" lon="-120.913421" />
      <trkpt lat="35.312806" lon="-120.913425" />
      <trkpt lat="35.312727" lon="-120.914087" />
      <trkpt lat="35.313446" lon="-120.913959" />
      <trkpt lat="35.313891" lon="-120.913617" />
      <trkpt lat="35.313887" lon="-120.913397" />
      <trkpt lat="35.314429" lon="-120.913493" />
      <trkpt lat="35.314604" lon="-120.913159" />
      <trkpt lat="35.315145" lon="-120.913145" />
      <trkpt lat="35.315419" lon="-120.913358" />
      <trkpt lat="35.315423" lon="-120.913578" />
      <trkpt lat="35.315154" lon="-120.913695" />
      <trkpt lat="35.315160" lon="-120.914025" />
      <trkpt lat="35.316421" lon="-120.913992" />
      <trkpt lat="35.316619" lon="-120.914977" />
      <trkpt lat="35.316979" lon="-120.914968" />
      <trkpt lat="35.316900" lon="-120.915630" />
      <trkpt lat="35.316996" lon="-120.915957" />
      <trkpt lat="35.317176" lon="-120.915953" />
      <trkpt lat="35.317182" lon="-120.916282" />
      <trkpt lat="35.316916" lon="-120.916509" />
      <trkpt lat="35.316846" lon="-120.917721" />
      <trkpt lat="35.317027" lon="-120.917716" />
      <trkpt lat="35.317034" lon="-120.918156" />
      <trkpt lat="35.317304" lon="-120.918149" />
      <trkpt lat="35.317312" lon="-120.918589" />
    </trkseg>
    <trkseg>
      <trkpt lat="35.313599" lon="-120.917584" />
      <trkpt lat="35.313580" lon="-120.916485" />
      <trkpt lat="35.313397" lon="-120.916380" />
      <trkpt lat="35.313296" lon="-120.915722" />
      <trkpt lat="35.313026" lon="-120.915729" />
      <trkpt lat="35.313039" lon="-120.916499" />
      <trkpt lat="35.312859" lon="-120.916503" />
      <trkpt lat="35.312864" lon="-120.916833" />
      <trkpt lat="35.313323" lon="-120.917261" />
      <trkpt lat="35.313328" lon="-120.917591" />
      <trkpt lat="35.313599" lon="-120.917584" />
    </trkseg>
    <trkseg>
      <trkpt lat="35.312888" lon="-120.912983" />
      <trkpt lat="35.312879" lon="-120.912433" />
      <trkpt lat="35.312246" lon="-120.912340" />
      <trkpt lat="35.312252" lon="-120.912670" />
      <trkpt lat="35.312888" lon="-120.912983" />
    </trkseg>
    <trkseg>
      <trkpt lat="35.311702" lon="-120.912134" />
      <trkpt lat="35.311696" lon="-120.911804" />
      <trkpt lat="35.311335" lon="-120.911813" />
      <trkpt lat="35.311341" lon="-120.912143" />
      <trkpt lat="35.311702" lon="-120.912134" />
    </trkseg>
  </trk>
  <trk>
    <name>SC-AREA-044</name>
    <desc>Partial nearby mapped rough-rock/bedrock footprint, clipped within 350 m of retained targets and by depth/closure screening; not the complete reef or an individual pile. Interior rings are holes in the selected habitat. Not a navigation route.</desc>
    <type>Interpreted habitat boundary</type>
    <trkseg>
      <trkpt lat="35.314949" lon="-120.886314" />
      <trkpt lat="35.314769" lon="-120.886318" />
      <trkpt lat="35.314774" lon="-120.886648" />
      <trkpt lat="35.314506" lon="-120.886765" />
      <trkpt lat="35.314512" lon="-120.887095" />
      <trkpt lat="35.314332" lon="-120.887100" />
      <trkpt lat="35.314341" lon="-120.887649" />
      <trkpt lat="35.314702" lon="-120.887640" />
      <trkpt lat="35.314711" lon="-120.888190" />
      <trkpt lat="35.314441" lon="-120.888197" />
      <trkpt lat="35.314435" lon="-120.887867" />
      <trkpt lat="35.314075" lon="-120.887876" />
      <trkpt lat="35.313900" lon="-120.888211" />
      <trkpt lat="35.313998" lon="-120.888648" />
      <trkpt lat="35.314723" lon="-120.888849" />
      <trkpt lat="35.314826" lon="-120.889616" />
      <trkpt lat="35.314376" lon="-120.889628" />
      <trkpt lat="35.314382" lon="-120.889958" />
      <trkpt lat="35.313755" lon="-120.890194" />
      <trkpt lat="35.313741" lon="-120.889425" />
      <trkpt lat="35.313559" lon="-120.889319" />
      <trkpt lat="35.313607" lon="-120.886899" />
      <trkpt lat="35.313156" lon="-120.886910" />
      <trkpt lat="35.313057" lon="-120.886363" />
      <trkpt lat="35.313325" lon="-120.886246" />
      <trkpt lat="35.313319" lon="-120.885916" />
      <trkpt lat="35.314130" lon="-120.885895" />
      <trkpt lat="35.314211" lon="-120.885343" />
      <trkpt lat="35.314571" lon="-120.885334" />
      <trkpt lat="35.314755" lon="-120.885549" />
      <trkpt lat="35.314949" lon="-120.886314" />
    </trkseg>
  </trk>
  <trk>
    <name>SC-AREA-045</name>
    <desc>Partial nearby mapped rough-rock/bedrock footprint, clipped within 350 m of retained targets and by depth/closure screening; not the complete reef or an individual pile. Interior rings are holes in the selected habitat. Not a navigation route.</desc>
    <type>Interpreted habitat boundary</type>
    <trkseg>
      <trkpt lat="35.320518" lon="-120.895518" />
      <trkpt lat="35.320275" lon="-120.897064" />
      <trkpt lat="35.319840" lon="-120.897955" />
      <trkpt lat="35.318866" lon="-120.898971" />
      <trkpt lat="35.318151" lon="-120.899319" />
      <trkpt lat="35.316619" lon="-120.899359" />
      <trkpt lat="35.316074" lon="-120.899153" />
      <trkpt lat="35.315344" lon="-120.898622" />
      <trkpt lat="35.314512" lon="-120.897434" />
      <trkpt lat="35.314506" lon="-120.897104" />
      <trkpt lat="35.314861" lon="-120.896765" />
      <trkpt lat="35.314842" lon="-120.895665" />
      <trkpt lat="35.315288" lon="-120.895434" />
      <trkpt lat="35.315361" lon="-120.894442" />
      <trkpt lat="35.315812" lon="-120.894430" />
      <trkpt lat="35.316237" lon="-120.892989" />
      <trkpt lat="35.316598" lon="-120.892980" />
      <trkpt lat="35.316680" lon="-120.892538" />
      <trkpt lat="35.316947" lon="-120.892311" />
      <trkpt lat="35.317581" lon="-120.892515" />
      <trkpt lat="35.317754" lon="-120.892070" />
      <trkpt lat="35.318296" lon="-120.892166" />
      <trkpt lat="35.318293" lon="-120.891946" />
      <trkpt lat="35.318563" lon="-120.891939" />
      <trkpt lat="35.319293" lon="-120.892470" />
      <trkpt lat="35.320219" lon="-120.893876" />
      <trkpt lat="35.320518" lon="-120.895518" />
    </trkseg>
  </trk>
  <trk>
    <name>SC-AREA-046</name>
    <desc>Partial nearby mapped rough-rock/bedrock footprint, clipped within 350 m of retained targets and by depth/closure screening; not the complete reef or an individual pile. Interior rings are holes in the selected habitat. Not a navigation route.</desc>
    <type>Interpreted habitat boundary</type>
    <trkseg>
      <trkpt lat="35.322695" lon="-120.911851" />
      <trkpt lat="35.322517" lon="-120.911966" />
      <trkpt lat="35.322438" lon="-120.912628" />
      <trkpt lat="35.322260" lon="-120.912742" />
      <trkpt lat="35.322267" lon="-120.913182" />
      <trkpt lat="35.322091" lon="-120.913407" />
      <trkpt lat="35.321192" lon="-120.913540" />
      <trkpt lat="35.321188" lon="-120.913320" />
      <trkpt lat="35.320827" lon="-120.913329" />
      <trkpt lat="35.320750" lon="-120.914101" />
      <trkpt lat="35.322006" lon="-120.913739" />
      <trkpt lat="35.322012" lon="-120.914069" />
      <trkpt lat="35.321652" lon="-120.914078" />
      <trkpt lat="35.321655" lon="-120.914298" />
      <trkpt lat="35.321475" lon="-120.914302" />
      <trkpt lat="35.321481" lon="-120.914632" />
      <trkpt lat="35.321661" lon="-120.914628" />
      <trkpt lat="35.321672" lon="-120.915287" />
      <trkpt lat="35.321310" lon="-120.915187" />
      <trkpt lat="35.321203" lon="-120.914199" />
      <trkpt lat="35.320933" lon="-120.914206" />
      <trkpt lat="35.320936" lon="-120.914426" />
      <trkpt lat="35.320396" lon="-120.914440" />
      <trkpt lat="35.320411" lon="-120.915320" />
      <trkpt lat="35.320231" lon="-120.915324" />
      <trkpt lat="35.320236" lon="-120.915654" />
      <trkpt lat="35.319968" lon="-120.915771" />
      <trkpt lat="35.319975" lon="-120.916211" />
      <trkpt lat="35.319797" lon="-120.916325" />
      <trkpt lat="35.319437" lon="-120.916335" />
      <trkpt lat="35.319220" lon="-120.914250" />
      <trkpt lat="35.318049" lon="-120.914280" />
      <trkpt lat="35.318055" lon="-120.914610" />
      <trkpt lat="35.318415" lon="-120.914601" />
      <trkpt lat="35.318425" lon="-120.915151" />
      <trkpt lat="35.318338" lon="-120.915373" />
      <trkpt lat="35.317978" lon="-120.915382" />
      <trkpt lat="35.317873" lon="-120.914505" />
      <trkpt lat="35.317152" lon="-120.914523" />
      <trkpt lat="35.317146" lon="-120.914194" />
      <trkpt lat="35.316966" lon="-120.914198" />
      <trkpt lat="35.317127" lon="-120.913094" />
      <trkpt lat="35.316857" lon="-120.913101" />
      <trkpt lat="35.316763" lon="-120.912884" />
      <trkpt lat="35.316757" lon="-120.912554" />
      <trkpt lat="35.317564" lon="-120.912313" />
      <trkpt lat="35.317559" lon="-120.911983" />
      <trkpt lat="35.316293" lon="-120.911796" />
      <trkpt lat="35.316288" lon="-120.911466" />
      <trkpt lat="35.316648" lon="-120.911457" />
      <trkpt lat="35.316640" lon="-120.911017" />
      <trkpt lat="35.316370" lon="-120.911024" />
      <trkpt lat="35.316524" lon="-120.909480" />
      <trkpt lat="35.315801" lon="-120.909389" />
      <trkpt lat="35.315795" lon="-120.909059" />
      <trkpt lat="35.315253" lon="-120.908963" />
      <trkpt lat="35.315239" lon="-120.908193" />
      <trkpt lat="35.315144" lon="-120.907866" />
      <trkpt lat="35.314963" lon="-120.907870" />
      <trkpt lat="35.314954" lon="-120.907321" />
      <trkpt lat="35.314774" lon="-120.907325" />
      <trkpt lat="35.314768" lon="-120.906996" />
      <trkpt lat="35.314498" lon="-120.907003" />
      <trkpt lat="35.314517" lon="-120.908102" />
      <trkpt lat="35.314344" lon="-120.908546" />
      <trkpt lat="35.313897" lon="-120.908778" />
      <trkpt lat="35.313815" lon="-120.909220" />
      <trkpt lat="35.313452" lon="-120.909119" />
      <trkpt lat="35.313445" lon="-120.908679" />
      <trkpt lat="35.313801" lon="-120.908450" />
      <trkpt lat="35.313794" lon="-120.908011" />
      <trkpt lat="35.314143" lon="-120.907342" />
      <trkpt lat="35.314101" lon="-120.904923" />
      <trkpt lat="35.314546" lon="-120.904582" />
      <trkpt lat="35.314906" lon="-120.904572" />
      <trkpt lat="35.315006" lon="-120.905120" />
      <trkpt lat="35.315366" lon="-120.905110" />
      <trkpt lat="35.315370" lon="-120.905330" />
      <trkpt lat="35.315734" lon="-120.905541" />
      <trkpt lat="35.316229" lon="-120.908058" />
      <trkpt lat="35.316499" lon="-120.908051" />
      <trkpt lat="35.316292" lon="-120.906516" />
      <trkpt lat="35.316562" lon="-120.906509" />
      <trkpt lat="35.316574" lon="-120.907169" />
      <trkpt lat="35.316848" lon="-120.907382" />
      <trkpt lat="35.317299" lon="-120.907370" />
      <trkpt lat="35.317272" lon="-120.905831" />
      <trkpt lat="35.317542" lon="-120.905824" />
      <trkpt lat="35.317546" lon="-120.906044" />
      <trkpt lat="35.318087" lon="-120.906030" />
      <trkpt lat="35.318081" lon="-120.905700" />
      <trkpt lat="35.318349" lon="-120.905583" />
      <trkpt lat="35.318815" lon="-120.906451" />
      <trkpt lat="35.319014" lon="-120.907546" />
      <trkpt lat="35.318648" lon="-120.907226" />
      <trkpt lat="35.318288" lon="-120.907235" />
      <trkpt lat="35.318280" lon="-120.906795" />
      <trkpt lat="35.318006" lon="-120.906582" />
      <trkpt lat="35.317646" lon="-120.906591" />
      <trkpt lat="35.317753" lon="-120.907579" />
      <trkpt lat="35.316854" lon="-120.907712" />
      <trkpt lat="35.317164" lon="-120.910014" />
      <trkpt lat="35.317703" lon="-120.909890" />
      <trkpt lat="35.317712" lon="-120.910439" />
      <trkpt lat="35.317352" lon="-120.910449" />
      <trkpt lat="35.317358" lon="-120.910778" />
      <trkpt lat="35.317718" lon="-120.910769" />
      <trkpt lat="35.317996" lon="-120.911202" />
      <trkpt lat="35.318356" lon="-120.911193" />
      <trkpt lat="35.318364" lon="-120.911632" />
      <trkpt lat="35.318634" lon="-120.911626" />
      <trkpt lat="35.318627" lon="-120.911186" />
      <trkpt lat="35.318897" lon="-120.911179" />
      <trkpt lat="35.318908" lon="-120.911838" />
      <trkpt lat="35.319269" lon="-120.911829" />
      <trkpt lat="35.319152" lon="-120.910292" />
      <trkpt lat="35.319237" lon="-120.909960" />
      <trkpt lat="35.319417" lon="-120.909956" />
      <trkpt lat="35.319409" lon="-120.909516" />
      <trkpt lat="35.319679" lon="-120.909509" />
      <trkpt lat="35.319683" lon="-120.909729" />
      <trkpt lat="35.319503" lon="-120.909733" />
      <trkpt lat="35.319513" lon="-120.910283" />
      <trkpt lat="35.319693" lon="-120.910278" />
      <trkpt lat="35.319789" lon="-120.910606" />
      <trkpt lat="35.320419" lon="-120.910590" />
      <trkpt lat="35.320410" lon="-120.910040" />
      <trkpt lat="35.320860" lon="-120.910028" />
      <trkpt lat="35.320784" lon="-120.910800" />
      <trkpt lat="35.320243" lon="-120.910814" />
      <trkpt lat="35.320249" lon="-120.911144" />
      <trkpt lat="35.320971" lon="-120.911235" />
      <trkpt lat="35.320987" lon="-120.912115" />
      <trkpt lat="35.320716" lon="-120.912122" />
      <trkpt lat="35.320820" lon="-120.912889" />
      <trkpt lat="35.321270" lon="-120.912878" />
      <trkpt lat="35.321261" lon="-120.912328" />
      <trkpt lat="35.321621" lon="-120.912319" />
      <trkpt lat="35.321617" lon="-120.912099" />
      <trkpt lat="35.321798" lon="-120.912094" />
      <trkpt lat="35.321790" lon="-120.911654" />
      <trkpt lat="35.321249" lon="-120.911668" />
      <trkpt lat="35.321244" lon="-120.911338" />
      <trkpt lat="35.322501" lon="-120.911086" />
      <trkpt lat="35.322695" lon="-120.911851" />
    </trkseg>
    <trkseg>
      <trkpt lat="35.319896" lon="-120.911593" />
      <trkpt lat="35.319884" lon="-120.910933" />
      <trkpt lat="35.319524" lon="-120.910943" />
      <trkpt lat="35.319535" lon="-120.911602" />
      <trkpt lat="35.319896" lon="-120.911593" />
    </trkseg>
    <trkseg>
      <trkpt lat="35.317773" lon="-120.913957" />
      <trkpt lat="35.317583" lon="-120.913412" />
      <trkpt lat="35.317223" lon="-120.913422" />
      <trkpt lat="35.317234" lon="-120.914081" />
      <trkpt lat="35.317773" lon="-120.913957" />
    </trkseg>
  </trk>
  <trk>
    <name>SC-AREA-047</name>
    <desc>Partial nearby mapped rough-rock/bedrock footprint, clipped within 350 m of retained targets and by depth/closure screening; not the complete reef or an individual pile. Interior rings are holes in the selected habitat. Not a navigation route.</desc>
    <type>Interpreted habitat boundary</type>
    <trkseg>
      <trkpt lat="35.323678" lon="-120.890596" />
      <trkpt lat="35.323594" lon="-120.890928" />
      <trkpt lat="35.323143" lon="-120.890940" />
      <trkpt lat="35.323047" lon="-120.890613" />
      <trkpt lat="35.322323" lon="-120.890412" />
      <trkpt lat="35.322332" lon="-120.890961" />
      <trkpt lat="35.322602" lon="-120.890954" />
      <trkpt lat="35.322700" lon="-120.891392" />
      <trkpt lat="35.322071" lon="-120.891518" />
      <trkpt lat="35.321974" lon="-120.891081" />
      <trkpt lat="35.322231" lon="-120.890304" />
      <trkpt lat="35.321870" lon="-120.890313" />
      <trkpt lat="35.321784" lon="-120.890536" />
      <trkpt lat="35.321241" lon="-120.890440" />
      <trkpt lat="35.321237" lon="-120.890220" />
      <trkpt lat="35.320783" lon="-120.890012" />
      <trkpt lat="35.320413" lon="-120.889471" />
      <trkpt lat="35.320484" lon="-120.888369" />
      <trkpt lat="35.320844" lon="-120.888360" />
      <trkpt lat="35.320743" lon="-120.887703" />
      <trkpt lat="35.321287" lon="-120.887909" />
      <trkpt lat="35.322457" lon="-120.887768" />
      <trkpt lat="35.322560" lon="-120.888535" />
      <trkpt lat="35.323191" lon="-120.888519" />
      <trkpt lat="35.323199" lon="-120.888959" />
      <trkpt lat="35.322934" lon="-120.889296" />
      <trkpt lat="35.322484" lon="-120.889307" />
      <trkpt lat="35.322491" lon="-120.889747" />
      <trkpt lat="35.323390" lon="-120.889614" />
      <trkpt lat="35.323678" lon="-120.890596" />
    </trkseg>
  </trk>
  <trk>
    <name>SC-AREA-048</name>
    <desc>Partial nearby mapped rough-rock/bedrock footprint, clipped within 350 m of retained targets and by depth/closure screening; not the complete reef or an individual pile. Interior rings are holes in the selected habitat. Not a navigation route.</desc>
    <type>Interpreted habitat boundary</type>
    <trkseg>
      <trkpt lat="35.326003" lon="-120.915506" />
      <trkpt lat="35.325100" lon="-120.915419" />
      <trkpt lat="35.325156" lon="-120.913438" />
      <trkpt lat="35.324796" lon="-120.913447" />
      <trkpt lat="35.324790" lon="-120.913117" />
      <trkpt lat="35.324970" lon="-120.913113" />
      <trkpt lat="35.325139" lon="-120.912448" />
      <trkpt lat="35.325410" lon="-120.912441" />
      <trkpt lat="35.325421" lon="-120.913101" />
      <trkpt lat="35.325695" lon="-120.913314" />
      <trkpt lat="35.325703" lon="-120.913754" />
      <trkpt lat="35.325522" lon="-120.913758" />
      <trkpt lat="35.325440" lon="-120.914200" />
      <trkpt lat="35.325455" lon="-120.915080" />
      <trkpt lat="35.325998" lon="-120.915176" />
      <trkpt lat="35.326003" lon="-120.915506" />
    </trkseg>
  </trk>
  <trk>
    <name>SC-AREA-049</name>
    <desc>Partial nearby mapped rough-rock/bedrock footprint, clipped within 350 m of retained targets and by depth/closure screening; not the complete reef or an individual pile. Interior rings are holes in the selected habitat. Not a navigation route.</desc>
    <type>Interpreted habitat boundary</type>
    <trkseg>
      <trkpt lat="35.375646" lon="-120.913789" />
      <trkpt lat="35.374927" lon="-120.913918" />
      <trkpt lat="35.374921" lon="-120.913588" />
      <trkpt lat="35.374292" lon="-120.913714" />
      <trkpt lat="35.374300" lon="-120.914154" />
      <trkpt lat="35.374030" lon="-120.914161" />
      <trkpt lat="35.373951" lon="-120.914824" />
      <trkpt lat="35.373769" lon="-120.914718" />
      <trkpt lat="35.373763" lon="-120.914388" />
      <trkpt lat="35.373132" lon="-120.914404" />
      <trkpt lat="35.373123" lon="-120.913854" />
      <trkpt lat="35.372763" lon="-120.913864" />
      <trkpt lat="35.372590" lon="-120.914308" />
      <trkpt lat="35.373044" lon="-120.914517" />
      <trkpt lat="35.373048" lon="-120.914737" />
      <trkpt lat="35.372149" lon="-120.914870" />
      <trkpt lat="35.371957" lon="-120.914214" />
      <trkpt lat="35.371925" lon="-120.912344" />
      <trkpt lat="35.372561" lon="-120.912658" />
      <trkpt lat="35.372567" lon="-120.912988" />
      <trkpt lat="35.372837" lon="-120.912981" />
      <trkpt lat="35.372832" lon="-120.912651" />
      <trkpt lat="35.373374" lon="-120.912747" />
      <trkpt lat="35.373365" lon="-120.912197" />
      <trkpt lat="35.373635" lon="-120.912190" />
      <trkpt lat="35.373643" lon="-120.912630" />
      <trkpt lat="35.374183" lon="-120.912616" />
      <trkpt lat="35.374193" lon="-120.913166" />
      <trkpt lat="35.374824" lon="-120.913150" />
      <trkpt lat="35.374818" lon="-120.912820" />
      <trkpt lat="35.375359" lon="-120.912806" />
      <trkpt lat="35.375636" lon="-120.913239" />
      <trkpt lat="35.375646" lon="-120.913789" />
    </trkseg>
    <trkseg>
      <trkpt lat="35.372674" lon="-120.913976" />
      <trkpt lat="35.372667" lon="-120.913536" />
      <trkpt lat="35.372216" lon="-120.913547" />
      <trkpt lat="35.372314" lon="-120.913985" />
      <trkpt lat="35.372674" lon="-120.913976" />
    </trkseg>
  </trk>
  <trk>
    <name>SC-AREA-050</name>
    <desc>Partial nearby mapped rough-rock/bedrock footprint, clipped within 350 m of retained targets and by depth/closure screening; not the complete reef or an individual pile. Interior rings are holes in the selected habitat. Not a navigation route.</desc>
    <type>Interpreted habitat boundary</type>
    <trkseg>
      <trkpt lat="35.379272" lon="-120.878693" />
      <trkpt lat="35.378821" lon="-120.878705" />
      <trkpt lat="35.378743" lon="-120.879367" />
      <trkpt lat="35.378472" lon="-120.879374" />
      <trkpt lat="35.377763" lon="-120.880053" />
      <trkpt lat="35.377767" lon="-120.880273" />
      <trkpt lat="35.376241" lon="-120.880643" />
      <trkpt lat="35.375873" lon="-120.880213" />
      <trkpt lat="35.375865" lon="-120.879773" />
      <trkpt lat="35.376304" lon="-120.879101" />
      <trkpt lat="35.376296" lon="-120.878661" />
      <trkpt lat="35.376026" lon="-120.878668" />
      <trkpt lat="35.375926" lon="-120.878120" />
      <trkpt lat="35.376459" lon="-120.877666" />
      <trkpt lat="35.376534" lon="-120.876783" />
      <trkpt lat="35.377155" lon="-120.876217" />
      <trkpt lat="35.377149" lon="-120.875887" />
      <trkpt lat="35.377780" lon="-120.875870" />
      <trkpt lat="35.378146" lon="-120.876191" />
      <trkpt lat="35.378150" lon="-120.876411" />
      <trkpt lat="35.378330" lon="-120.876406" />
      <trkpt lat="35.378334" lon="-120.876626" />
      <trkpt lat="35.378514" lon="-120.876621" />
      <trkpt lat="35.378610" lon="-120.876949" />
      <trkpt lat="35.378882" lon="-120.877052" />
      <trkpt lat="35.378990" lon="-120.878040" />
      <trkpt lat="35.379170" lon="-120.878035" />
      <trkpt lat="35.379272" lon="-120.878693" />
    </trkseg>
  </trk>
  <trk>
    <name>SC-AREA-051</name>
    <desc>Partial nearby mapped rough-rock/bedrock footprint, clipped within 350 m of retained targets and by depth/closure screening; not the complete reef or an individual pile. Interior rings are holes in the selected habitat. Not a navigation route.</desc>
    <type>Interpreted habitat boundary</type>
    <trkseg>
      <trkpt lat="35.386995" lon="-120.887297" />
      <trkpt lat="35.386560" lon="-120.888189" />
      <trkpt lat="35.385408" lon="-120.889320" />
      <trkpt lat="35.385302" lon="-120.888442" />
      <trkpt lat="35.384852" lon="-120.888454" />
      <trkpt lat="35.384769" lon="-120.888896" />
      <trkpt lat="35.384229" lon="-120.888910" />
      <trkpt lat="35.384060" lon="-120.889575" />
      <trkpt lat="35.383339" lon="-120.889594" />
      <trkpt lat="35.383329" lon="-120.889044" />
      <trkpt lat="35.382424" lon="-120.888847" />
      <trkpt lat="35.382745" lon="-120.886527" />
      <trkpt lat="35.383438" lon="-120.884968" />
      <trkpt lat="35.383709" lon="-120.884961" />
      <trkpt lat="35.383803" lon="-120.885179" />
      <trkpt lat="35.384524" lon="-120.885160" />
      <trkpt lat="35.384708" lon="-120.885375" />
      <trkpt lat="35.384713" lon="-120.885705" />
      <trkpt lat="35.384986" lon="-120.885808" />
      <trkpt lat="35.384995" lon="-120.886359" />
      <trkpt lat="35.385634" lon="-120.886782" />
      <trkpt lat="35.385469" lon="-120.887667" />
      <trkpt lat="35.385829" lon="-120.887658" />
      <trkpt lat="35.386004" lon="-120.887323" />
      <trkpt lat="35.385994" lon="-120.886773" />
      <trkpt lat="35.386264" lon="-120.886766" />
      <trkpt lat="35.386259" lon="-120.886436" />
      <trkpt lat="35.386529" lon="-120.886429" />
      <trkpt lat="35.386519" lon="-120.885878" />
      <trkpt lat="35.386159" lon="-120.885888" />
      <trkpt lat="35.386153" lon="-120.885558" />
      <trkpt lat="35.386422" lon="-120.885441" />
      <trkpt lat="35.386418" lon="-120.885221" />
      <trkpt lat="35.386688" lon="-120.885214" />
      <trkpt lat="35.386976" lon="-120.886197" />
      <trkpt lat="35.386995" lon="-120.887297" />
    </trkseg>
    <trkseg>
      <trkpt lat="35.386723" lon="-120.887194" />
      <trkpt lat="35.386715" lon="-120.886754" />
      <trkpt lat="35.386445" lon="-120.886761" />
      <trkpt lat="35.386452" lon="-120.887201" />
      <trkpt lat="35.386723" lon="-120.887194" />
    </trkseg>
    <trkseg>
      <trkpt lat="35.384355" lon="-120.885825" />
      <trkpt lat="35.384167" lon="-120.885389" />
      <trkpt lat="35.383810" lon="-120.885619" />
      <trkpt lat="35.383998" lon="-120.886054" />
      <trkpt lat="35.384355" lon="-120.885825" />
    </trkseg>
  </trk>
  <trk>
    <name>SC-AREA-052</name>
    <desc>Partial nearby mapped rough-rock/bedrock footprint, clipped within 350 m of retained targets and by depth/closure screening; not the complete reef or an individual pile. Interior rings are holes in the selected habitat. Not a navigation route.</desc>
    <type>Interpreted habitat boundary</type>
    <trkseg>
      <trkpt lat="35.389003" lon="-120.893850" />
      <trkpt lat="35.388642" lon="-120.893859" />
      <trkpt lat="35.388748" lon="-120.894737" />
      <trkpt lat="35.388123" lon="-120.895084" />
      <trkpt lat="35.387860" lon="-120.895531" />
      <trkpt lat="35.387590" lon="-120.895538" />
      <trkpt lat="35.386758" lon="-120.894349" />
      <trkpt lat="35.386827" lon="-120.893136" />
      <trkpt lat="35.387451" lon="-120.892789" />
      <trkpt lat="35.387442" lon="-120.892239" />
      <trkpt lat="35.387620" lon="-120.892125" />
      <trkpt lat="35.387614" lon="-120.891794" />
      <trkpt lat="35.387885" lon="-120.891787" />
      <trkpt lat="35.387881" lon="-120.891567" />
      <trkpt lat="35.388151" lon="-120.891560" />
      <trkpt lat="35.388157" lon="-120.891890" />
      <trkpt lat="35.388880" lon="-120.891982" />
      <trkpt lat="35.389003" lon="-120.893850" />
    </trkseg>
  </trk>
  <trk>
    <name>SC-AREA-053</name>
    <desc>Partial nearby mapped rough-rock/bedrock footprint, clipped within 350 m of retained targets and by depth/closure screening; not the complete reef or an individual pile. Interior rings are holes in the selected habitat. Not a navigation route.</desc>
    <type>Interpreted habitat boundary</type>
    <trkseg>
      <trkpt lat="35.391500" lon="-120.882005" />
      <trkpt lat="35.391049" lon="-120.882017" />
      <trkpt lat="35.391059" lon="-120.882567" />
      <trkpt lat="35.391329" lon="-120.882560" />
      <trkpt lat="35.391337" lon="-120.883000" />
      <trkpt lat="35.391157" lon="-120.883005" />
      <trkpt lat="35.391164" lon="-120.883445" />
      <trkpt lat="35.390804" lon="-120.883455" />
      <trkpt lat="35.390718" lon="-120.883677" />
      <trkpt lat="35.390447" lon="-120.883684" />
      <trkpt lat="35.390444" lon="-120.883464" />
      <trkpt lat="35.389631" lon="-120.883375" />
      <trkpt lat="35.389627" lon="-120.883155" />
      <trkpt lat="35.388812" lon="-120.882956" />
      <trkpt lat="35.388808" lon="-120.882736" />
      <trkpt lat="35.388268" lon="-120.882750" />
      <trkpt lat="35.388271" lon="-120.882971" />
      <trkpt lat="35.388001" lon="-120.882978" />
      <trkpt lat="35.388082" lon="-120.882425" />
      <trkpt lat="35.389167" lon="-120.882617" />
      <trkpt lat="35.389145" lon="-120.881406" />
      <trkpt lat="35.389416" lon="-120.881399" />
      <trkpt lat="35.389422" lon="-120.881730" />
      <trkpt lat="35.389604" lon="-120.881835" />
      <trkpt lat="35.389615" lon="-120.882495" />
      <trkpt lat="35.389435" lon="-120.882500" />
      <trkpt lat="35.389441" lon="-120.882830" />
      <trkpt lat="35.389891" lon="-120.882818" />
      <trkpt lat="35.389878" lon="-120.882048" />
      <trkpt lat="35.390148" lon="-120.882041" />
      <trkpt lat="35.390258" lon="-120.883139" />
      <trkpt lat="35.390528" lon="-120.883132" />
      <trkpt lat="35.390520" lon="-120.882692" />
      <trkpt lat="35.390789" lon="-120.882574" />
      <trkpt lat="35.390595" lon="-120.881809" />
      <trkpt lat="35.391494" lon="-120.881675" />
      <trkpt lat="35.391500" lon="-120.882005" />
    </trkseg>
  </trk>
  <trk>
    <name>SC-AREA-054</name>
    <desc>Partial nearby mapped rough-rock/bedrock footprint, clipped within 350 m of retained targets and by depth/closure screening; not the complete reef or an individual pile. Interior rings are holes in the selected habitat. Not a navigation route.</desc>
    <type>Interpreted habitat boundary</type>
    <trkseg>
      <trkpt lat="35.396662" lon="-120.893651" />
      <trkpt lat="35.396213" lon="-120.893772" />
      <trkpt lat="35.396219" lon="-120.894103" />
      <trkpt lat="35.395948" lon="-120.894110" />
      <trkpt lat="35.395941" lon="-120.893669" />
      <trkpt lat="35.395670" lon="-120.893676" />
      <trkpt lat="35.395402" lon="-120.893794" />
      <trkpt lat="35.395230" lon="-120.894238" />
      <trkpt lat="35.394959" lon="-120.894245" />
      <trkpt lat="35.394950" lon="-120.893695" />
      <trkpt lat="35.394679" lon="-120.893702" />
      <trkpt lat="35.394668" lon="-120.893042" />
      <trkpt lat="35.395475" lon="-120.892801" />
      <trkpt lat="35.395483" lon="-120.893241" />
      <trkpt lat="35.396562" lon="-120.893103" />
      <trkpt lat="35.396662" lon="-120.893651" />
    </trkseg>
  </trk>
  <trk>
    <name>SC-AREA-055</name>
    <desc>Partial nearby mapped rough-rock/bedrock footprint, clipped within 350 m of retained targets and by depth/closure screening; not the complete reef or an individual pile. Interior rings are holes in the selected habitat. Not a navigation route.</desc>
    <type>Interpreted habitat boundary</type>
    <trkseg>
      <trkpt lat="35.399551" lon="-120.878492" />
      <trkpt lat="35.399467" lon="-120.878824" />
      <trkpt lat="35.398746" lon="-120.878843" />
      <trkpt lat="35.398288" lon="-120.878415" />
      <trkpt lat="35.398276" lon="-120.877755" />
      <trkpt lat="35.398907" lon="-120.877738" />
      <trkpt lat="35.399546" lon="-120.878162" />
      <trkpt lat="35.399551" lon="-120.878492" />
    </trkseg>
  </trk>
  <trk>
    <name>SC-AREA-056</name>
    <desc>Partial nearby mapped rough-rock/bedrock footprint, clipped within 350 m of retained targets and by depth/closure screening; not the complete reef or an individual pile. Interior rings are holes in the selected habitat. Not a navigation route.</desc>
    <type>Interpreted habitat boundary</type>
    <trkseg>
      <trkpt lat="35.406011" lon="-120.881846" />
      <trkpt lat="35.404841" lon="-120.881987" />
      <trkpt lat="35.404652" lon="-120.881441" />
      <trkpt lat="35.404107" lon="-120.881235" />
      <trkpt lat="35.404000" lon="-120.880247" />
      <trkpt lat="35.404993" lon="-120.880331" />
      <trkpt lat="35.404981" lon="-120.879671" />
      <trkpt lat="35.405698" lon="-120.879432" />
      <trkpt lat="35.405531" lon="-120.880207" />
      <trkpt lat="35.405171" lon="-120.880216" />
      <trkpt lat="35.405177" lon="-120.880546" />
      <trkpt lat="35.405898" lon="-120.880528" />
      <trkpt lat="35.405729" lon="-120.881193" />
      <trkpt lat="35.405911" lon="-120.881298" />
      <trkpt lat="35.406011" lon="-120.881846" />
    </trkseg>
  </trk>
  <trk>
    <name>SC-AREA-057</name>
    <desc>Partial nearby mapped rough-rock/bedrock footprint, clipped within 350 m of retained targets and by depth/closure screening; not the complete reef or an individual pile. Interior rings are holes in the selected habitat. Not a navigation route.</desc>
    <type>Interpreted habitat boundary</type>
    <trkseg>
      <trkpt lat="35.411019" lon="-120.942059" />
      <trkpt lat="35.410839" lon="-120.942063" />
      <trkpt lat="35.410844" lon="-120.942393" />
      <trkpt lat="35.410303" lon="-120.942407" />
      <trkpt lat="35.410309" lon="-120.942737" />
      <trkpt lat="35.409768" lon="-120.942751" />
      <trkpt lat="35.409881" lon="-120.944070" />
      <trkpt lat="35.409521" lon="-120.944079" />
      <trkpt lat="35.409622" lon="-120.944737" />
      <trkpt lat="35.410073" lon="-120.944725" />
      <trkpt lat="35.410063" lon="-120.944175" />
      <trkpt lat="35.410333" lon="-120.944168" />
      <trkpt lat="35.410709" lon="-120.945040" />
      <trkpt lat="35.410889" lon="-120.945035" />
      <trkpt lat="35.410807" lon="-120.945478" />
      <trkpt lat="35.410191" lon="-120.946374" />
      <trkpt lat="35.409560" lon="-120.946390" />
      <trkpt lat="35.409567" lon="-120.946831" />
      <trkpt lat="35.409211" lon="-120.947060" />
      <trkpt lat="35.408668" lon="-120.946963" />
      <trkpt lat="35.408672" lon="-120.947184" />
      <trkpt lat="35.407410" lon="-120.947216" />
      <trkpt lat="35.407138" lon="-120.947112" />
      <trkpt lat="35.407131" lon="-120.946672" />
      <trkpt lat="35.406592" lon="-120.946796" />
      <trkpt lat="35.406044" lon="-120.946369" />
      <trkpt lat="35.406117" lon="-120.945377" />
      <trkpt lat="35.406023" lon="-120.945159" />
      <trkpt lat="35.405573" lon="-120.945170" />
      <trkpt lat="35.405565" lon="-120.944730" />
      <trkpt lat="35.405916" lon="-120.944170" />
      <trkpt lat="35.406637" lon="-120.944152" />
      <trkpt lat="35.406904" lon="-120.943925" />
      <trkpt lat="35.406896" lon="-120.943485" />
      <trkpt lat="35.406521" lon="-120.942613" />
      <trkpt lat="35.406684" lon="-120.941618" />
      <trkpt lat="35.407045" lon="-120.941609" />
      <trkpt lat="35.407140" lon="-120.941937" />
      <trkpt lat="35.407593" lon="-120.942036" />
      <trkpt lat="35.407589" lon="-120.941816" />
      <trkpt lat="35.408130" lon="-120.941802" />
      <trkpt lat="35.408394" lon="-120.941465" />
      <trkpt lat="35.408387" lon="-120.941024" />
      <trkpt lat="35.408747" lon="-120.941015" />
      <trkpt lat="35.408743" lon="-120.940795" />
      <trkpt lat="35.409014" lon="-120.940788" />
      <trkpt lat="35.409110" lon="-120.941116" />
      <trkpt lat="35.409830" lon="-120.941098" />
      <trkpt lat="35.410005" lon="-120.940763" />
      <trkpt lat="35.410275" lon="-120.940756" />
      <trkpt lat="35.410457" lon="-120.940862" />
      <trkpt lat="35.410465" lon="-120.941302" />
      <trkpt lat="35.410919" lon="-120.941511" />
      <trkpt lat="35.411019" lon="-120.942059" />
    </trkseg>
    <trkseg>
      <trkpt lat="35.410837" lon="-120.941953" />
      <trkpt lat="35.410831" lon="-120.941623" />
      <trkpt lat="35.410471" lon="-120.941632" />
      <trkpt lat="35.410476" lon="-120.941962" />
      <trkpt lat="35.410837" lon="-120.941953" />
    </trkseg>
    <trkseg>
      <trkpt lat="35.408847" lon="-120.946849" />
      <trkpt lat="35.408839" lon="-120.946409" />
      <trkpt lat="35.408300" lon="-120.946532" />
      <trkpt lat="35.408306" lon="-120.946863" />
      <trkpt lat="35.408847" lon="-120.946849" />
    </trkseg>
  </trk>
  <trk>
    <name>SC-AREA-058</name>
    <desc>Partial nearby mapped rough-rock/bedrock footprint, clipped within 350 m of retained targets and by depth/closure screening; not the complete reef or an individual pile. Interior rings are holes in the selected habitat. Not a navigation route.</desc>
    <type>Interpreted habitat boundary</type>
    <trkseg>
      <trkpt lat="35.412194" lon="-120.884877" />
      <trkpt lat="35.412014" lon="-120.884882" />
      <trkpt lat="35.412033" lon="-120.885983" />
      <trkpt lat="35.411583" lon="-120.885995" />
      <trkpt lat="35.411397" lon="-120.885669" />
      <trkpt lat="35.410584" lon="-120.885580" />
      <trkpt lat="35.410478" lon="-120.884702" />
      <trkpt lat="35.410748" lon="-120.884695" />
      <trkpt lat="35.410743" lon="-120.884365" />
      <trkpt lat="35.410106" lon="-120.884051" />
      <trkpt lat="35.409918" lon="-120.883616" />
      <trkpt lat="35.409107" lon="-120.883637" />
      <trkpt lat="35.409111" lon="-120.883857" />
      <trkpt lat="35.408663" lon="-120.883979" />
      <trkpt lat="35.408657" lon="-120.883649" />
      <trkpt lat="35.408925" lon="-120.883531" />
      <trkpt lat="35.408822" lon="-120.882763" />
      <trkpt lat="35.408461" lon="-120.882773" />
      <trkpt lat="35.408708" lon="-120.881445" />
      <trkpt lat="35.409159" lon="-120.881433" />
      <trkpt lat="35.409151" lon="-120.880993" />
      <trkpt lat="35.409966" lon="-120.881192" />
      <trkpt lat="35.409801" lon="-120.882077" />
      <trkpt lat="35.410700" lon="-120.881943" />
      <trkpt lat="35.410980" lon="-120.882487" />
      <trkpt lat="35.411090" lon="-120.883585" />
      <trkpt lat="35.411454" lon="-120.883796" />
      <trkpt lat="35.411462" lon="-120.884236" />
      <trkpt lat="35.412181" lon="-120.884107" />
      <trkpt lat="35.412194" lon="-120.884877" />
    </trkseg>
  </trk>
  <trk>
    <name>SC-AREA-059</name>
    <desc>Partial nearby mapped rough-rock/bedrock footprint, clipped within 350 m of retained targets and by depth/closure screening; not the complete reef or an individual pile. Interior rings are holes in the selected habitat. Not a navigation route.</desc>
    <type>Interpreted habitat boundary</type>
    <trkseg>
      <trkpt lat="35.413509" lon="-120.955981" />
      <trkpt lat="35.412904" lon="-120.957538" />
      <trkpt lat="35.412018" lon="-120.958441" />
      <trkpt lat="35.412005" lon="-120.957670" />
      <trkpt lat="35.411371" lon="-120.957466" />
      <trkpt lat="35.411444" lon="-120.956473" />
      <trkpt lat="35.410546" lon="-120.956716" />
      <trkpt lat="35.410387" lon="-120.957931" />
      <trkpt lat="35.409936" lon="-120.957943" />
      <trkpt lat="35.409837" lon="-120.957395" />
      <trkpt lat="35.410015" lon="-120.957280" />
      <trkpt lat="35.409995" lon="-120.956069" />
      <trkpt lat="35.409092" lon="-120.955982" />
      <trkpt lat="35.409101" lon="-120.956532" />
      <trkpt lat="35.408650" lon="-120.956544" />
      <trkpt lat="35.408553" lon="-120.956106" />
      <trkpt lat="35.408100" lon="-120.956007" />
      <trkpt lat="35.408095" lon="-120.955677" />
      <trkpt lat="35.408453" lon="-120.955558" />
      <trkpt lat="35.408444" lon="-120.955007" />
      <trkpt lat="35.408174" lon="-120.955014" />
      <trkpt lat="35.408166" lon="-120.954574" />
      <trkpt lat="35.408527" lon="-120.954565" />
      <trkpt lat="35.408422" lon="-120.953687" />
      <trkpt lat="35.408602" lon="-120.953682" />
      <trkpt lat="35.408596" lon="-120.953352" />
      <trkpt lat="35.409222" lon="-120.953006" />
      <trkpt lat="35.409216" lon="-120.952676" />
      <trkpt lat="35.409575" lon="-120.952556" />
      <trkpt lat="35.409745" lon="-120.952001" />
      <trkpt lat="35.409644" lon="-120.951343" />
      <trkpt lat="35.410816" lon="-120.951314" />
      <trkpt lat="35.411005" lon="-120.951859" />
      <trkpt lat="35.411275" lon="-120.951853" />
      <trkpt lat="35.411178" lon="-120.951415" />
      <trkpt lat="35.411358" lon="-120.951410" />
      <trkpt lat="35.412360" lon="-120.952045" />
      <trkpt lat="35.413192" lon="-120.953236" />
      <trkpt lat="35.413477" lon="-120.954109" />
      <trkpt lat="35.413509" lon="-120.955981" />
    </trkseg>
    <trkseg>
      <trkpt lat="35.412715" lon="-120.956992" />
      <trkpt lat="35.412707" lon="-120.956551" />
      <trkpt lat="35.412257" lon="-120.956563" />
      <trkpt lat="35.412262" lon="-120.956893" />
      <trkpt lat="35.412715" lon="-120.956992" />
    </trkseg>
    <trkseg>
      <trkpt lat="35.411105" lon="-120.952407" />
      <trkpt lat="35.411097" lon="-120.951967" />
      <trkpt lat="35.410737" lon="-120.951976" />
      <trkpt lat="35.410742" lon="-120.952307" />
      <trkpt lat="35.411105" lon="-120.952407" />
    </trkseg>
  </trk>
  <trk>
    <name>SC-AREA-060</name>
    <desc>Partial nearby mapped rough-rock/bedrock footprint, clipped within 350 m of retained targets and by depth/closure screening; not the complete reef or an individual pile. Interior rings are holes in the selected habitat. Not a navigation route.</desc>
    <type>Interpreted habitat boundary</type>
    <trkseg>
      <trkpt lat="35.413583" lon="-120.897285" />
      <trkpt lat="35.411959" lon="-120.897217" />
      <trkpt lat="35.411775" lon="-120.897001" />
      <trkpt lat="35.410964" lon="-120.897022" />
      <trkpt lat="35.409785" lon="-120.896613" />
      <trkpt lat="35.409781" lon="-120.896392" />
      <trkpt lat="35.409509" lon="-120.896289" />
      <trkpt lat="35.409493" lon="-120.895409" />
      <trkpt lat="35.409758" lon="-120.895072" />
      <trkpt lat="35.409746" lon="-120.894411" />
      <trkpt lat="35.410191" lon="-120.894069" />
      <trkpt lat="35.410364" lon="-120.893624" />
      <trkpt lat="35.410994" lon="-120.893608" />
      <trkpt lat="35.410989" lon="-120.893278" />
      <trkpt lat="35.411259" lon="-120.893271" />
      <trkpt lat="35.411269" lon="-120.893821" />
      <trkpt lat="35.411455" lon="-120.894147" />
      <trkpt lat="35.411997" lon="-120.894243" />
      <trkpt lat="35.412459" lon="-120.894891" />
      <trkpt lat="35.412822" lon="-120.894992" />
      <trkpt lat="35.413109" lon="-120.895976" />
      <trkpt lat="35.413383" lon="-120.896189" />
      <trkpt lat="35.413583" lon="-120.897285" />
    </trkseg>
  </trk>
  <trk>
    <name>SC-AREA-061</name>
    <desc>Partial nearby mapped rough-rock/bedrock footprint, clipped within 350 m of retained targets and by depth/closure screening; not the complete reef or an individual pile. Interior rings are holes in the selected habitat. Not a navigation route.</desc>
    <type>Interpreted habitat boundary</type>
    <trkseg>
      <trkpt lat="35.417833" lon="-120.887703" />
      <trkpt lat="35.417562" lon="-120.887711" />
      <trkpt lat="35.417476" lon="-120.887933" />
      <trkpt lat="35.417325" lon="-120.889589" />
      <trkpt lat="35.417058" lon="-120.889816" />
      <trkpt lat="35.417070" lon="-120.890476" />
      <trkpt lat="35.416800" lon="-120.890484" />
      <trkpt lat="35.416809" lon="-120.891034" />
      <trkpt lat="35.415818" lon="-120.891060" />
      <trkpt lat="35.415628" lon="-120.890514" />
      <trkpt lat="35.415266" lon="-120.890413" />
      <trkpt lat="35.415258" lon="-120.889973" />
      <trkpt lat="35.415797" lon="-120.889849" />
      <trkpt lat="35.415693" lon="-120.889081" />
      <trkpt lat="35.415423" lon="-120.889088" />
      <trkpt lat="35.414875" lon="-120.888662" />
      <trkpt lat="35.414246" lon="-120.888788" />
      <trkpt lat="35.414240" lon="-120.888458" />
      <trkpt lat="35.414775" lon="-120.888114" />
      <trkpt lat="35.414546" lon="-120.885367" />
      <trkpt lat="35.414993" lon="-120.885135" />
      <trkpt lat="35.415355" lon="-120.885235" />
      <trkpt lat="35.415269" lon="-120.885458" />
      <trkpt lat="35.415457" lon="-120.885893" />
      <trkpt lat="35.415912" lon="-120.886102" />
      <trkpt lat="35.416099" lon="-120.886537" />
      <trkpt lat="35.416370" lon="-120.886530" />
      <trkpt lat="35.416546" lon="-120.886305" />
      <trkpt lat="35.416450" lon="-120.885978" />
      <trkpt lat="35.416719" lon="-120.885860" />
      <trkpt lat="35.416644" lon="-120.886743" />
      <trkpt lat="35.417455" lon="-120.886722" />
      <trkpt lat="35.417827" lon="-120.887373" />
      <trkpt lat="35.417833" lon="-120.887703" />
    </trkseg>
  </trk>
  <trk>
    <name>SC-AREA-062</name>
    <desc>Partial nearby mapped rough-rock/bedrock footprint, clipped within 350 m of retained targets and by depth/closure screening; not the complete reef or an individual pile. Interior rings are holes in the selected habitat. Not a navigation route.</desc>
    <type>Interpreted habitat boundary</type>
    <trkseg>
      <trkpt lat="35.419063" lon="-120.932713" />
      <trkpt lat="35.418447" lon="-120.933610" />
      <trkpt lat="35.417735" lon="-120.934179" />
      <trkpt lat="35.416480" lon="-120.934541" />
      <trkpt lat="35.415667" lon="-120.934452" />
      <trkpt lat="35.415663" lon="-120.934232" />
      <trkpt lat="35.415297" lon="-120.933911" />
      <trkpt lat="35.415280" lon="-120.932920" />
      <trkpt lat="35.414914" lon="-120.932599" />
      <trkpt lat="35.414816" lon="-120.932161" />
      <trkpt lat="35.414272" lon="-120.931955" />
      <trkpt lat="35.413971" lon="-120.930201" />
      <trkpt lat="35.413339" lon="-120.930107" />
      <trkpt lat="35.413498" lon="-120.928891" />
      <trkpt lat="35.413860" lon="-120.928992" />
      <trkpt lat="35.413851" lon="-120.928442" />
      <trkpt lat="35.414031" lon="-120.928437" />
      <trkpt lat="35.414024" lon="-120.927997" />
      <trkpt lat="35.414288" lon="-120.927660" />
      <trkpt lat="35.415822" lon="-120.927731" />
      <trkpt lat="35.415816" lon="-120.927400" />
      <trkpt lat="35.416087" lon="-120.927393" />
      <trkpt lat="35.416453" lon="-120.927714" />
      <trkpt lat="35.416457" lon="-120.927935" />
      <trkpt lat="35.416637" lon="-120.927930" />
      <trkpt lat="35.416733" lon="-120.928258" />
      <trkpt lat="35.417630" lon="-120.928015" />
      <trkpt lat="35.417731" lon="-120.928673" />
      <trkpt lat="35.417553" lon="-120.928787" />
      <trkpt lat="35.417560" lon="-120.929228" />
      <trkpt lat="35.417921" lon="-120.929219" />
      <trkpt lat="35.418103" lon="-120.929324" />
      <trkpt lat="35.418109" lon="-120.929654" />
      <trkpt lat="35.418469" lon="-120.929645" />
      <trkpt lat="35.418505" lon="-120.931737" />
      <trkpt lat="35.418775" lon="-120.931730" />
      <trkpt lat="35.418785" lon="-120.932280" />
      <trkpt lat="35.419057" lon="-120.932383" />
      <trkpt lat="35.419063" lon="-120.932713" />
    </trkseg>
    <trkseg>
      <trkpt lat="35.417628" lon="-120.933191" />
      <trkpt lat="35.417621" lon="-120.932750" />
      <trkpt lat="35.417351" lon="-120.932757" />
      <trkpt lat="35.417358" lon="-120.933197" />
      <trkpt lat="35.417628" lon="-120.933191" />
    </trkseg>
  </trk>
  <trk>
    <name>SC-AREA-063</name>
    <desc>Partial nearby mapped rough-rock/bedrock footprint, clipped within 350 m of retained targets and by depth/closure screening; not the complete reef or an individual pile. Interior rings are holes in the selected habitat. Not a navigation route.</desc>
    <type>Interpreted habitat boundary</type>
    <trkseg>
      <trkpt lat="35.419316" lon="-120.974225" />
      <trkpt lat="35.419231" lon="-120.974558" />
      <trkpt lat="35.417879" lon="-120.974592" />
      <trkpt lat="35.417423" lon="-120.974273" />
      <trkpt lat="35.417052" lon="-120.973621" />
      <trkpt lat="35.416691" lon="-120.973630" />
      <trkpt lat="35.416336" lon="-120.973970" />
      <trkpt lat="35.415976" lon="-120.973979" />
      <trkpt lat="35.415983" lon="-120.974419" />
      <trkpt lat="35.415713" lon="-120.974426" />
      <trkpt lat="35.415441" lon="-120.974322" />
      <trkpt lat="35.415524" lon="-120.973880" />
      <trkpt lat="35.415248" lon="-120.973556" />
      <trkpt lat="35.415507" lon="-120.972889" />
      <trkpt lat="35.415775" lon="-120.972772" />
      <trkpt lat="35.416136" lon="-120.972763" />
      <trkpt lat="35.416141" lon="-120.973094" />
      <trkpt lat="35.416412" lon="-120.973087" />
      <trkpt lat="35.416506" lon="-120.973305" />
      <trkpt lat="35.418037" lon="-120.973266" />
      <trkpt lat="35.417936" lon="-120.972608" />
      <trkpt lat="35.418387" lon="-120.972597" />
      <trkpt lat="35.418378" lon="-120.972046" />
      <trkpt lat="35.418736" lon="-120.971927" />
      <trkpt lat="35.418926" lon="-120.972473" />
      <trkpt lat="35.418475" lon="-120.972484" />
      <trkpt lat="35.418578" lon="-120.973253" />
      <trkpt lat="35.418398" lon="-120.973257" />
      <trkpt lat="35.418403" lon="-120.973588" />
      <trkpt lat="35.419305" lon="-120.973565" />
      <trkpt lat="35.419316" lon="-120.974225" />
    </trkseg>
  </trk>
  <trk>
    <name>SC-AREA-064</name>
    <desc>Partial nearby mapped rough-rock/bedrock footprint, clipped within 350 m of retained targets and by depth/closure screening; not the complete reef or an individual pile. Interior rings are holes in the selected habitat. Not a navigation route.</desc>
    <type>Interpreted habitat boundary</type>
    <trkseg>
      <trkpt lat="35.423090" lon="-120.962787" />
      <trkpt lat="35.422845" lon="-120.964335" />
      <trkpt lat="35.422233" lon="-120.965452" />
      <trkpt lat="35.421779" lon="-120.965243" />
      <trkpt lat="35.421426" lon="-120.965692" />
      <trkpt lat="35.420975" lon="-120.965704" />
      <trkpt lat="35.420867" lon="-120.964605" />
      <trkpt lat="35.421135" lon="-120.964488" />
      <trkpt lat="35.421130" lon="-120.964158" />
      <trkpt lat="35.421036" lon="-120.963940" />
      <trkpt lat="35.420765" lon="-120.963947" />
      <trkpt lat="35.420679" lon="-120.964169" />
      <trkpt lat="35.419780" lon="-120.964302" />
      <trkpt lat="35.419789" lon="-120.964853" />
      <trkpt lat="35.420611" lon="-120.965493" />
      <trkpt lat="35.420619" lon="-120.965933" />
      <trkpt lat="35.419808" lon="-120.965953" />
      <trkpt lat="35.419813" lon="-120.966284" />
      <trkpt lat="35.419453" lon="-120.966293" />
      <trkpt lat="35.419530" lon="-120.965520" />
      <trkpt lat="35.419259" lon="-120.965527" />
      <trkpt lat="35.419267" lon="-120.965967" />
      <trkpt lat="35.418816" lon="-120.965978" />
      <trkpt lat="35.418811" lon="-120.965648" />
      <trkpt lat="35.419171" lon="-120.965639" />
      <trkpt lat="35.419166" lon="-120.965309" />
      <trkpt lat="35.417546" lon="-120.965460" />
      <trkpt lat="35.417268" lon="-120.965026" />
      <trkpt lat="35.417286" lon="-120.966127" />
      <trkpt lat="35.416659" lon="-120.966363" />
      <trkpt lat="35.416654" lon="-120.966033" />
      <trkpt lat="35.416201" lon="-120.965934" />
      <trkpt lat="35.415212" lon="-120.966069" />
      <trkpt lat="35.415030" lon="-120.965963" />
      <trkpt lat="35.415024" lon="-120.965633" />
      <trkpt lat="35.414393" lon="-120.965649" />
      <trkpt lat="35.414217" lon="-120.965874" />
      <trkpt lat="35.413857" lon="-120.965883" />
      <trkpt lat="35.413860" lon="-120.966103" />
      <trkpt lat="35.413500" lon="-120.966112" />
      <trkpt lat="35.413491" lon="-120.965562" />
      <trkpt lat="35.412770" lon="-120.965580" />
      <trkpt lat="35.412687" lon="-120.966022" />
      <trkpt lat="35.412144" lon="-120.965926" />
      <trkpt lat="35.412308" lon="-120.964931" />
      <trkpt lat="35.412757" lon="-120.964809" />
      <trkpt lat="35.413021" lon="-120.964472" />
      <trkpt lat="35.412994" lon="-120.962821" />
      <trkpt lat="35.412723" lon="-120.962828" />
      <trkpt lat="35.412628" lon="-120.962500" />
      <trkpt lat="35.412357" lon="-120.962507" />
      <trkpt lat="35.412273" lon="-120.962839" />
      <trkpt lat="35.412004" lon="-120.962956" />
      <trkpt lat="35.411822" lon="-120.962851" />
      <trkpt lat="35.412620" lon="-120.962060" />
      <trkpt lat="35.413335" lon="-120.961711" />
      <trkpt lat="35.414867" lon="-120.961673" />
      <trkpt lat="35.416142" lon="-120.962411" />
      <trkpt lat="35.416787" lon="-120.963276" />
      <trkpt lat="35.416765" lon="-120.961955" />
      <trkpt lat="35.416934" lon="-120.961290" />
      <trkpt lat="35.417811" lon="-120.959836" />
      <trkpt lat="35.418613" lon="-120.959266" />
      <trkpt lat="35.418707" lon="-120.959484" />
      <trkpt lat="35.419339" lon="-120.959578" />
      <trkpt lat="35.419349" lon="-120.960128" />
      <trkpt lat="35.419891" lon="-120.960225" />
      <trkpt lat="35.419886" lon="-120.959894" />
      <trkpt lat="35.419705" lon="-120.959899" />
      <trkpt lat="35.419420" lon="-120.959025" />
      <trkpt lat="35.420592" lon="-120.958995" />
      <trkpt lat="35.421046" lon="-120.959204" />
      <trkpt lat="35.421051" lon="-120.959535" />
      <trkpt lat="35.421502" lon="-120.959523" />
      <trkpt lat="35.421519" lon="-120.960514" />
      <trkpt lat="35.421885" lon="-120.960835" />
      <trkpt lat="35.421892" lon="-120.961275" />
      <trkpt lat="35.422521" lon="-120.961149" />
      <trkpt lat="35.422516" lon="-120.960819" />
      <trkpt lat="35.422698" lon="-120.960925" />
      <trkpt lat="35.423090" lon="-120.962787" />
    </trkseg>
    <trkseg>
      <trkpt lat="35.421811" lon="-120.961828" />
      <trkpt lat="35.421806" lon="-120.961498" />
      <trkpt lat="35.421445" lon="-120.961507" />
      <trkpt lat="35.421451" lon="-120.961837" />
      <trkpt lat="35.421811" lon="-120.961828" />
    </trkseg>
    <trkseg>
      <trkpt lat="35.421111" lon="-120.963057" />
      <trkpt lat="35.421098" lon="-120.962287" />
      <trkpt lat="35.420828" lon="-120.962293" />
      <trkpt lat="35.420841" lon="-120.963064" />
      <trkpt lat="35.421111" lon="-120.963057" />
    </trkseg>
    <trkseg>
      <trkpt lat="35.420178" lon="-120.961208" />
      <trkpt lat="35.420171" lon="-120.960768" />
      <trkpt lat="35.419809" lon="-120.960667" />
      <trkpt lat="35.419818" lon="-120.961218" />
      <trkpt lat="35.420178" lon="-120.961208" />
    </trkseg>
    <trkseg>
      <trkpt lat="35.419502" lon="-120.963869" />
      <trkpt lat="35.419495" lon="-120.963428" />
      <trkpt lat="35.419224" lon="-120.963435" />
      <trkpt lat="35.419232" lon="-120.963875" />
      <trkpt lat="35.419502" lon="-120.963869" />
    </trkseg>
    <trkseg>
      <trkpt lat="35.418408" lon="-120.963125" />
      <trkpt lat="35.418124" lon="-120.962362" />
      <trkpt lat="35.417854" lon="-120.962368" />
      <trkpt lat="35.418047" lon="-120.963134" />
      <trkpt lat="35.418408" lon="-120.963125" />
    </trkseg>
    <trkseg>
      <trkpt lat="35.417101" lon="-120.965801" />
      <trkpt lat="35.417091" lon="-120.965251" />
      <trkpt lat="35.416731" lon="-120.965260" />
      <trkpt lat="35.416654" lon="-120.966033" />
      <trkpt lat="35.417101" lon="-120.965801" />
    </trkseg>
  </trk>
  <trk>
    <name>SC-AREA-065</name>
    <desc>Partial nearby mapped rough-rock/bedrock footprint, clipped within 350 m of retained targets and by depth/closure screening; not the complete reef or an individual pile. Interior rings are holes in the selected habitat. Not a navigation route.</desc>
    <type>Interpreted habitat boundary</type>
    <trkseg>
      <trkpt lat="35.421755" lon="-120.942556" />
      <trkpt lat="35.421150" lon="-120.944114" />
      <trkpt lat="35.420176" lon="-120.945130" />
      <trkpt lat="35.419461" lon="-120.945478" />
      <trkpt lat="35.417929" lon="-120.945517" />
      <trkpt lat="35.417921" lon="-120.945077" />
      <trkpt lat="35.417649" lon="-120.944974" />
      <trkpt lat="35.417644" lon="-120.944643" />
      <trkpt lat="35.417824" lon="-120.944639" />
      <trkpt lat="35.417814" lon="-120.944088" />
      <trkpt lat="35.417184" lon="-120.944104" />
      <trkpt lat="35.417191" lon="-120.944545" />
      <trkpt lat="35.416744" lon="-120.944776" />
      <trkpt lat="35.416101" lon="-120.944022" />
      <trkpt lat="35.416093" lon="-120.943581" />
      <trkpt lat="35.416453" lon="-120.943572" />
      <trkpt lat="35.416645" lon="-120.944228" />
      <trkpt lat="35.417003" lon="-120.944109" />
      <trkpt lat="35.416994" lon="-120.943559" />
      <trkpt lat="35.417263" lon="-120.943442" />
      <trkpt lat="35.417345" lon="-120.942999" />
      <trkpt lat="35.417328" lon="-120.942008" />
      <trkpt lat="35.417146" lon="-120.941903" />
      <trkpt lat="35.417141" lon="-120.941573" />
      <trkpt lat="35.417492" lon="-120.941013" />
      <trkpt lat="35.417940" lon="-120.940891" />
      <trkpt lat="35.417935" lon="-120.940561" />
      <trkpt lat="35.418205" lon="-120.940554" />
      <trkpt lat="35.418303" lon="-120.940992" />
      <trkpt lat="35.419204" lon="-120.940969" />
      <trkpt lat="35.419480" lon="-120.941293" />
      <trkpt lat="35.420473" lon="-120.941378" />
      <trkpt lat="35.420478" lon="-120.941708" />
      <trkpt lat="35.421197" lon="-120.941579" />
      <trkpt lat="35.421201" lon="-120.941800" />
      <trkpt lat="35.421744" lon="-120.941896" />
      <trkpt lat="35.421755" lon="-120.942556" />
    </trkseg>
    <trkseg>
      <trkpt lat="35.419977" lon="-120.944033" />
      <trkpt lat="35.419972" lon="-120.943703" />
      <trkpt lat="35.419611" lon="-120.943712" />
      <trkpt lat="35.419617" lon="-120.944043" />
      <trkpt lat="35.419977" lon="-120.944033" />
    </trkseg>
    <trkseg>
      <trkpt lat="35.418635" lon="-120.944618" />
      <trkpt lat="35.418629" lon="-120.944288" />
      <trkpt lat="35.418269" lon="-120.944297" />
      <trkpt lat="35.418188" lon="-120.944850" />
      <trkpt lat="35.418548" lon="-120.944841" />
      <trkpt lat="35.418635" lon="-120.944618" />
    </trkseg>
    <trkseg>
      <trkpt lat="35.418246" lon="-120.942976" />
      <trkpt lat="35.418239" lon="-120.942536" />
      <trkpt lat="35.417612" lon="-120.942772" />
      <trkpt lat="35.417625" lon="-120.943543" />
      <trkpt lat="35.417895" lon="-120.943536" />
      <trkpt lat="35.417886" lon="-120.942985" />
      <trkpt lat="35.418246" lon="-120.942976" />
    </trkseg>
  </trk>
  <trk>
    <name>SC-AREA-066</name>
    <desc>Partial nearby mapped rough-rock/bedrock footprint, clipped within 350 m of retained targets and by depth/closure screening; not the complete reef or an individual pile. Interior rings are holes in the selected habitat. Not a navigation route.</desc>
    <type>Interpreted habitat boundary</type>
    <trkseg>
      <trkpt lat="35.428098" lon="-120.955061" />
      <trkpt lat="35.427853" lon="-120.956609" />
      <trkpt lat="35.426976" lon="-120.958063" />
      <trkpt lat="35.426265" lon="-120.958632" />
      <trkpt lat="35.426085" lon="-120.958637" />
      <trkpt lat="35.426081" lon="-120.958416" />
      <trkpt lat="35.425540" lon="-120.958430" />
      <trkpt lat="35.425546" lon="-120.958760" />
      <trkpt lat="35.425728" lon="-120.958866" />
      <trkpt lat="35.424647" lon="-120.958893" />
      <trkpt lat="35.424643" lon="-120.958673" />
      <trkpt lat="35.424373" lon="-120.958680" />
      <trkpt lat="35.424376" lon="-120.958900" />
      <trkpt lat="35.423924" lon="-120.958801" />
      <trkpt lat="35.423642" lon="-120.958148" />
      <trkpt lat="35.422920" lon="-120.958056" />
      <trkpt lat="35.423004" lon="-120.957723" />
      <trkpt lat="35.423727" lon="-120.957815" />
      <trkpt lat="35.423718" lon="-120.957265" />
      <trkpt lat="35.424168" lon="-120.957253" />
      <trkpt lat="35.424161" lon="-120.956813" />
      <trkpt lat="35.423890" lon="-120.956820" />
      <trkpt lat="35.424144" lon="-120.955822" />
      <trkpt lat="35.423508" lon="-120.955508" />
      <trkpt lat="35.423057" lon="-120.955519" />
      <trkpt lat="35.423051" lon="-120.955189" />
      <trkpt lat="35.422691" lon="-120.955198" />
      <trkpt lat="35.422500" lon="-120.954542" />
      <trkpt lat="35.421961" lon="-120.954666" />
      <trkpt lat="35.421775" lon="-120.954340" />
      <trkpt lat="35.421232" lon="-120.954244" />
      <trkpt lat="35.420956" lon="-120.953920" />
      <trkpt lat="35.420951" lon="-120.953590" />
      <trkpt lat="35.420681" lon="-120.953597" />
      <trkpt lat="35.420688" lon="-120.954037" />
      <trkpt lat="35.420418" lon="-120.954044" />
      <trkpt lat="35.420318" lon="-120.953496" />
      <trkpt lat="35.420048" lon="-120.953503" />
      <trkpt lat="35.420247" lon="-120.954599" />
      <trkpt lat="35.419794" lon="-120.954500" />
      <trkpt lat="35.419246" lon="-120.954074" />
      <trkpt lat="35.418415" lon="-120.952883" />
      <trkpt lat="35.418129" lon="-120.952009" />
      <trkpt lat="35.418114" lon="-120.951129" />
      <trkpt lat="35.417317" lon="-120.951920" />
      <trkpt lat="35.416601" lon="-120.952268" />
      <trkpt lat="35.415069" lon="-120.952307" />
      <trkpt lat="35.414525" lon="-120.952101" />
      <trkpt lat="35.414337" lon="-120.951665" />
      <trkpt lat="35.414322" lon="-120.950784" />
      <trkpt lat="35.414052" lon="-120.950791" />
      <trkpt lat="35.414060" lon="-120.951232" />
      <trkpt lat="35.413789" lon="-120.951238" />
      <trkpt lat="35.413778" lon="-120.950578" />
      <trkpt lat="35.414048" lon="-120.950571" />
      <trkpt lat="35.414043" lon="-120.950241" />
      <trkpt lat="35.413862" lon="-120.950245" />
      <trkpt lat="35.413857" lon="-120.949915" />
      <trkpt lat="35.413127" lon="-120.949383" />
      <trkpt lat="35.413106" lon="-120.948172" />
      <trkpt lat="35.413913" lon="-120.947932" />
      <trkpt lat="35.413921" lon="-120.948372" />
      <trkpt lat="35.414191" lon="-120.948365" />
      <trkpt lat="35.414546" lon="-120.948026" />
      <trkpt lat="35.414629" lon="-120.947583" />
      <trkpt lat="35.415167" lon="-120.947459" />
      <trkpt lat="35.415158" lon="-120.946909" />
      <trkpt lat="35.415969" lon="-120.946888" />
      <trkpt lat="35.416241" lon="-120.946992" />
      <trkpt lat="35.416254" lon="-120.947762" />
      <trkpt lat="35.417063" lon="-120.947631" />
      <trkpt lat="35.417075" lon="-120.948292" />
      <trkpt lat="35.417435" lon="-120.948283" />
      <trkpt lat="35.417441" lon="-120.948613" />
      <trkpt lat="35.417713" lon="-120.948716" />
      <trkpt lat="35.418008" lon="-120.950140" />
      <trkpt lat="35.418550" lon="-120.950237" />
      <trkpt lat="35.418544" lon="-120.949907" />
      <trkpt lat="35.418272" lon="-120.949803" />
      <trkpt lat="35.418265" lon="-120.949363" />
      <trkpt lat="35.418807" lon="-120.949459" />
      <trkpt lat="35.418785" lon="-120.948138" />
      <trkpt lat="35.418421" lon="-120.947927" />
      <trkpt lat="35.418415" lon="-120.947597" />
      <trkpt lat="35.417784" lon="-120.947613" />
      <trkpt lat="35.417790" lon="-120.947943" />
      <trkpt lat="35.417520" lon="-120.947950" />
      <trkpt lat="35.417334" lon="-120.947625" />
      <trkpt lat="35.417125" lon="-120.945978" />
      <trkpt lat="35.417754" lon="-120.945852" />
      <trkpt lat="35.417751" lon="-120.945632" />
      <trkpt lat="35.418207" lon="-120.945951" />
      <trkpt lat="35.418864" lon="-120.947476" />
      <trkpt lat="35.418879" lon="-120.948356" />
      <trkpt lat="35.419677" lon="-120.947565" />
      <trkpt lat="35.420392" lon="-120.947217" />
      <trkpt lat="35.421201" lon="-120.947086" />
      <trkpt lat="35.422468" lon="-120.947384" />
      <trkpt lat="35.423198" lon="-120.947916" />
      <trkpt lat="35.424030" lon="-120.949107" />
      <trkpt lat="35.424315" lon="-120.949981" />
      <trkpt lat="35.424338" lon="-120.951302" />
      <trkpt lat="35.424876" lon="-120.951178" />
      <trkpt lat="35.426144" lon="-120.951476" />
      <trkpt lat="35.427334" lon="-120.952547" />
      <trkpt lat="35.427799" lon="-120.953417" />
      <trkpt lat="35.428098" lon="-120.955061" />
    </trkseg>
    <trkseg>
      <trkpt lat="35.425082" lon="-120.958001" />
      <trkpt lat="35.425077" lon="-120.957671" />
      <trkpt lat="35.424716" lon="-120.957680" />
      <trkpt lat="35.424722" lon="-120.958010" />
      <trkpt lat="35.425082" lon="-120.958001" />
    </trkseg>
    <trkseg>
      <trkpt lat="35.422721" lon="-120.951673" />
      <trkpt lat="35.422714" lon="-120.951233" />
      <trkpt lat="35.422261" lon="-120.951134" />
      <trkpt lat="35.422273" lon="-120.951794" />
      <trkpt lat="35.422721" lon="-120.951673" />
    </trkseg>
    <trkseg>
      <trkpt lat="35.420587" lon="-120.953379" />
      <trkpt lat="35.420482" lon="-120.952501" />
      <trkpt lat="35.420211" lon="-120.952507" />
      <trkpt lat="35.420316" lon="-120.953386" />
      <trkpt lat="35.420587" lon="-120.953379" />
    </trkseg>
    <trkseg>
      <trkpt lat="35.420296" lon="-120.952175" />
      <trkpt lat="35.420193" lon="-120.951407" />
      <trkpt lat="35.419648" lon="-120.951200" />
      <trkpt lat="35.419751" lon="-120.951968" />
      <trkpt lat="35.419932" lon="-120.951964" />
      <trkpt lat="35.419935" lon="-120.952184" />
      <trkpt lat="35.420296" lon="-120.952175" />
    </trkseg>
    <trkseg>
      <trkpt lat="35.419643" lon="-120.950870" />
      <trkpt lat="35.419631" lon="-120.950209" />
      <trkpt lat="35.419271" lon="-120.950218" />
      <trkpt lat="35.419282" lon="-120.950879" />
      <trkpt lat="35.419643" lon="-120.950870" />
    </trkseg>
    <trkseg>
      <trkpt lat="35.418229" lon="-120.947271" />
      <trkpt lat="35.418224" lon="-120.946941" />
      <trkpt lat="35.417953" lon="-120.946948" />
      <trkpt lat="35.417936" lon="-120.945957" />
      <trkpt lat="35.417666" lon="-120.945964" />
      <trkpt lat="35.417685" lon="-120.947065" />
      <trkpt lat="35.417779" lon="-120.947283" />
      <trkpt lat="35.418229" lon="-120.947271" />
    </trkseg>
    <trkseg>
      <trkpt lat="35.415716" lon="-120.947886" />
      <trkpt lat="35.415708" lon="-120.947446" />
      <trkpt lat="35.415167" lon="-120.947459" />
      <trkpt lat="35.415175" lon="-120.947900" />
      <trkpt lat="35.415716" lon="-120.947886" />
    </trkseg>
  </trk>
  <trk>
    <name>SC-AREA-067</name>
    <desc>Partial nearby mapped rough-rock/bedrock footprint, clipped within 350 m of retained targets and by depth/closure screening; not the complete reef or an individual pile. Interior rings are holes in the selected habitat. Not a navigation route.</desc>
    <type>Interpreted habitat boundary</type>
    <trkseg>
      <trkpt lat="35.424974" lon="-120.972982" />
      <trkpt lat="35.424704" lon="-120.972989" />
      <trkpt lat="35.424698" lon="-120.972659" />
      <trkpt lat="35.424428" lon="-120.972666" />
      <trkpt lat="35.424329" lon="-120.972117" />
      <trkpt lat="35.424058" lon="-120.972124" />
      <trkpt lat="35.424067" lon="-120.972675" />
      <trkpt lat="35.423707" lon="-120.972684" />
      <trkpt lat="35.423713" lon="-120.973014" />
      <trkpt lat="35.422368" lon="-120.973488" />
      <trkpt lat="35.422470" lon="-120.974146" />
      <trkpt lat="35.422289" lon="-120.974151" />
      <trkpt lat="35.422297" lon="-120.974591" />
      <trkpt lat="35.421936" lon="-120.974600" />
      <trkpt lat="35.421677" lon="-120.975268" />
      <trkpt lat="35.421407" lon="-120.975274" />
      <trkpt lat="35.421221" lon="-120.974949" />
      <trkpt lat="35.419772" lon="-120.974544" />
      <trkpt lat="35.419488" lon="-120.973781" />
      <trkpt lat="35.419485" lon="-120.973560" />
      <trkpt lat="35.420116" lon="-120.973545" />
      <trkpt lat="35.420572" lon="-120.973864" />
      <trkpt lat="35.420575" lon="-120.974084" />
      <trkpt lat="35.420846" lon="-120.974077" />
      <trkpt lat="35.421112" lon="-120.973850" />
      <trkpt lat="35.421107" lon="-120.973520" />
      <trkpt lat="35.421467" lon="-120.973511" />
      <trkpt lat="35.421462" lon="-120.973181" />
      <trkpt lat="35.421281" lon="-120.973185" />
      <trkpt lat="35.421270" lon="-120.972525" />
      <trkpt lat="35.419468" lon="-120.972570" />
      <trkpt lat="35.419459" lon="-120.972019" />
      <trkpt lat="35.420452" lon="-120.972105" />
      <trkpt lat="35.420627" lon="-120.971770" />
      <trkpt lat="35.421888" lon="-120.971738" />
      <trkpt lat="35.421971" lon="-120.971296" />
      <trkpt lat="35.422329" lon="-120.971176" />
      <trkpt lat="35.422690" lon="-120.971167" />
      <trkpt lat="35.422697" lon="-120.971608" />
      <trkpt lat="35.423598" lon="-120.971585" />
      <trkpt lat="35.423591" lon="-120.971145" />
      <trkpt lat="35.423861" lon="-120.971138" />
      <trkpt lat="35.423964" lon="-120.971906" />
      <trkpt lat="35.424235" lon="-120.971900" />
      <trkpt lat="35.424224" lon="-120.971239" />
      <trkpt lat="35.424584" lon="-120.971230" />
      <trkpt lat="35.424593" lon="-120.971780" />
      <trkpt lat="35.424867" lon="-120.971994" />
      <trkpt lat="35.424974" lon="-120.972982" />
    </trkseg>
  </trk>
  <trk>
    <name>SC-AREA-068</name>
    <desc>Partial nearby mapped rough-rock/bedrock footprint, clipped within 350 m of retained targets and by depth/closure screening; not the complete reef or an individual pile. Interior rings are holes in the selected habitat. Not a navigation route.</desc>
    <type>Interpreted habitat boundary</type>
    <trkseg>
      <trkpt lat="35.428594" lon="-120.936545" />
      <trkpt lat="35.428350" lon="-120.938093" />
      <trkpt lat="35.427738" lon="-120.939210" />
      <trkpt lat="35.427642" lon="-120.938882" />
      <trkpt lat="35.427372" lon="-120.938889" />
      <trkpt lat="35.427377" lon="-120.939219" />
      <trkpt lat="35.427107" lon="-120.939226" />
      <trkpt lat="35.427111" lon="-120.939446" />
      <trkpt lat="35.426033" lon="-120.939694" />
      <trkpt lat="35.425838" lon="-120.938818" />
      <trkpt lat="35.425476" lon="-120.938717" />
      <trkpt lat="35.425380" lon="-120.938389" />
      <trkpt lat="35.425110" lon="-120.938396" />
      <trkpt lat="35.424648" lon="-120.937747" />
      <trkpt lat="35.424377" lon="-120.937754" />
      <trkpt lat="35.424203" lon="-120.938089" />
      <trkpt lat="35.423662" lon="-120.938103" />
      <trkpt lat="35.423657" lon="-120.937772" />
      <trkpt lat="35.422754" lon="-120.937685" />
      <trkpt lat="35.422748" lon="-120.937355" />
      <trkpt lat="35.422478" lon="-120.937362" />
      <trkpt lat="35.422397" lon="-120.937915" />
      <trkpt lat="35.422269" lon="-120.935715" />
      <trkpt lat="35.422367" lon="-120.936153" />
      <trkpt lat="35.423001" lon="-120.936357" />
      <trkpt lat="35.422615" lon="-120.934825" />
      <trkpt lat="35.422962" lon="-120.934045" />
      <trkpt lat="35.423142" lon="-120.934041" />
      <trkpt lat="35.423240" lon="-120.934479" />
      <trkpt lat="35.423420" lon="-120.934474" />
      <trkpt lat="35.423790" lon="-120.935016" />
      <trkpt lat="35.424329" lon="-120.934892" />
      <trkpt lat="35.424225" lon="-120.934123" />
      <trkpt lat="35.424496" lon="-120.934116" />
      <trkpt lat="35.425132" lon="-120.934431" />
      <trkpt lat="35.425230" lon="-120.934869" />
      <trkpt lat="35.425500" lon="-120.934862" />
      <trkpt lat="35.425507" lon="-120.935302" />
      <trkpt lat="35.425147" lon="-120.935311" />
      <trkpt lat="35.425155" lon="-120.935752" />
      <trkpt lat="35.425609" lon="-120.935960" />
      <trkpt lat="35.425705" lon="-120.936288" />
      <trkpt lat="35.426065" lon="-120.936279" />
      <trkpt lat="35.426071" lon="-120.936609" />
      <trkpt lat="35.426703" lon="-120.936703" />
      <trkpt lat="35.426707" lon="-120.936924" />
      <trkpt lat="35.427068" lon="-120.936914" />
      <trkpt lat="35.427161" lon="-120.937132" />
      <trkpt lat="35.427612" lon="-120.937121" />
      <trkpt lat="35.427608" lon="-120.936901" />
      <trkpt lat="35.427969" lon="-120.936891" />
      <trkpt lat="35.427860" lon="-120.935793" />
      <trkpt lat="35.428310" lon="-120.935781" />
      <trkpt lat="35.428301" lon="-120.935231" />
      <trkpt lat="35.428487" lon="-120.935556" />
      <trkpt lat="35.428594" lon="-120.936545" />
    </trkseg>
  </trk>
  <trk>
    <name>SC-AREA-069</name>
    <desc>Partial nearby mapped rough-rock/bedrock footprint, clipped within 350 m of retained targets and by depth/closure screening; not the complete reef or an individual pile. Interior rings are holes in the selected habitat. Not a navigation route.</desc>
    <type>Interpreted habitat boundary</type>
    <trkseg>
      <trkpt lat="35.427835" lon="-120.934362" />
      <trkpt lat="35.427751" lon="-120.934694" />
      <trkpt lat="35.427480" lon="-120.934701" />
      <trkpt lat="35.427595" lon="-120.936130" />
      <trkpt lat="35.426153" lon="-120.936167" />
      <trkpt lat="35.425956" lon="-120.935181" />
      <trkpt lat="35.426317" lon="-120.935171" />
      <trkpt lat="35.426311" lon="-120.934841" />
      <trkpt lat="35.426852" lon="-120.934827" />
      <trkpt lat="35.426846" lon="-120.934497" />
      <trkpt lat="35.426395" lon="-120.934508" />
      <trkpt lat="35.426378" lon="-120.933518" />
      <trkpt lat="35.426196" lon="-120.933412" />
      <trkpt lat="35.426191" lon="-120.933082" />
      <trkpt lat="35.426461" lon="-120.933075" />
      <trkpt lat="35.426741" lon="-120.933619" />
      <trkpt lat="35.427011" lon="-120.933612" />
      <trkpt lat="35.427107" lon="-120.933940" />
      <trkpt lat="35.427554" lon="-120.933708" />
      <trkpt lat="35.427830" lon="-120.934031" />
      <trkpt lat="35.427835" lon="-120.934362" />
    </trkseg>
  </trk>
  <trk>
    <name>SC-AREA-070</name>
    <desc>Partial nearby mapped rough-rock/bedrock footprint, clipped within 350 m of retained targets and by depth/closure screening; not the complete reef or an individual pile. Interior rings are holes in the selected habitat. Not a navigation route.</desc>
    <type>Interpreted habitat boundary</type>
    <trkseg>
      <trkpt lat="35.429225" lon="-120.905139" />
      <trkpt lat="35.428600" lon="-120.905485" />
      <trkpt lat="35.428322" lon="-120.905052" />
      <trkpt lat="35.427509" lon="-120.904963" />
      <trkpt lat="35.427413" lon="-120.904635" />
      <trkpt lat="35.427049" lon="-120.904424" />
      <trkpt lat="35.426949" lon="-120.903876" />
      <trkpt lat="35.426134" lon="-120.903677" />
      <trkpt lat="35.426127" lon="-120.903236" />
      <trkpt lat="35.426393" lon="-120.903009" />
      <trkpt lat="35.426387" lon="-120.902679" />
      <trkpt lat="35.425935" lon="-120.902581" />
      <trkpt lat="35.426012" lon="-120.901808" />
      <trkpt lat="35.425552" lon="-120.901269" />
      <trkpt lat="35.425542" lon="-120.900718" />
      <trkpt lat="35.425812" lon="-120.900711" />
      <trkpt lat="35.425803" lon="-120.900161" />
      <trkpt lat="35.426524" lon="-120.900142" />
      <trkpt lat="35.426625" lon="-120.900800" />
      <trkpt lat="35.427082" lon="-120.901119" />
      <trkpt lat="35.427087" lon="-120.901449" />
      <trkpt lat="35.427718" lon="-120.901433" />
      <trkpt lat="35.427818" lon="-120.901981" />
      <trkpt lat="35.428088" lon="-120.901974" />
      <trkpt lat="35.428291" lon="-120.903290" />
      <trkpt lat="35.428924" lon="-120.903384" />
      <trkpt lat="35.429023" lon="-120.903932" />
      <trkpt lat="35.429206" lon="-120.904038" />
      <trkpt lat="35.429211" lon="-120.904368" />
      <trkpt lat="35.428851" lon="-120.904377" />
      <trkpt lat="35.428857" lon="-120.904708" />
      <trkpt lat="35.429221" lon="-120.904918" />
      <trkpt lat="35.429225" lon="-120.905139" />
    </trkseg>
    <trkseg>
      <trkpt lat="35.427584" lon="-120.904080" />
      <trkpt lat="35.427578" lon="-120.903749" />
      <trkpt lat="35.427216" lon="-120.903649" />
      <trkpt lat="35.427221" lon="-120.903979" />
      <trkpt lat="35.427584" lon="-120.904080" />
    </trkseg>
    <trkseg>
      <trkpt lat="35.426943" lon="-120.903546" />
      <trkpt lat="35.426938" lon="-120.903215" />
      <trkpt lat="35.426485" lon="-120.903117" />
      <trkpt lat="35.426491" lon="-120.903447" />
      <trkpt lat="35.426943" lon="-120.903546" />
    </trkseg>
  </trk>
  <trk>
    <name>SC-AREA-071</name>
    <desc>Partial nearby mapped rough-rock/bedrock footprint, clipped within 350 m of retained targets and by depth/closure screening; not the complete reef or an individual pile. Interior rings are holes in the selected habitat. Not a navigation route.</desc>
    <type>Interpreted habitat boundary</type>
    <trkseg>
      <trkpt lat="35.430543" lon="-120.971741" />
      <trkpt lat="35.429549" lon="-120.971656" />
      <trkpt lat="35.429557" lon="-120.972096" />
      <trkpt lat="35.429196" lon="-120.972106" />
      <trkpt lat="35.429180" lon="-120.971115" />
      <trkpt lat="35.428909" lon="-120.971121" />
      <trkpt lat="35.428759" lon="-120.972887" />
      <trkpt lat="35.428308" lon="-120.972899" />
      <trkpt lat="35.428222" lon="-120.973121" />
      <trkpt lat="35.426241" lon="-120.973281" />
      <trkpt lat="35.426313" lon="-120.972178" />
      <trkpt lat="35.425673" lon="-120.971643" />
      <trkpt lat="35.425667" lon="-120.971313" />
      <trkpt lat="35.425487" lon="-120.971317" />
      <trkpt lat="35.425482" lon="-120.970987" />
      <trkpt lat="35.425752" lon="-120.970980" />
      <trkpt lat="35.425739" lon="-120.970210" />
      <trkpt lat="35.425456" lon="-120.969446" />
      <trkpt lat="35.425529" lon="-120.968453" />
      <trkpt lat="35.425259" lon="-120.968460" />
      <trkpt lat="35.425251" lon="-120.968019" />
      <trkpt lat="35.426588" lon="-120.967105" />
      <trkpt lat="35.428120" lon="-120.967066" />
      <trkpt lat="35.428846" lon="-120.967378" />
      <trkpt lat="35.428854" lon="-120.967819" />
      <trkpt lat="35.429487" lon="-120.967913" />
      <trkpt lat="35.429404" lon="-120.968355" />
      <trkpt lat="35.429586" lon="-120.968461" />
      <trkpt lat="35.429593" lon="-120.968901" />
      <trkpt lat="35.429954" lon="-120.968892" />
      <trkpt lat="35.430040" lon="-120.968670" />
      <trkpt lat="35.430320" lon="-120.969214" />
      <trkpt lat="35.430511" lon="-120.969870" />
      <trkpt lat="35.430543" lon="-120.971741" />
    </trkseg>
    <trkseg>
      <trkpt lat="35.429893" lon="-120.970656" />
      <trkpt lat="35.429884" lon="-120.970106" />
      <trkpt lat="35.429700" lon="-120.969890" />
      <trkpt lat="35.428887" lon="-120.969800" />
      <trkpt lat="35.428812" lon="-120.970683" />
      <trkpt lat="35.429893" lon="-120.970656" />
    </trkseg>
    <trkseg>
      <trkpt lat="35.428773" lon="-120.968371" />
      <trkpt lat="35.428762" lon="-120.967711" />
      <trkpt lat="35.428311" lon="-120.967722" />
      <trkpt lat="35.428413" lon="-120.968380" />
      <trkpt lat="35.428773" lon="-120.968371" />
    </trkseg>
    <trkseg>
      <trkpt lat="35.428694" lon="-120.969034" />
      <trkpt lat="35.428595" lon="-120.968486" />
      <trkpt lat="35.428234" lon="-120.968495" />
      <trkpt lat="35.428244" lon="-120.969045" />
      <trkpt lat="35.428694" lon="-120.969034" />
    </trkseg>
    <trkseg>
      <trkpt lat="35.427444" lon="-120.969726" />
      <trkpt lat="35.427436" lon="-120.969286" />
      <trkpt lat="35.426986" lon="-120.969297" />
      <trkpt lat="35.427083" lon="-120.969735" />
      <trkpt lat="35.427444" lon="-120.969726" />
    </trkseg>
  </trk>
  <trk>
    <name>SC-AREA-072</name>
    <desc>Partial nearby mapped rough-rock/bedrock footprint, clipped within 350 m of retained targets and by depth/closure screening; not the complete reef or an individual pile. Interior rings are holes in the selected habitat. Not a navigation route.</desc>
    <type>Interpreted habitat boundary</type>
    <trkseg>
      <trkpt lat="35.433337" lon="-120.987863" />
      <trkpt lat="35.433074" lon="-120.988310" />
      <trkpt lat="35.432715" lon="-120.988429" />
      <trkpt lat="35.432719" lon="-120.988649" />
      <trkpt lat="35.432001" lon="-120.988888" />
      <trkpt lat="35.432009" lon="-120.989328" />
      <trkpt lat="35.431654" lon="-120.989667" />
      <trkpt lat="35.431661" lon="-120.990108" />
      <trkpt lat="35.431211" lon="-120.990119" />
      <trkpt lat="35.431124" lon="-120.990341" />
      <trkpt lat="35.429863" lon="-120.990373" />
      <trkpt lat="35.429868" lon="-120.990703" />
      <trkpt lat="35.429508" lon="-120.990712" />
      <trkpt lat="35.429497" lon="-120.990051" />
      <trkpt lat="35.428954" lon="-120.989955" />
      <trkpt lat="35.428949" lon="-120.989624" />
      <trkpt lat="35.427328" lon="-120.989775" />
      <trkpt lat="35.427305" lon="-120.988344" />
      <trkpt lat="35.426514" lon="-120.989575" />
      <trkpt lat="35.425802" lon="-120.990143" />
      <trkpt lat="35.425085" lon="-120.990381" />
      <trkpt lat="35.425077" lon="-120.989941" />
      <trkpt lat="35.424897" lon="-120.989945" />
      <trkpt lat="35.424798" lon="-120.989397" />
      <trkpt lat="35.424792" lon="-120.989067" />
      <trkpt lat="35.425063" lon="-120.989060" />
      <trkpt lat="35.424866" lon="-120.988074" />
      <trkpt lat="35.424059" lon="-120.988314" />
      <trkpt lat="35.423779" lon="-120.987770" />
      <trkpt lat="35.423419" lon="-120.987779" />
      <trkpt lat="35.423033" lon="-120.986247" />
      <trkpt lat="35.423299" lon="-120.986020" />
      <trkpt lat="35.423292" lon="-120.985580" />
      <trkpt lat="35.423562" lon="-120.985573" />
      <trkpt lat="35.423735" lon="-120.985128" />
      <trkpt lat="35.424366" lon="-120.985113" />
      <trkpt lat="35.424452" lon="-120.984890" />
      <trkpt lat="35.424723" lon="-120.984883" />
      <trkpt lat="35.424908" lon="-120.985209" />
      <trkpt lat="35.426172" lon="-120.985288" />
      <trkpt lat="35.426164" lon="-120.984847" />
      <trkpt lat="35.426885" lon="-120.984830" />
      <trkpt lat="35.427338" lon="-120.984928" />
      <trkpt lat="35.427529" lon="-120.985584" />
      <trkpt lat="35.427558" lon="-120.987346" />
      <trkpt lat="35.428616" lon="-120.985888" />
      <trkpt lat="35.428796" lon="-120.985883" />
      <trkpt lat="35.428800" lon="-120.986104" />
      <trkpt lat="35.429337" lon="-120.985870" />
      <trkpt lat="35.430425" lon="-120.986283" />
      <trkpt lat="35.431146" lon="-120.986265" />
      <trkpt lat="35.431602" lon="-120.986584" />
      <trkpt lat="35.432772" lon="-120.986445" />
      <trkpt lat="35.433329" lon="-120.987423" />
      <trkpt lat="35.433337" lon="-120.987863" />
    </trkseg>
    <trkseg>
      <trkpt lat="35.426232" lon="-120.988921" />
      <trkpt lat="35.426227" lon="-120.988591" />
      <trkpt lat="35.425866" lon="-120.988600" />
      <trkpt lat="35.425872" lon="-120.988930" />
      <trkpt lat="35.426232" lon="-120.988921" />
    </trkseg>
    <trkseg>
      <trkpt lat="35.426221" lon="-120.988260" />
      <trkpt lat="35.426216" lon="-120.987930" />
      <trkpt lat="35.425855" lon="-120.987939" />
      <trkpt lat="35.425861" lon="-120.988269" />
      <trkpt lat="35.426221" lon="-120.988260" />
    </trkseg>
    <trkseg>
      <trkpt lat="35.425317" lon="-120.988063" />
      <trkpt lat="35.425309" lon="-120.987622" />
      <trkpt lat="35.425039" lon="-120.987629" />
      <trkpt lat="35.425046" lon="-120.988069" />
      <trkpt lat="35.425317" lon="-120.988063" />
    </trkseg>
  </trk>
  <trk>
    <name>SC-AREA-073</name>
    <desc>Partial nearby mapped rough-rock/bedrock footprint, clipped within 350 m of retained targets and by depth/closure screening; not the complete reef or an individual pile. Interior rings are holes in the selected habitat. Not a navigation route.</desc>
    <type>Interpreted habitat boundary</type>
    <trkseg>
      <trkpt lat="35.430413" lon="-120.964034" />
      <trkpt lat="35.430330" lon="-120.964477" />
      <trkpt lat="35.429975" lon="-120.964817" />
      <trkpt lat="35.428984" lon="-120.964841" />
      <trkpt lat="35.428798" lon="-120.964516" />
      <trkpt lat="35.428167" lon="-120.964532" />
      <trkpt lat="35.428276" lon="-120.965630" />
      <trkpt lat="35.427734" lon="-120.965534" />
      <trkpt lat="35.427722" lon="-120.964873" />
      <trkpt lat="35.427272" lon="-120.964885" />
      <trkpt lat="35.427276" lon="-120.965105" />
      <trkpt lat="35.426555" lon="-120.965123" />
      <trkpt lat="35.426551" lon="-120.964903" />
      <trkpt lat="35.426100" lon="-120.964914" />
      <trkpt lat="35.425913" lon="-120.964478" />
      <trkpt lat="35.425881" lon="-120.962607" />
      <trkpt lat="35.426050" lon="-120.961942" />
      <trkpt lat="35.426486" lon="-120.961049" />
      <trkpt lat="35.427639" lon="-120.959919" />
      <trkpt lat="35.428895" lon="-120.959557" />
      <trkpt lat="35.429708" lon="-120.959647" />
      <trkpt lat="35.429892" lon="-120.959862" />
      <trkpt lat="35.429815" lon="-120.960635" />
      <trkpt lat="35.430103" lon="-120.961729" />
      <trkpt lat="35.429854" lon="-120.962947" />
      <trkpt lat="35.430218" lon="-120.963158" />
      <trkpt lat="35.430413" lon="-120.964034" />
    </trkseg>
    <trkseg>
      <trkpt lat="35.427038" lon="-120.961696" />
      <trkpt lat="35.427027" lon="-120.961036" />
      <trkpt lat="35.426664" lon="-120.960935" />
      <trkpt lat="35.426768" lon="-120.961703" />
      <trkpt lat="35.427038" lon="-120.961696" />
    </trkseg>
  </trk>
  <trk>
    <name>SC-AREA-074</name>
    <desc>Partial mapped habitat footprint clipped to a 225-m search window to retain complete depth coverage; not the entire reef or a single pile. Interior rings are holes in the selected habitat. Not a navigation route.</desc>
    <type>Interpreted habitat boundary</type>
    <trkseg>
      <trkpt lat="35.430769" lon="-120.931974" />
      <trkpt lat="35.430764" lon="-120.931643" />
      <trkpt lat="35.430854" lon="-120.931641" />
      <trkpt lat="35.430852" lon="-120.931531" />
      <trkpt lat="35.431122" lon="-120.931524" />
      <trkpt lat="35.431127" lon="-120.931833" />
      <trkpt lat="35.431217" lon="-120.931765" />
      <trkpt lat="35.431649" lon="-120.931265" />
      <trkpt lat="35.431944" lon="-120.930634" />
      <trkpt lat="35.432082" lon="-120.929682" />
      <trkpt lat="35.431912" lon="-120.928738" />
      <trkpt lat="35.431459" lon="-120.927946" />
      <trkpt lat="35.430792" lon="-120.927426" />
      <trkpt lat="35.430012" lon="-120.927257" />
      <trkpt lat="35.429240" lon="-120.927465" />
      <trkpt lat="35.428591" lon="-120.928019" />
      <trkpt lat="35.428166" lon="-120.928834" />
      <trkpt lat="35.428028" lon="-120.929786" />
      <trkpt lat="35.428198" lon="-120.930730" />
      <trkpt lat="35.428651" lon="-120.931522" />
      <trkpt lat="35.429318" lon="-120.932042" />
      <trkpt lat="35.429701" lon="-120.932174" />
      <trkpt lat="35.430097" lon="-120.932211" />
      <trkpt lat="35.430924" lon="-120.931970" />
      <trkpt lat="35.430769" lon="-120.931974" />
    </trkseg>
    <trkseg>
      <trkpt lat="35.430624" lon="-120.928783" />
      <trkpt lat="35.430619" lon="-120.928453" />
      <trkpt lat="35.430709" lon="-120.928451" />
      <trkpt lat="35.430707" lon="-120.928340" />
      <trkpt lat="35.430977" lon="-120.928333" />
      <trkpt lat="35.430985" lon="-120.928774" />
      <trkpt lat="35.430624" lon="-120.928783" />
    </trkseg>
    <trkseg>
      <trkpt lat="35.429600" lon="-120.932114" />
      <trkpt lat="35.429594" lon="-120.931783" />
      <trkpt lat="35.429864" lon="-120.931776" />
      <trkpt lat="35.429870" lon="-120.932107" />
      <trkpt lat="35.429600" lon="-120.932114" />
    </trkseg>
  </trk>
  <trk>
    <name>SC-AREA-075</name>
    <desc>Partial nearby mapped rough-rock/bedrock footprint, clipped within 350 m of retained targets and by depth/closure screening; not the complete reef or an individual pile. Interior rings are holes in the selected habitat. Not a navigation route.</desc>
    <type>Interpreted habitat boundary</type>
    <trkseg>
      <trkpt lat="35.434580" lon="-120.949280" />
      <trkpt lat="35.434325" lon="-120.950167" />
      <trkpt lat="35.433535" lon="-120.951399" />
      <trkpt lat="35.432823" lon="-120.951968" />
      <trkpt lat="35.431926" lon="-120.952211" />
      <trkpt lat="35.431740" lon="-120.951885" />
      <trkpt lat="35.431730" lon="-120.951335" />
      <trkpt lat="35.431368" lon="-120.951234" />
      <trkpt lat="35.431263" lon="-120.950355" />
      <trkpt lat="35.430813" lon="-120.950367" />
      <trkpt lat="35.430621" lon="-120.949711" />
      <trkpt lat="35.430439" lon="-120.949605" />
      <trkpt lat="35.430432" lon="-120.949165" />
      <trkpt lat="35.430065" lon="-120.948843" />
      <trkpt lat="35.429966" lon="-120.948295" />
      <trkpt lat="35.429786" lon="-120.948300" />
      <trkpt lat="35.429508" lon="-120.947866" />
      <trkpt lat="35.429219" lon="-120.946772" />
      <trkpt lat="35.428949" lon="-120.946779" />
      <trkpt lat="35.428684" lon="-120.947116" />
      <trkpt lat="35.428975" lon="-120.948320" />
      <trkpt lat="35.428708" lon="-120.948547" />
      <trkpt lat="35.428721" lon="-120.949318" />
      <trkpt lat="35.428547" lon="-120.949653" />
      <trkpt lat="35.428363" lon="-120.949437" />
      <trkpt lat="35.428331" lon="-120.947566" />
      <trkpt lat="35.428935" lon="-120.946008" />
      <trkpt lat="35.429910" lon="-120.944992" />
      <trkpt lat="35.430625" lon="-120.944644" />
      <trkpt lat="35.432157" lon="-120.944605" />
      <trkpt lat="35.433432" lon="-120.945343" />
      <trkpt lat="35.433349" lon="-120.945786" />
      <trkpt lat="35.433708" lon="-120.945667" />
      <trkpt lat="35.434263" lon="-120.946534" />
      <trkpt lat="35.434278" lon="-120.947415" />
      <trkpt lat="35.434554" lon="-120.947738" />
      <trkpt lat="35.434562" lon="-120.948179" />
      <trkpt lat="35.434207" lon="-120.948518" />
      <trkpt lat="35.434571" lon="-120.948729" />
      <trkpt lat="35.434580" lon="-120.949280" />
    </trkseg>
    <trkseg>
      <trkpt lat="35.429487" lon="-120.946655" />
      <trkpt lat="35.429482" lon="-120.946325" />
      <trkpt lat="35.429121" lon="-120.946334" />
      <trkpt lat="35.429127" lon="-120.946664" />
      <trkpt lat="35.429487" lon="-120.946655" />
    </trkseg>
  </trk>
  <trk>
    <name>SC-AREA-076</name>
    <desc>Partial nearby mapped rough-rock/bedrock footprint, clipped within 350 m of retained targets and by depth/closure screening; not the complete reef or an individual pile. Interior rings are holes in the selected habitat. Not a navigation route.</desc>
    <type>Interpreted habitat boundary</type>
    <trkseg>
      <trkpt lat="35.435006" lon="-120.996083" />
      <trkpt lat="35.434675" lon="-120.997853" />
      <trkpt lat="35.433617" lon="-120.999312" />
      <trkpt lat="35.433258" lon="-120.999431" />
      <trkpt lat="35.432979" lon="-120.998887" />
      <trkpt lat="35.432709" lon="-120.998893" />
      <trkpt lat="35.432714" lon="-120.999224" />
      <trkpt lat="35.432444" lon="-120.999230" />
      <trkpt lat="35.432436" lon="-120.998790" />
      <trkpt lat="35.432707" lon="-120.998783" />
      <trkpt lat="35.432699" lon="-120.998343" />
      <trkpt lat="35.432519" lon="-120.998347" />
      <trkpt lat="35.432514" lon="-120.998017" />
      <trkpt lat="35.432243" lon="-120.998024" />
      <trkpt lat="35.432249" lon="-120.998354" />
      <trkpt lat="35.431979" lon="-120.998361" />
      <trkpt lat="35.431984" lon="-120.998691" />
      <trkpt lat="35.432166" lon="-120.998797" />
      <trkpt lat="35.432175" lon="-120.999347" />
      <trkpt lat="35.432355" lon="-120.999343" />
      <trkpt lat="35.432455" lon="-120.999891" />
      <trkpt lat="35.431103" lon="-120.999925" />
      <trkpt lat="35.430559" lon="-120.999718" />
      <trkpt lat="35.430555" lon="-120.999497" />
      <trkpt lat="35.431006" lon="-120.999486" />
      <trkpt lat="35.431000" lon="-120.999156" />
      <trkpt lat="35.430820" lon="-120.999160" />
      <trkpt lat="35.430816" lon="-120.998940" />
      <trkpt lat="35.430366" lon="-120.998951" />
      <trkpt lat="35.430373" lon="-120.999392" />
      <trkpt lat="35.430103" lon="-120.999399" />
      <trkpt lat="35.429369" lon="-120.998646" />
      <trkpt lat="35.429174" lon="-120.997769" />
      <trkpt lat="35.428994" lon="-120.997774" />
      <trkpt lat="35.429158" lon="-120.996778" />
      <trkpt lat="35.428966" lon="-120.996122" />
      <trkpt lat="35.429237" lon="-120.996116" />
      <trkpt lat="35.429246" lon="-120.996666" />
      <trkpt lat="35.430875" lon="-120.997066" />
      <trkpt lat="35.430868" lon="-120.996626" />
      <trkpt lat="35.430232" lon="-120.996311" />
      <trkpt lat="35.430228" lon="-120.996091" />
      <trkpt lat="35.429862" lon="-120.995770" />
      <trkpt lat="35.429857" lon="-120.995439" />
      <trkpt lat="35.429493" lon="-120.995228" />
      <trkpt lat="35.429485" lon="-120.994788" />
      <trkpt lat="35.429125" lon="-120.994797" />
      <trkpt lat="35.429132" lon="-120.995237" />
      <trkpt lat="35.428770" lon="-120.995136" />
      <trkpt lat="35.429287" lon="-120.993691" />
      <trkpt lat="35.429997" lon="-120.993013" />
      <trkpt lat="35.428998" lon="-120.992597" />
      <trkpt lat="35.428994" lon="-120.992377" />
      <trkpt lat="35.429986" lon="-120.992352" />
      <trkpt lat="35.430160" lon="-120.992017" />
      <trkpt lat="35.430151" lon="-120.991467" />
      <trkpt lat="35.431321" lon="-120.991328" />
      <trkpt lat="35.431315" lon="-120.990997" />
      <trkpt lat="35.431586" lon="-120.990991" />
      <trkpt lat="35.432029" lon="-120.990539" />
      <trkpt lat="35.433289" lon="-120.990398" />
      <trkpt lat="35.433382" lon="-120.990616" />
      <trkpt lat="35.432947" lon="-120.991508" />
      <trkpt lat="35.432238" lon="-120.992296" />
      <trkpt lat="35.433235" lon="-120.992602" />
      <trkpt lat="35.434243" lon="-120.993568" />
      <trkpt lat="35.434708" lon="-120.994438" />
      <trkpt lat="35.435006" lon="-120.996083" />
    </trkseg>
    <trkseg>
      <trkpt lat="35.432058" lon="-120.997698" />
      <trkpt lat="35.432052" lon="-120.997368" />
      <trkpt lat="35.431238" lon="-120.997168" />
      <trkpt lat="35.431247" lon="-120.997718" />
      <trkpt lat="35.431431" lon="-120.997934" />
      <trkpt lat="35.432058" lon="-120.997698" />
    </trkseg>
    <trkseg>
      <trkpt lat="35.429810" lon="-120.998084" />
      <trkpt lat="35.429803" lon="-120.997644" />
      <trkpt lat="35.429533" lon="-120.997650" />
      <trkpt lat="35.429540" lon="-120.998091" />
      <trkpt lat="35.429810" lon="-120.998084" />
    </trkseg>
  </trk>
  <trk>
    <name>SC-AREA-077</name>
    <desc>Partial nearby mapped rough-rock/bedrock footprint, clipped within 350 m of retained targets and by depth/closure screening; not the complete reef or an individual pile. Interior rings are holes in the selected habitat. Not a navigation route.</desc>
    <type>Interpreted habitat boundary</type>
    <trkseg>
      <trkpt lat="35.436020" lon="-120.938558" />
      <trkpt lat="35.435658" lon="-120.938458" />
      <trkpt lat="35.435482" lon="-120.938682" />
      <trkpt lat="35.435848" lon="-120.939003" />
      <trkpt lat="35.435947" lon="-120.939552" />
      <trkpt lat="35.435427" lon="-120.940777" />
      <trkpt lat="35.434986" lon="-120.941339" />
      <trkpt lat="35.433738" lon="-120.942141" />
      <trkpt lat="35.432566" lon="-120.942171" />
      <trkpt lat="35.432469" lon="-120.941733" />
      <trkpt lat="35.432018" lon="-120.941745" />
      <trkpt lat="35.432012" lon="-120.941414" />
      <trkpt lat="35.432283" lon="-120.941407" />
      <trkpt lat="35.432275" lon="-120.940967" />
      <trkpt lat="35.431735" lon="-120.940981" />
      <trkpt lat="35.431721" lon="-120.940210" />
      <trkpt lat="35.431528" lon="-120.939444" />
      <trkpt lat="35.431348" lon="-120.939449" />
      <trkpt lat="35.431340" lon="-120.939008" />
      <trkpt lat="35.430618" lon="-120.938916" />
      <trkpt lat="35.430629" lon="-120.939577" />
      <trkpt lat="35.430359" lon="-120.939584" />
      <trkpt lat="35.430364" lon="-120.939914" />
      <trkpt lat="35.430905" lon="-120.939900" />
      <trkpt lat="35.431094" lon="-120.940446" />
      <trkpt lat="35.430283" lon="-120.940467" />
      <trkpt lat="35.430099" lon="-120.940251" />
      <trkpt lat="35.429814" lon="-120.939378" />
      <trkpt lat="35.429810" lon="-120.939157" />
      <trkpt lat="35.429991" lon="-120.939153" />
      <trkpt lat="35.429983" lon="-120.938712" />
      <trkpt lat="35.429803" lon="-120.938717" />
      <trkpt lat="35.429782" lon="-120.937506" />
      <trkpt lat="35.430037" lon="-120.936618" />
      <trkpt lat="35.430218" lon="-120.936614" />
      <trkpt lat="35.430212" lon="-120.936283" />
      <trkpt lat="35.430828" lon="-120.935387" />
      <trkpt lat="35.430925" lon="-120.935825" />
      <trkpt lat="35.431284" lon="-120.935705" />
      <trkpt lat="35.431278" lon="-120.935375" />
      <trkpt lat="35.431006" lon="-120.935272" />
      <trkpt lat="35.431361" lon="-120.934932" />
      <trkpt lat="35.432795" lon="-120.934455" />
      <trkpt lat="35.433608" lon="-120.934545" />
      <trkpt lat="35.434334" lon="-120.934856" />
      <trkpt lat="35.434518" lon="-120.935072" />
      <trkpt lat="35.434432" lon="-120.935294" />
      <trkpt lat="35.434614" lon="-120.935400" />
      <trkpt lat="35.433813" lon="-120.935971" />
      <trkpt lat="35.433997" lon="-120.936187" />
      <trkpt lat="35.433912" lon="-120.936519" />
      <trkpt lat="35.434096" lon="-120.936735" />
      <trkpt lat="35.434543" lon="-120.936503" />
      <trkpt lat="35.434642" lon="-120.937052" />
      <trkpt lat="35.434650" lon="-120.937492" />
      <trkpt lat="35.434374" lon="-120.937169" />
      <trkpt lat="35.434017" lon="-120.937398" />
      <trkpt lat="35.434389" lon="-120.938049" />
      <trkpt lat="35.433946" lon="-120.938501" />
      <trkpt lat="35.433952" lon="-120.938832" />
      <trkpt lat="35.434316" lon="-120.939043" />
      <trkpt lat="35.434581" lon="-120.938705" />
      <trkpt lat="35.434856" lon="-120.939029" />
      <trkpt lat="35.435217" lon="-120.939020" />
      <trkpt lat="35.435393" lon="-120.938795" />
      <trkpt lat="35.435298" lon="-120.938467" />
      <trkpt lat="35.435831" lon="-120.938013" />
      <trkpt lat="35.436011" lon="-120.938008" />
      <trkpt lat="35.436020" lon="-120.938558" />
    </trkseg>
    <trkseg>
      <trkpt lat="35.433918" lon="-120.936850" />
      <trkpt lat="35.433732" lon="-120.936524" />
      <trkpt lat="35.433375" lon="-120.936753" />
      <trkpt lat="35.433561" lon="-120.937079" />
      <trkpt lat="35.433918" lon="-120.936850" />
    </trkseg>
    <trkseg>
      <trkpt lat="35.431218" lon="-120.937139" />
      <trkpt lat="35.431115" lon="-120.936370" />
      <trkpt lat="35.430845" lon="-120.936377" />
      <trkpt lat="35.430856" lon="-120.937038" />
      <trkpt lat="35.431218" lon="-120.937139" />
    </trkseg>
  </trk>
  <trk>
    <name>SC-AREA-078</name>
    <desc>Partial nearby mapped rough-rock/bedrock footprint, clipped within 350 m of retained targets and by depth/closure screening; not the complete reef or an individual pile. Interior rings are holes in the selected habitat. Not a navigation route.</desc>
    <type>Interpreted habitat boundary</type>
    <trkseg>
      <trkpt lat="35.433740" lon="-120.921213" />
      <trkpt lat="35.433109" lon="-120.921229" />
      <trkpt lat="35.433005" lon="-120.920461" />
      <trkpt lat="35.432191" lon="-120.920262" />
      <trkpt lat="35.432082" lon="-120.919163" />
      <trkpt lat="35.432350" lon="-120.919046" />
      <trkpt lat="35.432342" lon="-120.918606" />
      <trkpt lat="35.432613" lon="-120.918599" />
      <trkpt lat="35.432818" lon="-120.920025" />
      <trkpt lat="35.433542" lon="-120.920227" />
      <trkpt lat="35.433548" lon="-120.920557" />
      <trkpt lat="35.433728" lon="-120.920553" />
      <trkpt lat="35.433740" lon="-120.921213" />
    </trkseg>
  </trk>
  <trk>
    <name>SC-AREA-079</name>
    <desc>Partial nearby mapped rough-rock/bedrock footprint, clipped within 350 m of retained targets and by depth/closure screening; not the complete reef or an individual pile. Interior rings are holes in the selected habitat. Not a navigation route.</desc>
    <type>Interpreted habitat boundary</type>
    <trkseg>
      <trkpt lat="35.437572" lon="-120.966278" />
      <trkpt lat="35.436879" lon="-120.967947" />
      <trkpt lat="35.432103" lon="-120.968067" />
      <trkpt lat="35.431546" lon="-120.967090" />
      <trkpt lat="35.431349" lon="-120.966104" />
      <trkpt lat="35.430551" lon="-120.966895" />
      <trkpt lat="35.429836" lon="-120.967243" />
      <trkpt lat="35.429295" lon="-120.967257" />
      <trkpt lat="35.429290" lon="-120.966926" />
      <trkpt lat="35.428839" lon="-120.966938" />
      <trkpt lat="35.428845" lon="-120.967268" />
      <trkpt lat="35.428304" lon="-120.967282" />
      <trkpt lat="35.427486" lon="-120.966862" />
      <trkpt lat="35.427664" lon="-120.966747" />
      <trkpt lat="35.427653" lon="-120.966087" />
      <trkpt lat="35.428103" lon="-120.966075" />
      <trkpt lat="35.428113" lon="-120.966626" />
      <trkpt lat="35.428473" lon="-120.966617" />
      <trkpt lat="35.428462" lon="-120.965956" />
      <trkpt lat="35.428637" lon="-120.965621" />
      <trkpt lat="35.429446" lon="-120.965491" />
      <trkpt lat="35.430516" lon="-120.964803" />
      <trkpt lat="35.432052" lon="-120.964985" />
      <trkpt lat="35.432237" lon="-120.965310" />
      <trkpt lat="35.433227" lon="-120.965175" />
      <trkpt lat="35.433221" lon="-120.964845" />
      <trkpt lat="35.434212" lon="-120.964820" />
      <trkpt lat="35.434106" lon="-120.963831" />
      <trkpt lat="35.434556" lon="-120.963820" />
      <trkpt lat="35.434547" lon="-120.963269" />
      <trkpt lat="35.435540" lon="-120.963355" />
      <trkpt lat="35.435643" lon="-120.964123" />
      <trkpt lat="35.436184" lon="-120.964109" />
      <trkpt lat="35.436189" lon="-120.964440" />
      <trkpt lat="35.435650" lon="-120.964564" />
      <trkpt lat="35.435656" lon="-120.964894" />
      <trkpt lat="35.436829" lon="-120.964974" />
      <trkpt lat="35.436813" lon="-120.963983" />
      <trkpt lat="35.437263" lon="-120.963972" />
      <trkpt lat="35.437269" lon="-120.964302" />
      <trkpt lat="35.437541" lon="-120.964406" />
      <trkpt lat="35.437548" lon="-120.964846" />
      <trkpt lat="35.437096" lon="-120.964747" />
      <trkpt lat="35.437103" lon="-120.965188" />
      <trkpt lat="35.437559" lon="-120.965507" />
      <trkpt lat="35.437572" lon="-120.966278" />
    </trkseg>
  </trk>
  <trk>
    <name>SC-AREA-080</name>
    <desc>Partial nearby mapped rough-rock/bedrock footprint, clipped within 350 m of retained targets and by depth/closure screening; not the complete reef or an individual pile. Interior rings are holes in the selected habitat. Not a navigation route.</desc>
    <type>Interpreted habitat boundary</type>
    <trkseg>
      <trkpt lat="35.436490" lon="-120.923896" />
      <trkpt lat="35.436228" lon="-120.924344" />
      <trkpt lat="35.435867" lon="-120.924353" />
      <trkpt lat="35.435873" lon="-120.924683" />
      <trkpt lat="35.435602" lon="-120.924690" />
      <trkpt lat="35.435593" lon="-120.924140" />
      <trkpt lat="35.435323" lon="-120.924147" />
      <trkpt lat="35.435407" lon="-120.923814" />
      <trkpt lat="35.435129" lon="-120.923381" />
      <trkpt lat="35.434589" lon="-120.923394" />
      <trkpt lat="35.434583" lon="-120.923064" />
      <trkpt lat="35.434040" lon="-120.922968" />
      <trkpt lat="35.434035" lon="-120.922638" />
      <trkpt lat="35.433224" lon="-120.922658" />
      <trkpt lat="35.433214" lon="-120.922108" />
      <trkpt lat="35.433582" lon="-120.922539" />
      <trkpt lat="35.433849" lon="-120.922312" />
      <trkpt lat="35.433661" lon="-120.921876" />
      <trkpt lat="35.433841" lon="-120.921872" />
      <trkpt lat="35.433830" lon="-120.921211" />
      <trkpt lat="35.434010" lon="-120.921206" />
      <trkpt lat="35.434183" lon="-120.920761" />
      <trkpt lat="35.434905" lon="-120.920853" />
      <trkpt lat="35.435277" lon="-120.921504" />
      <trkpt lat="35.435638" lon="-120.921495" />
      <trkpt lat="35.435722" lon="-120.921162" />
      <trkpt lat="35.435992" lon="-120.921155" />
      <trkpt lat="35.436096" lon="-120.921924" />
      <trkpt lat="35.435917" lon="-120.922038" />
      <trkpt lat="35.435923" lon="-120.922369" />
      <trkpt lat="35.436107" lon="-120.922584" />
      <trkpt lat="35.435931" lon="-120.922809" />
      <trkpt lat="35.436205" lon="-120.923022" />
      <trkpt lat="35.436490" lon="-120.923896" />
    </trkseg>
    <trkseg>
      <trkpt lat="35.436310" lon="-120.923901" />
      <trkpt lat="35.436304" lon="-120.923571" />
      <trkpt lat="35.435944" lon="-120.923580" />
      <trkpt lat="35.435950" lon="-120.923910" />
      <trkpt lat="35.436310" lon="-120.923901" />
    </trkseg>
    <trkseg>
      <trkpt lat="35.435842" lon="-120.922922" />
      <trkpt lat="35.435823" lon="-120.921821" />
      <trkpt lat="35.435373" lon="-120.921832" />
      <trkpt lat="35.435379" lon="-120.922162" />
      <trkpt lat="35.435559" lon="-120.922158" />
      <trkpt lat="35.435398" lon="-120.923263" />
      <trkpt lat="35.435668" lon="-120.923257" />
      <trkpt lat="35.435662" lon="-120.922926" />
      <trkpt lat="35.435842" lon="-120.922922" />
    </trkseg>
    <trkseg>
      <trkpt lat="35.435298" lon="-120.922715" />
      <trkpt lat="35.435095" lon="-120.921399" />
      <trkpt lat="35.434457" lon="-120.920975" />
      <trkpt lat="35.434194" lon="-120.921422" />
      <trkpt lat="35.434295" lon="-120.922080" />
      <trkpt lat="35.434842" lon="-120.922397" />
      <trkpt lat="35.435031" lon="-120.922942" />
      <trkpt lat="35.435298" lon="-120.922715" />
    </trkseg>
  </trk>
  <trk>
    <name>SC-AREA-081</name>
    <desc>Partial nearby mapped rough-rock/bedrock footprint, clipped within 350 m of retained targets and by depth/closure screening; not the complete reef or an individual pile. Interior rings are holes in the selected habitat. Not a navigation route.</desc>
    <type>Interpreted habitat boundary</type>
    <trkseg>
      <trkpt lat="35.437995" lon="-120.980697" />
      <trkpt lat="35.437664" lon="-120.982468" />
      <trkpt lat="35.436961" lon="-120.983587" />
      <trkpt lat="35.436513" lon="-120.983708" />
      <trkpt lat="35.435606" lon="-120.983401" />
      <trkpt lat="35.435510" lon="-120.983072" />
      <trkpt lat="35.434966" lon="-120.982866" />
      <trkpt lat="35.434960" lon="-120.982535" />
      <trkpt lat="35.434418" lon="-120.982439" />
      <trkpt lat="35.433863" lon="-120.981571" />
      <trkpt lat="35.433592" lon="-120.981578" />
      <trkpt lat="35.433129" lon="-120.980819" />
      <trkpt lat="35.432765" lon="-120.980608" />
      <trkpt lat="35.432757" lon="-120.980167" />
      <trkpt lat="35.432840" lon="-120.979724" />
      <trkpt lat="35.433200" lon="-120.979715" />
      <trkpt lat="35.433189" lon="-120.979055" />
      <trkpt lat="35.433726" lon="-120.978821" />
      <trkpt lat="35.433881" lon="-120.977275" />
      <trkpt lat="35.434236" lon="-120.976936" />
      <trkpt lat="35.434775" lon="-120.976812" />
      <trkpt lat="35.436042" lon="-120.977111" />
      <trkpt lat="35.437232" lon="-120.978183" />
      <trkpt lat="35.437697" lon="-120.979052" />
      <trkpt lat="35.437995" lon="-120.980697" />
    </trkseg>
  </trk>
  <trk>
    <name>SC-AREA-082</name>
    <desc>Partial nearby mapped rough-rock/bedrock footprint, clipped within 350 m of retained targets and by depth/closure screening; not the complete reef or an individual pile. Interior rings are holes in the selected habitat. Not a navigation route.</desc>
    <type>Interpreted habitat boundary</type>
    <trkseg>
      <trkpt lat="35.439960" lon="-121.001248" />
      <trkpt lat="35.439628" lon="-121.003018" />
      <trkpt lat="35.439279" lon="-121.003688" />
      <trkpt lat="35.438481" lon="-121.004479" />
      <trkpt lat="35.438477" lon="-121.004258" />
      <trkpt lat="35.438297" lon="-121.004263" />
      <trkpt lat="35.438289" lon="-121.003822" />
      <trkpt lat="35.437478" lon="-121.003843" />
      <trkpt lat="35.436838" lon="-121.003308" />
      <trkpt lat="35.436835" lon="-121.003087" />
      <trkpt lat="35.436382" lon="-121.002988" />
      <trkpt lat="35.436379" lon="-121.002768" />
      <trkpt lat="35.435829" lon="-121.002231" />
      <trkpt lat="35.435822" lon="-121.001791" />
      <trkpt lat="35.435279" lon="-121.001694" />
      <trkpt lat="35.434459" lon="-121.001163" />
      <trkpt lat="35.434454" lon="-121.000833" />
      <trkpt lat="35.434183" lon="-121.000840" />
      <trkpt lat="35.433812" lon="-121.000188" />
      <trkpt lat="35.433805" lon="-120.999748" />
      <trkpt lat="35.434241" lon="-120.998856" />
      <trkpt lat="35.435394" lon="-120.997725" />
      <trkpt lat="35.435931" lon="-120.997492" />
      <trkpt lat="35.437463" lon="-120.997454" />
      <trkpt lat="35.438007" lon="-120.997661" />
      <trkpt lat="35.438012" lon="-120.997991" />
      <trkpt lat="35.437382" lon="-120.998007" />
      <trkpt lat="35.437130" lon="-120.999114" />
      <trkpt lat="35.438121" lon="-120.999090" />
      <trkpt lat="35.438667" lon="-120.999407" />
      <trkpt lat="35.439206" lon="-120.999283" />
      <trkpt lat="35.439301" lon="-120.999612" />
      <trkpt lat="35.439662" lon="-120.999603" />
      <trkpt lat="35.439960" lon="-121.001248" />
    </trkseg>
    <trkseg>
      <trkpt lat="35.436762" lon="-120.998683" />
      <trkpt lat="35.436756" lon="-120.998353" />
      <trkpt lat="35.436302" lon="-120.998144" />
      <trkpt lat="35.436216" lon="-120.998366" />
      <trkpt lat="35.435855" lon="-120.998375" />
      <trkpt lat="35.435772" lon="-120.998818" />
      <trkpt lat="35.435232" lon="-120.998831" />
      <trkpt lat="35.435149" lon="-120.999274" />
      <trkpt lat="35.435513" lon="-120.999485" />
      <trkpt lat="35.435520" lon="-120.999925" />
      <trkpt lat="35.436061" lon="-120.999912" />
      <trkpt lat="35.436052" lon="-120.999361" />
      <trkpt lat="35.436411" lon="-120.999242" />
      <trkpt lat="35.436401" lon="-120.998692" />
      <trkpt lat="35.436762" lon="-120.998683" />
    </trkseg>
    <trkseg>
      <trkpt lat="35.435673" lon="-120.998269" />
      <trkpt lat="35.435668" lon="-120.997939" />
      <trkpt lat="35.435307" lon="-120.997948" />
      <trkpt lat="35.435313" lon="-120.998278" />
      <trkpt lat="35.435673" lon="-120.998269" />
    </trkseg>
    <trkseg>
      <trkpt lat="35.435526" lon="-121.000256" />
      <trkpt lat="35.435520" lon="-120.999925" />
      <trkpt lat="35.435250" lon="-120.999932" />
      <trkpt lat="35.435156" lon="-120.999714" />
      <trkpt lat="35.434527" lon="-120.999840" />
      <trkpt lat="35.434535" lon="-121.000280" />
      <trkpt lat="35.434809" lon="-121.000494" />
      <trkpt lat="35.435526" lon="-121.000256" />
    </trkseg>
  </trk>
  <trk>
    <name>SC-AREA-083</name>
    <desc>Partial nearby mapped rough-rock/bedrock footprint, clipped within 350 m of retained targets and by depth/closure screening; not the complete reef or an individual pile. Interior rings are holes in the selected habitat. Not a navigation route.</desc>
    <type>Interpreted habitat boundary</type>
    <trkseg>
      <trkpt lat="35.439849" lon="-120.914777" />
      <trkpt lat="35.439210" lon="-120.914353" />
      <trkpt lat="35.438764" lon="-120.914585" />
      <trkpt lat="35.439049" lon="-120.915459" />
      <trkpt lat="35.439496" lon="-120.915227" />
      <trkpt lat="35.439320" lon="-120.915452" />
      <trkpt lat="35.439415" lon="-120.915780" />
      <trkpt lat="35.438976" lon="-120.916452" />
      <trkpt lat="35.439072" lon="-120.916780" />
      <trkpt lat="35.438526" lon="-120.916464" />
      <trkpt lat="35.438349" lon="-120.916689" />
      <trkpt lat="35.438535" lon="-120.917014" />
      <trkpt lat="35.438177" lon="-120.917134" />
      <trkpt lat="35.438073" lon="-120.916365" />
      <trkpt lat="35.438340" lon="-120.916138" />
      <trkpt lat="35.438242" lon="-120.915700" />
      <trkpt lat="35.438419" lon="-120.915475" />
      <trkpt lat="35.438144" lon="-120.915262" />
      <trkpt lat="35.437885" lon="-120.915929" />
      <trkpt lat="35.437790" lon="-120.915601" />
      <trkpt lat="35.437337" lon="-120.915503" />
      <trkpt lat="35.437416" lon="-120.914840" />
      <trkpt lat="35.437774" lon="-120.914721" />
      <trkpt lat="35.438050" lon="-120.915044" />
      <trkpt lat="35.438313" lon="-120.914597" />
      <trkpt lat="35.438037" lon="-120.914273" />
      <trkpt lat="35.437682" lon="-120.914613" />
      <trkpt lat="35.437487" lon="-120.913737" />
      <trkpt lat="35.437938" lon="-120.913725" />
      <trkpt lat="35.437851" lon="-120.913948" />
      <trkpt lat="35.438127" lon="-120.914271" />
      <trkpt lat="35.438307" lon="-120.914266" />
      <trkpt lat="35.438480" lon="-120.913821" />
      <trkpt lat="35.438026" lon="-120.913613" />
      <trkpt lat="35.437748" lon="-120.913179" />
      <trkpt lat="35.437481" lon="-120.913406" />
      <trkpt lat="35.436849" lon="-120.913313" />
      <trkpt lat="35.436843" lon="-120.912982" />
      <trkpt lat="35.437292" lon="-120.912860" />
      <trkpt lat="35.437385" lon="-120.913078" />
      <trkpt lat="35.437926" lon="-120.913064" />
      <trkpt lat="35.437920" lon="-120.912734" />
      <trkpt lat="35.438553" lon="-120.912828" />
      <trkpt lat="35.438749" lon="-120.913704" />
      <trkpt lat="35.439201" lon="-120.913803" />
      <trkpt lat="35.439301" lon="-120.914351" />
      <trkpt lat="35.439751" lon="-120.914339" />
      <trkpt lat="35.439849" lon="-120.914777" />
    </trkseg>
  </trk>
  <trk>
    <name>SC-AREA-084</name>
    <desc>Partial nearby mapped rough-rock/bedrock footprint, clipped within 350 m of retained targets and by depth/closure screening; not the complete reef or an individual pile. Interior rings are holes in the selected habitat. Not a navigation route.</desc>
    <type>Interpreted habitat boundary</type>
    <trkseg>
      <trkpt lat="35.444845" lon="-121.013245" />
      <trkpt lat="35.444673" lon="-121.013690" />
      <trkpt lat="35.444402" lon="-121.013696" />
      <trkpt lat="35.444408" lon="-121.014027" />
      <trkpt lat="35.444590" lon="-121.014132" />
      <trkpt lat="35.444240" lon="-121.014802" />
      <trkpt lat="35.443265" lon="-121.015817" />
      <trkpt lat="35.442550" lon="-121.016166" />
      <trkpt lat="35.441288" lon="-121.016196" />
      <trkpt lat="35.441283" lon="-121.015866" />
      <trkpt lat="35.441463" lon="-121.015862" />
      <trkpt lat="35.441272" lon="-121.015205" />
      <trkpt lat="35.441719" lon="-121.014974" />
      <trkpt lat="35.441710" lon="-121.014424" />
      <trkpt lat="35.441980" lon="-121.014417" />
      <trkpt lat="35.442328" lon="-121.013637" />
      <trkpt lat="35.443324" lon="-121.013943" />
      <trkpt lat="35.443312" lon="-121.013172" />
      <trkpt lat="35.442501" lon="-121.013192" />
      <trkpt lat="35.442403" lon="-121.012754" />
      <trkpt lat="35.441861" lon="-121.012657" />
      <trkpt lat="35.441872" lon="-121.013318" />
      <trkpt lat="35.441063" lon="-121.013448" />
      <trkpt lat="35.441068" lon="-121.013778" />
      <trkpt lat="35.440709" lon="-121.013897" />
      <trkpt lat="35.440435" lon="-121.013684" />
      <trkpt lat="35.440430" lon="-121.013353" />
      <trkpt lat="35.440700" lon="-121.013347" />
      <trkpt lat="35.440695" lon="-121.013016" />
      <trkpt lat="35.440515" lon="-121.013021" />
      <trkpt lat="35.440682" lon="-121.012246" />
      <trkpt lat="35.440406" lon="-121.011922" />
      <trkpt lat="35.440046" lon="-121.011931" />
      <trkpt lat="35.440053" lon="-121.012371" />
      <trkpt lat="35.439786" lon="-121.012598" />
      <trkpt lat="35.439792" lon="-121.012928" />
      <trkpt lat="35.440064" lon="-121.013032" />
      <trkpt lat="35.440163" lon="-121.013580" />
      <trkpt lat="35.439624" lon="-121.013704" />
      <trkpt lat="35.439633" lon="-121.014254" />
      <trkpt lat="35.439453" lon="-121.014259" />
      <trkpt lat="35.439459" lon="-121.014589" />
      <trkpt lat="35.439729" lon="-121.014582" />
      <trkpt lat="35.439724" lon="-121.014252" />
      <trkpt lat="35.440623" lon="-121.014120" />
      <trkpt lat="35.440628" lon="-121.014450" />
      <trkpt lat="35.441169" lon="-121.014437" />
      <trkpt lat="35.441176" lon="-121.014877" />
      <trkpt lat="35.441092" lon="-121.015210" />
      <trkpt lat="35.440371" lon="-121.015228" />
      <trkpt lat="35.440277" lon="-121.015010" />
      <trkpt lat="35.440007" lon="-121.015016" />
      <trkpt lat="35.439652" lon="-121.015355" />
      <trkpt lat="35.438912" lon="-121.014272" />
      <trkpt lat="35.438896" lon="-121.013281" />
      <trkpt lat="35.439255" lon="-121.013162" />
      <trkpt lat="35.439249" lon="-121.012832" />
      <trkpt lat="35.438799" lon="-121.012843" />
      <trkpt lat="35.438804" lon="-121.013173" />
      <trkpt lat="35.438624" lon="-121.013177" />
      <trkpt lat="35.438521" lon="-121.012409" />
      <trkpt lat="35.438768" lon="-121.010971" />
      <trkpt lat="35.437977" lon="-121.012202" />
      <trkpt lat="35.437265" lon="-121.012770" />
      <trkpt lat="35.436368" lon="-121.013013" />
      <trkpt lat="35.436364" lon="-121.012792" />
      <trkpt lat="35.436000" lon="-121.012581" />
      <trkpt lat="35.435996" lon="-121.012361" />
      <trkpt lat="35.435540" lon="-121.012042" />
      <trkpt lat="35.435535" lon="-121.011711" />
      <trkpt lat="35.435353" lon="-121.011606" />
      <trkpt lat="35.435621" lon="-121.011489" />
      <trkpt lat="35.435616" lon="-121.011159" />
      <trkpt lat="35.435436" lon="-121.011163" />
      <trkpt lat="35.435427" lon="-121.010612" />
      <trkpt lat="35.434796" lon="-121.010628" />
      <trkpt lat="35.434801" lon="-121.010958" />
      <trkpt lat="35.434621" lon="-121.010963" />
      <trkpt lat="35.434522" lon="-121.010414" />
      <trkpt lat="35.433895" lon="-121.010650" />
      <trkpt lat="35.434068" lon="-121.010205" />
      <trkpt lat="35.433235" lon="-121.008904" />
      <trkpt lat="35.433680" lon="-121.008563" />
      <trkpt lat="35.433579" lon="-121.007904" />
      <trkpt lat="35.433215" lon="-121.007693" />
      <trkpt lat="35.433298" lon="-121.007250" />
      <trkpt lat="35.433658" lon="-121.007241" />
      <trkpt lat="35.433651" lon="-121.006801" />
      <trkpt lat="35.433469" lon="-121.006695" />
      <trkpt lat="35.434355" lon="-121.005792" />
      <trkpt lat="35.435071" lon="-121.005444" />
      <trkpt lat="35.435431" lon="-121.005435" />
      <trkpt lat="35.435439" lon="-121.005876" />
      <trkpt lat="35.435799" lon="-121.005867" />
      <trkpt lat="35.435895" lon="-121.006195" />
      <trkpt lat="35.436165" lon="-121.006188" />
      <trkpt lat="35.436158" lon="-121.005748" />
      <trkpt lat="35.435797" lon="-121.005757" />
      <trkpt lat="35.435792" lon="-121.005426" />
      <trkpt lat="35.436603" lon="-121.005406" />
      <trkpt lat="35.437329" lon="-121.005719" />
      <trkpt lat="35.437789" lon="-121.006258" />
      <trkpt lat="35.436619" lon="-121.006397" />
      <trkpt lat="35.436525" lon="-121.006179" />
      <trkpt lat="35.436255" lon="-121.006186" />
      <trkpt lat="35.436260" lon="-121.006516" />
      <trkpt lat="35.435810" lon="-121.006527" />
      <trkpt lat="35.435815" lon="-121.006858" />
      <trkpt lat="35.435909" lon="-121.007076" />
      <trkpt lat="35.437169" lon="-121.006934" />
      <trkpt lat="35.438164" lon="-121.007130" />
      <trkpt lat="35.438063" lon="-121.006472" />
      <trkpt lat="35.438337" lon="-121.006685" />
      <trkpt lat="35.438522" lon="-121.007011" />
      <trkpt lat="35.438344" lon="-121.007126" />
      <trkpt lat="35.438353" lon="-121.007676" />
      <trkpt lat="35.438807" lon="-121.007885" />
      <trkpt lat="35.438733" lon="-121.008879" />
      <trkpt lat="35.439006" lon="-121.008982" />
      <trkpt lat="35.439024" lon="-121.010083" />
      <trkpt lat="35.438853" lon="-121.010638" />
      <trkpt lat="35.439644" lon="-121.009407" />
      <trkpt lat="35.440356" lon="-121.008839" />
      <trkpt lat="35.440983" lon="-121.008603" />
      <trkpt lat="35.441080" lon="-121.009041" />
      <trkpt lat="35.442253" lon="-121.009122" />
      <trkpt lat="35.442884" lon="-121.009107" />
      <trkpt lat="35.442969" lon="-121.008774" />
      <trkpt lat="35.443699" lon="-121.009307" />
      <trkpt lat="35.444624" lon="-121.010717" />
      <trkpt lat="35.444815" lon="-121.011373" />
      <trkpt lat="35.444845" lon="-121.013245" />
    </trkseg>
    <trkseg>
      <trkpt lat="35.441592" lon="-121.012774" />
      <trkpt lat="35.441587" lon="-121.012444" />
      <trkpt lat="35.441226" lon="-121.012453" />
      <trkpt lat="35.441232" lon="-121.012783" />
      <trkpt lat="35.441592" lon="-121.012774" />
    </trkseg>
    <trkseg>
      <trkpt lat="35.440206" lon="-121.010715" />
      <trkpt lat="35.440201" lon="-121.010385" />
      <trkpt lat="35.439750" lon="-121.010396" />
      <trkpt lat="35.439756" lon="-121.010726" />
      <trkpt lat="35.440206" lon="-121.010715" />
    </trkseg>
    <trkseg>
      <trkpt lat="35.438676" lon="-121.010863" />
      <trkpt lat="35.438487" lon="-121.010317" />
      <trkpt lat="35.438036" lon="-121.010328" />
      <trkpt lat="35.438042" lon="-121.010658" />
      <trkpt lat="35.438676" lon="-121.010863" />
    </trkseg>
    <trkseg>
      <trkpt lat="35.435271" lon="-121.006651" />
      <trkpt lat="35.435264" lon="-121.006210" />
      <trkpt lat="35.434633" lon="-121.006226" />
      <trkpt lat="35.434629" lon="-121.006006" />
      <trkpt lat="35.434269" lon="-121.006015" />
      <trkpt lat="35.434274" lon="-121.006345" />
      <trkpt lat="35.434094" lon="-121.006349" />
      <trkpt lat="35.434100" lon="-121.006680" />
      <trkpt lat="35.435271" lon="-121.006651" />
    </trkseg>
  </trk>
  <trk>
    <name>SC-AREA-085</name>
    <desc>Partial nearby mapped rough-rock/bedrock footprint, clipped within 350 m of retained targets and by depth/closure screening; not the complete reef or an individual pile. Interior rings are holes in the selected habitat. Not a navigation route.</desc>
    <type>Interpreted habitat boundary</type>
    <trkseg>
      <trkpt lat="35.446984" lon="-120.989947" />
      <trkpt lat="35.446640" lon="-120.990947" />
      <trkpt lat="35.446546" lon="-120.990729" />
      <trkpt lat="35.446186" lon="-120.990738" />
      <trkpt lat="35.446191" lon="-120.991068" />
      <trkpt lat="35.446463" lon="-120.991172" />
      <trkpt lat="35.446379" lon="-120.991504" />
      <trkpt lat="35.445404" lon="-120.992520" />
      <trkpt lat="35.444867" lon="-120.992754" />
      <trkpt lat="35.445509" lon="-120.993399" />
      <trkpt lat="35.446165" lon="-120.994925" />
      <trkpt lat="35.446180" lon="-120.995806" />
      <trkpt lat="35.446000" lon="-120.995810" />
      <trkpt lat="35.446196" lon="-120.996797" />
      <trkpt lat="35.446018" lon="-120.996911" />
      <trkpt lat="35.446014" lon="-120.996691" />
      <trkpt lat="35.445744" lon="-120.996698" />
      <trkpt lat="35.445738" lon="-120.996368" />
      <trkpt lat="35.445468" lon="-120.996374" />
      <trkpt lat="35.445941" lon="-120.997685" />
      <trkpt lat="35.445150" lon="-120.998916" />
      <trkpt lat="35.444079" lon="-120.999603" />
      <trkpt lat="35.443805" lon="-120.999390" />
      <trkpt lat="35.443884" lon="-120.998727" />
      <trkpt lat="35.443248" lon="-120.998412" />
      <trkpt lat="35.443050" lon="-120.997316" />
      <trkpt lat="35.442149" lon="-120.997338" />
      <trkpt lat="35.441694" lon="-120.997129" />
      <trkpt lat="35.440166" lon="-120.997387" />
      <trkpt lat="35.439979" lon="-120.996951" />
      <trkpt lat="35.439947" lon="-120.995079" />
      <trkpt lat="35.440117" lon="-120.994414" />
      <trkpt lat="35.440553" lon="-120.993522" />
      <trkpt lat="35.440823" lon="-120.993515" />
      <trkpt lat="35.440994" lon="-120.992960" />
      <trkpt lat="35.441527" lon="-120.992506" />
      <trkpt lat="35.442070" lon="-120.992603" />
      <trkpt lat="35.441869" lon="-120.991396" />
      <trkpt lat="35.441323" lon="-120.991079" />
      <trkpt lat="35.441228" lon="-120.990751" />
      <trkpt lat="35.440867" lon="-120.990760" />
      <trkpt lat="35.440694" lon="-120.991205" />
      <trkpt lat="35.439446" lon="-120.992007" />
      <trkpt lat="35.437914" lon="-120.992045" />
      <trkpt lat="35.437369" lon="-120.991838" />
      <trkpt lat="35.436639" lon="-120.991306" />
      <trkpt lat="35.435808" lon="-120.990115" />
      <trkpt lat="35.435793" lon="-120.989234" />
      <trkpt lat="35.435523" lon="-120.989241" />
      <trkpt lat="35.435417" lon="-120.988252" />
      <trkpt lat="35.435496" lon="-120.987589" />
      <trkpt lat="35.436393" lon="-120.987346" />
      <trkpt lat="35.436926" lon="-120.986892" />
      <trkpt lat="35.436735" lon="-120.986236" />
      <trkpt lat="35.437005" lon="-120.986230" />
      <trkpt lat="35.437000" lon="-120.985899" />
      <trkpt lat="35.436367" lon="-120.985805" />
      <trkpt lat="35.436362" lon="-120.985475" />
      <trkpt lat="35.437072" lon="-120.984796" />
      <trkpt lat="35.437787" lon="-120.984448" />
      <trkpt lat="35.438238" lon="-120.984436" />
      <trkpt lat="35.438335" lon="-120.984875" />
      <trkpt lat="35.439148" lon="-120.984964" />
      <trkpt lat="35.439153" lon="-120.985295" />
      <trkpt lat="35.439610" lon="-120.985614" />
      <trkpt lat="35.439615" lon="-120.985944" />
      <trkpt lat="35.437813" lon="-120.985989" />
      <trkpt lat="35.437818" lon="-120.986319" />
      <trkpt lat="35.437186" lon="-120.986225" />
      <trkpt lat="35.437193" lon="-120.986666" />
      <trkpt lat="35.438186" lon="-120.986751" />
      <trkpt lat="35.438273" lon="-120.986528" />
      <trkpt lat="35.438903" lon="-120.986513" />
      <trkpt lat="35.439358" lon="-120.986722" />
      <trkpt lat="35.440619" lon="-120.986690" />
      <trkpt lat="35.441072" lon="-120.986789" />
      <trkpt lat="35.441167" lon="-120.987117" />
      <trkpt lat="35.441710" lon="-120.987214" />
      <trkpt lat="35.441805" lon="-120.987542" />
      <trkpt lat="35.442346" lon="-120.987529" />
      <trkpt lat="35.443345" lon="-120.987944" />
      <trkpt lat="35.443615" lon="-120.987938" />
      <trkpt lat="35.443604" lon="-120.987277" />
      <trkpt lat="35.442973" lon="-120.987293" />
      <trkpt lat="35.442337" lon="-120.986978" />
      <trkpt lat="35.442331" lon="-120.986648" />
      <trkpt lat="35.442061" lon="-120.986654" />
      <trkpt lat="35.441781" lon="-120.986111" />
      <trkpt lat="35.443030" lon="-120.985308" />
      <trkpt lat="35.444562" lon="-120.985270" />
      <trkpt lat="35.445106" lon="-120.985477" />
      <trkpt lat="35.445200" lon="-120.985695" />
      <trkpt lat="35.445207" lon="-120.986135" />
      <trkpt lat="35.444937" lon="-120.986142" />
      <trkpt lat="35.444945" lon="-120.986583" />
      <trkpt lat="35.445395" lon="-120.986571" />
      <trkpt lat="35.445489" lon="-120.986789" />
      <trkpt lat="35.445851" lon="-120.986891" />
      <trkpt lat="35.446131" lon="-120.987434" />
      <trkpt lat="35.446493" lon="-120.987536" />
      <trkpt lat="35.446497" lon="-120.987756" />
      <trkpt lat="35.446857" lon="-120.987747" />
      <trkpt lat="35.446984" lon="-120.989947" />
    </trkseg>
    <trkseg>
      <trkpt lat="35.446177" lon="-120.990187" />
      <trkpt lat="35.446077" lon="-120.989639" />
      <trkpt lat="35.445709" lon="-120.989208" />
      <trkpt lat="35.445439" lon="-120.989214" />
      <trkpt lat="35.445360" lon="-120.989877" />
      <trkpt lat="35.445632" lon="-120.989981" />
      <trkpt lat="35.445730" lon="-120.990419" />
      <trkpt lat="35.446177" lon="-120.990187" />
    </trkseg>
    <trkseg>
      <trkpt lat="35.445871" lon="-120.988102" />
      <trkpt lat="35.445866" lon="-120.987771" />
      <trkpt lat="35.445505" lon="-120.987780" />
      <trkpt lat="35.445511" lon="-120.988111" />
      <trkpt lat="35.445871" lon="-120.988102" />
    </trkseg>
    <trkseg>
      <trkpt lat="35.444871" lon="-120.987576" />
      <trkpt lat="35.444865" lon="-120.987246" />
      <trkpt lat="35.444413" lon="-120.987147" />
      <trkpt lat="35.444510" lon="-120.987585" />
      <trkpt lat="35.444871" lon="-120.987576" />
    </trkseg>
    <trkseg>
      <trkpt lat="35.444624" lon="-120.989014" />
      <trkpt lat="35.444619" lon="-120.988684" />
      <trkpt lat="35.444165" lon="-120.988475" />
      <trkpt lat="35.444172" lon="-120.988915" />
      <trkpt lat="35.444624" lon="-120.989014" />
    </trkseg>
    <trkseg>
      <trkpt lat="35.442647" lon="-120.994792" />
      <trkpt lat="35.442640" lon="-120.994351" />
      <trkpt lat="35.442009" lon="-120.994367" />
      <trkpt lat="35.442015" lon="-120.994697" />
      <trkpt lat="35.442647" lon="-120.994792" />
    </trkseg>
    <trkseg>
      <trkpt lat="35.442386" lon="-120.989951" />
      <trkpt lat="35.442375" lon="-120.989290" />
      <trkpt lat="35.442105" lon="-120.989297" />
      <trkpt lat="35.442116" lon="-120.989958" />
      <trkpt lat="35.442386" lon="-120.989951" />
    </trkseg>
    <trkseg>
      <trkpt lat="35.441593" lon="-120.996470" />
      <trkpt lat="35.441588" lon="-120.996140" />
      <trkpt lat="35.441225" lon="-120.996039" />
      <trkpt lat="35.441233" lon="-120.996479" />
      <trkpt lat="35.441593" lon="-120.996470" />
    </trkseg>
    <trkseg>
      <trkpt lat="35.440867" lon="-120.996158" />
      <trkpt lat="35.440769" lon="-120.995720" />
      <trkpt lat="35.440409" lon="-120.995729" />
      <trkpt lat="35.440416" lon="-120.996169" />
      <trkpt lat="35.440867" lon="-120.996158" />
    </trkseg>
  </trk>
  <trk>
    <name>SC-AREA-086</name>
    <desc>Partial mapped habitat footprint clipped to a 225-m search window to retain complete depth coverage; not the entire reef or a single pile. Interior rings are holes in the selected habitat. Not a navigation route.</desc>
    <type>Interpreted habitat boundary</type>
    <trkseg>
      <trkpt lat="35.442608" lon="-120.960202" />
      <trkpt lat="35.442616" lon="-120.960643" />
      <trkpt lat="35.442526" lon="-120.960645" />
      <trkpt lat="35.442528" lon="-120.960755" />
      <trkpt lat="35.442347" lon="-120.960760" />
      <trkpt lat="35.442357" lon="-120.961310" />
      <trkpt lat="35.442627" lon="-120.961303" />
      <trkpt lat="35.442631" lon="-120.961524" />
      <trkpt lat="35.442905" lon="-120.961737" />
      <trkpt lat="35.442908" lon="-120.961957" />
      <trkpt lat="35.442999" lon="-120.961955" />
      <trkpt lat="35.443000" lon="-120.962065" />
      <trkpt lat="35.443181" lon="-120.962060" />
      <trkpt lat="35.443183" lon="-120.962171" />
      <trkpt lat="35.443365" lon="-120.962276" />
      <trkpt lat="35.443370" lon="-120.962607" />
      <trkpt lat="35.444273" lon="-120.962694" />
      <trkpt lat="35.444279" lon="-120.963024" />
      <trkpt lat="35.444641" lon="-120.963125" />
      <trkpt lat="35.444647" lon="-120.963456" />
      <trkpt lat="35.444827" lon="-120.963451" />
      <trkpt lat="35.444831" lon="-120.963671" />
      <trkpt lat="35.445076" lon="-120.963665" />
      <trkpt lat="35.445368" lon="-120.963461" />
      <trkpt lat="35.445916" lon="-120.962763" />
      <trkpt lat="35.446214" lon="-120.961764" />
      <trkpt lat="35.446152" lon="-120.961875" />
      <trkpt lat="35.446062" lon="-120.961878" />
      <trkpt lat="35.446060" lon="-120.961768" />
      <trkpt lat="35.445880" lon="-120.961772" />
      <trkpt lat="35.445794" lon="-120.961995" />
      <trkpt lat="35.445614" lon="-120.961999" />
      <trkpt lat="35.445612" lon="-120.961889" />
      <trkpt lat="35.445430" lon="-120.961783" />
      <trkpt lat="35.445426" lon="-120.961563" />
      <trkpt lat="35.445516" lon="-120.961561" />
      <trkpt lat="35.445603" lon="-120.961338" />
      <trkpt lat="35.445783" lon="-120.961334" />
      <trkpt lat="35.445785" lon="-120.961444" />
      <trkpt lat="35.445967" lon="-120.961550" />
      <trkpt lat="35.445965" lon="-120.961439" />
      <trkpt lat="35.446055" lon="-120.961437" />
      <trkpt lat="35.446051" lon="-120.961217" />
      <trkpt lat="35.446216" lon="-120.961103" />
      <trkpt lat="35.446185" lon="-120.960883" />
      <trkpt lat="35.446138" lon="-120.960994" />
      <trkpt lat="35.445957" lon="-120.960999" />
      <trkpt lat="35.445956" lon="-120.960889" />
      <trkpt lat="35.445773" lon="-120.960783" />
      <trkpt lat="35.445948" lon="-120.960448" />
      <trkpt lat="35.446068" lon="-120.960445" />
      <trkpt lat="35.445729" lon="-120.959793" />
      <trkpt lat="35.445486" lon="-120.959799" />
      <trkpt lat="35.445488" lon="-120.959909" />
      <trkpt lat="35.445398" lon="-120.959911" />
      <trkpt lat="35.445396" lon="-120.959801" />
      <trkpt lat="35.444856" lon="-120.959815" />
      <trkpt lat="35.444857" lon="-120.959925" />
      <trkpt lat="35.444767" lon="-120.959927" />
      <trkpt lat="35.444765" lon="-120.959817" />
      <trkpt lat="35.444585" lon="-120.959822" />
      <trkpt lat="35.444583" lon="-120.959712" />
      <trkpt lat="35.444401" lon="-120.959606" />
      <trkpt lat="35.444398" lon="-120.959386" />
      <trkpt lat="35.444307" lon="-120.959388" />
      <trkpt lat="35.444482" lon="-120.959053" />
      <trkpt lat="35.444662" lon="-120.959017" />
      <trkpt lat="35.444300" lon="-120.958956" />
      <trkpt lat="35.444302" lon="-120.959058" />
      <trkpt lat="35.444212" lon="-120.959060" />
      <trkpt lat="35.444210" lon="-120.958953" />
      <trkpt lat="35.443967" lon="-120.958968" />
      <trkpt lat="35.443578" lon="-120.959073" />
      <trkpt lat="35.443046" lon="-120.959397" />
      <trkpt lat="35.442446" lon="-120.960206" />
      <trkpt lat="35.442608" lon="-120.960202" />
    </trkseg>
    <trkseg>
      <trkpt lat="35.445512" lon="-120.961341" />
      <trkpt lat="35.445327" lon="-120.961015" />
      <trkpt lat="35.445593" lon="-120.960788" />
      <trkpt lat="35.445779" lon="-120.961114" />
      <trkpt lat="35.445512" lon="-120.961341" />
    </trkseg>
  </trk>
  <trk>
    <name>SC-AREA-087</name>
    <desc>Partial nearby mapped rough-rock/bedrock footprint, clipped within 350 m of retained targets and by depth/closure screening; not the complete reef or an individual pile. Interior rings are holes in the selected habitat. Not a navigation route.</desc>
    <type>Interpreted habitat boundary</type>
    <trkseg>
      <trkpt lat="35.446888" lon="-121.016830" />
      <trkpt lat="35.446708" lon="-121.016835" />
      <trkpt lat="35.446713" lon="-121.017165" />
      <trkpt lat="35.446533" lon="-121.017169" />
      <trkpt lat="35.446450" lon="-121.017612" />
      <trkpt lat="35.446270" lon="-121.017617" />
      <trkpt lat="35.446284" lon="-121.018498" />
      <trkpt lat="35.446556" lon="-121.018601" />
      <trkpt lat="35.446562" lon="-121.018931" />
      <trkpt lat="35.446111" lon="-121.018942" />
      <trkpt lat="35.446227" lon="-121.020482" />
      <trkpt lat="35.445962" lon="-121.020819" />
      <trkpt lat="35.445969" lon="-121.021259" />
      <trkpt lat="35.445698" lon="-121.021266" />
      <trkpt lat="35.445693" lon="-121.020936" />
      <trkpt lat="35.445423" lon="-121.020942" />
      <trkpt lat="35.444886" lon="-121.021176" />
      <trkpt lat="35.444893" lon="-121.021616" />
      <trkpt lat="35.444154" lon="-121.020533" />
      <trkpt lat="35.443793" lon="-121.020542" />
      <trkpt lat="35.443694" lon="-121.019993" />
      <trkpt lat="35.443238" lon="-121.019674" />
      <trkpt lat="35.443409" lon="-121.019119" />
      <trkpt lat="35.442955" lon="-121.018910" />
      <trkpt lat="35.442678" lon="-121.018476" />
      <trkpt lat="35.442764" lon="-121.018253" />
      <trkpt lat="35.442213" lon="-121.017606" />
      <trkpt lat="35.442387" lon="-121.017271" />
      <trkpt lat="35.442658" lon="-121.017264" />
      <trkpt lat="35.442651" lon="-121.016824" />
      <trkpt lat="35.442827" lon="-121.016599" />
      <trkpt lat="35.443007" lon="-121.016595" />
      <trkpt lat="35.443108" lon="-121.017253" />
      <trkpt lat="35.443739" lon="-121.017238" />
      <trkpt lat="35.443728" lon="-121.016577" />
      <trkpt lat="35.443278" lon="-121.016588" />
      <trkpt lat="35.443272" lon="-121.016258" />
      <trkpt lat="35.444076" lon="-121.015798" />
      <trkpt lat="35.445608" lon="-121.015760" />
      <trkpt lat="35.446882" lon="-121.016500" />
      <trkpt lat="35.446888" lon="-121.016830" />
    </trkseg>
  </trk>
  <trk>
    <name>SC-AREA-088</name>
    <desc>Partial nearby mapped rough-rock/bedrock footprint, clipped within 350 m of retained targets and by depth/closure screening; not the complete reef or an individual pile. Interior rings are holes in the selected habitat. Not a navigation route.</desc>
    <type>Interpreted habitat boundary</type>
    <trkseg>
      <trkpt lat="35.452415" lon="-120.980447" />
      <trkpt lat="35.451793" lon="-120.981013" />
      <trkpt lat="35.451890" lon="-120.981452" />
      <trkpt lat="35.451624" lon="-120.981679" />
      <trkpt lat="35.451719" lon="-120.982007" />
      <trkpt lat="35.451539" lon="-120.982011" />
      <trkpt lat="35.451469" lon="-120.983225" />
      <trkpt lat="35.451747" lon="-120.983659" />
      <trkpt lat="35.451666" lon="-120.984212" />
      <trkpt lat="35.451850" lon="-120.984427" />
      <trkpt lat="35.451398" lon="-120.984329" />
      <trkpt lat="35.451403" lon="-120.984659" />
      <trkpt lat="35.451133" lon="-120.984666" />
      <trkpt lat="35.451125" lon="-120.984225" />
      <trkpt lat="35.451396" lon="-120.984218" />
      <trkpt lat="35.451390" lon="-120.983888" />
      <trkpt lat="35.450485" lon="-120.983690" />
      <trkpt lat="35.450202" lon="-120.982926" />
      <trkpt lat="35.450022" lon="-120.982931" />
      <trkpt lat="35.450009" lon="-120.982160" />
      <trkpt lat="35.450370" lon="-120.982151" />
      <trkpt lat="35.450364" lon="-120.981820" />
      <trkpt lat="35.449733" lon="-120.981836" />
      <trkpt lat="35.449728" lon="-120.981506" />
      <trkpt lat="35.449998" lon="-120.981499" />
      <trkpt lat="35.449985" lon="-120.980728" />
      <trkpt lat="35.449625" lon="-120.980737" />
      <trkpt lat="35.449636" lon="-120.981398" />
      <trkpt lat="35.449005" lon="-120.981414" />
      <trkpt lat="35.448902" lon="-120.980645" />
      <trkpt lat="35.448630" lon="-120.980542" />
      <trkpt lat="35.448360" lon="-120.980548" />
      <trkpt lat="35.448277" lon="-120.980991" />
      <trkpt lat="35.447916" lon="-120.981000" />
      <trkpt lat="35.447913" lon="-120.980780" />
      <trkpt lat="35.447464" lon="-120.980901" />
      <trkpt lat="35.447460" lon="-120.980681" />
      <trkpt lat="35.447006" lon="-120.980472" />
      <trkpt lat="35.446910" lon="-120.980144" />
      <trkpt lat="35.446178" lon="-120.979501" />
      <trkpt lat="35.445895" lon="-120.978737" />
      <trkpt lat="35.445625" lon="-120.978744" />
      <trkpt lat="35.445728" lon="-120.979513" />
      <trkpt lat="35.445461" lon="-120.979739" />
      <trkpt lat="35.445467" lon="-120.980070" />
      <trkpt lat="35.446103" lon="-120.980384" />
      <trkpt lat="35.446202" lon="-120.980933" />
      <trkpt lat="35.446655" lon="-120.981032" />
      <trkpt lat="35.445480" lon="-120.980841" />
      <trkpt lat="35.444750" lon="-120.980308" />
      <trkpt lat="35.443918" lon="-120.979117" />
      <trkpt lat="35.443633" lon="-120.978243" />
      <trkpt lat="35.443618" lon="-120.977362" />
      <trkpt lat="35.443799" lon="-120.977357" />
      <trkpt lat="35.443791" lon="-120.976917" />
      <trkpt lat="35.444242" lon="-120.976906" />
      <trkpt lat="35.444245" lon="-120.977126" />
      <trkpt lat="35.444516" lon="-120.977119" />
      <trkpt lat="35.444510" lon="-120.976789" />
      <trkpt lat="35.444240" lon="-120.976796" />
      <trkpt lat="35.444231" lon="-120.976245" />
      <trkpt lat="35.444501" lon="-120.976238" />
      <trkpt lat="35.444496" lon="-120.975908" />
      <trkpt lat="35.445213" lon="-120.975670" />
      <trkpt lat="35.445216" lon="-120.975890" />
      <trkpt lat="35.445849" lon="-120.975984" />
      <trkpt lat="35.445748" lon="-120.975326" />
      <trkpt lat="35.446018" lon="-120.975319" />
      <trkpt lat="35.446103" lon="-120.974986" />
      <trkpt lat="35.446553" lon="-120.974975" />
      <trkpt lat="35.446448" lon="-120.974096" />
      <trkpt lat="35.447443" lon="-120.974292" />
      <trkpt lat="35.447548" lon="-120.975170" />
      <trkpt lat="35.447728" lon="-120.975166" />
      <trkpt lat="35.447830" lon="-120.975824" />
      <trkpt lat="35.448460" lon="-120.975809" />
      <trkpt lat="35.448455" lon="-120.975478" />
      <trkpt lat="35.448091" lon="-120.975267" />
      <trkpt lat="35.448247" lon="-120.973831" />
      <trkpt lat="35.449349" lon="-120.975015" />
      <trkpt lat="35.449264" lon="-120.975348" />
      <trkpt lat="35.448994" lon="-120.975355" />
      <trkpt lat="35.448999" lon="-120.975685" />
      <trkpt lat="35.449632" lon="-120.975779" />
      <trkpt lat="35.449645" lon="-120.976550" />
      <trkpt lat="35.449825" lon="-120.976546" />
      <trkpt lat="35.449766" lon="-120.978420" />
      <trkpt lat="35.450123" lon="-120.978191" />
      <trkpt lat="35.450844" lon="-120.978173" />
      <trkpt lat="35.451030" lon="-120.978499" />
      <trkpt lat="35.451296" lon="-120.978272" />
      <trkpt lat="35.451480" lon="-120.978487" />
      <trkpt lat="35.451394" lon="-120.978710" />
      <trkpt lat="35.450401" lon="-120.978624" />
      <trkpt lat="35.450230" lon="-120.979180" />
      <trkpt lat="35.449779" lon="-120.979191" />
      <trkpt lat="35.449787" lon="-120.979631" />
      <trkpt lat="35.450237" lon="-120.979620" />
      <trkpt lat="35.450243" lon="-120.979950" />
      <trkpt lat="35.451063" lon="-120.980481" />
      <trkpt lat="35.451513" lon="-120.980470" />
      <trkpt lat="35.451596" lon="-120.980027" />
      <trkpt lat="35.452411" lon="-120.980227" />
      <trkpt lat="35.452415" lon="-120.980447" />
    </trkseg>
    <trkseg>
      <trkpt lat="35.451881" lon="-120.980901" />
      <trkpt lat="35.451876" lon="-120.980571" />
      <trkpt lat="35.451515" lon="-120.980580" />
      <trkpt lat="35.451521" lon="-120.980910" />
      <trkpt lat="35.451881" lon="-120.980901" />
    </trkseg>
    <trkseg>
      <trkpt lat="35.449698" lon="-120.979744" />
      <trkpt lat="35.449693" lon="-120.979413" />
      <trkpt lat="35.448972" lon="-120.979431" />
      <trkpt lat="35.448981" lon="-120.979982" />
      <trkpt lat="35.449251" lon="-120.979975" />
      <trkpt lat="35.449248" lon="-120.979755" />
      <trkpt lat="35.449698" lon="-120.979744" />
    </trkseg>
    <trkseg>
      <trkpt lat="35.448902" lon="-120.975247" />
      <trkpt lat="35.448894" lon="-120.974806" />
      <trkpt lat="35.448624" lon="-120.974813" />
      <trkpt lat="35.448631" lon="-120.975253" />
      <trkpt lat="35.448902" lon="-120.975247" />
    </trkseg>
    <trkseg>
      <trkpt lat="35.448784" lon="-120.978995" />
      <trkpt lat="35.448775" lon="-120.978445" />
      <trkpt lat="35.448409" lon="-120.978123" />
      <trkpt lat="35.448398" lon="-120.977463" />
      <trkpt lat="35.448036" lon="-120.977362" />
      <trkpt lat="35.448023" lon="-120.976591" />
      <trkpt lat="35.447574" lon="-120.976712" />
      <trkpt lat="35.447775" lon="-120.977919" />
      <trkpt lat="35.447962" lon="-120.978355" />
      <trkpt lat="35.448234" lon="-120.978458" />
      <trkpt lat="35.448242" lon="-120.978899" />
      <trkpt lat="35.448784" lon="-120.978995" />
    </trkseg>
    <trkseg>
      <trkpt lat="35.446038" lon="-120.976530" />
      <trkpt lat="35.446031" lon="-120.976090" />
      <trkpt lat="35.445671" lon="-120.976099" />
      <trkpt lat="35.445678" lon="-120.976539" />
      <trkpt lat="35.446038" lon="-120.976530" />
    </trkseg>
    <trkseg>
      <trkpt lat="35.445531" lon="-120.978526" />
      <trkpt lat="35.445340" lon="-120.977870" />
      <trkpt lat="35.444885" lon="-120.977661" />
      <trkpt lat="35.444987" lon="-120.978319" />
      <trkpt lat="35.445171" lon="-120.978535" />
      <trkpt lat="35.445531" lon="-120.978526" />
    </trkseg>
    <trkseg>
      <trkpt lat="35.445093" lon="-120.979308" />
      <trkpt lat="35.445088" lon="-120.978978" />
      <trkpt lat="35.444726" lon="-120.978877" />
      <trkpt lat="35.444733" lon="-120.979317" />
      <trkpt lat="35.445093" lon="-120.979308" />
    </trkseg>
  </trk>
  <trk>
    <name>SC-AREA-089</name>
    <desc>Partial nearby mapped rough-rock/bedrock footprint, clipped within 350 m of retained targets and by depth/closure screening; not the complete reef or an individual pile. Interior rings are holes in the selected habitat. Not a navigation route.</desc>
    <type>Interpreted habitat boundary</type>
    <trkseg>
      <trkpt lat="35.452466" lon="-121.021651" />
      <trkpt lat="35.452106" lon="-121.021660" />
      <trkpt lat="35.451931" lon="-121.021995" />
      <trkpt lat="35.451480" lon="-121.022006" />
      <trkpt lat="35.451475" lon="-121.021675" />
      <trkpt lat="35.451114" lon="-121.021684" />
      <trkpt lat="35.451213" lon="-121.022233" />
      <trkpt lat="35.452205" lon="-121.022208" />
      <trkpt lat="35.452217" lon="-121.022979" />
      <trkpt lat="35.451857" lon="-121.022988" />
      <trkpt lat="35.451801" lon="-121.025083" />
      <trkpt lat="35.451172" lon="-121.025208" />
      <trkpt lat="35.451165" lon="-121.024768" />
      <trkpt lat="35.450804" lon="-121.024777" />
      <trkpt lat="35.450642" lon="-121.025882" />
      <trkpt lat="35.450372" lon="-121.025889" />
      <trkpt lat="35.450375" lon="-121.026109" />
      <trkpt lat="35.450015" lon="-121.026118" />
      <trkpt lat="35.450177" lon="-121.025012" />
      <trkpt lat="35.449727" lon="-121.025023" />
      <trkpt lat="35.449732" lon="-121.025354" />
      <trkpt lat="35.449011" lon="-121.025371" />
      <trkpt lat="35.448726" lon="-121.024497" />
      <trkpt lat="35.448186" lon="-121.024510" />
      <trkpt lat="35.448272" lon="-121.024288" />
      <trkpt lat="35.447814" lon="-121.023858" />
      <trkpt lat="35.447890" lon="-121.022975" />
      <trkpt lat="35.447616" lon="-121.022761" />
      <trkpt lat="35.447607" lon="-121.022211" />
      <trkpt lat="35.448056" lon="-121.022090" />
      <trkpt lat="35.448063" lon="-121.022530" />
      <trkpt lat="35.448333" lon="-121.022524" />
      <trkpt lat="35.448688" lon="-121.022184" />
      <trkpt lat="35.448685" lon="-121.021964" />
      <trkpt lat="35.449226" lon="-121.021951" />
      <trkpt lat="35.449220" lon="-121.021620" />
      <trkpt lat="35.448052" lon="-121.021869" />
      <trkpt lat="35.447957" lon="-121.021541" />
      <trkpt lat="35.447946" lon="-121.020881" />
      <trkpt lat="35.448746" lon="-121.020200" />
      <trkpt lat="35.449918" lon="-121.020171" />
      <trkpt lat="35.450002" lon="-121.019839" />
      <trkpt lat="35.451359" lon="-121.020136" />
      <trkpt lat="35.452457" lon="-121.021101" />
      <trkpt lat="35.452466" lon="-121.021651" />
    </trkseg>
    <trkseg>
      <trkpt lat="35.450530" lon="-121.024563" />
      <trkpt lat="35.450431" lon="-121.024015" />
      <trkpt lat="35.450161" lon="-121.024021" />
      <trkpt lat="35.450170" lon="-121.024572" />
      <trkpt lat="35.450530" lon="-121.024563" />
    </trkseg>
    <trkseg>
      <trkpt lat="35.450303" lon="-121.021704" />
      <trkpt lat="35.450298" lon="-121.021374" />
      <trkpt lat="35.449665" lon="-121.021279" />
      <trkpt lat="35.449672" lon="-121.021720" />
      <trkpt lat="35.450303" lon="-121.021704" />
    </trkseg>
    <trkseg>
      <trkpt lat="35.449977" lon="-121.023805" />
      <trkpt lat="35.449972" lon="-121.023475" />
      <trkpt lat="35.449611" lon="-121.023484" />
      <trkpt lat="35.449617" lon="-121.023814" />
      <trkpt lat="35.449977" lon="-121.023805" />
    </trkseg>
  </trk>
  <trk>
    <name>SC-AREA-090</name>
    <desc>Partial nearby mapped rough-rock/bedrock footprint, clipped within 350 m of retained targets and by depth/closure screening; not the complete reef or an individual pile. Interior rings are holes in the selected habitat. Not a navigation route.</desc>
    <type>Interpreted habitat boundary</type>
    <trkseg>
      <trkpt lat="35.454575" lon="-120.991080" />
      <trkpt lat="35.454399" lon="-120.991305" />
      <trkpt lat="35.453676" lon="-120.991213" />
      <trkpt lat="35.453773" lon="-120.991651" />
      <trkpt lat="35.454224" lon="-120.991640" />
      <trkpt lat="35.454150" lon="-120.992633" />
      <trkpt lat="35.453880" lon="-120.992640" />
      <trkpt lat="35.453886" lon="-120.992970" />
      <trkpt lat="35.452442" lon="-120.992896" />
      <trkpt lat="35.452446" lon="-120.993116" />
      <trkpt lat="35.452175" lon="-120.993123" />
      <trkpt lat="35.452166" lon="-120.992572" />
      <trkpt lat="35.451896" lon="-120.992579" />
      <trkpt lat="35.451905" lon="-120.993130" />
      <trkpt lat="35.451544" lon="-120.993139" />
      <trkpt lat="35.451537" lon="-120.992698" />
      <trkpt lat="35.451177" lon="-120.992707" />
      <trkpt lat="35.450908" lon="-120.992824" />
      <trkpt lat="35.450735" lon="-120.993269" />
      <trkpt lat="35.450018" lon="-120.993507" />
      <trkpt lat="35.449834" lon="-120.993291" />
      <trkpt lat="35.449827" lon="-120.992851" />
      <trkpt lat="35.449104" lon="-120.992759" />
      <trkpt lat="35.449181" lon="-120.991986" />
      <trkpt lat="35.448729" lon="-120.991887" />
      <trkpt lat="35.448602" lon="-120.989686" />
      <trkpt lat="35.448858" lon="-120.988799" />
      <trkpt lat="35.449649" lon="-120.987567" />
      <trkpt lat="35.450897" lon="-120.986765" />
      <trkpt lat="35.451618" lon="-120.986747" />
      <trkpt lat="35.451712" lon="-120.986965" />
      <trkpt lat="35.452073" lon="-120.986956" />
      <trkpt lat="35.452080" lon="-120.987396" />
      <trkpt lat="35.451539" lon="-120.987410" />
      <trkpt lat="35.451545" lon="-120.987740" />
      <trkpt lat="35.451004" lon="-120.987754" />
      <trkpt lat="35.451010" lon="-120.988084" />
      <trkpt lat="35.451550" lon="-120.988071" />
      <trkpt lat="35.451547" lon="-120.987850" />
      <trkpt lat="35.452448" lon="-120.987828" />
      <trkpt lat="35.452455" lon="-120.988268" />
      <trkpt lat="35.452635" lon="-120.988264" />
      <trkpt lat="35.452639" lon="-120.988484" />
      <trkpt lat="35.453005" lon="-120.988806" />
      <trkpt lat="35.453365" lon="-120.988797" />
      <trkpt lat="35.453371" lon="-120.989127" />
      <trkpt lat="35.453729" lon="-120.989008" />
      <trkpt lat="35.453897" lon="-120.988233" />
      <trkpt lat="35.454349" lon="-120.988331" />
      <trkpt lat="35.454360" lon="-120.988992" />
      <trkpt lat="35.454178" lon="-120.988887" />
      <trkpt lat="35.453647" lon="-120.989451" />
      <trkpt lat="35.453650" lon="-120.989671" />
      <trkpt lat="35.453832" lon="-120.989777" />
      <trkpt lat="35.453746" lon="-120.989999" />
      <trkpt lat="35.453932" lon="-120.990325" />
      <trkpt lat="35.453755" lon="-120.990550" />
      <trkpt lat="35.454033" lon="-120.990984" />
      <trkpt lat="35.454575" lon="-120.991080" />
    </trkseg>
    <trkseg>
      <trkpt lat="35.451243" lon="-120.991273" />
      <trkpt lat="35.451237" lon="-120.990943" />
      <trkpt lat="35.450607" lon="-120.990959" />
      <trkpt lat="35.450612" lon="-120.991289" />
      <trkpt lat="35.450342" lon="-120.991296" />
      <trkpt lat="35.450347" lon="-120.991626" />
      <trkpt lat="35.450888" lon="-120.991613" />
      <trkpt lat="35.450883" lon="-120.991282" />
      <trkpt lat="35.451243" lon="-120.991273" />
    </trkseg>
    <trkseg>
      <trkpt lat="35.450750" lon="-120.988752" />
      <trkpt lat="35.450745" lon="-120.988421" />
      <trkpt lat="35.450204" lon="-120.988435" />
      <trkpt lat="35.450302" lon="-120.988873" />
      <trkpt lat="35.450750" lon="-120.988752" />
    </trkseg>
    <trkseg>
      <trkpt lat="35.450357" lon="-120.992177" />
      <trkpt lat="35.450349" lon="-120.991736" />
      <trkpt lat="35.449989" lon="-120.991745" />
      <trkpt lat="35.449996" lon="-120.992186" />
      <trkpt lat="35.450357" lon="-120.992177" />
    </trkseg>
    <trkseg>
      <trkpt lat="35.449514" lon="-120.990325" />
      <trkpt lat="35.449509" lon="-120.989994" />
      <trkpt lat="35.449148" lon="-120.990003" />
      <trkpt lat="35.449154" lon="-120.990334" />
      <trkpt lat="35.449514" lon="-120.990325" />
    </trkseg>
  </trk>
  <trk>
    <name>SC-AREA-091</name>
    <desc>Partial nearby mapped rough-rock/bedrock footprint, clipped within 350 m of retained targets and by depth/closure screening; not the complete reef or an individual pile. Interior rings are holes in the selected habitat. Not a navigation route.</desc>
    <type>Interpreted habitat boundary</type>
    <trkseg>
      <trkpt lat="35.455322" lon="-121.008911" />
      <trkpt lat="35.455066" lon="-121.009798" />
      <trkpt lat="35.454451" lon="-121.010805" />
      <trkpt lat="35.453909" lon="-121.010708" />
      <trkpt lat="35.453813" lon="-121.010380" />
      <trkpt lat="35.453453" lon="-121.010389" />
      <trkpt lat="35.453435" lon="-121.009288" />
      <trkpt lat="35.453072" lon="-121.009186" />
      <trkpt lat="35.453069" lon="-121.008966" />
      <trkpt lat="35.452443" lon="-121.009312" />
      <trkpt lat="35.451901" lon="-121.009215" />
      <trkpt lat="35.451905" lon="-121.009436" />
      <trkpt lat="35.451362" lon="-121.009339" />
      <trkpt lat="35.451371" lon="-121.009889" />
      <trkpt lat="35.451101" lon="-121.009896" />
      <trkpt lat="35.451115" lon="-121.010777" />
      <trkpt lat="35.451566" lon="-121.010766" />
      <trkpt lat="35.451575" lon="-121.011317" />
      <trkpt lat="35.451305" lon="-121.011323" />
      <trkpt lat="35.451312" lon="-121.011764" />
      <trkpt lat="35.450768" lon="-121.011557" />
      <trkpt lat="35.449760" lon="-121.010590" />
      <trkpt lat="35.449104" lon="-121.009064" />
      <trkpt lat="35.449082" lon="-121.007742" />
      <trkpt lat="35.449352" lon="-121.007736" />
      <trkpt lat="35.449345" lon="-121.007295" />
      <trkpt lat="35.449525" lon="-121.007291" />
      <trkpt lat="35.449522" lon="-121.007071" />
      <trkpt lat="35.449882" lon="-121.007062" />
      <trkpt lat="35.449981" lon="-121.007610" />
      <trkpt lat="35.450432" lon="-121.007599" />
      <trkpt lat="35.450437" lon="-121.007929" />
      <trkpt lat="35.450890" lon="-121.008028" />
      <trkpt lat="35.450963" lon="-121.007035" />
      <trkpt lat="35.451324" lon="-121.007026" />
      <trkpt lat="35.451318" lon="-121.006696" />
      <trkpt lat="35.451046" lon="-121.006592" />
      <trkpt lat="35.451037" lon="-121.006042" />
      <trkpt lat="35.451308" lon="-121.006035" />
      <trkpt lat="35.451302" lon="-121.005705" />
      <trkpt lat="35.451753" lon="-121.005693" />
      <trkpt lat="35.451747" lon="-121.005363" />
      <trkpt lat="35.451385" lon="-121.005262" />
      <trkpt lat="35.451376" lon="-121.004711" />
      <trkpt lat="35.450657" lon="-121.004839" />
      <trkpt lat="35.450653" lon="-121.004619" />
      <trkpt lat="35.451368" lon="-121.004271" />
      <trkpt lat="35.452540" lon="-121.004242" />
      <trkpt lat="35.451810" lon="-121.003709" />
      <trkpt lat="35.451069" lon="-121.002515" />
      <trkpt lat="35.451703" lon="-121.002720" />
      <trkpt lat="35.451891" lon="-121.003156" />
      <trkpt lat="35.452342" lon="-121.003145" />
      <trkpt lat="35.452349" lon="-121.003585" />
      <trkpt lat="35.452709" lon="-121.003576" />
      <trkpt lat="35.452713" lon="-121.003797" />
      <trkpt lat="35.452985" lon="-121.003900" />
      <trkpt lat="35.452910" lon="-121.004783" />
      <trkpt lat="35.454178" lon="-121.005193" />
      <trkpt lat="35.454182" lon="-121.005413" />
      <trkpt lat="35.454636" lon="-121.005622" />
      <trkpt lat="35.455100" lon="-121.006382" />
      <trkpt lat="35.454925" lon="-121.006717" />
      <trkpt lat="35.454476" lon="-121.006838" />
      <trkpt lat="35.453119" lon="-121.006541" />
      <trkpt lat="35.452400" lon="-121.006669" />
      <trkpt lat="35.452396" lon="-121.006449" />
      <trkpt lat="35.452126" lon="-121.006455" />
      <trkpt lat="35.452225" lon="-121.007004" />
      <trkpt lat="35.453490" lon="-121.007193" />
      <trkpt lat="35.453672" lon="-121.007299" />
      <trkpt lat="35.453770" lon="-121.007737" />
      <trkpt lat="35.454226" lon="-121.008056" />
      <trkpt lat="35.454676" lon="-121.008045" />
      <trkpt lat="35.454945" lon="-121.007928" />
      <trkpt lat="35.454941" lon="-121.007708" />
      <trkpt lat="35.455302" lon="-121.007699" />
      <trkpt lat="35.455322" lon="-121.008911" />
    </trkseg>
    <trkseg>
      <trkpt lat="35.454073" lon="-121.009713" />
      <trkpt lat="35.454064" lon="-121.009162" />
      <trkpt lat="35.453793" lon="-121.009169" />
      <trkpt lat="35.453802" lon="-121.009719" />
      <trkpt lat="35.454073" lon="-121.009713" />
    </trkseg>
    <trkseg>
      <trkpt lat="35.450647" lon="-121.009687" />
      <trkpt lat="35.450639" lon="-121.009246" />
      <trkpt lat="35.449826" lon="-121.009156" />
      <trkpt lat="35.449834" lon="-121.009597" />
      <trkpt lat="35.450647" lon="-121.009687" />
    </trkseg>
    <trkseg>
      <trkpt lat="35.450266" lon="-121.008484" />
      <trkpt lat="35.450073" lon="-121.007718" />
      <trkpt lat="35.449536" lon="-121.007952" />
      <trkpt lat="35.449545" lon="-121.008502" />
      <trkpt lat="35.450266" lon="-121.008484" />
    </trkseg>
  </trk>
  <trk>
    <name>SC-AREA-092</name>
    <desc>Partial nearby mapped rough-rock/bedrock footprint, clipped within 350 m of retained targets and by depth/closure screening; not the complete reef or an individual pile. Interior rings are holes in the selected habitat. Not a navigation route.</desc>
    <type>Interpreted habitat boundary</type>
    <trkseg>
      <trkpt lat="35.456641" lon="-121.001496" />
      <trkpt lat="35.456377" lon="-121.001833" />
      <trkpt lat="35.456568" lon="-121.002489" />
      <trkpt lat="35.456306" lon="-121.003047" />
      <trkpt lat="35.455332" lon="-121.004063" />
      <trkpt lat="35.454793" lon="-121.004186" />
      <trkpt lat="35.454699" lon="-121.003968" />
      <trkpt lat="35.453888" lon="-121.003988" />
      <trkpt lat="35.453421" lon="-121.003008" />
      <trkpt lat="35.453241" lon="-121.003012" />
      <trkpt lat="35.453142" lon="-121.002464" />
      <trkpt lat="35.452421" lon="-121.002482" />
      <trkpt lat="35.452233" lon="-121.002046" />
      <trkpt lat="35.450883" lon="-121.002189" />
      <trkpt lat="35.450587" lon="-121.000654" />
      <trkpt lat="35.450672" lon="-121.000322" />
      <trkpt lat="35.451213" lon="-121.000308" />
      <trkpt lat="35.451209" lon="-121.000088" />
      <trkpt lat="35.452200" lon="-121.000063" />
      <trkpt lat="35.452204" lon="-121.000284" />
      <trkpt lat="35.452474" lon="-121.000277" />
      <trkpt lat="35.452467" lon="-120.999836" />
      <trkpt lat="35.453905" lon="-120.999581" />
      <trkpt lat="35.453900" lon="-120.999250" />
      <trkpt lat="35.453718" lon="-120.999144" />
      <trkpt lat="35.451645" lon="-120.999196" />
      <trkpt lat="35.451625" lon="-120.997984" />
      <trkpt lat="35.451895" lon="-120.997978" />
      <trkpt lat="35.451888" lon="-120.997537" />
      <trkpt lat="35.452243" lon="-120.997198" />
      <trkpt lat="35.452964" lon="-120.997180" />
      <trkpt lat="35.453874" lon="-120.997708" />
      <trkpt lat="35.454235" lon="-120.997699" />
      <trkpt lat="35.454319" lon="-120.997367" />
      <trkpt lat="35.455224" lon="-120.997565" />
      <trkpt lat="35.455309" lon="-120.997232" />
      <trkpt lat="35.455949" lon="-120.997767" />
      <trkpt lat="35.456232" lon="-120.998531" />
      <trkpt lat="35.456055" lon="-120.998756" />
      <trkpt lat="35.456244" lon="-120.999302" />
      <trkpt lat="35.455978" lon="-120.999529" />
      <trkpt lat="35.456073" lon="-120.999857" />
      <trkpt lat="35.455895" lon="-120.999972" />
      <trkpt lat="35.455812" lon="-121.000415" />
      <trkpt lat="35.456000" lon="-121.000851" />
      <trkpt lat="35.456270" lon="-121.000844" />
      <trkpt lat="35.456001" lon="-121.000961" />
      <trkpt lat="35.456009" lon="-121.001401" />
      <trkpt lat="35.456369" lon="-121.001393" />
      <trkpt lat="35.456456" lon="-121.001170" />
      <trkpt lat="35.456641" lon="-121.001496" />
    </trkseg>
    <trkseg>
      <trkpt lat="35.454446" lon="-120.999567" />
      <trkpt lat="35.454437" lon="-120.999016" />
      <trkpt lat="35.454166" lon="-120.999023" />
      <trkpt lat="35.454176" lon="-120.999574" />
      <trkpt lat="35.454446" lon="-120.999567" />
    </trkseg>
  </trk>
  <trk>
    <name>SC-AREA-093</name>
    <desc>Partial nearby mapped rough-rock/bedrock footprint, clipped within 350 m of retained targets and by depth/closure screening; not the complete reef or an individual pile. Interior rings are holes in the selected habitat. Not a navigation route.</desc>
    <type>Interpreted habitat boundary</type>
    <trkseg>
      <trkpt lat="35.460048" lon="-121.027746" />
      <trkpt lat="35.459443" lon="-121.029303" />
      <trkpt lat="35.458468" lon="-121.030319" />
      <trkpt lat="35.457033" lon="-121.030795" />
      <trkpt lat="35.456220" lon="-121.030704" />
      <trkpt lat="35.455492" lon="-121.030281" />
      <trkpt lat="35.455851" lon="-121.030162" />
      <trkpt lat="35.455935" lon="-121.029830" />
      <trkpt lat="35.456386" lon="-121.029819" />
      <trkpt lat="35.456381" lon="-121.029488" />
      <trkpt lat="35.455838" lon="-121.029391" />
      <trkpt lat="35.455743" lon="-121.029063" />
      <trkpt lat="35.455380" lon="-121.028962" />
      <trkpt lat="35.455373" lon="-121.028521" />
      <trkpt lat="35.454834" lon="-121.028645" />
      <trkpt lat="35.455078" lon="-121.026986" />
      <trkpt lat="35.455613" lon="-121.026642" />
      <trkpt lat="35.455606" lon="-121.026202" />
      <trkpt lat="35.454796" lon="-121.026332" />
      <trkpt lat="35.454777" lon="-121.025120" />
      <trkpt lat="35.454506" lon="-121.025127" />
      <trkpt lat="35.454349" lon="-121.026563" />
      <trkpt lat="35.454625" lon="-121.026887" />
      <trkpt lat="35.454632" lon="-121.027327" />
      <trkpt lat="35.454274" lon="-121.027446" />
      <trkpt lat="35.454378" lon="-121.028325" />
      <trkpt lat="35.454018" lon="-121.028334" />
      <trkpt lat="35.453830" lon="-121.027898" />
      <trkpt lat="35.453800" lon="-121.026026" />
      <trkpt lat="35.454405" lon="-121.024468" />
      <trkpt lat="35.455036" lon="-121.024453" />
      <trkpt lat="35.455025" lon="-121.023792" />
      <trkpt lat="35.455380" lon="-121.023453" />
      <trkpt lat="35.455921" lon="-121.023440" />
      <trkpt lat="35.456096" lon="-121.023105" />
      <trkpt lat="35.457900" lon="-121.023171" />
      <trkpt lat="35.458902" lon="-121.023807" />
      <trkpt lat="35.459733" lon="-121.024999" />
      <trkpt lat="35.460018" lon="-121.025874" />
      <trkpt lat="35.460048" lon="-121.027746" />
    </trkseg>
    <trkseg>
      <trkpt lat="35.457786" lon="-121.027250" />
      <trkpt lat="35.457781" lon="-121.026920" />
      <trkpt lat="35.457421" lon="-121.026929" />
      <trkpt lat="35.457426" lon="-121.027259" />
      <trkpt lat="35.457786" lon="-121.027250" />
    </trkseg>
    <trkseg>
      <trkpt lat="35.457383" lon="-121.030125" />
      <trkpt lat="35.457375" lon="-121.029684" />
      <trkpt lat="35.456743" lon="-121.029590" />
      <trkpt lat="35.456752" lon="-121.030140" />
      <trkpt lat="35.457383" lon="-121.030125" />
    </trkseg>
    <trkseg>
      <trkpt lat="35.456400" lon="-121.025191" />
      <trkpt lat="35.456393" lon="-121.024750" />
      <trkpt lat="35.456031" lon="-121.024649" />
      <trkpt lat="35.456130" lon="-121.025197" />
      <trkpt lat="35.456400" lon="-121.025191" />
    </trkseg>
  </trk>
  <trk>
    <name>SC-AREA-094</name>
    <desc>Partial nearby mapped rough-rock/bedrock footprint, clipped within 350 m of retained targets and by depth/closure screening; not the complete reef or an individual pile. Interior rings are holes in the selected habitat. Not a navigation route.</desc>
    <type>Interpreted habitat boundary</type>
    <trkseg>
      <trkpt lat="35.460864" lon="-121.017038" />
      <trkpt lat="35.460259" lon="-121.018595" />
      <trkpt lat="35.459284" lon="-121.019611" />
      <trkpt lat="35.458568" lon="-121.019959" />
      <trkpt lat="35.457487" lon="-121.019986" />
      <trkpt lat="35.457483" lon="-121.019765" />
      <trkpt lat="35.457037" lon="-121.019997" />
      <trkpt lat="35.456310" lon="-121.019684" />
      <trkpt lat="35.456213" lon="-121.019246" />
      <trkpt lat="35.455762" lon="-121.019257" />
      <trkpt lat="35.454931" lon="-121.018065" />
      <trkpt lat="35.454542" lon="-121.016312" />
      <trkpt lat="35.454616" lon="-121.015318" />
      <trkpt lat="35.454872" lon="-121.014431" />
      <trkpt lat="35.455140" lon="-121.014314" />
      <trkpt lat="35.455221" lon="-121.013761" />
      <trkpt lat="35.455663" lon="-121.013199" />
      <trkpt lat="35.456202" lon="-121.013076" />
      <trkpt lat="35.456196" lon="-121.012745" />
      <trkpt lat="35.456737" lon="-121.012732" />
      <trkpt lat="35.456912" lon="-121.012397" />
      <trkpt lat="35.457631" lon="-121.012269" />
      <trkpt lat="35.458083" lon="-121.012368" />
      <trkpt lat="35.458089" lon="-121.012699" />
      <trkpt lat="35.458988" lon="-121.012567" />
      <trkpt lat="35.459718" lon="-121.013100" />
      <trkpt lat="35.460643" lon="-121.014509" />
      <trkpt lat="35.460834" lon="-121.015166" />
      <trkpt lat="35.460864" lon="-121.017038" />
    </trkseg>
    <trkseg>
      <trkpt lat="35.460673" lon="-121.016382" />
      <trkpt lat="35.460662" lon="-121.015721" />
      <trkpt lat="35.460392" lon="-121.015727" />
      <trkpt lat="35.460396" lon="-121.015948" />
      <trkpt lat="35.459401" lon="-121.015752" />
      <trkpt lat="35.459406" lon="-121.016082" />
      <trkpt lat="35.460039" lon="-121.016177" />
      <trkpt lat="35.460134" lon="-121.016505" />
      <trkpt lat="35.460673" lon="-121.016382" />
    </trkseg>
    <trkseg>
      <trkpt lat="35.459981" lon="-121.018162" />
      <trkpt lat="35.459972" lon="-121.017611" />
      <trkpt lat="35.459520" lon="-121.017512" />
      <trkpt lat="35.459711" lon="-121.018168" />
      <trkpt lat="35.459981" lon="-121.018162" />
    </trkseg>
    <trkseg>
      <trkpt lat="35.459044" lon="-121.015981" />
      <trkpt lat="35.459039" lon="-121.015650" />
      <trkpt lat="35.458136" lon="-121.015562" />
      <trkpt lat="35.458141" lon="-121.015893" />
      <trkpt lat="35.459044" lon="-121.015981" />
    </trkseg>
    <trkseg>
      <trkpt lat="35.458974" lon="-121.017195" />
      <trkpt lat="35.458967" lon="-121.016754" />
      <trkpt lat="35.458696" lon="-121.016761" />
      <trkpt lat="35.458703" lon="-121.017201" />
      <trkpt lat="35.458974" lon="-121.017195" />
    </trkseg>
    <trkseg>
      <trkpt lat="35.457269" lon="-121.017677" />
      <trkpt lat="35.457263" lon="-121.017347" />
      <trkpt lat="35.456903" lon="-121.017356" />
      <trkpt lat="35.456908" lon="-121.017686" />
      <trkpt lat="35.457269" lon="-121.017677" />
    </trkseg>
  </trk>
  <trk>
    <name>SC-AREA-095</name>
    <desc>Partial nearby mapped rough-rock/bedrock footprint, clipped within 350 m of retained targets and by depth/closure screening; not the complete reef or an individual pile. Interior rings are holes in the selected habitat. Not a navigation route.</desc>
    <type>Interpreted habitat boundary</type>
    <trkseg>
      <trkpt lat="35.467291" lon="-121.035173" />
      <trkpt lat="35.466480" lon="-121.035192" />
      <trkpt lat="35.466379" lon="-121.034534" />
      <trkpt lat="35.465929" lon="-121.034545" />
      <trkpt lat="35.465934" lon="-121.034875" />
      <trkpt lat="35.465213" lon="-121.034893" />
      <trkpt lat="35.464310" lon="-121.034804" />
      <trkpt lat="35.464215" lon="-121.034476" />
      <trkpt lat="35.463584" lon="-121.034492" />
      <trkpt lat="35.463420" lon="-121.035487" />
      <trkpt lat="35.462969" lon="-121.035498" />
      <trkpt lat="35.463002" lon="-121.037481" />
      <trkpt lat="35.462376" lon="-121.037827" />
      <trkpt lat="35.462380" lon="-121.038047" />
      <trkpt lat="35.461926" lon="-121.037838" />
      <trkpt lat="35.462000" lon="-121.036844" />
      <trkpt lat="35.461279" lon="-121.036862" />
      <trkpt lat="35.460005" lon="-121.036121" />
      <trkpt lat="35.459997" lon="-121.035681" />
      <trkpt lat="35.460178" lon="-121.035676" />
      <trkpt lat="35.460174" lon="-121.035456" />
      <trkpt lat="35.460801" lon="-121.035220" />
      <trkpt lat="35.460695" lon="-121.034231" />
      <trkpt lat="35.460875" lon="-121.034227" />
      <trkpt lat="35.460863" lon="-121.033456" />
      <trkpt lat="35.460592" lon="-121.033463" />
      <trkpt lat="35.460585" lon="-121.033022" />
      <trkpt lat="35.461034" lon="-121.032901" />
      <trkpt lat="35.461039" lon="-121.033231" />
      <trkpt lat="35.461400" lon="-121.033222" />
      <trkpt lat="35.461389" lon="-121.032562" />
      <trkpt lat="35.461836" lon="-121.032330" />
      <trkpt lat="35.462009" lon="-121.031885" />
      <trkpt lat="35.462458" lon="-121.031764" />
      <trkpt lat="35.462454" lon="-121.031544" />
      <trkpt lat="35.462903" lon="-121.031423" />
      <trkpt lat="35.463253" lon="-121.030753" />
      <trkpt lat="35.463793" lon="-121.030740" />
      <trkpt lat="35.463788" lon="-121.030410" />
      <trkpt lat="35.464147" lon="-121.030291" />
      <trkpt lat="35.464792" lon="-121.031156" />
      <trkpt lat="35.465076" lon="-121.032031" />
      <trkpt lat="35.465183" lon="-121.033020" />
      <trkpt lat="35.465019" lon="-121.034016" />
      <trkpt lat="35.466284" lon="-121.034205" />
      <trkpt lat="35.467291" lon="-121.035173" />
    </trkseg>
    <trkseg>
      <trkpt lat="35.461513" lon="-121.034652" />
      <trkpt lat="35.461508" lon="-121.034322" />
      <trkpt lat="35.461146" lon="-121.034220" />
      <trkpt lat="35.461151" lon="-121.034551" />
      <trkpt lat="35.461513" lon="-121.034652" />
    </trkseg>
  </trk>
  <trk>
    <name>SC-AREA-096</name>
    <desc>Partial mapped habitat footprint clipped to a 125-m search window to retain complete depth coverage; not the entire reef or a single pile. Interior rings are holes in the selected habitat. Not a navigation route.</desc>
    <type>Interpreted habitat boundary</type>
    <trkseg>
      <trkpt lat="35.471079" lon="-121.028254" />
      <trkpt lat="35.470661" lon="-121.028421" />
      <trkpt lat="35.470327" lon="-121.028770" />
      <trkpt lat="35.470128" lon="-121.029249" />
      <trkpt lat="35.470093" lon="-121.029784" />
      <trkpt lat="35.470229" lon="-121.030295" />
      <trkpt lat="35.470515" lon="-121.030704" />
      <trkpt lat="35.470907" lon="-121.030948" />
      <trkpt lat="35.471345" lon="-121.030990" />
      <trkpt lat="35.471763" lon="-121.030823" />
      <trkpt lat="35.472097" lon="-121.030474" />
      <trkpt lat="35.472296" lon="-121.029995" />
      <trkpt lat="35.472331" lon="-121.029460" />
      <trkpt lat="35.472195" lon="-121.028949" />
      <trkpt lat="35.471909" lon="-121.028540" />
      <trkpt lat="35.471517" lon="-121.028296" />
      <trkpt lat="35.471079" lon="-121.028254" />
    </trkseg>
  </trk>
  <trk>
    <name>SC-AREA-097</name>
    <desc>Partial nearby mapped rough-rock/bedrock footprint, clipped within 350 m of retained targets and by depth/closure screening; not the complete reef or an individual pile. Interior rings are holes in the selected habitat. Not a navigation route.</desc>
    <type>Interpreted habitat boundary</type>
    <trkseg>
      <trkpt lat="35.477687" lon="-121.036903" />
      <trkpt lat="35.477355" lon="-121.038675" />
      <trkpt lat="35.477259" lon="-121.038347" />
      <trkpt lat="35.476989" lon="-121.038353" />
      <trkpt lat="35.476722" lon="-121.038580" />
      <trkpt lat="35.476728" lon="-121.038911" />
      <trkpt lat="35.475556" lon="-121.038939" />
      <trkpt lat="35.475284" lon="-121.038835" />
      <trkpt lat="35.475280" lon="-121.038615" />
      <trkpt lat="35.475010" lon="-121.038622" />
      <trkpt lat="35.474821" lon="-121.038075" />
      <trkpt lat="35.474006" lon="-121.037875" />
      <trkpt lat="35.474107" lon="-121.038533" />
      <trkpt lat="35.474378" lon="-121.038527" />
      <trkpt lat="35.474381" lon="-121.038747" />
      <trkpt lat="35.474651" lon="-121.038741" />
      <trkpt lat="35.474929" lon="-121.039175" />
      <trkpt lat="35.475560" lon="-121.039159" />
      <trkpt lat="35.475569" lon="-121.039710" />
      <trkpt lat="35.476290" lon="-121.039693" />
      <trkpt lat="35.476466" lon="-121.039468" />
      <trkpt lat="35.476829" lon="-121.039569" />
      <trkpt lat="35.476030" lon="-121.040360" />
      <trkpt lat="35.475314" lon="-121.040708" />
      <trkpt lat="35.473783" lon="-121.040745" />
      <trkpt lat="35.472508" lon="-121.040005" />
      <trkpt lat="35.471678" lon="-121.038813" />
      <trkpt lat="35.471393" lon="-121.037938" />
      <trkpt lat="35.471363" lon="-121.036065" />
      <trkpt lat="35.471968" lon="-121.034508" />
      <trkpt lat="35.472943" lon="-121.033492" />
      <trkpt lat="35.474378" lon="-121.033017" />
      <trkpt lat="35.475191" lon="-121.033107" />
      <trkpt lat="35.475917" lon="-121.033420" />
      <trkpt lat="35.476924" lon="-121.034387" />
      <trkpt lat="35.477389" lon="-121.035258" />
      <trkpt lat="35.477687" lon="-121.036903" />
    </trkseg>
    <trkseg>
      <trkpt lat="35.475215" lon="-121.040160" />
      <trkpt lat="35.475210" lon="-121.039829" />
      <trkpt lat="35.474759" lon="-121.039840" />
      <trkpt lat="35.474765" lon="-121.040171" />
      <trkpt lat="35.475215" lon="-121.040160" />
    </trkseg>
    <trkseg>
      <trkpt lat="35.473410" lon="-121.039983" />
      <trkpt lat="35.473402" lon="-121.039542" />
      <trkpt lat="35.473132" lon="-121.039549" />
      <trkpt lat="35.473139" lon="-121.039990" />
      <trkpt lat="35.473410" lon="-121.039983" />
    </trkseg>
    <trkseg>
      <trkpt lat="35.472548" lon="-121.036918" />
      <trkpt lat="35.472543" lon="-121.036588" />
      <trkpt lat="35.472002" lon="-121.036601" />
      <trkpt lat="35.472008" lon="-121.036931" />
      <trkpt lat="35.472548" lon="-121.036918" />
    </trkseg>
  </trk>
  <trk>
    <name>SC-AREA-098</name>
    <desc>Partial nearby mapped rough-rock/bedrock footprint, clipped within 350 m of retained targets and by depth/closure screening; not the complete reef or an individual pile. Interior rings are holes in the selected habitat. Not a navigation route.</desc>
    <type>Interpreted habitat boundary</type>
    <trkseg>
      <trkpt lat="35.485428" lon="-121.047296" />
      <trkpt lat="35.485096" lon="-121.049068" />
      <trkpt lat="35.484746" lon="-121.049738" />
      <trkpt lat="35.483771" lon="-121.050753" />
      <trkpt lat="35.482246" lon="-121.051231" />
      <trkpt lat="35.481523" lon="-121.051138" />
      <trkpt lat="35.481520" lon="-121.050918" />
      <trkpt lat="35.481880" lon="-121.050909" />
      <trkpt lat="35.481870" lon="-121.050248" />
      <trkpt lat="35.481509" lon="-121.050257" />
      <trkpt lat="35.481428" lon="-121.050810" />
      <trkpt lat="35.481250" lon="-121.050924" />
      <trkpt lat="35.480523" lon="-121.050611" />
      <trkpt lat="35.480628" lon="-121.051490" />
      <trkpt lat="35.480359" lon="-121.051607" />
      <trkpt lat="35.480200" lon="-121.052934" />
      <trkpt lat="35.479660" lon="-121.052947" />
      <trkpt lat="35.479398" lon="-121.053504" />
      <trkpt lat="35.479038" lon="-121.053513" />
      <trkpt lat="35.478944" lon="-121.053295" />
      <trkpt lat="35.478674" lon="-121.053301" />
      <trkpt lat="35.478668" lon="-121.052971" />
      <trkpt lat="35.478398" lon="-121.052977" />
      <trkpt lat="35.478403" lon="-121.053308" />
      <trkpt lat="35.477953" lon="-121.053318" />
      <trkpt lat="35.477781" lon="-121.053874" />
      <trkpt lat="35.477331" lon="-121.053884" />
      <trkpt lat="35.477149" lon="-121.053779" />
      <trkpt lat="35.477143" lon="-121.053448" />
      <trkpt lat="35.476693" lon="-121.053459" />
      <trkpt lat="35.476504" lon="-121.052913" />
      <trkpt lat="35.475873" lon="-121.052928" />
      <trkpt lat="35.475866" lon="-121.052487" />
      <trkpt lat="35.476316" lon="-121.052476" />
      <trkpt lat="35.476309" lon="-121.052036" />
      <trkpt lat="35.475228" lon="-121.052062" />
      <trkpt lat="35.475480" lon="-121.050953" />
      <trkpt lat="35.475120" lon="-121.050962" />
      <trkpt lat="35.475019" lon="-121.050303" />
      <trkpt lat="35.475198" lon="-121.050189" />
      <trkpt lat="35.475360" lon="-121.049083" />
      <trkpt lat="35.475540" lon="-121.049079" />
      <trkpt lat="35.475535" lon="-121.048748" />
      <trkpt lat="35.475803" lon="-121.048631" />
      <trkpt lat="35.475885" lon="-121.048078" />
      <trkpt lat="35.476600" lon="-121.047730" />
      <trkpt lat="35.478132" lon="-121.047693" />
      <trkpt lat="35.479132" lon="-121.048220" />
      <trkpt lat="35.479118" lon="-121.047339" />
      <trkpt lat="35.477408" lon="-121.047490" />
      <trkpt lat="35.476681" lon="-121.047177" />
      <trkpt lat="35.475858" lon="-121.046426" />
      <trkpt lat="35.475692" lon="-121.047312" />
      <trkpt lat="35.475422" lon="-121.047318" />
      <trkpt lat="35.475339" lon="-121.047761" />
      <trkpt lat="35.474980" lon="-121.047880" />
      <trkpt lat="35.474821" lon="-121.049206" />
      <trkpt lat="35.474470" lon="-121.049766" />
      <trkpt lat="35.473666" lon="-121.050226" />
      <trkpt lat="35.473740" lon="-121.049232" />
      <trkpt lat="35.473379" lon="-121.049241" />
      <trkpt lat="35.473383" lon="-121.049461" />
      <trkpt lat="35.472844" lon="-121.049584" />
      <trkpt lat="35.472586" lon="-121.050362" />
      <trkpt lat="35.472226" lon="-121.050371" />
      <trkpt lat="35.472309" lon="-121.049928" />
      <trkpt lat="35.472118" lon="-121.049271" />
      <trkpt lat="35.471667" lon="-121.049282" />
      <trkpt lat="35.471672" lon="-121.049613" />
      <trkpt lat="35.471406" lon="-121.049840" />
      <trkpt lat="35.470497" lon="-121.049421" />
      <trkpt lat="35.469851" lon="-121.048445" />
      <trkpt lat="35.469562" lon="-121.047350" />
      <trkpt lat="35.468843" lon="-121.047477" />
      <trkpt lat="35.468659" lon="-121.047261" />
      <trkpt lat="35.468472" lon="-121.046825" />
      <trkpt lat="35.468553" lon="-121.046272" />
      <trkpt lat="35.468371" lon="-121.046166" />
      <trkpt lat="35.467993" lon="-121.045073" />
      <trkpt lat="35.467355" lon="-121.044648" />
      <trkpt lat="35.467346" lon="-121.044097" />
      <trkpt lat="35.467526" lon="-121.044093" />
      <trkpt lat="35.467523" lon="-121.043873" />
      <trkpt lat="35.467883" lon="-121.043864" />
      <trkpt lat="35.467968" lon="-121.043531" />
      <trkpt lat="35.468237" lon="-121.043415" />
      <trkpt lat="35.468321" lon="-121.043082" />
      <trkpt lat="35.468592" lon="-121.043075" />
      <trkpt lat="35.468676" lon="-121.042743" />
      <trkpt lat="35.469484" lon="-121.042503" />
      <trkpt lat="35.469291" lon="-121.041736" />
      <trkpt lat="35.469740" lon="-121.041615" />
      <trkpt lat="35.469821" lon="-121.041062" />
      <trkpt lat="35.470182" lon="-121.041053" />
      <trkpt lat="35.470173" lon="-121.040502" />
      <trkpt lat="35.469632" lon="-121.040516" />
      <trkpt lat="35.469457" lon="-121.040850" />
      <trkpt lat="35.468826" lon="-121.040866" />
      <trkpt lat="35.468830" lon="-121.041086" />
      <trkpt lat="35.468469" lon="-121.041095" />
      <trkpt lat="35.468476" lon="-121.041535" />
      <trkpt lat="35.468029" lon="-121.041767" />
      <trkpt lat="35.468035" lon="-121.042097" />
      <trkpt lat="35.468395" lon="-121.042088" />
      <trkpt lat="35.468404" lon="-121.042639" />
      <trkpt lat="35.467867" lon="-121.042872" />
      <trkpt lat="35.467503" lon="-121.042661" />
      <trkpt lat="35.467496" lon="-121.042220" />
      <trkpt lat="35.467226" lon="-121.042227" />
      <trkpt lat="35.467143" lon="-121.042670" />
      <trkpt lat="35.466872" lon="-121.042676" />
      <trkpt lat="35.466879" lon="-121.043117" />
      <trkpt lat="35.466699" lon="-121.043121" />
      <trkpt lat="35.466441" lon="-121.043899" />
      <trkpt lat="35.466072" lon="-121.043357" />
      <trkpt lat="35.465528" lon="-121.043150" />
      <trkpt lat="35.465692" lon="-121.042154" />
      <trkpt lat="35.466042" lon="-121.041484" />
      <trkpt lat="35.464602" lon="-121.041629" />
      <trkpt lat="35.464589" lon="-121.040858" />
      <trkpt lat="35.464950" lon="-121.040850" />
      <trkpt lat="35.464842" lon="-121.039750" />
      <trkpt lat="35.464124" lon="-121.039988" />
      <trkpt lat="35.464130" lon="-121.040318" />
      <trkpt lat="35.463859" lon="-121.040325" />
      <trkpt lat="35.463865" lon="-121.040655" />
      <trkpt lat="35.463506" lon="-121.040774" />
      <trkpt lat="35.463230" lon="-121.040450" />
      <trkpt lat="35.462870" lon="-121.040459" />
      <trkpt lat="35.462682" lon="-121.040023" />
      <trkpt lat="35.462412" lon="-121.040030" />
      <trkpt lat="35.462221" lon="-121.039373" />
      <trkpt lat="35.462756" lon="-121.039029" />
      <trkpt lat="35.462746" lon="-121.038369" />
      <trkpt lat="35.463009" lon="-121.037921" />
      <trkpt lat="35.463189" lon="-121.037917" />
      <trkpt lat="35.463182" lon="-121.037477" />
      <trkpt lat="35.463629" lon="-121.037245" />
      <trkpt lat="35.463701" lon="-121.036142" />
      <trkpt lat="35.464417" lon="-121.035794" />
      <trkpt lat="35.464408" lon="-121.035243" />
      <trkpt lat="35.464678" lon="-121.035236" />
      <trkpt lat="35.464683" lon="-121.035567" />
      <trkpt lat="35.465763" lon="-121.035430" />
      <trkpt lat="35.466758" lon="-121.035626" />
      <trkpt lat="35.467297" lon="-121.035503" />
      <trkpt lat="35.467381" lon="-121.035171" />
      <trkpt lat="35.468129" lon="-121.036805" />
      <trkpt lat="35.468160" lon="-121.038678" />
      <trkpt lat="35.467640" lon="-121.040013" />
      <trkpt lat="35.468628" lon="-121.039768" />
      <trkpt lat="35.470077" lon="-121.040174" />
      <trkpt lat="35.471084" lon="-121.041141" />
      <trkpt lat="35.471180" lon="-121.041470" />
      <trkpt lat="35.470910" lon="-121.041476" />
      <trkpt lat="35.470915" lon="-121.041807" />
      <trkpt lat="35.471456" lon="-121.041794" />
      <trkpt lat="35.471744" lon="-121.042889" />
      <trkpt lat="35.472551" lon="-121.042649" />
      <trkpt lat="35.473364" lon="-121.042739" />
      <trkpt lat="35.474090" lon="-121.043052" />
      <trkpt lat="35.474914" lon="-121.043804" />
      <trkpt lat="35.475157" lon="-121.042145" />
      <trkpt lat="35.476035" lon="-121.040691" />
      <trkpt lat="35.477284" lon="-121.039889" />
      <trkpt lat="35.478816" lon="-121.039852" />
      <trkpt lat="35.479543" lon="-121.040165" />
      <trkpt lat="35.480550" lon="-121.041132" />
      <trkpt lat="35.481206" lon="-121.042659" />
      <trkpt lat="35.481222" lon="-121.043651" />
      <trkpt lat="35.482932" lon="-121.043499" />
      <trkpt lat="35.484206" lon="-121.044240" />
      <trkpt lat="35.485131" lon="-121.045650" />
      <trkpt lat="35.485428" lon="-121.047296" />
    </trkseg>
    <trkseg>
      <trkpt lat="35.477730" lon="-121.050679" />
      <trkpt lat="35.477627" lon="-121.049910" />
      <trkpt lat="35.477175" lon="-121.049810" />
      <trkpt lat="35.477099" lon="-121.050694" />
      <trkpt lat="35.476829" lon="-121.050701" />
      <trkpt lat="35.476834" lon="-121.051031" />
      <trkpt lat="35.477194" lon="-121.051022" />
      <trkpt lat="35.477189" lon="-121.050692" />
      <trkpt lat="35.477730" lon="-121.050679" />
    </trkseg>
    <trkseg>
      <trkpt lat="35.476578" lon="-121.051919" />
      <trkpt lat="35.476569" lon="-121.051368" />
      <trkpt lat="35.476299" lon="-121.051375" />
      <trkpt lat="35.476217" lon="-121.051928" />
      <trkpt lat="35.476578" lon="-121.051919" />
    </trkseg>
    <trkseg>
      <trkpt lat="35.471833" lon="-121.048397" />
      <trkpt lat="35.471828" lon="-121.048066" />
      <trkpt lat="35.471467" lon="-121.048075" />
      <trkpt lat="35.471478" lon="-121.048736" />
      <trkpt lat="35.471748" lon="-121.048729" />
      <trkpt lat="35.471833" lon="-121.048397" />
    </trkseg>
    <trkseg>
      <trkpt lat="35.470646" lon="-121.041924" />
      <trkpt lat="35.470639" lon="-121.041483" />
      <trkpt lat="35.470367" lon="-121.041379" />
      <trkpt lat="35.470007" lon="-121.041388" />
      <trkpt lat="35.470012" lon="-121.041718" />
      <trkpt lat="35.469652" lon="-121.041727" />
      <trkpt lat="35.469659" lon="-121.042168" />
      <trkpt lat="35.470646" lon="-121.041924" />
    </trkseg>
    <trkseg>
      <trkpt lat="35.470082" lon="-121.046015" />
      <trkpt lat="35.470076" lon="-121.045684" />
      <trkpt lat="35.469626" lon="-121.045695" />
      <trkpt lat="35.469631" lon="-121.046026" />
      <trkpt lat="35.470082" lon="-121.046015" />
    </trkseg>
    <trkseg>
      <trkpt lat="35.467803" lon="-121.038907" />
      <trkpt lat="35.467705" lon="-121.038469" />
      <trkpt lat="35.467345" lon="-121.038477" />
      <trkpt lat="35.467449" lon="-121.039356" />
      <trkpt lat="35.467720" lon="-121.039350" />
      <trkpt lat="35.467803" lon="-121.038907" />
    </trkseg>
    <trkseg>
      <trkpt lat="35.467368" lon="-121.039909" />
      <trkpt lat="35.467363" lon="-121.039579" />
      <trkpt lat="35.466822" lon="-121.039592" />
      <trkpt lat="35.466833" lon="-121.040253" />
      <trkpt lat="35.467284" lon="-121.040242" />
      <trkpt lat="35.467368" lon="-121.039909" />
    </trkseg>
    <trkseg>
      <trkpt lat="35.466840" lon="-121.040693" />
      <trkpt lat="35.466835" lon="-121.040363" />
      <trkpt lat="35.466474" lon="-121.040372" />
      <trkpt lat="35.466480" lon="-121.040702" />
      <trkpt lat="35.466840" lon="-121.040693" />
    </trkseg>
  </trk>
  <trk>
    <name>SC-AREA-099</name>
    <desc>Partial nearby mapped rough-rock/bedrock footprint, clipped within 350 m of retained targets and by depth/closure screening; not the complete reef or an individual pile. Interior rings are holes in the selected habitat. Not a navigation route.</desc>
    <type>Interpreted habitat boundary</type>
    <trkseg>
      <trkpt lat="35.487122" lon="-121.057286" />
      <trkpt lat="35.486876" lon="-121.058835" />
      <trkpt lat="35.485998" lon="-121.060289" />
      <trkpt lat="35.485286" lon="-121.060857" />
      <trkpt lat="35.483940" lon="-121.061220" />
      <trkpt lat="35.483758" lon="-121.061114" />
      <trkpt lat="35.483657" lon="-121.060455" />
      <trkpt lat="35.483113" lon="-121.060248" />
      <trkpt lat="35.483190" lon="-121.059475" />
      <trkpt lat="35.482469" lon="-121.059492" />
      <trkpt lat="35.482275" lon="-121.058615" />
      <trkpt lat="35.480923" lon="-121.058647" />
      <trkpt lat="35.480805" lon="-121.056887" />
      <trkpt lat="35.480985" lon="-121.056882" />
      <trkpt lat="35.480980" lon="-121.056552" />
      <trkpt lat="35.480798" lon="-121.056446" />
      <trkpt lat="35.481404" lon="-121.054888" />
      <trkpt lat="35.481943" lon="-121.054765" />
      <trkpt lat="35.481935" lon="-121.054325" />
      <trkpt lat="35.482379" lon="-121.053873" />
      <trkpt lat="35.483095" lon="-121.053525" />
      <trkpt lat="35.484627" lon="-121.053488" />
      <trkpt lat="35.484720" lon="-121.053706" />
      <trkpt lat="35.485353" lon="-121.053801" />
      <trkpt lat="35.486176" lon="-121.054553" />
      <trkpt lat="35.485818" lon="-121.054672" />
      <trkpt lat="35.485736" lon="-121.055225" />
      <trkpt lat="35.486187" lon="-121.055214" />
      <trkpt lat="35.486360" lon="-121.054769" />
      <trkpt lat="35.486825" lon="-121.055640" />
      <trkpt lat="35.487122" lon="-121.057286" />
    </trkseg>
    <trkseg>
      <trkpt lat="35.484915" lon="-121.054583" />
      <trkpt lat="35.484904" lon="-121.053922" />
      <trkpt lat="35.483556" lon="-121.054175" />
      <trkpt lat="35.483563" lon="-121.054616" />
      <trkpt lat="35.484282" lon="-121.054488" />
      <trkpt lat="35.484475" lon="-121.055255" />
      <trkpt lat="35.484745" lon="-121.055249" />
      <trkpt lat="35.484738" lon="-121.054808" />
      <trkpt lat="35.484915" lon="-121.054583" />
    </trkseg>
    <trkseg>
      <trkpt lat="35.484208" lon="-121.055482" />
      <trkpt lat="35.484201" lon="-121.055041" />
      <trkpt lat="35.483390" lon="-121.055061" />
      <trkpt lat="35.483312" lon="-121.055834" />
      <trkpt lat="35.483406" lon="-121.056053" />
      <trkpt lat="35.483676" lon="-121.056046" />
      <trkpt lat="35.483671" lon="-121.055716" />
      <trkpt lat="35.484208" lon="-121.055482" />
    </trkseg>
    <trkseg>
      <trkpt lat="35.483328" lon="-121.056826" />
      <trkpt lat="35.483045" lon="-121.056061" />
      <trkpt lat="35.482775" lon="-121.056068" />
      <trkpt lat="35.482796" lon="-121.057390" />
      <trkpt lat="35.483067" lon="-121.057383" />
      <trkpt lat="35.483328" lon="-121.056826" />
    </trkseg>
    <trkseg>
      <trkpt lat="35.482805" lon="-121.057941" />
      <trkpt lat="35.482798" lon="-121.057500" />
      <trkpt lat="35.482259" lon="-121.057623" />
      <trkpt lat="35.482360" lon="-121.058282" />
      <trkpt lat="35.482720" lon="-121.058273" />
      <trkpt lat="35.482805" lon="-121.057941" />
    </trkseg>
  </trk>
  <trk>
    <name>SC-AREA-100</name>
    <desc>Partial nearby mapped rough-rock/bedrock footprint, clipped within 350 m of retained targets and by depth/closure screening; not the complete reef or an individual pile. Interior rings are holes in the selected habitat. Not a navigation route.</desc>
    <type>Interpreted habitat boundary</type>
    <trkseg>
      <trkpt lat="35.494679" lon="-121.067576" />
      <trkpt lat="35.494073" lon="-121.069134" />
      <trkpt lat="35.493098" lon="-121.070149" />
      <trkpt lat="35.492382" lon="-121.070497" />
      <trkpt lat="35.492112" lon="-121.070503" />
      <trkpt lat="35.491824" lon="-121.069408" />
      <trkpt lat="35.491554" lon="-121.069415" />
      <trkpt lat="35.491276" lon="-121.068980" />
      <trkpt lat="35.490288" lon="-121.069224" />
      <trkpt lat="35.490158" lon="-121.066692" />
      <trkpt lat="35.490425" lon="-121.066465" />
      <trkpt lat="35.490501" lon="-121.065582" />
      <trkpt lat="35.490769" lon="-121.065465" />
      <trkpt lat="35.490760" lon="-121.064914" />
      <trkpt lat="35.491117" lon="-121.064685" />
      <trkpt lat="35.491114" lon="-121.064465" />
      <trkpt lat="35.491384" lon="-121.064458" />
      <trkpt lat="35.491573" lon="-121.065005" />
      <trkpt lat="35.492024" lon="-121.064994" />
      <trkpt lat="35.492011" lon="-121.064223" />
      <trkpt lat="35.491561" lon="-121.064234" />
      <trkpt lat="35.491463" lon="-121.063795" />
      <trkpt lat="35.491734" lon="-121.063788" />
      <trkpt lat="35.491817" lon="-121.063346" />
      <trkpt lat="35.492176" lon="-121.063227" />
      <trkpt lat="35.492262" lon="-121.063004" />
      <trkpt lat="35.492805" lon="-121.063101" />
      <trkpt lat="35.493534" lon="-121.063635" />
      <trkpt lat="35.494365" lon="-121.064828" />
      <trkpt lat="35.494649" lon="-121.065703" />
      <trkpt lat="35.494679" lon="-121.067576" />
    </trkseg>
    <trkseg>
      <trkpt lat="35.493112" lon="-121.065409" />
      <trkpt lat="35.493107" lon="-121.065078" />
      <trkpt lat="35.492746" lon="-121.065087" />
      <trkpt lat="35.492752" lon="-121.065418" />
      <trkpt lat="35.493112" lon="-121.065409" />
    </trkseg>
  </trk>
  <trk>
    <name>SC-AREA-101</name>
    <desc>Partial nearby mapped rough-rock/bedrock footprint, clipped within 350 m of retained targets and by depth/closure screening; not the complete reef or an individual pile. Interior rings are holes in the selected habitat. Not a navigation route.</desc>
    <type>Interpreted habitat boundary</type>
    <trkseg>
      <trkpt lat="35.498893" lon="-121.077397" />
      <trkpt lat="35.498806" lon="-121.077619" />
      <trkpt lat="35.498086" lon="-121.077636" />
      <trkpt lat="35.498080" lon="-121.077306" />
      <trkpt lat="35.497810" lon="-121.077312" />
      <trkpt lat="35.498001" lon="-121.077969" />
      <trkpt lat="35.498271" lon="-121.077963" />
      <trkpt lat="35.498548" lon="-121.078397" />
      <trkpt lat="35.498462" lon="-121.078620" />
      <trkpt lat="35.497919" lon="-121.078522" />
      <trkpt lat="35.497925" lon="-121.078853" />
      <trkpt lat="35.498198" lon="-121.079067" />
      <trkpt lat="35.497400" lon="-121.079857" />
      <trkpt lat="35.496492" lon="-121.079438" />
      <trkpt lat="35.496502" lon="-121.080099" />
      <trkpt lat="35.496864" lon="-121.080201" />
      <trkpt lat="35.495875" lon="-121.080335" />
      <trkpt lat="35.495772" lon="-121.079565" />
      <trkpt lat="35.495322" lon="-121.079576" />
      <trkpt lat="35.495046" lon="-121.079252" />
      <trkpt lat="35.494051" lon="-121.079055" />
      <trkpt lat="35.493855" lon="-121.078068" />
      <trkpt lat="35.493495" lon="-121.078076" />
      <trkpt lat="35.493566" lon="-121.076862" />
      <trkpt lat="35.494016" lon="-121.076851" />
      <trkpt lat="35.494098" lon="-121.076298" />
      <trkpt lat="35.494368" lon="-121.076292" />
      <trkpt lat="35.494626" lon="-121.075514" />
      <trkpt lat="35.495073" lon="-121.075283" />
      <trkpt lat="35.495070" lon="-121.075063" />
      <trkpt lat="35.495967" lon="-121.074821" />
      <trkpt lat="35.495955" lon="-121.074049" />
      <trkpt lat="35.495685" lon="-121.074056" />
      <trkpt lat="35.495679" lon="-121.073725" />
      <trkpt lat="35.495229" lon="-121.073736" />
      <trkpt lat="35.495220" lon="-121.073185" />
      <trkpt lat="35.494950" lon="-121.073191" />
      <trkpt lat="35.494942" lon="-121.072751" />
      <trkpt lat="35.495667" lon="-121.072954" />
      <trkpt lat="35.495672" lon="-121.073284" />
      <trkpt lat="35.495943" lon="-121.073278" />
      <trkpt lat="35.495844" lon="-121.072729" />
      <trkpt lat="35.496474" lon="-121.072714" />
      <trkpt lat="35.497201" lon="-121.073027" />
      <trkpt lat="35.497206" lon="-121.073358" />
      <trkpt lat="35.497660" lon="-121.073568" />
      <trkpt lat="35.497665" lon="-121.073898" />
      <trkpt lat="35.498116" lon="-121.073888" />
      <trkpt lat="35.498674" lon="-121.074977" />
      <trkpt lat="35.498404" lon="-121.074983" />
      <trkpt lat="35.498399" lon="-121.074652" />
      <trkpt lat="35.498036" lon="-121.074551" />
      <trkpt lat="35.497851" lon="-121.074225" />
      <trkpt lat="35.497128" lon="-121.074132" />
      <trkpt lat="35.497135" lon="-121.074572" />
      <trkpt lat="35.496865" lon="-121.074579" />
      <trkpt lat="35.496768" lon="-121.074140" />
      <trkpt lat="35.496497" lon="-121.074147" />
      <trkpt lat="35.496333" lon="-121.075143" />
      <trkpt lat="35.497052" lon="-121.075015" />
      <trkpt lat="35.496884" lon="-121.075791" />
      <trkpt lat="35.497155" lon="-121.075784" />
      <trkpt lat="35.497252" lon="-121.076223" />
      <trkpt lat="35.498870" lon="-121.075964" />
      <trkpt lat="35.498881" lon="-121.076625" />
      <trkpt lat="35.498522" lon="-121.076744" />
      <trkpt lat="35.498529" lon="-121.077185" />
      <trkpt lat="35.498890" lon="-121.077176" />
      <trkpt lat="35.498893" lon="-121.077397" />
    </trkseg>
    <trkseg>
      <trkpt lat="35.497540" lon="-121.077319" />
      <trkpt lat="35.497533" lon="-121.076878" />
      <trkpt lat="35.497172" lon="-121.076886" />
      <trkpt lat="35.497177" lon="-121.077217" />
      <trkpt lat="35.497540" lon="-121.077319" />
    </trkseg>
    <trkseg>
      <trkpt lat="35.496226" lon="-121.079775" />
      <trkpt lat="35.496216" lon="-121.079114" />
      <trkpt lat="35.495855" lon="-121.079123" />
      <trkpt lat="35.495866" lon="-121.079784" />
      <trkpt lat="35.496226" lon="-121.079775" />
    </trkseg>
  </trk>
  <trk>
    <name>SC-AREA-102</name>
    <desc>Partial nearby mapped rough-rock/bedrock footprint, clipped within 350 m of retained targets and by depth/closure screening; not the complete reef or an individual pile. Interior rings are holes in the selected habitat. Not a navigation route.</desc>
    <type>Interpreted habitat boundary</type>
    <trkseg>
      <trkpt lat="35.503788" lon="-121.067799" />
      <trkpt lat="35.503774" lon="-121.072540" />
      <trkpt lat="35.503063" lon="-121.073218" />
      <trkpt lat="35.502161" lon="-121.073129" />
      <trkpt lat="35.502074" lon="-121.073352" />
      <trkpt lat="35.501713" lon="-121.073361" />
      <trkpt lat="35.501169" lon="-121.073153" />
      <trkpt lat="35.500892" lon="-121.072719" />
      <trkpt lat="35.500622" lon="-121.072725" />
      <trkpt lat="35.500625" lon="-121.072946" />
      <trkpt lat="35.500174" lon="-121.072956" />
      <trkpt lat="35.500090" lon="-121.073289" />
      <trkpt lat="35.499542" lon="-121.072861" />
      <trkpt lat="35.498803" lon="-121.071777" />
      <trkpt lat="35.498886" lon="-121.071334" />
      <trkpt lat="35.499067" lon="-121.071329" />
      <trkpt lat="35.499058" lon="-121.070778" />
      <trkpt lat="35.499508" lon="-121.070768" />
      <trkpt lat="35.499606" lon="-121.071206" />
      <trkpt lat="35.500871" lon="-121.071396" />
      <trkpt lat="35.501148" lon="-121.071831" />
      <trkpt lat="35.501779" lon="-121.071816" />
      <trkpt lat="35.501774" lon="-121.071485" />
      <trkpt lat="35.502132" lon="-121.071366" />
      <trkpt lat="35.502139" lon="-121.071807" />
      <trkpt lat="35.502410" lon="-121.071801" />
      <trkpt lat="35.502404" lon="-121.071470" />
      <trkpt lat="35.502675" lon="-121.071463" />
      <trkpt lat="35.502678" lon="-121.071684" />
      <trkpt lat="35.503223" lon="-121.071891" />
      <trkpt lat="35.503120" lon="-121.071122" />
      <trkpt lat="35.502758" lon="-121.071021" />
      <trkpt lat="35.502753" lon="-121.070690" />
      <trkpt lat="35.502392" lon="-121.070699" />
      <trkpt lat="35.502396" lon="-121.070919" />
      <trkpt lat="35.500954" lon="-121.070953" />
      <trkpt lat="35.500950" lon="-121.070733" />
      <trkpt lat="35.500408" lon="-121.070636" />
      <trkpt lat="35.499947" lon="-121.069985" />
      <trkpt lat="35.500024" lon="-121.069212" />
      <trkpt lat="35.499574" lon="-121.069223" />
      <trkpt lat="35.499584" lon="-121.069884" />
      <trkpt lat="35.499404" lon="-121.069888" />
      <trkpt lat="35.499231" lon="-121.070333" />
      <trkpt lat="35.498508" lon="-121.070240" />
      <trkpt lat="35.498427" lon="-121.070793" />
      <trkpt lat="35.498399" lon="-121.069030" />
      <trkpt lat="35.497137" lon="-121.069060" />
      <trkpt lat="35.496953" lon="-121.068844" />
      <trkpt lat="35.496593" lon="-121.068853" />
      <trkpt lat="35.495863" lon="-121.068319" />
      <trkpt lat="35.495033" lon="-121.067127" />
      <trkpt lat="35.494644" lon="-121.065372" />
      <trkpt lat="35.494888" lon="-121.063713" />
      <trkpt lat="35.495324" lon="-121.062820" />
      <trkpt lat="35.496478" lon="-121.061690" />
      <trkpt lat="35.497734" lon="-121.061329" />
      <trkpt lat="35.499091" lon="-121.061628" />
      <trkpt lat="35.499821" lon="-121.062161" />
      <trkpt lat="35.500652" lon="-121.063354" />
      <trkpt lat="35.500936" lon="-121.064229" />
      <trkpt lat="35.500965" lon="-121.065992" />
      <trkpt lat="35.502226" lon="-121.065962" />
      <trkpt lat="35.502952" lon="-121.066275" />
      <trkpt lat="35.503776" lon="-121.067027" />
      <trkpt lat="35.503788" lon="-121.067799" />
    </trkseg>
    <trkseg>
      <trkpt lat="35.502786" lon="-121.072784" />
      <trkpt lat="35.502781" lon="-121.072453" />
      <trkpt lat="35.502330" lon="-121.072464" />
      <trkpt lat="35.502335" lon="-121.072795" />
      <trkpt lat="35.502786" lon="-121.072784" />
    </trkseg>
  </trk>
  <trk>
    <name>SC-AREA-103</name>
    <desc>Partial nearby mapped rough-rock/bedrock footprint, clipped within 350 m of retained targets and by depth/closure screening; not the complete reef or an individual pile. Interior rings are holes in the selected habitat. Not a navigation route.</desc>
    <type>Interpreted habitat boundary</type>
    <trkseg>
      <trkpt lat="35.503776" lon="-121.084005" />
      <trkpt lat="35.503326" lon="-121.084016" />
      <trkpt lat="35.502683" lon="-121.083260" />
      <trkpt lat="35.502322" lon="-121.083268" />
      <trkpt lat="35.502235" lon="-121.083491" />
      <trkpt lat="35.501334" lon="-121.083512" />
      <trkpt lat="35.501509" lon="-121.083177" />
      <trkpt lat="35.500767" lon="-121.081872" />
      <trkpt lat="35.501032" lon="-121.081535" />
      <trkpt lat="35.501027" lon="-121.081204" />
      <trkpt lat="35.500753" lon="-121.080990" />
      <trkpt lat="35.500743" lon="-121.080329" />
      <trkpt lat="35.501282" lon="-121.080206" />
      <trkpt lat="35.501360" lon="-121.079432" />
      <trkpt lat="35.501812" lon="-121.079532" />
      <trkpt lat="35.502008" lon="-121.080519" />
      <trkpt lat="35.501647" lon="-121.080528" />
      <trkpt lat="35.501653" lon="-121.080859" />
      <trkpt lat="35.501116" lon="-121.081092" />
      <trkpt lat="35.501121" lon="-121.081423" />
      <trkpt lat="35.501934" lon="-121.081513" />
      <trkpt lat="35.501928" lon="-121.081183" />
      <trkpt lat="35.502287" lon="-121.081064" />
      <trkpt lat="35.502296" lon="-121.081615" />
      <trkpt lat="35.502570" lon="-121.081829" />
      <trkpt lat="35.503110" lon="-121.081816" />
      <trkpt lat="35.503010" lon="-121.081157" />
      <trkpt lat="35.502830" lon="-121.081161" />
      <trkpt lat="35.502734" lon="-121.080833" />
      <trkpt lat="35.502729" lon="-121.080502" />
      <trkpt lat="35.503088" lon="-121.080384" />
      <trkpt lat="35.503082" lon="-121.080053" />
      <trkpt lat="35.502900" lon="-121.079947" />
      <trkpt lat="35.502982" lon="-121.079394" />
      <trkpt lat="35.503703" lon="-121.079377" />
      <trkpt lat="35.503734" lon="-121.081360" />
      <trkpt lat="35.503464" lon="-121.081367" />
      <trkpt lat="35.503469" lon="-121.081697" />
      <trkpt lat="35.503739" lon="-121.081691" />
      <trkpt lat="35.503776" lon="-121.084005" />
    </trkseg>
  </trk>
  <trk>
    <name>SC-AREA-104</name>
    <desc>Partial nearby mapped rough-rock/bedrock footprint, clipped within 350 m of retained targets and by depth/closure screening; not the complete reef or an individual pile. Interior rings are holes in the selected habitat. Not a navigation route.</desc>
    <type>Interpreted habitat boundary</type>
    <trkseg>
      <trkpt lat="35.505555" lon="-121.088152" />
      <trkpt lat="35.505378" lon="-121.088377" />
      <trkpt lat="35.505018" lon="-121.088386" />
      <trkpt lat="35.504739" lon="-121.087841" />
      <trkpt lat="35.504200" lon="-121.087964" />
      <trkpt lat="35.504106" lon="-121.087746" />
      <trkpt lat="35.503836" lon="-121.087752" />
      <trkpt lat="35.503832" lon="-121.087532" />
      <trkpt lat="35.503560" lon="-121.087428" />
      <trkpt lat="35.503555" lon="-121.087097" />
      <trkpt lat="35.503825" lon="-121.087091" />
      <trkpt lat="35.503820" lon="-121.086760" />
      <trkpt lat="35.503189" lon="-121.086775" />
      <trkpt lat="35.503085" lon="-121.085896" />
      <trkpt lat="35.502634" lon="-121.085907" />
      <trkpt lat="35.502536" lon="-121.085358" />
      <trkpt lat="35.501907" lon="-121.085483" />
      <trkpt lat="35.500640" lon="-121.085182" />
      <trkpt lat="35.500744" lon="-121.086062" />
      <trkpt lat="35.500473" lon="-121.086068" />
      <trkpt lat="35.500461" lon="-121.085297" />
      <trkpt lat="35.500718" lon="-121.084409" />
      <trkpt lat="35.501347" lon="-121.084283" />
      <trkpt lat="35.501354" lon="-121.084724" />
      <trkpt lat="35.501804" lon="-121.084714" />
      <trkpt lat="35.501889" lon="-121.084381" />
      <trkpt lat="35.502792" lon="-121.084470" />
      <trkpt lat="35.503161" lon="-121.085012" />
      <trkpt lat="35.503341" lon="-121.085008" />
      <trkpt lat="35.503532" lon="-121.085665" />
      <trkpt lat="35.503894" lon="-121.085766" />
      <trkpt lat="35.503900" lon="-121.086097" />
      <trkpt lat="35.504264" lon="-121.086309" />
      <trkpt lat="35.504271" lon="-121.086750" />
      <trkpt lat="35.504541" lon="-121.086743" />
      <trkpt lat="35.504548" lon="-121.087184" />
      <trkpt lat="35.505002" lon="-121.087394" />
      <trkpt lat="35.505007" lon="-121.087724" />
      <trkpt lat="35.505458" lon="-121.087714" />
      <trkpt lat="35.505555" lon="-121.088152" />
    </trkseg>
  </trk>
  <trk>
    <name>SC-AREA-105</name>
    <desc>Partial nearby mapped rough-rock/bedrock footprint, clipped within 350 m of retained targets and by depth/closure screening; not the complete reef or an individual pile. Interior rings are holes in the selected habitat. Not a navigation route.</desc>
    <type>Interpreted habitat boundary</type>
    <trkseg>
      <trkpt lat="35.506961" lon="-121.097270" />
      <trkpt lat="35.506355" lon="-121.098828" />
      <trkpt lat="35.505379" lon="-121.099843" />
      <trkpt lat="35.505199" lon="-121.099847" />
      <trkpt lat="35.505284" lon="-121.099515" />
      <trkpt lat="35.505100" lon="-121.099298" />
      <trkpt lat="35.504830" lon="-121.099305" />
      <trkpt lat="35.504476" lon="-121.099754" />
      <trkpt lat="35.503750" lon="-121.099440" />
      <trkpt lat="35.503390" lon="-121.099449" />
      <trkpt lat="35.503303" lon="-121.099672" />
      <trkpt lat="35.502669" lon="-121.099466" />
      <trkpt lat="35.502220" lon="-121.099587" />
      <trkpt lat="35.501582" lon="-121.099161" />
      <trkpt lat="35.500934" lon="-121.098074" />
      <trkpt lat="35.500639" lon="-121.096537" />
      <trkpt lat="35.500714" lon="-121.095543" />
      <trkpt lat="35.500970" lon="-121.094655" />
      <trkpt lat="35.501410" lon="-121.093983" />
      <trkpt lat="35.502046" lon="-121.094299" />
      <trkpt lat="35.502414" lon="-121.094731" />
      <trkpt lat="35.502680" lon="-121.094505" />
      <trkpt lat="35.503135" lon="-121.094714" />
      <trkpt lat="35.503228" lon="-121.094933" />
      <trkpt lat="35.504956" lon="-121.095884" />
      <trkpt lat="35.505322" lon="-121.096206" />
      <trkpt lat="35.505325" lon="-121.096427" />
      <trkpt lat="35.506230" lon="-121.096626" />
      <trkpt lat="35.506961" lon="-121.097270" />
    </trkseg>
  </trk>
  <trk>
    <name>SC-AREA-106</name>
    <desc>Partial nearby mapped rough-rock/bedrock footprint, clipped within 350 m of retained targets and by depth/closure screening; not the complete reef or an individual pile. Interior rings are holes in the selected habitat. Not a navigation route.</desc>
    <type>Interpreted habitat boundary</type>
    <trkseg>
      <trkpt lat="35.512628" lon="-121.102208" />
      <trkpt lat="35.511653" lon="-121.103223" />
      <trkpt lat="35.510935" lon="-121.103461" />
      <trkpt lat="35.510921" lon="-121.102579" />
      <trkpt lat="35.510651" lon="-121.102586" />
      <trkpt lat="35.510476" lon="-121.102920" />
      <trkpt lat="35.510204" lon="-121.102817" />
      <trkpt lat="35.510289" lon="-121.102484" />
      <trkpt lat="35.510469" lon="-121.102480" />
      <trkpt lat="35.510464" lon="-121.102149" />
      <trkpt lat="35.510105" lon="-121.102268" />
      <trkpt lat="35.508920" lon="-121.101413" />
      <trkpt lat="35.508469" lon="-121.101424" />
      <trkpt lat="35.508207" lon="-121.101981" />
      <trkpt lat="35.507483" lon="-121.101778" />
      <trkpt lat="35.507207" lon="-121.101454" />
      <trkpt lat="35.507192" lon="-121.100462" />
      <trkpt lat="35.507012" lon="-121.100466" />
      <trkpt lat="35.506913" lon="-121.099917" />
      <trkpt lat="35.506987" lon="-121.098923" />
      <trkpt lat="35.507419" lon="-121.097700" />
      <trkpt lat="35.507597" lon="-121.097586" />
      <trkpt lat="35.508143" lon="-121.097904" />
      <trkpt lat="35.508420" lon="-121.098338" />
      <trkpt lat="35.509417" lon="-121.098645" />
      <trkpt lat="35.510056" lon="-121.099182" />
      <trkpt lat="35.510417" lon="-121.099173" />
      <trkpt lat="35.511147" lon="-121.099707" />
      <trkpt lat="35.511242" lon="-121.100036" />
      <trkpt lat="35.511692" lon="-121.100025" />
      <trkpt lat="35.511966" lon="-121.100239" />
      <trkpt lat="35.511973" lon="-121.100680" />
      <trkpt lat="35.512335" lon="-121.100782" />
      <trkpt lat="35.512348" lon="-121.101553" />
      <trkpt lat="35.512530" lon="-121.101659" />
      <trkpt lat="35.512628" lon="-121.102208" />
    </trkseg>
    <trkseg>
      <trkpt lat="35.509185" lon="-121.101076" />
      <trkpt lat="35.509086" lon="-121.100528" />
      <trkpt lat="35.508634" lon="-121.100428" />
      <trkpt lat="35.508644" lon="-121.101089" />
      <trkpt lat="35.509185" lon="-121.101076" />
    </trkseg>
  </trk>
  <trk>
    <name>SC-AREA-107</name>
    <desc>Partial nearby mapped rough-rock/bedrock footprint, clipped within 350 m of retained targets and by depth/closure screening; not the complete reef or an individual pile. Interior rings are holes in the selected habitat. Not a navigation route.</desc>
    <type>Interpreted habitat boundary</type>
    <trkseg>
      <trkpt lat="35.541992" lon="-121.117841" />
      <trkpt lat="35.541893" lon="-121.117292" />
      <trkpt lat="35.541171" lon="-121.117198" />
      <trkpt lat="35.540983" lon="-121.116761" />
      <trkpt lat="35.540713" lon="-121.116768" />
      <trkpt lat="35.540626" lon="-121.116990" />
      <trkpt lat="35.540638" lon="-121.117762" />
      <trkpt lat="35.540094" lon="-121.117554" />
      <trkpt lat="35.539994" lon="-121.116895" />
      <trkpt lat="35.540172" lon="-121.116780" />
      <trkpt lat="35.540167" lon="-121.116450" />
      <trkpt lat="35.540438" lon="-121.116443" />
      <trkpt lat="35.540432" lon="-121.116113" />
      <trkpt lat="35.539892" lon="-121.116125" />
      <trkpt lat="35.539808" lon="-121.116568" />
      <trkpt lat="35.539540" lon="-121.116685" />
      <trkpt lat="35.539545" lon="-121.117016" />
      <trkpt lat="35.539006" lon="-121.117139" />
      <trkpt lat="35.538904" lon="-121.116369" />
      <trkpt lat="35.538632" lon="-121.116265" />
      <trkpt lat="35.538706" lon="-121.115271" />
      <trkpt lat="35.538436" lon="-121.115277" />
      <trkpt lat="35.538351" lon="-121.115610" />
      <trkpt lat="35.537992" lon="-121.115728" />
      <trkpt lat="35.537450" lon="-121.115631" />
      <trkpt lat="35.537419" lon="-121.113646" />
      <trkpt lat="35.537871" lon="-121.113746" />
      <trkpt lat="35.537972" lon="-121.114405" />
      <trkpt lat="35.538511" lon="-121.114282" />
      <trkpt lat="35.538516" lon="-121.114613" />
      <trkpt lat="35.539235" lon="-121.114486" />
      <trkpt lat="35.539228" lon="-121.114045" />
      <trkpt lat="35.538414" lon="-121.113844" />
      <trkpt lat="35.538405" lon="-121.113292" />
      <trkpt lat="35.538133" lon="-121.113188" />
      <trkpt lat="35.538121" lon="-121.112417" />
      <trkpt lat="35.537670" lon="-121.112427" />
      <trkpt lat="35.537663" lon="-121.111986" />
      <trkpt lat="35.537215" lon="-121.112107" />
      <trkpt lat="35.537140" lon="-121.113101" />
      <trkpt lat="35.535968" lon="-121.113129" />
      <trkpt lat="35.535802" lon="-121.114015" />
      <trkpt lat="35.535081" lon="-121.114032" />
      <trkpt lat="35.534717" lon="-121.113820" />
      <trkpt lat="35.534708" lon="-121.113269" />
      <trkpt lat="35.534438" lon="-121.113275" />
      <trkpt lat="35.534429" lon="-121.112724" />
      <trkpt lat="35.534700" lon="-121.112717" />
      <trkpt lat="35.534695" lon="-121.112387" />
      <trkpt lat="35.534423" lon="-121.112283" />
      <trkpt lat="35.534308" lon="-121.110741" />
      <trkpt lat="35.534667" lon="-121.110623" />
      <trkpt lat="35.534747" lon="-121.109959" />
      <trkpt lat="35.535379" lon="-121.110054" />
      <trkpt lat="35.535372" lon="-121.109613" />
      <trkpt lat="35.534922" lon="-121.109624" />
      <trkpt lat="35.534915" lon="-121.109183" />
      <trkpt lat="35.537558" lon="-121.110996" />
      <trkpt lat="35.536929" lon="-121.111121" />
      <trkpt lat="35.536936" lon="-121.111562" />
      <trkpt lat="35.537478" lon="-121.111660" />
      <trkpt lat="35.537481" lon="-121.111880" />
      <trkpt lat="35.538651" lon="-121.111742" />
      <trkpt lat="35.538745" lon="-121.111961" />
      <trkpt lat="35.538388" lon="-121.112190" />
      <trkpt lat="35.538393" lon="-121.112520" />
      <trkpt lat="35.538668" lon="-121.112845" />
      <trkpt lat="35.539031" lon="-121.112947" />
      <trkpt lat="35.539207" lon="-121.112722" />
      <trkpt lat="35.539019" lon="-121.112175" />
      <trkpt lat="35.539199" lon="-121.112171" />
      <trkpt lat="35.539928" lon="-121.112705" />
      <trkpt lat="35.539759" lon="-121.113371" />
      <trkpt lat="35.540029" lon="-121.113365" />
      <trkpt lat="35.540024" lon="-121.113034" />
      <trkpt lat="35.540384" lon="-121.113025" />
      <trkpt lat="35.540388" lon="-121.113246" />
      <trkpt lat="35.540840" lon="-121.113346" />
      <trkpt lat="35.541935" lon="-121.114202" />
      <trkpt lat="35.541992" lon="-121.117841" />
    </trkseg>
    <trkseg>
      <trkpt lat="35.541888" lon="-121.116961" />
      <trkpt lat="35.541786" lon="-121.116191" />
      <trkpt lat="35.541425" lon="-121.116200" />
      <trkpt lat="35.541415" lon="-121.115538" />
      <trkpt lat="35.541145" lon="-121.115544" />
      <trkpt lat="35.541062" lon="-121.115987" />
      <trkpt lat="35.541157" lon="-121.116316" />
      <trkpt lat="35.541337" lon="-121.116312" />
      <trkpt lat="35.541438" lon="-121.116971" />
      <trkpt lat="35.541888" lon="-121.116961" />
    </trkseg>
  </trk>
</gpx>
