{"schema_version":1,"type":"FeatureCollection","region_id":"fort-bragg-point-arena","scope_id":"h11967-greenwood-tile","bounds":[-123.84,39.14,-123.74,39.25],"checked_at":"2026-09-25T04:56:27.728550+00:00","source_url":"https://encdirect.noaa.gov/arcgis/rest/services/encdirect","status":"charted-danger-screen-only","query_receipts":[{"service":"enc_harbour","layer":"Obstruction_point","layer_id":33,"count":1,"count_url":"https://encdirect.noaa.gov/arcgis/rest/services/encdirect/enc_harbour/MapServer/33/query?where=1%3D1&geometry=-123.84%2C39.14%2C-123.74%2C39.25&geometryType=esriGeometryEnvelope&inSR=4326&spatialRel=esriSpatialRelIntersects&returnCountOnly=true&f=json","count_sha256":"6aea6dfe6561984cdc5c54ead84d47d2cf29e48253ae282aef237404adad4661","data_url":"https://encdirect.noaa.gov/arcgis/rest/services/encdirect/enc_harbour/MapServer/33/query?where=1%3D1&geometry=-123.84%2C39.14%2C-123.74%2C39.25&geometryType=esriGeometryEnvelope&inSR=4326&spatialRel=esriSpatialRelIntersects&outFields=%2A&returnGeometry=true&outSR=4326&f=geojson","data_sha256":"9149825fe3d0f89ef2334adc6932b268fd94d910723de0890fe7e7f1c0322da7"},{"service":"enc_harbour","layer":"Underwater_Awash_Rock_point","layer_id":34,"count":351,"count_url":"https://encdirect.noaa.gov/arcgis/rest/services/encdirect/enc_harbour/MapServer/34/query?where=1%3D1&geometry=-123.84%2C39.14%2C-123.74%2C39.25&geometryType=esriGeometryEnvelope&inSR=4326&spatialRel=esriSpatialRelIntersects&returnCountOnly=true&f=json","count_sha256":"da9c336cad5ea0dfb7c62738aaa42bc74564941c9d18cd8d00837e1b630abea4","data_url":"https://encdirect.noaa.gov/arcgis/rest/services/encdirect/enc_harbour/MapServer/34/query?where=1%3D1&geometry=-123.84%2C39.14%2C-123.74%2C39.25&geometryType=esriGeometryEnvelope&inSR=4326&spatialRel=esriSpatialRelIntersects&outFields=%2A&returnGeometry=true&outSR=4326&f=geojson","data_sha256":"e8f6186c6c0f9eba3001184d2915a3bcedef5e5c917f2799316a1fc2e9f6589d"},{"service":"enc_harbour","layer":"Wreck_point","layer_id":36,"count":0,"count_url":"https://encdirect.noaa.gov/arcgis/rest/services/encdirect/enc_harbour/MapServer/36/query?where=1%3D1&geometry=-123.84%2C39.14%2C-123.74%2C39.25&geometryType=esriGeometryEnvelope&inSR=4326&spatialRel=esriSpatialRelIntersects&returnCountOnly=true&f=json","count_sha256":"618de7d9f46f3f697d827a1b6d84974760d5deda62e4e592adaa3c646602a94c","data_url":"https://encdirect.noaa.gov/arcgis/rest/services/encdirect/enc_harbour/MapServer/36/query?where=1%3D1&geometry=-123.84%2C39.14%2C-123.74%2C39.25&geometryType=esriGeometryEnvelope&inSR=4326&spatialRel=esriSpatialRelIntersects&outFields=%2A&returnGeometry=true&outSR=4326&f=geojson","data_sha256":"ed778c73ea51338d6576fb5992b189f2b94d9f3d5e199f46c1af520d6b0b3e6c"},{"service":"enc_harbour","layer":"Obstruction_line","layer_id":99,"count":0,"count_url":"https://encdirect.noaa.gov/arcgis/rest/services/encdirect/enc_harbour/MapServer/99/query?where=1%3D1&geometry=-123.84%2C39.14%2C-123.74%2C39.25&geometryType=esriGeometryEnvelope&inSR=4326&spatialRel=esriSpatialRelIntersects&returnCountOnly=true&f=json","count_sha256":"618de7d9f46f3f697d827a1b6d84974760d5deda62e4e592adaa3c646602a94c","data_url":"https://encdirect.noaa.gov/arcgis/rest/services/encdirect/enc_harbour/MapServer/99/query?where=1%3D1&geometry=-123.84%2C39.14%2C-123.74%2C39.25&geometryType=esriGeometryEnvelope&inSR=4326&spatialRel=esriSpatialRelIntersects&outFields=%2A&returnGeometry=true&outSR=4326&f=geojson","data_sha256":"ed778c73ea51338d6576fb5992b189f2b94d9f3d5e199f46c1af520d6b0b3e6c"},{"service":"enc_harbour","layer":"Obstruction_area","layer_id":156,"count":12,"count_url":"https://encdirect.noaa.gov/arcgis/rest/services/encdirect/enc_harbour/MapServer/156/query?where=1%3D1&geometry=-123.84%2C39.14%2C-123.74%2C39.25&geometryType=esriGeometryEnvelope&inSR=4326&spatialRel=esriSpatialRelIntersects&returnCountOnly=true&f=json","count_sha256":"8a5c7f0a249309a0a490436246d7e4c75abc97488ad2da0c6e85a517ac13cdd2","data_url":"https://encdirect.noaa.gov/arcgis/rest/services/encdirect/enc_harbour/MapServer/156/query?where=1%3D1&geometry=-123.84%2C39.14%2C-123.74%2C39.25&geometryType=esriGeometryEnvelope&inSR=4326&spatialRel=esriSpatialRelIntersects&outFields=%2A&returnGeometry=true&outSR=4326&f=geojson","data_sha256":"faf5377ee208d83430a9660b1d44b406fcb9f2c8374092cdbd1a7d2c7778b856"},{"service":"enc_harbour","layer":"Wreck_area","layer_id":158,"count":0,"count_url":"https://encdirect.noaa.gov/arcgis/rest/services/encdirect/enc_harbour/MapServer/158/query?where=1%3D1&geometry=-123.84%2C39.14%2C-123.74%2C39.25&geometryType=esriGeometryEnvelope&inSR=4326&spatialRel=esriSpatialRelIntersects&returnCountOnly=true&f=json","count_sha256":"618de7d9f46f3f697d827a1b6d84974760d5deda62e4e592adaa3c646602a94c","data_url":"https://encdirect.noaa.gov/arcgis/rest/services/encdirect/enc_harbour/MapServer/158/query?where=1%3D1&geometry=-123.84%2C39.14%2C-123.74%2C39.25&geometryType=esriGeometryEnvelope&inSR=4326&spatialRel=esriSpatialRelIntersects&outFields=%2A&returnGeometry=true&outSR=4326&f=geojson","data_sha256":"ed778c73ea51338d6576fb5992b189f2b94d9f3d5e199f46c1af520d6b0b3e6c"},{"service":"enc_approach","layer":"Obstruction_point","layer_id":36,"count":1,"count_url":"https://encdirect.noaa.gov/arcgis/rest/services/encdirect/enc_approach/MapServer/36/query?where=1%3D1&geometry=-123.84%2C39.14%2C-123.74%2C39.25&geometryType=esriGeometryEnvelope&inSR=4326&spatialRel=esriSpatialRelIntersects&returnCountOnly=true&f=json","count_sha256":"6aea6dfe6561984cdc5c54ead84d47d2cf29e48253ae282aef237404adad4661","data_url":"https://encdirect.noaa.gov/arcgis/rest/services/encdirect/enc_approach/MapServer/36/query?where=1%3D1&geometry=-123.84%2C39.14%2C-123.74%2C39.25&geometryType=esriGeometryEnvelope&inSR=4326&spatialRel=esriSpatialRelIntersects&outFields=%2A&returnGeometry=true&outSR=4326&f=geojson","data_sha256":"a8f1a743989ddf8ada94966de6e456ff516bc525958122a742cfd79fe2e3b5cb"},{"service":"enc_approach","layer":"Underwater_Awash_Rock_point","layer_id":37,"count":196,"count_url":"https://encdirect.noaa.gov/arcgis/rest/services/encdirect/enc_approach/MapServer/37/query?where=1%3D1&geometry=-123.84%2C39.14%2C-123.74%2C39.25&geometryType=esriGeometryEnvelope&inSR=4326&spatialRel=esriSpatialRelIntersects&returnCountOnly=true&f=json","count_sha256":"b89bcdd709dd02dadbf8df0fdf73d3d40f194b45018c078d58036656fe762fd1","data_url":"https://encdirect.noaa.gov/arcgis/rest/services/encdirect/enc_approach/MapServer/37/query?where=1%3D1&geometry=-123.84%2C39.14%2C-123.74%2C39.25&geometryType=esriGeometryEnvelope&inSR=4326&spatialRel=esriSpatialRelIntersects&outFields=%2A&returnGeometry=true&outSR=4326&f=geojson","data_sha256":"2641ca5944ea429bf53ce1f399fe2df9e92d4d42785bd7487ec3435c08f843a5"},{"service":"enc_approach","layer":"Wreck_point","layer_id":39,"count":0,"count_url":"https://encdirect.noaa.gov/arcgis/rest/services/encdirect/enc_approach/MapServer/39/query?where=1%3D1&geometry=-123.84%2C39.14%2C-123.74%2C39.25&geometryType=esriGeometryEnvelope&inSR=4326&spatialRel=esriSpatialRelIntersects&returnCountOnly=true&f=json","count_sha256":"618de7d9f46f3f697d827a1b6d84974760d5deda62e4e592adaa3c646602a94c","data_url":"https://encdirect.noaa.gov/arcgis/rest/services/encdirect/enc_approach/MapServer/39/query?where=1%3D1&geometry=-123.84%2C39.14%2C-123.74%2C39.25&geometryType=esriGeometryEnvelope&inSR=4326&spatialRel=esriSpatialRelIntersects&outFields=%2A&returnGeometry=true&outSR=4326&f=geojson","data_sha256":"ed778c73ea51338d6576fb5992b189f2b94d9f3d5e199f46c1af520d6b0b3e6c"},{"service":"enc_approach","layer":"Obstruction_line","layer_id":103,"count":0,"count_url":"https://encdirect.noaa.gov/arcgis/rest/services/encdirect/enc_approach/MapServer/103/query?where=1%3D1&geometry=-123.84%2C39.14%2C-123.74%2C39.25&geometryType=esriGeometryEnvelope&inSR=4326&spatialRel=esriSpatialRelIntersects&returnCountOnly=true&f=json","count_sha256":"618de7d9f46f3f697d827a1b6d84974760d5deda62e4e592adaa3c646602a94c","data_url":"https://encdirect.noaa.gov/arcgis/rest/services/encdirect/enc_approach/MapServer/103/query?where=1%3D1&geometry=-123.84%2C39.14%2C-123.74%2C39.25&geometryType=esriGeometryEnvelope&inSR=4326&spatialRel=esriSpatialRelIntersects&outFields=%2A&returnGeometry=true&outSR=4326&f=geojson","data_sha256":"ed778c73ea51338d6576fb5992b189f2b94d9f3d5e199f46c1af520d6b0b3e6c"},{"service":"enc_approach","layer":"Obstruction_area","layer_id":161,"count":11,"count_url":"https://encdirect.noaa.gov/arcgis/rest/services/encdirect/enc_approach/MapServer/161/query?where=1%3D1&geometry=-123.84%2C39.14%2C-123.74%2C39.25&geometryType=esriGeometryEnvelope&inSR=4326&spatialRel=esriSpatialRelIntersects&returnCountOnly=true&f=json","count_sha256":"7512669ba3d728b7c043f6d90372533fbd036755844fb231b0bf242e2f712bbf","data_url":"https://encdirect.noaa.gov/arcgis/rest/services/encdirect/enc_approach/MapServer/161/query?where=1%3D1&geometry=-123.84%2C39.14%2C-123.74%2C39.25&geometryType=esriGeometryEnvelope&inSR=4326&spatialRel=esriSpatialRelIntersects&outFields=%2A&returnGeometry=true&outSR=4326&f=geojson","data_sha256":"4aa12b3e673362111d337ee1ff85b6fe3048b41f076702785fe77651a591ae7a"},{"service":"enc_approach","layer":"Wreck_area","layer_id":163,"count":0,"count_url":"https://encdirect.noaa.gov/arcgis/rest/services/encdirect/enc_approach/MapServer/163/query?where=1%3D1&geometry=-123.84%2C39.14%2C-123.74%2C39.25&geometryType=esriGeometryEnvelope&inSR=4326&spatialRel=esriSpatialRelIntersects&returnCountOnly=true&f=json","count_sha256":"618de7d9f46f3f697d827a1b6d84974760d5deda62e4e592adaa3c646602a94c","data_url":"https://encdirect.noaa.gov/arcgis/rest/services/encdirect/enc_approach/MapServer/163/query?where=1%3D1&geometry=-123.84%2C39.14%2C-123.74%2C39.25&geometryType=esriGeometryEnvelope&inSR=4326&spatialRel=esriSpatialRelIntersects&outFields=%2A&returnGeometry=true&outSR=4326&f=geojson","data_sha256":"ed778c73ea51338d6576fb5992b189f2b94d9f3d5e199f46c1af520d6b0b3e6c"},{"service":"enc_coastal","layer":"Obstruction_point","layer_id":30,"count":0,"count_url":"https://encdirect.noaa.gov/arcgis/rest/services/encdirect/enc_coastal/MapServer/30/query?where=1%3D1&geometry=-123.84%2C39.14%2C-123.74%2C39.25&geometryType=esriGeometryEnvelope&inSR=4326&spatialRel=esriSpatialRelIntersects&returnCountOnly=true&f=json","count_sha256":"618de7d9f46f3f697d827a1b6d84974760d5deda62e4e592adaa3c646602a94c","data_url":"https://encdirect.noaa.gov/arcgis/rest/services/encdirect/enc_coastal/MapServer/30/query?where=1%3D1&geometry=-123.84%2C39.14%2C-123.74%2C39.25&geometryType=esriGeometryEnvelope&inSR=4326&spatialRel=esriSpatialRelIntersects&outFields=%2A&returnGeometry=true&outSR=4326&f=geojson","data_sha256":"ed778c73ea51338d6576fb5992b189f2b94d9f3d5e199f46c1af520d6b0b3e6c"},{"service":"enc_coastal","layer":"Underwater_Awash_Rock_point","layer_id":31,"count":42,"count_url":"https://encdirect.noaa.gov/arcgis/rest/services/encdirect/enc_coastal/MapServer/31/query?where=1%3D1&geometry=-123.84%2C39.14%2C-123.74%2C39.25&geometryType=esriGeometryEnvelope&inSR=4326&spatialRel=esriSpatialRelIntersects&returnCountOnly=true&f=json","count_sha256":"b35539ce83f07b2fe8fb4bdce27fb9666c2122af4ad9a5850a711d906fb58998","data_url":"https://encdirect.noaa.gov/arcgis/rest/services/encdirect/enc_coastal/MapServer/31/query?where=1%3D1&geometry=-123.84%2C39.14%2C-123.74%2C39.25&geometryType=esriGeometryEnvelope&inSR=4326&spatialRel=esriSpatialRelIntersects&outFields=%2A&returnGeometry=true&outSR=4326&f=geojson","data_sha256":"9ffd49e6e0a3f9f675474d9d7b48db14157c7bc8bb6695188a7ce3964d8882fe"},{"service":"enc_coastal","layer":"Wreck_point","layer_id":33,"count":0,"count_url":"https://encdirect.noaa.gov/arcgis/rest/services/encdirect/enc_coastal/MapServer/33/query?where=1%3D1&geometry=-123.84%2C39.14%2C-123.74%2C39.25&geometryType=esriGeometryEnvelope&inSR=4326&spatialRel=esriSpatialRelIntersects&returnCountOnly=true&f=json","count_sha256":"618de7d9f46f3f697d827a1b6d84974760d5deda62e4e592adaa3c646602a94c","data_url":"https://encdirect.noaa.gov/arcgis/rest/services/encdirect/enc_coastal/MapServer/33/query?where=1%3D1&geometry=-123.84%2C39.14%2C-123.74%2C39.25&geometryType=esriGeometryEnvelope&inSR=4326&spatialRel=esriSpatialRelIntersects&outFields=%2A&returnGeometry=true&outSR=4326&f=geojson","data_sha256":"ed778c73ea51338d6576fb5992b189f2b94d9f3d5e199f46c1af520d6b0b3e6c"},{"service":"enc_coastal","layer":"Obstruction_line","layer_id":78,"count":0,"count_url":"https://encdirect.noaa.gov/arcgis/rest/services/encdirect/enc_coastal/MapServer/78/query?where=1%3D1&geometry=-123.84%2C39.14%2C-123.74%2C39.25&geometryType=esriGeometryEnvelope&inSR=4326&spatialRel=esriSpatialRelIntersects&returnCountOnly=true&f=json","count_sha256":"618de7d9f46f3f697d827a1b6d84974760d5deda62e4e592adaa3c646602a94c","data_url":"https://encdirect.noaa.gov/arcgis/rest/services/encdirect/enc_coastal/MapServer/78/query?where=1%3D1&geometry=-123.84%2C39.14%2C-123.74%2C39.25&geometryType=esriGeometryEnvelope&inSR=4326&spatialRel=esriSpatialRelIntersects&outFields=%2A&returnGeometry=true&outSR=4326&f=geojson","data_sha256":"ed778c73ea51338d6576fb5992b189f2b94d9f3d5e199f46c1af520d6b0b3e6c"},{"service":"enc_coastal","layer":"Obstruction_area","layer_id":118,"count":4,"count_url":"https://encdirect.noaa.gov/arcgis/rest/services/encdirect/enc_coastal/MapServer/118/query?where=1%3D1&geometry=-123.84%2C39.14%2C-123.74%2C39.25&geometryType=esriGeometryEnvelope&inSR=4326&spatialRel=esriSpatialRelIntersects&returnCountOnly=true&f=json","count_sha256":"a5fb8eb97856970b61d9f466deb64f7659e835ee8ec5497003b78438fe888cad","data_url":"https://encdirect.noaa.gov/arcgis/rest/services/encdirect/enc_coastal/MapServer/118/query?where=1%3D1&geometry=-123.84%2C39.14%2C-123.74%2C39.25&geometryType=esriGeometryEnvelope&inSR=4326&spatialRel=esriSpatialRelIntersects&outFields=%2A&returnGeometry=true&outSR=4326&f=geojson","data_sha256":"65f6ed46fc2925316077ca4c88270fdcea368f36dfa5d7238f4d73e3bcdfdf64"},{"service":"enc_coastal","layer":"Wreck_area","layer_id":120,"count":0,"count_url":"https://encdirect.noaa.gov/arcgis/rest/services/encdirect/enc_coastal/MapServer/120/query?where=1%3D1&geometry=-123.84%2C39.14%2C-123.74%2C39.25&geometryType=esriGeometryEnvelope&inSR=4326&spatialRel=esriSpatialRelIntersects&returnCountOnly=true&f=json","count_sha256":"618de7d9f46f3f697d827a1b6d84974760d5deda62e4e592adaa3c646602a94c","data_url":"https://encdirect.noaa.gov/arcgis/rest/services/encdirect/enc_coastal/MapServer/120/query?where=1%3D1&geometry=-123.84%2C39.14%2C-123.74%2C39.25&geometryType=esriGeometryEnvelope&inSR=4326&spatialRel=esriSpatialRelIntersects&outFields=%2A&returnGeometry=true&outSR=4326&f=geojson","data_sha256":"ed778c73ea51338d6576fb5992b189f2b94d9f3d5e199f46c1af520d6b0b3e6c"}],"limitations":"NOAA ENC Direct danger features across three scale bands. Retrieval is not an ENC issue time, chart completeness certification, navigation clearance or safe route. Source-date attributes can be older than the service refresh. Empty layers are checked, not assumed. Other hazards and local restrictions require separate review.","features":[{"type":"Feature","id":362405,"geometry":{"type":"Point","coordinates":[-123.7822577,39.21546489999997]},"properties":{"OBJECTID":362405,"OBJL":86,"CATOBS":" ","CONDTN":null,"EXPSOU":null,"HEIGHT":null,"NATCON":null,"NATQUA":null,"OBJNAM":null,"PRODCT":null,"QUASOU":"2","SOUACC":null,"TECSOU":null,"VALSOU":null,"VERACC":null,"VERDAT":null,"VERLEN":null,"WATLEV":3,"NATSUR":null,"INFORM":null,"SCAMIN":null,"SORDAT":"201110","SORIND":"US,US,graph,Chart 18628","DSNM":"US5CA5EI.000","enc_service":"enc_harbour","enc_layer":"Obstruction_point","enc_layer_id":33}},{"type":"Feature","id":863809,"geometry":{"type":"Point","coordinates":[-123.78780599999999,39.239326199999994]},"properties":{"OBJECTID":863809,"OBJL":153,"EXPSOU":1,"NATSUR":null,"NATQUA":null,"OBJNAM":null,"QUASOU":"6","SOUACC":null,"TECSOU":null,"VALSOU":7.3,"VERDAT":null,"WATLEV":3,"INFORM":null,"SCAMIN":null,"SORDAT":"201110","SORIND":"US,US,graph,Chart 18628","DSNM":"US5CA5FI.000","enc_service":"enc_harbour","enc_layer":"Underwater_Awash_Rock_point","enc_layer_id":34}},{"type":"Feature","id":863372,"geometry":{"type":"Point","coordinates":[-123.78159720000002,39.19664719999997]},"properties":{"OBJECTID":863372,"OBJL":153,"EXPSOU":2,"NATSUR":null,"NATQUA":null,"OBJNAM":null,"QUASOU":"6","SOUACC":null,"TECSOU":null,"VALSOU":17.3,"VERDAT":null,"WATLEV":3,"INFORM":null,"SCAMIN":null,"SORDAT":"20090901","SORIND":"US,US,reprt,1820/09","DSNM":"US5CA5EI.000","enc_service":"enc_harbour","enc_layer":"Underwater_Awash_Rock_point","enc_layer_id":34}},{"type":"Feature","id":863392,"geometry":{"type":"Point","coordinates":[-123.78420590000002,39.202831]},"properties":{"OBJECTID":863392,"OBJL":153,"EXPSOU":1,"NATSUR":null,"NATQUA":null,"OBJNAM":null,"QUASOU":"6","SOUACC":null,"TECSOU":null,"VALSOU":5.7,"VERDAT":null,"WATLEV":3,"INFORM":null,"SCAMIN":null,"SORDAT":"20000916","SORIND":"US,US,graph,Chart 18626","DSNM":"US5CA5EI.000","enc_service":"enc_harbour","enc_layer":"Underwater_Awash_Rock_point","enc_layer_id":34}},{"type":"Feature","id":863530,"geometry":{"type":"Point","coordinates":[-123.78000600000001,39.214088000000004]},"properties":{"OBJECTID":863530,"OBJL":153,"EXPSOU":null,"NATSUR":null,"NATQUA":null,"OBJNAM":null,"QUASOU":"2","SOUACC":null,"TECSOU":null,"VALSOU":null,"VERDAT":null,"WATLEV":4,"INFORM":null,"SCAMIN":null,"SORDAT":"19991127","SORIND":"US,US,graph,Chart 18628","DSNM":"US5CA5EI.000","enc_service":"enc_harbour","enc_layer":"Underwater_Awash_Rock_point","enc_layer_id":34}},{"type":"Feature","id":863378,"geometry":{"type":"Point","coordinates":[-123.778438,39.210293999999976]},"properties":{"OBJECTID":863378,"OBJL":153,"EXPSOU":null,"NATSUR":null,"NATQUA":null,"OBJNAM":null,"QUASOU":"2","SOUACC":null,"TECSOU":null,"VALSOU":null,"VERDAT":null,"WATLEV":4,"INFORM":null,"SCAMIN":null,"SORDAT":"20000916","SORIND":"US,US,graph,Chart 18626","DSNM":"US5CA5EI.000","enc_service":"enc_harbour","enc_layer":"Underwater_Awash_Rock_point","enc_layer_id":34}},{"type":"Feature","id":863379,"geometry":{"type":"Point","coordinates":[-123.77728300000001,39.210217]},"properties":{"OBJECTID":863379,"OBJL":153,"EXPSOU":null,"NATSUR":null,"NATQUA":null,"OBJNAM":null,"QUASOU":"2","SOUACC":null,"TECSOU":null,"VALSOU":null,"VERDAT":null,"WATLEV":4,"INFORM":null,"SCAMIN":null,"SORDAT":"20000916","SORIND":"US,US,graph,Chart 18626","DSNM":"US5CA5EI.000","enc_service":"enc_harbour","enc_layer":"Underwater_Awash_Rock_point","enc_layer_id":34}},{"type":"Feature","id":863506,"geometry":{"type":"Point","coordinates":[-123.77711499999998,39.21258799999998]},"properties":{"OBJECTID":863506,"OBJL":153,"EXPSOU":null,"NATSUR":null,"NATQUA":null,"OBJNAM":null,"QUASOU":"2","SOUACC":null,"TECSOU":null,"VALSOU":null,"VERDAT":null,"WATLEV":4,"INFORM":null,"SCAMIN":null,"SORDAT":"19991127","SORIND":"US,US,graph,Chart 18628","DSNM":"US5CA5EI.000","enc_service":"enc_harbour","enc_layer":"Underwater_Awash_Rock_point","enc_layer_id":34}},{"type":"Feature","id":863409,"geometry":{"type":"Point","coordinates":[-123.77570400000002,39.20578499999999]},"properties":{"OBJECTID":863409,"OBJL":153,"EXPSOU":null,"NATSUR":null,"NATQUA":null,"OBJNAM":null,"QUASOU":"2","SOUACC":null,"TECSOU":null,"VALSOU":null,"VERDAT":null,"WATLEV":4,"INFORM":null,"SCAMIN":null,"SORDAT":"20000916","SORIND":"US,US,graph,Chart 18626","DSNM":"US5CA5EI.000","enc_service":"enc_harbour","enc_layer":"Underwater_Awash_Rock_point","enc_layer_id":34}},{"type":"Feature","id":863420,"geometry":{"type":"Point","coordinates":[-123.786045,39.215305]},"properties":{"OBJECTID":863420,"OBJL":153,"EXPSOU":null,"NATSUR":null,"NATQUA":null,"OBJNAM":null,"QUASOU":"2","SOUACC":null,"TECSOU":null,"VALSOU":null,"VERDAT":null,"WATLEV":3,"INFORM":null,"SCAMIN":null,"SORDAT":"19991127","SORIND":"US,US,graph,Chart 18628","DSNM":"US5CA5EI.000","enc_service":"enc_harbour","enc_layer":"Underwater_Awash_Rock_point","enc_layer_id":34}},{"type":"Feature","id":863496,"geometry":{"type":"Point","coordinates":[-123.77716099999998,39.221810000000005]},"properties":{"OBJECTID":863496,"OBJL":153,"EXPSOU":null,"NATSUR":null,"NATQUA":null,"OBJNAM":null,"QUASOU":"2","SOUACC":null,"TECSOU":null,"VALSOU":null,"VERDAT":null,"WATLEV":4,"INFORM":null,"SCAMIN":null,"SORDAT":"19991127","SORIND":"US,US,graph,Chart 18628","DSNM":"US5CA5EI.000","enc_service":"enc_harbour","enc_layer":"Underwater_Awash_Rock_point","enc_layer_id":34}},{"type":"Feature","id":863473,"geometry":{"type":"Point","coordinates":[-123.77584999999999,39.221924]},"properties":{"OBJECTID":863473,"OBJL":153,"EXPSOU":null,"NATSUR":null,"NATQUA":null,"OBJNAM":null,"QUASOU":"2","SOUACC":null,"TECSOU":null,"VALSOU":null,"VERDAT":null,"WATLEV":4,"INFORM":null,"SCAMIN":null,"SORDAT":"19991127","SORIND":"US,US,graph,Chart 18628","DSNM":"US5CA5EI.000","enc_service":"enc_harbour","enc_layer":"Underwater_Awash_Rock_point","enc_layer_id":34}},{"type":"Feature","id":863808,"geometry":{"type":"Point","coordinates":[-123.78429690000002,39.23653949999999]},"properties":{"OBJECTID":863808,"OBJL":153,"EXPSOU":1,"NATSUR":null,"NATQUA":null,"OBJNAM":null,"QUASOU":"6","SOUACC":null,"TECSOU":null,"VALSOU":1.8,"VERDAT":null,"WATLEV":3,"INFORM":null,"SCAMIN":null,"SORDAT":"201110","SORIND":"US,US,graph,Chart 18628","DSNM":"US5CA5FI.000","enc_service":"enc_harbour","enc_layer":"Underwater_Awash_Rock_point","enc_layer_id":34}},{"type":"Feature","id":863679,"geometry":{"type":"Point","coordinates":[-123.78345999999999,39.23061000000001]},"properties":{"OBJECTID":863679,"OBJL":153,"EXPSOU":null,"NATSUR":null,"NATQUA":null,"OBJNAM":null,"QUASOU":"2","SOUACC":null,"TECSOU":null,"VALSOU":null,"VERDAT":null,"WATLEV":3,"INFORM":null,"SCAMIN":null,"SORDAT":"19991127","SORIND":"US,US,graph,Chart 18628","DSNM":"US5CA5FI.000","enc_service":"enc_harbour","enc_layer":"Underwater_Awash_Rock_point","enc_layer_id":34}},{"type":"Feature","id":863675,"geometry":{"type":"Point","coordinates":[-123.78147200000001,39.23139900000001]},"properties":{"OBJECTID":863675,"OBJL":153,"EXPSOU":null,"NATSUR":null,"NATQUA":null,"OBJNAM":null,"QUASOU":"2","SOUACC":null,"TECSOU":null,"VALSOU":null,"VERDAT":null,"WATLEV":4,"INFORM":null,"SCAMIN":null,"SORDAT":"19991127","SORIND":"US,US,graph,Chart 18628","DSNM":"US5CA5FI.000","enc_service":"enc_harbour","enc_layer":"Underwater_Awash_Rock_point","enc_layer_id":34}},{"type":"Feature","id":863660,"geometry":{"type":"Point","coordinates":[-123.78086400000001,39.23401000000001]},"properties":{"OBJECTID":863660,"OBJL":153,"EXPSOU":null,"NATSUR":null,"NATQUA":null,"OBJNAM":null,"QUASOU":"2","SOUACC":null,"TECSOU":null,"VALSOU":null,"VERDAT":null,"WATLEV":4,"INFORM":null,"SCAMIN":null,"SORDAT":"19991127","SORIND":"US,US,graph,Chart 18628","DSNM":"US5CA5FI.000","enc_service":"enc_harbour","enc_layer":"Underwater_Awash_Rock_point","enc_layer_id":34}},{"type":"Feature","id":863775,"geometry":{"type":"Point","coordinates":[-123.77938499999999,39.236301000000026]},"properties":{"OBJECTID":863775,"OBJL":153,"EXPSOU":null,"NATSUR":null,"NATQUA":null,"OBJNAM":null,"QUASOU":"2","SOUACC":null,"TECSOU":null,"VALSOU":null,"VERDAT":null,"WATLEV":4,"INFORM":null,"SCAMIN":null,"SORDAT":"19991127","SORIND":"US,US,graph,Chart 18628","DSNM":"US5CA5FI.000","enc_service":"enc_harbour","enc_layer":"Underwater_Awash_Rock_point","enc_layer_id":34}},{"type":"Feature","id":863791,"geometry":{"type":"Point","coordinates":[-123.776069,39.23022099999997]},"properties":{"OBJECTID":863791,"OBJL":153,"EXPSOU":null,"NATSUR":null,"NATQUA":null,"OBJNAM":null,"QUASOU":"2","SOUACC":null,"TECSOU":null,"VALSOU":null,"VERDAT":null,"WATLEV":4,"INFORM":null,"SCAMIN":null,"SORDAT":"19991127","SORIND":"US,US,graph,Chart 18628","DSNM":"US5CA5FI.000","enc_service":"enc_harbour","enc_layer":"Underwater_Awash_Rock_point","enc_layer_id":34}},{"type":"Feature","id":863760,"geometry":{"type":"Point","coordinates":[-123.78658630000001,39.24590860000001]},"properties":{"OBJECTID":863760,"OBJL":153,"EXPSOU":1,"NATSUR":null,"NATQUA":null,"OBJNAM":null,"QUASOU":"6","SOUACC":null,"TECSOU":null,"VALSOU":3.9,"VERDAT":null,"WATLEV":3,"INFORM":null,"SCAMIN":null,"SORDAT":"201110","SORIND":"US,US,graph,Chart 18628","DSNM":"US5CA5FI.000","enc_service":"enc_harbour","enc_layer":"Underwater_Awash_Rock_point","enc_layer_id":34}},{"type":"Feature","id":863614,"geometry":{"type":"Point","coordinates":[-123.78550899999999,39.24739899999997]},"properties":{"OBJECTID":863614,"OBJL":153,"EXPSOU":null,"NATSUR":null,"NATQUA":null,"OBJNAM":null,"QUASOU":"2","SOUACC":null,"TECSOU":null,"VALSOU":null,"VERDAT":null,"WATLEV":4,"INFORM":null,"SCAMIN":21999,"SORDAT":"19991127","SORIND":"US,US,graph,Chart 18628","DSNM":"US5CA5FI.000","enc_service":"enc_harbour","enc_layer":"Underwater_Awash_Rock_point","enc_layer_id":34}},{"type":"Feature","id":863717,"geometry":{"type":"Point","coordinates":[-123.78312299999999,39.239224999999976]},"properties":{"OBJECTID":863717,"OBJL":153,"EXPSOU":null,"NATSUR":null,"NATQUA":null,"OBJNAM":null,"QUASOU":"2","SOUACC":null,"TECSOU":null,"VALSOU":null,"VERDAT":null,"WATLEV":3,"INFORM":null,"SCAMIN":null,"SORDAT":"19991127","SORIND":"US,US,graph,Chart 18628","DSNM":"US5CA5FI.000","enc_service":"enc_harbour","enc_layer":"Underwater_Awash_Rock_point","enc_layer_id":34}},{"type":"Feature","id":863630,"geometry":{"type":"Point","coordinates":[-123.78184700000003,39.24681399999997]},"properties":{"OBJECTID":863630,"OBJL":153,"EXPSOU":null,"NATSUR":null,"NATQUA":null,"OBJNAM":null,"QUASOU":"2","SOUACC":null,"TECSOU":null,"VALSOU":null,"VERDAT":null,"WATLEV":4,"INFORM":null,"SCAMIN":null,"SORDAT":"19991127","SORIND":"US,US,graph,Chart 18628","DSNM":"US5CA5FI.000","enc_service":"enc_harbour","enc_layer":"Underwater_Awash_Rock_point","enc_layer_id":34}},{"type":"Feature","id":863728,"geometry":{"type":"Point","coordinates":[-123.78078399999998,39.242317000000014]},"properties":{"OBJECTID":863728,"OBJL":153,"EXPSOU":null,"NATSUR":null,"NATQUA":null,"OBJNAM":null,"QUASOU":"2","SOUACC":null,"TECSOU":null,"VALSOU":null,"VERDAT":null,"WATLEV":3,"INFORM":null,"SCAMIN":null,"SORDAT":"19991127","SORIND":"US,US,graph,Chart 18628","DSNM":"US5CA5FI.000","enc_service":"enc_harbour","enc_layer":"Underwater_Awash_Rock_point","enc_layer_id":34}},{"type":"Feature","id":863713,"geometry":{"type":"Point","coordinates":[-123.779718,39.243277999999975]},"properties":{"OBJECTID":863713,"OBJL":153,"EXPSOU":null,"NATSUR":null,"NATQUA":null,"OBJNAM":null,"QUASOU":"2","SOUACC":null,"TECSOU":null,"VALSOU":null,"VERDAT":null,"WATLEV":4,"INFORM":null,"SCAMIN":null,"SORDAT":"19991127","SORIND":"US,US,graph,Chart 18628","DSNM":"US5CA5FI.000","enc_service":"enc_harbour","enc_layer":"Underwater_Awash_Rock_point","enc_layer_id":34}},{"type":"Feature","id":863759,"geometry":{"type":"Point","coordinates":[-123.777785,39.238766]},"properties":{"OBJECTID":863759,"OBJL":153,"EXPSOU":null,"NATSUR":null,"NATQUA":null,"OBJNAM":null,"QUASOU":"2","SOUACC":null,"TECSOU":null,"VALSOU":null,"VERDAT":null,"WATLEV":4,"INFORM":null,"SCAMIN":null,"SORDAT":"19991127","SORIND":"US,US,graph,Chart 18628","DSNM":"US5CA5FI.000","enc_service":"enc_harbour","enc_layer":"Underwater_Awash_Rock_point","enc_layer_id":34}},{"type":"Feature","id":863742,"geometry":{"type":"Point","coordinates":[-123.77651200000003,39.24019500000003]},"properties":{"OBJECTID":863742,"OBJL":153,"EXPSOU":null,"NATSUR":null,"NATQUA":null,"OBJNAM":null,"QUASOU":"2","SOUACC":null,"TECSOU":null,"VALSOU":null,"VERDAT":null,"WATLEV":4,"INFORM":null,"SCAMIN":null,"SORDAT":"19991127","SORIND":"US,US,graph,Chart 18628","DSNM":"US5CA5FI.000","enc_service":"enc_harbour","enc_layer":"Underwater_Awash_Rock_point","enc_layer_id":34}},{"type":"Feature","id":863359,"geometry":{"type":"Point","coordinates":[-123.76636000000002,39.189119000000005]},"properties":{"OBJECTID":863359,"OBJL":153,"EXPSOU":null,"NATSUR":null,"NATQUA":null,"OBJNAM":null,"QUASOU":"2","SOUACC":null,"TECSOU":null,"VALSOU":null,"VERDAT":null,"WATLEV":4,"INFORM":null,"SCAMIN":null,"SORDAT":"20000916","SORIND":"US,US,graph,Chart 18626","DSNM":"US5CA5EI.000","enc_service":"enc_harbour","enc_layer":"Underwater_Awash_Rock_point","enc_layer_id":34}},{"type":"Feature","id":863519,"geometry":{"type":"Point","coordinates":[-123.772377,39.203772000000015]},"properties":{"OBJECTID":863519,"OBJL":153,"EXPSOU":null,"NATSUR":null,"NATQUA":null,"OBJNAM":null,"QUASOU":"2","SOUACC":null,"TECSOU":null,"VALSOU":null,"VERDAT":null,"WATLEV":4,"INFORM":null,"SCAMIN":null,"SORDAT":"20000916","SORIND":"US,US,graph,Chart 18626","DSNM":"US5CA5EI.000","enc_service":"enc_harbour","enc_layer":"Underwater_Awash_Rock_point","enc_layer_id":34}},{"type":"Feature","id":863443,"geometry":{"type":"Point","coordinates":[-123.77539300000001,39.22087299999998]},"properties":{"OBJECTID":863443,"OBJL":153,"EXPSOU":null,"NATSUR":null,"NATQUA":null,"OBJNAM":null,"QUASOU":"2","SOUACC":null,"TECSOU":null,"VALSOU":null,"VERDAT":null,"WATLEV":4,"INFORM":null,"SCAMIN":null,"SORDAT":"19991127","SORIND":"US,US,graph,Chart 18628","DSNM":"US5CA5EI.000","enc_service":"enc_harbour","enc_layer":"Underwater_Awash_Rock_point","enc_layer_id":34}},{"type":"Feature","id":863432,"geometry":{"type":"Point","coordinates":[-123.77511199999998,39.22133400000001]},"properties":{"OBJECTID":863432,"OBJL":153,"EXPSOU":null,"NATSUR":null,"NATQUA":null,"OBJNAM":null,"QUASOU":"2","SOUACC":null,"TECSOU":null,"VALSOU":null,"VERDAT":null,"WATLEV":4,"INFORM":null,"SCAMIN":null,"SORDAT":"19991127","SORIND":"US,US,graph,Chart 18628","DSNM":"US5CA5EI.000","enc_service":"enc_harbour","enc_layer":"Underwater_Awash_Rock_point","enc_layer_id":34}},{"type":"Feature","id":863524,"geometry":{"type":"Point","coordinates":[-123.77487000000002,39.221744]},"properties":{"OBJECTID":863524,"OBJL":153,"EXPSOU":null,"NATSUR":null,"NATQUA":null,"OBJNAM":null,"QUASOU":"2","SOUACC":null,"TECSOU":null,"VALSOU":null,"VERDAT":null,"WATLEV":4,"INFORM":null,"SCAMIN":null,"SORDAT":"19991127","SORIND":"US,US,graph,Chart 18628","DSNM":"US5CA5EI.000","enc_service":"enc_harbour","enc_layer":"Underwater_Awash_Rock_point","enc_layer_id":34}},{"type":"Feature","id":863436,"geometry":{"type":"Point","coordinates":[-123.77411000000001,39.21504199999998]},"properties":{"OBJECTID":863436,"OBJL":153,"EXPSOU":null,"NATSUR":null,"NATQUA":null,"OBJNAM":null,"QUASOU":"2","SOUACC":null,"TECSOU":null,"VALSOU":null,"VERDAT":null,"WATLEV":4,"INFORM":null,"SCAMIN":null,"SORDAT":"19991127","SORIND":"US,US,graph,Chart 18628","DSNM":"US5CA5EI.000","enc_service":"enc_harbour","enc_layer":"Underwater_Awash_Rock_point","enc_layer_id":34}},{"type":"Feature","id":863503,"geometry":{"type":"Point","coordinates":[-123.77391799999998,39.221273]},"properties":{"OBJECTID":863503,"OBJL":153,"EXPSOU":null,"NATSUR":null,"NATQUA":null,"OBJNAM":null,"QUASOU":"2","SOUACC":null,"TECSOU":null,"VALSOU":null,"VERDAT":null,"WATLEV":4,"INFORM":null,"SCAMIN":null,"SORDAT":"19991127","SORIND":"US,US,graph,Chart 18628","DSNM":"US5CA5EI.000","enc_service":"enc_harbour","enc_layer":"Underwater_Awash_Rock_point","enc_layer_id":34}},{"type":"Feature","id":863548,"geometry":{"type":"Point","coordinates":[-123.77361300000001,39.21517499999999]},"properties":{"OBJECTID":863548,"OBJL":153,"EXPSOU":null,"NATSUR":null,"NATQUA":null,"OBJNAM":null,"QUASOU":"2","SOUACC":null,"TECSOU":null,"VALSOU":null,"VERDAT":null,"WATLEV":4,"INFORM":null,"SCAMIN":null,"SORDAT":"19991127","SORIND":"US,US,graph,Chart 18628","DSNM":"US5CA5EI.000","enc_service":"enc_harbour","enc_layer":"Underwater_Awash_Rock_point","enc_layer_id":34}},{"type":"Feature","id":863434,"geometry":{"type":"Point","coordinates":[-123.77276599999999,39.21967000000001]},"properties":{"OBJECTID":863434,"OBJL":153,"EXPSOU":null,"NATSUR":null,"NATQUA":null,"OBJNAM":null,"QUASOU":"2","SOUACC":null,"TECSOU":null,"VALSOU":null,"VERDAT":null,"WATLEV":4,"INFORM":null,"SCAMIN":null,"SORDAT":"19991127","SORIND":"US,US,graph,Chart 18628","DSNM":"US5CA5EI.000","enc_service":"enc_harbour","enc_layer":"Underwater_Awash_Rock_point","enc_layer_id":34}},{"type":"Feature","id":863400,"geometry":{"type":"Point","coordinates":[-123.77262300000001,39.21527900000001]},"properties":{"OBJECTID":863400,"OBJL":153,"EXPSOU":null,"NATSUR":null,"NATQUA":null,"OBJNAM":null,"QUASOU":"2","SOUACC":null,"TECSOU":null,"VALSOU":null,"VERDAT":null,"WATLEV":4,"INFORM":null,"SCAMIN":null,"SORDAT":"19991127","SORIND":"US,US,graph,Chart 18628","DSNM":"US5CA5EI.000","enc_service":"enc_harbour","enc_layer":"Underwater_Awash_Rock_point","enc_layer_id":34}},{"type":"Feature","id":863606,"geometry":{"type":"Point","coordinates":[-123.774137,39.228977999999984]},"properties":{"OBJECTID":863606,"OBJL":153,"EXPSOU":null,"NATSUR":null,"NATQUA":null,"OBJNAM":null,"QUASOU":"2","SOUACC":null,"TECSOU":null,"VALSOU":null,"VERDAT":null,"WATLEV":4,"INFORM":null,"SCAMIN":null,"SORDAT":"19991127","SORIND":"US,US,graph,Chart 18628","DSNM":"US5CA5FI.000","enc_service":"enc_harbour","enc_layer":"Underwater_Awash_Rock_point","enc_layer_id":34}},{"type":"Feature","id":863806,"geometry":{"type":"Point","coordinates":[-123.773865,39.22886999999997]},"properties":{"OBJECTID":863806,"OBJL":153,"EXPSOU":null,"NATSUR":null,"NATQUA":null,"OBJNAM":null,"QUASOU":"2","SOUACC":null,"TECSOU":null,"VALSOU":null,"VERDAT":null,"WATLEV":4,"INFORM":null,"SCAMIN":null,"SORDAT":"19991127","SORIND":"US,US,graph,Chart 18628","DSNM":"US5CA5FI.000","enc_service":"enc_harbour","enc_layer":"Underwater_Awash_Rock_point","enc_layer_id":34}},{"type":"Feature","id":863375,"geometry":{"type":"Point","coordinates":[-123.75818800000002,39.18391500000001]},"properties":{"OBJECTID":863375,"OBJL":153,"EXPSOU":null,"NATSUR":null,"NATQUA":null,"OBJNAM":null,"QUASOU":"2","SOUACC":null,"TECSOU":null,"VALSOU":null,"VERDAT":null,"WATLEV":4,"INFORM":null,"SCAMIN":null,"SORDAT":"20000916","SORIND":"US,US,graph,Chart 18626","DSNM":"US5CA5EI.000","enc_service":"enc_harbour","enc_layer":"Underwater_Awash_Rock_point","enc_layer_id":34}},{"type":"Feature","id":863138,"geometry":{"type":"Point","coordinates":[-123.74078209999999,39.14248900000001]},"properties":{"OBJECTID":863138,"OBJL":153,"EXPSOU":null,"NATSUR":null,"NATQUA":null,"OBJNAM":null,"QUASOU":"2","SOUACC":null,"TECSOU":null,"VALSOU":null,"VERDAT":null,"WATLEV":3,"INFORM":null,"SCAMIN":null,"SORDAT":"20000916","SORIND":"US,US,graph,Chart 18626","DSNM":"US5CA5DJ.000","enc_service":"enc_harbour","enc_layer":"Underwater_Awash_Rock_point","enc_layer_id":34}},{"type":"Feature","id":863143,"geometry":{"type":"Point","coordinates":[-123.74015910000003,39.143739400000015]},"properties":{"OBJECTID":863143,"OBJL":153,"EXPSOU":null,"NATSUR":null,"NATQUA":null,"OBJNAM":null,"QUASOU":"2","SOUACC":null,"TECSOU":null,"VALSOU":null,"VERDAT":null,"WATLEV":4,"INFORM":null,"SCAMIN":null,"SORDAT":"20000916","SORIND":"US,US,graph,Chart 18626","DSNM":"US5CA5DJ.000","enc_service":"enc_harbour","enc_layer":"Underwater_Awash_Rock_point","enc_layer_id":34}},{"type":"Feature","id":863580,"geometry":{"type":"Point","coordinates":[-123.74221299999999,39.16294399999998]},"properties":{"OBJECTID":863580,"OBJL":153,"EXPSOU":null,"NATSUR":null,"NATQUA":null,"OBJNAM":null,"QUASOU":"2","SOUACC":null,"TECSOU":null,"VALSOU":null,"VERDAT":null,"WATLEV":4,"INFORM":null,"SCAMIN":null,"SORDAT":"20000916","SORIND":"US,US,graph,Chart 18626","DSNM":"US5CA5EJ.000","enc_service":"enc_harbour","enc_layer":"Underwater_Awash_Rock_point","enc_layer_id":34}},{"type":"Feature","id":863583,"geometry":{"type":"Point","coordinates":[-123.74156019999998,39.156337199999996]},"properties":{"OBJECTID":863583,"OBJL":153,"EXPSOU":2,"NATSUR":null,"NATQUA":null,"OBJNAM":null,"QUASOU":"6","SOUACC":null,"TECSOU":null,"VALSOU":3,"VERDAT":null,"WATLEV":3,"INFORM":null,"SCAMIN":null,"SORDAT":"201112","SORIND":"US,US,graph,Chart 18626","DSNM":"US5CA5EJ.000","enc_service":"enc_harbour","enc_layer":"Underwater_Awash_Rock_point","enc_layer_id":34}},{"type":"Feature","id":863483,"geometry":{"type":"Point","coordinates":[-123.78123369999997,39.213586599999985]},"properties":{"OBJECTID":863483,"OBJL":153,"EXPSOU":2,"NATSUR":null,"NATQUA":null,"OBJNAM":null,"QUASOU":"6","SOUACC":null,"TECSOU":null,"VALSOU":2.1,"VERDAT":null,"WATLEV":3,"INFORM":null,"SCAMIN":null,"SORDAT":"201110","SORIND":"US,US,graph,Chart 18628","DSNM":"US5CA5EI.000","enc_service":"enc_harbour","enc_layer":"Underwater_Awash_Rock_point","enc_layer_id":34}},{"type":"Feature","id":863388,"geometry":{"type":"Point","coordinates":[-123.78114740000001,39.2093969]},"properties":{"OBJECTID":863388,"OBJL":153,"EXPSOU":2,"NATSUR":null,"NATQUA":null,"OBJNAM":null,"QUASOU":"6","SOUACC":null,"TECSOU":null,"VALSOU":4.8,"VERDAT":null,"WATLEV":3,"INFORM":null,"SCAMIN":null,"SORDAT":"20090901","SORIND":"US,US,reprt,1820/09","DSNM":"US5CA5EI.000","enc_service":"enc_harbour","enc_layer":"Underwater_Awash_Rock_point","enc_layer_id":34}},{"type":"Feature","id":863529,"geometry":{"type":"Point","coordinates":[-123.778887,39.21295700000002]},"properties":{"OBJECTID":863529,"OBJL":153,"EXPSOU":null,"NATSUR":null,"NATQUA":null,"OBJNAM":null,"QUASOU":"2","SOUACC":null,"TECSOU":null,"VALSOU":null,"VERDAT":null,"WATLEV":3,"INFORM":null,"SCAMIN":null,"SORDAT":"19991127","SORIND":"US,US,graph,Chart 18628","DSNM":"US5CA5EI.000","enc_service":"enc_harbour","enc_layer":"Underwater_Awash_Rock_point","enc_layer_id":34}},{"type":"Feature","id":863471,"geometry":{"type":"Point","coordinates":[-123.777763,39.21426300000002]},"properties":{"OBJECTID":863471,"OBJL":153,"EXPSOU":null,"NATSUR":null,"NATQUA":null,"OBJNAM":null,"QUASOU":"2","SOUACC":null,"TECSOU":null,"VALSOU":null,"VERDAT":null,"WATLEV":4,"INFORM":null,"SCAMIN":null,"SORDAT":"19991127","SORIND":"US,US,graph,Chart 18628","DSNM":"US5CA5EI.000","enc_service":"enc_harbour","enc_layer":"Underwater_Awash_Rock_point","enc_layer_id":34}},{"type":"Feature","id":863381,"geometry":{"type":"Point","coordinates":[-123.7770658,39.20486949999997]},"properties":{"OBJECTID":863381,"OBJL":153,"EXPSOU":null,"NATSUR":null,"NATQUA":null,"OBJNAM":null,"QUASOU":"2","SOUACC":null,"TECSOU":null,"VALSOU":null,"VERDAT":null,"WATLEV":3,"INFORM":null,"SCAMIN":null,"SORDAT":"20000916","SORIND":"US,US,graph,Chart 18626","DSNM":"US5CA5EI.000","enc_service":"enc_harbour","enc_layer":"Underwater_Awash_Rock_point","enc_layer_id":34}},{"type":"Feature","id":863499,"geometry":{"type":"Point","coordinates":[-123.77662700000002,39.21252199999998]},"properties":{"OBJECTID":863499,"OBJL":153,"EXPSOU":null,"NATSUR":null,"NATQUA":null,"OBJNAM":null,"QUASOU":"2","SOUACC":null,"TECSOU":null,"VALSOU":null,"VERDAT":null,"WATLEV":4,"INFORM":null,"SCAMIN":null,"SORDAT":"19991127","SORIND":"US,US,graph,Chart 18628","DSNM":"US5CA5EI.000","enc_service":"enc_harbour","enc_layer":"Underwater_Awash_Rock_point","enc_layer_id":34}},{"type":"Feature","id":863504,"geometry":{"type":"Point","coordinates":[-123.77591999999999,39.21278000000001]},"properties":{"OBJECTID":863504,"OBJL":153,"EXPSOU":null,"NATSUR":null,"NATQUA":null,"OBJNAM":null,"QUASOU":"2","SOUACC":null,"TECSOU":null,"VALSOU":null,"VERDAT":null,"WATLEV":4,"INFORM":null,"SCAMIN":null,"SORDAT":"19991127","SORIND":"US,US,graph,Chart 18628","DSNM":"US5CA5EI.000","enc_service":"enc_harbour","enc_layer":"Underwater_Awash_Rock_point","enc_layer_id":34}},{"type":"Feature","id":863421,"geometry":{"type":"Point","coordinates":[-123.786381,39.21543580000002]},"properties":{"OBJECTID":863421,"OBJL":153,"EXPSOU":null,"NATSUR":null,"NATQUA":null,"OBJNAM":null,"QUASOU":"2","SOUACC":null,"TECSOU":null,"VALSOU":null,"VERDAT":null,"WATLEV":3,"INFORM":null,"SCAMIN":null,"SORDAT":"19991127","SORIND":"US,US,graph,Chart 18628","DSNM":"US5CA5EI.000","enc_service":"enc_harbour","enc_layer":"Underwater_Awash_Rock_point","enc_layer_id":34}},{"type":"Feature","id":863481,"geometry":{"type":"Point","coordinates":[-123.77949699999999,39.22415699999999]},"properties":{"OBJECTID":863481,"OBJL":153,"EXPSOU":null,"NATSUR":null,"NATQUA":null,"OBJNAM":null,"QUASOU":"2","SOUACC":null,"TECSOU":null,"VALSOU":null,"VERDAT":null,"WATLEV":4,"INFORM":null,"SCAMIN":null,"SORDAT":"19991127","SORIND":"US,US,graph,Chart 18628","DSNM":"US5CA5EI.000","enc_service":"enc_harbour","enc_layer":"Underwater_Awash_Rock_point","enc_layer_id":34}},{"type":"Feature","id":863408,"geometry":{"type":"Point","coordinates":[-123.77925169999997,39.22086239999999]},"properties":{"OBJECTID":863408,"OBJL":153,"EXPSOU":1,"NATSUR":null,"NATQUA":null,"OBJNAM":null,"QUASOU":"6","SOUACC":null,"TECSOU":null,"VALSOU":2.7,"VERDAT":null,"WATLEV":3,"INFORM":null,"SCAMIN":null,"SORDAT":"201110","SORIND":"US,US,graph,Chart 18628","DSNM":"US5CA5EI.000","enc_service":"enc_harbour","enc_layer":"Underwater_Awash_Rock_point","enc_layer_id":34}},{"type":"Feature","id":863485,"geometry":{"type":"Point","coordinates":[-123.77874400000002,39.21500900000001]},"properties":{"OBJECTID":863485,"OBJL":153,"EXPSOU":null,"NATSUR":null,"NATQUA":null,"OBJNAM":null,"QUASOU":"2","SOUACC":null,"TECSOU":null,"VALSOU":null,"VERDAT":null,"WATLEV":4,"INFORM":null,"SCAMIN":null,"SORDAT":"19991127","SORIND":"US,US,graph,Chart 18628","DSNM":"US5CA5EI.000","enc_service":"enc_harbour","enc_layer":"Underwater_Awash_Rock_point","enc_layer_id":34}},{"type":"Feature","id":863469,"geometry":{"type":"Point","coordinates":[-123.77824600000002,39.21483599999999]},"properties":{"OBJECTID":863469,"OBJL":153,"EXPSOU":null,"NATSUR":null,"NATQUA":null,"OBJNAM":null,"QUASOU":"2","SOUACC":null,"TECSOU":null,"VALSOU":null,"VERDAT":null,"WATLEV":3,"INFORM":null,"SCAMIN":null,"SORDAT":"19991127","SORIND":"US,US,graph,Chart 18628","DSNM":"US5CA5EI.000","enc_service":"enc_harbour","enc_layer":"Underwater_Awash_Rock_point","enc_layer_id":34}},{"type":"Feature","id":863488,"geometry":{"type":"Point","coordinates":[-123.77696200000003,39.21457099999998]},"properties":{"OBJECTID":863488,"OBJL":153,"EXPSOU":null,"NATSUR":null,"NATQUA":null,"OBJNAM":null,"QUASOU":"2","SOUACC":null,"TECSOU":null,"VALSOU":null,"VERDAT":null,"WATLEV":4,"INFORM":null,"SCAMIN":null,"SORDAT":"19991127","SORIND":"US,US,graph,Chart 18628","DSNM":"US5CA5EI.000","enc_service":"enc_harbour","enc_layer":"Underwater_Awash_Rock_point","enc_layer_id":34}},{"type":"Feature","id":863472,"geometry":{"type":"Point","coordinates":[-123.77668,39.22198800000001]},"properties":{"OBJECTID":863472,"OBJL":153,"EXPSOU":null,"NATSUR":null,"NATQUA":null,"OBJNAM":null,"QUASOU":"2","SOUACC":null,"TECSOU":null,"VALSOU":null,"VERDAT":null,"WATLEV":4,"INFORM":null,"SCAMIN":null,"SORDAT":"19991127","SORIND":"US,US,graph,Chart 18628","DSNM":"US5CA5EI.000","enc_service":"enc_harbour","enc_layer":"Underwater_Awash_Rock_point","enc_layer_id":34}},{"type":"Feature","id":863489,"geometry":{"type":"Point","coordinates":[-123.77636000000001,39.21530000000001]},"properties":{"OBJECTID":863489,"OBJL":153,"EXPSOU":null,"NATSUR":null,"NATQUA":null,"OBJNAM":null,"QUASOU":"2","SOUACC":null,"TECSOU":null,"VALSOU":null,"VERDAT":null,"WATLEV":4,"INFORM":null,"SCAMIN":null,"SORDAT":"19991127","SORIND":"US,US,graph,Chart 18628","DSNM":"US5CA5EI.000","enc_service":"enc_harbour","enc_layer":"Underwater_Awash_Rock_point","enc_layer_id":34}},{"type":"Feature","id":863477,"geometry":{"type":"Point","coordinates":[-123.77632599999998,39.22234400000002]},"properties":{"OBJECTID":863477,"OBJL":153,"EXPSOU":null,"NATSUR":null,"NATQUA":null,"OBJNAM":null,"QUASOU":"2","SOUACC":null,"TECSOU":null,"VALSOU":null,"VERDAT":null,"WATLEV":4,"INFORM":null,"SCAMIN":null,"SORDAT":"19991127","SORIND":"US,US,graph,Chart 18628","DSNM":"US5CA5EI.000","enc_service":"enc_harbour","enc_layer":"Underwater_Awash_Rock_point","enc_layer_id":34}},{"type":"Feature","id":863664,"geometry":{"type":"Point","coordinates":[-123.78242,39.23123099999998]},"properties":{"OBJECTID":863664,"OBJL":153,"EXPSOU":null,"NATSUR":null,"NATQUA":null,"OBJNAM":null,"QUASOU":"2","SOUACC":null,"TECSOU":null,"VALSOU":null,"VERDAT":null,"WATLEV":4,"INFORM":null,"SCAMIN":null,"SORDAT":"19991127","SORIND":"US,US,graph,Chart 18628","DSNM":"US5CA5FI.000","enc_service":"enc_harbour","enc_layer":"Underwater_Awash_Rock_point","enc_layer_id":34}},{"type":"Feature","id":863589,"geometry":{"type":"Point","coordinates":[-123.776542,39.22674699999999]},"properties":{"OBJECTID":863589,"OBJL":153,"EXPSOU":null,"NATSUR":null,"NATQUA":null,"OBJNAM":null,"QUASOU":"2","SOUACC":null,"TECSOU":null,"VALSOU":null,"VERDAT":null,"WATLEV":4,"INFORM":null,"SCAMIN":null,"SORDAT":"19991127","SORIND":"US,US,graph,Chart 18628","DSNM":"US5CA5FI.000","enc_service":"enc_harbour","enc_layer":"Underwater_Awash_Rock_point","enc_layer_id":34}},{"type":"Feature","id":863703,"geometry":{"type":"Point","coordinates":[-123.77639900000003,39.226838999999984]},"properties":{"OBJECTID":863703,"OBJL":153,"EXPSOU":null,"NATSUR":null,"NATQUA":null,"OBJNAM":null,"QUASOU":"2","SOUACC":null,"TECSOU":null,"VALSOU":null,"VERDAT":null,"WATLEV":4,"INFORM":null,"SCAMIN":null,"SORDAT":"19991127","SORIND":"US,US,graph,Chart 18628","DSNM":"US5CA5FI.000","enc_service":"enc_harbour","enc_layer":"Underwater_Awash_Rock_point","enc_layer_id":34}},{"type":"Feature","id":863738,"geometry":{"type":"Point","coordinates":[-123.78312060000002,39.24126260000003]},"properties":{"OBJECTID":863738,"OBJL":153,"EXPSOU":1,"NATSUR":null,"NATQUA":null,"OBJNAM":null,"QUASOU":"6","SOUACC":null,"TECSOU":null,"VALSOU":6.7,"VERDAT":null,"WATLEV":3,"INFORM":null,"SCAMIN":null,"SORDAT":"201110","SORIND":"US,US,graph,Chart 18628","DSNM":"US5CA5FI.000","enc_service":"enc_harbour","enc_layer":"Underwater_Awash_Rock_point","enc_layer_id":34}},{"type":"Feature","id":863785,"geometry":{"type":"Point","coordinates":[-123.78150299999999,39.24269800000002]},"properties":{"OBJECTID":863785,"OBJL":153,"EXPSOU":null,"NATSUR":null,"NATQUA":null,"OBJNAM":null,"QUASOU":"2","SOUACC":null,"TECSOU":null,"VALSOU":null,"VERDAT":null,"WATLEV":4,"INFORM":null,"SCAMIN":null,"SORDAT":"19991127","SORIND":"US,US,graph,Chart 18628","DSNM":"US5CA5FI.000","enc_service":"enc_harbour","enc_layer":"Underwater_Awash_Rock_point","enc_layer_id":34}},{"type":"Feature","id":863784,"geometry":{"type":"Point","coordinates":[-123.78026499999999,39.24251199999998]},"properties":{"OBJECTID":863784,"OBJL":153,"EXPSOU":null,"NATSUR":null,"NATQUA":null,"OBJNAM":null,"QUASOU":"2","SOUACC":null,"TECSOU":null,"VALSOU":null,"VERDAT":null,"WATLEV":4,"INFORM":null,"SCAMIN":null,"SORDAT":"19991127","SORIND":"US,US,graph,Chart 18628","DSNM":"US5CA5FI.000","enc_service":"enc_harbour","enc_layer":"Underwater_Awash_Rock_point","enc_layer_id":34}},{"type":"Feature","id":863714,"geometry":{"type":"Point","coordinates":[-123.77972899999997,39.24294600000002]},"properties":{"OBJECTID":863714,"OBJL":153,"EXPSOU":null,"NATSUR":null,"NATQUA":null,"OBJNAM":null,"QUASOU":"2","SOUACC":null,"TECSOU":null,"VALSOU":null,"VERDAT":null,"WATLEV":4,"INFORM":null,"SCAMIN":null,"SORDAT":"19991127","SORIND":"US,US,graph,Chart 18628","DSNM":"US5CA5FI.000","enc_service":"enc_harbour","enc_layer":"Underwater_Awash_Rock_point","enc_layer_id":34}},{"type":"Feature","id":863758,"geometry":{"type":"Point","coordinates":[-123.778097,39.23874699999999]},"properties":{"OBJECTID":863758,"OBJL":153,"EXPSOU":null,"NATSUR":null,"NATQUA":null,"OBJNAM":null,"QUASOU":"2","SOUACC":null,"TECSOU":null,"VALSOU":null,"VERDAT":null,"WATLEV":4,"INFORM":null,"SCAMIN":null,"SORDAT":"19991127","SORIND":"US,US,graph,Chart 18628","DSNM":"US5CA5FI.000","enc_service":"enc_harbour","enc_layer":"Underwater_Awash_Rock_point","enc_layer_id":34}},{"type":"Feature","id":863407,"geometry":{"type":"Point","coordinates":[-123.7642452,39.184148400000026]},"properties":{"OBJECTID":863407,"OBJL":153,"EXPSOU":2,"NATSUR":null,"NATQUA":null,"OBJNAM":null,"QUASOU":"6","SOUACC":null,"TECSOU":null,"VALSOU":4.2,"VERDAT":null,"WATLEV":3,"INFORM":null,"SCAMIN":null,"SORDAT":"20000916","SORIND":"US,US,graph,Chart 18626","DSNM":"US5CA5EI.000","enc_service":"enc_harbour","enc_layer":"Underwater_Awash_Rock_point","enc_layer_id":34}},{"type":"Feature","id":863366,"geometry":{"type":"Point","coordinates":[-123.774611,39.20153099999999]},"properties":{"OBJECTID":863366,"OBJL":153,"EXPSOU":null,"NATSUR":null,"NATQUA":null,"OBJNAM":null,"QUASOU":"2","SOUACC":null,"TECSOU":null,"VALSOU":null,"VERDAT":null,"WATLEV":4,"INFORM":null,"SCAMIN":null,"SORDAT":"20000916","SORIND":"US,US,graph,Chart 18626","DSNM":"US5CA5EI.000","enc_service":"enc_harbour","enc_layer":"Underwater_Awash_Rock_point","enc_layer_id":34}},{"type":"Feature","id":863383,"geometry":{"type":"Point","coordinates":[-123.77330999999998,39.197933999999975]},"properties":{"OBJECTID":863383,"OBJL":153,"EXPSOU":null,"NATSUR":null,"NATQUA":null,"OBJNAM":null,"QUASOU":"2","SOUACC":null,"TECSOU":null,"VALSOU":null,"VERDAT":null,"WATLEV":4,"INFORM":null,"SCAMIN":null,"SORDAT":"20000916","SORIND":"US,US,graph,Chart 18626","DSNM":"US5CA5EI.000","enc_service":"enc_harbour","enc_layer":"Underwater_Awash_Rock_point","enc_layer_id":34}},{"type":"Feature","id":863560,"geometry":{"type":"Point","coordinates":[-123.77187300000003,39.199408000000005]},"properties":{"OBJECTID":863560,"OBJL":153,"EXPSOU":null,"NATSUR":null,"NATQUA":null,"OBJNAM":null,"QUASOU":"2","SOUACC":null,"TECSOU":null,"VALSOU":null,"VERDAT":null,"WATLEV":4,"INFORM":null,"SCAMIN":null,"SORDAT":"20000916","SORIND":"US,US,graph,Chart 18626","DSNM":"US5CA5EI.000","enc_service":"enc_harbour","enc_layer":"Underwater_Awash_Rock_point","enc_layer_id":34}},{"type":"Feature","id":863552,"geometry":{"type":"Point","coordinates":[-123.7690715,39.1917009]},"properties":{"OBJECTID":863552,"OBJL":153,"EXPSOU":null,"NATSUR":null,"NATQUA":null,"OBJNAM":null,"QUASOU":"2","SOUACC":null,"TECSOU":null,"VALSOU":null,"VERDAT":null,"WATLEV":3,"INFORM":null,"SCAMIN":null,"SORDAT":"20000916","SORIND":"US,US,graph,Chart 18626","DSNM":"US5CA5EI.000","enc_service":"enc_harbour","enc_layer":"Underwater_Awash_Rock_point","enc_layer_id":34}},{"type":"Feature","id":863360,"geometry":{"type":"Point","coordinates":[-123.76575600000001,39.19157999999999]},"properties":{"OBJECTID":863360,"OBJL":153,"EXPSOU":null,"NATSUR":null,"NATQUA":null,"OBJNAM":null,"QUASOU":"2","SOUACC":null,"TECSOU":null,"VALSOU":null,"VERDAT":null,"WATLEV":4,"INFORM":null,"SCAMIN":null,"SORDAT":"20000916","SORIND":"US,US,graph,Chart 18626","DSNM":"US5CA5EI.000","enc_service":"enc_harbour","enc_layer":"Underwater_Awash_Rock_point","enc_layer_id":34}},{"type":"Feature","id":863389,"geometry":{"type":"Point","coordinates":[-123.77472,39.20686599999999]},"properties":{"OBJECTID":863389,"OBJL":153,"EXPSOU":null,"NATSUR":null,"NATQUA":null,"OBJNAM":null,"QUASOU":"2","SOUACC":null,"TECSOU":null,"VALSOU":null,"VERDAT":null,"WATLEV":4,"INFORM":null,"SCAMIN":null,"SORDAT":"20000916","SORIND":"US,US,graph,Chart 18626","DSNM":"US5CA5EI.000","enc_service":"enc_harbour","enc_layer":"Underwater_Awash_Rock_point","enc_layer_id":34}},{"type":"Feature","id":863370,"geometry":{"type":"Point","coordinates":[-123.77424400000001,39.208226000000025]},"properties":{"OBJECTID":863370,"OBJL":153,"EXPSOU":null,"NATSUR":null,"NATQUA":null,"OBJNAM":null,"QUASOU":"2","SOUACC":null,"TECSOU":null,"VALSOU":null,"VERDAT":null,"WATLEV":4,"INFORM":null,"SCAMIN":null,"SORDAT":"20000916","SORIND":"US,US,graph,Chart 18626","DSNM":"US5CA5EI.000","enc_service":"enc_harbour","enc_layer":"Underwater_Awash_Rock_point","enc_layer_id":34}},{"type":"Feature","id":863396,"geometry":{"type":"Point","coordinates":[-123.77407399999998,39.207156]},"properties":{"OBJECTID":863396,"OBJL":153,"EXPSOU":null,"NATSUR":null,"NATQUA":null,"OBJNAM":null,"QUASOU":"2","SOUACC":null,"TECSOU":null,"VALSOU":null,"VERDAT":null,"WATLEV":4,"INFORM":null,"SCAMIN":null,"SORDAT":"20000916","SORIND":"US,US,graph,Chart 18626","DSNM":"US5CA5EI.000","enc_service":"enc_harbour","enc_layer":"Underwater_Awash_Rock_point","enc_layer_id":34}},{"type":"Feature","id":863526,"geometry":{"type":"Point","coordinates":[-123.77555100000001,39.221232999999984]},"properties":{"OBJECTID":863526,"OBJL":153,"EXPSOU":null,"NATSUR":null,"NATQUA":null,"OBJNAM":null,"QUASOU":"2","SOUACC":null,"TECSOU":null,"VALSOU":null,"VERDAT":null,"WATLEV":4,"INFORM":null,"SCAMIN":null,"SORDAT":"19991127","SORIND":"US,US,graph,Chart 18628","DSNM":"US5CA5EI.000","enc_service":"enc_harbour","enc_layer":"Underwater_Awash_Rock_point","enc_layer_id":34}},{"type":"Feature","id":863491,"geometry":{"type":"Point","coordinates":[-123.77542799999998,39.21472499999999]},"properties":{"OBJECTID":863491,"OBJL":153,"EXPSOU":null,"NATSUR":null,"NATQUA":null,"OBJNAM":null,"QUASOU":"2","SOUACC":null,"TECSOU":null,"VALSOU":null,"VERDAT":null,"WATLEV":4,"INFORM":null,"SCAMIN":null,"SORDAT":"19991127","SORIND":"US,US,graph,Chart 18628","DSNM":"US5CA5EI.000","enc_service":"enc_harbour","enc_layer":"Underwater_Awash_Rock_point","enc_layer_id":34}},{"type":"Feature","id":863570,"geometry":{"type":"Point","coordinates":[-123.77393569999998,39.22072220000001]},"properties":{"OBJECTID":863570,"OBJL":153,"EXPSOU":null,"NATSUR":null,"NATQUA":null,"OBJNAM":null,"QUASOU":"2","SOUACC":null,"TECSOU":null,"VALSOU":null,"VERDAT":null,"WATLEV":4,"INFORM":null,"SCAMIN":null,"SORDAT":"19991127","SORIND":"US,US,graph,Chart 18628","DSNM":"US5CA5EI.000","enc_service":"enc_harbour","enc_layer":"Underwater_Awash_Rock_point","enc_layer_id":34}},{"type":"Feature","id":863428,"geometry":{"type":"Point","coordinates":[-123.77335399999998,39.218485999999984]},"properties":{"OBJECTID":863428,"OBJL":153,"EXPSOU":null,"NATSUR":null,"NATQUA":null,"OBJNAM":null,"QUASOU":"2","SOUACC":null,"TECSOU":null,"VALSOU":null,"VERDAT":null,"WATLEV":4,"INFORM":null,"SCAMIN":null,"SORDAT":"19991127","SORIND":"US,US,graph,Chart 18628","DSNM":"US5CA5EI.000","enc_service":"enc_harbour","enc_layer":"Underwater_Awash_Rock_point","enc_layer_id":34}},{"type":"Feature","id":863450,"geometry":{"type":"Point","coordinates":[-123.77243299999998,39.219629999999995]},"properties":{"OBJECTID":863450,"OBJL":153,"EXPSOU":null,"NATSUR":null,"NATQUA":null,"OBJNAM":null,"QUASOU":"2","SOUACC":null,"TECSOU":null,"VALSOU":null,"VERDAT":null,"WATLEV":4,"INFORM":null,"SCAMIN":null,"SORDAT":"19991127","SORIND":"US,US,graph,Chart 18628","DSNM":"US5CA5EI.000","enc_service":"enc_harbour","enc_layer":"Underwater_Awash_Rock_point","enc_layer_id":34}},{"type":"Feature","id":863423,"geometry":{"type":"Point","coordinates":[-123.77177599999999,39.21771000000001]},"properties":{"OBJECTID":863423,"OBJL":153,"EXPSOU":null,"NATSUR":null,"NATQUA":null,"OBJNAM":null,"QUASOU":"2","SOUACC":null,"TECSOU":null,"VALSOU":null,"VERDAT":null,"WATLEV":4,"INFORM":null,"SCAMIN":null,"SORDAT":"19991127","SORIND":"US,US,graph,Chart 18628","DSNM":"US5CA5EI.000","enc_service":"enc_harbour","enc_layer":"Underwater_Awash_Rock_point","enc_layer_id":34}},{"type":"Feature","id":863507,"geometry":{"type":"Point","coordinates":[-123.75820199999998,39.175140999999996]},"properties":{"OBJECTID":863507,"OBJL":153,"EXPSOU":null,"NATSUR":null,"NATQUA":null,"OBJNAM":null,"QUASOU":"2","SOUACC":null,"TECSOU":null,"VALSOU":null,"VERDAT":null,"WATLEV":3,"INFORM":null,"SCAMIN":null,"SORDAT":"20000916","SORIND":"US,US,graph,Chart 18626","DSNM":"US5CA5EI.000","enc_service":"enc_harbour","enc_layer":"Underwater_Awash_Rock_point","enc_layer_id":34}},{"type":"Feature","id":863373,"geometry":{"type":"Point","coordinates":[-123.75675999999999,39.183464000000015]},"properties":{"OBJECTID":863373,"OBJL":153,"EXPSOU":null,"NATSUR":null,"NATQUA":null,"OBJNAM":null,"QUASOU":"2","SOUACC":null,"TECSOU":null,"VALSOU":null,"VERDAT":null,"WATLEV":4,"INFORM":null,"SCAMIN":null,"SORDAT":"20000916","SORIND":"US,US,graph,Chart 18626","DSNM":"US5CA5EI.000","enc_service":"enc_harbour","enc_layer":"Underwater_Awash_Rock_point","enc_layer_id":34}},{"type":"Feature","id":863079,"geometry":{"type":"Point","coordinates":[-123.7400288,39.143992500000024]},"properties":{"OBJECTID":863079,"OBJL":153,"EXPSOU":null,"NATSUR":null,"NATQUA":null,"OBJNAM":null,"QUASOU":"2","SOUACC":null,"TECSOU":null,"VALSOU":null,"VERDAT":null,"WATLEV":3,"INFORM":null,"SCAMIN":null,"SORDAT":"20000916","SORIND":"US,US,graph,Chart 18626","DSNM":"US5CA5DJ.000","enc_service":"enc_harbour","enc_layer":"Underwater_Awash_Rock_point","enc_layer_id":34}},{"type":"Feature","id":863581,"geometry":{"type":"Point","coordinates":[-123.74795699999999,39.16346900000002]},"properties":{"OBJECTID":863581,"OBJL":153,"EXPSOU":null,"NATSUR":null,"NATQUA":null,"OBJNAM":null,"QUASOU":"2","SOUACC":null,"TECSOU":null,"VALSOU":null,"VERDAT":null,"WATLEV":3,"INFORM":null,"SCAMIN":21999,"SORDAT":"20000916","SORIND":"US,US,graph,Chart 18626","DSNM":"US5CA5EJ.000","enc_service":"enc_harbour","enc_layer":"Underwater_Awash_Rock_point","enc_layer_id":34}},{"type":"Feature","id":863584,"geometry":{"type":"Point","coordinates":[-123.74776700000001,39.16117600000001]},"properties":{"OBJECTID":863584,"OBJL":153,"EXPSOU":1,"NATSUR":null,"NATQUA":null,"OBJNAM":null,"QUASOU":"6","SOUACC":null,"TECSOU":null,"VALSOU":6.7,"VERDAT":null,"WATLEV":3,"INFORM":null,"SCAMIN":null,"SORDAT":"20000916","SORIND":"US,US,graph,Chart 18626","DSNM":"US5CA5EJ.000","enc_service":"enc_harbour","enc_layer":"Underwater_Awash_Rock_point","enc_layer_id":34}},{"type":"Feature","id":863588,"geometry":{"type":"Point","coordinates":[-123.7475,39.16410000000002]},"properties":{"OBJECTID":863588,"OBJL":153,"EXPSOU":null,"NATSUR":null,"NATQUA":null,"OBJNAM":null,"QUASOU":"2","SOUACC":null,"TECSOU":null,"VALSOU":null,"VERDAT":null,"WATLEV":4,"INFORM":null,"SCAMIN":21999,"SORDAT":"20000916","SORIND":"US,US,graph,Chart 18626","DSNM":"US5CA5EJ.000","enc_service":"enc_harbour","enc_layer":"Underwater_Awash_Rock_point","enc_layer_id":34}},{"type":"Feature","id":863579,"geometry":{"type":"Point","coordinates":[-123.74188800000002,39.16435999999999]},"properties":{"OBJECTID":863579,"OBJL":153,"EXPSOU":null,"NATSUR":null,"NATQUA":null,"OBJNAM":null,"QUASOU":"2","SOUACC":null,"TECSOU":null,"VALSOU":null,"VERDAT":null,"WATLEV":4,"INFORM":null,"SCAMIN":null,"SORDAT":"20000916","SORIND":"US,US,graph,Chart 18626","DSNM":"US5CA5EJ.000","enc_service":"enc_harbour","enc_layer":"Underwater_Awash_Rock_point","enc_layer_id":34}},{"type":"Feature","id":863508,"geometry":{"type":"Point","coordinates":[-123.75045999999998,39.173040000000015]},"properties":{"OBJECTID":863508,"OBJL":153,"EXPSOU":null,"NATSUR":null,"NATQUA":null,"OBJNAM":null,"QUASOU":"2","SOUACC":null,"TECSOU":null,"VALSOU":null,"VERDAT":null,"WATLEV":4,"INFORM":null,"SCAMIN":null,"SORDAT":"20000916","SORIND":"US,US,graph,Chart 18626","DSNM":"US5CA5EI.000","enc_service":"enc_harbour","enc_layer":"Underwater_Awash_Rock_point","enc_layer_id":34}},{"type":"Feature","id":863814,"geometry":{"type":"Point","coordinates":[-123.78810069999997,39.24658069999998]},"properties":{"OBJECTID":863814,"OBJL":153,"EXPSOU":1,"NATSUR":null,"NATQUA":null,"OBJNAM":null,"QUASOU":"6","SOUACC":null,"TECSOU":null,"VALSOU":6.7,"VERDAT":null,"WATLEV":3,"INFORM":null,"SCAMIN":null,"SORDAT":"201110","SORIND":"US,US,graph,Chart 18628","DSNM":"US5CA5FI.000","enc_service":"enc_harbour","enc_layer":"Underwater_Awash_Rock_point","enc_layer_id":34}},{"type":"Feature","id":863417,"geometry":{"type":"Point","coordinates":[-123.78028899999998,39.21394099999998]},"properties":{"OBJECTID":863417,"OBJL":153,"EXPSOU":null,"NATSUR":null,"NATQUA":null,"OBJNAM":null,"QUASOU":"2","SOUACC":null,"TECSOU":null,"VALSOU":null,"VERDAT":null,"WATLEV":4,"INFORM":null,"SCAMIN":null,"SORDAT":"19991127","SORIND":"US,US,graph,Chart 18628","DSNM":"US5CA5EI.000","enc_service":"enc_harbour","enc_layer":"Underwater_Awash_Rock_point","enc_layer_id":34}},{"type":"Feature","id":863531,"geometry":{"type":"Point","coordinates":[-123.77980200000002,39.214090999999996]},"properties":{"OBJECTID":863531,"OBJL":153,"EXPSOU":null,"NATSUR":null,"NATQUA":null,"OBJNAM":null,"QUASOU":"2","SOUACC":null,"TECSOU":null,"VALSOU":null,"VERDAT":null,"WATLEV":4,"INFORM":null,"SCAMIN":null,"SORDAT":"19991127","SORIND":"US,US,graph,Chart 18628","DSNM":"US5CA5EI.000","enc_service":"enc_harbour","enc_layer":"Underwater_Awash_Rock_point","enc_layer_id":34}},{"type":"Feature","id":863528,"geometry":{"type":"Point","coordinates":[-123.77837499999998,39.212286000000006]},"properties":{"OBJECTID":863528,"OBJL":153,"EXPSOU":null,"NATSUR":null,"NATQUA":null,"OBJNAM":null,"QUASOU":"2","SOUACC":null,"TECSOU":null,"VALSOU":null,"VERDAT":null,"WATLEV":3,"INFORM":null,"SCAMIN":null,"SORDAT":"19991127","SORIND":"US,US,graph,Chart 18628","DSNM":"US5CA5EI.000","enc_service":"enc_harbour","enc_layer":"Underwater_Awash_Rock_point","enc_layer_id":34}},{"type":"Feature","id":863532,"geometry":{"type":"Point","coordinates":[-123.77794799999998,39.21428900000001]},"properties":{"OBJECTID":863532,"OBJL":153,"EXPSOU":null,"NATSUR":null,"NATQUA":null,"OBJNAM":null,"QUASOU":"2","SOUACC":null,"TECSOU":null,"VALSOU":null,"VERDAT":null,"WATLEV":4,"INFORM":null,"SCAMIN":null,"SORDAT":"19991127","SORIND":"US,US,graph,Chart 18628","DSNM":"US5CA5EI.000","enc_service":"enc_harbour","enc_layer":"Underwater_Awash_Rock_point","enc_layer_id":34}},{"type":"Feature","id":863500,"geometry":{"type":"Point","coordinates":[-123.77631400000001,39.21273200000002]},"properties":{"OBJECTID":863500,"OBJL":153,"EXPSOU":null,"NATSUR":null,"NATQUA":null,"OBJNAM":null,"QUASOU":"2","SOUACC":null,"TECSOU":null,"VALSOU":null,"VERDAT":null,"WATLEV":4,"INFORM":null,"SCAMIN":null,"SORDAT":"19991127","SORIND":"US,US,graph,Chart 18628","DSNM":"US5CA5EI.000","enc_service":"enc_harbour","enc_layer":"Underwater_Awash_Rock_point","enc_layer_id":34}},{"type":"Feature","id":863568,"geometry":{"type":"Point","coordinates":[-123.78272049999998,39.22224640000002]},"properties":{"OBJECTID":863568,"OBJL":153,"EXPSOU":1,"NATSUR":null,"NATQUA":null,"OBJNAM":null,"QUASOU":"6","SOUACC":null,"TECSOU":null,"VALSOU":6,"VERDAT":null,"WATLEV":3,"INFORM":null,"SCAMIN":null,"SORDAT":"201110","SORIND":"US,US,graph,Chart 18628","DSNM":"US5CA5EI.000","enc_service":"enc_harbour","enc_layer":"Underwater_Awash_Rock_point","enc_layer_id":34}},{"type":"Feature","id":863457,"geometry":{"type":"Point","coordinates":[-123.78212009999999,39.221803799999975]},"properties":{"OBJECTID":863457,"OBJL":153,"EXPSOU":2,"NATSUR":null,"NATQUA":null,"OBJNAM":null,"QUASOU":"6","SOUACC":null,"TECSOU":null,"VALSOU":5.4,"VERDAT":null,"WATLEV":3,"INFORM":null,"SCAMIN":null,"SORDAT":"201110","SORIND":"US,US,graph,Chart 18628","DSNM":"US5CA5EI.000","enc_service":"enc_harbour","enc_layer":"Underwater_Awash_Rock_point","enc_layer_id":34}},{"type":"Feature","id":863534,"geometry":{"type":"Point","coordinates":[-123.77813300000003,39.214515000000006]},"properties":{"OBJECTID":863534,"OBJL":153,"EXPSOU":null,"NATSUR":null,"NATQUA":null,"OBJNAM":null,"QUASOU":"2","SOUACC":null,"TECSOU":null,"VALSOU":null,"VERDAT":null,"WATLEV":4,"INFORM":null,"SCAMIN":null,"SORDAT":"19991127","SORIND":"US,US,graph,Chart 18628","DSNM":"US5CA5EI.000","enc_service":"enc_harbour","enc_layer":"Underwater_Awash_Rock_point","enc_layer_id":34}},{"type":"Feature","id":863487,"geometry":{"type":"Point","coordinates":[-123.77789100000001,39.21522299999998]},"properties":{"OBJECTID":863487,"OBJL":153,"EXPSOU":null,"NATSUR":null,"NATQUA":null,"OBJNAM":null,"QUASOU":"2","SOUACC":null,"TECSOU":null,"VALSOU":null,"VERDAT":null,"WATLEV":4,"INFORM":null,"SCAMIN":null,"SORDAT":"19991127","SORIND":"US,US,graph,Chart 18628","DSNM":"US5CA5EI.000","enc_service":"enc_harbour","enc_layer":"Underwater_Awash_Rock_point","enc_layer_id":34}},{"type":"Feature","id":863511,"geometry":{"type":"Point","coordinates":[-123.77754599999997,39.22253599999999]},"properties":{"OBJECTID":863511,"OBJL":153,"EXPSOU":null,"NATSUR":null,"NATQUA":null,"OBJNAM":null,"QUASOU":"2","SOUACC":null,"TECSOU":null,"VALSOU":null,"VERDAT":null,"WATLEV":4,"INFORM":null,"SCAMIN":null,"SORDAT":"19991127","SORIND":"US,US,graph,Chart 18628","DSNM":"US5CA5EI.000","enc_service":"enc_harbour","enc_layer":"Underwater_Awash_Rock_point","enc_layer_id":34}},{"type":"Feature","id":863613,"geometry":{"type":"Point","coordinates":[-123.77754399999998,39.225528999999995]},"properties":{"OBJECTID":863613,"OBJL":153,"EXPSOU":null,"NATSUR":null,"NATQUA":null,"OBJNAM":null,"QUASOU":"2","SOUACC":null,"TECSOU":null,"VALSOU":null,"VERDAT":null,"WATLEV":4,"INFORM":null,"SCAMIN":null,"SORDAT":"19991127","SORIND":"US,US,graph,Chart 18628","DSNM":"US5CA5FI.000","enc_service":"enc_harbour","enc_layer":"Underwater_Awash_Rock_point","enc_layer_id":34}},{"type":"Feature","id":863394,"geometry":{"type":"Point","coordinates":[-123.77672799999999,39.22263299999997]},"properties":{"OBJECTID":863394,"OBJL":153,"EXPSOU":null,"NATSUR":null,"NATQUA":null,"OBJNAM":null,"QUASOU":"2","SOUACC":null,"TECSOU":null,"VALSOU":null,"VERDAT":null,"WATLEV":4,"INFORM":null,"SCAMIN":null,"SORDAT":"19991127","SORIND":"US,US,graph,Chart 18628","DSNM":"US5CA5EI.000","enc_service":"enc_harbour","enc_layer":"Underwater_Awash_Rock_point","enc_layer_id":34}},{"type":"Feature","id":863539,"geometry":{"type":"Point","coordinates":[-123.77624800000001,39.22183000000001]},"properties":{"OBJECTID":863539,"OBJL":153,"EXPSOU":null,"NATSUR":null,"NATQUA":null,"OBJNAM":null,"QUASOU":"2","SOUACC":null,"TECSOU":null,"VALSOU":null,"VERDAT":null,"WATLEV":4,"INFORM":null,"SCAMIN":null,"SORDAT":"19991127","SORIND":"US,US,graph,Chart 18628","DSNM":"US5CA5EI.000","enc_service":"enc_harbour","enc_layer":"Underwater_Awash_Rock_point","enc_layer_id":34}},{"type":"Feature","id":863452,"geometry":{"type":"Point","coordinates":[-123.77599700000002,39.22122300000001]},"properties":{"OBJECTID":863452,"OBJL":153,"EXPSOU":null,"NATSUR":null,"NATQUA":null,"OBJNAM":null,"QUASOU":"2","SOUACC":null,"TECSOU":null,"VALSOU":null,"VERDAT":null,"WATLEV":4,"INFORM":null,"SCAMIN":null,"SORDAT":"19991127","SORIND":"US,US,graph,Chart 18628","DSNM":"US5CA5EI.000","enc_service":"enc_harbour","enc_layer":"Underwater_Awash_Rock_point","enc_layer_id":34}},{"type":"Feature","id":863674,"geometry":{"type":"Point","coordinates":[-123.78400099999999,39.23097200000001]},"properties":{"OBJECTID":863674,"OBJL":153,"EXPSOU":null,"NATSUR":null,"NATQUA":null,"OBJNAM":null,"QUASOU":"2","SOUACC":null,"TECSOU":null,"VALSOU":null,"VERDAT":null,"WATLEV":4,"INFORM":null,"SCAMIN":null,"SORDAT":"19991127","SORIND":"US,US,graph,Chart 18628","DSNM":"US5CA5FI.000","enc_service":"enc_harbour","enc_layer":"Underwater_Awash_Rock_point","enc_layer_id":34}},{"type":"Feature","id":863804,"geometry":{"type":"Point","coordinates":[-123.78007600000001,39.235209]},"properties":{"OBJECTID":863804,"OBJL":153,"EXPSOU":null,"NATSUR":null,"NATQUA":null,"OBJNAM":null,"QUASOU":"2","SOUACC":null,"TECSOU":null,"VALSOU":null,"VERDAT":null,"WATLEV":4,"INFORM":null,"SCAMIN":null,"SORDAT":"19991127","SORIND":"US,US,graph,Chart 18628","DSNM":"US5CA5FI.000","enc_service":"enc_harbour","enc_layer":"Underwater_Awash_Rock_point","enc_layer_id":34}},{"type":"Feature","id":863773,"geometry":{"type":"Point","coordinates":[-123.778843,39.23558400000002]},"properties":{"OBJECTID":863773,"OBJL":153,"EXPSOU":null,"NATSUR":null,"NATQUA":null,"OBJNAM":null,"QUASOU":"2","SOUACC":null,"TECSOU":null,"VALSOU":null,"VERDAT":null,"WATLEV":4,"INFORM":null,"SCAMIN":null,"SORDAT":"19991127","SORIND":"US,US,graph,Chart 18628","DSNM":"US5CA5FI.000","enc_service":"enc_harbour","enc_layer":"Underwater_Awash_Rock_point","enc_layer_id":34}},{"type":"Feature","id":863716,"geometry":{"type":"Point","coordinates":[-123.778009,39.238241000000016]},"properties":{"OBJECTID":863716,"OBJL":153,"EXPSOU":null,"NATSUR":null,"NATQUA":null,"OBJNAM":null,"QUASOU":"2","SOUACC":null,"TECSOU":null,"VALSOU":null,"VERDAT":null,"WATLEV":4,"INFORM":null,"SCAMIN":null,"SORDAT":"19991127","SORIND":"US,US,graph,Chart 18628","DSNM":"US5CA5FI.000","enc_service":"enc_harbour","enc_layer":"Underwater_Awash_Rock_point","enc_layer_id":34}},{"type":"Feature","id":863702,"geometry":{"type":"Point","coordinates":[-123.77591899999999,39.22700800000001]},"properties":{"OBJECTID":863702,"OBJL":153,"EXPSOU":null,"NATSUR":null,"NATQUA":null,"OBJNAM":null,"QUASOU":"2","SOUACC":null,"TECSOU":null,"VALSOU":null,"VERDAT":null,"WATLEV":4,"INFORM":null,"SCAMIN":null,"SORDAT":"19991127","SORIND":"US,US,graph,Chart 18628","DSNM":"US5CA5FI.000","enc_service":"enc_harbour","enc_layer":"Underwater_Awash_Rock_point","enc_layer_id":34}},{"type":"Feature","id":863616,"geometry":{"type":"Point","coordinates":[-123.78266200000002,39.24587500000001]},"properties":{"OBJECTID":863616,"OBJL":153,"EXPSOU":null,"NATSUR":null,"NATQUA":null,"OBJNAM":null,"QUASOU":"2","SOUACC":null,"TECSOU":null,"VALSOU":null,"VERDAT":null,"WATLEV":4,"INFORM":null,"SCAMIN":null,"SORDAT":"19991127","SORIND":"US,US,graph,Chart 18628","DSNM":"US5CA5FI.000","enc_service":"enc_harbour","enc_layer":"Underwater_Awash_Rock_point","enc_layer_id":34}},{"type":"Feature","id":863711,"geometry":{"type":"Point","coordinates":[-123.78241500000001,39.243854]},"properties":{"OBJECTID":863711,"OBJL":153,"EXPSOU":null,"NATSUR":null,"NATQUA":null,"OBJNAM":null,"QUASOU":"2","SOUACC":null,"TECSOU":null,"VALSOU":null,"VERDAT":null,"WATLEV":4,"INFORM":null,"SCAMIN":null,"SORDAT":"19991127","SORIND":"US,US,graph,Chart 18628","DSNM":"US5CA5FI.000","enc_service":"enc_harbour","enc_layer":"Underwater_Awash_Rock_point","enc_layer_id":34}},{"type":"Feature","id":863710,"geometry":{"type":"Point","coordinates":[-123.78164099999998,39.24557900000002]},"properties":{"OBJECTID":863710,"OBJL":153,"EXPSOU":null,"NATSUR":null,"NATQUA":null,"OBJNAM":null,"QUASOU":"2","SOUACC":null,"TECSOU":null,"VALSOU":null,"VERDAT":null,"WATLEV":3,"INFORM":null,"SCAMIN":null,"SORDAT":"19991127","SORIND":"US,US,graph,Chart 18628","DSNM":"US5CA5FI.000","enc_service":"enc_harbour","enc_layer":"Underwater_Awash_Rock_point","enc_layer_id":34}},{"type":"Feature","id":863598,"geometry":{"type":"Point","coordinates":[-123.77805599999999,39.23911099999998]},"properties":{"OBJECTID":863598,"OBJL":153,"EXPSOU":null,"NATSUR":null,"NATQUA":null,"OBJNAM":null,"QUASOU":"2","SOUACC":null,"TECSOU":null,"VALSOU":null,"VERDAT":null,"WATLEV":4,"INFORM":null,"SCAMIN":null,"SORDAT":"19991127","SORIND":"US,US,graph,Chart 18628","DSNM":"US5CA5FI.000","enc_service":"enc_harbour","enc_layer":"Underwater_Awash_Rock_point","enc_layer_id":34}},{"type":"Feature","id":863369,"geometry":{"type":"Point","coordinates":[-123.76620709999997,39.179548599999976]},"properties":{"OBJECTID":863369,"OBJL":153,"EXPSOU":2,"NATSUR":null,"NATQUA":null,"OBJNAM":null,"QUASOU":"6","SOUACC":null,"TECSOU":null,"VALSOU":12.8,"VERDAT":null,"WATLEV":3,"INFORM":null,"SCAMIN":null,"SORDAT":"20000916","SORIND":"US,US,graph,Chart 18626","DSNM":"US5CA5EI.000","enc_service":"enc_harbour","enc_layer":"Underwater_Awash_Rock_point","enc_layer_id":34}},{"type":"Feature","id":863391,"geometry":{"type":"Point","coordinates":[-123.77369199999998,39.2013]},"properties":{"OBJECTID":863391,"OBJL":153,"EXPSOU":null,"NATSUR":null,"NATQUA":null,"OBJNAM":null,"QUASOU":"2","SOUACC":null,"TECSOU":null,"VALSOU":null,"VERDAT":null,"WATLEV":4,"INFORM":null,"SCAMIN":null,"SORDAT":"20000916","SORIND":"US,US,graph,Chart 18626","DSNM":"US5CA5EI.000","enc_service":"enc_harbour","enc_layer":"Underwater_Awash_Rock_point","enc_layer_id":34}},{"type":"Feature","id":863520,"geometry":{"type":"Point","coordinates":[-123.77197699999999,39.19611600000002]},"properties":{"OBJECTID":863520,"OBJL":153,"EXPSOU":null,"NATSUR":null,"NATQUA":null,"OBJNAM":null,"QUASOU":"2","SOUACC":null,"TECSOU":null,"VALSOU":null,"VERDAT":null,"WATLEV":4,"INFORM":null,"SCAMIN":null,"SORDAT":"20000916","SORIND":"US,US,graph,Chart 18626","DSNM":"US5CA5EI.000","enc_service":"enc_harbour","enc_layer":"Underwater_Awash_Rock_point","enc_layer_id":34}},{"type":"Feature","id":863561,"geometry":{"type":"Point","coordinates":[-123.771727,39.20079399999997]},"properties":{"OBJECTID":863561,"OBJL":153,"EXPSOU":null,"NATSUR":null,"NATQUA":null,"OBJNAM":null,"QUASOU":"2","SOUACC":null,"TECSOU":null,"VALSOU":null,"VERDAT":null,"WATLEV":4,"INFORM":null,"SCAMIN":null,"SORDAT":"20000916","SORIND":"US,US,graph,Chart 18626","DSNM":"US5CA5EI.000","enc_service":"enc_harbour","enc_layer":"Underwater_Awash_Rock_point","enc_layer_id":34}},{"type":"Feature","id":863371,"geometry":{"type":"Point","coordinates":[-123.77365900000001,39.203981]},"properties":{"OBJECTID":863371,"OBJL":153,"EXPSOU":null,"NATSUR":null,"NATQUA":null,"OBJNAM":null,"QUASOU":"2","SOUACC":null,"TECSOU":null,"VALSOU":null,"VERDAT":null,"WATLEV":4,"INFORM":null,"SCAMIN":null,"SORDAT":"20000916","SORIND":"US,US,graph,Chart 18626","DSNM":"US5CA5EI.000","enc_service":"enc_harbour","enc_layer":"Underwater_Awash_Rock_point","enc_layer_id":34}},{"type":"Feature","id":863410,"geometry":{"type":"Point","coordinates":[-123.77314100000001,39.20548400000001]},"properties":{"OBJECTID":863410,"OBJL":153,"EXPSOU":null,"NATSUR":null,"NATQUA":null,"OBJNAM":null,"QUASOU":"2","SOUACC":null,"TECSOU":null,"VALSOU":null,"VERDAT":null,"WATLEV":4,"INFORM":null,"SCAMIN":null,"SORDAT":"20000916","SORIND":"US,US,graph,Chart 18626","DSNM":"US5CA5EI.000","enc_service":"enc_harbour","enc_layer":"Underwater_Awash_Rock_point","enc_layer_id":34}},{"type":"Feature","id":863493,"geometry":{"type":"Point","coordinates":[-123.77530000000002,39.21518600000002]},"properties":{"OBJECTID":863493,"OBJL":153,"EXPSOU":null,"NATSUR":null,"NATQUA":null,"OBJNAM":null,"QUASOU":"2","SOUACC":null,"TECSOU":null,"VALSOU":null,"VERDAT":null,"WATLEV":4,"INFORM":null,"SCAMIN":null,"SORDAT":"19991127","SORIND":"US,US,graph,Chart 18628","DSNM":"US5CA5EI.000","enc_service":"enc_harbour","enc_layer":"Underwater_Awash_Rock_point","enc_layer_id":34}},{"type":"Feature","id":863454,"geometry":{"type":"Point","coordinates":[-123.775106,39.22153700000001]},"properties":{"OBJECTID":863454,"OBJL":153,"EXPSOU":null,"NATSUR":null,"NATQUA":null,"OBJNAM":null,"QUASOU":"2","SOUACC":null,"TECSOU":null,"VALSOU":null,"VERDAT":null,"WATLEV":4,"INFORM":null,"SCAMIN":null,"SORDAT":"19991127","SORIND":"US,US,graph,Chart 18628","DSNM":"US5CA5EI.000","enc_service":"enc_harbour","enc_layer":"Underwater_Awash_Rock_point","enc_layer_id":34}},{"type":"Feature","id":863431,"geometry":{"type":"Point","coordinates":[-123.775034,39.221149000000025]},"properties":{"OBJECTID":863431,"OBJL":153,"EXPSOU":null,"NATSUR":null,"NATQUA":null,"OBJNAM":null,"QUASOU":"2","SOUACC":null,"TECSOU":null,"VALSOU":null,"VERDAT":null,"WATLEV":4,"INFORM":null,"SCAMIN":null,"SORDAT":"19991127","SORIND":"US,US,graph,Chart 18628","DSNM":"US5CA5EI.000","enc_service":"enc_harbour","enc_layer":"Underwater_Awash_Rock_point","enc_layer_id":34}},{"type":"Feature","id":863538,"geometry":{"type":"Point","coordinates":[-123.774876,39.215611000000024]},"properties":{"OBJECTID":863538,"OBJL":153,"EXPSOU":1,"NATSUR":null,"NATQUA":null,"OBJNAM":null,"QUASOU":"6","SOUACC":null,"TECSOU":null,"VALSOU":0.9,"VERDAT":null,"WATLEV":3,"INFORM":null,"SCAMIN":null,"SORDAT":"201110","SORIND":"US,US,graph,Chart 18628","DSNM":"US5CA5EI.000","enc_service":"enc_harbour","enc_layer":"Underwater_Awash_Rock_point","enc_layer_id":34}},{"type":"Feature","id":863435,"geometry":{"type":"Point","coordinates":[-123.77486900000002,39.215126999999995]},"properties":{"OBJECTID":863435,"OBJL":153,"EXPSOU":null,"NATSUR":null,"NATQUA":null,"OBJNAM":null,"QUASOU":"2","SOUACC":null,"TECSOU":null,"VALSOU":null,"VERDAT":null,"WATLEV":4,"INFORM":null,"SCAMIN":null,"SORDAT":"19991127","SORIND":"US,US,graph,Chart 18628","DSNM":"US5CA5EI.000","enc_service":"enc_harbour","enc_layer":"Underwater_Awash_Rock_point","enc_layer_id":34}},{"type":"Feature","id":863438,"geometry":{"type":"Point","coordinates":[-123.77466900000002,39.215329]},"properties":{"OBJECTID":863438,"OBJL":153,"EXPSOU":null,"NATSUR":null,"NATQUA":null,"OBJNAM":null,"QUASOU":"2","SOUACC":null,"TECSOU":null,"VALSOU":null,"VERDAT":null,"WATLEV":4,"INFORM":null,"SCAMIN":null,"SORDAT":"19991127","SORIND":"US,US,graph,Chart 18628","DSNM":"US5CA5EI.000","enc_service":"enc_harbour","enc_layer":"Underwater_Awash_Rock_point","enc_layer_id":34}},{"type":"Feature","id":863437,"geometry":{"type":"Point","coordinates":[-123.774494,39.21526299999999]},"properties":{"OBJECTID":863437,"OBJL":153,"EXPSOU":null,"NATSUR":null,"NATQUA":null,"OBJNAM":null,"QUASOU":"2","SOUACC":null,"TECSOU":null,"VALSOU":null,"VERDAT":null,"WATLEV":4,"INFORM":null,"SCAMIN":null,"SORDAT":"19991127","SORIND":"US,US,graph,Chart 18628","DSNM":"US5CA5EI.000","enc_service":"enc_harbour","enc_layer":"Underwater_Awash_Rock_point","enc_layer_id":34}},{"type":"Feature","id":863518,"geometry":{"type":"Point","coordinates":[-123.77437200000003,39.221108000000015]},"properties":{"OBJECTID":863518,"OBJL":153,"EXPSOU":null,"NATSUR":null,"NATQUA":null,"OBJNAM":null,"QUASOU":"2","SOUACC":null,"TECSOU":null,"VALSOU":null,"VERDAT":null,"WATLEV":4,"INFORM":null,"SCAMIN":null,"SORDAT":"19991127","SORIND":"US,US,graph,Chart 18628","DSNM":"US5CA5EI.000","enc_service":"enc_harbour","enc_layer":"Underwater_Awash_Rock_point","enc_layer_id":34}},{"type":"Feature","id":863522,"geometry":{"type":"Point","coordinates":[-123.77428600000002,39.22161599999998]},"properties":{"OBJECTID":863522,"OBJL":153,"EXPSOU":null,"NATSUR":null,"NATQUA":null,"OBJNAM":null,"QUASOU":"2","SOUACC":null,"TECSOU":null,"VALSOU":null,"VERDAT":null,"WATLEV":4,"INFORM":null,"SCAMIN":null,"SORDAT":"19991127","SORIND":"US,US,graph,Chart 18628","DSNM":"US5CA5EI.000","enc_service":"enc_harbour","enc_layer":"Underwater_Awash_Rock_point","enc_layer_id":34}},{"type":"Feature","id":863549,"geometry":{"type":"Point","coordinates":[-123.773437,39.21538800000002]},"properties":{"OBJECTID":863549,"OBJL":153,"EXPSOU":null,"NATSUR":null,"NATQUA":null,"OBJNAM":null,"QUASOU":"2","SOUACC":null,"TECSOU":null,"VALSOU":null,"VERDAT":null,"WATLEV":4,"INFORM":null,"SCAMIN":null,"SORDAT":"19991127","SORIND":"US,US,graph,Chart 18628","DSNM":"US5CA5EI.000","enc_service":"enc_harbour","enc_layer":"Underwater_Awash_Rock_point","enc_layer_id":34}},{"type":"Feature","id":863425,"geometry":{"type":"Point","coordinates":[-123.77259299999997,39.218215999999984]},"properties":{"OBJECTID":863425,"OBJL":153,"EXPSOU":null,"NATSUR":null,"NATQUA":null,"OBJNAM":null,"QUASOU":"2","SOUACC":null,"TECSOU":null,"VALSOU":null,"VERDAT":null,"WATLEV":4,"INFORM":null,"SCAMIN":null,"SORDAT":"19991127","SORIND":"US,US,graph,Chart 18628","DSNM":"US5CA5EI.000","enc_service":"enc_harbour","enc_layer":"Underwater_Awash_Rock_point","enc_layer_id":34}},{"type":"Feature","id":863402,"geometry":{"type":"Point","coordinates":[-123.772087,39.214833999999996]},"properties":{"OBJECTID":863402,"OBJL":153,"EXPSOU":null,"NATSUR":null,"NATQUA":null,"OBJNAM":null,"QUASOU":"2","SOUACC":null,"TECSOU":null,"VALSOU":null,"VERDAT":null,"WATLEV":4,"INFORM":null,"SCAMIN":null,"SORDAT":"19991127","SORIND":"US,US,graph,Chart 18628","DSNM":"US5CA5EI.000","enc_service":"enc_harbour","enc_layer":"Underwater_Awash_Rock_point","enc_layer_id":34}},{"type":"Feature","id":863422,"geometry":{"type":"Point","coordinates":[-123.77164800000003,39.217601]},"properties":{"OBJECTID":863422,"OBJL":153,"EXPSOU":null,"NATSUR":null,"NATQUA":null,"OBJNAM":null,"QUASOU":"2","SOUACC":null,"TECSOU":null,"VALSOU":null,"VERDAT":null,"WATLEV":4,"INFORM":null,"SCAMIN":null,"SORDAT":"19991127","SORIND":"US,US,graph,Chart 18628","DSNM":"US5CA5EI.000","enc_service":"enc_harbour","enc_layer":"Underwater_Awash_Rock_point","enc_layer_id":34}},{"type":"Feature","id":863743,"geometry":{"type":"Point","coordinates":[-123.77428500000002,39.22811300000001]},"properties":{"OBJECTID":863743,"OBJL":153,"EXPSOU":null,"NATSUR":null,"NATQUA":null,"OBJNAM":null,"QUASOU":"2","SOUACC":null,"TECSOU":null,"VALSOU":null,"VERDAT":null,"WATLEV":4,"INFORM":null,"SCAMIN":null,"SORDAT":"19991127","SORIND":"US,US,graph,Chart 18628","DSNM":"US5CA5FI.000","enc_service":"enc_harbour","enc_layer":"Underwater_Awash_Rock_point","enc_layer_id":34}},{"type":"Feature","id":863699,"geometry":{"type":"Point","coordinates":[-123.77346,39.228391999999985]},"properties":{"OBJECTID":863699,"OBJL":153,"EXPSOU":null,"NATSUR":null,"NATQUA":null,"OBJNAM":null,"QUASOU":"2","SOUACC":null,"TECSOU":null,"VALSOU":null,"VERDAT":null,"WATLEV":4,"INFORM":null,"SCAMIN":null,"SORDAT":"19991127","SORIND":"US,US,graph,Chart 18628","DSNM":"US5CA5FI.000","enc_service":"enc_harbour","enc_layer":"Underwater_Awash_Rock_point","enc_layer_id":34}},{"type":"Feature","id":863701,"geometry":{"type":"Point","coordinates":[-123.771639,39.227351]},"properties":{"OBJECTID":863701,"OBJL":153,"EXPSOU":null,"NATSUR":null,"NATQUA":null,"OBJNAM":null,"QUASOU":"2","SOUACC":null,"TECSOU":null,"VALSOU":null,"VERDAT":null,"WATLEV":4,"INFORM":null,"SCAMIN":null,"SORDAT":"19991127","SORIND":"US,US,graph,Chart 18628","DSNM":"US5CA5FI.000","enc_service":"enc_harbour","enc_layer":"Underwater_Awash_Rock_point","enc_layer_id":34}},{"type":"Feature","id":863466,"geometry":{"type":"Point","coordinates":[-123.756845,39.176743999999985]},"properties":{"OBJECTID":863466,"OBJL":153,"EXPSOU":null,"NATSUR":null,"NATQUA":null,"OBJNAM":null,"QUASOU":"2","SOUACC":null,"TECSOU":null,"VALSOU":null,"VERDAT":null,"WATLEV":4,"INFORM":null,"SCAMIN":null,"SORDAT":"20000916","SORIND":"US,US,graph,Chart 18626","DSNM":"US5CA5EI.000","enc_service":"enc_harbour","enc_layer":"Underwater_Awash_Rock_point","enc_layer_id":34}},{"type":"Feature","id":863516,"geometry":{"type":"Point","coordinates":[-123.76008300000001,39.18531899999999]},"properties":{"OBJECTID":863516,"OBJL":153,"EXPSOU":null,"NATSUR":null,"NATQUA":null,"OBJNAM":null,"QUASOU":"2","SOUACC":null,"TECSOU":null,"VALSOU":null,"VERDAT":null,"WATLEV":4,"INFORM":null,"SCAMIN":null,"SORDAT":"20000916","SORIND":"US,US,graph,Chart 18626","DSNM":"US5CA5EI.000","enc_service":"enc_harbour","enc_layer":"Underwater_Awash_Rock_point","enc_layer_id":34}},{"type":"Feature","id":863554,"geometry":{"type":"Point","coordinates":[-123.76351799999998,39.19098500000001]},"properties":{"OBJECTID":863554,"OBJL":153,"EXPSOU":null,"NATSUR":null,"NATQUA":null,"OBJNAM":null,"QUASOU":"2","SOUACC":null,"TECSOU":null,"VALSOU":null,"VERDAT":null,"WATLEV":4,"INFORM":null,"SCAMIN":null,"SORDAT":"20000916","SORIND":"US,US,graph,Chart 18626","DSNM":"US5CA5EI.000","enc_service":"enc_harbour","enc_layer":"Underwater_Awash_Rock_point","enc_layer_id":34}},{"type":"Feature","id":863092,"geometry":{"type":"Point","coordinates":[-123.7414,39.1429493]},"properties":{"OBJECTID":863092,"OBJL":153,"EXPSOU":2,"NATSUR":null,"NATQUA":null,"OBJNAM":null,"QUASOU":"6","SOUACC":null,"TECSOU":null,"VALSOU":5.1000000000000005,"VERDAT":null,"WATLEV":3,"INFORM":null,"SCAMIN":null,"SORDAT":"20000916","SORIND":"US,US,graph,Chart 18626","DSNM":"US5CA5DJ.000","enc_service":"enc_harbour","enc_layer":"Underwater_Awash_Rock_point","enc_layer_id":34}},{"type":"Feature","id":863125,"geometry":{"type":"Point","coordinates":[-123.74136520000002,39.14250770000001]},"properties":{"OBJECTID":863125,"OBJL":153,"EXPSOU":2,"NATSUR":null,"NATQUA":null,"OBJNAM":null,"QUASOU":"6","SOUACC":null,"TECSOU":null,"VALSOU":5.1000000000000005,"VERDAT":null,"WATLEV":3,"INFORM":null,"SCAMIN":null,"SORDAT":"20000916","SORIND":"US,US,graph,Chart 18626","DSNM":"US5CA5DJ.000","enc_service":"enc_harbour","enc_layer":"Underwater_Awash_Rock_point","enc_layer_id":34}},{"type":"Feature","id":863137,"geometry":{"type":"Point","coordinates":[-123.74093599999998,39.14216720000002]},"properties":{"OBJECTID":863137,"OBJL":153,"EXPSOU":null,"NATSUR":null,"NATQUA":null,"OBJNAM":null,"QUASOU":"2","SOUACC":null,"TECSOU":null,"VALSOU":null,"VERDAT":null,"WATLEV":4,"INFORM":null,"SCAMIN":null,"SORDAT":"20000916","SORIND":"US,US,graph,Chart 18626","DSNM":"US5CA5DJ.000","enc_service":"enc_harbour","enc_layer":"Underwater_Awash_Rock_point","enc_layer_id":34}},{"type":"Feature","id":863141,"geometry":{"type":"Point","coordinates":[-123.74035229999998,39.143486300000006]},"properties":{"OBJECTID":863141,"OBJL":153,"EXPSOU":null,"NATSUR":null,"NATQUA":null,"OBJNAM":null,"QUASOU":"2","SOUACC":null,"TECSOU":null,"VALSOU":null,"VERDAT":null,"WATLEV":4,"INFORM":null,"SCAMIN":null,"SORDAT":"20000916","SORIND":"US,US,graph,Chart 18626","DSNM":"US5CA5DJ.000","enc_service":"enc_harbour","enc_layer":"Underwater_Awash_Rock_point","enc_layer_id":34}},{"type":"Feature","id":863577,"geometry":{"type":"Point","coordinates":[-123.743113,39.16343599999999]},"properties":{"OBJECTID":863577,"OBJL":153,"EXPSOU":null,"NATSUR":null,"NATQUA":null,"OBJNAM":null,"QUASOU":"2","SOUACC":null,"TECSOU":null,"VALSOU":null,"VERDAT":null,"WATLEV":4,"INFORM":null,"SCAMIN":null,"SORDAT":"20000916","SORIND":"US,US,graph,Chart 18626","DSNM":"US5CA5EJ.000","enc_service":"enc_harbour","enc_layer":"Underwater_Awash_Rock_point","enc_layer_id":34}},{"type":"Feature","id":863380,"geometry":{"type":"Point","coordinates":[-123.777128,39.20896299999998]},"properties":{"OBJECTID":863380,"OBJL":153,"EXPSOU":null,"NATSUR":null,"NATQUA":null,"OBJNAM":null,"QUASOU":"2","SOUACC":null,"TECSOU":null,"VALSOU":null,"VERDAT":null,"WATLEV":4,"INFORM":null,"SCAMIN":null,"SORDAT":"20000916","SORIND":"US,US,graph,Chart 18626","DSNM":"US5CA5EI.000","enc_service":"enc_harbour","enc_layer":"Underwater_Awash_Rock_point","enc_layer_id":34}},{"type":"Feature","id":863505,"geometry":{"type":"Point","coordinates":[-123.77609100000001,39.21273200000002]},"properties":{"OBJECTID":863505,"OBJL":153,"EXPSOU":null,"NATSUR":null,"NATQUA":null,"OBJNAM":null,"QUASOU":"2","SOUACC":null,"TECSOU":null,"VALSOU":null,"VERDAT":null,"WATLEV":4,"INFORM":null,"SCAMIN":null,"SORDAT":"19991127","SORIND":"US,US,graph,Chart 18628","DSNM":"US5CA5EI.000","enc_service":"enc_harbour","enc_layer":"Underwater_Awash_Rock_point","enc_layer_id":34}},{"type":"Feature","id":863512,"geometry":{"type":"Point","coordinates":[-123.77892000000003,39.22369900000001]},"properties":{"OBJECTID":863512,"OBJL":153,"EXPSOU":null,"NATSUR":null,"NATQUA":null,"OBJNAM":null,"QUASOU":"2","SOUACC":null,"TECSOU":null,"VALSOU":null,"VERDAT":null,"WATLEV":4,"INFORM":null,"SCAMIN":null,"SORDAT":"19991127","SORIND":"US,US,graph,Chart 18628","DSNM":"US5CA5EI.000","enc_service":"enc_harbour","enc_layer":"Underwater_Awash_Rock_point","enc_layer_id":34}},{"type":"Feature","id":863415,"geometry":{"type":"Point","coordinates":[-123.778212,39.22254299999997]},"properties":{"OBJECTID":863415,"OBJL":153,"EXPSOU":1,"NATSUR":null,"NATQUA":null,"OBJNAM":null,"QUASOU":"6","SOUACC":null,"TECSOU":null,"VALSOU":1.5,"VERDAT":null,"WATLEV":3,"INFORM":null,"SCAMIN":null,"SORDAT":"201110","SORIND":"US,US,graph,Chart 18628","DSNM":"US5CA5EI.000","enc_service":"enc_harbour","enc_layer":"Underwater_Awash_Rock_point","enc_layer_id":34}},{"type":"Feature","id":863565,"geometry":{"type":"Point","coordinates":[-123.77795400000002,39.22392500000001]},"properties":{"OBJECTID":863565,"OBJL":153,"EXPSOU":null,"NATSUR":null,"NATQUA":null,"OBJNAM":null,"QUASOU":"2","SOUACC":null,"TECSOU":null,"VALSOU":null,"VERDAT":null,"WATLEV":4,"INFORM":null,"SCAMIN":null,"SORDAT":"19991127","SORIND":"US,US,graph,Chart 18628","DSNM":"US5CA5EI.000","enc_service":"enc_harbour","enc_layer":"Underwater_Awash_Rock_point","enc_layer_id":34}},{"type":"Feature","id":863569,"geometry":{"type":"Point","coordinates":[-123.77794130000001,39.21512799999999]},"properties":{"OBJECTID":863569,"OBJL":153,"EXPSOU":null,"NATSUR":null,"NATQUA":null,"OBJNAM":null,"QUASOU":"2","SOUACC":null,"TECSOU":null,"VALSOU":null,"VERDAT":null,"WATLEV":4,"INFORM":null,"SCAMIN":null,"SORDAT":"19991127","SORIND":"US,US,graph,Chart 18628","DSNM":"US5CA5EI.000","enc_service":"enc_harbour","enc_layer":"Underwater_Awash_Rock_point","enc_layer_id":34}},{"type":"Feature","id":863497,"geometry":{"type":"Point","coordinates":[-123.777827,39.22220600000003]},"properties":{"OBJECTID":863497,"OBJL":153,"EXPSOU":null,"NATSUR":null,"NATQUA":null,"OBJNAM":null,"QUASOU":"2","SOUACC":null,"TECSOU":null,"VALSOU":null,"VERDAT":null,"WATLEV":4,"INFORM":null,"SCAMIN":null,"SORDAT":"19991127","SORIND":"US,US,graph,Chart 18628","DSNM":"US5CA5EI.000","enc_service":"enc_harbour","enc_layer":"Underwater_Awash_Rock_point","enc_layer_id":34}},{"type":"Feature","id":863563,"geometry":{"type":"Point","coordinates":[-123.77780100000001,39.22379999999998]},"properties":{"OBJECTID":863563,"OBJL":153,"EXPSOU":null,"NATSUR":null,"NATQUA":null,"OBJNAM":null,"QUASOU":"2","SOUACC":null,"TECSOU":null,"VALSOU":null,"VERDAT":null,"WATLEV":4,"INFORM":null,"SCAMIN":null,"SORDAT":"19991127","SORIND":"US,US,graph,Chart 18628","DSNM":"US5CA5EI.000","enc_service":"enc_harbour","enc_layer":"Underwater_Awash_Rock_point","enc_layer_id":34}},{"type":"Feature","id":863495,"geometry":{"type":"Point","coordinates":[-123.77752400000003,39.221610999999996]},"properties":{"OBJECTID":863495,"OBJL":153,"EXPSOU":null,"NATSUR":null,"NATQUA":null,"OBJNAM":null,"QUASOU":"2","SOUACC":null,"TECSOU":null,"VALSOU":null,"VERDAT":null,"WATLEV":4,"INFORM":null,"SCAMIN":null,"SORDAT":"19991127","SORIND":"US,US,graph,Chart 18628","DSNM":"US5CA5EI.000","enc_service":"enc_harbour","enc_layer":"Underwater_Awash_Rock_point","enc_layer_id":34}},{"type":"Feature","id":863536,"geometry":{"type":"Point","coordinates":[-123.77706599999999,39.21498700000001]},"properties":{"OBJECTID":863536,"OBJL":153,"EXPSOU":null,"NATSUR":null,"NATQUA":null,"OBJNAM":null,"QUASOU":"2","SOUACC":null,"TECSOU":null,"VALSOU":null,"VERDAT":null,"WATLEV":4,"INFORM":null,"SCAMIN":null,"SORDAT":"19991127","SORIND":"US,US,graph,Chart 18628","DSNM":"US5CA5EI.000","enc_service":"enc_harbour","enc_layer":"Underwater_Awash_Rock_point","enc_layer_id":34}},{"type":"Feature","id":863478,"geometry":{"type":"Point","coordinates":[-123.77652899999998,39.22241500000001]},"properties":{"OBJECTID":863478,"OBJL":153,"EXPSOU":null,"NATSUR":null,"NATQUA":null,"OBJNAM":null,"QUASOU":"2","SOUACC":null,"TECSOU":null,"VALSOU":null,"VERDAT":null,"WATLEV":4,"INFORM":null,"SCAMIN":null,"SORDAT":"19991127","SORIND":"US,US,graph,Chart 18628","DSNM":"US5CA5EI.000","enc_service":"enc_harbour","enc_layer":"Underwater_Awash_Rock_point","enc_layer_id":34}},{"type":"Feature","id":863541,"geometry":{"type":"Point","coordinates":[-123.77566300000001,39.21652899999998]},"properties":{"OBJECTID":863541,"OBJL":153,"EXPSOU":1,"NATSUR":null,"NATQUA":null,"OBJNAM":null,"QUASOU":"6","SOUACC":null,"TECSOU":null,"VALSOU":0.3,"VERDAT":null,"WATLEV":3,"INFORM":null,"SCAMIN":null,"SORDAT":"201110","SORIND":"US,US,graph,Chart 18628","DSNM":"US5CA5EI.000","enc_service":"enc_harbour","enc_layer":"Underwater_Awash_Rock_point","enc_layer_id":34}},{"type":"Feature","id":863677,"geometry":{"type":"Point","coordinates":[-123.77945899999997,39.23011200000002]},"properties":{"OBJECTID":863677,"OBJL":153,"EXPSOU":null,"NATSUR":null,"NATQUA":null,"OBJNAM":null,"QUASOU":"2","SOUACC":null,"TECSOU":null,"VALSOU":null,"VERDAT":null,"WATLEV":4,"INFORM":null,"SCAMIN":null,"SORDAT":"19991127","SORIND":"US,US,graph,Chart 18628","DSNM":"US5CA5FI.000","enc_service":"enc_harbour","enc_layer":"Underwater_Awash_Rock_point","enc_layer_id":34}},{"type":"Feature","id":863787,"geometry":{"type":"Point","coordinates":[-123.775803,39.22951599999999]},"properties":{"OBJECTID":863787,"OBJL":153,"EXPSOU":null,"NATSUR":null,"NATQUA":null,"OBJNAM":null,"QUASOU":"2","SOUACC":null,"TECSOU":null,"VALSOU":null,"VERDAT":null,"WATLEV":4,"INFORM":null,"SCAMIN":null,"SORDAT":"19991127","SORIND":"US,US,graph,Chart 18628","DSNM":"US5CA5FI.000","enc_service":"enc_harbour","enc_layer":"Underwater_Awash_Rock_point","enc_layer_id":34}},{"type":"Feature","id":863777,"geometry":{"type":"Point","coordinates":[-123.782646,39.239180999999974]},"properties":{"OBJECTID":863777,"OBJL":153,"EXPSOU":null,"NATSUR":null,"NATQUA":null,"OBJNAM":null,"QUASOU":"2","SOUACC":null,"TECSOU":null,"VALSOU":null,"VERDAT":null,"WATLEV":3,"INFORM":null,"SCAMIN":null,"SORDAT":"19991127","SORIND":"US,US,graph,Chart 18628","DSNM":"US5CA5FI.000","enc_service":"enc_harbour","enc_layer":"Underwater_Awash_Rock_point","enc_layer_id":34}},{"type":"Feature","id":863406,"geometry":{"type":"Point","coordinates":[-123.76478600000002,39.190027999999984]},"properties":{"OBJECTID":863406,"OBJL":153,"EXPSOU":null,"NATSUR":null,"NATQUA":null,"OBJNAM":null,"QUASOU":"2","SOUACC":null,"TECSOU":null,"VALSOU":null,"VERDAT":null,"WATLEV":4,"INFORM":null,"SCAMIN":null,"SORDAT":"20000916","SORIND":"US,US,graph,Chart 18626","DSNM":"US5CA5EI.000","enc_service":"enc_harbour","enc_layer":"Underwater_Awash_Rock_point","enc_layer_id":34}},{"type":"Feature","id":863550,"geometry":{"type":"Point","coordinates":[-123.77189199999998,39.201480000000004]},"properties":{"OBJECTID":863550,"OBJL":153,"EXPSOU":null,"NATSUR":null,"NATQUA":null,"OBJNAM":null,"QUASOU":"2","SOUACC":null,"TECSOU":null,"VALSOU":null,"VERDAT":null,"WATLEV":4,"INFORM":null,"SCAMIN":null,"SORDAT":"20000916","SORIND":"US,US,graph,Chart 18626","DSNM":"US5CA5EI.000","enc_service":"enc_harbour","enc_layer":"Underwater_Awash_Rock_point","enc_layer_id":34}},{"type":"Feature","id":863540,"geometry":{"type":"Point","coordinates":[-123.77484500000003,39.21936499999998]},"properties":{"OBJECTID":863540,"OBJL":153,"EXPSOU":1,"NATSUR":null,"NATQUA":null,"OBJNAM":null,"QUASOU":"6","SOUACC":null,"TECSOU":null,"VALSOU":0.3,"VERDAT":null,"WATLEV":3,"INFORM":null,"SCAMIN":null,"SORDAT":"201110","SORIND":"US,US,graph,Chart 18628","DSNM":"US5CA5EI.000","enc_service":"enc_harbour","enc_layer":"Underwater_Awash_Rock_point","enc_layer_id":34}},{"type":"Feature","id":863462,"geometry":{"type":"Point","coordinates":[-123.77439700000002,39.21840700000001]},"properties":{"OBJECTID":863462,"OBJL":153,"EXPSOU":null,"NATSUR":null,"NATQUA":null,"OBJNAM":null,"QUASOU":"2","SOUACC":null,"TECSOU":null,"VALSOU":null,"VERDAT":null,"WATLEV":4,"INFORM":null,"SCAMIN":null,"SORDAT":"19991127","SORIND":"US,US,graph,Chart 18628","DSNM":"US5CA5EI.000","enc_service":"enc_harbour","enc_layer":"Underwater_Awash_Rock_point","enc_layer_id":34}},{"type":"Feature","id":863448,"geometry":{"type":"Point","coordinates":[-123.77380099999999,39.221135000000004]},"properties":{"OBJECTID":863448,"OBJL":153,"EXPSOU":null,"NATSUR":null,"NATQUA":null,"OBJNAM":null,"QUASOU":"2","SOUACC":null,"TECSOU":null,"VALSOU":null,"VERDAT":null,"WATLEV":4,"INFORM":null,"SCAMIN":null,"SORDAT":"19991127","SORIND":"US,US,graph,Chart 18628","DSNM":"US5CA5EI.000","enc_service":"enc_harbour","enc_layer":"Underwater_Awash_Rock_point","enc_layer_id":34}},{"type":"Feature","id":863440,"geometry":{"type":"Point","coordinates":[-123.77374500000002,39.21537699999999]},"properties":{"OBJECTID":863440,"OBJL":153,"EXPSOU":null,"NATSUR":null,"NATQUA":null,"OBJNAM":null,"QUASOU":"2","SOUACC":null,"TECSOU":null,"VALSOU":null,"VERDAT":null,"WATLEV":4,"INFORM":null,"SCAMIN":null,"SORDAT":"19991127","SORIND":"US,US,graph,Chart 18628","DSNM":"US5CA5EI.000","enc_service":"enc_harbour","enc_layer":"Underwater_Awash_Rock_point","enc_layer_id":34}},{"type":"Feature","id":863399,"geometry":{"type":"Point","coordinates":[-123.77283,39.215502000000015]},"properties":{"OBJECTID":863399,"OBJL":153,"EXPSOU":null,"NATSUR":null,"NATQUA":null,"OBJNAM":null,"QUASOU":"2","SOUACC":null,"TECSOU":null,"VALSOU":null,"VERDAT":null,"WATLEV":4,"INFORM":null,"SCAMIN":null,"SORDAT":"19991127","SORIND":"US,US,graph,Chart 18628","DSNM":"US5CA5EI.000","enc_service":"enc_harbour","enc_layer":"Underwater_Awash_Rock_point","enc_layer_id":34}},{"type":"Feature","id":863426,"geometry":{"type":"Point","coordinates":[-123.772763,39.218188]},"properties":{"OBJECTID":863426,"OBJL":153,"EXPSOU":null,"NATSUR":null,"NATQUA":null,"OBJNAM":null,"QUASOU":"2","SOUACC":null,"TECSOU":null,"VALSOU":null,"VERDAT":null,"WATLEV":4,"INFORM":null,"SCAMIN":null,"SORDAT":"19991127","SORIND":"US,US,graph,Chart 18628","DSNM":"US5CA5EI.000","enc_service":"enc_harbour","enc_layer":"Underwater_Awash_Rock_point","enc_layer_id":34}},{"type":"Feature","id":863403,"geometry":{"type":"Point","coordinates":[-123.77228100000002,39.214864999999975]},"properties":{"OBJECTID":863403,"OBJL":153,"EXPSOU":null,"NATSUR":null,"NATQUA":null,"OBJNAM":null,"QUASOU":"2","SOUACC":null,"TECSOU":null,"VALSOU":null,"VERDAT":null,"WATLEV":4,"INFORM":null,"SCAMIN":null,"SORDAT":"19991127","SORIND":"US,US,graph,Chart 18628","DSNM":"US5CA5EI.000","enc_service":"enc_harbour","enc_layer":"Underwater_Awash_Rock_point","enc_layer_id":34}},{"type":"Feature","id":863368,"geometry":{"type":"Point","coordinates":[-123.76330339999998,39.17214560000002]},"properties":{"OBJECTID":863368,"OBJL":153,"EXPSOU":2,"NATSUR":null,"NATQUA":null,"OBJNAM":null,"QUASOU":"6","SOUACC":null,"TECSOU":null,"VALSOU":3.6,"VERDAT":null,"WATLEV":3,"INFORM":null,"SCAMIN":null,"SORDAT":"20000916","SORIND":"US,US,graph,Chart 18626","DSNM":"US5CA5EI.000","enc_service":"enc_harbour","enc_layer":"Underwater_Awash_Rock_point","enc_layer_id":34}},{"type":"Feature","id":863544,"geometry":{"type":"Point","coordinates":[-123.757227,39.17540200000002]},"properties":{"OBJECTID":863544,"OBJL":153,"EXPSOU":null,"NATSUR":null,"NATQUA":null,"OBJNAM":null,"QUASOU":"2","SOUACC":null,"TECSOU":null,"VALSOU":null,"VERDAT":null,"WATLEV":4,"INFORM":null,"SCAMIN":null,"SORDAT":"20000916","SORIND":"US,US,graph,Chart 18626","DSNM":"US5CA5EI.000","enc_service":"enc_harbour","enc_layer":"Underwater_Awash_Rock_point","enc_layer_id":34}},{"type":"Feature","id":863514,"geometry":{"type":"Point","coordinates":[-123.76068600000002,39.18299400000001]},"properties":{"OBJECTID":863514,"OBJL":153,"EXPSOU":null,"NATSUR":null,"NATQUA":null,"OBJNAM":null,"QUASOU":"2","SOUACC":null,"TECSOU":null,"VALSOU":null,"VERDAT":null,"WATLEV":4,"INFORM":null,"SCAMIN":null,"SORDAT":"20000916","SORIND":"US,US,graph,Chart 18626","DSNM":"US5CA5EI.000","enc_service":"enc_harbour","enc_layer":"Underwater_Awash_Rock_point","enc_layer_id":34}},{"type":"Feature","id":863374,"geometry":{"type":"Point","coordinates":[-123.75874900000002,39.184956]},"properties":{"OBJECTID":863374,"OBJL":153,"EXPSOU":null,"NATSUR":null,"NATQUA":null,"OBJNAM":null,"QUASOU":"2","SOUACC":null,"TECSOU":null,"VALSOU":null,"VERDAT":null,"WATLEV":4,"INFORM":null,"SCAMIN":null,"SORDAT":"20000916","SORIND":"US,US,graph,Chart 18626","DSNM":"US5CA5EI.000","enc_service":"enc_harbour","enc_layer":"Underwater_Awash_Rock_point","enc_layer_id":34}},{"type":"Feature","id":863546,"geometry":{"type":"Point","coordinates":[-123.75693899999999,39.18198899999999]},"properties":{"OBJECTID":863546,"OBJL":153,"EXPSOU":null,"NATSUR":null,"NATQUA":null,"OBJNAM":null,"QUASOU":"2","SOUACC":null,"TECSOU":null,"VALSOU":null,"VERDAT":null,"WATLEV":4,"INFORM":null,"SCAMIN":null,"SORDAT":"20000916","SORIND":"US,US,graph,Chart 18626","DSNM":"US5CA5EI.000","enc_service":"enc_harbour","enc_layer":"Underwater_Awash_Rock_point","enc_layer_id":34}},{"type":"Feature","id":863139,"geometry":{"type":"Point","coordinates":[-123.74136499999997,39.14317799999998]},"properties":{"OBJECTID":863139,"OBJL":153,"EXPSOU":null,"NATSUR":null,"NATQUA":null,"OBJNAM":null,"QUASOU":"2","SOUACC":null,"TECSOU":null,"VALSOU":null,"VERDAT":null,"WATLEV":3,"INFORM":null,"SCAMIN":null,"SORDAT":"20000916","SORIND":"US,US,graph,Chart 18626","DSNM":"US5CA5DJ.000","enc_service":"enc_harbour","enc_layer":"Underwater_Awash_Rock_point","enc_layer_id":34}},{"type":"Feature","id":863140,"geometry":{"type":"Point","coordinates":[-123.74062839999999,39.143351800000005]},"properties":{"OBJECTID":863140,"OBJL":153,"EXPSOU":null,"NATSUR":null,"NATQUA":null,"OBJNAM":null,"QUASOU":"2","SOUACC":null,"TECSOU":null,"VALSOU":null,"VERDAT":null,"WATLEV":3,"INFORM":null,"SCAMIN":null,"SORDAT":"20000916","SORIND":"US,US,graph,Chart 18626","DSNM":"US5CA5DJ.000","enc_service":"enc_harbour","enc_layer":"Underwater_Awash_Rock_point","enc_layer_id":34}},{"type":"Feature","id":863574,"geometry":{"type":"Point","coordinates":[-123.74243000000001,39.163505999999984]},"properties":{"OBJECTID":863574,"OBJL":153,"EXPSOU":null,"NATSUR":null,"NATQUA":null,"OBJNAM":null,"QUASOU":"2","SOUACC":null,"TECSOU":null,"VALSOU":null,"VERDAT":null,"WATLEV":3,"INFORM":null,"SCAMIN":null,"SORDAT":"20000916","SORIND":"US,US,graph,Chart 18626","DSNM":"US5CA5EJ.000","enc_service":"enc_harbour","enc_layer":"Underwater_Awash_Rock_point","enc_layer_id":34}},{"type":"Feature","id":863578,"geometry":{"type":"Point","coordinates":[-123.74059199999999,39.161946]},"properties":{"OBJECTID":863578,"OBJL":153,"EXPSOU":null,"NATSUR":null,"NATQUA":null,"OBJNAM":null,"QUASOU":"2","SOUACC":null,"TECSOU":null,"VALSOU":null,"VERDAT":null,"WATLEV":4,"INFORM":null,"SCAMIN":null,"SORDAT":"20000916","SORIND":"US,US,graph,Chart 18626","DSNM":"US5CA5EJ.000","enc_service":"enc_harbour","enc_layer":"Underwater_Awash_Rock_point","enc_layer_id":34}},{"type":"Feature","id":863501,"geometry":{"type":"Point","coordinates":[-123.776499,39.21281699999997]},"properties":{"OBJECTID":863501,"OBJL":153,"EXPSOU":null,"NATSUR":null,"NATQUA":null,"OBJNAM":null,"QUASOU":"2","SOUACC":null,"TECSOU":null,"VALSOU":null,"VERDAT":null,"WATLEV":4,"INFORM":null,"SCAMIN":null,"SORDAT":"19991127","SORIND":"US,US,graph,Chart 18628","DSNM":"US5CA5EI.000","enc_service":"enc_harbour","enc_layer":"Underwater_Awash_Rock_point","enc_layer_id":34}},{"type":"Feature","id":863571,"geometry":{"type":"Point","coordinates":[-123.78138330000002,39.22022870000001]},"properties":{"OBJECTID":863571,"OBJL":153,"EXPSOU":1,"NATSUR":null,"NATQUA":null,"OBJNAM":null,"QUASOU":"6","SOUACC":null,"TECSOU":null,"VALSOU":8.5,"VERDAT":null,"WATLEV":3,"INFORM":null,"SCAMIN":null,"SORDAT":"19991127","SORIND":"US,US,graph,Chart 18628","DSNM":"US5CA5EI.000","enc_service":"enc_harbour","enc_layer":"Underwater_Awash_Rock_point","enc_layer_id":34}},{"type":"Feature","id":863468,"geometry":{"type":"Point","coordinates":[-123.77937600000001,39.21482800000001]},"properties":{"OBJECTID":863468,"OBJL":153,"EXPSOU":null,"NATSUR":null,"NATQUA":null,"OBJNAM":null,"QUASOU":"2","SOUACC":null,"TECSOU":null,"VALSOU":null,"VERDAT":null,"WATLEV":4,"INFORM":null,"SCAMIN":null,"SORDAT":"19991127","SORIND":"US,US,graph,Chart 18628","DSNM":"US5CA5EI.000","enc_service":"enc_harbour","enc_layer":"Underwater_Awash_Rock_point","enc_layer_id":34}},{"type":"Feature","id":863480,"geometry":{"type":"Point","coordinates":[-123.77890100000002,39.22398500000003]},"properties":{"OBJECTID":863480,"OBJL":153,"EXPSOU":null,"NATSUR":null,"NATQUA":null,"OBJNAM":null,"QUASOU":"2","SOUACC":null,"TECSOU":null,"VALSOU":null,"VERDAT":null,"WATLEV":4,"INFORM":null,"SCAMIN":null,"SORDAT":"19991127","SORIND":"US,US,graph,Chart 18628","DSNM":"US5CA5EI.000","enc_service":"enc_harbour","enc_layer":"Underwater_Awash_Rock_point","enc_layer_id":34}},{"type":"Feature","id":863486,"geometry":{"type":"Point","coordinates":[-123.778076,39.215193]},"properties":{"OBJECTID":863486,"OBJL":153,"EXPSOU":null,"NATSUR":null,"NATQUA":null,"OBJNAM":null,"QUASOU":"2","SOUACC":null,"TECSOU":null,"VALSOU":null,"VERDAT":null,"WATLEV":4,"INFORM":null,"SCAMIN":null,"SORDAT":"19991127","SORIND":"US,US,graph,Chart 18628","DSNM":"US5CA5EI.000","enc_service":"enc_harbour","enc_layer":"Underwater_Awash_Rock_point","enc_layer_id":34}},{"type":"Feature","id":863456,"geometry":{"type":"Point","coordinates":[-123.776161,39.22159399999998]},"properties":{"OBJECTID":863456,"OBJL":153,"EXPSOU":null,"NATSUR":null,"NATQUA":null,"OBJNAM":null,"QUASOU":"2","SOUACC":null,"TECSOU":null,"VALSOU":null,"VERDAT":null,"WATLEV":4,"INFORM":null,"SCAMIN":null,"SORDAT":"19991127","SORIND":"US,US,graph,Chart 18628","DSNM":"US5CA5EI.000","enc_service":"enc_harbour","enc_layer":"Underwater_Awash_Rock_point","enc_layer_id":34}},{"type":"Feature","id":863474,"geometry":{"type":"Point","coordinates":[-123.77599300000003,39.22199499999999]},"properties":{"OBJECTID":863474,"OBJL":153,"EXPSOU":null,"NATSUR":null,"NATQUA":null,"OBJNAM":null,"QUASOU":"2","SOUACC":null,"TECSOU":null,"VALSOU":null,"VERDAT":null,"WATLEV":4,"INFORM":null,"SCAMIN":null,"SORDAT":"19991127","SORIND":"US,US,graph,Chart 18628","DSNM":"US5CA5EI.000","enc_service":"enc_harbour","enc_layer":"Underwater_Awash_Rock_point","enc_layer_id":34}},{"type":"Feature","id":863672,"geometry":{"type":"Point","coordinates":[-123.78090400000002,39.233025]},"properties":{"OBJECTID":863672,"OBJL":153,"EXPSOU":null,"NATSUR":null,"NATQUA":null,"OBJNAM":null,"QUASOU":"2","SOUACC":null,"TECSOU":null,"VALSOU":null,"VERDAT":null,"WATLEV":4,"INFORM":null,"SCAMIN":null,"SORDAT":"19991127","SORIND":"US,US,graph,Chart 18628","DSNM":"US5CA5FI.000","enc_service":"enc_harbour","enc_layer":"Underwater_Awash_Rock_point","enc_layer_id":34}},{"type":"Feature","id":863665,"geometry":{"type":"Point","coordinates":[-123.77975800000002,39.23193500000002]},"properties":{"OBJECTID":863665,"OBJL":153,"EXPSOU":null,"NATSUR":null,"NATQUA":null,"OBJNAM":null,"QUASOU":"2","SOUACC":null,"TECSOU":null,"VALSOU":null,"VERDAT":null,"WATLEV":4,"INFORM":null,"SCAMIN":null,"SORDAT":"19991127","SORIND":"US,US,graph,Chart 18628","DSNM":"US5CA5FI.000","enc_service":"enc_harbour","enc_layer":"Underwater_Awash_Rock_point","enc_layer_id":34}},{"type":"Feature","id":863634,"geometry":{"type":"Point","coordinates":[-123.77944200000002,39.23194799999999]},"properties":{"OBJECTID":863634,"OBJL":153,"EXPSOU":null,"NATSUR":null,"NATQUA":null,"OBJNAM":null,"QUASOU":"2","SOUACC":null,"TECSOU":null,"VALSOU":null,"VERDAT":null,"WATLEV":4,"INFORM":null,"SCAMIN":null,"SORDAT":"19991127","SORIND":"US,US,graph,Chart 18628","DSNM":"US5CA5FI.000","enc_service":"enc_harbour","enc_layer":"Underwater_Awash_Rock_point","enc_layer_id":34}},{"type":"Feature","id":863676,"geometry":{"type":"Point","coordinates":[-123.77928400000002,39.23039699999998]},"properties":{"OBJECTID":863676,"OBJL":153,"EXPSOU":null,"NATSUR":null,"NATQUA":null,"OBJNAM":null,"QUASOU":"2","SOUACC":null,"TECSOU":null,"VALSOU":null,"VERDAT":null,"WATLEV":4,"INFORM":null,"SCAMIN":null,"SORDAT":"19991127","SORIND":"US,US,graph,Chart 18628","DSNM":"US5CA5FI.000","enc_service":"enc_harbour","enc_layer":"Underwater_Awash_Rock_point","enc_layer_id":34}},{"type":"Feature","id":863776,"geometry":{"type":"Point","coordinates":[-123.778546,39.236872000000005]},"properties":{"OBJECTID":863776,"OBJL":153,"EXPSOU":null,"NATSUR":null,"NATQUA":null,"OBJNAM":null,"QUASOU":"2","SOUACC":null,"TECSOU":null,"VALSOU":null,"VERDAT":null,"WATLEV":4,"INFORM":null,"SCAMIN":null,"SORDAT":"19991127","SORIND":"US,US,graph,Chart 18628","DSNM":"US5CA5FI.000","enc_service":"enc_harbour","enc_layer":"Underwater_Awash_Rock_point","enc_layer_id":34}},{"type":"Feature","id":863793,"geometry":{"type":"Point","coordinates":[-123.77716700000002,39.23080900000002]},"properties":{"OBJECTID":863793,"OBJL":153,"EXPSOU":null,"NATSUR":null,"NATQUA":null,"OBJNAM":null,"QUASOU":"2","SOUACC":null,"TECSOU":null,"VALSOU":null,"VERDAT":null,"WATLEV":4,"INFORM":null,"SCAMIN":null,"SORDAT":"19991127","SORIND":"US,US,graph,Chart 18628","DSNM":"US5CA5FI.000","enc_service":"enc_harbour","enc_layer":"Underwater_Awash_Rock_point","enc_layer_id":34}},{"type":"Feature","id":863757,"geometry":{"type":"Point","coordinates":[-123.776567,39.22689700000001]},"properties":{"OBJECTID":863757,"OBJL":153,"EXPSOU":null,"NATSUR":null,"NATQUA":null,"OBJNAM":null,"QUASOU":"2","SOUACC":null,"TECSOU":null,"VALSOU":null,"VERDAT":null,"WATLEV":4,"INFORM":null,"SCAMIN":null,"SORDAT":"19991127","SORIND":"US,US,graph,Chart 18628","DSNM":"US5CA5FI.000","enc_service":"enc_harbour","enc_layer":"Underwater_Awash_Rock_point","enc_layer_id":34}},{"type":"Feature","id":863615,"geometry":{"type":"Point","coordinates":[-123.78326600000003,39.246646]},"properties":{"OBJECTID":863615,"OBJL":153,"EXPSOU":null,"NATSUR":null,"NATQUA":null,"OBJNAM":null,"QUASOU":"2","SOUACC":null,"TECSOU":null,"VALSOU":null,"VERDAT":null,"WATLEV":4,"INFORM":null,"SCAMIN":null,"SORDAT":"19991127","SORIND":"US,US,graph,Chart 18628","DSNM":"US5CA5FI.000","enc_service":"enc_harbour","enc_layer":"Underwater_Awash_Rock_point","enc_layer_id":34}},{"type":"Feature","id":863708,"geometry":{"type":"Point","coordinates":[-123.782108,39.24909500000001]},"properties":{"OBJECTID":863708,"OBJL":153,"EXPSOU":null,"NATSUR":null,"NATQUA":null,"OBJNAM":null,"QUASOU":"2","SOUACC":null,"TECSOU":null,"VALSOU":null,"VERDAT":null,"WATLEV":4,"INFORM":null,"SCAMIN":null,"SORDAT":"19991127","SORIND":"US,US,graph,Chart 18628","DSNM":"US5CA5FI.000","enc_service":"enc_harbour","enc_layer":"Underwater_Awash_Rock_point","enc_layer_id":34}},{"type":"Feature","id":863617,"geometry":{"type":"Point","coordinates":[-123.78192000000001,39.245924]},"properties":{"OBJECTID":863617,"OBJL":153,"EXPSOU":null,"NATSUR":null,"NATQUA":null,"OBJNAM":null,"QUASOU":"2","SOUACC":null,"TECSOU":null,"VALSOU":null,"VERDAT":null,"WATLEV":4,"INFORM":null,"SCAMIN":null,"SORDAT":"19991127","SORIND":"US,US,graph,Chart 18628","DSNM":"US5CA5FI.000","enc_service":"enc_harbour","enc_layer":"Underwater_Awash_Rock_point","enc_layer_id":34}},{"type":"Feature","id":863521,"geometry":{"type":"Point","coordinates":[-123.77261800000002,39.195502999999974]},"properties":{"OBJECTID":863521,"OBJL":153,"EXPSOU":null,"NATSUR":null,"NATQUA":null,"OBJNAM":null,"QUASOU":"2","SOUACC":null,"TECSOU":null,"VALSOU":null,"VERDAT":null,"WATLEV":4,"INFORM":null,"SCAMIN":null,"SORDAT":"20000916","SORIND":"US,US,graph,Chart 18626","DSNM":"US5CA5EI.000","enc_service":"enc_harbour","enc_layer":"Underwater_Awash_Rock_point","enc_layer_id":34}},{"type":"Feature","id":863363,"geometry":{"type":"Point","coordinates":[-123.774611,39.20413500000001]},"properties":{"OBJECTID":863363,"OBJL":153,"EXPSOU":null,"NATSUR":null,"NATQUA":null,"OBJNAM":null,"QUASOU":"2","SOUACC":null,"TECSOU":null,"VALSOU":null,"VERDAT":null,"WATLEV":3,"INFORM":null,"SCAMIN":null,"SORDAT":"20000916","SORIND":"US,US,graph,Chart 18626","DSNM":"US5CA5EI.000","enc_service":"enc_harbour","enc_layer":"Underwater_Awash_Rock_point","enc_layer_id":34}},{"type":"Feature","id":863492,"geometry":{"type":"Point","coordinates":[-123.77498700000001,39.21500900000001]},"properties":{"OBJECTID":863492,"OBJL":153,"EXPSOU":null,"NATSUR":null,"NATQUA":null,"OBJNAM":null,"QUASOU":"2","SOUACC":null,"TECSOU":null,"VALSOU":null,"VERDAT":null,"WATLEV":4,"INFORM":null,"SCAMIN":null,"SORDAT":"19991127","SORIND":"US,US,graph,Chart 18628","DSNM":"US5CA5EI.000","enc_service":"enc_harbour","enc_layer":"Underwater_Awash_Rock_point","enc_layer_id":34}},{"type":"Feature","id":863510,"geometry":{"type":"Point","coordinates":[-123.77408300000002,39.220957]},"properties":{"OBJECTID":863510,"OBJL":153,"EXPSOU":null,"NATSUR":null,"NATQUA":null,"OBJNAM":null,"QUASOU":"2","SOUACC":null,"TECSOU":null,"VALSOU":null,"VERDAT":null,"WATLEV":4,"INFORM":null,"SCAMIN":null,"SORDAT":"19991127","SORIND":"US,US,graph,Chart 18628","DSNM":"US5CA5EI.000","enc_service":"enc_harbour","enc_layer":"Underwater_Awash_Rock_point","enc_layer_id":34}},{"type":"Feature","id":863442,"geometry":{"type":"Point","coordinates":[-123.77398599999998,39.22013399999997]},"properties":{"OBJECTID":863442,"OBJL":153,"EXPSOU":null,"NATSUR":null,"NATQUA":null,"OBJNAM":null,"QUASOU":"2","SOUACC":null,"TECSOU":null,"VALSOU":null,"VERDAT":null,"WATLEV":4,"INFORM":null,"SCAMIN":null,"SORDAT":"19991127","SORIND":"US,US,graph,Chart 18628","DSNM":"US5CA5EI.000","enc_service":"enc_harbour","enc_layer":"Underwater_Awash_Rock_point","enc_layer_id":34}},{"type":"Feature","id":863441,"geometry":{"type":"Point","coordinates":[-123.77284400000002,39.21986500000003]},"properties":{"OBJECTID":863441,"OBJL":153,"EXPSOU":null,"NATSUR":null,"NATQUA":null,"OBJNAM":null,"QUASOU":"2","SOUACC":null,"TECSOU":null,"VALSOU":null,"VERDAT":null,"WATLEV":4,"INFORM":null,"SCAMIN":null,"SORDAT":"19991127","SORIND":"US,US,graph,Chart 18628","DSNM":"US5CA5EI.000","enc_service":"enc_harbour","enc_layer":"Underwater_Awash_Rock_point","enc_layer_id":34}},{"type":"Feature","id":863433,"geometry":{"type":"Point","coordinates":[-123.77262400000001,39.21962300000001]},"properties":{"OBJECTID":863433,"OBJL":153,"EXPSOU":null,"NATSUR":null,"NATQUA":null,"OBJNAM":null,"QUASOU":"2","SOUACC":null,"TECSOU":null,"VALSOU":null,"VERDAT":null,"WATLEV":4,"INFORM":null,"SCAMIN":null,"SORDAT":"19991127","SORIND":"US,US,graph,Chart 18628","DSNM":"US5CA5EI.000","enc_service":"enc_harbour","enc_layer":"Underwater_Awash_Rock_point","enc_layer_id":34}},{"type":"Feature","id":863430,"geometry":{"type":"Point","coordinates":[-123.772197,39.21859999999998]},"properties":{"OBJECTID":863430,"OBJL":153,"EXPSOU":null,"NATSUR":null,"NATQUA":null,"OBJNAM":null,"QUASOU":"2","SOUACC":null,"TECSOU":null,"VALSOU":null,"VERDAT":null,"WATLEV":4,"INFORM":null,"SCAMIN":null,"SORDAT":"19991127","SORIND":"US,US,graph,Chart 18628","DSNM":"US5CA5EI.000","enc_service":"enc_harbour","enc_layer":"Underwater_Awash_Rock_point","enc_layer_id":34}},{"type":"Feature","id":863424,"geometry":{"type":"Point","coordinates":[-123.77202,39.21772800000002]},"properties":{"OBJECTID":863424,"OBJL":153,"EXPSOU":null,"NATSUR":null,"NATQUA":null,"OBJNAM":null,"QUASOU":"2","SOUACC":null,"TECSOU":null,"VALSOU":null,"VERDAT":null,"WATLEV":4,"INFORM":null,"SCAMIN":null,"SORDAT":"19991127","SORIND":"US,US,graph,Chart 18628","DSNM":"US5CA5EI.000","enc_service":"enc_harbour","enc_layer":"Underwater_Awash_Rock_point","enc_layer_id":34}},{"type":"Feature","id":863411,"geometry":{"type":"Point","coordinates":[-123.77164800000003,39.217337999999984]},"properties":{"OBJECTID":863411,"OBJL":153,"EXPSOU":null,"NATSUR":null,"NATQUA":null,"OBJNAM":null,"QUASOU":"2","SOUACC":null,"TECSOU":null,"VALSOU":null,"VERDAT":null,"WATLEV":4,"INFORM":null,"SCAMIN":null,"SORDAT":"19991127","SORIND":"US,US,graph,Chart 18628","DSNM":"US5CA5EI.000","enc_service":"enc_harbour","enc_layer":"Underwater_Awash_Rock_point","enc_layer_id":34}},{"type":"Feature","id":863744,"geometry":{"type":"Point","coordinates":[-123.774741,39.229423999999995]},"properties":{"OBJECTID":863744,"OBJL":153,"EXPSOU":null,"NATSUR":null,"NATQUA":null,"OBJNAM":null,"QUASOU":"2","SOUACC":null,"TECSOU":null,"VALSOU":null,"VERDAT":null,"WATLEV":4,"INFORM":null,"SCAMIN":null,"SORDAT":"19991127","SORIND":"US,US,graph,Chart 18628","DSNM":"US5CA5FI.000","enc_service":"enc_harbour","enc_layer":"Underwater_Awash_Rock_point","enc_layer_id":34}},{"type":"Feature","id":863786,"geometry":{"type":"Point","coordinates":[-123.77445399999999,39.22944100000001]},"properties":{"OBJECTID":863786,"OBJL":153,"EXPSOU":null,"NATSUR":null,"NATQUA":null,"OBJNAM":null,"QUASOU":"2","SOUACC":null,"TECSOU":null,"VALSOU":null,"VERDAT":null,"WATLEV":3,"INFORM":null,"SCAMIN":null,"SORDAT":"19991127","SORIND":"US,US,graph,Chart 18628","DSNM":"US5CA5FI.000","enc_service":"enc_harbour","enc_layer":"Underwater_Awash_Rock_point","enc_layer_id":34}},{"type":"Feature","id":863465,"geometry":{"type":"Point","coordinates":[-123.75809900000002,39.183272999999986]},"properties":{"OBJECTID":863465,"OBJL":153,"EXPSOU":null,"NATSUR":null,"NATQUA":null,"OBJNAM":null,"QUASOU":"2","SOUACC":null,"TECSOU":null,"VALSOU":null,"VERDAT":null,"WATLEV":4,"INFORM":null,"SCAMIN":null,"SORDAT":"20000916","SORIND":"US,US,graph,Chart 18626","DSNM":"US5CA5EI.000","enc_service":"enc_harbour","enc_layer":"Underwater_Awash_Rock_point","enc_layer_id":34}},{"type":"Feature","id":863298,"geometry":{"type":"Point","coordinates":[-123.74094000000002,39.14151199999998]},"properties":{"OBJECTID":863298,"OBJL":153,"EXPSOU":null,"NATSUR":null,"NATQUA":null,"OBJNAM":null,"QUASOU":"2","SOUACC":null,"TECSOU":null,"VALSOU":null,"VERDAT":null,"WATLEV":4,"INFORM":null,"SCAMIN":null,"SORDAT":"20000916","SORIND":"US,US,graph,Chart 18626","DSNM":"US5CA5DJ.000","enc_service":"enc_harbour","enc_layer":"Underwater_Awash_Rock_point","enc_layer_id":34}},{"type":"Feature","id":863297,"geometry":{"type":"Point","coordinates":[-123.74081580000001,39.1413857]},"properties":{"OBJECTID":863297,"OBJL":153,"EXPSOU":null,"NATSUR":null,"NATQUA":null,"OBJNAM":null,"QUASOU":"2","SOUACC":null,"TECSOU":null,"VALSOU":null,"VERDAT":null,"WATLEV":4,"INFORM":null,"SCAMIN":null,"SORDAT":"20000916","SORIND":"US,US,graph,Chart 18626","DSNM":"US5CA5DJ.000","enc_service":"enc_harbour","enc_layer":"Underwater_Awash_Rock_point","enc_layer_id":34}},{"type":"Feature","id":863144,"geometry":{"type":"Point","coordinates":[-123.74082220000003,39.1432896]},"properties":{"OBJECTID":863144,"OBJL":153,"EXPSOU":null,"NATSUR":null,"NATQUA":null,"OBJNAM":null,"QUASOU":"2","SOUACC":null,"TECSOU":null,"VALSOU":null,"VERDAT":null,"WATLEV":3,"INFORM":null,"SCAMIN":null,"SORDAT":"20000916","SORIND":"US,US,graph,Chart 18626","DSNM":"US5CA5DJ.000","enc_service":"enc_harbour","enc_layer":"Underwater_Awash_Rock_point","enc_layer_id":34}},{"type":"Feature","id":863586,"geometry":{"type":"Point","coordinates":[-123.74446999999998,39.165006000000005]},"properties":{"OBJECTID":863586,"OBJL":153,"EXPSOU":null,"NATSUR":null,"NATQUA":null,"OBJNAM":null,"QUASOU":"2","SOUACC":null,"TECSOU":null,"VALSOU":null,"VERDAT":null,"WATLEV":4,"INFORM":null,"SCAMIN":null,"SORDAT":"20000916","SORIND":"US,US,graph,Chart 18626","DSNM":"US5CA5EJ.000","enc_service":"enc_harbour","enc_layer":"Underwater_Awash_Rock_point","enc_layer_id":34}},{"type":"Feature","id":863609,"geometry":{"type":"Point","coordinates":[-123.78906130000001,39.238938099999984]},"properties":{"OBJECTID":863609,"OBJL":153,"EXPSOU":1,"NATSUR":null,"NATQUA":null,"OBJNAM":null,"QUASOU":"6","SOUACC":null,"TECSOU":null,"VALSOU":11.5,"VERDAT":null,"WATLEV":3,"INFORM":null,"SCAMIN":null,"SORDAT":"201110","SORIND":"US,US,graph,Chart 18628","DSNM":"US5CA5FI.000","enc_service":"enc_harbour","enc_layer":"Underwater_Awash_Rock_point","enc_layer_id":34}},{"type":"Feature","id":863382,"geometry":{"type":"Point","coordinates":[-123.77792899999997,39.208871999999985]},"properties":{"OBJECTID":863382,"OBJL":153,"EXPSOU":null,"NATSUR":null,"NATQUA":null,"OBJNAM":null,"QUASOU":"2","SOUACC":null,"TECSOU":null,"VALSOU":null,"VERDAT":null,"WATLEV":3,"INFORM":null,"SCAMIN":null,"SORDAT":"20000916","SORIND":"US,US,graph,Chart 18626","DSNM":"US5CA5EI.000","enc_service":"enc_harbour","enc_layer":"Underwater_Awash_Rock_point","enc_layer_id":34}},{"type":"Feature","id":863535,"geometry":{"type":"Point","coordinates":[-123.77785799999998,39.21446400000002]},"properties":{"OBJECTID":863535,"OBJL":153,"EXPSOU":null,"NATSUR":null,"NATQUA":null,"OBJNAM":null,"QUASOU":"2","SOUACC":null,"TECSOU":null,"VALSOU":null,"VERDAT":null,"WATLEV":4,"INFORM":null,"SCAMIN":null,"SORDAT":"19991127","SORIND":"US,US,graph,Chart 18628","DSNM":"US5CA5EI.000","enc_service":"enc_harbour","enc_layer":"Underwater_Awash_Rock_point","enc_layer_id":34}},{"type":"Feature","id":863533,"geometry":{"type":"Point","coordinates":[-123.77761600000002,39.214291]},"properties":{"OBJECTID":863533,"OBJL":153,"EXPSOU":null,"NATSUR":null,"NATQUA":null,"OBJNAM":null,"QUASOU":"2","SOUACC":null,"TECSOU":null,"VALSOU":null,"VERDAT":null,"WATLEV":4,"INFORM":null,"SCAMIN":null,"SORDAT":"19991127","SORIND":"US,US,graph,Chart 18628","DSNM":"US5CA5EI.000","enc_service":"enc_harbour","enc_layer":"Underwater_Awash_Rock_point","enc_layer_id":34}},{"type":"Feature","id":863543,"geometry":{"type":"Point","coordinates":[-123.78335609999999,39.220406000000025]},"properties":{"OBJECTID":863543,"OBJL":153,"EXPSOU":1,"NATSUR":null,"NATQUA":null,"OBJNAM":null,"QUASOU":"6","SOUACC":null,"TECSOU":null,"VALSOU":7.3,"VERDAT":null,"WATLEV":3,"INFORM":null,"SCAMIN":null,"SORDAT":"19991127","SORIND":"US,US,graph,Chart 18628","DSNM":"US5CA5EI.000","enc_service":"enc_harbour","enc_layer":"Underwater_Awash_Rock_point","enc_layer_id":34}},{"type":"Feature","id":863564,"geometry":{"type":"Point","coordinates":[-123.77820600000001,39.223884]},"properties":{"OBJECTID":863564,"OBJL":153,"EXPSOU":null,"NATSUR":null,"NATQUA":null,"OBJNAM":null,"QUASOU":"2","SOUACC":null,"TECSOU":null,"VALSOU":null,"VERDAT":null,"WATLEV":4,"INFORM":null,"SCAMIN":null,"SORDAT":"19991127","SORIND":"US,US,graph,Chart 18628","DSNM":"US5CA5EI.000","enc_service":"enc_harbour","enc_layer":"Underwater_Awash_Rock_point","enc_layer_id":34}},{"type":"Feature","id":863567,"geometry":{"type":"Point","coordinates":[-123.77789999999999,39.22403200000002]},"properties":{"OBJECTID":863567,"OBJL":153,"EXPSOU":null,"NATSUR":null,"NATQUA":null,"OBJNAM":null,"QUASOU":"2","SOUACC":null,"TECSOU":null,"VALSOU":null,"VERDAT":null,"WATLEV":4,"INFORM":null,"SCAMIN":null,"SORDAT":"19991127","SORIND":"US,US,graph,Chart 18628","DSNM":"US5CA5EI.000","enc_service":"enc_harbour","enc_layer":"Underwater_Awash_Rock_point","enc_layer_id":34}},{"type":"Feature","id":863591,"geometry":{"type":"Point","coordinates":[-123.77718900000002,39.22564999999997]},"properties":{"OBJECTID":863591,"OBJL":153,"EXPSOU":null,"NATSUR":null,"NATQUA":null,"OBJNAM":null,"QUASOU":"2","SOUACC":null,"TECSOU":null,"VALSOU":null,"VERDAT":null,"WATLEV":4,"INFORM":null,"SCAMIN":null,"SORDAT":"19991127","SORIND":"US,US,graph,Chart 18628","DSNM":"US5CA5FI.000","enc_service":"enc_harbour","enc_layer":"Underwater_Awash_Rock_point","enc_layer_id":34}},{"type":"Feature","id":863416,"geometry":{"type":"Point","coordinates":[-123.77717100000001,39.21551699999998]},"properties":{"OBJECTID":863416,"OBJL":153,"EXPSOU":null,"NATSUR":null,"NATQUA":null,"OBJNAM":null,"QUASOU":"2","SOUACC":null,"TECSOU":null,"VALSOU":null,"VERDAT":null,"WATLEV":4,"INFORM":null,"SCAMIN":null,"SORDAT":"19991127","SORIND":"US,US,graph,Chart 18628","DSNM":"US5CA5EI.000","enc_service":"enc_harbour","enc_layer":"Underwater_Awash_Rock_point","enc_layer_id":34}},{"type":"Feature","id":863557,"geometry":{"type":"Point","coordinates":[-123.7770701,39.222481800000025]},"properties":{"OBJECTID":863557,"OBJL":153,"EXPSOU":null,"NATSUR":null,"NATQUA":null,"OBJNAM":null,"QUASOU":"2","SOUACC":null,"TECSOU":null,"VALSOU":null,"VERDAT":null,"WATLEV":4,"INFORM":null,"SCAMIN":null,"SORDAT":"19991127","SORIND":"US,US,graph,Chart 18628","DSNM":"US5CA5EI.000","enc_service":"enc_harbour","enc_layer":"Underwater_Awash_Rock_point","enc_layer_id":34}},{"type":"Feature","id":863494,"geometry":{"type":"Point","coordinates":[-123.77704799999998,39.22157099999998]},"properties":{"OBJECTID":863494,"OBJL":153,"EXPSOU":null,"NATSUR":null,"NATQUA":null,"OBJNAM":null,"QUASOU":"2","SOUACC":null,"TECSOU":null,"VALSOU":null,"VERDAT":null,"WATLEV":4,"INFORM":null,"SCAMIN":null,"SORDAT":"19991127","SORIND":"US,US,graph,Chart 18628","DSNM":"US5CA5EI.000","enc_service":"enc_harbour","enc_layer":"Underwater_Awash_Rock_point","enc_layer_id":34}},{"type":"Feature","id":863479,"geometry":{"type":"Point","coordinates":[-123.77680900000001,39.21516300000002]},"properties":{"OBJECTID":863479,"OBJL":153,"EXPSOU":null,"NATSUR":null,"NATQUA":null,"OBJNAM":null,"QUASOU":"2","SOUACC":null,"TECSOU":null,"VALSOU":null,"VERDAT":null,"WATLEV":3,"INFORM":null,"SCAMIN":null,"SORDAT":"19991127","SORIND":"US,US,graph,Chart 18628","DSNM":"US5CA5EI.000","enc_service":"enc_harbour","enc_layer":"Underwater_Awash_Rock_point","enc_layer_id":34}},{"type":"Feature","id":863453,"geometry":{"type":"Point","coordinates":[-123.77651600000002,39.221393999999975]},"properties":{"OBJECTID":863453,"OBJL":153,"EXPSOU":null,"NATSUR":null,"NATQUA":null,"OBJNAM":null,"QUASOU":"2","SOUACC":null,"TECSOU":null,"VALSOU":null,"VERDAT":null,"WATLEV":4,"INFORM":null,"SCAMIN":null,"SORDAT":"19991127","SORIND":"US,US,graph,Chart 18628","DSNM":"US5CA5EI.000","enc_service":"enc_harbour","enc_layer":"Underwater_Awash_Rock_point","enc_layer_id":34}},{"type":"Feature","id":863475,"geometry":{"type":"Point","coordinates":[-123.77616999999998,39.22199499999999]},"properties":{"OBJECTID":863475,"OBJL":153,"EXPSOU":null,"NATSUR":null,"NATQUA":null,"OBJNAM":null,"QUASOU":"2","SOUACC":null,"TECSOU":null,"VALSOU":null,"VERDAT":null,"WATLEV":4,"INFORM":null,"SCAMIN":null,"SORDAT":"19991127","SORIND":"US,US,graph,Chart 18628","DSNM":"US5CA5EI.000","enc_service":"enc_harbour","enc_layer":"Underwater_Awash_Rock_point","enc_layer_id":34}},{"type":"Feature","id":863419,"geometry":{"type":"Point","coordinates":[-123.775847,39.21640400000001]},"properties":{"OBJECTID":863419,"OBJL":153,"EXPSOU":null,"NATSUR":null,"NATQUA":null,"OBJNAM":null,"QUASOU":"2","SOUACC":null,"TECSOU":null,"VALSOU":null,"VERDAT":null,"WATLEV":4,"INFORM":null,"SCAMIN":null,"SORDAT":"19991127","SORIND":"US,US,graph,Chart 18628","DSNM":"US5CA5EI.000","enc_service":"enc_harbour","enc_layer":"Underwater_Awash_Rock_point","enc_layer_id":34}},{"type":"Feature","id":863650,"geometry":{"type":"Point","coordinates":[-123.782961,39.23090100000002]},"properties":{"OBJECTID":863650,"OBJL":153,"EXPSOU":null,"NATSUR":null,"NATQUA":null,"OBJNAM":null,"QUASOU":"2","SOUACC":null,"TECSOU":null,"VALSOU":null,"VERDAT":null,"WATLEV":3,"INFORM":null,"SCAMIN":null,"SORDAT":"19991127","SORIND":"US,US,graph,Chart 18628","DSNM":"US5CA5FI.000","enc_service":"enc_harbour","enc_layer":"Underwater_Awash_Rock_point","enc_layer_id":34}},{"type":"Feature","id":863663,"geometry":{"type":"Point","coordinates":[-123.781838,39.23097200000001]},"properties":{"OBJECTID":863663,"OBJL":153,"EXPSOU":null,"NATSUR":null,"NATQUA":null,"OBJNAM":null,"QUASOU":"2","SOUACC":null,"TECSOU":null,"VALSOU":null,"VERDAT":null,"WATLEV":4,"INFORM":null,"SCAMIN":null,"SORDAT":"19991127","SORIND":"US,US,graph,Chart 18628","DSNM":"US5CA5FI.000","enc_service":"enc_harbour","enc_layer":"Underwater_Awash_Rock_point","enc_layer_id":34}},{"type":"Feature","id":863653,"geometry":{"type":"Point","coordinates":[-123.78150340000002,39.231267100000025]},"properties":{"OBJECTID":863653,"OBJL":153,"EXPSOU":null,"NATSUR":null,"NATQUA":null,"OBJNAM":null,"QUASOU":"2","SOUACC":null,"TECSOU":null,"VALSOU":null,"VERDAT":null,"WATLEV":4,"INFORM":null,"SCAMIN":null,"SORDAT":"19991127","SORIND":"US,US,graph,Chart 18628","DSNM":"US5CA5FI.000","enc_service":"enc_harbour","enc_layer":"Underwater_Awash_Rock_point","enc_layer_id":34}},{"type":"Feature","id":863670,"geometry":{"type":"Point","coordinates":[-123.78068300000001,39.235434]},"properties":{"OBJECTID":863670,"OBJL":153,"EXPSOU":null,"NATSUR":null,"NATQUA":null,"OBJNAM":null,"QUASOU":"2","SOUACC":null,"TECSOU":null,"VALSOU":null,"VERDAT":null,"WATLEV":4,"INFORM":null,"SCAMIN":null,"SORDAT":"19991127","SORIND":"US,US,graph,Chart 18628","DSNM":"US5CA5FI.000","enc_service":"enc_harbour","enc_layer":"Underwater_Awash_Rock_point","enc_layer_id":34}},{"type":"Feature","id":863790,"geometry":{"type":"Point","coordinates":[-123.78042599999998,39.23513600000001]},"properties":{"OBJECTID":863790,"OBJL":153,"EXPSOU":null,"NATSUR":null,"NATQUA":null,"OBJNAM":null,"QUASOU":"2","SOUACC":null,"TECSOU":null,"VALSOU":null,"VERDAT":null,"WATLEV":4,"INFORM":null,"SCAMIN":null,"SORDAT":"19991127","SORIND":"US,US,graph,Chart 18628","DSNM":"US5CA5FI.000","enc_service":"enc_harbour","enc_layer":"Underwater_Awash_Rock_point","enc_layer_id":34}},{"type":"Feature","id":863659,"geometry":{"type":"Point","coordinates":[-123.77938999999998,39.233971]},"properties":{"OBJECTID":863659,"OBJL":153,"EXPSOU":null,"NATSUR":null,"NATQUA":null,"OBJNAM":null,"QUASOU":"2","SOUACC":null,"TECSOU":null,"VALSOU":null,"VERDAT":null,"WATLEV":4,"INFORM":null,"SCAMIN":null,"SORDAT":"19991127","SORIND":"US,US,graph,Chart 18628","DSNM":"US5CA5FI.000","enc_service":"enc_harbour","enc_layer":"Underwater_Awash_Rock_point","enc_layer_id":34}},{"type":"Feature","id":863772,"geometry":{"type":"Point","coordinates":[-123.77876500000002,39.235479]},"properties":{"OBJECTID":863772,"OBJL":153,"EXPSOU":null,"NATSUR":null,"NATQUA":null,"OBJNAM":null,"QUASOU":"2","SOUACC":null,"TECSOU":null,"VALSOU":null,"VERDAT":null,"WATLEV":4,"INFORM":null,"SCAMIN":null,"SORDAT":"19991127","SORIND":"US,US,graph,Chart 18628","DSNM":"US5CA5FI.000","enc_service":"enc_harbour","enc_layer":"Underwater_Awash_Rock_point","enc_layer_id":34}},{"type":"Feature","id":863636,"geometry":{"type":"Point","coordinates":[-123.7781372,39.23017729999998]},"properties":{"OBJECTID":863636,"OBJL":153,"EXPSOU":1,"NATSUR":null,"NATQUA":null,"OBJNAM":null,"QUASOU":"6","SOUACC":null,"TECSOU":null,"VALSOU":9.4,"VERDAT":null,"WATLEV":3,"INFORM":null,"SCAMIN":null,"SORDAT":"201110","SORIND":"US,US,graph,Chart 18628","DSNM":"US5CA5FI.000","enc_service":"enc_harbour","enc_layer":"Underwater_Awash_Rock_point","enc_layer_id":34}},{"type":"Feature","id":863709,"geometry":{"type":"Point","coordinates":[-123.78179499999999,39.24519700000002]},"properties":{"OBJECTID":863709,"OBJL":153,"EXPSOU":null,"NATSUR":null,"NATQUA":null,"OBJNAM":null,"QUASOU":"2","SOUACC":null,"TECSOU":null,"VALSOU":null,"VERDAT":null,"WATLEV":3,"INFORM":null,"SCAMIN":null,"SORDAT":"19991127","SORIND":"US,US,graph,Chart 18628","DSNM":"US5CA5FI.000","enc_service":"enc_harbour","enc_layer":"Underwater_Awash_Rock_point","enc_layer_id":34}},{"type":"Feature","id":863715,"geometry":{"type":"Point","coordinates":[-123.78026,39.243066]},"properties":{"OBJECTID":863715,"OBJL":153,"EXPSOU":null,"NATSUR":null,"NATQUA":null,"OBJNAM":null,"QUASOU":"2","SOUACC":null,"TECSOU":null,"VALSOU":null,"VERDAT":null,"WATLEV":4,"INFORM":null,"SCAMIN":null,"SORDAT":"19991127","SORIND":"US,US,graph,Chart 18628","DSNM":"US5CA5FI.000","enc_service":"enc_harbour","enc_layer":"Underwater_Awash_Rock_point","enc_layer_id":34}},{"type":"Feature","id":863384,"geometry":{"type":"Point","coordinates":[-123.77471000000003,39.20091200000002]},"properties":{"OBJECTID":863384,"OBJL":153,"EXPSOU":null,"NATSUR":null,"NATQUA":null,"OBJNAM":null,"QUASOU":"2","SOUACC":null,"TECSOU":null,"VALSOU":null,"VERDAT":null,"WATLEV":3,"INFORM":null,"SCAMIN":null,"SORDAT":"20000916","SORIND":"US,US,graph,Chart 18626","DSNM":"US5CA5EI.000","enc_service":"enc_harbour","enc_layer":"Underwater_Awash_Rock_point","enc_layer_id":34}},{"type":"Feature","id":863559,"geometry":{"type":"Point","coordinates":[-123.770959,39.20014500000002]},"properties":{"OBJECTID":863559,"OBJL":153,"EXPSOU":null,"NATSUR":null,"NATQUA":null,"OBJNAM":null,"QUASOU":"2","SOUACC":null,"TECSOU":null,"VALSOU":null,"VERDAT":null,"WATLEV":4,"INFORM":null,"SCAMIN":null,"SORDAT":"20000916","SORIND":"US,US,graph,Chart 18626","DSNM":"US5CA5EI.000","enc_service":"enc_harbour","enc_layer":"Underwater_Awash_Rock_point","enc_layer_id":34}},{"type":"Feature","id":863555,"geometry":{"type":"Point","coordinates":[-123.76656860000003,39.19117610000001]},"properties":{"OBJECTID":863555,"OBJL":153,"EXPSOU":null,"NATSUR":null,"NATQUA":null,"OBJNAM":null,"QUASOU":"2","SOUACC":null,"TECSOU":null,"VALSOU":null,"VERDAT":null,"WATLEV":4,"INFORM":null,"SCAMIN":null,"SORDAT":"20000916","SORIND":"US,US,graph,Chart 18626","DSNM":"US5CA5EI.000","enc_service":"enc_harbour","enc_layer":"Underwater_Awash_Rock_point","enc_layer_id":34}},{"type":"Feature","id":863398,"geometry":{"type":"Point","coordinates":[-123.77521000000002,39.210532]},"properties":{"OBJECTID":863398,"OBJL":153,"EXPSOU":null,"NATSUR":null,"NATQUA":null,"OBJNAM":null,"QUASOU":"2","SOUACC":null,"TECSOU":null,"VALSOU":null,"VERDAT":null,"WATLEV":4,"INFORM":null,"SCAMIN":null,"SORDAT":"20000916","SORIND":"US,US,graph,Chart 18626","DSNM":"US5CA5EI.000","enc_service":"enc_harbour","enc_layer":"Underwater_Awash_Rock_point","enc_layer_id":34}},{"type":"Feature","id":863364,"geometry":{"type":"Point","coordinates":[-123.77484199999998,39.20478400000002]},"properties":{"OBJECTID":863364,"OBJL":153,"EXPSOU":null,"NATSUR":null,"NATQUA":null,"OBJNAM":null,"QUASOU":"2","SOUACC":null,"TECSOU":null,"VALSOU":null,"VERDAT":null,"WATLEV":4,"INFORM":null,"SCAMIN":null,"SORDAT":"20000916","SORIND":"US,US,graph,Chart 18626","DSNM":"US5CA5EI.000","enc_service":"enc_harbour","enc_layer":"Underwater_Awash_Rock_point","enc_layer_id":34}},{"type":"Feature","id":863377,"geometry":{"type":"Point","coordinates":[-123.77399400000002,39.20514700000001]},"properties":{"OBJECTID":863377,"OBJL":153,"EXPSOU":null,"NATSUR":null,"NATQUA":null,"OBJNAM":null,"QUASOU":"2","SOUACC":null,"TECSOU":null,"VALSOU":null,"VERDAT":null,"WATLEV":4,"INFORM":null,"SCAMIN":null,"SORDAT":"20000916","SORIND":"US,US,graph,Chart 18626","DSNM":"US5CA5EI.000","enc_service":"enc_harbour","enc_layer":"Underwater_Awash_Rock_point","enc_layer_id":34}},{"type":"Feature","id":863362,"geometry":{"type":"Point","coordinates":[-123.773909,39.204538000000014]},"properties":{"OBJECTID":863362,"OBJL":153,"EXPSOU":null,"NATSUR":null,"NATQUA":null,"OBJNAM":null,"QUASOU":"2","SOUACC":null,"TECSOU":null,"VALSOU":null,"VERDAT":null,"WATLEV":4,"INFORM":null,"SCAMIN":null,"SORDAT":"20000916","SORIND":"US,US,graph,Chart 18626","DSNM":"US5CA5EI.000","enc_service":"enc_harbour","enc_layer":"Underwater_Awash_Rock_point","enc_layer_id":34}},{"type":"Feature","id":863523,"geometry":{"type":"Point","coordinates":[-123.77445499999999,39.221811]},"properties":{"OBJECTID":863523,"OBJL":153,"EXPSOU":null,"NATSUR":null,"NATQUA":null,"OBJNAM":null,"QUASOU":"2","SOUACC":null,"TECSOU":null,"VALSOU":null,"VERDAT":null,"WATLEV":4,"INFORM":null,"SCAMIN":null,"SORDAT":"19991127","SORIND":"US,US,graph,Chart 18628","DSNM":"US5CA5EI.000","enc_service":"enc_harbour","enc_layer":"Underwater_Awash_Rock_point","enc_layer_id":34}},{"type":"Feature","id":863461,"geometry":{"type":"Point","coordinates":[-123.77422000000001,39.21839699999998]},"properties":{"OBJECTID":863461,"OBJL":153,"EXPSOU":null,"NATSUR":null,"NATQUA":null,"OBJNAM":null,"QUASOU":"2","SOUACC":null,"TECSOU":null,"VALSOU":null,"VERDAT":null,"WATLEV":4,"INFORM":null,"SCAMIN":null,"SORDAT":"19991127","SORIND":"US,US,graph,Chart 18628","DSNM":"US5CA5EI.000","enc_service":"enc_harbour","enc_layer":"Underwater_Awash_Rock_point","enc_layer_id":34}},{"type":"Feature","id":863449,"geometry":{"type":"Point","coordinates":[-123.77256299999999,39.219532000000015]},"properties":{"OBJECTID":863449,"OBJL":153,"EXPSOU":null,"NATSUR":null,"NATQUA":null,"OBJNAM":null,"QUASOU":"2","SOUACC":null,"TECSOU":null,"VALSOU":null,"VERDAT":null,"WATLEV":4,"INFORM":null,"SCAMIN":null,"SORDAT":"19991127","SORIND":"US,US,graph,Chart 18628","DSNM":"US5CA5EI.000","enc_service":"enc_harbour","enc_layer":"Underwater_Awash_Rock_point","enc_layer_id":34}},{"type":"Feature","id":863401,"geometry":{"type":"Point","coordinates":[-123.77214800000002,39.21497099999999]},"properties":{"OBJECTID":863401,"OBJL":153,"EXPSOU":null,"NATSUR":null,"NATQUA":null,"OBJNAM":null,"QUASOU":"2","SOUACC":null,"TECSOU":null,"VALSOU":null,"VERDAT":null,"WATLEV":4,"INFORM":null,"SCAMIN":null,"SORDAT":"19991127","SORIND":"US,US,graph,Chart 18628","DSNM":"US5CA5EI.000","enc_service":"enc_harbour","enc_layer":"Underwater_Awash_Rock_point","enc_layer_id":34}},{"type":"Feature","id":863805,"geometry":{"type":"Point","coordinates":[-123.77400399999999,39.228781000000026]},"properties":{"OBJECTID":863805,"OBJL":153,"EXPSOU":null,"NATSUR":null,"NATQUA":null,"OBJNAM":null,"QUASOU":"2","SOUACC":null,"TECSOU":null,"VALSOU":null,"VERDAT":null,"WATLEV":4,"INFORM":null,"SCAMIN":null,"SORDAT":"19991127","SORIND":"US,US,graph,Chart 18628","DSNM":"US5CA5FI.000","enc_service":"enc_harbour","enc_layer":"Underwater_Awash_Rock_point","enc_layer_id":34}},{"type":"Feature","id":863698,"geometry":{"type":"Point","coordinates":[-123.773751,39.22840200000002]},"properties":{"OBJECTID":863698,"OBJL":153,"EXPSOU":null,"NATSUR":null,"NATQUA":null,"OBJNAM":null,"QUASOU":"2","SOUACC":null,"TECSOU":null,"VALSOU":null,"VERDAT":null,"WATLEV":4,"INFORM":null,"SCAMIN":null,"SORDAT":"19991127","SORIND":"US,US,graph,Chart 18628","DSNM":"US5CA5FI.000","enc_service":"enc_harbour","enc_layer":"Underwater_Awash_Rock_point","enc_layer_id":34}},{"type":"Feature","id":863367,"geometry":{"type":"Point","coordinates":[-123.76039070000002,39.17293960000001]},"properties":{"OBJECTID":863367,"OBJL":153,"EXPSOU":2,"NATSUR":null,"NATQUA":null,"OBJNAM":null,"QUASOU":"6","SOUACC":null,"TECSOU":null,"VALSOU":4.8,"VERDAT":null,"WATLEV":3,"INFORM":null,"SCAMIN":null,"SORDAT":"20000916","SORIND":"US,US,graph,Chart 18626","DSNM":"US5CA5EI.000","enc_service":"enc_harbour","enc_layer":"Underwater_Awash_Rock_point","enc_layer_id":34}},{"type":"Feature","id":863127,"geometry":{"type":"Point","coordinates":[-123.74133230000001,39.14555589999998]},"properties":{"OBJECTID":863127,"OBJL":153,"EXPSOU":1,"NATSUR":null,"NATQUA":null,"OBJNAM":null,"QUASOU":"6","SOUACC":null,"TECSOU":null,"VALSOU":7,"VERDAT":null,"WATLEV":3,"INFORM":null,"SCAMIN":null,"SORDAT":"201112","SORIND":"US,US,graph,Chart 18626","DSNM":"US5CA5DJ.000","enc_service":"enc_harbour","enc_layer":"Underwater_Awash_Rock_point","enc_layer_id":34}},{"type":"Feature","id":863575,"geometry":{"type":"Point","coordinates":[-123.74309899999997,39.165659000000005]},"properties":{"OBJECTID":863575,"OBJL":153,"EXPSOU":null,"NATSUR":null,"NATQUA":null,"OBJNAM":null,"QUASOU":"2","SOUACC":null,"TECSOU":null,"VALSOU":null,"VERDAT":null,"WATLEV":3,"INFORM":null,"SCAMIN":null,"SORDAT":"20000916","SORIND":"US,US,graph,Chart 18626","DSNM":"US5CA5EJ.000","enc_service":"enc_harbour","enc_layer":"Underwater_Awash_Rock_point","enc_layer_id":34}},{"type":"Feature","id":863739,"geometry":{"type":"Point","coordinates":[-123.78622999999999,39.225737700000025]},"properties":{"OBJECTID":863739,"OBJL":153,"EXPSOU":1,"NATSUR":null,"NATQUA":null,"OBJNAM":null,"QUASOU":"6","SOUACC":null,"TECSOU":null,"VALSOU":13.4,"VERDAT":null,"WATLEV":3,"INFORM":null,"SCAMIN":null,"SORDAT":"201110","SORIND":"US,US,graph,Chart 18628","DSNM":"US5CA5FI.000","enc_service":"enc_harbour","enc_layer":"Underwater_Awash_Rock_point","enc_layer_id":34}},{"type":"Feature","id":863542,"geometry":{"type":"Point","coordinates":[-123.7816176,39.21951790000003]},"properties":{"OBJECTID":863542,"OBJL":153,"EXPSOU":1,"NATSUR":null,"NATQUA":null,"OBJNAM":null,"QUASOU":"6","SOUACC":null,"TECSOU":null,"VALSOU":13.1,"VERDAT":null,"WATLEV":3,"INFORM":null,"SCAMIN":null,"SORDAT":"19991127","SORIND":"US,US,graph,Chart 18628","DSNM":"US5CA5EI.000","enc_service":"enc_harbour","enc_layer":"Underwater_Awash_Rock_point","enc_layer_id":34}},{"type":"Feature","id":863482,"geometry":{"type":"Point","coordinates":[-123.779336,39.22425800000002]},"properties":{"OBJECTID":863482,"OBJL":153,"EXPSOU":null,"NATSUR":null,"NATQUA":null,"OBJNAM":null,"QUASOU":"2","SOUACC":null,"TECSOU":null,"VALSOU":null,"VERDAT":null,"WATLEV":4,"INFORM":null,"SCAMIN":null,"SORDAT":"19991127","SORIND":"US,US,graph,Chart 18628","DSNM":"US5CA5EI.000","enc_service":"enc_harbour","enc_layer":"Underwater_Awash_Rock_point","enc_layer_id":34}},{"type":"Feature","id":863404,"geometry":{"type":"Point","coordinates":[-123.77832799999999,39.224121000000025]},"properties":{"OBJECTID":863404,"OBJL":153,"EXPSOU":null,"NATSUR":null,"NATQUA":null,"OBJNAM":null,"QUASOU":"2","SOUACC":null,"TECSOU":null,"VALSOU":null,"VERDAT":null,"WATLEV":4,"INFORM":null,"SCAMIN":null,"SORDAT":"19991127","SORIND":"US,US,graph,Chart 18628","DSNM":"US5CA5EI.000","enc_service":"enc_harbour","enc_layer":"Underwater_Awash_Rock_point","enc_layer_id":34}},{"type":"Feature","id":863556,"geometry":{"type":"Point","coordinates":[-123.77740299999999,39.223652000000016]},"properties":{"OBJECTID":863556,"OBJL":153,"EXPSOU":null,"NATSUR":null,"NATQUA":null,"OBJNAM":null,"QUASOU":"2","SOUACC":null,"TECSOU":null,"VALSOU":null,"VERDAT":null,"WATLEV":4,"INFORM":null,"SCAMIN":null,"SORDAT":"19991127","SORIND":"US,US,graph,Chart 18628","DSNM":"US5CA5EI.000","enc_service":"enc_harbour","enc_layer":"Underwater_Awash_Rock_point","enc_layer_id":34}},{"type":"Feature","id":863358,"geometry":{"type":"Point","coordinates":[-123.77676300000002,39.21496100000002]},"properties":{"OBJECTID":863358,"OBJL":153,"EXPSOU":null,"NATSUR":null,"NATQUA":null,"OBJNAM":null,"QUASOU":"2","SOUACC":null,"TECSOU":null,"VALSOU":null,"VERDAT":null,"WATLEV":4,"INFORM":null,"SCAMIN":null,"SORDAT":"19991127","SORIND":"US,US,graph,Chart 18628","DSNM":"US5CA5EI.000","enc_service":"enc_harbour","enc_layer":"Underwater_Awash_Rock_point","enc_layer_id":34}},{"type":"Feature","id":863395,"geometry":{"type":"Point","coordinates":[-123.776745,39.22237799999999]},"properties":{"OBJECTID":863395,"OBJL":153,"EXPSOU":null,"NATSUR":null,"NATQUA":null,"OBJNAM":null,"QUASOU":"2","SOUACC":null,"TECSOU":null,"VALSOU":null,"VERDAT":null,"WATLEV":4,"INFORM":null,"SCAMIN":null,"SORDAT":"19991127","SORIND":"US,US,graph,Chart 18628","DSNM":"US5CA5EI.000","enc_service":"enc_harbour","enc_layer":"Underwater_Awash_Rock_point","enc_layer_id":34}},{"type":"Feature","id":863558,"geometry":{"type":"Point","coordinates":[-123.7766001,39.222233200000005]},"properties":{"OBJECTID":863558,"OBJL":153,"EXPSOU":null,"NATSUR":null,"NATQUA":null,"OBJNAM":null,"QUASOU":"2","SOUACC":null,"TECSOU":null,"VALSOU":null,"VERDAT":null,"WATLEV":4,"INFORM":null,"SCAMIN":null,"SORDAT":"19991127","SORIND":"US,US,graph,Chart 18628","DSNM":"US5CA5EI.000","enc_service":"enc_harbour","enc_layer":"Underwater_Awash_Rock_point","enc_layer_id":34}},{"type":"Feature","id":863413,"geometry":{"type":"Point","coordinates":[-123.775844,39.21459299999998]},"properties":{"OBJECTID":863413,"OBJL":153,"EXPSOU":null,"NATSUR":null,"NATQUA":null,"OBJNAM":null,"QUASOU":"2","SOUACC":null,"TECSOU":null,"VALSOU":null,"VERDAT":null,"WATLEV":4,"INFORM":null,"SCAMIN":null,"SORDAT":"19991127","SORIND":"US,US,graph,Chart 18628","DSNM":"US5CA5EI.000","enc_service":"enc_harbour","enc_layer":"Underwater_Awash_Rock_point","enc_layer_id":34}},{"type":"Feature","id":863673,"geometry":{"type":"Point","coordinates":[-123.78463299999999,39.230953]},"properties":{"OBJECTID":863673,"OBJL":153,"EXPSOU":null,"NATSUR":null,"NATQUA":null,"OBJNAM":null,"QUASOU":"2","SOUACC":null,"TECSOU":null,"VALSOU":null,"VERDAT":null,"WATLEV":4,"INFORM":null,"SCAMIN":null,"SORDAT":"19991127","SORIND":"US,US,graph,Chart 18628","DSNM":"US5CA5FI.000","enc_service":"enc_harbour","enc_layer":"Underwater_Awash_Rock_point","enc_layer_id":34}},{"type":"Feature","id":863678,"geometry":{"type":"Point","coordinates":[-123.78435000000002,39.230591000000004]},"properties":{"OBJECTID":863678,"OBJL":153,"EXPSOU":null,"NATSUR":null,"NATQUA":null,"OBJNAM":null,"QUASOU":"2","SOUACC":null,"TECSOU":null,"VALSOU":null,"VERDAT":null,"WATLEV":4,"INFORM":null,"SCAMIN":null,"SORDAT":"19991127","SORIND":"US,US,graph,Chart 18628","DSNM":"US5CA5FI.000","enc_service":"enc_harbour","enc_layer":"Underwater_Awash_Rock_point","enc_layer_id":34}},{"type":"Feature","id":863662,"geometry":{"type":"Point","coordinates":[-123.78119199999998,39.23344700000001]},"properties":{"OBJECTID":863662,"OBJL":153,"EXPSOU":null,"NATSUR":null,"NATQUA":null,"OBJNAM":null,"QUASOU":"2","SOUACC":null,"TECSOU":null,"VALSOU":null,"VERDAT":null,"WATLEV":4,"INFORM":null,"SCAMIN":null,"SORDAT":"19991127","SORIND":"US,US,graph,Chart 18628","DSNM":"US5CA5FI.000","enc_service":"enc_harbour","enc_layer":"Underwater_Awash_Rock_point","enc_layer_id":34}},{"type":"Feature","id":863803,"geometry":{"type":"Point","coordinates":[-123.78014100000001,39.23500799999999]},"properties":{"OBJECTID":863803,"OBJL":153,"EXPSOU":null,"NATSUR":null,"NATQUA":null,"OBJNAM":null,"QUASOU":"2","SOUACC":null,"TECSOU":null,"VALSOU":null,"VERDAT":null,"WATLEV":4,"INFORM":null,"SCAMIN":null,"SORDAT":"19991127","SORIND":"US,US,graph,Chart 18628","DSNM":"US5CA5FI.000","enc_service":"enc_harbour","enc_layer":"Underwater_Awash_Rock_point","enc_layer_id":34}},{"type":"Feature","id":863661,"geometry":{"type":"Point","coordinates":[-123.78010499999999,39.23396500000001]},"properties":{"OBJECTID":863661,"OBJL":153,"EXPSOU":null,"NATSUR":null,"NATQUA":null,"OBJNAM":null,"QUASOU":"2","SOUACC":null,"TECSOU":null,"VALSOU":null,"VERDAT":null,"WATLEV":4,"INFORM":null,"SCAMIN":null,"SORDAT":"19991127","SORIND":"US,US,graph,Chart 18628","DSNM":"US5CA5FI.000","enc_service":"enc_harbour","enc_layer":"Underwater_Awash_Rock_point","enc_layer_id":34}},{"type":"Feature","id":863774,"geometry":{"type":"Point","coordinates":[-123.779651,39.23634900000002]},"properties":{"OBJECTID":863774,"OBJL":153,"EXPSOU":null,"NATSUR":null,"NATQUA":null,"OBJNAM":null,"QUASOU":"2","SOUACC":null,"TECSOU":null,"VALSOU":null,"VERDAT":null,"WATLEV":4,"INFORM":null,"SCAMIN":null,"SORDAT":"19991127","SORIND":"US,US,graph,Chart 18628","DSNM":"US5CA5FI.000","enc_service":"enc_harbour","enc_layer":"Underwater_Awash_Rock_point","enc_layer_id":34}},{"type":"Feature","id":863747,"geometry":{"type":"Point","coordinates":[-123.77941399999997,39.23538500000001]},"properties":{"OBJECTID":863747,"OBJL":153,"EXPSOU":null,"NATSUR":null,"NATQUA":null,"OBJNAM":null,"QUASOU":"2","SOUACC":null,"TECSOU":null,"VALSOU":null,"VERDAT":null,"WATLEV":4,"INFORM":null,"SCAMIN":null,"SORDAT":"19991127","SORIND":"US,US,graph,Chart 18628","DSNM":"US5CA5FI.000","enc_service":"enc_harbour","enc_layer":"Underwater_Awash_Rock_point","enc_layer_id":34}},{"type":"Feature","id":863745,"geometry":{"type":"Point","coordinates":[-123.77937300000002,39.23384900000002]},"properties":{"OBJECTID":863745,"OBJL":153,"EXPSOU":null,"NATSUR":null,"NATQUA":null,"OBJNAM":null,"QUASOU":"2","SOUACC":null,"TECSOU":null,"VALSOU":null,"VERDAT":null,"WATLEV":4,"INFORM":null,"SCAMIN":null,"SORDAT":"19991127","SORIND":"US,US,graph,Chart 18628","DSNM":"US5CA5FI.000","enc_service":"enc_harbour","enc_layer":"Underwater_Awash_Rock_point","enc_layer_id":34}},{"type":"Feature","id":863668,"geometry":{"type":"Point","coordinates":[-123.77907199999999,39.235510999999974]},"properties":{"OBJECTID":863668,"OBJL":153,"EXPSOU":null,"NATSUR":null,"NATQUA":null,"OBJNAM":null,"QUASOU":"2","SOUACC":null,"TECSOU":null,"VALSOU":null,"VERDAT":null,"WATLEV":4,"INFORM":null,"SCAMIN":null,"SORDAT":"19991127","SORIND":"US,US,graph,Chart 18628","DSNM":"US5CA5FI.000","enc_service":"enc_harbour","enc_layer":"Underwater_Awash_Rock_point","enc_layer_id":34}},{"type":"Feature","id":863651,"geometry":{"type":"Point","coordinates":[-123.778573,39.230485999999985]},"properties":{"OBJECTID":863651,"OBJL":153,"EXPSOU":null,"NATSUR":null,"NATQUA":null,"OBJNAM":null,"QUASOU":"2","SOUACC":null,"TECSOU":null,"VALSOU":null,"VERDAT":null,"WATLEV":4,"INFORM":null,"SCAMIN":null,"SORDAT":"19991127","SORIND":"US,US,graph,Chart 18628","DSNM":"US5CA5FI.000","enc_service":"enc_harbour","enc_layer":"Underwater_Awash_Rock_point","enc_layer_id":34}},{"type":"Feature","id":863792,"geometry":{"type":"Point","coordinates":[-123.77639399999998,39.230278999999996]},"properties":{"OBJECTID":863792,"OBJL":153,"EXPSOU":null,"NATSUR":null,"NATQUA":null,"OBJNAM":null,"QUASOU":"2","SOUACC":null,"TECSOU":null,"VALSOU":null,"VERDAT":null,"WATLEV":4,"INFORM":null,"SCAMIN":null,"SORDAT":"19991127","SORIND":"US,US,graph,Chart 18628","DSNM":"US5CA5FI.000","enc_service":"enc_harbour","enc_layer":"Underwater_Awash_Rock_point","enc_layer_id":34}},{"type":"Feature","id":863707,"geometry":{"type":"Point","coordinates":[-123.78294899999997,39.24901299999999]},"properties":{"OBJECTID":863707,"OBJL":153,"EXPSOU":null,"NATSUR":null,"NATQUA":null,"OBJNAM":null,"QUASOU":"2","SOUACC":null,"TECSOU":null,"VALSOU":null,"VERDAT":null,"WATLEV":4,"INFORM":null,"SCAMIN":null,"SORDAT":"19991127","SORIND":"US,US,graph,Chart 18628","DSNM":"US5CA5FI.000","enc_service":"enc_harbour","enc_layer":"Underwater_Awash_Rock_point","enc_layer_id":34}},{"type":"Feature","id":863629,"geometry":{"type":"Point","coordinates":[-123.782401,39.248174000000006]},"properties":{"OBJECTID":863629,"OBJL":153,"EXPSOU":null,"NATSUR":null,"NATQUA":null,"OBJNAM":null,"QUASOU":"2","SOUACC":null,"TECSOU":null,"VALSOU":null,"VERDAT":null,"WATLEV":4,"INFORM":null,"SCAMIN":null,"SORDAT":"19991127","SORIND":"US,US,graph,Chart 18628","DSNM":"US5CA5FI.000","enc_service":"enc_harbour","enc_layer":"Underwater_Awash_Rock_point","enc_layer_id":34}},{"type":"Feature","id":863642,"geometry":{"type":"Point","coordinates":[-123.782063,39.245104000000026]},"properties":{"OBJECTID":863642,"OBJL":153,"EXPSOU":null,"NATSUR":null,"NATQUA":null,"OBJNAM":null,"QUASOU":"2","SOUACC":null,"TECSOU":null,"VALSOU":null,"VERDAT":null,"WATLEV":4,"INFORM":null,"SCAMIN":null,"SORDAT":"19991127","SORIND":"US,US,graph,Chart 18628","DSNM":"US5CA5FI.000","enc_service":"enc_harbour","enc_layer":"Underwater_Awash_Rock_point","enc_layer_id":34}},{"type":"Feature","id":863783,"geometry":{"type":"Point","coordinates":[-123.780437,39.24245400000001]},"properties":{"OBJECTID":863783,"OBJL":153,"EXPSOU":null,"NATSUR":null,"NATQUA":null,"OBJNAM":null,"QUASOU":"2","SOUACC":null,"TECSOU":null,"VALSOU":null,"VERDAT":null,"WATLEV":3,"INFORM":null,"SCAMIN":null,"SORDAT":"19991127","SORIND":"US,US,graph,Chart 18628","DSNM":"US5CA5FI.000","enc_service":"enc_harbour","enc_layer":"Underwater_Awash_Rock_point","enc_layer_id":34}},{"type":"Feature","id":863810,"geometry":{"type":"Point","coordinates":[-123.78028799999998,39.242786000000024]},"properties":{"OBJECTID":863810,"OBJL":153,"EXPSOU":null,"NATSUR":null,"NATQUA":null,"OBJNAM":null,"QUASOU":"2","SOUACC":null,"TECSOU":null,"VALSOU":null,"VERDAT":null,"WATLEV":4,"INFORM":null,"SCAMIN":null,"SORDAT":"19991127","SORIND":"US,US,graph,Chart 18628","DSNM":"US5CA5FI.000","enc_service":"enc_harbour","enc_layer":"Underwater_Awash_Rock_point","enc_layer_id":34}},{"type":"Feature","id":863712,"geometry":{"type":"Point","coordinates":[-123.78013399999998,39.243832]},"properties":{"OBJECTID":863712,"OBJL":153,"EXPSOU":null,"NATSUR":null,"NATQUA":null,"OBJNAM":null,"QUASOU":"2","SOUACC":null,"TECSOU":null,"VALSOU":null,"VERDAT":null,"WATLEV":4,"INFORM":null,"SCAMIN":null,"SORDAT":"19991127","SORIND":"US,US,graph,Chart 18628","DSNM":"US5CA5FI.000","enc_service":"enc_harbour","enc_layer":"Underwater_Awash_Rock_point","enc_layer_id":34}},{"type":"Feature","id":863741,"geometry":{"type":"Point","coordinates":[-123.779762,39.24119999999999]},"properties":{"OBJECTID":863741,"OBJL":153,"EXPSOU":null,"NATSUR":null,"NATQUA":null,"OBJNAM":null,"QUASOU":"2","SOUACC":null,"TECSOU":null,"VALSOU":null,"VERDAT":null,"WATLEV":4,"INFORM":null,"SCAMIN":null,"SORDAT":"19991127","SORIND":"US,US,graph,Chart 18628","DSNM":"US5CA5FI.000","enc_service":"enc_harbour","enc_layer":"Underwater_Awash_Rock_point","enc_layer_id":34}},{"type":"Feature","id":863595,"geometry":{"type":"Point","coordinates":[-123.779583,39.23935899999998]},"properties":{"OBJECTID":863595,"OBJL":153,"EXPSOU":null,"NATSUR":null,"NATQUA":null,"OBJNAM":null,"QUASOU":"2","SOUACC":null,"TECSOU":null,"VALSOU":null,"VERDAT":null,"WATLEV":3,"INFORM":null,"SCAMIN":null,"SORDAT":"19991127","SORIND":"US,US,graph,Chart 18628","DSNM":"US5CA5FI.000","enc_service":"enc_harbour","enc_layer":"Underwater_Awash_Rock_point","enc_layer_id":34}},{"type":"Feature","id":863597,"geometry":{"type":"Point","coordinates":[-123.778343,39.23911099999998]},"properties":{"OBJECTID":863597,"OBJL":153,"EXPSOU":null,"NATSUR":null,"NATQUA":null,"OBJNAM":null,"QUASOU":"2","SOUACC":null,"TECSOU":null,"VALSOU":null,"VERDAT":null,"WATLEV":4,"INFORM":null,"SCAMIN":null,"SORDAT":"19991127","SORIND":"US,US,graph,Chart 18628","DSNM":"US5CA5FI.000","enc_service":"enc_harbour","enc_layer":"Underwater_Awash_Rock_point","enc_layer_id":34}},{"type":"Feature","id":863594,"geometry":{"type":"Point","coordinates":[-123.77669200000003,39.24053199999997]},"properties":{"OBJECTID":863594,"OBJL":153,"EXPSOU":null,"NATSUR":null,"NATQUA":null,"OBJNAM":null,"QUASOU":"2","SOUACC":null,"TECSOU":null,"VALSOU":null,"VERDAT":null,"WATLEV":4,"INFORM":null,"SCAMIN":null,"SORDAT":"19991127","SORIND":"US,US,graph,Chart 18628","DSNM":"US5CA5FI.000","enc_service":"enc_harbour","enc_layer":"Underwater_Awash_Rock_point","enc_layer_id":34}},{"type":"Feature","id":863390,"geometry":{"type":"Point","coordinates":[-123.77365900000001,39.200559999999996]},"properties":{"OBJECTID":863390,"OBJL":153,"EXPSOU":null,"NATSUR":null,"NATQUA":null,"OBJNAM":null,"QUASOU":"2","SOUACC":null,"TECSOU":null,"VALSOU":null,"VERDAT":null,"WATLEV":4,"INFORM":null,"SCAMIN":null,"SORDAT":"20000916","SORIND":"US,US,graph,Chart 18626","DSNM":"US5CA5EI.000","enc_service":"enc_harbour","enc_layer":"Underwater_Awash_Rock_point","enc_layer_id":34}},{"type":"Feature","id":863365,"geometry":{"type":"Point","coordinates":[-123.77213060000003,39.19305830000002]},"properties":{"OBJECTID":863365,"OBJL":153,"EXPSOU":2,"NATSUR":null,"NATQUA":null,"OBJNAM":null,"QUASOU":"6","SOUACC":null,"TECSOU":null,"VALSOU":3.9,"VERDAT":null,"WATLEV":3,"INFORM":null,"SCAMIN":null,"SORDAT":"20090901","SORIND":"US,US,reprt,L-1820/09","DSNM":"US5CA5EI.000","enc_service":"enc_harbour","enc_layer":"Underwater_Awash_Rock_point","enc_layer_id":34}},{"type":"Feature","id":863553,"geometry":{"type":"Point","coordinates":[-123.76878599999998,39.19381600000003]},"properties":{"OBJECTID":863553,"OBJL":153,"EXPSOU":null,"NATSUR":null,"NATQUA":null,"OBJNAM":null,"QUASOU":"2","SOUACC":null,"TECSOU":null,"VALSOU":null,"VERDAT":null,"WATLEV":4,"INFORM":null,"SCAMIN":null,"SORDAT":"20000916","SORIND":"US,US,graph,Chart 18626","DSNM":"US5CA5EI.000","enc_service":"enc_harbour","enc_layer":"Underwater_Awash_Rock_point","enc_layer_id":34}},{"type":"Feature","id":863361,"geometry":{"type":"Point","coordinates":[-123.77448399999997,39.20896299999998]},"properties":{"OBJECTID":863361,"OBJL":153,"EXPSOU":null,"NATSUR":null,"NATQUA":null,"OBJNAM":null,"QUASOU":"2","SOUACC":null,"TECSOU":null,"VALSOU":null,"VERDAT":null,"WATLEV":4,"INFORM":null,"SCAMIN":null,"SORDAT":"20000916","SORIND":"US,US,graph,Chart 18626","DSNM":"US5CA5EI.000","enc_service":"enc_harbour","enc_layer":"Underwater_Awash_Rock_point","enc_layer_id":34}},{"type":"Feature","id":863525,"geometry":{"type":"Point","coordinates":[-123.77534400000002,39.221168999999975]},"properties":{"OBJECTID":863525,"OBJL":153,"EXPSOU":null,"NATSUR":null,"NATQUA":null,"OBJNAM":null,"QUASOU":"2","SOUACC":null,"TECSOU":null,"VALSOU":null,"VERDAT":null,"WATLEV":4,"INFORM":null,"SCAMIN":null,"SORDAT":"19991127","SORIND":"US,US,graph,Chart 18628","DSNM":"US5CA5EI.000","enc_service":"enc_harbour","enc_layer":"Underwater_Awash_Rock_point","enc_layer_id":34}},{"type":"Feature","id":863414,"geometry":{"type":"Point","coordinates":[-123.77506299999999,39.219367999999974]},"properties":{"OBJECTID":863414,"OBJL":153,"EXPSOU":null,"NATSUR":null,"NATQUA":null,"OBJNAM":null,"QUASOU":"2","SOUACC":null,"TECSOU":null,"VALSOU":null,"VERDAT":null,"WATLEV":4,"INFORM":null,"SCAMIN":null,"SORDAT":"19991127","SORIND":"US,US,graph,Chart 18628","DSNM":"US5CA5EI.000","enc_service":"enc_harbour","enc_layer":"Underwater_Awash_Rock_point","enc_layer_id":34}},{"type":"Feature","id":863464,"geometry":{"type":"Point","coordinates":[-123.77463499999999,39.21865200000002]},"properties":{"OBJECTID":863464,"OBJL":153,"EXPSOU":null,"NATSUR":null,"NATQUA":null,"OBJNAM":null,"QUASOU":"2","SOUACC":null,"TECSOU":null,"VALSOU":null,"VERDAT":null,"WATLEV":4,"INFORM":null,"SCAMIN":null,"SORDAT":"19991127","SORIND":"US,US,graph,Chart 18628","DSNM":"US5CA5EI.000","enc_service":"enc_harbour","enc_layer":"Underwater_Awash_Rock_point","enc_layer_id":34}},{"type":"Feature","id":863463,"geometry":{"type":"Point","coordinates":[-123.77435000000003,39.218638999999996]},"properties":{"OBJECTID":863463,"OBJL":153,"EXPSOU":null,"NATSUR":null,"NATQUA":null,"OBJNAM":null,"QUASOU":"2","SOUACC":null,"TECSOU":null,"VALSOU":null,"VERDAT":null,"WATLEV":4,"INFORM":null,"SCAMIN":null,"SORDAT":"19991127","SORIND":"US,US,graph,Chart 18628","DSNM":"US5CA5EI.000","enc_service":"enc_harbour","enc_layer":"Underwater_Awash_Rock_point","enc_layer_id":34}},{"type":"Feature","id":863537,"geometry":{"type":"Point","coordinates":[-123.77389099999999,39.218969000000016]},"properties":{"OBJECTID":863537,"OBJL":153,"EXPSOU":1,"NATSUR":null,"NATQUA":null,"OBJNAM":null,"QUASOU":"6","SOUACC":null,"TECSOU":null,"VALSOU":3.3000000000000003,"VERDAT":null,"WATLEV":3,"INFORM":null,"SCAMIN":null,"SORDAT":"201110","SORIND":"US,US,graph,Chart 18628","DSNM":"US5CA5EI.000","enc_service":"enc_harbour","enc_layer":"Underwater_Awash_Rock_point","enc_layer_id":34}},{"type":"Feature","id":863447,"geometry":{"type":"Point","coordinates":[-123.77348599999999,39.220799]},"properties":{"OBJECTID":863447,"OBJL":153,"EXPSOU":null,"NATSUR":null,"NATQUA":null,"OBJNAM":null,"QUASOU":"2","SOUACC":null,"TECSOU":null,"VALSOU":null,"VERDAT":null,"WATLEV":4,"INFORM":null,"SCAMIN":null,"SORDAT":"19991127","SORIND":"US,US,graph,Chart 18628","DSNM":"US5CA5EI.000","enc_service":"enc_harbour","enc_layer":"Underwater_Awash_Rock_point","enc_layer_id":34}},{"type":"Feature","id":863427,"geometry":{"type":"Point","coordinates":[-123.77339699999999,39.218249000000014]},"properties":{"OBJECTID":863427,"OBJL":153,"EXPSOU":null,"NATSUR":null,"NATQUA":null,"OBJNAM":null,"QUASOU":"2","SOUACC":null,"TECSOU":null,"VALSOU":null,"VERDAT":null,"WATLEV":4,"INFORM":null,"SCAMIN":null,"SORDAT":"19991127","SORIND":"US,US,graph,Chart 18628","DSNM":"US5CA5EI.000","enc_service":"enc_harbour","enc_layer":"Underwater_Awash_Rock_point","enc_layer_id":34}},{"type":"Feature","id":863444,"geometry":{"type":"Point","coordinates":[-123.77329099999997,39.22067099999998]},"properties":{"OBJECTID":863444,"OBJL":153,"EXPSOU":null,"NATSUR":null,"NATQUA":null,"OBJNAM":null,"QUASOU":"2","SOUACC":null,"TECSOU":null,"VALSOU":null,"VERDAT":null,"WATLEV":4,"INFORM":null,"SCAMIN":null,"SORDAT":"19991127","SORIND":"US,US,graph,Chart 18628","DSNM":"US5CA5EI.000","enc_service":"enc_harbour","enc_layer":"Underwater_Awash_Rock_point","enc_layer_id":34}},{"type":"Feature","id":863429,"geometry":{"type":"Point","coordinates":[-123.77277500000002,39.218434]},"properties":{"OBJECTID":863429,"OBJL":153,"EXPSOU":null,"NATSUR":null,"NATQUA":null,"OBJNAM":null,"QUASOU":"2","SOUACC":null,"TECSOU":null,"VALSOU":null,"VERDAT":null,"WATLEV":4,"INFORM":null,"SCAMIN":null,"SORDAT":"19991127","SORIND":"US,US,graph,Chart 18628","DSNM":"US5CA5EI.000","enc_service":"enc_harbour","enc_layer":"Underwater_Awash_Rock_point","enc_layer_id":34}},{"type":"Feature","id":863458,"geometry":{"type":"Point","coordinates":[-123.77276899999998,39.21872300000001]},"properties":{"OBJECTID":863458,"OBJL":153,"EXPSOU":null,"NATSUR":null,"NATQUA":null,"OBJNAM":null,"QUASOU":"2","SOUACC":null,"TECSOU":null,"VALSOU":null,"VERDAT":null,"WATLEV":4,"INFORM":null,"SCAMIN":null,"SORDAT":"19991127","SORIND":"US,US,graph,Chart 18628","DSNM":"US5CA5EI.000","enc_service":"enc_harbour","enc_layer":"Underwater_Awash_Rock_point","enc_layer_id":34}},{"type":"Feature","id":863418,"geometry":{"type":"Point","coordinates":[-123.77276699999999,39.21801499999998]},"properties":{"OBJECTID":863418,"OBJL":153,"EXPSOU":null,"NATSUR":null,"NATQUA":null,"OBJNAM":null,"QUASOU":"2","SOUACC":null,"TECSOU":null,"VALSOU":null,"VERDAT":null,"WATLEV":4,"INFORM":null,"SCAMIN":null,"SORDAT":"19991127","SORIND":"US,US,graph,Chart 18628","DSNM":"US5CA5EI.000","enc_service":"enc_harbour","enc_layer":"Underwater_Awash_Rock_point","enc_layer_id":34}},{"type":"Feature","id":863412,"geometry":{"type":"Point","coordinates":[-123.77194700000001,39.217431999999974]},"properties":{"OBJECTID":863412,"OBJL":153,"EXPSOU":null,"NATSUR":null,"NATQUA":null,"OBJNAM":null,"QUASOU":"2","SOUACC":null,"TECSOU":null,"VALSOU":null,"VERDAT":null,"WATLEV":4,"INFORM":null,"SCAMIN":null,"SORDAT":"19991127","SORIND":"US,US,graph,Chart 18628","DSNM":"US5CA5EI.000","enc_service":"enc_harbour","enc_layer":"Underwater_Awash_Rock_point","enc_layer_id":34}},{"type":"Feature","id":863515,"geometry":{"type":"Point","coordinates":[-123.76137799999998,39.18516199999999]},"properties":{"OBJECTID":863515,"OBJL":153,"EXPSOU":null,"NATSUR":null,"NATQUA":null,"OBJNAM":null,"QUASOU":"2","SOUACC":null,"TECSOU":null,"VALSOU":null,"VERDAT":null,"WATLEV":4,"INFORM":null,"SCAMIN":null,"SORDAT":"20000916","SORIND":"US,US,graph,Chart 18626","DSNM":"US5CA5EI.000","enc_service":"enc_harbour","enc_layer":"Underwater_Awash_Rock_point","enc_layer_id":34}},{"type":"Feature","id":863545,"geometry":{"type":"Point","coordinates":[-123.75707599999998,39.18391500000001]},"properties":{"OBJECTID":863545,"OBJL":153,"EXPSOU":null,"NATSUR":null,"NATQUA":null,"OBJNAM":null,"QUASOU":"2","SOUACC":null,"TECSOU":null,"VALSOU":null,"VERDAT":null,"WATLEV":4,"INFORM":null,"SCAMIN":null,"SORDAT":"20000916","SORIND":"US,US,graph,Chart 18626","DSNM":"US5CA5EI.000","enc_service":"enc_harbour","enc_layer":"Underwater_Awash_Rock_point","enc_layer_id":34}},{"type":"Feature","id":863513,"geometry":{"type":"Point","coordinates":[-123.75609600000001,39.18153799999999]},"properties":{"OBJECTID":863513,"OBJL":153,"EXPSOU":null,"NATSUR":null,"NATQUA":null,"OBJNAM":null,"QUASOU":"2","SOUACC":null,"TECSOU":null,"VALSOU":null,"VERDAT":null,"WATLEV":4,"INFORM":null,"SCAMIN":null,"SORDAT":"20000916","SORIND":"US,US,graph,Chart 18626","DSNM":"US5CA5EI.000","enc_service":"enc_harbour","enc_layer":"Underwater_Awash_Rock_point","enc_layer_id":34}},{"type":"Feature","id":863285,"geometry":{"type":"Point","coordinates":[-123.7408959,39.14167309999999]},"properties":{"OBJECTID":863285,"OBJL":153,"EXPSOU":null,"NATSUR":null,"NATQUA":null,"OBJNAM":null,"QUASOU":"2","SOUACC":null,"TECSOU":null,"VALSOU":null,"VERDAT":null,"WATLEV":4,"INFORM":null,"SCAMIN":null,"SORDAT":"20000916","SORIND":"US,US,graph,Chart 18626","DSNM":"US5CA5DJ.000","enc_service":"enc_harbour","enc_layer":"Underwater_Awash_Rock_point","enc_layer_id":34}},{"type":"Feature","id":863086,"geometry":{"type":"Point","coordinates":[-123.7414647,39.14404780000001]},"properties":{"OBJECTID":863086,"OBJL":153,"EXPSOU":1,"NATSUR":null,"NATQUA":null,"OBJNAM":null,"QUASOU":"6","SOUACC":null,"TECSOU":null,"VALSOU":6.7,"VERDAT":null,"WATLEV":3,"INFORM":null,"SCAMIN":null,"SORDAT":"20000916","SORIND":"US,US,graph,Chart 18626","DSNM":"US5CA5DJ.000","enc_service":"enc_harbour","enc_layer":"Underwater_Awash_Rock_point","enc_layer_id":34}},{"type":"Feature","id":863142,"geometry":{"type":"Point","coordinates":[-123.74023519999997,39.14354559999998]},"properties":{"OBJECTID":863142,"OBJL":153,"EXPSOU":null,"NATSUR":null,"NATQUA":null,"OBJNAM":null,"QUASOU":"2","SOUACC":null,"TECSOU":null,"VALSOU":null,"VERDAT":null,"WATLEV":4,"INFORM":null,"SCAMIN":null,"SORDAT":"20000916","SORIND":"US,US,graph,Chart 18626","DSNM":"US5CA5DJ.000","enc_service":"enc_harbour","enc_layer":"Underwater_Awash_Rock_point","enc_layer_id":34}},{"type":"Feature","id":863470,"geometry":{"type":"Point","coordinates":[-123.776972,39.21336100000002]},"properties":{"OBJECTID":863470,"OBJL":153,"EXPSOU":null,"NATSUR":null,"NATQUA":null,"OBJNAM":null,"QUASOU":"2","SOUACC":null,"TECSOU":null,"VALSOU":null,"VERDAT":null,"WATLEV":4,"INFORM":null,"SCAMIN":null,"SORDAT":"19991127","SORIND":"US,US,graph,Chart 18628","DSNM":"US5CA5EI.000","enc_service":"enc_harbour","enc_layer":"Underwater_Awash_Rock_point","enc_layer_id":34}},{"type":"Feature","id":863502,"geometry":{"type":"Point","coordinates":[-123.77666900000003,39.21277300000003]},"properties":{"OBJECTID":863502,"OBJL":153,"EXPSOU":null,"NATSUR":null,"NATQUA":null,"OBJNAM":null,"QUASOU":"2","SOUACC":null,"TECSOU":null,"VALSOU":null,"VERDAT":null,"WATLEV":4,"INFORM":null,"SCAMIN":null,"SORDAT":"19991127","SORIND":"US,US,graph,Chart 18628","DSNM":"US5CA5EI.000","enc_service":"enc_harbour","enc_layer":"Underwater_Awash_Rock_point","enc_layer_id":34}},{"type":"Feature","id":863547,"geometry":{"type":"Point","coordinates":[-123.775755,39.21262899999999]},"properties":{"OBJECTID":863547,"OBJL":153,"EXPSOU":null,"NATSUR":null,"NATQUA":null,"OBJNAM":null,"QUASOU":"2","SOUACC":null,"TECSOU":null,"VALSOU":null,"VERDAT":null,"WATLEV":4,"INFORM":null,"SCAMIN":null,"SORDAT":"19991127","SORIND":"US,US,graph,Chart 18628","DSNM":"US5CA5EI.000","enc_service":"enc_harbour","enc_layer":"Underwater_Awash_Rock_point","enc_layer_id":34}},{"type":"Feature","id":863405,"geometry":{"type":"Point","coordinates":[-123.77789999999999,39.224175]},"properties":{"OBJECTID":863405,"OBJL":153,"EXPSOU":null,"NATSUR":null,"NATQUA":null,"OBJNAM":null,"QUASOU":"2","SOUACC":null,"TECSOU":null,"VALSOU":null,"VERDAT":null,"WATLEV":4,"INFORM":null,"SCAMIN":null,"SORDAT":"19991127","SORIND":"US,US,graph,Chart 18628","DSNM":"US5CA5EI.000","enc_service":"enc_harbour","enc_layer":"Underwater_Awash_Rock_point","enc_layer_id":34}},{"type":"Feature","id":863484,"geometry":{"type":"Point","coordinates":[-123.777739,39.214923999999996]},"properties":{"OBJECTID":863484,"OBJL":153,"EXPSOU":null,"NATSUR":null,"NATQUA":null,"OBJNAM":null,"QUASOU":"2","SOUACC":null,"TECSOU":null,"VALSOU":null,"VERDAT":null,"WATLEV":4,"INFORM":null,"SCAMIN":null,"SORDAT":"19991127","SORIND":"US,US,graph,Chart 18628","DSNM":"US5CA5EI.000","enc_service":"enc_harbour","enc_layer":"Underwater_Awash_Rock_point","enc_layer_id":34}},{"type":"Feature","id":863566,"geometry":{"type":"Point","coordinates":[-123.77770900000002,39.223967000000016]},"properties":{"OBJECTID":863566,"OBJL":153,"EXPSOU":null,"NATSUR":null,"NATQUA":null,"OBJNAM":null,"QUASOU":"2","SOUACC":null,"TECSOU":null,"VALSOU":null,"VERDAT":null,"WATLEV":4,"INFORM":null,"SCAMIN":null,"SORDAT":"19991127","SORIND":"US,US,graph,Chart 18628","DSNM":"US5CA5EI.000","enc_service":"enc_harbour","enc_layer":"Underwater_Awash_Rock_point","enc_layer_id":34}},{"type":"Feature","id":863498,"geometry":{"type":"Point","coordinates":[-123.77747599999998,39.222263]},"properties":{"OBJECTID":863498,"OBJL":153,"EXPSOU":null,"NATSUR":null,"NATQUA":null,"OBJNAM":null,"QUASOU":"2","SOUACC":null,"TECSOU":null,"VALSOU":null,"VERDAT":null,"WATLEV":4,"INFORM":null,"SCAMIN":null,"SORDAT":"19991127","SORIND":"US,US,graph,Chart 18628","DSNM":"US5CA5EI.000","enc_service":"enc_harbour","enc_layer":"Underwater_Awash_Rock_point","enc_layer_id":34}},{"type":"Feature","id":863740,"geometry":{"type":"Point","coordinates":[-123.77735100000001,39.22550000000001]},"properties":{"OBJECTID":863740,"OBJL":153,"EXPSOU":null,"NATSUR":null,"NATQUA":null,"OBJNAM":null,"QUASOU":"2","SOUACC":null,"TECSOU":null,"VALSOU":null,"VERDAT":null,"WATLEV":4,"INFORM":null,"SCAMIN":null,"SORDAT":"19991127","SORIND":"US,US,graph,Chart 18628","DSNM":"US5CA5FI.000","enc_service":"enc_harbour","enc_layer":"Underwater_Awash_Rock_point","enc_layer_id":34}},{"type":"Feature","id":863393,"geometry":{"type":"Point","coordinates":[-123.777083,39.222579999999994]},"properties":{"OBJECTID":863393,"OBJL":153,"EXPSOU":null,"NATSUR":null,"NATQUA":null,"OBJNAM":null,"QUASOU":"2","SOUACC":null,"TECSOU":null,"VALSOU":null,"VERDAT":null,"WATLEV":4,"INFORM":null,"SCAMIN":null,"SORDAT":"19991127","SORIND":"US,US,graph,Chart 18628","DSNM":"US5CA5EI.000","enc_service":"enc_harbour","enc_layer":"Underwater_Awash_Rock_point","enc_layer_id":34}},{"type":"Feature","id":863476,"geometry":{"type":"Point","coordinates":[-123.77603599999998,39.222324000000015]},"properties":{"OBJECTID":863476,"OBJL":153,"EXPSOU":null,"NATSUR":null,"NATQUA":null,"OBJNAM":null,"QUASOU":"2","SOUACC":null,"TECSOU":null,"VALSOU":null,"VERDAT":null,"WATLEV":4,"INFORM":null,"SCAMIN":null,"SORDAT":"19991127","SORIND":"US,US,graph,Chart 18628","DSNM":"US5CA5EI.000","enc_service":"enc_harbour","enc_layer":"Underwater_Awash_Rock_point","enc_layer_id":34}},{"type":"Feature","id":863807,"geometry":{"type":"Point","coordinates":[-123.78494380000001,39.233723]},"properties":{"OBJECTID":863807,"OBJL":153,"EXPSOU":1,"NATSUR":null,"NATQUA":null,"OBJNAM":null,"QUASOU":"6","SOUACC":null,"TECSOU":null,"VALSOU":7.6000000000000005,"VERDAT":null,"WATLEV":3,"INFORM":null,"SCAMIN":null,"SORDAT":"201110","SORIND":"US,US,graph,Chart 18628","DSNM":"US5CA5FI.000","enc_service":"enc_harbour","enc_layer":"Underwater_Awash_Rock_point","enc_layer_id":34}},{"type":"Feature","id":863704,"geometry":{"type":"Point","coordinates":[-123.78291239999999,39.227370399999984]},"properties":{"OBJECTID":863704,"OBJL":153,"EXPSOU":2,"NATSUR":null,"NATQUA":null,"OBJNAM":null,"QUASOU":"6","SOUACC":null,"TECSOU":null,"VALSOU":15.5,"VERDAT":null,"WATLEV":3,"INFORM":null,"SCAMIN":null,"SORDAT":"201110","SORIND":"US,US,graph,Chart 18628","DSNM":"US5CA5FI.000","enc_service":"enc_harbour","enc_layer":"Underwater_Awash_Rock_point","enc_layer_id":34}},{"type":"Feature","id":863811,"geometry":{"type":"Point","coordinates":[-123.780284,39.23522300000002]},"properties":{"OBJECTID":863811,"OBJL":153,"EXPSOU":null,"NATSUR":null,"NATQUA":null,"OBJNAM":null,"QUASOU":"2","SOUACC":null,"TECSOU":null,"VALSOU":null,"VERDAT":null,"WATLEV":4,"INFORM":null,"SCAMIN":null,"SORDAT":"19991127","SORIND":"US,US,graph,Chart 18628","DSNM":"US5CA5FI.000","enc_service":"enc_harbour","enc_layer":"Underwater_Awash_Rock_point","enc_layer_id":34}},{"type":"Feature","id":863658,"geometry":{"type":"Point","coordinates":[-123.779966,39.234081]},"properties":{"OBJECTID":863658,"OBJL":153,"EXPSOU":null,"NATSUR":null,"NATQUA":null,"OBJNAM":null,"QUASOU":"2","SOUACC":null,"TECSOU":null,"VALSOU":null,"VERDAT":null,"WATLEV":4,"INFORM":null,"SCAMIN":null,"SORDAT":"19991127","SORIND":"US,US,graph,Chart 18628","DSNM":"US5CA5FI.000","enc_service":"enc_harbour","enc_layer":"Underwater_Awash_Rock_point","enc_layer_id":34}},{"type":"Feature","id":863669,"geometry":{"type":"Point","coordinates":[-123.77946300000002,39.235499000000004]},"properties":{"OBJECTID":863669,"OBJL":153,"EXPSOU":null,"NATSUR":null,"NATQUA":null,"OBJNAM":null,"QUASOU":"2","SOUACC":null,"TECSOU":null,"VALSOU":null,"VERDAT":null,"WATLEV":4,"INFORM":null,"SCAMIN":null,"SORDAT":"19991127","SORIND":"US,US,graph,Chart 18628","DSNM":"US5CA5FI.000","enc_service":"enc_harbour","enc_layer":"Underwater_Awash_Rock_point","enc_layer_id":34}},{"type":"Feature","id":863746,"geometry":{"type":"Point","coordinates":[-123.77844700000003,39.23409400000003]},"properties":{"OBJECTID":863746,"OBJL":153,"EXPSOU":null,"NATSUR":null,"NATQUA":null,"OBJNAM":null,"QUASOU":"2","SOUACC":null,"TECSOU":null,"VALSOU":null,"VERDAT":null,"WATLEV":4,"INFORM":null,"SCAMIN":null,"SORDAT":"19991127","SORIND":"US,US,graph,Chart 18628","DSNM":"US5CA5FI.000","enc_service":"enc_harbour","enc_layer":"Underwater_Awash_Rock_point","enc_layer_id":34}},{"type":"Feature","id":863788,"geometry":{"type":"Point","coordinates":[-123.775936,39.229445]},"properties":{"OBJECTID":863788,"OBJL":153,"EXPSOU":null,"NATSUR":null,"NATQUA":null,"OBJNAM":null,"QUASOU":"2","SOUACC":null,"TECSOU":null,"VALSOU":null,"VERDAT":null,"WATLEV":4,"INFORM":null,"SCAMIN":null,"SORDAT":"19991127","SORIND":"US,US,graph,Chart 18628","DSNM":"US5CA5FI.000","enc_service":"enc_harbour","enc_layer":"Underwater_Awash_Rock_point","enc_layer_id":34}},{"type":"Feature","id":863749,"geometry":{"type":"Point","coordinates":[-123.78287999999998,39.248042]},"properties":{"OBJECTID":863749,"OBJL":153,"EXPSOU":null,"NATSUR":null,"NATQUA":null,"OBJNAM":null,"QUASOU":"2","SOUACC":null,"TECSOU":null,"VALSOU":null,"VERDAT":null,"WATLEV":4,"INFORM":null,"SCAMIN":null,"SORDAT":"19991127","SORIND":"US,US,graph,Chart 18628","DSNM":"US5CA5FI.000","enc_service":"enc_harbour","enc_layer":"Underwater_Awash_Rock_point","enc_layer_id":34}},{"type":"Feature","id":863643,"geometry":{"type":"Point","coordinates":[-123.78182299999997,39.245002]},"properties":{"OBJECTID":863643,"OBJL":153,"EXPSOU":null,"NATSUR":null,"NATQUA":null,"OBJNAM":null,"QUASOU":"2","SOUACC":null,"TECSOU":null,"VALSOU":null,"VERDAT":null,"WATLEV":4,"INFORM":null,"SCAMIN":null,"SORDAT":"19991127","SORIND":"US,US,graph,Chart 18628","DSNM":"US5CA5FI.000","enc_service":"enc_harbour","enc_layer":"Underwater_Awash_Rock_point","enc_layer_id":34}},{"type":"Feature","id":863727,"geometry":{"type":"Point","coordinates":[-123.780596,39.242373999999984]},"properties":{"OBJECTID":863727,"OBJL":153,"EXPSOU":null,"NATSUR":null,"NATQUA":null,"OBJNAM":null,"QUASOU":"2","SOUACC":null,"TECSOU":null,"VALSOU":null,"VERDAT":null,"WATLEV":3,"INFORM":null,"SCAMIN":null,"SORDAT":"19991127","SORIND":"US,US,graph,Chart 18628","DSNM":"US5CA5FI.000","enc_service":"enc_harbour","enc_layer":"Underwater_Awash_Rock_point","enc_layer_id":34}},{"type":"Feature","id":863596,"geometry":{"type":"Point","coordinates":[-123.77786700000001,39.23891900000001]},"properties":{"OBJECTID":863596,"OBJL":153,"EXPSOU":null,"NATSUR":null,"NATQUA":null,"OBJNAM":null,"QUASOU":"2","SOUACC":null,"TECSOU":null,"VALSOU":null,"VERDAT":null,"WATLEV":3,"INFORM":null,"SCAMIN":null,"SORDAT":"19991127","SORIND":"US,US,graph,Chart 18628","DSNM":"US5CA5FI.000","enc_service":"enc_harbour","enc_layer":"Underwater_Awash_Rock_point","enc_layer_id":34}},{"type":"Feature","id":863385,"geometry":{"type":"Point","coordinates":[-123.77365900000001,39.199951]},"properties":{"OBJECTID":863385,"OBJL":153,"EXPSOU":null,"NATSUR":null,"NATQUA":null,"OBJNAM":null,"QUASOU":"2","SOUACC":null,"TECSOU":null,"VALSOU":null,"VERDAT":null,"WATLEV":3,"INFORM":null,"SCAMIN":null,"SORDAT":"20000916","SORIND":"US,US,graph,Chart 18626","DSNM":"US5CA5EI.000","enc_service":"enc_harbour","enc_layer":"Underwater_Awash_Rock_point","enc_layer_id":34}},{"type":"Feature","id":863562,"geometry":{"type":"Point","coordinates":[-123.77264100000002,39.2013]},"properties":{"OBJECTID":863562,"OBJL":153,"EXPSOU":null,"NATSUR":null,"NATQUA":null,"OBJNAM":null,"QUASOU":"2","SOUACC":null,"TECSOU":null,"VALSOU":null,"VERDAT":null,"WATLEV":4,"INFORM":null,"SCAMIN":null,"SORDAT":"20000916","SORIND":"US,US,graph,Chart 18626","DSNM":"US5CA5EI.000","enc_service":"enc_harbour","enc_layer":"Underwater_Awash_Rock_point","enc_layer_id":34}},{"type":"Feature","id":863551,"geometry":{"type":"Point","coordinates":[-123.769767,39.19140299999998]},"properties":{"OBJECTID":863551,"OBJL":153,"EXPSOU":null,"NATSUR":null,"NATQUA":null,"OBJNAM":null,"QUASOU":"2","SOUACC":null,"TECSOU":null,"VALSOU":null,"VERDAT":null,"WATLEV":4,"INFORM":null,"SCAMIN":null,"SORDAT":"20000916","SORIND":"US,US,graph,Chart 18626","DSNM":"US5CA5EI.000","enc_service":"enc_harbour","enc_layer":"Underwater_Awash_Rock_point","enc_layer_id":34}},{"type":"Feature","id":863397,"geometry":{"type":"Point","coordinates":[-123.76719800000001,39.193881999999974]},"properties":{"OBJECTID":863397,"OBJL":153,"EXPSOU":null,"NATSUR":null,"NATQUA":null,"OBJNAM":null,"QUASOU":"2","SOUACC":null,"TECSOU":null,"VALSOU":null,"VERDAT":null,"WATLEV":4,"INFORM":null,"SCAMIN":null,"SORDAT":"20000916","SORIND":"US,US,graph,Chart 18626","DSNM":"US5CA5EI.000","enc_service":"enc_harbour","enc_layer":"Underwater_Awash_Rock_point","enc_layer_id":34}},{"type":"Feature","id":863387,"geometry":{"type":"Point","coordinates":[-123.77537899999999,39.21096899999998]},"properties":{"OBJECTID":863387,"OBJL":153,"EXPSOU":null,"NATSUR":null,"NATQUA":null,"OBJNAM":null,"QUASOU":"2","SOUACC":null,"TECSOU":null,"VALSOU":null,"VERDAT":null,"WATLEV":4,"INFORM":null,"SCAMIN":null,"SORDAT":"20000916","SORIND":"US,US,graph,Chart 18626","DSNM":"US5CA5EI.000","enc_service":"enc_harbour","enc_layer":"Underwater_Awash_Rock_point","enc_layer_id":34}},{"type":"Feature","id":863386,"geometry":{"type":"Point","coordinates":[-123.775327,39.204072]},"properties":{"OBJECTID":863386,"OBJL":153,"EXPSOU":null,"NATSUR":null,"NATQUA":null,"OBJNAM":null,"QUASOU":"2","SOUACC":null,"TECSOU":null,"VALSOU":null,"VERDAT":null,"WATLEV":4,"INFORM":null,"SCAMIN":null,"SORDAT":"20000916","SORIND":"US,US,graph,Chart 18626","DSNM":"US5CA5EI.000","enc_service":"enc_harbour","enc_layer":"Underwater_Awash_Rock_point","enc_layer_id":34}},{"type":"Feature","id":863455,"geometry":{"type":"Point","coordinates":[-123.77529600000003,39.22159399999998]},"properties":{"OBJECTID":863455,"OBJL":153,"EXPSOU":null,"NATSUR":null,"NATQUA":null,"OBJNAM":null,"QUASOU":"2","SOUACC":null,"TECSOU":null,"VALSOU":null,"VERDAT":null,"WATLEV":4,"INFORM":null,"SCAMIN":null,"SORDAT":"19991127","SORIND":"US,US,graph,Chart 18628","DSNM":"US5CA5EI.000","enc_service":"enc_harbour","enc_layer":"Underwater_Awash_Rock_point","enc_layer_id":34}},{"type":"Feature","id":863490,"geometry":{"type":"Point","coordinates":[-123.77440200000001,39.21514500000001]},"properties":{"OBJECTID":863490,"OBJL":153,"EXPSOU":null,"NATSUR":null,"NATQUA":null,"OBJNAM":null,"QUASOU":"2","SOUACC":null,"TECSOU":null,"VALSOU":null,"VERDAT":null,"WATLEV":3,"INFORM":null,"SCAMIN":null,"SORDAT":"19991127","SORIND":"US,US,graph,Chart 18628","DSNM":"US5CA5EI.000","enc_service":"enc_harbour","enc_layer":"Underwater_Awash_Rock_point","enc_layer_id":34}},{"type":"Feature","id":863439,"geometry":{"type":"Point","coordinates":[-123.77437099999997,39.21539899999999]},"properties":{"OBJECTID":863439,"OBJL":153,"EXPSOU":null,"NATSUR":null,"NATQUA":null,"OBJNAM":null,"QUASOU":"2","SOUACC":null,"TECSOU":null,"VALSOU":null,"VERDAT":null,"WATLEV":4,"INFORM":null,"SCAMIN":null,"SORDAT":"19991127","SORIND":"US,US,graph,Chart 18628","DSNM":"US5CA5EI.000","enc_service":"enc_harbour","enc_layer":"Underwater_Awash_Rock_point","enc_layer_id":34}},{"type":"Feature","id":863451,"geometry":{"type":"Point","coordinates":[-123.773615,39.22121900000002]},"properties":{"OBJECTID":863451,"OBJL":153,"EXPSOU":null,"NATSUR":null,"NATQUA":null,"OBJNAM":null,"QUASOU":"2","SOUACC":null,"TECSOU":null,"VALSOU":null,"VERDAT":null,"WATLEV":4,"INFORM":null,"SCAMIN":null,"SORDAT":"19991127","SORIND":"US,US,graph,Chart 18628","DSNM":"US5CA5EI.000","enc_service":"enc_harbour","enc_layer":"Underwater_Awash_Rock_point","enc_layer_id":34}},{"type":"Feature","id":863460,"geometry":{"type":"Point","coordinates":[-123.77322900000001,39.218661999999995]},"properties":{"OBJECTID":863460,"OBJL":153,"EXPSOU":null,"NATSUR":null,"NATQUA":null,"OBJNAM":null,"QUASOU":"2","SOUACC":null,"TECSOU":null,"VALSOU":null,"VERDAT":null,"WATLEV":4,"INFORM":null,"SCAMIN":null,"SORDAT":"19991127","SORIND":"US,US,graph,Chart 18628","DSNM":"US5CA5EI.000","enc_service":"enc_harbour","enc_layer":"Underwater_Awash_Rock_point","enc_layer_id":34}},{"type":"Feature","id":863446,"geometry":{"type":"Point","coordinates":[-123.77317900000003,39.22090700000001]},"properties":{"OBJECTID":863446,"OBJL":153,"EXPSOU":null,"NATSUR":null,"NATQUA":null,"OBJNAM":null,"QUASOU":"2","SOUACC":null,"TECSOU":null,"VALSOU":null,"VERDAT":null,"WATLEV":4,"INFORM":null,"SCAMIN":null,"SORDAT":"19991127","SORIND":"US,US,graph,Chart 18628","DSNM":"US5CA5EI.000","enc_service":"enc_harbour","enc_layer":"Underwater_Awash_Rock_point","enc_layer_id":34}},{"type":"Feature","id":863527,"geometry":{"type":"Point","coordinates":[-123.77295199999998,39.21868899999998]},"properties":{"OBJECTID":863527,"OBJL":153,"EXPSOU":null,"NATSUR":null,"NATQUA":null,"OBJNAM":null,"QUASOU":"2","SOUACC":null,"TECSOU":null,"VALSOU":null,"VERDAT":null,"WATLEV":4,"INFORM":null,"SCAMIN":null,"SORDAT":"19991127","SORIND":"US,US,graph,Chart 18628","DSNM":"US5CA5EI.000","enc_service":"enc_harbour","enc_layer":"Underwater_Awash_Rock_point","enc_layer_id":34}},{"type":"Feature","id":863459,"geometry":{"type":"Point","coordinates":[-123.77294599999999,39.218849999999975]},"properties":{"OBJECTID":863459,"OBJL":153,"EXPSOU":null,"NATSUR":null,"NATQUA":null,"OBJNAM":null,"QUASOU":"2","SOUACC":null,"TECSOU":null,"VALSOU":null,"VERDAT":null,"WATLEV":4,"INFORM":null,"SCAMIN":null,"SORDAT":"19991127","SORIND":"US,US,graph,Chart 18628","DSNM":"US5CA5EI.000","enc_service":"enc_harbour","enc_layer":"Underwater_Awash_Rock_point","enc_layer_id":34}},{"type":"Feature","id":863445,"geometry":{"type":"Point","coordinates":[-123.77286600000002,39.219750999999974]},"properties":{"OBJECTID":863445,"OBJL":153,"EXPSOU":null,"NATSUR":null,"NATQUA":null,"OBJNAM":null,"QUASOU":"2","SOUACC":null,"TECSOU":null,"VALSOU":null,"VERDAT":null,"WATLEV":4,"INFORM":null,"SCAMIN":null,"SORDAT":"19991127","SORIND":"US,US,graph,Chart 18628","DSNM":"US5CA5EI.000","enc_service":"enc_harbour","enc_layer":"Underwater_Awash_Rock_point","enc_layer_id":34}},{"type":"Feature","id":863517,"geometry":{"type":"Point","coordinates":[-123.77249,39.217376]},"properties":{"OBJECTID":863517,"OBJL":153,"EXPSOU":1,"NATSUR":null,"NATQUA":null,"OBJNAM":null,"QUASOU":"6","SOUACC":null,"TECSOU":null,"VALSOU":1.5,"VERDAT":null,"WATLEV":3,"INFORM":null,"SCAMIN":null,"SORDAT":"201110","SORIND":"US,US,graph,Chart 18628","DSNM":"US5CA5EI.000","enc_service":"enc_harbour","enc_layer":"Underwater_Awash_Rock_point","enc_layer_id":34}},{"type":"Feature","id":863700,"geometry":{"type":"Point","coordinates":[-123.773169,39.22869300000002]},"properties":{"OBJECTID":863700,"OBJL":153,"EXPSOU":null,"NATSUR":null,"NATQUA":null,"OBJNAM":null,"QUASOU":"2","SOUACC":null,"TECSOU":null,"VALSOU":null,"VERDAT":null,"WATLEV":4,"INFORM":null,"SCAMIN":null,"SORDAT":"19991127","SORIND":"US,US,graph,Chart 18628","DSNM":"US5CA5FI.000","enc_service":"enc_harbour","enc_layer":"Underwater_Awash_Rock_point","enc_layer_id":34}},{"type":"Feature","id":863509,"geometry":{"type":"Point","coordinates":[-123.752745,39.17470900000001]},"properties":{"OBJECTID":863509,"OBJL":153,"EXPSOU":null,"NATSUR":null,"NATQUA":null,"OBJNAM":null,"QUASOU":"2","SOUACC":null,"TECSOU":null,"VALSOU":null,"VERDAT":null,"WATLEV":4,"INFORM":null,"SCAMIN":null,"SORDAT":"20000916","SORIND":"US,US,graph,Chart 18626","DSNM":"US5CA5EI.000","enc_service":"enc_harbour","enc_layer":"Underwater_Awash_Rock_point","enc_layer_id":34}},{"type":"Feature","id":863376,"geometry":{"type":"Point","coordinates":[-123.76171299999999,39.18159300000002]},"properties":{"OBJECTID":863376,"OBJL":153,"EXPSOU":null,"NATSUR":null,"NATQUA":null,"OBJNAM":null,"QUASOU":"2","SOUACC":null,"TECSOU":null,"VALSOU":null,"VERDAT":null,"WATLEV":4,"INFORM":null,"SCAMIN":null,"SORDAT":"20000916","SORIND":"US,US,graph,Chart 18626","DSNM":"US5CA5EI.000","enc_service":"enc_harbour","enc_layer":"Underwater_Awash_Rock_point","enc_layer_id":34}},{"type":"Feature","id":863467,"geometry":{"type":"Point","coordinates":[-123.757901,39.178995999999984]},"properties":{"OBJECTID":863467,"OBJL":153,"EXPSOU":null,"NATSUR":null,"NATQUA":null,"OBJNAM":null,"QUASOU":"2","SOUACC":null,"TECSOU":null,"VALSOU":null,"VERDAT":null,"WATLEV":4,"INFORM":null,"SCAMIN":null,"SORDAT":"20000916","SORIND":"US,US,graph,Chart 18626","DSNM":"US5CA5EI.000","enc_service":"enc_harbour","enc_layer":"Underwater_Awash_Rock_point","enc_layer_id":34}},{"type":"Feature","id":863582,"geometry":{"type":"Point","coordinates":[-123.74427220000001,39.151610600000026]},"properties":{"OBJECTID":863582,"OBJL":153,"EXPSOU":1,"NATSUR":null,"NATQUA":null,"OBJNAM":null,"QUASOU":"6","SOUACC":null,"TECSOU":null,"VALSOU":8.8,"VERDAT":null,"WATLEV":3,"INFORM":null,"SCAMIN":null,"SORDAT":"201112","SORIND":"US,US,graph,Chart 18626","DSNM":"US5CA5EJ.000","enc_service":"enc_harbour","enc_layer":"Underwater_Awash_Rock_point","enc_layer_id":34}},{"type":"Feature","id":863078,"geometry":{"type":"Point","coordinates":[-123.74015910000003,39.14386480000002]},"properties":{"OBJECTID":863078,"OBJL":153,"EXPSOU":null,"NATSUR":null,"NATQUA":null,"OBJNAM":null,"QUASOU":"2","SOUACC":null,"TECSOU":null,"VALSOU":null,"VERDAT":null,"WATLEV":3,"INFORM":null,"SCAMIN":null,"SORDAT":"20000916","SORIND":"US,US,graph,Chart 18626","DSNM":"US5CA5DJ.000","enc_service":"enc_harbour","enc_layer":"Underwater_Awash_Rock_point","enc_layer_id":34}},{"type":"Feature","id":863585,"geometry":{"type":"Point","coordinates":[-123.74555400000003,39.165977999999996]},"properties":{"OBJECTID":863585,"OBJL":153,"EXPSOU":null,"NATSUR":null,"NATQUA":null,"OBJNAM":null,"QUASOU":"2","SOUACC":null,"TECSOU":null,"VALSOU":null,"VERDAT":null,"WATLEV":3,"INFORM":null,"SCAMIN":null,"SORDAT":"20000916","SORIND":"US,US,graph,Chart 18626","DSNM":"US5CA5EJ.000","enc_service":"enc_harbour","enc_layer":"Underwater_Awash_Rock_point","enc_layer_id":34}},{"type":"Feature","id":863587,"geometry":{"type":"Point","coordinates":[-123.744847,39.16555599999998]},"properties":{"OBJECTID":863587,"OBJL":153,"EXPSOU":null,"NATSUR":null,"NATQUA":null,"OBJNAM":null,"QUASOU":"2","SOUACC":null,"TECSOU":null,"VALSOU":null,"VERDAT":null,"WATLEV":4,"INFORM":null,"SCAMIN":null,"SORDAT":"20000916","SORIND":"US,US,graph,Chart 18626","DSNM":"US5CA5EJ.000","enc_service":"enc_harbour","enc_layer":"Underwater_Awash_Rock_point","enc_layer_id":34}},{"type":"Feature","id":863573,"geometry":{"type":"Point","coordinates":[-123.74389500000001,39.16441200000003]},"properties":{"OBJECTID":863573,"OBJL":153,"EXPSOU":null,"NATSUR":null,"NATQUA":null,"OBJNAM":null,"QUASOU":"2","SOUACC":null,"TECSOU":null,"VALSOU":null,"VERDAT":null,"WATLEV":4,"INFORM":null,"SCAMIN":null,"SORDAT":"20000916","SORIND":"US,US,graph,Chart 18626","DSNM":"US5CA5EJ.000","enc_service":"enc_harbour","enc_layer":"Underwater_Awash_Rock_point","enc_layer_id":34}},{"type":"Feature","id":863576,"geometry":{"type":"Point","coordinates":[-123.743447,39.165324999999996]},"properties":{"OBJECTID":863576,"OBJL":153,"EXPSOU":null,"NATSUR":null,"NATQUA":null,"OBJNAM":null,"QUASOU":"2","SOUACC":null,"TECSOU":null,"VALSOU":null,"VERDAT":null,"WATLEV":4,"INFORM":null,"SCAMIN":null,"SORDAT":"20000916","SORIND":"US,US,graph,Chart 18626","DSNM":"US5CA5EJ.000","enc_service":"enc_harbour","enc_layer":"Underwater_Awash_Rock_point","enc_layer_id":34}},{"type":"Feature","id":863572,"geometry":{"type":"Point","coordinates":[-123.749932,39.17305399999998]},"properties":{"OBJECTID":863572,"OBJL":153,"EXPSOU":null,"NATSUR":null,"NATQUA":null,"OBJNAM":null,"QUASOU":"2","SOUACC":null,"TECSOU":null,"VALSOU":null,"VERDAT":null,"WATLEV":3,"INFORM":null,"SCAMIN":null,"SORDAT":"20000916","SORIND":"US,US,graph,Chart 18626","DSNM":"US5CA5EJ.000","enc_service":"enc_harbour","enc_layer":"Underwater_Awash_Rock_point","enc_layer_id":34}},{"type":"Feature","id":135571,"geometry":{"type":"Polygon","coordinates":[[[-123.78155479999998,39.22500000000002],[-123.78159729999999,39.22503119999999],[-123.78168749999998,39.22508909999999],[-123.78179649999998,39.225154299999986],[-123.78188139999997,39.22517549999998],[-123.78195269999998,39.22518689999998],[-123.78203960000002,39.22518769999999],[-123.7821308,39.22518689999998],[-123.7822147,39.225172999999984],[-123.78229119999997,39.22514610000002],[-123.7823419,39.22512230000001],[-123.78238340000001,39.22509389999999],[-123.78239980000001,39.22506850000002],[-123.78239980000001,39.225025500000015],[-123.7823894,39.22500000000002],[-123.78155479999998,39.22500000000002]]]},"properties":{"OBJECTID":135571,"OBJL":86,"CATOBS":"foul area","CONDTN":null,"EXPSOU":null,"HEIGHT":null,"NATCON":null,"NATQUA":null,"OBJNAM":null,"PRODCT":null,"QUASOU":"2","SOUACC":null,"TECSOU":null,"VALSOU":null,"VERACC":null,"VERDAT":null,"VERLEN":null,"WATLEV":3,"NATSUR":"rock","INFORM":null,"SCAMIN":null,"SORDAT":"201110","SORIND":"US,US,graph,Chart 18628","DSNM":"US5CA5FI.000","SHAPE.AREA":1.1942408e-07,"SHAPE.LEN":0.0018325431300426302,"enc_service":"enc_harbour","enc_layer":"Obstruction_area","enc_layer_id":156}},{"type":"Feature","id":135576,"geometry":{"type":"Polygon","coordinates":[[[-123.78326900000002,39.24354249999999],[-123.7832267,39.24354349999999],[-123.78316510000002,39.24355750000001],[-123.78311250000002,39.24358640000003],[-123.78307910000001,39.243639299999984],[-123.78306120000002,39.2437051],[-123.783074,39.243776000000025],[-123.78308040000002,39.2438368],[-123.78308299999998,39.2438937],[-123.7830945,39.24395550000003],[-123.78311630000002,39.24398839999998],[-123.78315609999999,39.24399940000001],[-123.78320489999999,39.24400639999999],[-123.78329079999997,39.244004399999994],[-123.78333570000001,39.24398450000001],[-123.78336910000002,39.24394160000003],[-123.7833819,39.243899699999986],[-123.78339729999999,39.24384079999999],[-123.78340370000001,39.243768999999986],[-123.78339599999998,39.24370010000001],[-123.7833832,39.243638299999986],[-123.78335240000001,39.243584399999975],[-123.78330879999999,39.243554500000016],[-123.78326900000002,39.24354249999999]]]},"properties":{"OBJECTID":135576,"OBJL":86,"CATOBS":" ","CONDTN":null,"EXPSOU":null,"HEIGHT":null,"NATCON":null,"NATQUA":null,"OBJNAM":null,"PRODCT":null,"QUASOU":"2","SOUACC":null,"TECSOU":null,"VALSOU":null,"VERACC":null,"VERDAT":null,"VERLEN":null,"WATLEV":3,"NATSUR":null,"INFORM":null,"SCAMIN":null,"SORDAT":"201110","SORIND":"US,US,graph,Chart 18628","DSNM":"US5CA5FI.000","SHAPE.AREA":1.3155233e-07,"SHAPE.LEN":0.0013344508760628302,"enc_service":"enc_harbour","enc_layer":"Obstruction_area","enc_layer_id":156}},{"type":"Feature","id":135565,"geometry":{"type":"Polygon","coordinates":[[[-123.75678399999998,39.17843499999998],[-123.75680299999999,39.17837700000001],[-123.75680299999999,39.17836199999999],[-123.75680699999998,39.17835100000002],[-123.75680699999998,39.178336],[-123.75678799999997,39.17827],[-123.756756,39.17821900000001],[-123.75671299999999,39.17817100000002],[-123.75666100000001,39.17812700000002],[-123.75652500000001,39.178053999999975],[-123.75644899999998,39.17802799999998],[-123.756374,39.17801300000002],[-123.756303,39.17801300000002],[-123.75622800000002,39.17802799999998],[-123.75616600000001,39.178053999999975],[-123.756124,39.17809399999999],[-123.7561,39.17815300000001],[-123.75609600000001,39.178223],[-123.75610499999999,39.17829599999999],[-123.75612899999999,39.17836599999998],[-123.75615699999997,39.178421000000014],[-123.75619899999998,39.178472],[-123.75629400000003,39.178560000000004],[-123.756369,39.17864800000001],[-123.75641100000001,39.17867699999999],[-123.756459,39.17869200000001],[-123.75650999999999,39.17868800000002],[-123.75656700000002,39.17866600000002],[-123.756666,39.17861499999998],[-123.75671299999999,39.178578000000016],[-123.75678399999998,39.17843499999998]],[[-123.75636400000002,39.17835500000001],[-123.75635499999999,39.17831100000001],[-123.75633099999999,39.178134],[-123.75643000000002,39.17811999999998],[-123.75652000000002,39.17812700000002],[-123.75654300000002,39.178179],[-123.75655799999998,39.17834399999998],[-123.75655799999998,39.17842400000001],[-123.75652000000002,39.178439000000026],[-123.75643000000002,39.17843199999999],[-123.75636400000002,39.17835500000001]]]},"properties":{"OBJECTID":135565,"OBJL":86,"CATOBS":" ","CONDTN":null,"EXPSOU":null,"HEIGHT":null,"NATCON":null,"NATQUA":null,"OBJNAM":null,"PRODCT":null,"QUASOU":"2","SOUACC":null,"TECSOU":null,"VALSOU":null,"VERACC":null,"VERDAT":null,"VERLEN":null,"WATLEV":3,"NATSUR":null,"INFORM":null,"SCAMIN":null,"SORDAT":"20000916","SORIND":"US,US,graph,Chart 18626","DSNM":"US5CA5EI.000","SHAPE.AREA":2.881045e-07,"SHAPE.LEN":0.0030956202713578298,"enc_service":"enc_harbour","enc_layer":"Obstruction_area","enc_layer_id":156}},{"type":"Feature","id":135569,"geometry":{"type":"Polygon","coordinates":[[[-123.78684090000002,39.215805699999976],[-123.7869058,39.215811599999995],[-123.78698880000002,39.21577869999999],[-123.78703710000002,39.215741200000025],[-123.78707480000003,39.215686000000005],[-123.78709900000001,39.215617899999984],[-123.78709750000002,39.21556149999998],[-123.78707179999998,39.21547700000002],[-123.7870522,39.215417100000025],[-123.78700839999999,39.215343099999984],[-123.7869647,39.21529850000002],[-123.7869149,39.21527149999997],[-123.7868575,39.215247999999974],[-123.78676539999998,39.21524099999999],[-123.78667039999999,39.215261],[-123.7865587,39.215316099999995],[-123.78647719999998,39.21537840000002],[-123.7864515,39.21543359999998],[-123.78646509999999,39.215522799999974],[-123.7865028,39.215594399999986],[-123.7865617,39.215655500000025],[-123.7866477,39.215716499999985],[-123.78674130000002,39.215768200000014],[-123.78684090000002,39.215805699999976]]]},"properties":{"OBJECTID":135569,"OBJL":86,"CATOBS":"foul area","CONDTN":null,"EXPSOU":null,"HEIGHT":null,"NATCON":null,"NATQUA":null,"OBJNAM":"Bull Rock","PRODCT":null,"QUASOU":"2","SOUACC":null,"TECSOU":null,"VALSOU":null,"VERACC":null,"VERDAT":null,"VERLEN":null,"WATLEV":3,"NATSUR":"rock","INFORM":null,"SCAMIN":null,"SORDAT":"201110","SORIND":"US,US,graph,Chart 18628","DSNM":"US5CA5EI.000","SHAPE.AREA":2.690058e-07,"SHAPE.LEN":0.00188186908014959,"enc_service":"enc_harbour","enc_layer":"Obstruction_area","enc_layer_id":156}},{"type":"Feature","id":135575,"geometry":{"type":"Polygon","coordinates":[[[-123.78521280000001,39.229753500000015],[-123.785124,39.22975250000002],[-123.78502600000002,39.22976349999999],[-123.78496189999998,39.22978089999998],[-123.7848995,39.229826600000024],[-123.78487719999998,39.22987440000003],[-123.78485490000003,39.229945799999996],[-123.78483360000001,39.23002200000002],[-123.78484509999998,39.23004900000001],[-123.78486559999999,39.23007949999999],[-123.78493509999998,39.23012249999999],[-123.78502600000002,39.23014810000001],[-123.7851124,39.2301544],[-123.78519890000001,39.23014669999998],[-123.785255,39.230121800000006],[-123.78530130000001,39.230081600000005],[-123.78533069999997,39.230036600000005],[-123.7853566,39.2299721],[-123.78536639999999,39.2299271],[-123.78535829999998,39.229873699999985],[-123.78533700000003,39.229836999999975],[-123.78528929999999,39.22978130000001],[-123.78521280000001,39.229753500000015]]]},"properties":{"OBJECTID":135575,"OBJL":86,"CATOBS":" ","CONDTN":null,"EXPSOU":null,"HEIGHT":null,"NATCON":null,"NATQUA":null,"OBJNAM":null,"PRODCT":null,"QUASOU":"2","SOUACC":null,"TECSOU":null,"VALSOU":null,"VERACC":null,"VERDAT":null,"VERLEN":null,"WATLEV":3,"NATSUR":null,"INFORM":null,"SCAMIN":null,"SORDAT":"19991127","SORIND":"US,US,graph,Chart 18628","DSNM":"US5CA5FI.000","SHAPE.AREA":1.6969502e-07,"SHAPE.LEN":0.00149676410865303,"enc_service":"enc_harbour","enc_layer":"Obstruction_area","enc_layer_id":156}},{"type":"Feature","id":135566,"geometry":{"type":"Polygon","coordinates":[[[-123.78238219999997,39.22498239999999],[-123.7823469,39.22491389999999],[-123.7823042,39.22485280000001],[-123.7821998,39.22474030000001],[-123.78206269999998,39.22461900000002],[-123.78193820000001,39.224519199999975],[-123.78183630000001,39.2244498],[-123.78173190000001,39.224386200000026],[-123.78162750000001,39.22433430000001],[-123.78151309999998,39.22430700000001],[-123.7814401,39.22430600000001],[-123.78138230000002,39.2243158],[-123.78131309999998,39.2243373],[-123.78123010000002,39.22440519999998],[-123.7811987,39.224451199999976],[-123.78117220000001,39.22451289999998],[-123.78116970000002,39.224575500000014],[-123.7811959,39.22464639999998],[-123.78124200000002,39.22473120000001],[-123.7812892,39.22479720000001],[-123.78134060000002,39.22484530000003],[-123.7814674,39.224935800000026],[-123.78155479999998,39.22500000000002],[-123.7823894,39.22500000000002],[-123.78238219999997,39.22498239999999]]]},"properties":{"OBJECTID":135566,"OBJL":86,"CATOBS":"foul area","CONDTN":null,"EXPSOU":null,"HEIGHT":null,"NATCON":null,"NATQUA":null,"OBJNAM":null,"PRODCT":null,"QUASOU":"2","SOUACC":null,"TECSOU":null,"VALSOU":null,"VERACC":null,"VERDAT":null,"VERLEN":null,"WATLEV":3,"NATSUR":"rock","INFORM":null,"SCAMIN":null,"SORDAT":"201110","SORIND":"US,US,graph,Chart 18628","DSNM":"US5CA5EI.000","SHAPE.AREA":5.4400305e-07,"SHAPE.LEN":0.0030657511135027404,"enc_service":"enc_harbour","enc_layer":"Obstruction_area","enc_layer_id":156}},{"type":"Feature","id":135570,"geometry":{"type":"Polygon","coordinates":[[[-123.7479644,39.1630409],[-123.74782909999999,39.163066300000025],[-123.74766119999998,39.163142600000015],[-123.7475073,39.163226099999974],[-123.74729739999998,39.163422200000014],[-123.7470874,39.163632800000016],[-123.74695680000002,39.16387980000002],[-123.74691949999999,39.16405049999997],[-123.74695220000001,39.164202999999986],[-123.74702680000001,39.164308300000016],[-123.7471994,39.16444630000001],[-123.74731129999998,39.164511600000026],[-123.74746060000001,39.16454429999999],[-123.74758659999998,39.164555199999995],[-123.74774050000002,39.164529800000025],[-123.7478385,39.16447899999997],[-123.7479831,39.164333699999986],[-123.74808569999999,39.1641884],[-123.74819760000003,39.163948800000014],[-123.74827690000001,39.163781700000015],[-123.74835159999998,39.163632800000016],[-123.7483982,39.16352749999999],[-123.74839359999999,39.16344040000001],[-123.74838419999998,39.16335320000002],[-123.74832359999999,39.1632697],[-123.74824890000002,39.163167999999985],[-123.7480764,39.16307360000002],[-123.74800169999997,39.16304459999998],[-123.7479644,39.1630409]]]},"properties":{"OBJECTID":135570,"OBJL":86,"CATOBS":" ","CONDTN":null,"EXPSOU":null,"HEIGHT":null,"NATCON":null,"NATQUA":null,"OBJNAM":null,"PRODCT":null,"QUASOU":"2","SOUACC":null,"TECSOU":null,"VALSOU":null,"VERACC":null,"VERDAT":null,"VERLEN":null,"WATLEV":3,"NATSUR":null,"INFORM":null,"SCAMIN":null,"SORDAT":"201112","SORIND":"US,US,graph,Chart 18626","DSNM":"US5CA5EJ.000","SHAPE.AREA":1.507972195e-06,"SHAPE.LEN":0.004549752342263681,"enc_service":"enc_harbour","enc_layer":"Obstruction_area","enc_layer_id":156}},{"type":"Feature","id":135578,"geometry":{"type":"Polygon","coordinates":[[[-123.78536869999999,39.24739840000001],[-123.7853877,39.24744579999998],[-123.78543180000003,39.2474752],[-123.78548239999998,39.247499800000014],[-123.78552459999997,39.24750310000002],[-123.78556029999999,39.24749480000003],[-123.7856003,39.247472000000016],[-123.78562770000002,39.24743599999999],[-123.7856319,39.24738689999998],[-123.78562770000002,39.247364000000005],[-123.78561819999999,39.247340099999974],[-123.785593,39.24731079999998],[-123.7855452,39.247295099999974],[-123.7854949,39.247295099999974],[-123.78542820000001,39.24730979999998],[-123.7853867,39.24733229999998],[-123.78536910000003,39.247359700000004],[-123.78536869999999,39.24739840000001]]]},"properties":{"OBJECTID":135578,"OBJL":86,"CATOBS":" ","CONDTN":null,"EXPSOU":null,"HEIGHT":null,"NATCON":null,"NATQUA":null,"OBJNAM":null,"PRODCT":null,"QUASOU":"2","SOUACC":null,"TECSOU":null,"VALSOU":null,"VERACC":null,"VERDAT":null,"VERLEN":null,"WATLEV":3,"NATSUR":null,"INFORM":null,"SCAMIN":null,"SORDAT":"201110","SORIND":"US,US,graph,Chart 18628","DSNM":"US5CA5FI.000","SHAPE.AREA":4.328739e-08,"SHAPE.LEN":0.000754908643052909,"enc_service":"enc_harbour","enc_layer":"Obstruction_area","enc_layer_id":156}},{"type":"Feature","id":135568,"geometry":{"type":"Polygon","coordinates":[[[-123.78219630000001,39.214840200000026],[-123.7822463,39.21477090000002],[-123.78225939999999,39.2147033],[-123.78225279999998,39.21463560000001],[-123.78221589999998,39.214596700000016],[-123.78215719999997,39.21457809999998],[-123.78208769999998,39.2145883],[-123.78198550000002,39.21461870000002],[-123.78192030000002,39.21466609999999],[-123.7818595,39.214740500000005],[-123.78183990000002,39.214801299999976],[-123.78183990000002,39.2148588],[-123.78188119999999,39.21491800000001],[-123.7819442,39.214948400000026],[-123.78200939999999,39.214946699999985],[-123.78206590000002,39.214923],[-123.7820964,39.214902800000004],[-123.78219630000001,39.214840200000026]]]},"properties":{"OBJECTID":135568,"OBJL":86,"CATOBS":" ","CONDTN":null,"EXPSOU":null,"HEIGHT":null,"NATCON":null,"NATQUA":null,"OBJNAM":null,"PRODCT":null,"QUASOU":"2","SOUACC":null,"TECSOU":null,"VALSOU":null,"VERACC":null,"VERDAT":null,"VERLEN":null,"WATLEV":3,"NATSUR":null,"INFORM":null,"SCAMIN":null,"SORDAT":"201110","SORIND":"US,US,graph,Chart 18628","DSNM":"US5CA5EI.000","SHAPE.AREA":1.1132207e-07,"SHAPE.LEN":0.00123557127049049,"enc_service":"enc_harbour","enc_layer":"Obstruction_area","enc_layer_id":156}},{"type":"Feature","id":135574,"geometry":{"type":"Polygon","coordinates":[[[-123.7795074,39.22529500000002],[-123.7795074,39.225257899999974],[-123.77949039999999,39.225215400000025],[-123.77944259999998,39.22516230000002],[-123.77938110000002,39.22514910000001],[-123.77934019999998,39.22514910000001],[-123.77929920000003,39.225159700000006],[-123.7792617,39.225191499999994],[-123.7792207,39.225234],[-123.7792207,39.225271099999986],[-123.77923090000002,39.225332200000025],[-123.7792617,39.22539849999998],[-123.77931289999998,39.22543569999999],[-123.77938110000002,39.225451599999985],[-123.77941870000001,39.225443600000006],[-123.77945970000002,39.22542499999997],[-123.77948350000003,39.225385200000005],[-123.7795041,39.22531889999999],[-123.7795074,39.22529500000002]],[[-123.7793393,39.2252072],[-123.77936310000001,39.225212699999986],[-123.77936790000001,39.225233100000025],[-123.77936310000001,39.225255300000015],[-123.77936549999998,39.22527009999999],[-123.77937270000001,39.22527939999998],[-123.77938210000002,39.225290400000006],[-123.77939880000002,39.22530330000001],[-123.77940589999997,39.225314500000025],[-123.77940589999997,39.22532369999999],[-123.77939880000002,39.22533120000003],[-123.77938460000001,39.22534589999998],[-123.77936790000001,39.225349600000015],[-123.7793441,39.22535140000002],[-123.7793226,39.225336700000014],[-123.77930359999999,39.225312599999995],[-123.77928930000002,39.22527739999998],[-123.77928459999998,39.22525150000001],[-123.77929649999999,39.22522939999999],[-123.77930359999999,39.225214600000015],[-123.77932499999997,39.2252072],[-123.7793393,39.2252072]]]},"properties":{"OBJECTID":135574,"OBJL":86,"CATOBS":"foul area","CONDTN":null,"EXPSOU":null,"HEIGHT":null,"NATCON":null,"NATQUA":null,"OBJNAM":null,"PRODCT":null,"QUASOU":"2","SOUACC":null,"TECSOU":null,"VALSOU":null,"VERACC":null,"VERDAT":null,"VERLEN":null,"WATLEV":3,"NATSUR":"rock","INFORM":null,"SCAMIN":null,"SORDAT":"19991127","SORIND":"US,US,graph,Chart 18628","DSNM":"US5CA5FI.000","SHAPE.AREA":5.7059895e-08,"SHAPE.LEN":0.00136167811161477,"enc_service":"enc_harbour","enc_layer":"Obstruction_area","enc_layer_id":156}},{"type":"Feature","id":135567,"geometry":{"type":"Polygon","coordinates":[[[-123.77927829999999,39.212392299999976],[-123.77921709999998,39.21240180000001],[-123.7791499,39.2124331],[-123.77911929999999,39.21246159999998],[-123.77910100000003,39.21249690000002],[-123.77909399999999,39.21254859999999],[-123.7791062,39.21257300000002],[-123.77913760000001,39.212619200000006],[-123.77915689999998,39.212655299999994],[-123.77917780000001,39.21266609999998],[-123.77925549999998,39.21267499999999],[-123.77932019999997,39.21267089999998],[-123.77938130000001,39.2126634],[-123.77945729999999,39.21265249999999],[-123.77950449999997,39.212637599999994],[-123.77954899999997,39.21258999999998],[-123.77957780000003,39.21253969999998],[-123.77958050000001,39.21251050000001],[-123.77956210000002,39.21247039999997],[-123.77953070000001,39.21244730000001],[-123.77945469999997,39.212414000000024],[-123.77936820000002,39.2123957],[-123.77927829999999,39.212392299999976]]]},"properties":{"OBJECTID":135567,"OBJL":86,"CATOBS":" ","CONDTN":null,"EXPSOU":null,"HEIGHT":null,"NATCON":null,"NATQUA":null,"OBJNAM":null,"PRODCT":null,"QUASOU":"2","SOUACC":null,"TECSOU":null,"VALSOU":null,"VERACC":null,"VERDAT":null,"VERLEN":null,"WATLEV":3,"NATSUR":null,"INFORM":null,"SCAMIN":null,"SORDAT":"201110","SORIND":"US,US,graph,Chart 18628","DSNM":"US5CA5EI.000","SHAPE.AREA":1.084492e-07,"SHAPE.LEN":0.00124518904281757,"enc_service":"enc_harbour","enc_layer":"Obstruction_area","enc_layer_id":156}},{"type":"Feature","id":135581,"geometry":{"type":"Polygon","coordinates":[[[-123.78189839999999,39.237340500000016],[-123.7819323,39.23730339999997],[-123.78194000000002,39.237263900000016],[-123.7819184,39.237221999999974],[-123.78187380000003,39.23718600000001],[-123.78180300000002,39.23715729999998],[-123.78173520000001,39.23715249999998],[-123.7816798,39.23716689999998],[-123.78165819999998,39.23719560000001],[-123.7816459,39.23723389999998],[-123.78165819999998,39.23728299999999],[-123.7816952,39.23734409999997],[-123.78173980000003,39.23737640000002],[-123.78178450000001,39.23737999999997],[-123.78181840000002,39.2373728],[-123.7818522,39.237363200000004],[-123.78189839999999,39.237340500000016]]]},"properties":{"OBJECTID":135581,"OBJL":86,"CATOBS":" ","CONDTN":null,"EXPSOU":null,"HEIGHT":null,"NATCON":null,"NATQUA":null,"OBJNAM":null,"PRODCT":null,"QUASOU":"2","SOUACC":null,"TECSOU":null,"VALSOU":null,"VERACC":null,"VERDAT":null,"VERLEN":null,"WATLEV":3,"NATSUR":null,"INFORM":null,"SCAMIN":null,"SORDAT":"201110","SORIND":"US,US,graph,Chart 18628","DSNM":"US5CA5FI.000","SHAPE.AREA":4.990005e-08,"SHAPE.LEN":0.0008159363337885,"enc_service":"enc_harbour","enc_layer":"Obstruction_area","enc_layer_id":156}},{"type":"Feature","id":2277831,"geometry":{"type":"Point","coordinates":[-123.78225770000063,39.21546490000037]},"properties":{"OBJL":86,"CATOBS":" ","CONDTN":null,"EXPSOU":null,"HEIGHT":null,"NATCON":null,"NATQUA":null,"OBJNAM":null,"PRODCT":null,"QUASOU":"2","SOUACC":null,"TECSOU":null,"VALSOU":null,"VERACC":null,"VERDAT":null,"VERLEN":null,"WATLEV":3,"NATSUR":null,"INFORM":null,"SCAMIN":null,"SORDAT":"201110","SORIND":"US,US,graph,Chart 18628","DSNM":"US4CA2GF.000","APPROACH.OBSTRN_POINT.FID":2277831,"enc_service":"enc_approach","enc_layer":"Obstruction_point","enc_layer_id":36}},{"type":"Feature","id":19746705,"geometry":{"type":"Point","coordinates":[-123.7504599999993,39.17303999999967]},"properties":{"OBJL":153,"EXPSOU":null,"NATSUR":null,"NATQUA":null,"OBJNAM":null,"QUASOU":"2","SOUACC":null,"TECSOU":null,"VALSOU":null,"VERDAT":null,"WATLEV":4,"INFORM":null,"SCAMIN":null,"SORDAT":"20000916","SORIND":"US,US,graph,Chart 18626","DSNM":"US4CA2GF.000","APPROACH.UWTROC.FID":19746705,"enc_service":"enc_approach","enc_layer":"Underwater_Awash_Rock_point","enc_layer_id":37}},{"type":"Feature","id":19746786,"geometry":{"type":"Point","coordinates":[-123.74795699999959,39.16346899999917]},"properties":{"OBJL":153,"EXPSOU":null,"NATSUR":null,"NATQUA":null,"OBJNAM":null,"QUASOU":"2","SOUACC":null,"TECSOU":null,"VALSOU":null,"VERDAT":null,"WATLEV":3,"INFORM":null,"SCAMIN":89999,"SORDAT":"20000916","SORIND":"US,US,graph,Chart 18626","DSNM":"US4CA2GF.000","APPROACH.UWTROC.FID":19746786,"enc_service":"enc_approach","enc_layer":"Underwater_Awash_Rock_point","enc_layer_id":37}},{"type":"Feature","id":19746741,"geometry":{"type":"Point","coordinates":[-123.74344700000074,39.16532499999994]},"properties":{"OBJL":153,"EXPSOU":null,"NATSUR":null,"NATQUA":null,"OBJNAM":null,"QUASOU":"2","SOUACC":null,"TECSOU":null,"VALSOU":null,"VERDAT":null,"WATLEV":4,"INFORM":null,"SCAMIN":null,"SORDAT":"20000916","SORIND":"US,US,graph,Chart 18626","DSNM":"US4CA2GF.000","APPROACH.UWTROC.FID":19746741,"enc_service":"enc_approach","enc_layer":"Underwater_Awash_Rock_point","enc_layer_id":37}},{"type":"Feature","id":19746805,"geometry":{"type":"Point","coordinates":[-123.78326600000037,39.2466459999996]},"properties":{"OBJL":153,"EXPSOU":null,"NATSUR":null,"NATQUA":null,"OBJNAM":null,"QUASOU":"2","SOUACC":null,"TECSOU":null,"VALSOU":null,"VERDAT":null,"WATLEV":4,"INFORM":null,"SCAMIN":null,"SORDAT":"19991127","SORIND":"US,US,graph,Chart 18628","DSNM":"US4CA2GF.000","APPROACH.UWTROC.FID":19746805,"enc_service":"enc_approach","enc_layer":"Underwater_Awash_Rock_point","enc_layer_id":37}},{"type":"Feature","id":19746848,"geometry":{"type":"Point","coordinates":[-123.78241999999955,39.23123099999975]},"properties":{"OBJL":153,"EXPSOU":null,"NATSUR":null,"NATQUA":null,"OBJNAM":null,"QUASOU":"2","SOUACC":null,"TECSOU":null,"VALSOU":null,"VERDAT":null,"WATLEV":4,"INFORM":null,"SCAMIN":null,"SORDAT":"19991127","SORIND":"US,US,graph,Chart 18628","DSNM":"US4CA2GF.000","APPROACH.UWTROC.FID":19746848,"enc_service":"enc_approach","enc_layer":"Underwater_Awash_Rock_point","enc_layer_id":37}},{"type":"Feature","id":19746949,"geometry":{"type":"Point","coordinates":[-123.78123369999958,39.21358660000078]},"properties":{"OBJL":153,"EXPSOU":2,"NATSUR":null,"NATQUA":null,"OBJNAM":null,"QUASOU":"6","SOUACC":null,"TECSOU":null,"VALSOU":2.1,"VERDAT":null,"WATLEV":3,"INFORM":null,"SCAMIN":null,"SORDAT":"201110","SORIND":"US,US,graph,Chart 18628","DSNM":"US4CA2GF.000","APPROACH.UWTROC.FID":19746949,"enc_service":"enc_approach","enc_layer":"Underwater_Awash_Rock_point","enc_layer_id":37}},{"type":"Feature","id":19746753,"geometry":{"type":"Point","coordinates":[-123.78119200000037,39.233447000000524]},"properties":{"OBJL":153,"EXPSOU":null,"NATSUR":null,"NATQUA":null,"OBJNAM":null,"QUASOU":"2","SOUACC":null,"TECSOU":null,"VALSOU":null,"VERDAT":null,"WATLEV":4,"INFORM":null,"SCAMIN":null,"SORDAT":"19991127","SORIND":"US,US,graph,Chart 18628","DSNM":"US4CA2GF.000","APPROACH.UWTROC.FID":19746753,"enc_service":"enc_approach","enc_layer":"Underwater_Awash_Rock_point","enc_layer_id":37}},{"type":"Feature","id":19746718,"geometry":{"type":"Point","coordinates":[-123.78026499999942,39.242512000000715]},"properties":{"OBJL":153,"EXPSOU":null,"NATSUR":null,"NATQUA":null,"OBJNAM":null,"QUASOU":"2","SOUACC":null,"TECSOU":null,"VALSOU":null,"VERDAT":null,"WATLEV":4,"INFORM":null,"SCAMIN":null,"SORDAT":"19991127","SORIND":"US,US,graph,Chart 18628","DSNM":"US4CA2GF.000","APPROACH.UWTROC.FID":19746718,"enc_service":"enc_approach","enc_layer":"Underwater_Awash_Rock_point","enc_layer_id":37}},{"type":"Feature","id":19746634,"geometry":{"type":"Point","coordinates":[-123.78014099999928,39.23500799999965]},"properties":{"OBJL":153,"EXPSOU":null,"NATSUR":null,"NATQUA":null,"OBJNAM":null,"QUASOU":"2","SOUACC":null,"TECSOU":null,"VALSOU":null,"VERDAT":null,"WATLEV":4,"INFORM":null,"SCAMIN":null,"SORDAT":"19991127","SORIND":"US,US,graph,Chart 18628","DSNM":"US4CA2GF.000","APPROACH.UWTROC.FID":19746634,"enc_service":"enc_approach","enc_layer":"Underwater_Awash_Rock_point","enc_layer_id":37}},{"type":"Feature","id":19746896,"geometry":{"type":"Point","coordinates":[-123.77949699999954,39.22415700000056]},"properties":{"OBJL":153,"EXPSOU":null,"NATSUR":null,"NATQUA":null,"OBJNAM":null,"QUASOU":"2","SOUACC":null,"TECSOU":null,"VALSOU":null,"VERDAT":null,"WATLEV":4,"INFORM":null,"SCAMIN":null,"SORDAT":"19991127","SORIND":"US,US,graph,Chart 18628","DSNM":"US4CA2GF.000","APPROACH.UWTROC.FID":19746896,"enc_service":"enc_approach","enc_layer":"Underwater_Awash_Rock_point","enc_layer_id":37}},{"type":"Feature","id":19746632,"geometry":{"type":"Point","coordinates":[-123.77821199999926,39.22254299999986]},"properties":{"OBJL":153,"EXPSOU":1,"NATSUR":null,"NATQUA":null,"OBJNAM":null,"QUASOU":"6","SOUACC":null,"TECSOU":null,"VALSOU":1.5,"VERDAT":null,"WATLEV":3,"INFORM":null,"SCAMIN":null,"SORDAT":"201110","SORIND":"US,US,graph,Chart 18628","DSNM":"US4CA2GF.000","APPROACH.UWTROC.FID":19746632,"enc_service":"enc_approach","enc_layer":"Underwater_Awash_Rock_point","enc_layer_id":37}},{"type":"Feature","id":19746747,"geometry":{"type":"Point","coordinates":[-123.77728299999944,39.21021699999983]},"properties":{"OBJL":153,"EXPSOU":null,"NATSUR":null,"NATQUA":null,"OBJNAM":null,"QUASOU":"2","SOUACC":null,"TECSOU":null,"VALSOU":null,"VERDAT":null,"WATLEV":4,"INFORM":null,"SCAMIN":null,"SORDAT":"20000916","SORIND":"US,US,graph,Chart 18626","DSNM":"US4CA2GF.000","APPROACH.UWTROC.FID":19746747,"enc_service":"enc_approach","enc_layer":"Underwater_Awash_Rock_point","enc_layer_id":37}},{"type":"Feature","id":19746942,"geometry":{"type":"Point","coordinates":[-123.7765670000008,39.22689700000046]},"properties":{"OBJL":153,"EXPSOU":null,"NATSUR":null,"NATQUA":null,"OBJNAM":null,"QUASOU":"2","SOUACC":null,"TECSOU":null,"VALSOU":null,"VERDAT":null,"WATLEV":4,"INFORM":null,"SCAMIN":null,"SORDAT":"19991127","SORIND":"US,US,graph,Chart 18628","DSNM":"US4CA2GF.000","APPROACH.UWTROC.FID":19746942,"enc_service":"enc_approach","enc_layer":"Underwater_Awash_Rock_point","enc_layer_id":37}},{"type":"Feature","id":19746798,"geometry":{"type":"Point","coordinates":[-123.77520999999979,39.21053199999915]},"properties":{"OBJL":153,"EXPSOU":null,"NATSUR":null,"NATQUA":null,"OBJNAM":null,"QUASOU":"2","SOUACC":null,"TECSOU":null,"VALSOU":null,"VERDAT":null,"WATLEV":4,"INFORM":null,"SCAMIN":null,"SORDAT":"20000916","SORIND":"US,US,graph,Chart 18626","DSNM":"US4CA2GF.000","APPROACH.UWTROC.FID":19746798,"enc_service":"enc_approach","enc_layer":"Underwater_Awash_Rock_point","enc_layer_id":37}},{"type":"Feature","id":19746680,"geometry":{"type":"Point","coordinates":[-123.77471999999943,39.206866000000446]},"properties":{"OBJL":153,"EXPSOU":null,"NATSUR":null,"NATQUA":null,"OBJNAM":null,"QUASOU":"2","SOUACC":null,"TECSOU":null,"VALSOU":null,"VERDAT":null,"WATLEV":4,"INFORM":null,"SCAMIN":null,"SORDAT":"20000916","SORIND":"US,US,graph,Chart 18626","DSNM":"US4CA2GF.000","APPROACH.UWTROC.FID":19746680,"enc_service":"enc_approach","enc_layer":"Underwater_Awash_Rock_point","enc_layer_id":37}},{"type":"Feature","id":19746890,"geometry":{"type":"Point","coordinates":[-123.77448399999957,39.20896299999913]},"properties":{"OBJL":153,"EXPSOU":null,"NATSUR":null,"NATQUA":null,"OBJNAM":null,"QUASOU":"2","SOUACC":null,"TECSOU":null,"VALSOU":null,"VERDAT":null,"WATLEV":4,"INFORM":null,"SCAMIN":null,"SORDAT":"20000916","SORIND":"US,US,graph,Chart 18626","DSNM":"US4CA2GF.000","APPROACH.UWTROC.FID":19746890,"enc_service":"enc_approach","enc_layer":"Underwater_Awash_Rock_point","enc_layer_id":37}},{"type":"Feature","id":19746674,"geometry":{"type":"Point","coordinates":[-123.77331000000049,39.197933999999805]},"properties":{"OBJL":153,"EXPSOU":null,"NATSUR":null,"NATQUA":null,"OBJNAM":null,"QUASOU":"2","SOUACC":null,"TECSOU":null,"VALSOU":null,"VERDAT":null,"WATLEV":4,"INFORM":null,"SCAMIN":null,"SORDAT":"20000916","SORIND":"US,US,graph,Chart 18626","DSNM":"US4CA2GF.000","APPROACH.UWTROC.FID":19746674,"enc_service":"enc_approach","enc_layer":"Underwater_Awash_Rock_point","enc_layer_id":37}},{"type":"Feature","id":19746835,"geometry":{"type":"Point","coordinates":[-123.77164799999991,39.21733800000038]},"properties":{"OBJL":153,"EXPSOU":null,"NATSUR":null,"NATQUA":null,"OBJNAM":null,"QUASOU":"2","SOUACC":null,"TECSOU":null,"VALSOU":null,"VERDAT":null,"WATLEV":4,"INFORM":null,"SCAMIN":null,"SORDAT":"19991127","SORIND":"US,US,graph,Chart 18628","DSNM":"US4CA2GF.000","APPROACH.UWTROC.FID":19746835,"enc_service":"enc_approach","enc_layer":"Underwater_Awash_Rock_point","enc_layer_id":37}},{"type":"Feature","id":19746878,"geometry":{"type":"Point","coordinates":[-123.75684499999988,39.176744000000326]},"properties":{"OBJL":153,"EXPSOU":null,"NATSUR":null,"NATQUA":null,"OBJNAM":null,"QUASOU":"2","SOUACC":null,"TECSOU":null,"VALSOU":null,"VERDAT":null,"WATLEV":4,"INFORM":null,"SCAMIN":null,"SORDAT":"20000916","SORIND":"US,US,graph,Chart 18626","DSNM":"US4CA2GF.000","APPROACH.UWTROC.FID":19746878,"enc_service":"enc_approach","enc_layer":"Underwater_Awash_Rock_point","enc_layer_id":37}},{"type":"Feature","id":19746928,"geometry":{"type":"Point","coordinates":[-123.75609599999916,39.18153800000073]},"properties":{"OBJL":153,"EXPSOU":null,"NATSUR":null,"NATQUA":null,"OBJNAM":null,"QUASOU":"2","SOUACC":null,"TECSOU":null,"VALSOU":null,"VERDAT":null,"WATLEV":4,"INFORM":null,"SCAMIN":null,"SORDAT":"20000916","SORIND":"US,US,graph,Chart 18626","DSNM":"US4CA2GF.000","APPROACH.UWTROC.FID":19746928,"enc_service":"enc_approach","enc_layer":"Underwater_Awash_Rock_point","enc_layer_id":37}},{"type":"Feature","id":19746619,"geometry":{"type":"Point","coordinates":[-123.76330339999913,39.17214559999957]},"properties":{"OBJL":153,"EXPSOU":2,"NATSUR":null,"NATQUA":null,"OBJNAM":null,"QUASOU":"6","SOUACC":null,"TECSOU":null,"VALSOU":3.6,"VERDAT":null,"WATLEV":3,"INFORM":null,"SCAMIN":null,"SORDAT":"20000916","SORIND":"US,US,graph,Chart 18626","DSNM":"US4CA2GF.000","APPROACH.UWTROC.FID":19746619,"enc_service":"enc_approach","enc_layer":"Underwater_Awash_Rock_point","enc_layer_id":37}},{"type":"Feature","id":19746704,"geometry":{"type":"Point","coordinates":[-123.74427219999961,39.15161059999991]},"properties":{"OBJL":153,"EXPSOU":1,"NATSUR":null,"NATQUA":null,"OBJNAM":null,"QUASOU":"6","SOUACC":null,"TECSOU":null,"VALSOU":8.8,"VERDAT":null,"WATLEV":3,"INFORM":null,"SCAMIN":null,"SORDAT":"201112","SORIND":"US,US,graph,Chart 18626","DSNM":"US4CA2GF.000","APPROACH.UWTROC.FID":19746704,"enc_service":"enc_approach","enc_layer":"Underwater_Awash_Rock_point","enc_layer_id":37}},{"type":"Feature","id":19746877,"geometry":{"type":"Point","coordinates":[-123.74311300000045,39.16343600000073]},"properties":{"OBJL":153,"EXPSOU":null,"NATSUR":null,"NATQUA":null,"OBJNAM":null,"QUASOU":"2","SOUACC":null,"TECSOU":null,"VALSOU":null,"VERDAT":null,"WATLEV":4,"INFORM":null,"SCAMIN":null,"SORDAT":"20000916","SORIND":"US,US,graph,Chart 18626","DSNM":"US4CA2GF.000","APPROACH.UWTROC.FID":19746877,"enc_service":"enc_approach","enc_layer":"Underwater_Awash_Rock_point","enc_layer_id":37}},{"type":"Feature","id":19746703,"geometry":{"type":"Point","coordinates":[-123.7414647000005,39.14404780000041]},"properties":{"OBJL":153,"EXPSOU":1,"NATSUR":null,"NATQUA":null,"OBJNAM":null,"QUASOU":"6","SOUACC":null,"TECSOU":null,"VALSOU":6.7,"VERDAT":null,"WATLEV":3,"INFORM":null,"SCAMIN":null,"SORDAT":"20000916","SORIND":"US,US,graph,Chart 18626","DSNM":"US4CA2GF.000","APPROACH.UWTROC.FID":19746703,"enc_service":"enc_approach","enc_layer":"Underwater_Awash_Rock_point","enc_layer_id":37}},{"type":"Feature","id":19746645,"geometry":{"type":"Point","coordinates":[-123.78906129999996,39.23893809999936]},"properties":{"OBJL":153,"EXPSOU":1,"NATSUR":null,"NATQUA":null,"OBJNAM":null,"QUASOU":"6","SOUACC":null,"TECSOU":null,"VALSOU":11.5,"VERDAT":null,"WATLEV":3,"INFORM":null,"SCAMIN":null,"SORDAT":"201110","SORIND":"US,US,graph,Chart 18628","DSNM":"US4CA2GF.000","APPROACH.UWTROC.FID":19746645,"enc_service":"enc_approach","enc_layer":"Underwater_Awash_Rock_point","enc_layer_id":37}},{"type":"Feature","id":19746905,"geometry":{"type":"Point","coordinates":[-123.78638099999989,39.215435800000705]},"properties":{"OBJL":153,"EXPSOU":null,"NATSUR":null,"NATQUA":null,"OBJNAM":null,"QUASOU":"2","SOUACC":null,"TECSOU":null,"VALSOU":null,"VERDAT":null,"WATLEV":3,"INFORM":null,"SCAMIN":null,"SORDAT":"19991127","SORIND":"US,US,graph,Chart 18628","DSNM":"US4CA2GF.000","APPROACH.UWTROC.FID":19746905,"enc_service":"enc_approach","enc_layer":"Underwater_Awash_Rock_point","enc_layer_id":37}},{"type":"Feature","id":19746756,"geometry":{"type":"Point","coordinates":[-123.78550899999937,39.24739899999986]},"properties":{"OBJL":153,"EXPSOU":null,"NATSUR":null,"NATQUA":null,"OBJNAM":null,"QUASOU":"2","SOUACC":null,"TECSOU":null,"VALSOU":null,"VERDAT":null,"WATLEV":4,"INFORM":null,"SCAMIN":89999,"SORDAT":"19991127","SORIND":"US,US,graph,Chart 18628","DSNM":"US4CA2GF.000","APPROACH.UWTROC.FID":19746756,"enc_service":"enc_approach","enc_layer":"Underwater_Awash_Rock_point","enc_layer_id":37}},{"type":"Feature","id":19746636,"geometry":{"type":"Point","coordinates":[-123.78164099999958,39.24557900000036]},"properties":{"OBJL":153,"EXPSOU":null,"NATSUR":null,"NATQUA":null,"OBJNAM":null,"QUASOU":"2","SOUACC":null,"TECSOU":null,"VALSOU":null,"VERDAT":null,"WATLEV":3,"INFORM":null,"SCAMIN":null,"SORDAT":"19991127","SORIND":"US,US,graph,Chart 18628","DSNM":"US4CA2GF.000","APPROACH.UWTROC.FID":19746636,"enc_service":"enc_approach","enc_layer":"Underwater_Awash_Rock_point","enc_layer_id":37}},{"type":"Feature","id":19746721,"geometry":{"type":"Point","coordinates":[-123.78090399999928,39.23302499999954]},"properties":{"OBJL":153,"EXPSOU":null,"NATSUR":null,"NATQUA":null,"OBJNAM":null,"QUASOU":"2","SOUACC":null,"TECSOU":null,"VALSOU":null,"VERDAT":null,"WATLEV":4,"INFORM":null,"SCAMIN":null,"SORDAT":"19991127","SORIND":"US,US,graph,Chart 18628","DSNM":"US4CA2GF.000","APPROACH.UWTROC.FID":19746721,"enc_service":"enc_approach","enc_layer":"Underwater_Awash_Rock_point","enc_layer_id":37}},{"type":"Feature","id":19746895,"geometry":{"type":"Point","coordinates":[-123.77928400000019,39.23039699999936]},"properties":{"OBJL":153,"EXPSOU":null,"NATSUR":null,"NATQUA":null,"OBJNAM":null,"QUASOU":"2","SOUACC":null,"TECSOU":null,"VALSOU":null,"VERDAT":null,"WATLEV":4,"INFORM":null,"SCAMIN":null,"SORDAT":"19991127","SORIND":"US,US,graph,Chart 18628","DSNM":"US4CA2GF.000","APPROACH.UWTROC.FID":19746895,"enc_service":"enc_approach","enc_layer":"Underwater_Awash_Rock_point","enc_layer_id":37}},{"type":"Feature","id":19746947,"geometry":{"type":"Point","coordinates":[-123.77892000000065,39.223699000000124]},"properties":{"OBJL":153,"EXPSOU":null,"NATSUR":null,"NATQUA":null,"OBJNAM":null,"QUASOU":"2","SOUACC":null,"TECSOU":null,"VALSOU":null,"VERDAT":null,"WATLEV":4,"INFORM":null,"SCAMIN":null,"SORDAT":"19991127","SORIND":"US,US,graph,Chart 18628","DSNM":"US4CA2GF.000","APPROACH.UWTROC.FID":19746947,"enc_service":"enc_approach","enc_layer":"Underwater_Awash_Rock_point","enc_layer_id":37}},{"type":"Feature","id":19746750,"geometry":{"type":"Point","coordinates":[-123.77854599999955,39.236871999999494]},"properties":{"OBJL":153,"EXPSOU":null,"NATSUR":null,"NATQUA":null,"OBJNAM":null,"QUASOU":"2","SOUACC":null,"TECSOU":null,"VALSOU":null,"VERDAT":null,"WATLEV":4,"INFORM":null,"SCAMIN":null,"SORDAT":"19991127","SORIND":"US,US,graph,Chart 18628","DSNM":"US4CA2GF.000","APPROACH.UWTROC.FID":19746750,"enc_service":"enc_approach","enc_layer":"Underwater_Awash_Rock_point","enc_layer_id":37}},{"type":"Feature","id":19746844,"geometry":{"type":"Point","coordinates":[-123.77813720000086,39.23017729999992]},"properties":{"OBJL":153,"EXPSOU":1,"NATSUR":null,"NATQUA":null,"OBJNAM":null,"QUASOU":"6","SOUACC":null,"TECSOU":null,"VALSOU":9.4,"VERDAT":null,"WATLEV":3,"INFORM":null,"SCAMIN":null,"SORDAT":"201110","SORIND":"US,US,graph,Chart 18628","DSNM":"US4CA2GF.000","APPROACH.UWTROC.FID":19746844,"enc_service":"enc_approach","enc_layer":"Underwater_Awash_Rock_point","enc_layer_id":37}},{"type":"Feature","id":19746943,"geometry":{"type":"Point","coordinates":[-123.77680900000087,39.21516300000076]},"properties":{"OBJL":153,"EXPSOU":null,"NATSUR":null,"NATQUA":null,"OBJNAM":null,"QUASOU":"2","SOUACC":null,"TECSOU":null,"VALSOU":null,"VERDAT":null,"WATLEV":3,"INFORM":null,"SCAMIN":null,"SORDAT":"19991127","SORIND":"US,US,graph,Chart 18628","DSNM":"US4CA2GF.000","APPROACH.UWTROC.FID":19746943,"enc_service":"enc_approach","enc_layer":"Underwater_Awash_Rock_point","enc_layer_id":37}},{"type":"Feature","id":19746841,"geometry":{"type":"Point","coordinates":[-123.77662699999928,39.21252199999981]},"properties":{"OBJL":153,"EXPSOU":null,"NATSUR":null,"NATQUA":null,"OBJNAM":null,"QUASOU":"2","SOUACC":null,"TECSOU":null,"VALSOU":null,"VERDAT":null,"WATLEV":4,"INFORM":null,"SCAMIN":null,"SORDAT":"19991127","SORIND":"US,US,graph,Chart 18628","DSNM":"US4CA2GF.000","APPROACH.UWTROC.FID":19746841,"enc_service":"enc_approach","enc_layer":"Underwater_Awash_Rock_point","enc_layer_id":37}},{"type":"Feature","id":19746629,"geometry":{"type":"Point","coordinates":[-123.77652900000066,39.22241500000018]},"properties":{"OBJL":153,"EXPSOU":null,"NATSUR":null,"NATQUA":null,"OBJNAM":null,"QUASOU":"2","SOUACC":null,"TECSOU":null,"VALSOU":null,"VERDAT":null,"WATLEV":4,"INFORM":null,"SCAMIN":null,"SORDAT":"19991127","SORIND":"US,US,graph,Chart 18628","DSNM":"US4CA2GF.000","APPROACH.UWTROC.FID":19746629,"enc_service":"enc_approach","enc_layer":"Underwater_Awash_Rock_point","enc_layer_id":37}},{"type":"Feature","id":19746625,"geometry":{"type":"Point","coordinates":[-123.77463499999976,39.218651999999565]},"properties":{"OBJL":153,"EXPSOU":null,"NATSUR":null,"NATQUA":null,"OBJNAM":null,"QUASOU":"2","SOUACC":null,"TECSOU":null,"VALSOU":null,"VERDAT":null,"WATLEV":4,"INFORM":null,"SCAMIN":null,"SORDAT":"19991127","SORIND":"US,US,graph,Chart 18628","DSNM":"US4CA2GF.000","APPROACH.UWTROC.FID":19746625,"enc_service":"enc_approach","enc_layer":"Underwater_Awash_Rock_point","enc_layer_id":37}},{"type":"Feature","id":19746891,"geometry":{"type":"Point","coordinates":[-123.77461100000073,39.201531000000614]},"properties":{"OBJL":153,"EXPSOU":null,"NATSUR":null,"NATQUA":null,"OBJNAM":null,"QUASOU":"2","SOUACC":null,"TECSOU":null,"VALSOU":null,"VERDAT":null,"WATLEV":4,"INFORM":null,"SCAMIN":null,"SORDAT":"20000916","SORIND":"US,US,graph,Chart 18626","DSNM":"US4CA2GF.000","APPROACH.UWTROC.FID":19746891,"enc_service":"enc_approach","enc_layer":"Underwater_Awash_Rock_point","enc_layer_id":37}},{"type":"Feature","id":19746711,"geometry":{"type":"Point","coordinates":[-123.77398600000015,39.220133999999234]},"properties":{"OBJL":153,"EXPSOU":null,"NATSUR":null,"NATQUA":null,"OBJNAM":null,"QUASOU":"2","SOUACC":null,"TECSOU":null,"VALSOU":null,"VERDAT":null,"WATLEV":4,"INFORM":null,"SCAMIN":null,"SORDAT":"19991127","SORIND":"US,US,graph,Chart 18628","DSNM":"US4CA2GF.000","APPROACH.UWTROC.FID":19746711,"enc_service":"enc_approach","enc_layer":"Underwater_Awash_Rock_point","enc_layer_id":37}},{"type":"Feature","id":19746793,"geometry":{"type":"Point","coordinates":[-123.77329099999952,39.22067099999913]},"properties":{"OBJL":153,"EXPSOU":null,"NATSUR":null,"NATQUA":null,"OBJNAM":null,"QUASOU":"2","SOUACC":null,"TECSOU":null,"VALSOU":null,"VERDAT":null,"WATLEV":4,"INFORM":null,"SCAMIN":null,"SORDAT":"19991127","SORIND":"US,US,graph,Chart 18628","DSNM":"US4CA2GF.000","APPROACH.UWTROC.FID":19746793,"enc_service":"enc_approach","enc_layer":"Underwater_Awash_Rock_point","enc_layer_id":37}},{"type":"Feature","id":19746887,"geometry":{"type":"Point","coordinates":[-123.77219700000023,39.21860000000015]},"properties":{"OBJL":153,"EXPSOU":null,"NATSUR":null,"NATQUA":null,"OBJNAM":null,"QUASOU":"2","SOUACC":null,"TECSOU":null,"VALSOU":null,"VERDAT":null,"WATLEV":4,"INFORM":null,"SCAMIN":null,"SORDAT":"19991127","SORIND":"US,US,graph,Chart 18628","DSNM":"US4CA2GF.000","APPROACH.UWTROC.FID":19746887,"enc_service":"enc_approach","enc_layer":"Underwater_Awash_Rock_point","enc_layer_id":37}},{"type":"Feature","id":19746837,"geometry":{"type":"Point","coordinates":[-123.77213060000031,39.19305829999939]},"properties":{"OBJL":153,"EXPSOU":2,"NATSUR":null,"NATQUA":null,"OBJNAM":null,"QUASOU":"6","SOUACC":null,"TECSOU":null,"VALSOU":3.9,"VERDAT":null,"WATLEV":3,"INFORM":null,"SCAMIN":null,"SORDAT":"20090901","SORIND":"US,US,reprt,L-1820/09","DSNM":"US4CA2GF.000","APPROACH.UWTROC.FID":19746837,"enc_service":"enc_approach","enc_layer":"Underwater_Awash_Rock_point","enc_layer_id":37}},{"type":"Feature","id":19746885,"geometry":{"type":"Point","coordinates":[-123.7716390000005,39.227350999999544]},"properties":{"OBJL":153,"EXPSOU":null,"NATSUR":null,"NATQUA":null,"OBJNAM":null,"QUASOU":"2","SOUACC":null,"TECSOU":null,"VALSOU":null,"VERDAT":null,"WATLEV":4,"INFORM":null,"SCAMIN":null,"SORDAT":"19991127","SORIND":"US,US,graph,Chart 18628","DSNM":"US4CA2GF.000","APPROACH.UWTROC.FID":19746885,"enc_service":"enc_approach","enc_layer":"Underwater_Awash_Rock_point","enc_layer_id":37}},{"type":"Feature","id":19746671,"geometry":{"type":"Point","coordinates":[-123.7709589999995,39.2001450000007]},"properties":{"OBJL":153,"EXPSOU":null,"NATSUR":null,"NATQUA":null,"OBJNAM":null,"QUASOU":"2","SOUACC":null,"TECSOU":null,"VALSOU":null,"VERDAT":null,"WATLEV":4,"INFORM":null,"SCAMIN":null,"SORDAT":"20000916","SORIND":"US,US,graph,Chart 18626","DSNM":"US4CA2GF.000","APPROACH.UWTROC.FID":19746671,"enc_service":"enc_approach","enc_layer":"Underwater_Awash_Rock_point","enc_layer_id":37}},{"type":"Feature","id":19746743,"geometry":{"type":"Point","coordinates":[-123.76635999999962,39.189119000000574]},"properties":{"OBJL":153,"EXPSOU":null,"NATSUR":null,"NATQUA":null,"OBJNAM":null,"QUASOU":"2","SOUACC":null,"TECSOU":null,"VALSOU":null,"VERDAT":null,"WATLEV":4,"INFORM":null,"SCAMIN":null,"SORDAT":"20000916","SORIND":"US,US,graph,Chart 18626","DSNM":"US4CA2GF.000","APPROACH.UWTROC.FID":19746743,"enc_service":"enc_approach","enc_layer":"Underwater_Awash_Rock_point","enc_layer_id":37}},{"type":"Feature","id":19746931,"geometry":{"type":"Point","coordinates":[-123.76171299999987,39.18159299999934]},"properties":{"OBJL":153,"EXPSOU":null,"NATSUR":null,"NATQUA":null,"OBJNAM":null,"QUASOU":"2","SOUACC":null,"TECSOU":null,"VALSOU":null,"VERDAT":null,"WATLEV":4,"INFORM":null,"SCAMIN":null,"SORDAT":"20000916","SORIND":"US,US,graph,Chart 18626","DSNM":"US4CA2GF.000","APPROACH.UWTROC.FID":19746931,"enc_service":"enc_approach","enc_layer":"Underwater_Awash_Rock_point","enc_layer_id":37}},{"type":"Feature","id":19746789,"geometry":{"type":"Point","coordinates":[-123.75820200000089,39.17514099999971]},"properties":{"OBJL":153,"EXPSOU":null,"NATSUR":null,"NATQUA":null,"OBJNAM":null,"QUASOU":"2","SOUACC":null,"TECSOU":null,"VALSOU":null,"VERDAT":null,"WATLEV":3,"INFORM":null,"SCAMIN":null,"SORDAT":"20000916","SORIND":"US,US,graph,Chart 18626","DSNM":"US4CA2GF.000","APPROACH.UWTROC.FID":19746789,"enc_service":"enc_approach","enc_layer":"Underwater_Awash_Rock_point","enc_layer_id":37}},{"type":"Feature","id":19746788,"geometry":{"type":"Point","coordinates":[-123.75722700000006,39.17540200000076]},"properties":{"OBJL":153,"EXPSOU":null,"NATSUR":null,"NATQUA":null,"OBJNAM":null,"QUASOU":"2","SOUACC":null,"TECSOU":null,"VALSOU":null,"VERDAT":null,"WATLEV":4,"INFORM":null,"SCAMIN":null,"SORDAT":"20000916","SORIND":"US,US,graph,Chart 18626","DSNM":"US4CA2GF.000","APPROACH.UWTROC.FID":19746788,"enc_service":"enc_approach","enc_layer":"Underwater_Awash_Rock_point","enc_layer_id":37}},{"type":"Feature","id":19746832,"geometry":{"type":"Point","coordinates":[-123.75693900000078,39.18198900000061]},"properties":{"OBJL":153,"EXPSOU":null,"NATSUR":null,"NATQUA":null,"OBJNAM":null,"QUASOU":"2","SOUACC":null,"TECSOU":null,"VALSOU":null,"VERDAT":null,"WATLEV":4,"INFORM":null,"SCAMIN":null,"SORDAT":"20000916","SORIND":"US,US,graph,Chart 18626","DSNM":"US4CA2GF.000","APPROACH.UWTROC.FID":19746832,"enc_service":"enc_approach","enc_layer":"Underwater_Awash_Rock_point","enc_layer_id":37}},{"type":"Feature","id":19746669,"geometry":{"type":"Point","coordinates":[-123.74993200000063,39.173054000000775]},"properties":{"OBJL":153,"EXPSOU":null,"NATSUR":null,"NATQUA":null,"OBJNAM":null,"QUASOU":"2","SOUACC":null,"TECSOU":null,"VALSOU":null,"VERDAT":null,"WATLEV":3,"INFORM":null,"SCAMIN":null,"SORDAT":"20000916","SORIND":"US,US,graph,Chart 18626","DSNM":"US4CA2GF.000","APPROACH.UWTROC.FID":19746669,"enc_service":"enc_approach","enc_layer":"Underwater_Awash_Rock_point","enc_layer_id":37}},{"type":"Feature","id":19746830,"geometry":{"type":"Point","coordinates":[-123.74749999999949,39.16409999999996]},"properties":{"OBJL":153,"EXPSOU":null,"NATSUR":null,"NATQUA":null,"OBJNAM":null,"QUASOU":"2","SOUACC":null,"TECSOU":null,"VALSOU":null,"VERDAT":null,"WATLEV":4,"INFORM":null,"SCAMIN":89999,"SORDAT":"20000916","SORIND":"US,US,graph,Chart 18626","DSNM":"US4CA2GF.000","APPROACH.UWTROC.FID":19746830,"enc_service":"enc_approach","enc_layer":"Underwater_Awash_Rock_point","enc_layer_id":37}},{"type":"Feature","id":19746784,"geometry":{"type":"Point","coordinates":[-123.74243000000024,39.16350600000078]},"properties":{"OBJL":153,"EXPSOU":null,"NATSUR":null,"NATQUA":null,"OBJNAM":null,"QUASOU":"2","SOUACC":null,"TECSOU":null,"VALSOU":null,"VERDAT":null,"WATLEV":3,"INFORM":null,"SCAMIN":null,"SORDAT":"20000916","SORIND":"US,US,graph,Chart 18626","DSNM":"US4CA2GF.000","APPROACH.UWTROC.FID":19746784,"enc_service":"enc_approach","enc_layer":"Underwater_Awash_Rock_point","enc_layer_id":37}},{"type":"Feature","id":19746666,"geometry":{"type":"Point","coordinates":[-123.74188800000047,39.16436000000067]},"properties":{"OBJL":153,"EXPSOU":null,"NATSUR":null,"NATQUA":null,"OBJNAM":null,"QUASOU":"2","SOUACC":null,"TECSOU":null,"VALSOU":null,"VERDAT":null,"WATLEV":4,"INFORM":null,"SCAMIN":null,"SORDAT":"20000916","SORIND":"US,US,graph,Chart 18626","DSNM":"US4CA2GF.000","APPROACH.UWTROC.FID":19746666,"enc_service":"enc_approach","enc_layer":"Underwater_Awash_Rock_point","enc_layer_id":37}},{"type":"Feature","id":19746642,"geometry":{"type":"Point","coordinates":[-123.78810069999963,39.24658070000078]},"properties":{"OBJL":153,"EXPSOU":1,"NATSUR":null,"NATQUA":null,"OBJNAM":null,"QUASOU":"6","SOUACC":null,"TECSOU":null,"VALSOU":6.7,"VERDAT":null,"WATLEV":3,"INFORM":null,"SCAMIN":null,"SORDAT":"201110","SORIND":"US,US,graph,Chart 18628","DSNM":"US4CA2GF.000","APPROACH.UWTROC.FID":19746642,"enc_service":"enc_approach","enc_layer":"Underwater_Awash_Rock_point","enc_layer_id":37}},{"type":"Feature","id":19746639,"geometry":{"type":"Point","coordinates":[-123.7846329999993,39.23095300000023]},"properties":{"OBJL":153,"EXPSOU":null,"NATSUR":null,"NATQUA":null,"OBJNAM":null,"QUASOU":"2","SOUACC":null,"TECSOU":null,"VALSOU":null,"VERDAT":null,"WATLEV":4,"INFORM":null,"SCAMIN":null,"SORDAT":"19991127","SORIND":"US,US,graph,Chart 18628","DSNM":"US4CA2GF.000","APPROACH.UWTROC.FID":19746639,"enc_service":"enc_approach","enc_layer":"Underwater_Awash_Rock_point","enc_layer_id":37}},{"type":"Feature","id":19746806,"geometry":{"type":"Point","coordinates":[-123.78429689999939,39.23653949999971]},"properties":{"OBJL":153,"EXPSOU":1,"NATSUR":null,"NATQUA":null,"OBJNAM":null,"QUASOU":"6","SOUACC":null,"TECSOU":null,"VALSOU":1.8,"VERDAT":null,"WATLEV":3,"INFORM":null,"SCAMIN":null,"SORDAT":"201110","SORIND":"US,US,graph,Chart 18628","DSNM":"US4CA2GF.000","APPROACH.UWTROC.FID":19746806,"enc_service":"enc_approach","enc_layer":"Underwater_Awash_Rock_point","enc_layer_id":37}},{"type":"Feature","id":19746903,"geometry":{"type":"Point","coordinates":[-123.78346000000056,39.230610000000524]},"properties":{"OBJL":153,"EXPSOU":null,"NATSUR":null,"NATQUA":null,"OBJNAM":null,"QUASOU":"2","SOUACC":null,"TECSOU":null,"VALSOU":null,"VERDAT":null,"WATLEV":3,"INFORM":null,"SCAMIN":null,"SORDAT":"19991127","SORIND":"US,US,graph,Chart 18628","DSNM":"US4CA2GF.000","APPROACH.UWTROC.FID":19746903,"enc_service":"enc_approach","enc_layer":"Underwater_Awash_Rock_point","enc_layer_id":37}},{"type":"Feature","id":19746754,"geometry":{"type":"Point","coordinates":[-123.78138330000002,39.22022870000001]},"properties":{"OBJL":153,"EXPSOU":1,"NATSUR":null,"NATQUA":null,"OBJNAM":null,"QUASOU":"6","SOUACC":null,"TECSOU":null,"VALSOU":8.5,"VERDAT":null,"WATLEV":3,"INFORM":null,"SCAMIN":null,"SORDAT":"19991127","SORIND":"US,US,graph,Chart 18628","DSNM":"US4CA2GF.000","APPROACH.UWTROC.FID":19746754,"enc_service":"enc_approach","enc_layer":"Underwater_Awash_Rock_point","enc_layer_id":37}},{"type":"Feature","id":19746847,"geometry":{"type":"Point","coordinates":[-123.78068300000086,39.23543400000017]},"properties":{"OBJL":153,"EXPSOU":null,"NATSUR":null,"NATQUA":null,"OBJNAM":null,"QUASOU":"2","SOUACC":null,"TECSOU":null,"VALSOU":null,"VERDAT":null,"WATLEV":4,"INFORM":null,"SCAMIN":null,"SORDAT":"19991127","SORIND":"US,US,graph,Chart 18628","DSNM":"US4CA2GF.000","APPROACH.UWTROC.FID":19746847,"enc_service":"enc_approach","enc_layer":"Underwater_Awash_Rock_point","enc_layer_id":37}},{"type":"Feature","id":19746719,"geometry":{"type":"Point","coordinates":[-123.78028900000027,39.21394099999998]},"properties":{"OBJL":153,"EXPSOU":null,"NATSUR":null,"NATQUA":null,"OBJNAM":null,"QUASOU":"2","SOUACC":null,"TECSOU":null,"VALSOU":null,"VERDAT":null,"WATLEV":4,"INFORM":null,"SCAMIN":null,"SORDAT":"19991127","SORIND":"US,US,graph,Chart 18628","DSNM":"US4CA2GF.000","APPROACH.UWTROC.FID":19746719,"enc_service":"enc_approach","enc_layer":"Underwater_Awash_Rock_point","enc_layer_id":37}},{"type":"Feature","id":19746635,"geometry":{"type":"Point","coordinates":[-123.78025999999954,39.24306600000091]},"properties":{"OBJL":153,"EXPSOU":null,"NATSUR":null,"NATQUA":null,"OBJNAM":null,"QUASOU":"2","SOUACC":null,"TECSOU":null,"VALSOU":null,"VERDAT":null,"WATLEV":4,"INFORM":null,"SCAMIN":null,"SORDAT":"19991127","SORIND":"US,US,graph,Chart 18628","DSNM":"US4CA2GF.000","APPROACH.UWTROC.FID":19746635,"enc_service":"enc_approach","enc_layer":"Underwater_Awash_Rock_point","enc_layer_id":37}},{"type":"Feature","id":19746749,"geometry":{"type":"Point","coordinates":[-123.77843799999937,39.21029400000043]},"properties":{"OBJL":153,"EXPSOU":null,"NATSUR":null,"NATQUA":null,"OBJNAM":null,"QUASOU":"2","SOUACC":null,"TECSOU":null,"VALSOU":null,"VERDAT":null,"WATLEV":4,"INFORM":null,"SCAMIN":null,"SORDAT":"20000916","SORIND":"US,US,graph,Chart 18626","DSNM":"US4CA2GF.000","APPROACH.UWTROC.FID":19746749,"enc_service":"enc_approach","enc_layer":"Underwater_Awash_Rock_point","enc_layer_id":37}},{"type":"Feature","id":19746946,"geometry":{"type":"Point","coordinates":[-123.77837499999987,39.21228599999995]},"properties":{"OBJL":153,"EXPSOU":null,"NATSUR":null,"NATQUA":null,"OBJNAM":null,"QUASOU":"2","SOUACC":null,"TECSOU":null,"VALSOU":null,"VERDAT":null,"WATLEV":3,"INFORM":null,"SCAMIN":null,"SORDAT":"19991127","SORIND":"US,US,graph,Chart 18628","DSNM":"US4CA2GF.000","APPROACH.UWTROC.FID":19746946,"enc_service":"enc_approach","enc_layer":"Underwater_Awash_Rock_point","enc_layer_id":37}},{"type":"Feature","id":19746630,"geometry":{"type":"Point","coordinates":[-123.77782699999989,39.22220600000037]},"properties":{"OBJL":153,"EXPSOU":null,"NATSUR":null,"NATQUA":null,"OBJNAM":null,"QUASOU":"2","SOUACC":null,"TECSOU":null,"VALSOU":null,"VERDAT":null,"WATLEV":4,"INFORM":null,"SCAMIN":null,"SORDAT":"19991127","SORIND":"US,US,graph,Chart 18628","DSNM":"US4CA2GF.000","APPROACH.UWTROC.FID":19746630,"enc_service":"enc_approach","enc_layer":"Underwater_Awash_Rock_point","enc_layer_id":37}},{"type":"Feature","id":19746842,"geometry":{"type":"Point","coordinates":[-123.77706580000086,39.204869499999404]},"properties":{"OBJL":153,"EXPSOU":null,"NATSUR":null,"NATQUA":null,"OBJNAM":null,"QUASOU":"2","SOUACC":null,"TECSOU":null,"VALSOU":null,"VERDAT":null,"WATLEV":3,"INFORM":null,"SCAMIN":null,"SORDAT":"20000916","SORIND":"US,US,graph,Chart 18626","DSNM":"US4CA2GF.000","APPROACH.UWTROC.FID":19746842,"enc_service":"enc_approach","enc_layer":"Underwater_Awash_Rock_point","enc_layer_id":37}},{"type":"Feature","id":19746940,"geometry":{"type":"Point","coordinates":[-123.775936,39.22944500000085]},"properties":{"OBJL":153,"EXPSOU":null,"NATSUR":null,"NATQUA":null,"OBJNAM":null,"QUASOU":"2","SOUACC":null,"TECSOU":null,"VALSOU":null,"VERDAT":null,"WATLEV":4,"INFORM":null,"SCAMIN":null,"SORDAT":"19991127","SORIND":"US,US,graph,Chart 18628","DSNM":"US4CA2GF.000","APPROACH.UWTROC.FID":19746940,"enc_service":"enc_approach","enc_layer":"Underwater_Awash_Rock_point","enc_layer_id":37}},{"type":"Feature","id":19746626,"geometry":{"type":"Point","coordinates":[-123.7752959999998,39.22159400000055]},"properties":{"OBJL":153,"EXPSOU":null,"NATSUR":null,"NATQUA":null,"OBJNAM":null,"QUASOU":"2","SOUACC":null,"TECSOU":null,"VALSOU":null,"VERDAT":null,"WATLEV":4,"INFORM":null,"SCAMIN":null,"SORDAT":"19991127","SORIND":"US,US,graph,Chart 18628","DSNM":"US4CA2GF.000","APPROACH.UWTROC.FID":19746626,"enc_service":"enc_approach","enc_layer":"Underwater_Awash_Rock_point","enc_layer_id":37}},{"type":"Feature","id":19746797,"geometry":{"type":"Point","coordinates":[-123.77498700000069,39.215008999999554]},"properties":{"OBJL":153,"EXPSOU":null,"NATSUR":null,"NATQUA":null,"OBJNAM":null,"QUASOU":"2","SOUACC":null,"TECSOU":null,"VALSOU":null,"VERDAT":null,"WATLEV":4,"INFORM":null,"SCAMIN":null,"SORDAT":"19991127","SORIND":"US,US,graph,Chart 18628","DSNM":"US4CA2GF.000","APPROACH.UWTROC.FID":19746797,"enc_service":"enc_approach","enc_layer":"Underwater_Awash_Rock_point","enc_layer_id":37}},{"type":"Feature","id":19746935,"geometry":{"type":"Point","coordinates":[-123.77369200000066,39.20130000000063]},"properties":{"OBJL":153,"EXPSOU":null,"NATSUR":null,"NATQUA":null,"OBJNAM":null,"QUASOU":"2","SOUACC":null,"TECSOU":null,"VALSOU":null,"VERDAT":null,"WATLEV":4,"INFORM":null,"SCAMIN":null,"SORDAT":"20000916","SORIND":"US,US,graph,Chart 18626","DSNM":"US4CA2GF.000","APPROACH.UWTROC.FID":19746935,"enc_service":"enc_approach","enc_layer":"Underwater_Awash_Rock_point","enc_layer_id":37}},{"type":"Feature","id":19746888,"geometry":{"type":"Point","coordinates":[-123.7736590000004,39.19995100000051]},"properties":{"OBJL":153,"EXPSOU":null,"NATSUR":null,"NATQUA":null,"OBJNAM":null,"QUASOU":"2","SOUACC":null,"TECSOU":null,"VALSOU":null,"VERDAT":null,"WATLEV":3,"INFORM":null,"SCAMIN":null,"SORDAT":"20000916","SORIND":"US,US,graph,Chart 18626","DSNM":"US4CA2GF.000","APPROACH.UWTROC.FID":19746888,"enc_service":"enc_approach","enc_layer":"Underwater_Awash_Rock_point","enc_layer_id":37}},{"type":"Feature","id":19746710,"geometry":{"type":"Point","coordinates":[-123.77294599999914,39.21884999999929]},"properties":{"OBJL":153,"EXPSOU":null,"NATSUR":null,"NATQUA":null,"OBJNAM":null,"QUASOU":"2","SOUACC":null,"TECSOU":null,"VALSOU":null,"VERDAT":null,"WATLEV":4,"INFORM":null,"SCAMIN":null,"SORDAT":"19991127","SORIND":"US,US,graph,Chart 18628","DSNM":"US4CA2GF.000","APPROACH.UWTROC.FID":19746710,"enc_service":"enc_approach","enc_layer":"Underwater_Awash_Rock_point","enc_layer_id":37}},{"type":"Feature","id":19746886,"geometry":{"type":"Point","coordinates":[-123.77197700000033,39.196115999999165]},"properties":{"OBJL":153,"EXPSOU":null,"NATSUR":null,"NATQUA":null,"OBJNAM":null,"QUASOU":"2","SOUACC":null,"TECSOU":null,"VALSOU":null,"VERDAT":null,"WATLEV":4,"INFORM":null,"SCAMIN":null,"SORDAT":"20000916","SORIND":"US,US,graph,Chart 18626","DSNM":"US4CA2GF.000","APPROACH.UWTROC.FID":19746886,"enc_service":"enc_approach","enc_layer":"Underwater_Awash_Rock_point","enc_layer_id":37}},{"type":"Feature","id":19746742,"geometry":{"type":"Point","coordinates":[-123.76008299999921,39.18531900000016]},"properties":{"OBJL":153,"EXPSOU":null,"NATSUR":null,"NATQUA":null,"OBJNAM":null,"QUASOU":"2","SOUACC":null,"TECSOU":null,"VALSOU":null,"VERDAT":null,"WATLEV":4,"INFORM":null,"SCAMIN":null,"SORDAT":"20000916","SORIND":"US,US,graph,Chart 18626","DSNM":"US4CA2GF.000","APPROACH.UWTROC.FID":19746742,"enc_service":"enc_approach","enc_layer":"Underwater_Awash_Rock_point","enc_layer_id":37}},{"type":"Feature","id":19746927,"geometry":{"type":"Point","coordinates":[-123.74555399999917,39.165978000000905]},"properties":{"OBJL":153,"EXPSOU":null,"NATSUR":null,"NATQUA":null,"OBJNAM":null,"QUASOU":"2","SOUACC":null,"TECSOU":null,"VALSOU":null,"VERDAT":null,"WATLEV":3,"INFORM":null,"SCAMIN":null,"SORDAT":"20000916","SORIND":"US,US,graph,Chart 18626","DSNM":"US4CA2GF.000","APPROACH.UWTROC.FID":19746927,"enc_service":"enc_approach","enc_layer":"Underwater_Awash_Rock_point","enc_layer_id":37}},{"type":"Feature","id":19746781,"geometry":{"type":"Point","coordinates":[-123.7407820999997,39.14248899999984]},"properties":{"OBJL":153,"EXPSOU":null,"NATSUR":null,"NATQUA":null,"OBJNAM":null,"QUASOU":"2","SOUACC":null,"TECSOU":null,"VALSOU":null,"VERDAT":null,"WATLEV":3,"INFORM":null,"SCAMIN":null,"SORDAT":"20000916","SORIND":"US,US,graph,Chart 18626","DSNM":"US4CA2GF.000","APPROACH.UWTROC.FID":19746781,"enc_service":"enc_approach","enc_layer":"Underwater_Awash_Rock_point","enc_layer_id":37}},{"type":"Feature","id":19746906,"geometry":{"type":"Point","coordinates":[-123.78780600000027,39.239326200000505]},"properties":{"OBJL":153,"EXPSOU":1,"NATSUR":null,"NATQUA":null,"OBJNAM":null,"QUASOU":"6","SOUACC":null,"TECSOU":null,"VALSOU":7.3,"VERDAT":null,"WATLEV":3,"INFORM":null,"SCAMIN":null,"SORDAT":"201110","SORIND":"US,US,graph,Chart 18628","DSNM":"US4CA2GF.000","APPROACH.UWTROC.FID":19746906,"enc_service":"enc_approach","enc_layer":"Underwater_Awash_Rock_point","enc_layer_id":37}},{"type":"Feature","id":19746640,"geometry":{"type":"Point","coordinates":[-123.78604500000074,39.21530499999972]},"properties":{"OBJL":153,"EXPSOU":null,"NATSUR":null,"NATQUA":null,"OBJNAM":null,"QUASOU":"2","SOUACC":null,"TECSOU":null,"VALSOU":null,"VERDAT":null,"WATLEV":3,"INFORM":null,"SCAMIN":null,"SORDAT":"19991127","SORIND":"US,US,graph,Chart 18628","DSNM":"US4CA2GF.000","APPROACH.UWTROC.FID":19746640,"enc_service":"enc_approach","enc_layer":"Underwater_Awash_Rock_point","enc_layer_id":37}},{"type":"Feature","id":19746851,"geometry":{"type":"Point","coordinates":[-123.78400099999999,39.23097199999938]},"properties":{"OBJL":153,"EXPSOU":null,"NATSUR":null,"NATQUA":null,"OBJNAM":null,"QUASOU":"2","SOUACC":null,"TECSOU":null,"VALSOU":null,"VERDAT":null,"WATLEV":4,"INFORM":null,"SCAMIN":null,"SORDAT":"19991127","SORIND":"US,US,graph,Chart 18628","DSNM":"US4CA2GF.000","APPROACH.UWTROC.FID":19746851,"enc_service":"enc_approach","enc_layer":"Underwater_Awash_Rock_point","enc_layer_id":37}},{"type":"Feature","id":19746849,"geometry":{"type":"Point","coordinates":[-123.78266199999962,39.245875000000524]},"properties":{"OBJL":153,"EXPSOU":null,"NATSUR":null,"NATQUA":null,"OBJNAM":null,"QUASOU":"2","SOUACC":null,"TECSOU":null,"VALSOU":null,"VERDAT":null,"WATLEV":4,"INFORM":null,"SCAMIN":null,"SORDAT":"19991127","SORIND":"US,US,graph,Chart 18628","DSNM":"US4CA2GF.000","APPROACH.UWTROC.FID":19746849,"enc_service":"enc_approach","enc_layer":"Underwater_Awash_Rock_point","enc_layer_id":37}},{"type":"Feature","id":19746900,"geometry":{"type":"Point","coordinates":[-123.78179500000078,39.24519700000019]},"properties":{"OBJL":153,"EXPSOU":null,"NATSUR":null,"NATQUA":null,"OBJNAM":null,"QUASOU":"2","SOUACC":null,"TECSOU":null,"VALSOU":null,"VERDAT":null,"WATLEV":3,"INFORM":null,"SCAMIN":null,"SORDAT":"19991127","SORIND":"US,US,graph,Chart 18628","DSNM":"US4CA2GF.000","APPROACH.UWTROC.FID":19746900,"enc_service":"enc_approach","enc_layer":"Underwater_Awash_Rock_point","enc_layer_id":37}},{"type":"Feature","id":19746948,"geometry":{"type":"Point","coordinates":[-123.7811473999991,39.209396899999774]},"properties":{"OBJL":153,"EXPSOU":2,"NATSUR":null,"NATQUA":null,"OBJNAM":null,"QUASOU":"6","SOUACC":null,"TECSOU":null,"VALSOU":4.8,"VERDAT":null,"WATLEV":3,"INFORM":null,"SCAMIN":null,"SORDAT":"20090901","SORIND":"US,US,reprt,1820/09","DSNM":"US4CA2GF.000","APPROACH.UWTROC.FID":19746948,"enc_service":"enc_approach","enc_layer":"Underwater_Awash_Rock_point","enc_layer_id":37}},{"type":"Feature","id":19746633,"geometry":{"type":"Point","coordinates":[-123.78013400000054,39.24383200000011]},"properties":{"OBJL":153,"EXPSOU":null,"NATSUR":null,"NATQUA":null,"OBJNAM":null,"QUASOU":"2","SOUACC":null,"TECSOU":null,"VALSOU":null,"VERDAT":null,"WATLEV":4,"INFORM":null,"SCAMIN":null,"SORDAT":"19991127","SORIND":"US,US,graph,Chart 18628","DSNM":"US4CA2GF.000","APPROACH.UWTROC.FID":19746633,"enc_service":"enc_approach","enc_layer":"Underwater_Awash_Rock_point","enc_layer_id":37}},{"type":"Feature","id":19746897,"geometry":{"type":"Point","coordinates":[-123.77958299999955,39.23935899999924]},"properties":{"OBJL":153,"EXPSOU":null,"NATSUR":null,"NATQUA":null,"OBJNAM":null,"QUASOU":"2","SOUACC":null,"TECSOU":null,"VALSOU":null,"VERDAT":null,"WATLEV":3,"INFORM":null,"SCAMIN":null,"SORDAT":"19991127","SORIND":"US,US,graph,Chart 18628","DSNM":"US4CA2GF.000","APPROACH.UWTROC.FID":19746897,"enc_service":"enc_approach","enc_layer":"Underwater_Awash_Rock_point","enc_layer_id":37}},{"type":"Feature","id":19746752,"geometry":{"type":"Point","coordinates":[-123.77937600000041,39.214828000000125]},"properties":{"OBJL":153,"EXPSOU":null,"NATSUR":null,"NATQUA":null,"OBJNAM":null,"QUASOU":"2","SOUACC":null,"TECSOU":null,"VALSOU":null,"VERDAT":null,"WATLEV":4,"INFORM":null,"SCAMIN":null,"SORDAT":"19991127","SORIND":"US,US,graph,Chart 18628","DSNM":"US4CA2GF.000","APPROACH.UWTROC.FID":19746752,"enc_service":"enc_approach","enc_layer":"Underwater_Awash_Rock_point","enc_layer_id":37}},{"type":"Feature","id":19746944,"geometry":{"type":"Point","coordinates":[-123.77780100000018,39.223799999999756]},"properties":{"OBJL":153,"EXPSOU":null,"NATSUR":null,"NATQUA":null,"OBJNAM":null,"QUASOU":"2","SOUACC":null,"TECSOU":null,"VALSOU":null,"VERDAT":null,"WATLEV":4,"INFORM":null,"SCAMIN":null,"SORDAT":"19991127","SORIND":"US,US,graph,Chart 18628","DSNM":"US4CA2GF.000","APPROACH.UWTROC.FID":19746944,"enc_service":"enc_approach","enc_layer":"Underwater_Awash_Rock_point","enc_layer_id":37}},{"type":"Feature","id":19746800,"geometry":{"type":"Point","coordinates":[-123.7758470000008,39.21640400000069]},"properties":{"OBJL":153,"EXPSOU":null,"NATSUR":null,"NATQUA":null,"OBJNAM":null,"QUASOU":"2","SOUACC":null,"TECSOU":null,"VALSOU":null,"VERDAT":null,"WATLEV":4,"INFORM":null,"SCAMIN":null,"SORDAT":"19991127","SORIND":"US,US,graph,Chart 18628","DSNM":"US4CA2GF.000","APPROACH.UWTROC.FID":19746800,"enc_service":"enc_approach","enc_layer":"Underwater_Awash_Rock_point","enc_layer_id":37}},{"type":"Feature","id":19746892,"geometry":{"type":"Point","coordinates":[-123.77570399999968,39.205785000000105]},"properties":{"OBJL":153,"EXPSOU":null,"NATSUR":null,"NATQUA":null,"OBJNAM":null,"QUASOU":"2","SOUACC":null,"TECSOU":null,"VALSOU":null,"VERDAT":null,"WATLEV":4,"INFORM":null,"SCAMIN":null,"SORDAT":"20000916","SORIND":"US,US,graph,Chart 18626","DSNM":"US4CA2GF.000","APPROACH.UWTROC.FID":19746892,"enc_service":"enc_approach","enc_layer":"Underwater_Awash_Rock_point","enc_layer_id":37}},{"type":"Feature","id":19746681,"geometry":{"type":"Point","coordinates":[-123.77555100000063,39.22123300000021]},"properties":{"OBJL":153,"EXPSOU":null,"NATSUR":null,"NATQUA":null,"OBJNAM":null,"QUASOU":"2","SOUACC":null,"TECSOU":null,"VALSOU":null,"VERDAT":null,"WATLEV":4,"INFORM":null,"SCAMIN":null,"SORDAT":"19991127","SORIND":"US,US,graph,Chart 18628","DSNM":"US4CA2GF.000","APPROACH.UWTROC.FID":19746681,"enc_service":"enc_approach","enc_layer":"Underwater_Awash_Rock_point","enc_layer_id":37}},{"type":"Feature","id":19746746,"geometry":{"type":"Point","coordinates":[-123.7753929999999,39.22087300000021]},"properties":{"OBJL":153,"EXPSOU":null,"NATSUR":null,"NATQUA":null,"OBJNAM":null,"QUASOU":"2","SOUACC":null,"TECSOU":null,"VALSOU":null,"VERDAT":null,"WATLEV":4,"INFORM":null,"SCAMIN":null,"SORDAT":"19991127","SORIND":"US,US,graph,Chart 18628","DSNM":"US4CA2GF.000","APPROACH.UWTROC.FID":19746746,"enc_service":"enc_approach","enc_layer":"Underwater_Awash_Rock_point","enc_layer_id":37}},{"type":"Feature","id":19746938,"geometry":{"type":"Point","coordinates":[-123.7748759999995,39.215610999999626]},"properties":{"OBJL":153,"EXPSOU":1,"NATSUR":null,"NATQUA":null,"OBJNAM":null,"QUASOU":"6","SOUACC":null,"TECSOU":null,"VALSOU":0.9,"VERDAT":null,"WATLEV":3,"INFORM":null,"SCAMIN":null,"SORDAT":"201110","SORIND":"US,US,graph,Chart 18628","DSNM":"US4CA2GF.000","APPROACH.UWTROC.FID":19746938,"enc_service":"enc_approach","enc_layer":"Underwater_Awash_Rock_point","enc_layer_id":37}},{"type":"Feature","id":19746745,"geometry":{"type":"Point","coordinates":[-123.77470999999969,39.200912000000244]},"properties":{"OBJL":153,"EXPSOU":null,"NATSUR":null,"NATQUA":null,"OBJNAM":null,"QUASOU":"2","SOUACC":null,"TECSOU":null,"VALSOU":null,"VERDAT":null,"WATLEV":3,"INFORM":null,"SCAMIN":null,"SORDAT":"20000916","SORIND":"US,US,graph,Chart 18626","DSNM":"US4CA2GF.000","APPROACH.UWTROC.FID":19746745,"enc_service":"enc_approach","enc_layer":"Underwater_Awash_Rock_point","enc_layer_id":37}},{"type":"Feature","id":19746794,"geometry":{"type":"Point","coordinates":[-123.77390899999955,39.20453799999996]},"properties":{"OBJL":153,"EXPSOU":null,"NATSUR":null,"NATQUA":null,"OBJNAM":null,"QUASOU":"2","SOUACC":null,"TECSOU":null,"VALSOU":null,"VERDAT":null,"WATLEV":4,"INFORM":null,"SCAMIN":null,"SORDAT":"20000916","SORIND":"US,US,graph,Chart 18626","DSNM":"US4CA2GF.000","APPROACH.UWTROC.FID":19746794,"enc_service":"enc_approach","enc_layer":"Underwater_Awash_Rock_point","enc_layer_id":37}},{"type":"Feature","id":19746623,"geometry":{"type":"Point","coordinates":[-123.77276700000039,39.21801500000038]},"properties":{"OBJL":153,"EXPSOU":null,"NATSUR":null,"NATQUA":null,"OBJNAM":null,"QUASOU":"2","SOUACC":null,"TECSOU":null,"VALSOU":null,"VERDAT":null,"WATLEV":4,"INFORM":null,"SCAMIN":null,"SORDAT":"19991127","SORIND":"US,US,graph,Chart 18628","DSNM":"US4CA2GF.000","APPROACH.UWTROC.FID":19746623,"enc_service":"enc_approach","enc_layer":"Underwater_Awash_Rock_point","enc_layer_id":37}},{"type":"Feature","id":19746791,"geometry":{"type":"Point","coordinates":[-123.77248999999938,39.21737600000051]},"properties":{"OBJL":153,"EXPSOU":1,"NATSUR":null,"NATQUA":null,"OBJNAM":null,"QUASOU":"6","SOUACC":null,"TECSOU":null,"VALSOU":1.5,"VERDAT":null,"WATLEV":3,"INFORM":null,"SCAMIN":null,"SORDAT":"201110","SORIND":"US,US,graph,Chart 18628","DSNM":"US4CA2GF.000","APPROACH.UWTROC.FID":19746791,"enc_service":"enc_approach","enc_layer":"Underwater_Awash_Rock_point","enc_layer_id":37}},{"type":"Feature","id":19746836,"geometry":{"type":"Point","coordinates":[-123.77202000000034,39.217727999999624]},"properties":{"OBJL":153,"EXPSOU":null,"NATSUR":null,"NATQUA":null,"OBJNAM":null,"QUASOU":"2","SOUACC":null,"TECSOU":null,"VALSOU":null,"VERDAT":null,"WATLEV":4,"INFORM":null,"SCAMIN":null,"SORDAT":"19991127","SORIND":"US,US,graph,Chart 18628","DSNM":"US4CA2GF.000","APPROACH.UWTROC.FID":19746836,"enc_service":"enc_approach","enc_layer":"Underwater_Awash_Rock_point","enc_layer_id":37}},{"type":"Feature","id":19746790,"geometry":{"type":"Point","coordinates":[-123.77189200000066,39.20147999999972]},"properties":{"OBJL":153,"EXPSOU":null,"NATSUR":null,"NATQUA":null,"OBJNAM":null,"QUASOU":"2","SOUACC":null,"TECSOU":null,"VALSOU":null,"VERDAT":null,"WATLEV":4,"INFORM":null,"SCAMIN":null,"SORDAT":"20000916","SORIND":"US,US,graph,Chart 18626","DSNM":"US4CA2GF.000","APPROACH.UWTROC.FID":19746790,"enc_service":"enc_approach","enc_layer":"Underwater_Awash_Rock_point","enc_layer_id":37}},{"type":"Feature","id":19746883,"geometry":{"type":"Point","coordinates":[-123.76907150000079,39.1917009000008]},"properties":{"OBJL":153,"EXPSOU":null,"NATSUR":null,"NATQUA":null,"OBJNAM":null,"QUASOU":"2","SOUACC":null,"TECSOU":null,"VALSOU":null,"VERDAT":null,"WATLEV":3,"INFORM":null,"SCAMIN":null,"SORDAT":"20000916","SORIND":"US,US,graph,Chart 18626","DSNM":"US4CA2GF.000","APPROACH.UWTROC.FID":19746883,"enc_service":"enc_approach","enc_layer":"Underwater_Awash_Rock_point","enc_layer_id":37}},{"type":"Feature","id":19746882,"geometry":{"type":"Point","coordinates":[-123.76656860000003,39.19117609999921]},"properties":{"OBJL":153,"EXPSOU":null,"NATSUR":null,"NATQUA":null,"OBJNAM":null,"QUASOU":"2","SOUACC":null,"TECSOU":null,"VALSOU":null,"VERDAT":null,"WATLEV":4,"INFORM":null,"SCAMIN":null,"SORDAT":"20000916","SORIND":"US,US,graph,Chart 18626","DSNM":"US4CA2GF.000","APPROACH.UWTROC.FID":19746882,"enc_service":"enc_approach","enc_layer":"Underwater_Awash_Rock_point","enc_layer_id":37}},{"type":"Feature","id":19746880,"geometry":{"type":"Point","coordinates":[-123.75790100000086,39.17899600000055]},"properties":{"OBJL":153,"EXPSOU":null,"NATSUR":null,"NATQUA":null,"OBJNAM":null,"QUASOU":"2","SOUACC":null,"TECSOU":null,"VALSOU":null,"VERDAT":null,"WATLEV":4,"INFORM":null,"SCAMIN":null,"SORDAT":"20000916","SORIND":"US,US,graph,Chart 18626","DSNM":"US4CA2GF.000","APPROACH.UWTROC.FID":19746880,"enc_service":"enc_approach","enc_layer":"Underwater_Awash_Rock_point","enc_layer_id":37}},{"type":"Feature","id":19746833,"geometry":{"type":"Point","coordinates":[-123.76039069999933,39.172939599999154]},"properties":{"OBJL":153,"EXPSOU":2,"NATSUR":null,"NATQUA":null,"OBJNAM":null,"QUASOU":"6","SOUACC":null,"TECSOU":null,"VALSOU":4.8,"VERDAT":null,"WATLEV":3,"INFORM":null,"SCAMIN":null,"SORDAT":"20000916","SORIND":"US,US,graph,Chart 18626","DSNM":"US4CA2GF.000","APPROACH.UWTROC.FID":19746833,"enc_service":"enc_approach","enc_layer":"Underwater_Awash_Rock_point","enc_layer_id":37}},{"type":"Feature","id":19746831,"geometry":{"type":"Point","coordinates":[-123.74776700000075,39.161175999999614]},"properties":{"OBJL":153,"EXPSOU":1,"NATSUR":null,"NATQUA":null,"OBJNAM":null,"QUASOU":"6","SOUACC":null,"TECSOU":null,"VALSOU":6.7,"VERDAT":null,"WATLEV":3,"INFORM":null,"SCAMIN":null,"SORDAT":"20000916","SORIND":"US,US,graph,Chart 18626","DSNM":"US4CA2GF.000","APPROACH.UWTROC.FID":19746831,"enc_service":"enc_approach","enc_layer":"Underwater_Awash_Rock_point","enc_layer_id":37}},{"type":"Feature","id":19746925,"geometry":{"type":"Point","coordinates":[-123.74221299999954,39.1629439999997]},"properties":{"OBJL":153,"EXPSOU":null,"NATSUR":null,"NATQUA":null,"OBJNAM":null,"QUASOU":"2","SOUACC":null,"TECSOU":null,"VALSOU":null,"VERDAT":null,"WATLEV":4,"INFORM":null,"SCAMIN":null,"SORDAT":"20000916","SORIND":"US,US,graph,Chart 18626","DSNM":"US4CA2GF.000","APPROACH.UWTROC.FID":19746925,"enc_service":"enc_approach","enc_layer":"Underwater_Awash_Rock_point","enc_layer_id":37}},{"type":"Feature","id":19746783,"geometry":{"type":"Point","coordinates":[-123.74136499999986,39.14317800000026]},"properties":{"OBJL":153,"EXPSOU":null,"NATSUR":null,"NATQUA":null,"OBJNAM":null,"QUASOU":"2","SOUACC":null,"TECSOU":null,"VALSOU":null,"VERDAT":null,"WATLEV":3,"INFORM":null,"SCAMIN":null,"SORDAT":"20000916","SORIND":"US,US,graph,Chart 18626","DSNM":"US4CA2GF.000","APPROACH.UWTROC.FID":19746783,"enc_service":"enc_approach","enc_layer":"Underwater_Awash_Rock_point","enc_layer_id":37}},{"type":"Feature","id":19746782,"geometry":{"type":"Point","coordinates":[-123.74133230000007,39.145555900000545]},"properties":{"OBJL":153,"EXPSOU":1,"NATSUR":null,"NATQUA":null,"OBJNAM":null,"QUASOU":"6","SOUACC":null,"TECSOU":null,"VALSOU":7,"VERDAT":null,"WATLEV":3,"INFORM":null,"SCAMIN":null,"SORDAT":"201112","SORIND":"US,US,graph,Chart 18626","DSNM":"US4CA2GF.000","APPROACH.UWTROC.FID":19746782,"enc_service":"enc_approach","enc_layer":"Underwater_Awash_Rock_point","enc_layer_id":37}},{"type":"Feature","id":19746904,"geometry":{"type":"Point","coordinates":[-123.78494379999938,39.23372299999937]},"properties":{"OBJL":153,"EXPSOU":1,"NATSUR":null,"NATQUA":null,"OBJNAM":null,"QUASOU":"6","SOUACC":null,"TECSOU":null,"VALSOU":7.6000000000000005,"VERDAT":null,"WATLEV":3,"INFORM":null,"SCAMIN":null,"SORDAT":"201110","SORIND":"US,US,graph,Chart 18628","DSNM":"US4CA2GF.000","APPROACH.UWTROC.FID":19746904,"enc_service":"enc_approach","enc_layer":"Underwater_Awash_Rock_point","enc_layer_id":37}},{"type":"Feature","id":19746956,"geometry":{"type":"Point","coordinates":[-123.78335610000067,39.22040600000037]},"properties":{"OBJL":153,"EXPSOU":1,"NATSUR":null,"NATQUA":null,"OBJNAM":null,"QUASOU":"6","SOUACC":null,"TECSOU":null,"VALSOU":7.3,"VERDAT":null,"WATLEV":3,"INFORM":null,"SCAMIN":null,"SORDAT":"19991127","SORIND":"US,US,graph,Chart 18628","DSNM":"US4CA2GF.000","APPROACH.UWTROC.FID":19746956,"enc_service":"enc_approach","enc_layer":"Underwater_Awash_Rock_point","enc_layer_id":37}},{"type":"Feature","id":19746902,"geometry":{"type":"Point","coordinates":[-123.78291239999999,39.22737039999993]},"properties":{"OBJL":153,"EXPSOU":2,"NATSUR":null,"NATQUA":null,"OBJNAM":null,"QUASOU":"6","SOUACC":null,"TECSOU":null,"VALSOU":15.5,"VERDAT":null,"WATLEV":3,"INFORM":null,"SCAMIN":null,"SORDAT":"201110","SORIND":"US,US,graph,Chart 18628","DSNM":"US4CA2GF.000","APPROACH.UWTROC.FID":19746902,"enc_service":"enc_approach","enc_layer":"Underwater_Awash_Rock_point","enc_layer_id":37}},{"type":"Feature","id":19746722,"geometry":{"type":"Point","coordinates":[-123.78150300000016,39.24269800000002]},"properties":{"OBJL":153,"EXPSOU":null,"NATSUR":null,"NATQUA":null,"OBJNAM":null,"QUASOU":"2","SOUACC":null,"TECSOU":null,"VALSOU":null,"VERDAT":null,"WATLEV":4,"INFORM":null,"SCAMIN":null,"SORDAT":"19991127","SORIND":"US,US,graph,Chart 18628","DSNM":"US4CA2GF.000","APPROACH.UWTROC.FID":19746722,"enc_service":"enc_approach","enc_layer":"Underwater_Awash_Rock_point","enc_layer_id":37}},{"type":"Feature","id":19746846,"geometry":{"type":"Point","coordinates":[-123.77996600000006,39.234081000000515]},"properties":{"OBJL":153,"EXPSOU":null,"NATSUR":null,"NATQUA":null,"OBJNAM":null,"QUASOU":"2","SOUACC":null,"TECSOU":null,"VALSOU":null,"VERDAT":null,"WATLEV":4,"INFORM":null,"SCAMIN":null,"SORDAT":"19991127","SORIND":"US,US,graph,Chart 18628","DSNM":"US4CA2GF.000","APPROACH.UWTROC.FID":19746846,"enc_service":"enc_approach","enc_layer":"Underwater_Awash_Rock_point","enc_layer_id":37}},{"type":"Feature","id":19746751,"geometry":{"type":"Point","coordinates":[-123.7792516999998,39.22086239999953]},"properties":{"OBJL":153,"EXPSOU":1,"NATSUR":null,"NATQUA":null,"OBJNAM":null,"QUASOU":"6","SOUACC":null,"TECSOU":null,"VALSOU":2.7,"VERDAT":null,"WATLEV":3,"INFORM":null,"SCAMIN":null,"SORDAT":"201110","SORIND":"US,US,graph,Chart 18628","DSNM":"US4CA2GF.000","APPROACH.UWTROC.FID":19746751,"enc_service":"enc_approach","enc_layer":"Underwater_Awash_Rock_point","enc_layer_id":37}},{"type":"Feature","id":19746631,"geometry":{"type":"Point","coordinates":[-123.77792899999986,39.208871999999246]},"properties":{"OBJL":153,"EXPSOU":null,"NATSUR":null,"NATQUA":null,"OBJNAM":null,"QUASOU":"2","SOUACC":null,"TECSOU":null,"VALSOU":null,"VERDAT":null,"WATLEV":3,"INFORM":null,"SCAMIN":null,"SORDAT":"20000916","SORIND":"US,US,graph,Chart 18626","DSNM":"US4CA2GF.000","APPROACH.UWTROC.FID":19746631,"enc_service":"enc_approach","enc_layer":"Underwater_Awash_Rock_point","enc_layer_id":37}},{"type":"Feature","id":19746802,"geometry":{"type":"Point","coordinates":[-123.7777389999992,39.21492399999988]},"properties":{"OBJL":153,"EXPSOU":null,"NATSUR":null,"NATQUA":null,"OBJNAM":null,"QUASOU":"2","SOUACC":null,"TECSOU":null,"VALSOU":null,"VERDAT":null,"WATLEV":4,"INFORM":null,"SCAMIN":null,"SORDAT":"19991127","SORIND":"US,US,graph,Chart 18628","DSNM":"US4CA2GF.000","APPROACH.UWTROC.FID":19746802,"enc_service":"enc_approach","enc_layer":"Underwater_Awash_Rock_point","enc_layer_id":37}},{"type":"Feature","id":19746628,"geometry":{"type":"Point","coordinates":[-123.7765159999999,39.221394000000146]},"properties":{"OBJL":153,"EXPSOU":null,"NATSUR":null,"NATQUA":null,"OBJNAM":null,"QUASOU":"2","SOUACC":null,"TECSOU":null,"VALSOU":null,"VERDAT":null,"WATLEV":4,"INFORM":null,"SCAMIN":null,"SORDAT":"19991127","SORIND":"US,US,graph,Chart 18628","DSNM":"US4CA2GF.000","APPROACH.UWTROC.FID":19746628,"enc_service":"enc_approach","enc_layer":"Underwater_Awash_Rock_point","enc_layer_id":37}},{"type":"Feature","id":19746714,"geometry":{"type":"Point","coordinates":[-123.77599700000064,39.221223000000464]},"properties":{"OBJL":153,"EXPSOU":null,"NATSUR":null,"NATQUA":null,"OBJNAM":null,"QUASOU":"2","SOUACC":null,"TECSOU":null,"VALSOU":null,"VERDAT":null,"WATLEV":4,"INFORM":null,"SCAMIN":null,"SORDAT":"19991127","SORIND":"US,US,graph,Chart 18628","DSNM":"US4CA2GF.000","APPROACH.UWTROC.FID":19746714,"enc_service":"enc_approach","enc_layer":"Underwater_Awash_Rock_point","enc_layer_id":37}},{"type":"Feature","id":19746799,"geometry":{"type":"Point","coordinates":[-123.77537900000061,39.21096899999975]},"properties":{"OBJL":153,"EXPSOU":null,"NATSUR":null,"NATQUA":null,"OBJNAM":null,"QUASOU":"2","SOUACC":null,"TECSOU":null,"VALSOU":null,"VERDAT":null,"WATLEV":4,"INFORM":null,"SCAMIN":null,"SORDAT":"20000916","SORIND":"US,US,graph,Chart 18626","DSNM":"US4CA2GF.000","APPROACH.UWTROC.FID":19746799,"enc_service":"enc_approach","enc_layer":"Underwater_Awash_Rock_point","enc_layer_id":37}},{"type":"Feature","id":19746679,"geometry":{"type":"Point","coordinates":[-123.77461100000073,39.20413499999995]},"properties":{"OBJL":153,"EXPSOU":null,"NATSUR":null,"NATQUA":null,"OBJNAM":null,"QUASOU":"2","SOUACC":null,"TECSOU":null,"VALSOU":null,"VERDAT":null,"WATLEV":3,"INFORM":null,"SCAMIN":null,"SORDAT":"20000916","SORIND":"US,US,graph,Chart 18626","DSNM":"US4CA2GF.000","APPROACH.UWTROC.FID":19746679,"enc_service":"enc_approach","enc_layer":"Underwater_Awash_Rock_point","enc_layer_id":37}},{"type":"Feature","id":19746712,"geometry":{"type":"Point","coordinates":[-123.77407400000084,39.207156000000396]},"properties":{"OBJL":153,"EXPSOU":null,"NATSUR":null,"NATQUA":null,"OBJNAM":null,"QUASOU":"2","SOUACC":null,"TECSOU":null,"VALSOU":null,"VERDAT":null,"WATLEV":4,"INFORM":null,"SCAMIN":null,"SORDAT":"20000916","SORIND":"US,US,graph,Chart 18626","DSNM":"US4CA2GF.000","APPROACH.UWTROC.FID":19746712,"enc_service":"enc_approach","enc_layer":"Underwater_Awash_Rock_point","enc_layer_id":37}},{"type":"Feature","id":19746677,"geometry":{"type":"Point","coordinates":[-123.77389100000073,39.21896899999956]},"properties":{"OBJL":153,"EXPSOU":1,"NATSUR":null,"NATQUA":null,"OBJNAM":null,"QUASOU":"6","SOUACC":null,"TECSOU":null,"VALSOU":3.3000000000000003,"VERDAT":null,"WATLEV":3,"INFORM":null,"SCAMIN":null,"SORDAT":"201110","SORIND":"US,US,graph,Chart 18628","DSNM":"US4CA2GF.000","APPROACH.UWTROC.FID":19746677,"enc_service":"enc_approach","enc_layer":"Underwater_Awash_Rock_point","enc_layer_id":37}},{"type":"Feature","id":19746744,"geometry":{"type":"Point","coordinates":[-123.77264099999957,39.20130000000063]},"properties":{"OBJL":153,"EXPSOU":null,"NATSUR":null,"NATQUA":null,"OBJNAM":null,"QUASOU":"2","SOUACC":null,"TECSOU":null,"VALSOU":null,"VERDAT":null,"WATLEV":4,"INFORM":null,"SCAMIN":null,"SORDAT":"20000916","SORIND":"US,US,graph,Chart 18626","DSNM":"US4CA2GF.000","APPROACH.UWTROC.FID":19746744,"enc_service":"enc_approach","enc_layer":"Underwater_Awash_Rock_point","enc_layer_id":37}},{"type":"Feature","id":19746792,"geometry":{"type":"Point","coordinates":[-123.77261800000088,39.195503000000826]},"properties":{"OBJL":153,"EXPSOU":null,"NATSUR":null,"NATQUA":null,"OBJNAM":null,"QUASOU":"2","SOUACC":null,"TECSOU":null,"VALSOU":null,"VERDAT":null,"WATLEV":4,"INFORM":null,"SCAMIN":null,"SORDAT":"20000916","SORIND":"US,US,graph,Chart 18626","DSNM":"US4CA2GF.000","APPROACH.UWTROC.FID":19746792,"enc_service":"enc_approach","enc_layer":"Underwater_Awash_Rock_point","enc_layer_id":37}},{"type":"Feature","id":19746621,"geometry":{"type":"Point","coordinates":[-123.77237699999932,39.203772000000754]},"properties":{"OBJL":153,"EXPSOU":null,"NATSUR":null,"NATQUA":null,"OBJNAM":null,"QUASOU":"2","SOUACC":null,"TECSOU":null,"VALSOU":null,"VERDAT":null,"WATLEV":4,"INFORM":null,"SCAMIN":null,"SORDAT":"20000916","SORIND":"US,US,graph,Chart 18626","DSNM":"US4CA2GF.000","APPROACH.UWTROC.FID":19746621,"enc_service":"enc_approach","enc_layer":"Underwater_Awash_Rock_point","enc_layer_id":37}},{"type":"Feature","id":19746884,"geometry":{"type":"Point","coordinates":[-123.76976699999977,39.19140300000072]},"properties":{"OBJL":153,"EXPSOU":null,"NATSUR":null,"NATQUA":null,"OBJNAM":null,"QUASOU":"2","SOUACC":null,"TECSOU":null,"VALSOU":null,"VERDAT":null,"WATLEV":4,"INFORM":null,"SCAMIN":null,"SORDAT":"20000916","SORIND":"US,US,graph,Chart 18626","DSNM":"US4CA2GF.000","APPROACH.UWTROC.FID":19746884,"enc_service":"enc_approach","enc_layer":"Underwater_Awash_Rock_point","enc_layer_id":37}},{"type":"Feature","id":19746708,"geometry":{"type":"Point","coordinates":[-123.76575600000069,39.19158000000061]},"properties":{"OBJL":153,"EXPSOU":null,"NATSUR":null,"NATQUA":null,"OBJNAM":null,"QUASOU":"2","SOUACC":null,"TECSOU":null,"VALSOU":null,"VERDAT":null,"WATLEV":4,"INFORM":null,"SCAMIN":null,"SORDAT":"20000916","SORIND":"US,US,graph,Chart 18626","DSNM":"US4CA2GF.000","APPROACH.UWTROC.FID":19746708,"enc_service":"enc_approach","enc_layer":"Underwater_Awash_Rock_point","enc_layer_id":37}},{"type":"Feature","id":19746670,"geometry":{"type":"Point","coordinates":[-123.76478599999973,39.19002800000089]},"properties":{"OBJL":153,"EXPSOU":null,"NATSUR":null,"NATQUA":null,"OBJNAM":null,"QUASOU":"2","SOUACC":null,"TECSOU":null,"VALSOU":null,"VERDAT":null,"WATLEV":4,"INFORM":null,"SCAMIN":null,"SORDAT":"20000916","SORIND":"US,US,graph,Chart 18626","DSNM":"US4CA2GF.000","APPROACH.UWTROC.FID":19746670,"enc_service":"enc_approach","enc_layer":"Underwater_Awash_Rock_point","enc_layer_id":37}},{"type":"Feature","id":19746834,"geometry":{"type":"Point","coordinates":[-123.7642452,39.184148399999685]},"properties":{"OBJL":153,"EXPSOU":2,"NATSUR":null,"NATQUA":null,"OBJNAM":null,"QUASOU":"6","SOUACC":null,"TECSOU":null,"VALSOU":4.2,"VERDAT":null,"WATLEV":3,"INFORM":null,"SCAMIN":null,"SORDAT":"20000916","SORIND":"US,US,graph,Chart 18626","DSNM":"US4CA2GF.000","APPROACH.UWTROC.FID":19746834,"enc_service":"enc_approach","enc_layer":"Underwater_Awash_Rock_point","enc_layer_id":37}},{"type":"Feature","id":19746787,"geometry":{"type":"Point","coordinates":[-123.75274499999978,39.1747090000008]},"properties":{"OBJL":153,"EXPSOU":null,"NATSUR":null,"NATQUA":null,"OBJNAM":null,"QUASOU":"2","SOUACC":null,"TECSOU":null,"VALSOU":null,"VERDAT":null,"WATLEV":4,"INFORM":null,"SCAMIN":null,"SORDAT":"20000916","SORIND":"US,US,graph,Chart 18626","DSNM":"US4CA2GF.000","APPROACH.UWTROC.FID":19746787,"enc_service":"enc_approach","enc_layer":"Underwater_Awash_Rock_point","enc_layer_id":37}},{"type":"Feature","id":19746926,"geometry":{"type":"Point","coordinates":[-123.74484699999994,39.165555999999924]},"properties":{"OBJL":153,"EXPSOU":null,"NATSUR":null,"NATQUA":null,"OBJNAM":null,"QUASOU":"2","SOUACC":null,"TECSOU":null,"VALSOU":null,"VERDAT":null,"WATLEV":4,"INFORM":null,"SCAMIN":null,"SORDAT":"20000916","SORIND":"US,US,graph,Chart 18626","DSNM":"US4CA2GF.000","APPROACH.UWTROC.FID":19746926,"enc_service":"enc_approach","enc_layer":"Underwater_Awash_Rock_point","enc_layer_id":37}},{"type":"Feature","id":19746785,"geometry":{"type":"Point","coordinates":[-123.74446999999964,39.165005999999266]},"properties":{"OBJL":153,"EXPSOU":null,"NATSUR":null,"NATQUA":null,"OBJNAM":null,"QUASOU":"2","SOUACC":null,"TECSOU":null,"VALSOU":null,"VERDAT":null,"WATLEV":4,"INFORM":null,"SCAMIN":null,"SORDAT":"20000916","SORIND":"US,US,graph,Chart 18626","DSNM":"US4CA2GF.000","APPROACH.UWTROC.FID":19746785,"enc_service":"enc_approach","enc_layer":"Underwater_Awash_Rock_point","enc_layer_id":37}},{"type":"Feature","id":19746739,"geometry":{"type":"Point","coordinates":[-123.74093600000015,39.142167199999676]},"properties":{"OBJL":153,"EXPSOU":null,"NATSUR":null,"NATQUA":null,"OBJNAM":null,"QUASOU":"2","SOUACC":null,"TECSOU":null,"VALSOU":null,"VERDAT":null,"WATLEV":4,"INFORM":null,"SCAMIN":null,"SORDAT":"20000916","SORIND":"US,US,graph,Chart 18626","DSNM":"US4CA2GF.000","APPROACH.UWTROC.FID":19746739,"enc_service":"enc_approach","enc_layer":"Underwater_Awash_Rock_point","enc_layer_id":37}},{"type":"Feature","id":19746687,"geometry":{"type":"Point","coordinates":[-123.78658630000064,39.24590859999989]},"properties":{"OBJL":153,"EXPSOU":1,"NATSUR":null,"NATQUA":null,"OBJNAM":null,"QUASOU":"6","SOUACC":null,"TECSOU":null,"VALSOU":3.9,"VERDAT":null,"WATLEV":3,"INFORM":null,"SCAMIN":null,"SORDAT":"201110","SORIND":"US,US,graph,Chart 18628","DSNM":"US4CA2GF.000","APPROACH.UWTROC.FID":19746687,"enc_service":"enc_approach","enc_layer":"Underwater_Awash_Rock_point","enc_layer_id":37}},{"type":"Feature","id":19746807,"geometry":{"type":"Point","coordinates":[-123.7862299999997,39.225737700000536]},"properties":{"OBJL":153,"EXPSOU":1,"NATSUR":null,"NATQUA":null,"OBJNAM":null,"QUASOU":"6","SOUACC":null,"TECSOU":null,"VALSOU":13.4,"VERDAT":null,"WATLEV":3,"INFORM":null,"SCAMIN":null,"SORDAT":"201110","SORIND":"US,US,graph,Chart 18628","DSNM":"US4CA2GF.000","APPROACH.UWTROC.FID":19746807,"enc_service":"enc_approach","enc_layer":"Underwater_Awash_Rock_point","enc_layer_id":37}},{"type":"Feature","id":19746804,"geometry":{"type":"Point","coordinates":[-123.78294900000037,39.24901300000056]},"properties":{"OBJL":153,"EXPSOU":null,"NATSUR":null,"NATQUA":null,"OBJNAM":null,"QUASOU":"2","SOUACC":null,"TECSOU":null,"VALSOU":null,"VERDAT":null,"WATLEV":4,"INFORM":null,"SCAMIN":null,"SORDAT":"19991127","SORIND":"US,US,graph,Chart 18628","DSNM":"US4CA2GF.000","APPROACH.UWTROC.FID":19746804,"enc_service":"enc_approach","enc_layer":"Underwater_Awash_Rock_point","enc_layer_id":37}},{"type":"Feature","id":19746723,"geometry":{"type":"Point","coordinates":[-123.78159720000076,39.19664720000037]},"properties":{"OBJL":153,"EXPSOU":2,"NATSUR":null,"NATQUA":null,"OBJNAM":null,"QUASOU":"6","SOUACC":null,"TECSOU":null,"VALSOU":17.3,"VERDAT":null,"WATLEV":3,"INFORM":null,"SCAMIN":null,"SORDAT":"20090901","SORIND":"US,US,reprt,1820/09","DSNM":"US4CA2GF.000","APPROACH.UWTROC.FID":19746723,"enc_service":"enc_approach","enc_layer":"Underwater_Awash_Rock_point","enc_layer_id":37}},{"type":"Feature","id":19746803,"geometry":{"type":"Point","coordinates":[-123.77965100000074,39.2363490000007]},"properties":{"OBJL":153,"EXPSOU":null,"NATSUR":null,"NATQUA":null,"OBJNAM":null,"QUASOU":"2","SOUACC":null,"TECSOU":null,"VALSOU":null,"VERDAT":null,"WATLEV":4,"INFORM":null,"SCAMIN":null,"SORDAT":"19991127","SORIND":"US,US,graph,Chart 18628","DSNM":"US4CA2GF.000","APPROACH.UWTROC.FID":19746803,"enc_service":"enc_approach","enc_layer":"Underwater_Awash_Rock_point","enc_layer_id":37}},{"type":"Feature","id":19746717,"geometry":{"type":"Point","coordinates":[-123.77946300000076,39.235499000000345]},"properties":{"OBJL":153,"EXPSOU":null,"NATSUR":null,"NATQUA":null,"OBJNAM":null,"QUASOU":"2","SOUACC":null,"TECSOU":null,"VALSOU":null,"VERDAT":null,"WATLEV":4,"INFORM":null,"SCAMIN":null,"SORDAT":"19991127","SORIND":"US,US,graph,Chart 18628","DSNM":"US4CA2GF.000","APPROACH.UWTROC.FID":19746717,"enc_service":"enc_approach","enc_layer":"Underwater_Awash_Rock_point","enc_layer_id":37}},{"type":"Feature","id":19746845,"geometry":{"type":"Point","coordinates":[-123.7794589999994,39.23011199999928]},"properties":{"OBJL":153,"EXPSOU":null,"NATSUR":null,"NATQUA":null,"OBJNAM":null,"QUASOU":"2","SOUACC":null,"TECSOU":null,"VALSOU":null,"VERDAT":null,"WATLEV":4,"INFORM":null,"SCAMIN":null,"SORDAT":"19991127","SORIND":"US,US,graph,Chart 18628","DSNM":"US4CA2GF.000","APPROACH.UWTROC.FID":19746845,"enc_service":"enc_approach","enc_layer":"Underwater_Awash_Rock_point","enc_layer_id":37}},{"type":"Feature","id":19746716,"geometry":{"type":"Point","coordinates":[-123.77834299999995,39.239111000000776]},"properties":{"OBJL":153,"EXPSOU":null,"NATSUR":null,"NATQUA":null,"OBJNAM":null,"QUASOU":"2","SOUACC":null,"TECSOU":null,"VALSOU":null,"VERDAT":null,"WATLEV":4,"INFORM":null,"SCAMIN":null,"SORDAT":"19991127","SORIND":"US,US,graph,Chart 18628","DSNM":"US4CA2GF.000","APPROACH.UWTROC.FID":19746716,"enc_service":"enc_approach","enc_layer":"Underwater_Awash_Rock_point","enc_layer_id":37}},{"type":"Feature","id":19746748,"geometry":{"type":"Point","coordinates":[-123.77832800000033,39.224120999999286]},"properties":{"OBJL":153,"EXPSOU":null,"NATSUR":null,"NATQUA":null,"OBJNAM":null,"QUASOU":"2","SOUACC":null,"TECSOU":null,"VALSOU":null,"VERDAT":null,"WATLEV":4,"INFORM":null,"SCAMIN":null,"SORDAT":"19991127","SORIND":"US,US,graph,Chart 18628","DSNM":"US4CA2GF.000","APPROACH.UWTROC.FID":19746748,"enc_service":"enc_approach","enc_layer":"Underwater_Awash_Rock_point","enc_layer_id":37}},{"type":"Feature","id":19746945,"geometry":{"type":"Point","coordinates":[-123.77824599999985,39.214835999999195]},"properties":{"OBJL":153,"EXPSOU":null,"NATSUR":null,"NATQUA":null,"OBJNAM":null,"QUASOU":"2","SOUACC":null,"TECSOU":null,"VALSOU":null,"VERDAT":null,"WATLEV":3,"INFORM":null,"SCAMIN":null,"SORDAT":"19991127","SORIND":"US,US,graph,Chart 18628","DSNM":"US4CA2GF.000","APPROACH.UWTROC.FID":19746945,"enc_service":"enc_approach","enc_layer":"Underwater_Awash_Rock_point","enc_layer_id":37}},{"type":"Feature","id":19746941,"geometry":{"type":"Point","coordinates":[-123.77651200000037,39.24019500000031]},"properties":{"OBJL":153,"EXPSOU":null,"NATSUR":null,"NATQUA":null,"OBJNAM":null,"QUASOU":"2","SOUACC":null,"TECSOU":null,"VALSOU":null,"VERDAT":null,"WATLEV":4,"INFORM":null,"SCAMIN":null,"SORDAT":"19991127","SORIND":"US,US,graph,Chart 18628","DSNM":"US4CA2GF.000","APPROACH.UWTROC.FID":19746941,"enc_service":"enc_approach","enc_layer":"Underwater_Awash_Rock_point","enc_layer_id":37}},{"type":"Feature","id":19746939,"geometry":{"type":"Point","coordinates":[-123.77532699999938,39.20407200000045]},"properties":{"OBJL":153,"EXPSOU":null,"NATSUR":null,"NATQUA":null,"OBJNAM":null,"QUASOU":"2","SOUACC":null,"TECSOU":null,"VALSOU":null,"VERDAT":null,"WATLEV":4,"INFORM":null,"SCAMIN":null,"SORDAT":"20000916","SORIND":"US,US,graph,Chart 18626","DSNM":"US4CA2GF.000","APPROACH.UWTROC.FID":19746939,"enc_service":"enc_approach","enc_layer":"Underwater_Awash_Rock_point","enc_layer_id":37}},{"type":"Feature","id":19746796,"geometry":{"type":"Point","coordinates":[-123.77484499999991,39.219365000000835]},"properties":{"OBJL":153,"EXPSOU":1,"NATSUR":null,"NATQUA":null,"OBJNAM":null,"QUASOU":"6","SOUACC":null,"TECSOU":null,"VALSOU":0.3,"VERDAT":null,"WATLEV":3,"INFORM":null,"SCAMIN":null,"SORDAT":"201110","SORIND":"US,US,graph,Chart 18628","DSNM":"US4CA2GF.000","APPROACH.UWTROC.FID":19746796,"enc_service":"enc_approach","enc_layer":"Underwater_Awash_Rock_point","enc_layer_id":37}},{"type":"Feature","id":19746678,"geometry":{"type":"Point","coordinates":[-123.77424400000018,39.20822600000065]},"properties":{"OBJL":153,"EXPSOU":null,"NATSUR":null,"NATQUA":null,"OBJNAM":null,"QUASOU":"2","SOUACC":null,"TECSOU":null,"VALSOU":null,"VERDAT":null,"WATLEV":4,"INFORM":null,"SCAMIN":null,"SORDAT":"20000916","SORIND":"US,US,graph,Chart 18626","DSNM":"US4CA2GF.000","APPROACH.UWTROC.FID":19746678,"enc_service":"enc_approach","enc_layer":"Underwater_Awash_Rock_point","enc_layer_id":37}},{"type":"Feature","id":19746932,"geometry":{"type":"Point","coordinates":[-123.77282999999989,39.215501999999105]},"properties":{"OBJL":153,"EXPSOU":null,"NATSUR":null,"NATQUA":null,"OBJNAM":null,"QUASOU":"2","SOUACC":null,"TECSOU":null,"VALSOU":null,"VERDAT":null,"WATLEV":4,"INFORM":null,"SCAMIN":null,"SORDAT":"19991127","SORIND":"US,US,graph,Chart 18628","DSNM":"US4CA2GF.000","APPROACH.UWTROC.FID":19746932,"enc_service":"enc_approach","enc_layer":"Underwater_Awash_Rock_point","enc_layer_id":37}},{"type":"Feature","id":19746624,"geometry":{"type":"Point","coordinates":[-123.77277499999946,39.21843400000034]},"properties":{"OBJL":153,"EXPSOU":null,"NATSUR":null,"NATQUA":null,"OBJNAM":null,"QUASOU":"2","SOUACC":null,"TECSOU":null,"VALSOU":null,"VERDAT":null,"WATLEV":4,"INFORM":null,"SCAMIN":null,"SORDAT":"19991127","SORIND":"US,US,graph,Chart 18628","DSNM":"US4CA2GF.000","APPROACH.UWTROC.FID":19746624,"enc_service":"enc_approach","enc_layer":"Underwater_Awash_Rock_point","enc_layer_id":37}},{"type":"Feature","id":19746672,"geometry":{"type":"Point","coordinates":[-123.77187299999969,39.1994080000004]},"properties":{"OBJL":153,"EXPSOU":null,"NATSUR":null,"NATQUA":null,"OBJNAM":null,"QUASOU":"2","SOUACC":null,"TECSOU":null,"VALSOU":null,"VERDAT":null,"WATLEV":4,"INFORM":null,"SCAMIN":null,"SORDAT":"20000916","SORIND":"US,US,graph,Chart 18626","DSNM":"US4CA2GF.000","APPROACH.UWTROC.FID":19746672,"enc_service":"enc_approach","enc_layer":"Underwater_Awash_Rock_point","enc_layer_id":37}},{"type":"Feature","id":19746620,"geometry":{"type":"Point","coordinates":[-123.77172699999937,39.200794000000315]},"properties":{"OBJL":153,"EXPSOU":null,"NATSUR":null,"NATQUA":null,"OBJNAM":null,"QUASOU":"2","SOUACC":null,"TECSOU":null,"VALSOU":null,"VERDAT":null,"WATLEV":4,"INFORM":null,"SCAMIN":null,"SORDAT":"20000916","SORIND":"US,US,graph,Chart 18626","DSNM":"US4CA2GF.000","APPROACH.UWTROC.FID":19746620,"enc_service":"enc_approach","enc_layer":"Underwater_Awash_Rock_point","enc_layer_id":37}},{"type":"Feature","id":19746930,"geometry":{"type":"Point","coordinates":[-123.75874900000053,39.18495599999915]},"properties":{"OBJL":153,"EXPSOU":null,"NATSUR":null,"NATQUA":null,"OBJNAM":null,"QUASOU":"2","SOUACC":null,"TECSOU":null,"VALSOU":null,"VERDAT":null,"WATLEV":4,"INFORM":null,"SCAMIN":null,"SORDAT":"20000916","SORIND":"US,US,graph,Chart 18626","DSNM":"US4CA2GF.000","APPROACH.UWTROC.FID":19746930,"enc_service":"enc_approach","enc_layer":"Underwater_Awash_Rock_point","enc_layer_id":37}},{"type":"Feature","id":19746929,"geometry":{"type":"Point","coordinates":[-123.75818799999979,39.183914999999615]},"properties":{"OBJL":153,"EXPSOU":null,"NATSUR":null,"NATQUA":null,"OBJNAM":null,"QUASOU":"2","SOUACC":null,"TECSOU":null,"VALSOU":null,"VERDAT":null,"WATLEV":4,"INFORM":null,"SCAMIN":null,"SORDAT":"20000916","SORIND":"US,US,graph,Chart 18626","DSNM":"US4CA2GF.000","APPROACH.UWTROC.FID":19746929,"enc_service":"enc_approach","enc_layer":"Underwater_Awash_Rock_point","enc_layer_id":37}},{"type":"Feature","id":19746879,"geometry":{"type":"Point","coordinates":[-123.75707599999987,39.183914999999615]},"properties":{"OBJL":153,"EXPSOU":null,"NATSUR":null,"NATQUA":null,"OBJNAM":null,"QUASOU":"2","SOUACC":null,"TECSOU":null,"VALSOU":null,"VERDAT":null,"WATLEV":4,"INFORM":null,"SCAMIN":null,"SORDAT":"20000916","SORIND":"US,US,graph,Chart 18626","DSNM":"US4CA2GF.000","APPROACH.UWTROC.FID":19746879,"enc_service":"enc_approach","enc_layer":"Underwater_Awash_Rock_point","enc_layer_id":37}},{"type":"Feature","id":19746668,"geometry":{"type":"Point","coordinates":[-123.74389499999961,39.164412000000084]},"properties":{"OBJL":153,"EXPSOU":null,"NATSUR":null,"NATQUA":null,"OBJNAM":null,"QUASOU":"2","SOUACC":null,"TECSOU":null,"VALSOU":null,"VERDAT":null,"WATLEV":4,"INFORM":null,"SCAMIN":null,"SORDAT":"20000916","SORIND":"US,US,graph,Chart 18626","DSNM":"US4CA2GF.000","APPROACH.UWTROC.FID":19746668,"enc_service":"enc_approach","enc_layer":"Underwater_Awash_Rock_point","enc_layer_id":37}},{"type":"Feature","id":19746829,"geometry":{"type":"Point","coordinates":[-123.74309899999935,39.16565900000023]},"properties":{"OBJL":153,"EXPSOU":null,"NATSUR":null,"NATQUA":null,"OBJNAM":null,"QUASOU":"2","SOUACC":null,"TECSOU":null,"VALSOU":null,"VERDAT":null,"WATLEV":3,"INFORM":null,"SCAMIN":null,"SORDAT":"20000916","SORIND":"US,US,graph,Chart 18626","DSNM":"US4CA2GF.000","APPROACH.UWTROC.FID":19746829,"enc_service":"enc_approach","enc_layer":"Underwater_Awash_Rock_point","enc_layer_id":37}},{"type":"Feature","id":19746702,"geometry":{"type":"Point","coordinates":[-123.74136519999956,39.14250770000035]},"properties":{"OBJL":153,"EXPSOU":2,"NATSUR":null,"NATQUA":null,"OBJNAM":null,"QUASOU":"6","SOUACC":null,"TECSOU":null,"VALSOU":5.1000000000000005,"VERDAT":null,"WATLEV":3,"INFORM":null,"SCAMIN":null,"SORDAT":"20000916","SORIND":"US,US,graph,Chart 18626","DSNM":"US4CA2GF.000","APPROACH.UWTROC.FID":19746702,"enc_service":"enc_approach","enc_layer":"Underwater_Awash_Rock_point","enc_layer_id":37}},{"type":"Feature","id":19746665,"geometry":{"type":"Point","coordinates":[-123.74081579999984,39.14138570000068]},"properties":{"OBJL":153,"EXPSOU":null,"NATSUR":null,"NATQUA":null,"OBJNAM":null,"QUASOU":"2","SOUACC":null,"TECSOU":null,"VALSOU":null,"VERDAT":null,"WATLEV":4,"INFORM":null,"SCAMIN":null,"SORDAT":"20000916","SORIND":"US,US,graph,Chart 18626","DSNM":"US4CA2GF.000","APPROACH.UWTROC.FID":19746665,"enc_service":"enc_approach","enc_layer":"Underwater_Awash_Rock_point","enc_layer_id":37}},{"type":"Feature","id":19746876,"geometry":{"type":"Point","coordinates":[-123.7405920000001,39.16194600000017]},"properties":{"OBJL":153,"EXPSOU":null,"NATSUR":null,"NATQUA":null,"OBJNAM":null,"QUASOU":"2","SOUACC":null,"TECSOU":null,"VALSOU":null,"VERDAT":null,"WATLEV":4,"INFORM":null,"SCAMIN":null,"SORDAT":"20000916","SORIND":"US,US,graph,Chart 18626","DSNM":"US4CA2GF.000","APPROACH.UWTROC.FID":19746876,"enc_service":"enc_approach","enc_layer":"Underwater_Awash_Rock_point","enc_layer_id":37}},{"type":"Feature","id":19746725,"geometry":{"type":"Point","coordinates":[-123.78312059999917,39.24126260000048]},"properties":{"OBJL":153,"EXPSOU":1,"NATSUR":null,"NATQUA":null,"OBJNAM":null,"QUASOU":"6","SOUACC":null,"TECSOU":null,"VALSOU":6.7,"VERDAT":null,"WATLEV":3,"INFORM":null,"SCAMIN":null,"SORDAT":"201110","SORIND":"US,US,graph,Chart 18628","DSNM":"US4CA2GF.000","APPROACH.UWTROC.FID":19746725,"enc_service":"enc_approach","enc_layer":"Underwater_Awash_Rock_point","enc_layer_id":37}},{"type":"Feature","id":19746686,"geometry":{"type":"Point","coordinates":[-123.78288000000066,39.24804199999926]},"properties":{"OBJL":153,"EXPSOU":null,"NATSUR":null,"NATQUA":null,"OBJNAM":null,"QUASOU":"2","SOUACC":null,"TECSOU":null,"VALSOU":null,"VERDAT":null,"WATLEV":4,"INFORM":null,"SCAMIN":null,"SORDAT":"19991127","SORIND":"US,US,graph,Chart 18628","DSNM":"US4CA2GF.000","APPROACH.UWTROC.FID":19746686,"enc_service":"enc_approach","enc_layer":"Underwater_Awash_Rock_point","enc_layer_id":37}},{"type":"Feature","id":19746901,"geometry":{"type":"Point","coordinates":[-123.78272049999941,39.222246400000586]},"properties":{"OBJL":153,"EXPSOU":1,"NATSUR":null,"NATQUA":null,"OBJNAM":null,"QUASOU":"6","SOUACC":null,"TECSOU":null,"VALSOU":6,"VERDAT":null,"WATLEV":3,"INFORM":null,"SCAMIN":null,"SORDAT":"201110","SORIND":"US,US,graph,Chart 18628","DSNM":"US4CA2GF.000","APPROACH.UWTROC.FID":19746901,"enc_service":"enc_approach","enc_layer":"Underwater_Awash_Rock_point","enc_layer_id":37}},{"type":"Feature","id":19746724,"geometry":{"type":"Point","coordinates":[-123.78241499999967,39.24385400000028]},"properties":{"OBJL":153,"EXPSOU":null,"NATSUR":null,"NATQUA":null,"OBJNAM":null,"QUASOU":"2","SOUACC":null,"TECSOU":null,"VALSOU":null,"VERDAT":null,"WATLEV":4,"INFORM":null,"SCAMIN":null,"SORDAT":"19991127","SORIND":"US,US,graph,Chart 18628","DSNM":"US4CA2GF.000","APPROACH.UWTROC.FID":19746724,"enc_service":"enc_approach","enc_layer":"Underwater_Awash_Rock_point","enc_layer_id":37}},{"type":"Feature","id":19746637,"geometry":{"type":"Point","coordinates":[-123.78212010000061,39.22180379999918]},"properties":{"OBJL":153,"EXPSOU":2,"NATSUR":null,"NATQUA":null,"OBJNAM":null,"QUASOU":"6","SOUACC":null,"TECSOU":null,"VALSOU":5.4,"VERDAT":null,"WATLEV":3,"INFORM":null,"SCAMIN":null,"SORDAT":"201110","SORIND":"US,US,graph,Chart 18628","DSNM":"US4CA2GF.000","APPROACH.UWTROC.FID":19746637,"enc_service":"enc_approach","enc_layer":"Underwater_Awash_Rock_point","enc_layer_id":37}},{"type":"Feature","id":19746894,"geometry":{"type":"Point","coordinates":[-123.7788870000004,39.21295699999973]},"properties":{"OBJL":153,"EXPSOU":null,"NATSUR":null,"NATQUA":null,"OBJNAM":null,"QUASOU":"2","SOUACC":null,"TECSOU":null,"VALSOU":null,"VERDAT":null,"WATLEV":3,"INFORM":null,"SCAMIN":null,"SORDAT":"19991127","SORIND":"US,US,graph,Chart 18628","DSNM":"US4CA2GF.000","APPROACH.UWTROC.FID":19746894,"enc_service":"enc_approach","enc_layer":"Underwater_Awash_Rock_point","enc_layer_id":37}},{"type":"Feature","id":19746684,"geometry":{"type":"Point","coordinates":[-123.77794800000083,39.21428899999955]},"properties":{"OBJL":153,"EXPSOU":null,"NATSUR":null,"NATQUA":null,"OBJNAM":null,"QUASOU":"2","SOUACC":null,"TECSOU":null,"VALSOU":null,"VERDAT":null,"WATLEV":4,"INFORM":null,"SCAMIN":null,"SORDAT":"19991127","SORIND":"US,US,graph,Chart 18628","DSNM":"US4CA2GF.000","APPROACH.UWTROC.FID":19746684,"enc_service":"enc_approach","enc_layer":"Underwater_Awash_Rock_point","enc_layer_id":37}},{"type":"Feature","id":19746801,"geometry":{"type":"Point","coordinates":[-123.77752399999918,39.22161100000085]},"properties":{"OBJL":153,"EXPSOU":null,"NATSUR":null,"NATQUA":null,"OBJNAM":null,"QUASOU":"2","SOUACC":null,"TECSOU":null,"VALSOU":null,"VERDAT":null,"WATLEV":4,"INFORM":null,"SCAMIN":null,"SORDAT":"19991127","SORIND":"US,US,graph,Chart 18628","DSNM":"US4CA2GF.000","APPROACH.UWTROC.FID":19746801,"enc_service":"enc_approach","enc_layer":"Underwater_Awash_Rock_point","enc_layer_id":37}},{"type":"Feature","id":19746683,"geometry":{"type":"Point","coordinates":[-123.77717099999973,39.215517000000546]},"properties":{"OBJL":153,"EXPSOU":null,"NATSUR":null,"NATQUA":null,"OBJNAM":null,"QUASOU":"2","SOUACC":null,"TECSOU":null,"VALSOU":null,"VERDAT":null,"WATLEV":4,"INFORM":null,"SCAMIN":null,"SORDAT":"19991127","SORIND":"US,US,graph,Chart 18628","DSNM":"US4CA2GF.000","APPROACH.UWTROC.FID":19746683,"enc_service":"enc_approach","enc_layer":"Underwater_Awash_Rock_point","enc_layer_id":37}},{"type":"Feature","id":19746715,"geometry":{"type":"Point","coordinates":[-123.77668000000085,39.22198799999933]},"properties":{"OBJL":153,"EXPSOU":null,"NATSUR":null,"NATQUA":null,"OBJNAM":null,"QUASOU":"2","SOUACC":null,"TECSOU":null,"VALSOU":null,"VERDAT":null,"WATLEV":4,"INFORM":null,"SCAMIN":null,"SORDAT":"19991127","SORIND":"US,US,graph,Chart 18628","DSNM":"US4CA2GF.000","APPROACH.UWTROC.FID":19746715,"enc_service":"enc_approach","enc_layer":"Underwater_Awash_Rock_point","enc_layer_id":37}},{"type":"Feature","id":19746627,"geometry":{"type":"Point","coordinates":[-123.77566300000035,39.216528999999355]},"properties":{"OBJL":153,"EXPSOU":1,"NATSUR":null,"NATQUA":null,"OBJNAM":null,"QUASOU":"6","SOUACC":null,"TECSOU":null,"VALSOU":0.3,"VERDAT":null,"WATLEV":3,"INFORM":null,"SCAMIN":null,"SORDAT":"201110","SORIND":"US,US,graph,Chart 18628","DSNM":"US4CA2GF.000","APPROACH.UWTROC.FID":19746627,"enc_service":"enc_approach","enc_layer":"Underwater_Awash_Rock_point","enc_layer_id":37}},{"type":"Feature","id":19746937,"geometry":{"type":"Point","coordinates":[-123.77439699999923,39.2184070000003]},"properties":{"OBJL":153,"EXPSOU":null,"NATSUR":null,"NATQUA":null,"OBJNAM":null,"QUASOU":"2","SOUACC":null,"TECSOU":null,"VALSOU":null,"VERDAT":null,"WATLEV":4,"INFORM":null,"SCAMIN":null,"SORDAT":"19991127","SORIND":"US,US,graph,Chart 18628","DSNM":"US4CA2GF.000","APPROACH.UWTROC.FID":19746937,"enc_service":"enc_approach","enc_layer":"Underwater_Awash_Rock_point","enc_layer_id":37}},{"type":"Feature","id":19746839,"geometry":{"type":"Point","coordinates":[-123.77437099999952,39.215399000000616]},"properties":{"OBJL":153,"EXPSOU":null,"NATSUR":null,"NATQUA":null,"OBJNAM":null,"QUASOU":"2","SOUACC":null,"TECSOU":null,"VALSOU":null,"VERDAT":null,"WATLEV":4,"INFORM":null,"SCAMIN":null,"SORDAT":"19991127","SORIND":"US,US,graph,Chart 18628","DSNM":"US4CA2GF.000","APPROACH.UWTROC.FID":19746839,"enc_service":"enc_approach","enc_layer":"Underwater_Awash_Rock_point","enc_layer_id":37}},{"type":"Feature","id":19746676,"geometry":{"type":"Point","coordinates":[-123.77374500000042,39.215377000000444]},"properties":{"OBJL":153,"EXPSOU":null,"NATSUR":null,"NATQUA":null,"OBJNAM":null,"QUASOU":"2","SOUACC":null,"TECSOU":null,"VALSOU":null,"VERDAT":null,"WATLEV":4,"INFORM":null,"SCAMIN":null,"SORDAT":"19991127","SORIND":"US,US,graph,Chart 18628","DSNM":"US4CA2GF.000","APPROACH.UWTROC.FID":19746676,"enc_service":"enc_approach","enc_layer":"Underwater_Awash_Rock_point","enc_layer_id":37}},{"type":"Feature","id":19746675,"geometry":{"type":"Point","coordinates":[-123.7736590000004,39.200559999999314]},"properties":{"OBJL":153,"EXPSOU":null,"NATSUR":null,"NATQUA":null,"OBJNAM":null,"QUASOU":"2","SOUACC":null,"TECSOU":null,"VALSOU":null,"VERDAT":null,"WATLEV":4,"INFORM":null,"SCAMIN":null,"SORDAT":"20000916","SORIND":"US,US,graph,Chart 18626","DSNM":"US4CA2GF.000","APPROACH.UWTROC.FID":19746675,"enc_service":"enc_approach","enc_layer":"Underwater_Awash_Rock_point","enc_layer_id":37}},{"type":"Feature","id":19746838,"geometry":{"type":"Point","coordinates":[-123.77339700000084,39.21824899999956]},"properties":{"OBJL":153,"EXPSOU":null,"NATSUR":null,"NATQUA":null,"OBJNAM":null,"QUASOU":"2","SOUACC":null,"TECSOU":null,"VALSOU":null,"VERDAT":null,"WATLEV":4,"INFORM":null,"SCAMIN":null,"SORDAT":"19991127","SORIND":"US,US,graph,Chart 18628","DSNM":"US4CA2GF.000","APPROACH.UWTROC.FID":19746838,"enc_service":"enc_approach","enc_layer":"Underwater_Awash_Rock_point","enc_layer_id":37}},{"type":"Feature","id":19746707,"geometry":{"type":"Point","coordinates":[-123.76351799999975,39.19098499999927]},"properties":{"OBJL":153,"EXPSOU":null,"NATSUR":null,"NATQUA":null,"OBJNAM":null,"QUASOU":"2","SOUACC":null,"TECSOU":null,"VALSOU":null,"VERDAT":null,"WATLEV":4,"INFORM":null,"SCAMIN":null,"SORDAT":"20000916","SORIND":"US,US,graph,Chart 18626","DSNM":"US4CA2GF.000","APPROACH.UWTROC.FID":19746707,"enc_service":"enc_approach","enc_layer":"Underwater_Awash_Rock_point","enc_layer_id":37}},{"type":"Feature","id":19746881,"geometry":{"type":"Point","coordinates":[-123.76068599999962,39.18299400000069]},"properties":{"OBJL":153,"EXPSOU":null,"NATSUR":null,"NATQUA":null,"OBJNAM":null,"QUASOU":"2","SOUACC":null,"TECSOU":null,"VALSOU":null,"VERDAT":null,"WATLEV":4,"INFORM":null,"SCAMIN":null,"SORDAT":"20000916","SORIND":"US,US,graph,Chart 18626","DSNM":"US4CA2GF.000","APPROACH.UWTROC.FID":19746881,"enc_service":"enc_approach","enc_layer":"Underwater_Awash_Rock_point","enc_layer_id":37}},{"type":"Feature","id":19746618,"geometry":{"type":"Point","coordinates":[-123.75809900000058,39.183273000000554]},"properties":{"OBJL":153,"EXPSOU":null,"NATSUR":null,"NATQUA":null,"OBJNAM":null,"QUASOU":"2","SOUACC":null,"TECSOU":null,"VALSOU":null,"VERDAT":null,"WATLEV":4,"INFORM":null,"SCAMIN":null,"SORDAT":"20000916","SORIND":"US,US,graph,Chart 18626","DSNM":"US4CA2GF.000","APPROACH.UWTROC.FID":19746618,"enc_service":"enc_approach","enc_layer":"Underwater_Awash_Rock_point","enc_layer_id":37}},{"type":"Feature","id":19746924,"geometry":{"type":"Point","coordinates":[-123.7415602000001,39.15633720000005]},"properties":{"OBJL":153,"EXPSOU":2,"NATSUR":null,"NATQUA":null,"OBJNAM":null,"QUASOU":"6","SOUACC":null,"TECSOU":null,"VALSOU":3,"VERDAT":null,"WATLEV":3,"INFORM":null,"SCAMIN":null,"SORDAT":"201112","SORIND":"US,US,graph,Chart 18626","DSNM":"US4CA2GF.000","APPROACH.UWTROC.FID":19746924,"enc_service":"enc_approach","enc_layer":"Underwater_Awash_Rock_point","enc_layer_id":37}},{"type":"Feature","id":19746638,"geometry":{"type":"Point","coordinates":[-123.7842058999995,39.202831000000515]},"properties":{"OBJL":153,"EXPSOU":1,"NATSUR":null,"NATQUA":null,"OBJNAM":null,"QUASOU":"6","SOUACC":null,"TECSOU":null,"VALSOU":5.7,"VERDAT":null,"WATLEV":3,"INFORM":null,"SCAMIN":null,"SORDAT":"20000916","SORIND":"US,US,graph,Chart 18626","DSNM":"US4CA2GF.000","APPROACH.UWTROC.FID":19746638,"enc_service":"enc_approach","enc_layer":"Underwater_Awash_Rock_point","enc_layer_id":37}},{"type":"Feature","id":19746755,"geometry":{"type":"Point","coordinates":[-123.7829610000008,39.23090100000081]},"properties":{"OBJL":153,"EXPSOU":null,"NATSUR":null,"NATQUA":null,"OBJNAM":null,"QUASOU":"2","SOUACC":null,"TECSOU":null,"VALSOU":null,"VERDAT":null,"WATLEV":3,"INFORM":null,"SCAMIN":null,"SORDAT":"19991127","SORIND":"US,US,graph,Chart 18628","DSNM":"US4CA2GF.000","APPROACH.UWTROC.FID":19746755,"enc_service":"enc_approach","enc_layer":"Underwater_Awash_Rock_point","enc_layer_id":37}},{"type":"Feature","id":19746950,"geometry":{"type":"Point","coordinates":[-123.78264599999966,39.239181000000826]},"properties":{"OBJL":153,"EXPSOU":null,"NATSUR":null,"NATQUA":null,"OBJNAM":null,"QUASOU":"2","SOUACC":null,"TECSOU":null,"VALSOU":null,"VERDAT":null,"WATLEV":3,"INFORM":null,"SCAMIN":null,"SORDAT":"19991127","SORIND":"US,US,graph,Chart 18628","DSNM":"US4CA2GF.000","APPROACH.UWTROC.FID":19746950,"enc_service":"enc_approach","enc_layer":"Underwater_Awash_Rock_point","enc_layer_id":37}},{"type":"Feature","id":19746685,"geometry":{"type":"Point","coordinates":[-123.78161759999966,39.21951789999912]},"properties":{"OBJL":153,"EXPSOU":1,"NATSUR":null,"NATQUA":null,"OBJNAM":null,"QUASOU":"6","SOUACC":null,"TECSOU":null,"VALSOU":13.1,"VERDAT":null,"WATLEV":3,"INFORM":null,"SCAMIN":null,"SORDAT":"19991127","SORIND":"US,US,graph,Chart 18628","DSNM":"US4CA2GF.000","APPROACH.UWTROC.FID":19746685,"enc_service":"enc_approach","enc_layer":"Underwater_Awash_Rock_point","enc_layer_id":37}},{"type":"Feature","id":19746720,"geometry":{"type":"Point","coordinates":[-123.78086400000029,39.234010000000126]},"properties":{"OBJL":153,"EXPSOU":null,"NATSUR":null,"NATQUA":null,"OBJNAM":null,"QUASOU":"2","SOUACC":null,"TECSOU":null,"VALSOU":null,"VERDAT":null,"WATLEV":4,"INFORM":null,"SCAMIN":null,"SORDAT":"19991127","SORIND":"US,US,graph,Chart 18628","DSNM":"US4CA2GF.000","APPROACH.UWTROC.FID":19746720,"enc_service":"enc_approach","enc_layer":"Underwater_Awash_Rock_point","enc_layer_id":37}},{"type":"Feature","id":19746899,"geometry":{"type":"Point","coordinates":[-123.7807840000005,39.242317000000185]},"properties":{"OBJL":153,"EXPSOU":null,"NATSUR":null,"NATQUA":null,"OBJNAM":null,"QUASOU":"2","SOUACC":null,"TECSOU":null,"VALSOU":null,"VERDAT":null,"WATLEV":3,"INFORM":null,"SCAMIN":null,"SORDAT":"19991127","SORIND":"US,US,graph,Chart 18628","DSNM":"US4CA2GF.000","APPROACH.UWTROC.FID":19746899,"enc_service":"enc_approach","enc_layer":"Underwater_Awash_Rock_point","enc_layer_id":37}},{"type":"Feature","id":19746898,"geometry":{"type":"Point","coordinates":[-123.77980199999911,39.214090999999826]},"properties":{"OBJL":153,"EXPSOU":null,"NATSUR":null,"NATQUA":null,"OBJNAM":null,"QUASOU":"2","SOUACC":null,"TECSOU":null,"VALSOU":null,"VERDAT":null,"WATLEV":4,"INFORM":null,"SCAMIN":null,"SORDAT":"19991127","SORIND":"US,US,graph,Chart 18628","DSNM":"US4CA2GF.000","APPROACH.UWTROC.FID":19746898,"enc_service":"enc_approach","enc_layer":"Underwater_Awash_Rock_point","enc_layer_id":37}},{"type":"Feature","id":19746682,"geometry":{"type":"Point","coordinates":[-123.77712799999972,39.20896299999913]},"properties":{"OBJL":153,"EXPSOU":null,"NATSUR":null,"NATQUA":null,"OBJNAM":null,"QUASOU":"2","SOUACC":null,"TECSOU":null,"VALSOU":null,"VERDAT":null,"WATLEV":4,"INFORM":null,"SCAMIN":null,"SORDAT":"20000916","SORIND":"US,US,graph,Chart 18626","DSNM":"US4CA2GF.000","APPROACH.UWTROC.FID":19746682,"enc_service":"enc_approach","enc_layer":"Underwater_Awash_Rock_point","enc_layer_id":37}},{"type":"Feature","id":19746843,"geometry":{"type":"Point","coordinates":[-123.77711500000078,39.21258800000032]},"properties":{"OBJL":153,"EXPSOU":null,"NATSUR":null,"NATQUA":null,"OBJNAM":null,"QUASOU":"2","SOUACC":null,"TECSOU":null,"VALSOU":null,"VERDAT":null,"WATLEV":4,"INFORM":null,"SCAMIN":null,"SORDAT":"19991127","SORIND":"US,US,graph,Chart 18628","DSNM":"US4CA2GF.000","APPROACH.UWTROC.FID":19746843,"enc_service":"enc_approach","enc_layer":"Underwater_Awash_Rock_point","enc_layer_id":37}},{"type":"Feature","id":19746840,"geometry":{"type":"Point","coordinates":[-123.77635999999984,39.21529999999984]},"properties":{"OBJL":153,"EXPSOU":null,"NATSUR":null,"NATQUA":null,"OBJNAM":null,"QUASOU":"2","SOUACC":null,"TECSOU":null,"VALSOU":null,"VERDAT":null,"WATLEV":4,"INFORM":null,"SCAMIN":null,"SORDAT":"19991127","SORIND":"US,US,graph,Chart 18628","DSNM":"US4CA2GF.000","APPROACH.UWTROC.FID":19746840,"enc_service":"enc_approach","enc_layer":"Underwater_Awash_Rock_point","enc_layer_id":37}},{"type":"Feature","id":19746893,"geometry":{"type":"Point","coordinates":[-123.77624800000012,39.22183000000041]},"properties":{"OBJL":153,"EXPSOU":null,"NATSUR":null,"NATQUA":null,"OBJNAM":null,"QUASOU":"2","SOUACC":null,"TECSOU":null,"VALSOU":null,"VERDAT":null,"WATLEV":4,"INFORM":null,"SCAMIN":null,"SORDAT":"19991127","SORIND":"US,US,graph,Chart 18628","DSNM":"US4CA2GF.000","APPROACH.UWTROC.FID":19746893,"enc_service":"enc_approach","enc_layer":"Underwater_Awash_Rock_point","enc_layer_id":37}},{"type":"Feature","id":19746713,"geometry":{"type":"Point","coordinates":[-123.77484200000072,39.20478399999956]},"properties":{"OBJL":153,"EXPSOU":null,"NATSUR":null,"NATQUA":null,"OBJNAM":null,"QUASOU":"2","SOUACC":null,"TECSOU":null,"VALSOU":null,"VERDAT":null,"WATLEV":4,"INFORM":null,"SCAMIN":null,"SORDAT":"20000916","SORIND":"US,US,graph,Chart 18626","DSNM":"US4CA2GF.000","APPROACH.UWTROC.FID":19746713,"enc_service":"enc_approach","enc_layer":"Underwater_Awash_Rock_point","enc_layer_id":37}},{"type":"Feature","id":19746936,"geometry":{"type":"Point","coordinates":[-123.77428499999951,39.22811299999921]},"properties":{"OBJL":153,"EXPSOU":null,"NATSUR":null,"NATQUA":null,"OBJNAM":null,"QUASOU":"2","SOUACC":null,"TECSOU":null,"VALSOU":null,"VERDAT":null,"WATLEV":4,"INFORM":null,"SCAMIN":null,"SORDAT":"19991127","SORIND":"US,US,graph,Chart 18628","DSNM":"US4CA2GF.000","APPROACH.UWTROC.FID":19746936,"enc_service":"enc_approach","enc_layer":"Underwater_Awash_Rock_point","enc_layer_id":37}},{"type":"Feature","id":19746889,"geometry":{"type":"Point","coordinates":[-123.77399399999922,39.20514700000058]},"properties":{"OBJL":153,"EXPSOU":null,"NATSUR":null,"NATQUA":null,"OBJNAM":null,"QUASOU":"2","SOUACC":null,"TECSOU":null,"VALSOU":null,"VERDAT":null,"WATLEV":4,"INFORM":null,"SCAMIN":null,"SORDAT":"20000916","SORIND":"US,US,graph,Chart 18626","DSNM":"US4CA2GF.000","APPROACH.UWTROC.FID":19746889,"enc_service":"enc_approach","enc_layer":"Underwater_Awash_Rock_point","enc_layer_id":37}},{"type":"Feature","id":19746795,"geometry":{"type":"Point","coordinates":[-123.77393569999913,39.22072219999973]},"properties":{"OBJL":153,"EXPSOU":null,"NATSUR":null,"NATQUA":null,"OBJNAM":null,"QUASOU":"2","SOUACC":null,"TECSOU":null,"VALSOU":null,"VERDAT":null,"WATLEV":4,"INFORM":null,"SCAMIN":null,"SORDAT":"19991127","SORIND":"US,US,graph,Chart 18628","DSNM":"US4CA2GF.000","APPROACH.UWTROC.FID":19746795,"enc_service":"enc_approach","enc_layer":"Underwater_Awash_Rock_point","enc_layer_id":37}},{"type":"Feature","id":19746934,"geometry":{"type":"Point","coordinates":[-123.7736590000004,39.20398100000057]},"properties":{"OBJL":153,"EXPSOU":null,"NATSUR":null,"NATQUA":null,"OBJNAM":null,"QUASOU":"2","SOUACC":null,"TECSOU":null,"VALSOU":null,"VERDAT":null,"WATLEV":4,"INFORM":null,"SCAMIN":null,"SORDAT":"20000916","SORIND":"US,US,graph,Chart 18626","DSNM":"US4CA2GF.000","APPROACH.UWTROC.FID":19746934,"enc_service":"enc_approach","enc_layer":"Underwater_Awash_Rock_point","enc_layer_id":37}},{"type":"Feature","id":19746933,"geometry":{"type":"Point","coordinates":[-123.77314099999967,39.20548400000007]},"properties":{"OBJL":153,"EXPSOU":null,"NATSUR":null,"NATQUA":null,"OBJNAM":null,"QUASOU":"2","SOUACC":null,"TECSOU":null,"VALSOU":null,"VERDAT":null,"WATLEV":4,"INFORM":null,"SCAMIN":null,"SORDAT":"20000916","SORIND":"US,US,graph,Chart 18626","DSNM":"US4CA2GF.000","APPROACH.UWTROC.FID":19746933,"enc_service":"enc_approach","enc_layer":"Underwater_Awash_Rock_point","enc_layer_id":37}},{"type":"Feature","id":19746622,"geometry":{"type":"Point","coordinates":[-123.77243300000009,39.2196299999996]},"properties":{"OBJL":153,"EXPSOU":null,"NATSUR":null,"NATQUA":null,"OBJNAM":null,"QUASOU":"2","SOUACC":null,"TECSOU":null,"VALSOU":null,"VERDAT":null,"WATLEV":4,"INFORM":null,"SCAMIN":null,"SORDAT":"19991127","SORIND":"US,US,graph,Chart 18628","DSNM":"US4CA2GF.000","APPROACH.UWTROC.FID":19746622,"enc_service":"enc_approach","enc_layer":"Underwater_Awash_Rock_point","enc_layer_id":37}},{"type":"Feature","id":19746673,"geometry":{"type":"Point","coordinates":[-123.77214800000002,39.21497099999942]},"properties":{"OBJL":153,"EXPSOU":null,"NATSUR":null,"NATQUA":null,"OBJNAM":null,"QUASOU":"2","SOUACC":null,"TECSOU":null,"VALSOU":null,"VERDAT":null,"WATLEV":4,"INFORM":null,"SCAMIN":null,"SORDAT":"19991127","SORIND":"US,US,graph,Chart 18628","DSNM":"US4CA2GF.000","APPROACH.UWTROC.FID":19746673,"enc_service":"enc_approach","enc_layer":"Underwater_Awash_Rock_point","enc_layer_id":37}},{"type":"Feature","id":19746709,"geometry":{"type":"Point","coordinates":[-123.76620709999952,39.17954859999918]},"properties":{"OBJL":153,"EXPSOU":2,"NATSUR":null,"NATQUA":null,"OBJNAM":null,"QUASOU":"6","SOUACC":null,"TECSOU":null,"VALSOU":12.8,"VERDAT":null,"WATLEV":3,"INFORM":null,"SCAMIN":null,"SORDAT":"20000916","SORIND":"US,US,graph,Chart 18626","DSNM":"US4CA2GF.000","APPROACH.UWTROC.FID":19746709,"enc_service":"enc_approach","enc_layer":"Underwater_Awash_Rock_point","enc_layer_id":37}},{"type":"Feature","id":19746706,"geometry":{"type":"Point","coordinates":[-123.76137799999924,39.185161999999764]},"properties":{"OBJL":153,"EXPSOU":null,"NATSUR":null,"NATQUA":null,"OBJNAM":null,"QUASOU":"2","SOUACC":null,"TECSOU":null,"VALSOU":null,"VERDAT":null,"WATLEV":4,"INFORM":null,"SCAMIN":null,"SORDAT":"20000916","SORIND":"US,US,graph,Chart 18626","DSNM":"US4CA2GF.000","APPROACH.UWTROC.FID":19746706,"enc_service":"enc_approach","enc_layer":"Underwater_Awash_Rock_point","enc_layer_id":37}},{"type":"Feature","id":2654984,"geometry":{"type":"Polygon","coordinates":[[[-123.78684090000024,39.21580569999969],[-123.78690579999966,39.21581159999914],[-123.78698880000047,39.215778699999646],[-123.78703710000082,39.215741199999684],[-123.78707480000048,39.21568599999955],[-123.78709899999922,39.215617899999415],[-123.78709750000053,39.21556149999924],[-123.78707179999947,39.21547699999974],[-123.78705219999938,39.215417100000195],[-123.78700840000056,39.21534310000061],[-123.78696470000068,39.215298499999335],[-123.78691489999983,39.21527149999929],[-123.78685749999931,39.21524800000043],[-123.78676540000015,39.21524099999988],[-123.78667040000073,39.21526099999937],[-123.78655869999966,39.215316100000564],[-123.78647719999935,39.21537840000019],[-123.78645150000011,39.215433600000324],[-123.78646509999999,39.215522799999235],[-123.78650279999965,39.215594400000555],[-123.78656170000068,39.21565550000014],[-123.78664770000069,39.21571650000078],[-123.78674130000036,39.21576819999973],[-123.78684090000024,39.21580569999969]]]},"properties":{"OBJL":86,"CATOBS":"foul area","CONDTN":null,"EXPSOU":null,"HEIGHT":null,"NATCON":null,"NATQUA":null,"OBJNAM":"Bull Rock","PRODCT":null,"QUASOU":"2","SOUACC":null,"TECSOU":null,"VALSOU":null,"VERACC":null,"VERDAT":null,"VERLEN":null,"WATLEV":3,"NATSUR":"rock","INFORM":null,"SCAMIN":null,"SORDAT":"201110","SORIND":"US,US,graph,Chart 18628","DSNM":"US4CA2GF.000","APPROACH.OBSTRN_POLYGON.FID":2654984,"SHAPE.AREA":2.690058e-07,"SHAPE.LEN":0.00188186908014959,"enc_service":"enc_approach","enc_layer":"Obstruction_area","enc_layer_id":161}},{"type":"Feature","id":2654977,"geometry":{"type":"Polygon","coordinates":[[[-123.7818984000005,39.237340499999846],[-123.78193230000034,39.23730339999929],[-123.78194000000076,39.23726390000047],[-123.7819184,39.23722199999975],[-123.78187380000054,39.23718600000029],[-123.78180299999985,39.237157300000035],[-123.78173520000018,39.237152499999866],[-123.78167980000035,39.237166900000375],[-123.78165819999958,39.23719560000063],[-123.78164590000051,39.23723389999941],[-123.78165819999958,39.23728300000039],[-123.78169519999938,39.23734409999997],[-123.78173980000065,39.23737640000036],[-123.78178450000087,39.237380000000485],[-123.7818184000007,39.23737280000023],[-123.78185219999978,39.23736319999989],[-123.7818984000005,39.237340499999846]]]},"properties":{"OBJL":86,"CATOBS":" ","CONDTN":null,"EXPSOU":null,"HEIGHT":null,"NATCON":null,"NATQUA":null,"OBJNAM":null,"PRODCT":null,"QUASOU":"2","SOUACC":null,"TECSOU":null,"VALSOU":null,"VERACC":null,"VERDAT":null,"VERLEN":null,"WATLEV":3,"NATSUR":null,"INFORM":null,"SCAMIN":null,"SORDAT":"201110","SORIND":"US,US,graph,Chart 18628","DSNM":"US4CA2GF.000","APPROACH.OBSTRN_POLYGON.FID":2654977,"SHAPE.AREA":4.990005e-08,"SHAPE.LEN":0.0008159363337885,"enc_service":"enc_approach","enc_layer":"Obstruction_area","enc_layer_id":161}},{"type":"Feature","id":2654978,"geometry":{"type":"Polygon","coordinates":[[[-123.7852127999995,39.22975349999979],[-123.785124,39.22975249999945],[-123.78502599999956,39.229763499999535],[-123.78496190000078,39.22978089999924],[-123.78489950000039,39.2298265999998],[-123.78487719999976,39.22987439999997],[-123.78485489999912,39.22994579999977],[-123.78483360000064,39.230021999999735],[-123.7848451000009,39.23004899999978],[-123.78486560000056,39.23007949999919],[-123.78493510000044,39.2301224999992],[-123.78502599999956,39.2301480999995],[-123.7851124000008,39.230154400000174],[-123.78519889999916,39.23014669999975],[-123.78525500000069,39.230121799999324],[-123.78530130000036,39.23008160000063],[-123.78533070000049,39.23003659999995],[-123.78535659999943,39.22997209999994],[-123.78536639999948,39.22992709999926],[-123.78535829999964,39.2298737000001],[-123.78533699999934,39.22983700000077],[-123.78528929999993,39.22978130000047],[-123.7852127999995,39.22975349999979]]]},"properties":{"OBJL":86,"CATOBS":" ","CONDTN":null,"EXPSOU":null,"HEIGHT":null,"NATCON":null,"NATQUA":null,"OBJNAM":null,"PRODCT":null,"QUASOU":"2","SOUACC":null,"TECSOU":null,"VALSOU":null,"VERACC":null,"VERDAT":null,"VERLEN":null,"WATLEV":3,"NATSUR":null,"INFORM":null,"SCAMIN":null,"SORDAT":"19991127","SORIND":"US,US,graph,Chart 18628","DSNM":"US4CA2GF.000","APPROACH.OBSTRN_POLYGON.FID":2654978,"SHAPE.AREA":1.6969502e-07,"SHAPE.LEN":0.00149676410865303,"enc_service":"enc_approach","enc_layer":"Obstruction_area","enc_layer_id":161}},{"type":"Feature","id":2654983,"geometry":{"type":"Polygon","coordinates":[[[-123.78219630000058,39.21484020000025],[-123.78224629999931,39.214770900000076],[-123.78225940000084,39.21470330000011],[-123.7822527999997,39.21463559999938],[-123.78221590000066,39.214596699999674],[-123.78215719999935,39.214578099999926],[-123.78208769999947,39.21458829999938],[-123.78198549999979,39.214618699999846],[-123.78192029999991,39.21466610000061],[-123.78185950000079,39.21474049999961],[-123.7818399000007,39.214801300000545],[-123.7818399000007,39.2148588],[-123.7818812000005,39.21491799999967],[-123.7819442,39.21494840000014],[-123.78200939999988,39.21494669999993],[-123.78206590000082,39.214922999999544],[-123.78209640000023,39.214902800000345],[-123.78219630000058,39.21484020000025]]]},"properties":{"OBJL":86,"CATOBS":" ","CONDTN":null,"EXPSOU":null,"HEIGHT":null,"NATCON":null,"NATQUA":null,"OBJNAM":null,"PRODCT":null,"QUASOU":"2","SOUACC":null,"TECSOU":null,"VALSOU":null,"VERACC":null,"VERDAT":null,"VERLEN":null,"WATLEV":3,"NATSUR":null,"INFORM":null,"SCAMIN":null,"SORDAT":"201110","SORIND":"US,US,graph,Chart 18628","DSNM":"US4CA2GF.000","APPROACH.OBSTRN_POLYGON.FID":2654983,"SHAPE.AREA":1.1132207e-07,"SHAPE.LEN":0.00123557127049049,"enc_service":"enc_approach","enc_layer":"Obstruction_area","enc_layer_id":161}},{"type":"Feature","id":2654971,"geometry":{"type":"Polygon","coordinates":[[[-123.78219979999994,39.22474030000012],[-123.7820627000001,39.22461900000053],[-123.78193819999979,39.22451919999912],[-123.78183630000058,39.2244498],[-123.78173190000052,39.22438619999957],[-123.78162750000047,39.2243342999991],[-123.78151310000067,39.22430700000041],[-123.7814400999996,39.22430600000007],[-123.78138229999968,39.22431580000011],[-123.78131310000026,39.224337300000116],[-123.78123009999945,39.22440520000055],[-123.78119870000046,39.22445119999975],[-123.78117220000058,39.22451290000026],[-123.78116969999974,39.224575500000356],[-123.78119589999915,39.22464639999998],[-123.78124199999911,39.22473119999995],[-123.78128920000017,39.22479720000047],[-123.78134060000048,39.22484529999929],[-123.78146740000011,39.22493580000082],[-123.7815972999997,39.22503119999965],[-123.78168750000077,39.22508910000033],[-123.78179649999947,39.22515430000021],[-123.7818814000002,39.22517549999975],[-123.78195269999924,39.225186899999244],[-123.78203960000064,39.22518769999988],[-123.78213080000023,39.225186899999244],[-123.78221470000062,39.22517300000072],[-123.78229119999924,39.22514609999962],[-123.78234189999966,39.225122300000294],[-123.78238339999916,39.2250939000005],[-123.78239980000035,39.22506849999991],[-123.78239980000035,39.2250254999999],[-123.78238219999912,39.224982399999135],[-123.78234689999954,39.22491389999959],[-123.7823042,39.22485280000001],[-123.78219979999994,39.22474030000012]]]},"properties":{"OBJL":86,"CATOBS":"foul area","CONDTN":null,"EXPSOU":null,"HEIGHT":null,"NATCON":null,"NATQUA":null,"OBJNAM":null,"PRODCT":null,"QUASOU":"2","SOUACC":null,"TECSOU":null,"VALSOU":null,"VERACC":null,"VERDAT":null,"VERLEN":null,"WATLEV":3,"NATSUR":"rock","INFORM":null,"SCAMIN":null,"SORDAT":"201110","SORIND":"US,US,graph,Chart 18628","DSNM":"US4CA2GF.000","APPROACH.OBSTRN_POLYGON.FID":2654971,"SHAPE.AREA":6.6342604e-07,"SHAPE.LEN":0.00322909423568985,"enc_service":"enc_approach","enc_layer":"Obstruction_area","enc_layer_id":161}},{"type":"Feature","id":2654969,"geometry":{"type":"Polygon","coordinates":[[[-123.77927830000044,39.21239229999992],[-123.7792171000001,39.2124017999995],[-123.77914989999954,39.212433099999544],[-123.77911929999937,39.2124616000001],[-123.77910100000008,39.21249689999968],[-123.77909399999953,39.212548600000446],[-123.77910619999966,39.2125730000007],[-123.77913760000047,39.21261919999961],[-123.77915690000009,39.212655299999824],[-123.77917779999916,39.212666100000206],[-123.77925549999964,39.21267500000067],[-123.77932019999935,39.212670900000376],[-123.77938130000075,39.212663399999656],[-123.7794572999992,39.21265250000033],[-123.77950450000026,39.21263759999965],[-123.77954900000077,39.21258999999918],[-123.77957779999997,39.21253969999998],[-123.77958050000052,39.21251049999955],[-123.77956210000048,39.2124703999998],[-123.77953069999967,39.21244730000035],[-123.7794546999994,39.212413999999626],[-123.77936819999923,39.21239570000034],[-123.77927830000044,39.21239229999992]]]},"properties":{"OBJL":86,"CATOBS":" ","CONDTN":null,"EXPSOU":null,"HEIGHT":null,"NATCON":null,"NATQUA":null,"OBJNAM":null,"PRODCT":null,"QUASOU":"2","SOUACC":null,"TECSOU":null,"VALSOU":null,"VERACC":null,"VERDAT":null,"VERLEN":null,"WATLEV":3,"NATSUR":null,"INFORM":null,"SCAMIN":null,"SORDAT":"201110","SORIND":"US,US,graph,Chart 18628","DSNM":"US4CA2GF.000","APPROACH.OBSTRN_POLYGON.FID":2654969,"SHAPE.AREA":1.084492e-07,"SHAPE.LEN":0.00124518904281757,"enc_service":"enc_approach","enc_layer":"Obstruction_area","enc_layer_id":161}},{"type":"Feature","id":2654975,"geometry":{"type":"Polygon","coordinates":[[[-123.75630300000012,39.17801300000065],[-123.75622800000019,39.17802800000027],[-123.75616599999921,39.178053999999975],[-123.75612399999955,39.17809400000078],[-123.75610000000052,39.17815300000075],[-123.75609599999916,39.1782230000008],[-123.75610500000039,39.178296000000046],[-123.75612899999942,39.178366000000096],[-123.7561569999998,39.178421000000526],[-123.75619899999947,39.1784719999996],[-123.75629400000071,39.17856000000029],[-123.75636900000063,39.17864799999916],[-123.7564110000003,39.17867699999988],[-123.75645900000018,39.1786919999995],[-123.75650999999925,39.178687999999966],[-123.75656700000036,39.178665999999794],[-123.75666599999931,39.17861500000072],[-123.75671300000067,39.178577999999106],[-123.75676659999954,39.17847000000074],[-123.75678399999924,39.17843499999981],[-123.75680300000022,39.17837700000018],[-123.75680300000022,39.17836200000056],[-123.75680699999975,39.178351000000475],[-123.75680699999975,39.178336000000854],[-123.7567880000006,39.17827000000034],[-123.75675600000068,39.178218999999444],[-123.75671300000067,39.178170999999566],[-123.75666099999944,39.17812699999922],[-123.75659819999964,39.17809329999909],[-123.75652500000069,39.178053999999975],[-123.75644900000043,39.17802800000027],[-123.7563740000005,39.17801300000065],[-123.75630300000012,39.17801300000065]]]},"properties":{"OBJL":86,"CATOBS":" ","CONDTN":null,"EXPSOU":null,"HEIGHT":null,"NATCON":null,"NATQUA":null,"OBJNAM":null,"PRODCT":null,"QUASOU":"2","SOUACC":null,"TECSOU":null,"VALSOU":null,"VERACC":null,"VERDAT":null,"VERLEN":null,"WATLEV":3,"NATSUR":null,"INFORM":null,"SCAMIN":null,"SORDAT":"20000916","SORIND":"US,US,graph,Chart 18626","DSNM":"US4CA2GF.000","APPROACH.OBSTRN_POLYGON.FID":2654975,"SHAPE.AREA":3.468728e-07,"SHAPE.LEN":0.0021467526490102804,"enc_service":"enc_approach","enc_layer":"Obstruction_area","enc_layer_id":161}},{"type":"Feature","id":2654976,"geometry":{"type":"Polygon","coordinates":[[[-123.77934020000066,39.225149100000635],[-123.77929919999951,39.225159699999494],[-123.77926169999955,39.22519149999971],[-123.77922070000022,39.225233999999546],[-123.77922070000022,39.2252711000001],[-123.77923089999967,39.225332199999684],[-123.77926169999955,39.225398500000665],[-123.77931290000015,39.22543570000016],[-123.77938109999923,39.22545159999936],[-123.77941869999995,39.22544360000029],[-123.77945969999928,39.22542500000054],[-123.77948350000042,39.22538519999944],[-123.77950410000085,39.225318900000275],[-123.77950740000051,39.22529500000019],[-123.77950740000051,39.22525789999963],[-123.77949040000021,39.2252153999998],[-123.77944260000004,39.22516229999928],[-123.77938109999923,39.225149100000635],[-123.77934020000066,39.225149100000635]]]},"properties":{"OBJL":86,"CATOBS":"foul area","CONDTN":null,"EXPSOU":null,"HEIGHT":null,"NATCON":null,"NATQUA":null,"OBJNAM":null,"PRODCT":null,"QUASOU":"2","SOUACC":null,"TECSOU":null,"VALSOU":null,"VERACC":null,"VERDAT":null,"VERLEN":null,"WATLEV":3,"NATSUR":"rock","INFORM":null,"SCAMIN":null,"SORDAT":"19991127","SORIND":"US,US,graph,Chart 18628","DSNM":"US4CA2GF.000","APPROACH.OBSTRN_POLYGON.FID":2654976,"SHAPE.AREA":6.812269500000001e-08,"SHAPE.LEN":0.000937545654279475,"enc_service":"enc_approach","enc_layer":"Obstruction_area","enc_layer_id":161}},{"type":"Feature","id":2654973,"geometry":{"type":"Polygon","coordinates":[[[-123.78536870000062,39.24739840000075],[-123.78538769999977,39.247445799999696],[-123.78543180000088,39.247475199999826],[-123.78548240000055,39.24749979999979],[-123.78552459999992,39.24750309999945],[-123.78556030000072,39.24749479999991],[-123.78560029999971,39.24747199999911],[-123.78562769999917,39.24743599999965],[-123.78563190000023,39.24738690000049],[-123.78562769999917,39.24736400000074],[-123.78561819999959,39.247340100000656],[-123.78559300000052,39.24731079999947],[-123.78554520000034,39.247295099999974],[-123.78549489999932,39.247295099999974],[-123.78542820000075,39.24730979999913],[-123.78538669999944,39.24733229999947],[-123.78536910000003,39.24735970000074],[-123.78536870000062,39.24739840000075]]]},"properties":{"OBJL":86,"CATOBS":" ","CONDTN":null,"EXPSOU":null,"HEIGHT":null,"NATCON":null,"NATQUA":null,"OBJNAM":null,"PRODCT":null,"QUASOU":"2","SOUACC":null,"TECSOU":null,"VALSOU":null,"VERACC":null,"VERDAT":null,"VERLEN":null,"WATLEV":3,"NATSUR":null,"INFORM":null,"SCAMIN":null,"SORDAT":"201110","SORIND":"US,US,graph,Chart 18628","DSNM":"US4CA2GF.000","APPROACH.OBSTRN_POLYGON.FID":2654973,"SHAPE.AREA":4.328739e-08,"SHAPE.LEN":0.000754908643052909,"enc_service":"enc_approach","enc_layer":"Obstruction_area","enc_layer_id":161}},{"type":"Feature","id":2654981,"geometry":{"type":"Polygon","coordinates":[[[-123.74796439999955,39.16304090000085],[-123.74782910000067,39.16306629999963],[-123.74766119999913,39.163142600000356],[-123.7475073000005,39.16322609999952],[-123.7472973999993,39.16342219999933],[-123.74708739999915,39.163632800000414],[-123.74695679999968,39.16387980000036],[-123.74691949999942,39.164050499999576],[-123.74695219999921,39.16420300000027],[-123.74702679999973,39.1643082999999],[-123.74719940000068,39.16444629999933],[-123.74731129999964,39.16451159999997],[-123.74746059999961,39.16454429999976],[-123.74758660000043,39.164555200000905],[-123.74774050000087,39.16452980000031],[-123.74783849999949,39.16447899999912],[-123.74798310000006,39.1643337000005],[-123.74808569999914,39.16418840000006],[-123.74819759999991,39.16394880000007],[-123.74827689999984,39.16378169999916],[-123.7483515999993,39.163632800000414],[-123.74839819999943,39.16352750000078],[-123.74839360000078,39.16344039999967],[-123.74838420000015,39.16335319999962],[-123.74832360000073,39.163269700000455],[-123.74824889999945,39.16316799999913],[-123.74807639999926,39.163073600000644],[-123.7480016999998,39.16304459999992],[-123.74796439999955,39.16304090000085]]]},"properties":{"OBJL":86,"CATOBS":" ","CONDTN":null,"EXPSOU":null,"HEIGHT":null,"NATCON":null,"NATQUA":null,"OBJNAM":null,"PRODCT":null,"QUASOU":"2","SOUACC":null,"TECSOU":null,"VALSOU":null,"VERACC":null,"VERDAT":null,"VERLEN":null,"WATLEV":3,"NATSUR":null,"INFORM":null,"SCAMIN":null,"SORDAT":"201112","SORIND":"US,US,graph,Chart 18626","DSNM":"US4CA2GF.000","APPROACH.OBSTRN_POLYGON.FID":2654981,"SHAPE.AREA":1.507972195e-06,"SHAPE.LEN":0.004549752342263681,"enc_service":"enc_approach","enc_layer":"Obstruction_area","enc_layer_id":161}},{"type":"Feature","id":2654972,"geometry":{"type":"Polygon","coordinates":[[[-123.78326899999956,39.24354250000033],[-123.78322669999943,39.24354350000067],[-123.78316509999968,39.24355749999995],[-123.78311249999933,39.24358639999991],[-123.78307909999967,39.24363930000072],[-123.78306119999979,39.243705099999715],[-123.78307400000085,39.24377599999934],[-123.78308040000047,39.24383680000028],[-123.78308300000026,39.243893700000626],[-123.78309450000052,39.243955500000084],[-123.78311629999916,39.24398839999958],[-123.78315610000027,39.243999399999666],[-123.78320490000078,39.24400640000022],[-123.78329080000003,39.24400439999954],[-123.78333569999995,39.243984500000806],[-123.78336909999962,39.243941599999744],[-123.78338190000068,39.24389970000084],[-123.7833972999997,39.243840799999816],[-123.78340369999933,39.24376900000061],[-123.78339600000072,39.24370009999984],[-123.78338319999966,39.243638300000384],[-123.78335239999979,39.243584399999236],[-123.78330880000067,39.243554500000755],[-123.78326899999956,39.24354250000033]]]},"properties":{"OBJL":86,"CATOBS":" ","CONDTN":null,"EXPSOU":null,"HEIGHT":null,"NATCON":null,"NATQUA":null,"OBJNAM":null,"PRODCT":null,"QUASOU":"2","SOUACC":null,"TECSOU":null,"VALSOU":null,"VERACC":null,"VERDAT":null,"VERLEN":null,"WATLEV":3,"NATSUR":null,"INFORM":null,"SCAMIN":null,"SORDAT":"201110","SORIND":"US,US,graph,Chart 18628","DSNM":"US4CA2GF.000","APPROACH.OBSTRN_POLYGON.FID":2654972,"SHAPE.AREA":1.3155233e-07,"SHAPE.LEN":0.0013344508760628302,"enc_service":"enc_approach","enc_layer":"Obstruction_area","enc_layer_id":161}},{"type":"Feature","id":6599661,"geometry":{"type":"Point","coordinates":[-123.787733,39.24683240000002]},"properties":{"OBJECTID":6599661,"OBJL":153,"EXPSOU":null,"NATSUR":null,"NATQUA":null,"OBJNAM":null,"QUASOU":"2","SOUACC":null,"TECSOU":null,"VALSOU":null,"VERDAT":null,"WATLEV":3,"INFORM":null,"SCAMIN":null,"SORDAT":"200206","SORIND":"US,US,graph,Chart 18620","DSNM":"US3CA15M.000","enc_service":"enc_coastal","enc_layer":"Underwater_Awash_Rock_point","enc_layer_id":31}},{"type":"Feature","id":6601099,"geometry":{"type":"Point","coordinates":[-123.78540190000001,39.23720639999999]},"properties":{"OBJECTID":6601099,"OBJL":153,"EXPSOU":null,"NATSUR":null,"NATQUA":null,"OBJNAM":null,"QUASOU":"2","SOUACC":null,"TECSOU":null,"VALSOU":null,"VERDAT":null,"WATLEV":4,"INFORM":null,"SCAMIN":null,"SORDAT":"200206","SORIND":"US,US,graph,Chart 18620","DSNM":"US3CA1HD.000","enc_service":"enc_coastal","enc_layer":"Underwater_Awash_Rock_point","enc_layer_id":31}},{"type":"Feature","id":6601101,"geometry":{"type":"Point","coordinates":[-123.784671,39.22437830000001]},"properties":{"OBJECTID":6601101,"OBJL":153,"EXPSOU":null,"NATSUR":null,"NATQUA":null,"OBJNAM":null,"QUASOU":"2","SOUACC":null,"TECSOU":null,"VALSOU":null,"VERDAT":null,"WATLEV":3,"INFORM":null,"SCAMIN":null,"SORDAT":"200206","SORIND":"US,US,graph,Chart 18620","DSNM":"US3CA1HD.000","enc_service":"enc_coastal","enc_layer":"Underwater_Awash_Rock_point","enc_layer_id":31}},{"type":"Feature","id":6601191,"geometry":{"type":"Point","coordinates":[-123.76575709999997,39.17928840000002]},"properties":{"OBJECTID":6601191,"OBJL":153,"EXPSOU":null,"NATSUR":null,"NATQUA":null,"OBJNAM":null,"QUASOU":"2","SOUACC":null,"TECSOU":null,"VALSOU":null,"VERDAT":null,"WATLEV":3,"INFORM":null,"SCAMIN":null,"SORDAT":"201202","SORIND":"US,US,graph,Chart 18620","DSNM":"US3CA1HD.000","enc_service":"enc_coastal","enc_layer":"Underwater_Awash_Rock_point","enc_layer_id":31}},{"type":"Feature","id":6599498,"geometry":{"type":"Point","coordinates":[-123.75909180000002,39.17590960000001]},"properties":{"OBJECTID":6599498,"OBJL":153,"EXPSOU":null,"NATSUR":null,"NATQUA":null,"OBJNAM":null,"QUASOU":"2","SOUACC":null,"TECSOU":null,"VALSOU":null,"VERDAT":null,"WATLEV":3,"INFORM":null,"SCAMIN":null,"SORDAT":"200206","SORIND":"US,US,graph,Chart 18620","DSNM":"US3CA15M.000","enc_service":"enc_coastal","enc_layer":"Underwater_Awash_Rock_point","enc_layer_id":31}},{"type":"Feature","id":6601150,"geometry":{"type":"Point","coordinates":[-123.74983179999998,39.163548100000014]},"properties":{"OBJECTID":6601150,"OBJL":153,"EXPSOU":null,"NATSUR":null,"NATQUA":null,"OBJNAM":null,"QUASOU":"2","SOUACC":null,"TECSOU":null,"VALSOU":null,"VERDAT":null,"WATLEV":3,"INFORM":null,"SCAMIN":null,"SORDAT":"200206","SORIND":"US,US,graph,Chart 18620","DSNM":"US3CA1HD.000","enc_service":"enc_coastal","enc_layer":"Underwater_Awash_Rock_point","enc_layer_id":31}},{"type":"Feature","id":6601110,"geometry":{"type":"Point","coordinates":[-123.78195269999998,39.20901190000001]},"properties":{"OBJECTID":6601110,"OBJL":153,"EXPSOU":1,"NATSUR":null,"NATQUA":null,"OBJNAM":null,"QUASOU":"6","SOUACC":null,"TECSOU":null,"VALSOU":4.8,"VERDAT":null,"WATLEV":3,"INFORM":null,"SCAMIN":null,"SORDAT":"201202","SORIND":"US,US,repet,L-1820/09","DSNM":"US3CA1HD.000","enc_service":"enc_coastal","enc_layer":"Underwater_Awash_Rock_point","enc_layer_id":31}},{"type":"Feature","id":6599470,"geometry":{"type":"Point","coordinates":[-123.78034609999997,39.19636409999998]},"properties":{"OBJECTID":6599470,"OBJL":153,"EXPSOU":2,"NATSUR":null,"NATQUA":null,"OBJNAM":null,"QUASOU":"6","SOUACC":null,"TECSOU":null,"VALSOU":17.3,"VERDAT":null,"WATLEV":3,"INFORM":null,"SCAMIN":null,"SORDAT":"201202","SORIND":"US,US,reprt,L-1820/09","DSNM":"US3CA15M.000","enc_service":"enc_coastal","enc_layer":"Underwater_Awash_Rock_point","enc_layer_id":31}},{"type":"Feature","id":6599629,"geometry":{"type":"Point","coordinates":[-123.784671,39.22437830000001]},"properties":{"OBJECTID":6599629,"OBJL":153,"EXPSOU":null,"NATSUR":null,"NATQUA":null,"OBJNAM":null,"QUASOU":"2","SOUACC":null,"TECSOU":null,"VALSOU":null,"VERDAT":null,"WATLEV":3,"INFORM":null,"SCAMIN":null,"SORDAT":"200206","SORIND":"US,US,graph,Chart 18620","DSNM":"US3CA15M.000","enc_service":"enc_coastal","enc_layer":"Underwater_Awash_Rock_point","enc_layer_id":31}},{"type":"Feature","id":6601180,"geometry":{"type":"Point","coordinates":[-123.7680992,39.189030600000024]},"properties":{"OBJECTID":6601180,"OBJL":153,"EXPSOU":null,"NATSUR":null,"NATQUA":null,"OBJNAM":null,"QUASOU":"2","SOUACC":null,"TECSOU":null,"VALSOU":null,"VERDAT":null,"WATLEV":4,"INFORM":null,"SCAMIN":null,"SORDAT":"201202","SORIND":"US,US,graph,Chart 18620","DSNM":"US3CA1HD.000","enc_service":"enc_coastal","enc_layer":"Underwater_Awash_Rock_point","enc_layer_id":31}},{"type":"Feature","id":6599503,"geometry":{"type":"Point","coordinates":[-123.76228959999997,39.18141739999999]},"properties":{"OBJECTID":6599503,"OBJL":153,"EXPSOU":null,"NATSUR":null,"NATQUA":null,"OBJNAM":null,"QUASOU":"2","SOUACC":null,"TECSOU":null,"VALSOU":null,"VERDAT":null,"WATLEV":4,"INFORM":null,"SCAMIN":null,"SORDAT":"200206","SORIND":"US,US,graph,Chart 18620","DSNM":"US3CA15M.000","enc_service":"enc_coastal","enc_layer":"Underwater_Awash_Rock_point","enc_layer_id":31}},{"type":"Feature","id":6599501,"geometry":{"type":"Point","coordinates":[-123.74983179999998,39.163548100000014]},"properties":{"OBJECTID":6599501,"OBJL":153,"EXPSOU":null,"NATSUR":null,"NATQUA":null,"OBJNAM":null,"QUASOU":"2","SOUACC":null,"TECSOU":null,"VALSOU":null,"VERDAT":null,"WATLEV":3,"INFORM":null,"SCAMIN":null,"SORDAT":"200206","SORIND":"US,US,graph,Chart 18620","DSNM":"US3CA15M.000","enc_service":"enc_coastal","enc_layer":"Underwater_Awash_Rock_point","enc_layer_id":31}},{"type":"Feature","id":6599663,"geometry":{"type":"Point","coordinates":[-123.7822357,39.229123000000016]},"properties":{"OBJECTID":6599663,"OBJL":153,"EXPSOU":null,"NATSUR":null,"NATQUA":null,"OBJNAM":null,"QUASOU":"2","SOUACC":null,"TECSOU":null,"VALSOU":null,"VERDAT":null,"WATLEV":3,"INFORM":null,"SCAMIN":null,"SORDAT":"200206","SORIND":"US,US,graph,Chart 18620","DSNM":"US3CA15M.000","enc_service":"enc_coastal","enc_layer":"Underwater_Awash_Rock_point","enc_layer_id":31}},{"type":"Feature","id":6601204,"geometry":{"type":"Point","coordinates":[-123.7822357,39.229123000000016]},"properties":{"OBJECTID":6601204,"OBJL":153,"EXPSOU":null,"NATSUR":null,"NATQUA":null,"OBJNAM":null,"QUASOU":"2","SOUACC":null,"TECSOU":null,"VALSOU":null,"VERDAT":null,"WATLEV":3,"INFORM":null,"SCAMIN":null,"SORDAT":"200206","SORIND":"US,US,graph,Chart 18620","DSNM":"US3CA1HD.000","enc_service":"enc_coastal","enc_layer":"Underwater_Awash_Rock_point","enc_layer_id":31}},{"type":"Feature","id":6601163,"geometry":{"type":"Point","coordinates":[-123.78034609999997,39.19636409999998]},"properties":{"OBJECTID":6601163,"OBJL":153,"EXPSOU":2,"NATSUR":null,"NATQUA":null,"OBJNAM":null,"QUASOU":"6","SOUACC":null,"TECSOU":null,"VALSOU":17.3,"VERDAT":null,"WATLEV":3,"INFORM":null,"SCAMIN":null,"SORDAT":"201202","SORIND":"US,US,reprt,L-1820/09","DSNM":"US3CA1HD.000","enc_service":"enc_coastal","enc_layer":"Underwater_Awash_Rock_point","enc_layer_id":31}},{"type":"Feature","id":6601203,"geometry":{"type":"Point","coordinates":[-123.78523339999998,39.2393146]},"properties":{"OBJECTID":6601203,"OBJL":153,"EXPSOU":null,"NATSUR":null,"NATQUA":null,"OBJNAM":null,"QUASOU":"2","SOUACC":null,"TECSOU":null,"VALSOU":null,"VERDAT":null,"WATLEV":3,"INFORM":null,"SCAMIN":null,"SORDAT":"200206","SORIND":"US,US,graph,Chart 18620","DSNM":"US3CA1HD.000","enc_service":"enc_coastal","enc_layer":"Underwater_Awash_Rock_point","enc_layer_id":31}},{"type":"Feature","id":6599659,"geometry":{"type":"Point","coordinates":[-123.78406940000002,39.24305420000002]},"properties":{"OBJECTID":6599659,"OBJL":153,"EXPSOU":null,"NATSUR":null,"NATQUA":null,"OBJNAM":null,"QUASOU":"2","SOUACC":null,"TECSOU":null,"VALSOU":null,"VERDAT":null,"WATLEV":4,"INFORM":null,"SCAMIN":null,"SORDAT":"200206","SORIND":"US,US,graph,Chart 18620","DSNM":"US3CA15M.000","enc_service":"enc_coastal","enc_layer":"Underwater_Awash_Rock_point","enc_layer_id":31}},{"type":"Feature","id":6601140,"geometry":{"type":"Point","coordinates":[-123.78396070000002,39.21675490000001]},"properties":{"OBJECTID":6601140,"OBJL":153,"EXPSOU":null,"NATSUR":null,"NATQUA":null,"OBJNAM":null,"QUASOU":"2","SOUACC":null,"TECSOU":null,"VALSOU":null,"VERDAT":null,"WATLEV":3,"INFORM":null,"SCAMIN":349999,"SORDAT":"200206","SORIND":"US,US,graph,Chart 18620","DSNM":"US3CA1HD.000","enc_service":"enc_coastal","enc_layer":"Underwater_Awash_Rock_point","enc_layer_id":31}},{"type":"Feature","id":6599664,"geometry":{"type":"Point","coordinates":[-123.7834719,39.230527300000006]},"properties":{"OBJECTID":6599664,"OBJL":153,"EXPSOU":null,"NATSUR":null,"NATQUA":null,"OBJNAM":null,"QUASOU":"2","SOUACC":null,"TECSOU":null,"VALSOU":null,"VERDAT":null,"WATLEV":3,"INFORM":null,"SCAMIN":null,"SORDAT":"200206","SORIND":"US,US,graph,Chart 18620","DSNM":"US3CA15M.000","enc_service":"enc_coastal","enc_layer":"Underwater_Awash_Rock_point","enc_layer_id":31}},{"type":"Feature","id":6599660,"geometry":{"type":"Point","coordinates":[-123.78173880000003,39.23940700000003]},"properties":{"OBJECTID":6599660,"OBJL":153,"EXPSOU":null,"NATSUR":null,"NATQUA":null,"OBJNAM":null,"QUASOU":"2","SOUACC":null,"TECSOU":null,"VALSOU":null,"VERDAT":null,"WATLEV":3,"INFORM":null,"SCAMIN":null,"SORDAT":"200206","SORIND":"US,US,graph,Chart 18620","DSNM":"US3CA15M.000","enc_service":"enc_coastal","enc_layer":"Underwater_Awash_Rock_point","enc_layer_id":31}},{"type":"Feature","id":6599505,"geometry":{"type":"Point","coordinates":[-123.7877168,39.21606430000003]},"properties":{"OBJECTID":6599505,"OBJL":153,"EXPSOU":null,"NATSUR":null,"NATQUA":null,"OBJNAM":"Ball Rock","QUASOU":"2","SOUACC":null,"TECSOU":null,"VALSOU":null,"VERDAT":null,"WATLEV":3,"INFORM":null,"SCAMIN":349999,"SORDAT":"200206","SORIND":"US,US,graph,Chart 18620","DSNM":"US3CA15M.000","enc_service":"enc_coastal","enc_layer":"Underwater_Awash_Rock_point","enc_layer_id":31}},{"type":"Feature","id":6599516,"geometry":{"type":"Point","coordinates":[-123.76578690000002,39.183966]},"properties":{"OBJECTID":6599516,"OBJL":153,"EXPSOU":null,"NATSUR":null,"NATQUA":null,"OBJNAM":null,"QUASOU":"2","SOUACC":null,"TECSOU":null,"VALSOU":null,"VERDAT":null,"WATLEV":3,"INFORM":null,"SCAMIN":null,"SORDAT":"201202","SORIND":"US,US,graph,Chart 18620","DSNM":"US3CA15M.000","enc_service":"enc_coastal","enc_layer":"Underwater_Awash_Rock_point","enc_layer_id":31}},{"type":"Feature","id":6601179,"geometry":{"type":"Point","coordinates":[-123.76578690000002,39.183966]},"properties":{"OBJECTID":6601179,"OBJL":153,"EXPSOU":null,"NATSUR":null,"NATQUA":null,"OBJNAM":null,"QUASOU":"2","SOUACC":null,"TECSOU":null,"VALSOU":null,"VERDAT":null,"WATLEV":3,"INFORM":null,"SCAMIN":null,"SORDAT":"201202","SORIND":"US,US,graph,Chart 18620","DSNM":"US3CA1HD.000","enc_service":"enc_coastal","enc_layer":"Underwater_Awash_Rock_point","enc_layer_id":31}},{"type":"Feature","id":6601201,"geometry":{"type":"Point","coordinates":[-123.78173880000003,39.23940700000003]},"properties":{"OBJECTID":6601201,"OBJL":153,"EXPSOU":null,"NATSUR":null,"NATQUA":null,"OBJNAM":null,"QUASOU":"2","SOUACC":null,"TECSOU":null,"VALSOU":null,"VERDAT":null,"WATLEV":3,"INFORM":null,"SCAMIN":null,"SORDAT":"200206","SORIND":"US,US,graph,Chart 18620","DSNM":"US3CA1HD.000","enc_service":"enc_coastal","enc_layer":"Underwater_Awash_Rock_point","enc_layer_id":31}},{"type":"Feature","id":6599625,"geometry":{"type":"Point","coordinates":[-123.78396070000002,39.21675490000001]},"properties":{"OBJECTID":6599625,"OBJL":153,"EXPSOU":null,"NATSUR":null,"NATQUA":null,"OBJNAM":null,"QUASOU":"2","SOUACC":null,"TECSOU":null,"VALSOU":null,"VERDAT":null,"WATLEV":3,"INFORM":null,"SCAMIN":349999,"SORDAT":"200206","SORIND":"US,US,graph,Chart 18620","DSNM":"US3CA15M.000","enc_service":"enc_coastal","enc_layer":"Underwater_Awash_Rock_point","enc_layer_id":31}},{"type":"Feature","id":6601200,"geometry":{"type":"Point","coordinates":[-123.78406940000002,39.24305420000002]},"properties":{"OBJECTID":6601200,"OBJL":153,"EXPSOU":null,"NATSUR":null,"NATQUA":null,"OBJNAM":null,"QUASOU":"2","SOUACC":null,"TECSOU":null,"VALSOU":null,"VERDAT":null,"WATLEV":4,"INFORM":null,"SCAMIN":null,"SORDAT":"200206","SORIND":"US,US,graph,Chart 18620","DSNM":"US3CA1HD.000","enc_service":"enc_coastal","enc_layer":"Underwater_Awash_Rock_point","enc_layer_id":31}},{"type":"Feature","id":6601100,"geometry":{"type":"Point","coordinates":[-123.7826915,39.2222476]},"properties":{"OBJECTID":6601100,"OBJL":153,"EXPSOU":null,"NATSUR":null,"NATQUA":null,"OBJNAM":null,"QUASOU":"2","SOUACC":null,"TECSOU":null,"VALSOU":null,"VERDAT":null,"WATLEV":3,"INFORM":null,"SCAMIN":null,"SORDAT":"200206","SORIND":"US,US,graph,Chart 18620","DSNM":"US3CA1HD.000","enc_service":"enc_coastal","enc_layer":"Underwater_Awash_Rock_point","enc_layer_id":31}},{"type":"Feature","id":6599592,"geometry":{"type":"Point","coordinates":[-123.78195269999998,39.20901190000001]},"properties":{"OBJECTID":6599592,"OBJL":153,"EXPSOU":1,"NATSUR":null,"NATQUA":null,"OBJNAM":null,"QUASOU":"6","SOUACC":null,"TECSOU":null,"VALSOU":4.8,"VERDAT":null,"WATLEV":3,"INFORM":null,"SCAMIN":null,"SORDAT":"201202","SORIND":"US,US,repet,L-1820/09","DSNM":"US3CA15M.000","enc_service":"enc_coastal","enc_layer":"Underwater_Awash_Rock_point","enc_layer_id":31}},{"type":"Feature","id":6601148,"geometry":{"type":"Point","coordinates":[-123.7877168,39.21606430000003]},"properties":{"OBJECTID":6601148,"OBJL":153,"EXPSOU":null,"NATSUR":null,"NATQUA":null,"OBJNAM":"Ball Rock","QUASOU":"2","SOUACC":null,"TECSOU":null,"VALSOU":null,"VERDAT":null,"WATLEV":3,"INFORM":null,"SCAMIN":349999,"SORDAT":"200206","SORIND":"US,US,graph,Chart 18620","DSNM":"US3CA1HD.000","enc_service":"enc_coastal","enc_layer":"Underwater_Awash_Rock_point","enc_layer_id":31}},{"type":"Feature","id":6599631,"geometry":{"type":"Point","coordinates":[-123.78540190000001,39.23720639999999]},"properties":{"OBJECTID":6599631,"OBJL":153,"EXPSOU":null,"NATSUR":null,"NATQUA":null,"OBJNAM":null,"QUASOU":"2","SOUACC":null,"TECSOU":null,"VALSOU":null,"VERDAT":null,"WATLEV":4,"INFORM":null,"SCAMIN":null,"SORDAT":"200206","SORIND":"US,US,graph,Chart 18620","DSNM":"US3CA15M.000","enc_service":"enc_coastal","enc_layer":"Underwater_Awash_Rock_point","enc_layer_id":31}},{"type":"Feature","id":6599514,"geometry":{"type":"Point","coordinates":[-123.7680992,39.189030600000024]},"properties":{"OBJECTID":6599514,"OBJL":153,"EXPSOU":null,"NATSUR":null,"NATQUA":null,"OBJNAM":null,"QUASOU":"2","SOUACC":null,"TECSOU":null,"VALSOU":null,"VERDAT":null,"WATLEV":4,"INFORM":null,"SCAMIN":null,"SORDAT":"201202","SORIND":"US,US,graph,Chart 18620","DSNM":"US3CA15M.000","enc_service":"enc_coastal","enc_layer":"Underwater_Awash_Rock_point","enc_layer_id":31}},{"type":"Feature","id":6599709,"geometry":{"type":"Point","coordinates":[-123.74197240000001,39.15631689999998]},"properties":{"OBJECTID":6599709,"OBJL":153,"EXPSOU":null,"NATSUR":null,"NATQUA":null,"OBJNAM":null,"QUASOU":"2","SOUACC":null,"TECSOU":null,"VALSOU":null,"VERDAT":null,"WATLEV":3,"INFORM":null,"SCAMIN":null,"SORDAT":"201202","SORIND":"US,US,graph,Chart 18620","DSNM":"US3CA15M.000","enc_service":"enc_coastal","enc_layer":"Underwater_Awash_Rock_point","enc_layer_id":31}},{"type":"Feature","id":6601184,"geometry":{"type":"Point","coordinates":[-123.74197240000001,39.15631689999998]},"properties":{"OBJECTID":6601184,"OBJL":153,"EXPSOU":null,"NATSUR":null,"NATQUA":null,"OBJNAM":null,"QUASOU":"2","SOUACC":null,"TECSOU":null,"VALSOU":null,"VERDAT":null,"WATLEV":3,"INFORM":null,"SCAMIN":null,"SORDAT":"201202","SORIND":"US,US,graph,Chart 18620","DSNM":"US3CA1HD.000","enc_service":"enc_coastal","enc_layer":"Underwater_Awash_Rock_point","enc_layer_id":31}},{"type":"Feature","id":6601102,"geometry":{"type":"Point","coordinates":[-123.7834719,39.230527300000006]},"properties":{"OBJECTID":6601102,"OBJL":153,"EXPSOU":null,"NATSUR":null,"NATQUA":null,"OBJNAM":null,"QUASOU":"2","SOUACC":null,"TECSOU":null,"VALSOU":null,"VERDAT":null,"WATLEV":3,"INFORM":null,"SCAMIN":null,"SORDAT":"200206","SORIND":"US,US,graph,Chart 18620","DSNM":"US3CA1HD.000","enc_service":"enc_coastal","enc_layer":"Underwater_Awash_Rock_point","enc_layer_id":31}},{"type":"Feature","id":6601202,"geometry":{"type":"Point","coordinates":[-123.787733,39.24683240000002]},"properties":{"OBJECTID":6601202,"OBJL":153,"EXPSOU":null,"NATSUR":null,"NATQUA":null,"OBJNAM":null,"QUASOU":"2","SOUACC":null,"TECSOU":null,"VALSOU":null,"VERDAT":null,"WATLEV":3,"INFORM":null,"SCAMIN":null,"SORDAT":"200206","SORIND":"US,US,graph,Chart 18620","DSNM":"US3CA1HD.000","enc_service":"enc_coastal","enc_layer":"Underwater_Awash_Rock_point","enc_layer_id":31}},{"type":"Feature","id":6599662,"geometry":{"type":"Point","coordinates":[-123.78523339999998,39.2393146]},"properties":{"OBJECTID":6599662,"OBJL":153,"EXPSOU":null,"NATSUR":null,"NATQUA":null,"OBJNAM":null,"QUASOU":"2","SOUACC":null,"TECSOU":null,"VALSOU":null,"VERDAT":null,"WATLEV":3,"INFORM":null,"SCAMIN":null,"SORDAT":"200206","SORIND":"US,US,graph,Chart 18620","DSNM":"US3CA15M.000","enc_service":"enc_coastal","enc_layer":"Underwater_Awash_Rock_point","enc_layer_id":31}},{"type":"Feature","id":6599703,"geometry":{"type":"Point","coordinates":[-123.76575709999997,39.17928840000002]},"properties":{"OBJECTID":6599703,"OBJL":153,"EXPSOU":null,"NATSUR":null,"NATQUA":null,"OBJNAM":null,"QUASOU":"2","SOUACC":null,"TECSOU":null,"VALSOU":null,"VERDAT":null,"WATLEV":3,"INFORM":null,"SCAMIN":null,"SORDAT":"201202","SORIND":"US,US,graph,Chart 18620","DSNM":"US3CA15M.000","enc_service":"enc_coastal","enc_layer":"Underwater_Awash_Rock_point","enc_layer_id":31}},{"type":"Feature","id":6599497,"geometry":{"type":"Point","coordinates":[-123.76327930000002,39.172790299999974]},"properties":{"OBJECTID":6599497,"OBJL":153,"EXPSOU":null,"NATSUR":null,"NATQUA":null,"OBJNAM":null,"QUASOU":"2","SOUACC":null,"TECSOU":null,"VALSOU":null,"VERDAT":null,"WATLEV":3,"INFORM":null,"SCAMIN":null,"SORDAT":"200206","SORIND":"US,US,graph,Chart 18620","DSNM":"US3CA15M.000","enc_service":"enc_coastal","enc_layer":"Underwater_Awash_Rock_point","enc_layer_id":31}},{"type":"Feature","id":6601154,"geometry":{"type":"Point","coordinates":[-123.76327930000002,39.172790299999974]},"properties":{"OBJECTID":6601154,"OBJL":153,"EXPSOU":null,"NATSUR":null,"NATQUA":null,"OBJNAM":null,"QUASOU":"2","SOUACC":null,"TECSOU":null,"VALSOU":null,"VERDAT":null,"WATLEV":3,"INFORM":null,"SCAMIN":null,"SORDAT":"200206","SORIND":"US,US,graph,Chart 18620","DSNM":"US3CA1HD.000","enc_service":"enc_coastal","enc_layer":"Underwater_Awash_Rock_point","enc_layer_id":31}},{"type":"Feature","id":6601149,"geometry":{"type":"Point","coordinates":[-123.76228959999997,39.18141739999999]},"properties":{"OBJECTID":6601149,"OBJL":153,"EXPSOU":null,"NATSUR":null,"NATQUA":null,"OBJNAM":null,"QUASOU":"2","SOUACC":null,"TECSOU":null,"VALSOU":null,"VERDAT":null,"WATLEV":4,"INFORM":null,"SCAMIN":null,"SORDAT":"200206","SORIND":"US,US,graph,Chart 18620","DSNM":"US3CA1HD.000","enc_service":"enc_coastal","enc_layer":"Underwater_Awash_Rock_point","enc_layer_id":31}},{"type":"Feature","id":6601153,"geometry":{"type":"Point","coordinates":[-123.75909180000002,39.17590960000001]},"properties":{"OBJECTID":6601153,"OBJL":153,"EXPSOU":null,"NATSUR":null,"NATQUA":null,"OBJNAM":null,"QUASOU":"2","SOUACC":null,"TECSOU":null,"VALSOU":null,"VERDAT":null,"WATLEV":3,"INFORM":null,"SCAMIN":null,"SORDAT":"200206","SORIND":"US,US,graph,Chart 18620","DSNM":"US3CA1HD.000","enc_service":"enc_coastal","enc_layer":"Underwater_Awash_Rock_point","enc_layer_id":31}},{"type":"Feature","id":6599630,"geometry":{"type":"Point","coordinates":[-123.7826915,39.2222476]},"properties":{"OBJECTID":6599630,"OBJL":153,"EXPSOU":null,"NATSUR":null,"NATQUA":null,"OBJNAM":null,"QUASOU":"2","SOUACC":null,"TECSOU":null,"VALSOU":null,"VERDAT":null,"WATLEV":3,"INFORM":null,"SCAMIN":null,"SORDAT":"200206","SORIND":"US,US,graph,Chart 18620","DSNM":"US3CA15M.000","enc_service":"enc_coastal","enc_layer":"Underwater_Awash_Rock_point","enc_layer_id":31}},{"type":"Feature","id":716765,"geometry":{"type":"Polygon","coordinates":[[[-123.7879911,39.21749340000002],[-123.78855659999999,39.217185700000016],[-123.78923529999997,39.21661419999998],[-123.78946150000002,39.21626250000003],[-123.78946150000002,39.21580089999998],[-123.78934850000002,39.21533929999998],[-123.7889525,39.21498759999997],[-123.78855659999999,39.2147458],[-123.7879628,39.214547900000014],[-123.78674230000001,39.21435760000003],[-123.78660350000001,39.2143418],[-123.78493709999998,39.21415230000002],[-123.78434329999999,39.21397639999998],[-123.78307080000002,39.2133829],[-123.781657,39.21349279999998],[-123.78128930000003,39.213822600000015],[-123.78095000000002,39.215734999999995],[-123.7808369,39.2165263],[-123.78103490000001,39.21762530000001],[-123.78134590000002,39.217757199999994],[-123.7824205,39.21795500000002],[-123.78493709999998,39.218152799999984],[-123.78567229999999,39.218152799999984],[-123.78637930000002,39.21813079999998],[-123.78685999999999,39.21797700000002],[-123.7874223,39.21773660000002],[-123.7879911,39.21749340000002]],[[-123.78239380000002,39.215185399999996],[-123.78223400000002,39.21508369999998],[-123.78216099999997,39.21493349999997],[-123.78219430000001,39.21477490000001],[-123.78232500000001,39.21465060000003],[-123.7825181,39.21459379999999],[-123.78272199999998,39.214619700000014],[-123.78288179999998,39.21472139999997],[-123.78295480000003,39.21487159999998],[-123.78292160000001,39.2150302],[-123.78279079999999,39.21515449999998],[-123.78259759999997,39.21521130000002],[-123.78239380000002,39.215185399999996]]]},"properties":{"OBJECTID":716765,"OBJL":86,"CATOBS":" ","CONDTN":null,"EXPSOU":null,"HEIGHT":null,"NATCON":null,"NATQUA":null,"OBJNAM":null,"PRODCT":null,"QUASOU":"2","SOUACC":null,"TECSOU":null,"VALSOU":null,"VERACC":null,"VERDAT":null,"VERLEN":null,"WATLEV":3,"NATSUR":null,"INFORM":null,"SCAMIN":null,"SORDAT":"200206","SORIND":"US,US,graph,Chart 18620","DSNM":"US3CA15M.000","SHAPE.AREA":3.0701344455e-05,"SHAPE.LEN":0.0246948820167223,"enc_service":"enc_coastal","enc_layer":"Obstruction_area","enc_layer_id":118}},{"type":"Feature","id":716858,"geometry":{"type":"Polygon","coordinates":[[[-123.78789999999998,39.24927200000002],[-123.78708169999999,39.24945589999999],[-123.78665109999997,39.2496567],[-123.78634970000002,39.25000799999998],[-123.78630659999999,39.2504596],[-123.7863711,39.25082759999998],[-123.7865865,39.25112869999998],[-123.78690949999998,39.25144660000001],[-123.7874478,39.251847999999995],[-123.7893426,39.25281819999998],[-123.7902039,39.25308580000001],[-123.79057,39.25318609999999],[-123.7910867,39.25318609999999],[-123.79156039999998,39.25310250000001],[-123.79194799999999,39.25291850000002],[-123.7923356,39.252600700000016],[-123.79259389999999,39.252215999999976],[-123.79272320000001,39.2518814],[-123.79270159999999,39.2516306],[-123.7923786,39.25122909999999],[-123.7914743,39.250359300000014],[-123.79093599999999,39.250041399999986],[-123.78889040000001,39.2493389],[-123.78789999999998,39.24927200000002]],[[-123.78737319999999,39.250003100000015],[-123.7876195,39.25001200000003],[-123.78782710000002,39.25011540000003],[-123.78794049999999,39.25028579999997],[-123.7879398,39.2502973],[-123.78792909999999,39.2504773],[-123.78779600000001,39.250638700000025],[-123.78757689999998,39.25072669999997],[-123.78733060000002,39.250717899999984],[-123.78712300000001,39.25061440000002],[-123.7870097,39.250444200000004],[-123.7870201,39.25026939999998],[-123.7870211,39.25025260000001],[-123.78715419999997,39.250091199999986],[-123.78737319999999,39.250003100000015]],[[-123.78861039999998,39.2507397],[-123.78886879999999,39.250781500000016],[-123.78906569999998,39.25091800000001],[-123.78914850000001,39.25111290000001],[-123.78909479999999,39.25131379999999],[-123.78891909999999,39.251466900000025],[-123.7886686,39.25153119999999],[-123.78841019999999,39.25148960000001],[-123.78821319999997,39.25135289999997],[-123.78813050000002,39.2511581],[-123.78818410000002,39.250957200000016],[-123.78835980000002,39.25080409999998],[-123.78861039999998,39.2507397]]]},"properties":{"OBJECTID":716858,"OBJL":86,"CATOBS":" ","CONDTN":null,"EXPSOU":null,"HEIGHT":null,"NATCON":null,"NATQUA":null,"OBJNAM":null,"PRODCT":null,"QUASOU":"2","SOUACC":null,"TECSOU":null,"VALSOU":null,"VERACC":null,"VERDAT":null,"VERLEN":null,"WATLEV":3,"NATSUR":null,"INFORM":null,"SCAMIN":null,"SORDAT":"200206","SORIND":"US,US,graph,Chart 18620","DSNM":"US3CA1HD.000","SHAPE.AREA":1.5537691294999997e-05,"SHAPE.LEN":0.021527513813208,"enc_service":"enc_coastal","enc_layer":"Obstruction_area","enc_layer_id":118}},{"type":"Feature","id":716857,"geometry":{"type":"Polygon","coordinates":[[[-123.7879911,39.21749340000002],[-123.78855659999999,39.217185700000016],[-123.78923529999997,39.21661419999998],[-123.78946150000002,39.21626250000003],[-123.78946150000002,39.21580089999998],[-123.78934850000002,39.21533929999998],[-123.7889525,39.21498759999997],[-123.78855659999999,39.2147458],[-123.7879628,39.214547900000014],[-123.78674230000001,39.21435760000003],[-123.78660350000001,39.2143418],[-123.78493709999998,39.21415230000002],[-123.78434329999999,39.21397639999998],[-123.78307080000002,39.2133829],[-123.781657,39.21349279999998],[-123.78128930000003,39.213822600000015],[-123.78095000000002,39.215734999999995],[-123.7808369,39.2165263],[-123.78103490000001,39.21762530000001],[-123.78134590000002,39.217757199999994],[-123.7824205,39.21795500000002],[-123.78493709999998,39.218152799999984],[-123.78567229999999,39.218152799999984],[-123.78637930000002,39.21813079999998],[-123.78685999999999,39.21797700000002],[-123.7874223,39.21773660000002],[-123.7879911,39.21749340000002]],[[-123.78239380000002,39.215185399999996],[-123.78223400000002,39.21508369999998],[-123.78216099999997,39.21493349999997],[-123.78219430000001,39.21477490000001],[-123.78232500000001,39.21465060000003],[-123.7825181,39.21459379999999],[-123.78272199999998,39.214619700000014],[-123.78288179999998,39.21472139999997],[-123.78295480000003,39.21487159999998],[-123.78292160000001,39.2150302],[-123.78279079999999,39.21515449999998],[-123.78259759999997,39.21521130000002],[-123.78239380000002,39.215185399999996]]]},"properties":{"OBJECTID":716857,"OBJL":86,"CATOBS":" ","CONDTN":null,"EXPSOU":null,"HEIGHT":null,"NATCON":null,"NATQUA":null,"OBJNAM":null,"PRODCT":null,"QUASOU":"2","SOUACC":null,"TECSOU":null,"VALSOU":null,"VERACC":null,"VERDAT":null,"VERLEN":null,"WATLEV":3,"NATSUR":null,"INFORM":null,"SCAMIN":null,"SORDAT":"200206","SORIND":"US,US,graph,Chart 18620","DSNM":"US3CA1HD.000","SHAPE.AREA":3.0701344455e-05,"SHAPE.LEN":0.0246948820167223,"enc_service":"enc_coastal","enc_layer":"Obstruction_area","enc_layer_id":118}},{"type":"Feature","id":716776,"geometry":{"type":"Polygon","coordinates":[[[-123.78789999999998,39.24927200000002],[-123.78708169999999,39.24945589999999],[-123.78665109999997,39.2496567],[-123.78634970000002,39.25000799999998],[-123.78630659999999,39.2504596],[-123.7863711,39.25082759999998],[-123.7865865,39.25112869999998],[-123.78690949999998,39.25144660000001],[-123.7874478,39.251847999999995],[-123.7893426,39.25281819999998],[-123.7902039,39.25308580000001],[-123.79057,39.25318609999999],[-123.7910867,39.25318609999999],[-123.79156039999998,39.25310250000001],[-123.79194799999999,39.25291850000002],[-123.7923356,39.252600700000016],[-123.79259389999999,39.252215999999976],[-123.79272320000001,39.2518814],[-123.79270159999999,39.2516306],[-123.7923786,39.25122909999999],[-123.7914743,39.250359300000014],[-123.79093599999999,39.250041399999986],[-123.78889040000001,39.2493389],[-123.78789999999998,39.24927200000002]],[[-123.78737319999999,39.250003100000015],[-123.7876195,39.25001200000003],[-123.78782710000002,39.25011540000003],[-123.78794049999999,39.25028579999997],[-123.7879398,39.2502973],[-123.78792909999999,39.2504773],[-123.78779600000001,39.250638700000025],[-123.78757689999998,39.25072669999997],[-123.78733060000002,39.250717899999984],[-123.78712300000001,39.25061440000002],[-123.7870097,39.250444200000004],[-123.7870201,39.25026939999998],[-123.7870211,39.25025260000001],[-123.78715419999997,39.250091199999986],[-123.78737319999999,39.250003100000015]],[[-123.78861039999998,39.2507397],[-123.78886879999999,39.250781500000016],[-123.78906569999998,39.25091800000001],[-123.78914850000001,39.25111290000001],[-123.78909479999999,39.25131379999999],[-123.78891909999999,39.251466900000025],[-123.7886686,39.25153119999999],[-123.78841019999999,39.25148960000001],[-123.78821319999997,39.25135289999997],[-123.78813050000002,39.2511581],[-123.78818410000002,39.250957200000016],[-123.78835980000002,39.25080409999998],[-123.78861039999998,39.2507397]]]},"properties":{"OBJECTID":716776,"OBJL":86,"CATOBS":" ","CONDTN":null,"EXPSOU":null,"HEIGHT":null,"NATCON":null,"NATQUA":null,"OBJNAM":null,"PRODCT":null,"QUASOU":"2","SOUACC":null,"TECSOU":null,"VALSOU":null,"VERACC":null,"VERDAT":null,"VERLEN":null,"WATLEV":3,"NATSUR":null,"INFORM":null,"SCAMIN":null,"SORDAT":"200206","SORIND":"US,US,graph,Chart 18620","DSNM":"US3CA15M.000","SHAPE.AREA":1.5537691294999997e-05,"SHAPE.LEN":0.021527513813208,"enc_service":"enc_coastal","enc_layer":"Obstruction_area","enc_layer_id":118}}]}
