{"schema_version":1,"type":"FeatureCollection","region_id":"bodega-point-reyes","scope_id":"point-reyes-tomales","bounds":[-123.18,38.02,-122.92,38.26],"checked_at":"2026-09-26T04:20:18.040672+00:00","source_url":"https://encdirect.noaa.gov/arcgis/rest/services/encdirect","status":"charted-danger-screen-only","query_receipts":[{"service":"enc_harbour","layer":"Obstruction_point","layer_id":33,"count":6,"count_url":"https://encdirect.noaa.gov/arcgis/rest/services/encdirect/enc_harbour/MapServer/33/query?where=1%3D1&geometry=-123.18%2C38.02%2C-122.92%2C38.26&geometryType=esriGeometryEnvelope&inSR=4326&spatialRel=esriSpatialRelIntersects&returnCountOnly=true&f=json","count_sha256":"1fb6f6be8607ab15c04198cba240a52c2ae4524e5d0d79068813f1972f29054c","data_url":"https://encdirect.noaa.gov/arcgis/rest/services/encdirect/enc_harbour/MapServer/33/query?where=1%3D1&geometry=-123.18%2C38.02%2C-122.92%2C38.26&geometryType=esriGeometryEnvelope&inSR=4326&spatialRel=esriSpatialRelIntersects&outFields=%2A&returnGeometry=true&outSR=4326&f=geojson","data_sha256":"4c885ed4cda873b52cb5290da39637327004d71d053f37562d4be91c8f5d415b"},{"service":"enc_harbour","layer":"Underwater_Awash_Rock_point","layer_id":34,"count":282,"count_url":"https://encdirect.noaa.gov/arcgis/rest/services/encdirect/enc_harbour/MapServer/34/query?where=1%3D1&geometry=-123.18%2C38.02%2C-122.92%2C38.26&geometryType=esriGeometryEnvelope&inSR=4326&spatialRel=esriSpatialRelIntersects&returnCountOnly=true&f=json","count_sha256":"110d3744b84db1ac150eef176b71095a9c7daee35fe90acf4c0851cb02a0954a","data_url":"https://encdirect.noaa.gov/arcgis/rest/services/encdirect/enc_harbour/MapServer/34/query?where=1%3D1&geometry=-123.18%2C38.02%2C-122.92%2C38.26&geometryType=esriGeometryEnvelope&inSR=4326&spatialRel=esriSpatialRelIntersects&outFields=%2A&returnGeometry=true&outSR=4326&f=geojson","data_sha256":"63fa21988a49d14495c43c1782a2ed1399ca5665b62d494134b31c4c2fbae995"},{"service":"enc_harbour","layer":"Wreck_point","layer_id":36,"count":0,"count_url":"https://encdirect.noaa.gov/arcgis/rest/services/encdirect/enc_harbour/MapServer/36/query?where=1%3D1&geometry=-123.18%2C38.02%2C-122.92%2C38.26&geometryType=esriGeometryEnvelope&inSR=4326&spatialRel=esriSpatialRelIntersects&returnCountOnly=true&f=json","count_sha256":"618de7d9f46f3f697d827a1b6d84974760d5deda62e4e592adaa3c646602a94c","data_url":"https://encdirect.noaa.gov/arcgis/rest/services/encdirect/enc_harbour/MapServer/36/query?where=1%3D1&geometry=-123.18%2C38.02%2C-122.92%2C38.26&geometryType=esriGeometryEnvelope&inSR=4326&spatialRel=esriSpatialRelIntersects&outFields=%2A&returnGeometry=true&outSR=4326&f=geojson","data_sha256":"ed778c73ea51338d6576fb5992b189f2b94d9f3d5e199f46c1af520d6b0b3e6c"},{"service":"enc_harbour","layer":"Obstruction_line","layer_id":99,"count":0,"count_url":"https://encdirect.noaa.gov/arcgis/rest/services/encdirect/enc_harbour/MapServer/99/query?where=1%3D1&geometry=-123.18%2C38.02%2C-122.92%2C38.26&geometryType=esriGeometryEnvelope&inSR=4326&spatialRel=esriSpatialRelIntersects&returnCountOnly=true&f=json","count_sha256":"618de7d9f46f3f697d827a1b6d84974760d5deda62e4e592adaa3c646602a94c","data_url":"https://encdirect.noaa.gov/arcgis/rest/services/encdirect/enc_harbour/MapServer/99/query?where=1%3D1&geometry=-123.18%2C38.02%2C-122.92%2C38.26&geometryType=esriGeometryEnvelope&inSR=4326&spatialRel=esriSpatialRelIntersects&outFields=%2A&returnGeometry=true&outSR=4326&f=geojson","data_sha256":"ed778c73ea51338d6576fb5992b189f2b94d9f3d5e199f46c1af520d6b0b3e6c"},{"service":"enc_harbour","layer":"Obstruction_area","layer_id":156,"count":8,"count_url":"https://encdirect.noaa.gov/arcgis/rest/services/encdirect/enc_harbour/MapServer/156/query?where=1%3D1&geometry=-123.18%2C38.02%2C-122.92%2C38.26&geometryType=esriGeometryEnvelope&inSR=4326&spatialRel=esriSpatialRelIntersects&returnCountOnly=true&f=json","count_sha256":"286ef99473842386e093b70e2cb43524734dcd35c826f5b736d6444f65ad4686","data_url":"https://encdirect.noaa.gov/arcgis/rest/services/encdirect/enc_harbour/MapServer/156/query?where=1%3D1&geometry=-123.18%2C38.02%2C-122.92%2C38.26&geometryType=esriGeometryEnvelope&inSR=4326&spatialRel=esriSpatialRelIntersects&outFields=%2A&returnGeometry=true&outSR=4326&f=geojson","data_sha256":"9e27ea2651f3706d74f81741c0c738729824f054f78f69742a5676f7b160884c"},{"service":"enc_harbour","layer":"Wreck_area","layer_id":158,"count":0,"count_url":"https://encdirect.noaa.gov/arcgis/rest/services/encdirect/enc_harbour/MapServer/158/query?where=1%3D1&geometry=-123.18%2C38.02%2C-122.92%2C38.26&geometryType=esriGeometryEnvelope&inSR=4326&spatialRel=esriSpatialRelIntersects&returnCountOnly=true&f=json","count_sha256":"618de7d9f46f3f697d827a1b6d84974760d5deda62e4e592adaa3c646602a94c","data_url":"https://encdirect.noaa.gov/arcgis/rest/services/encdirect/enc_harbour/MapServer/158/query?where=1%3D1&geometry=-123.18%2C38.02%2C-122.92%2C38.26&geometryType=esriGeometryEnvelope&inSR=4326&spatialRel=esriSpatialRelIntersects&outFields=%2A&returnGeometry=true&outSR=4326&f=geojson","data_sha256":"ed778c73ea51338d6576fb5992b189f2b94d9f3d5e199f46c1af520d6b0b3e6c"},{"service":"enc_approach","layer":"Obstruction_point","layer_id":36,"count":17,"count_url":"https://encdirect.noaa.gov/arcgis/rest/services/encdirect/enc_approach/MapServer/36/query?where=1%3D1&geometry=-123.18%2C38.02%2C-122.92%2C38.26&geometryType=esriGeometryEnvelope&inSR=4326&spatialRel=esriSpatialRelIntersects&returnCountOnly=true&f=json","count_sha256":"99bdb4d58607c55e945abefcf209c438ac86954b026f8c933df7d412ac1ca91c","data_url":"https://encdirect.noaa.gov/arcgis/rest/services/encdirect/enc_approach/MapServer/36/query?where=1%3D1&geometry=-123.18%2C38.02%2C-122.92%2C38.26&geometryType=esriGeometryEnvelope&inSR=4326&spatialRel=esriSpatialRelIntersects&outFields=%2A&returnGeometry=true&outSR=4326&f=geojson","data_sha256":"3451811df1f347cd1e102d93f9472d67849738bdd6bbcc75207f8157222f1e9b"},{"service":"enc_approach","layer":"Underwater_Awash_Rock_point","layer_id":37,"count":176,"count_url":"https://encdirect.noaa.gov/arcgis/rest/services/encdirect/enc_approach/MapServer/37/query?where=1%3D1&geometry=-123.18%2C38.02%2C-122.92%2C38.26&geometryType=esriGeometryEnvelope&inSR=4326&spatialRel=esriSpatialRelIntersects&returnCountOnly=true&f=json","count_sha256":"7425035f3466bff2d68c2878c6dce049c10da5244c454dad01739a980b1c06a3","data_url":"https://encdirect.noaa.gov/arcgis/rest/services/encdirect/enc_approach/MapServer/37/query?where=1%3D1&geometry=-123.18%2C38.02%2C-122.92%2C38.26&geometryType=esriGeometryEnvelope&inSR=4326&spatialRel=esriSpatialRelIntersects&outFields=%2A&returnGeometry=true&outSR=4326&f=geojson","data_sha256":"c184b3adb97eab2d7b52d4025d4ec61b65f0b1e1dd3532277da68913bc104706"},{"service":"enc_approach","layer":"Wreck_point","layer_id":39,"count":0,"count_url":"https://encdirect.noaa.gov/arcgis/rest/services/encdirect/enc_approach/MapServer/39/query?where=1%3D1&geometry=-123.18%2C38.02%2C-122.92%2C38.26&geometryType=esriGeometryEnvelope&inSR=4326&spatialRel=esriSpatialRelIntersects&returnCountOnly=true&f=json","count_sha256":"618de7d9f46f3f697d827a1b6d84974760d5deda62e4e592adaa3c646602a94c","data_url":"https://encdirect.noaa.gov/arcgis/rest/services/encdirect/enc_approach/MapServer/39/query?where=1%3D1&geometry=-123.18%2C38.02%2C-122.92%2C38.26&geometryType=esriGeometryEnvelope&inSR=4326&spatialRel=esriSpatialRelIntersects&outFields=%2A&returnGeometry=true&outSR=4326&f=geojson","data_sha256":"ed778c73ea51338d6576fb5992b189f2b94d9f3d5e199f46c1af520d6b0b3e6c"},{"service":"enc_approach","layer":"Obstruction_line","layer_id":103,"count":0,"count_url":"https://encdirect.noaa.gov/arcgis/rest/services/encdirect/enc_approach/MapServer/103/query?where=1%3D1&geometry=-123.18%2C38.02%2C-122.92%2C38.26&geometryType=esriGeometryEnvelope&inSR=4326&spatialRel=esriSpatialRelIntersects&returnCountOnly=true&f=json","count_sha256":"618de7d9f46f3f697d827a1b6d84974760d5deda62e4e592adaa3c646602a94c","data_url":"https://encdirect.noaa.gov/arcgis/rest/services/encdirect/enc_approach/MapServer/103/query?where=1%3D1&geometry=-123.18%2C38.02%2C-122.92%2C38.26&geometryType=esriGeometryEnvelope&inSR=4326&spatialRel=esriSpatialRelIntersects&outFields=%2A&returnGeometry=true&outSR=4326&f=geojson","data_sha256":"ed778c73ea51338d6576fb5992b189f2b94d9f3d5e199f46c1af520d6b0b3e6c"},{"service":"enc_approach","layer":"Obstruction_area","layer_id":161,"count":13,"count_url":"https://encdirect.noaa.gov/arcgis/rest/services/encdirect/enc_approach/MapServer/161/query?where=1%3D1&geometry=-123.18%2C38.02%2C-122.92%2C38.26&geometryType=esriGeometryEnvelope&inSR=4326&spatialRel=esriSpatialRelIntersects&returnCountOnly=true&f=json","count_sha256":"a801e3865bd6b93fa0f4735ca65ca39157d0351f446ccecbb37ba7501a2e8faf","data_url":"https://encdirect.noaa.gov/arcgis/rest/services/encdirect/enc_approach/MapServer/161/query?where=1%3D1&geometry=-123.18%2C38.02%2C-122.92%2C38.26&geometryType=esriGeometryEnvelope&inSR=4326&spatialRel=esriSpatialRelIntersects&outFields=%2A&returnGeometry=true&outSR=4326&f=geojson","data_sha256":"0689961e1f6042e252d4f162ecbd529b4367cf30aa8b4fdabcfdc759e09ebda9"},{"service":"enc_approach","layer":"Wreck_area","layer_id":163,"count":0,"count_url":"https://encdirect.noaa.gov/arcgis/rest/services/encdirect/enc_approach/MapServer/163/query?where=1%3D1&geometry=-123.18%2C38.02%2C-122.92%2C38.26&geometryType=esriGeometryEnvelope&inSR=4326&spatialRel=esriSpatialRelIntersects&returnCountOnly=true&f=json","count_sha256":"618de7d9f46f3f697d827a1b6d84974760d5deda62e4e592adaa3c646602a94c","data_url":"https://encdirect.noaa.gov/arcgis/rest/services/encdirect/enc_approach/MapServer/163/query?where=1%3D1&geometry=-123.18%2C38.02%2C-122.92%2C38.26&geometryType=esriGeometryEnvelope&inSR=4326&spatialRel=esriSpatialRelIntersects&outFields=%2A&returnGeometry=true&outSR=4326&f=geojson","data_sha256":"ed778c73ea51338d6576fb5992b189f2b94d9f3d5e199f46c1af520d6b0b3e6c"},{"service":"enc_coastal","layer":"Obstruction_point","layer_id":30,"count":0,"count_url":"https://encdirect.noaa.gov/arcgis/rest/services/encdirect/enc_coastal/MapServer/30/query?where=1%3D1&geometry=-123.18%2C38.02%2C-122.92%2C38.26&geometryType=esriGeometryEnvelope&inSR=4326&spatialRel=esriSpatialRelIntersects&returnCountOnly=true&f=json","count_sha256":"618de7d9f46f3f697d827a1b6d84974760d5deda62e4e592adaa3c646602a94c","data_url":"https://encdirect.noaa.gov/arcgis/rest/services/encdirect/enc_coastal/MapServer/30/query?where=1%3D1&geometry=-123.18%2C38.02%2C-122.92%2C38.26&geometryType=esriGeometryEnvelope&inSR=4326&spatialRel=esriSpatialRelIntersects&outFields=%2A&returnGeometry=true&outSR=4326&f=geojson","data_sha256":"ed778c73ea51338d6576fb5992b189f2b94d9f3d5e199f46c1af520d6b0b3e6c"},{"service":"enc_coastal","layer":"Underwater_Awash_Rock_point","layer_id":31,"count":42,"count_url":"https://encdirect.noaa.gov/arcgis/rest/services/encdirect/enc_coastal/MapServer/31/query?where=1%3D1&geometry=-123.18%2C38.02%2C-122.92%2C38.26&geometryType=esriGeometryEnvelope&inSR=4326&spatialRel=esriSpatialRelIntersects&returnCountOnly=true&f=json","count_sha256":"b35539ce83f07b2fe8fb4bdce27fb9666c2122af4ad9a5850a711d906fb58998","data_url":"https://encdirect.noaa.gov/arcgis/rest/services/encdirect/enc_coastal/MapServer/31/query?where=1%3D1&geometry=-123.18%2C38.02%2C-122.92%2C38.26&geometryType=esriGeometryEnvelope&inSR=4326&spatialRel=esriSpatialRelIntersects&outFields=%2A&returnGeometry=true&outSR=4326&f=geojson","data_sha256":"5fe5fe7822424b0889a2360f53aa6e628fbb635b316bde665b6cb200d50ccf22"},{"service":"enc_coastal","layer":"Wreck_point","layer_id":33,"count":0,"count_url":"https://encdirect.noaa.gov/arcgis/rest/services/encdirect/enc_coastal/MapServer/33/query?where=1%3D1&geometry=-123.18%2C38.02%2C-122.92%2C38.26&geometryType=esriGeometryEnvelope&inSR=4326&spatialRel=esriSpatialRelIntersects&returnCountOnly=true&f=json","count_sha256":"618de7d9f46f3f697d827a1b6d84974760d5deda62e4e592adaa3c646602a94c","data_url":"https://encdirect.noaa.gov/arcgis/rest/services/encdirect/enc_coastal/MapServer/33/query?where=1%3D1&geometry=-123.18%2C38.02%2C-122.92%2C38.26&geometryType=esriGeometryEnvelope&inSR=4326&spatialRel=esriSpatialRelIntersects&outFields=%2A&returnGeometry=true&outSR=4326&f=geojson","data_sha256":"ed778c73ea51338d6576fb5992b189f2b94d9f3d5e199f46c1af520d6b0b3e6c"},{"service":"enc_coastal","layer":"Obstruction_line","layer_id":78,"count":0,"count_url":"https://encdirect.noaa.gov/arcgis/rest/services/encdirect/enc_coastal/MapServer/78/query?where=1%3D1&geometry=-123.18%2C38.02%2C-122.92%2C38.26&geometryType=esriGeometryEnvelope&inSR=4326&spatialRel=esriSpatialRelIntersects&returnCountOnly=true&f=json","count_sha256":"618de7d9f46f3f697d827a1b6d84974760d5deda62e4e592adaa3c646602a94c","data_url":"https://encdirect.noaa.gov/arcgis/rest/services/encdirect/enc_coastal/MapServer/78/query?where=1%3D1&geometry=-123.18%2C38.02%2C-122.92%2C38.26&geometryType=esriGeometryEnvelope&inSR=4326&spatialRel=esriSpatialRelIntersects&outFields=%2A&returnGeometry=true&outSR=4326&f=geojson","data_sha256":"ed778c73ea51338d6576fb5992b189f2b94d9f3d5e199f46c1af520d6b0b3e6c"},{"service":"enc_coastal","layer":"Obstruction_area","layer_id":118,"count":8,"count_url":"https://encdirect.noaa.gov/arcgis/rest/services/encdirect/enc_coastal/MapServer/118/query?where=1%3D1&geometry=-123.18%2C38.02%2C-122.92%2C38.26&geometryType=esriGeometryEnvelope&inSR=4326&spatialRel=esriSpatialRelIntersects&returnCountOnly=true&f=json","count_sha256":"286ef99473842386e093b70e2cb43524734dcd35c826f5b736d6444f65ad4686","data_url":"https://encdirect.noaa.gov/arcgis/rest/services/encdirect/enc_coastal/MapServer/118/query?where=1%3D1&geometry=-123.18%2C38.02%2C-122.92%2C38.26&geometryType=esriGeometryEnvelope&inSR=4326&spatialRel=esriSpatialRelIntersects&outFields=%2A&returnGeometry=true&outSR=4326&f=geojson","data_sha256":"d5dd338254893ee29b04fd14943b83b43b810b13be3b195897792f7e63ada1ac"},{"service":"enc_coastal","layer":"Wreck_area","layer_id":120,"count":0,"count_url":"https://encdirect.noaa.gov/arcgis/rest/services/encdirect/enc_coastal/MapServer/120/query?where=1%3D1&geometry=-123.18%2C38.02%2C-122.92%2C38.26&geometryType=esriGeometryEnvelope&inSR=4326&spatialRel=esriSpatialRelIntersects&returnCountOnly=true&f=json","count_sha256":"618de7d9f46f3f697d827a1b6d84974760d5deda62e4e592adaa3c646602a94c","data_url":"https://encdirect.noaa.gov/arcgis/rest/services/encdirect/enc_coastal/MapServer/120/query?where=1%3D1&geometry=-123.18%2C38.02%2C-122.92%2C38.26&geometryType=esriGeometryEnvelope&inSR=4326&spatialRel=esriSpatialRelIntersects&outFields=%2A&returnGeometry=true&outSR=4326&f=geojson","data_sha256":"ed778c73ea51338d6576fb5992b189f2b94d9f3d5e199f46c1af520d6b0b3e6c"}],"limitations":"NOAA ENC Direct danger features across three scale bands. Retrieval is not an ENC issue time, chart completeness certification, navigation clearance or safe route. Source-date attributes can be older than the service refresh. Empty layers are checked, not assumed. Other hazards and local restrictions require separate review.","features":[{"type":"Feature","id":362343,"geometry":{"type":"Point","coordinates":[-122.95814999999999,38.17663299999998]},"properties":{"OBJECTID":362343,"OBJL":86,"CATOBS":"foul area","CONDTN":null,"EXPSOU":null,"HEIGHT":null,"NATCON":null,"NATQUA":null,"OBJNAM":null,"PRODCT":null,"QUASOU":"2","SOUACC":null,"TECSOU":null,"VALSOU":null,"VERACC":null,"VERDAT":null,"VERLEN":null,"WATLEV":3,"NATSUR":null,"INFORM":null,"SCAMIN":null,"SORDAT":"200304","SORIND":"US,US,graph,Chart 18643","DSNM":"US5CA4JB.000","enc_service":"enc_harbour","enc_layer":"Obstruction_point","enc_layer_id":33}},{"type":"Feature","id":362345,"geometry":{"type":"Point","coordinates":[-122.96097300000002,38.229622000000006]},"properties":{"OBJECTID":362345,"OBJL":86,"CATOBS":" ","CONDTN":null,"EXPSOU":null,"HEIGHT":null,"NATCON":null,"NATQUA":null,"OBJNAM":null,"PRODCT":null,"QUASOU":null,"SOUACC":null,"TECSOU":null,"VALSOU":null,"VERACC":null,"VERDAT":null,"VERLEN":null,"WATLEV":2,"NATSUR":null,"INFORM":null,"SCAMIN":null,"SORDAT":"200304","SORIND":"US,US,graph,Chart 18643","DSNM":"US5CA4JB.000","enc_service":"enc_harbour","enc_layer":"Obstruction_point","enc_layer_id":33}},{"type":"Feature","id":362347,"geometry":{"type":"Point","coordinates":[-122.921988,38.22185999999999]},"properties":{"OBJECTID":362347,"OBJL":86,"CATOBS":" ","CONDTN":null,"EXPSOU":null,"HEIGHT":null,"NATCON":null,"NATQUA":null,"OBJNAM":null,"PRODCT":null,"QUASOU":"2","SOUACC":null,"TECSOU":null,"VALSOU":null,"VERACC":null,"VERDAT":null,"VERLEN":null,"WATLEV":4,"NATSUR":null,"INFORM":null,"SCAMIN":null,"SORDAT":"200304","SORIND":"US,US,graph,Chart 18643","DSNM":"US5CA4JC.000","enc_service":"enc_harbour","enc_layer":"Obstruction_point","enc_layer_id":33}},{"type":"Feature","id":362344,"geometry":{"type":"Point","coordinates":[-122.941824,38.21875799999998]},"properties":{"OBJECTID":362344,"OBJL":86,"CATOBS":" ","CONDTN":null,"EXPSOU":null,"HEIGHT":null,"NATCON":null,"NATQUA":null,"OBJNAM":null,"PRODCT":null,"QUASOU":"2","SOUACC":null,"TECSOU":null,"VALSOU":null,"VERACC":null,"VERDAT":null,"VERLEN":null,"WATLEV":4,"NATSUR":null,"INFORM":null,"SCAMIN":null,"SORDAT":"200304","SORIND":"US,US,graph,Chart 18643","DSNM":"US5CA4JB.000","enc_service":"enc_harbour","enc_layer":"Obstruction_point","enc_layer_id":33}},{"type":"Feature","id":362342,"geometry":{"type":"Point","coordinates":[-122.9473385,38.21511509999999]},"properties":{"OBJECTID":362342,"OBJL":86,"CATOBS":"snag/stump","CONDTN":null,"EXPSOU":null,"HEIGHT":null,"NATCON":null,"NATQUA":null,"OBJNAM":null,"PRODCT":null,"QUASOU":"2","SOUACC":null,"TECSOU":null,"VALSOU":null,"VERACC":null,"VERDAT":null,"VERLEN":null,"WATLEV":3,"NATSUR":null,"INFORM":null,"SCAMIN":null,"SORDAT":"200304","SORIND":"US,US,graph,Chart 18643","DSNM":"US5CA4JB.000","enc_service":"enc_harbour","enc_layer":"Obstruction_point","enc_layer_id":33}},{"type":"Feature","id":362346,"geometry":{"type":"Point","coordinates":[-122.92202900000001,38.22160500000001]},"properties":{"OBJECTID":362346,"OBJL":86,"CATOBS":" ","CONDTN":null,"EXPSOU":null,"HEIGHT":null,"NATCON":null,"NATQUA":null,"OBJNAM":null,"PRODCT":null,"QUASOU":"2","SOUACC":null,"TECSOU":null,"VALSOU":null,"VERACC":null,"VERDAT":null,"VERLEN":null,"WATLEV":4,"NATSUR":null,"INFORM":null,"SCAMIN":null,"SORDAT":"200304","SORIND":"US,US,graph,Chart 18643","DSNM":"US5CA4JC.000","enc_service":"enc_harbour","enc_layer":"Obstruction_point","enc_layer_id":33}},{"type":"Feature","id":861706,"geometry":{"type":"Point","coordinates":[-122.99577199999999,38.23715299999998]},"properties":{"OBJECTID":861706,"OBJL":153,"EXPSOU":null,"NATSUR":null,"NATQUA":null,"OBJNAM":null,"QUASOU":"2","SOUACC":null,"TECSOU":null,"VALSOU":null,"VERDAT":null,"WATLEV":4,"INFORM":null,"SCAMIN":44999,"SORDAT":"200304","SORIND":"US,US,graph,Chart 18643","DSNM":"US5CA4JB.000","enc_service":"enc_harbour","enc_layer":"Underwater_Awash_Rock_point","enc_layer_id":34}},{"type":"Feature","id":861696,"geometry":{"type":"Point","coordinates":[-122.995338,38.22980200000001]},"properties":{"OBJECTID":861696,"OBJL":153,"EXPSOU":null,"NATSUR":null,"NATQUA":null,"OBJNAM":null,"QUASOU":"2","SOUACC":null,"TECSOU":null,"VALSOU":null,"VERDAT":null,"WATLEV":4,"INFORM":null,"SCAMIN":44999,"SORDAT":"200304","SORIND":"US,US,graph,Chart 18643","DSNM":"US5CA4JB.000","enc_service":"enc_harbour","enc_layer":"Underwater_Awash_Rock_point","enc_layer_id":34}},{"type":"Feature","id":861627,"geometry":{"type":"Point","coordinates":[-122.99449299999998,38.22896100000003]},"properties":{"OBJECTID":861627,"OBJL":153,"EXPSOU":null,"NATSUR":null,"NATQUA":null,"OBJNAM":null,"QUASOU":"2","SOUACC":null,"TECSOU":null,"VALSOU":null,"VERDAT":null,"WATLEV":4,"INFORM":null,"SCAMIN":44999,"SORDAT":"200304","SORIND":"US,US,graph,Chart 18643","DSNM":"US5CA4JB.000","enc_service":"enc_harbour","enc_layer":"Underwater_Awash_Rock_point","enc_layer_id":34}},{"type":"Feature","id":861507,"geometry":{"type":"Point","coordinates":[-122.99360899999999,38.232774000000006]},"properties":{"OBJECTID":861507,"OBJL":153,"EXPSOU":null,"NATSUR":null,"NATQUA":null,"OBJNAM":null,"QUASOU":"2","SOUACC":null,"TECSOU":null,"VALSOU":null,"VERDAT":null,"WATLEV":4,"INFORM":null,"SCAMIN":44999,"SORDAT":"200304","SORIND":"US,US,graph,Chart 18643","DSNM":"US5CA4JB.000","enc_service":"enc_harbour","enc_layer":"Underwater_Awash_Rock_point","enc_layer_id":34}},{"type":"Feature","id":861511,"geometry":{"type":"Point","coordinates":[-122.99163099999998,38.231427]},"properties":{"OBJECTID":861511,"OBJL":153,"EXPSOU":null,"NATSUR":null,"NATQUA":null,"OBJNAM":null,"QUASOU":"2","SOUACC":null,"TECSOU":null,"VALSOU":null,"VERDAT":null,"WATLEV":4,"INFORM":null,"SCAMIN":44999,"SORDAT":"200304","SORIND":"US,US,graph,Chart 18643","DSNM":"US5CA4JB.000","enc_service":"enc_harbour","enc_layer":"Underwater_Awash_Rock_point","enc_layer_id":34}},{"type":"Feature","id":861604,"geometry":{"type":"Point","coordinates":[-122.99609199999998,38.240703999999994]},"properties":{"OBJECTID":861604,"OBJL":153,"EXPSOU":null,"NATSUR":null,"NATQUA":null,"OBJNAM":null,"QUASOU":"2","SOUACC":null,"TECSOU":null,"VALSOU":null,"VERDAT":null,"WATLEV":4,"INFORM":null,"SCAMIN":44999,"SORDAT":"200304","SORIND":"US,US,graph,Chart 18643","DSNM":"US5CA4JB.000","enc_service":"enc_harbour","enc_layer":"Underwater_Awash_Rock_point","enc_layer_id":34}},{"type":"Feature","id":861605,"geometry":{"type":"Point","coordinates":[-122.99558200000001,38.239958]},"properties":{"OBJECTID":861605,"OBJL":153,"EXPSOU":null,"NATSUR":null,"NATQUA":null,"OBJNAM":null,"QUASOU":"2","SOUACC":null,"TECSOU":null,"VALSOU":null,"VERDAT":null,"WATLEV":4,"INFORM":null,"SCAMIN":44999,"SORDAT":"200304","SORIND":"US,US,graph,Chart 18643","DSNM":"US5CA4JB.000","enc_service":"enc_harbour","enc_layer":"Underwater_Awash_Rock_point","enc_layer_id":34}},{"type":"Feature","id":861699,"geometry":{"type":"Point","coordinates":[-122.99188600000002,38.239918999999986]},"properties":{"OBJECTID":861699,"OBJL":153,"EXPSOU":null,"NATSUR":null,"NATQUA":null,"OBJNAM":null,"QUASOU":"2","SOUACC":null,"TECSOU":null,"VALSOU":null,"VERDAT":null,"WATLEV":4,"INFORM":null,"SCAMIN":44999,"SORDAT":"200304","SORIND":"US,US,graph,Chart 18643","DSNM":"US5CA4JB.000","enc_service":"enc_harbour","enc_layer":"Underwater_Awash_Rock_point","enc_layer_id":34}},{"type":"Feature","id":861666,"geometry":{"type":"Point","coordinates":[-122.99147299999998,38.239360999999974]},"properties":{"OBJECTID":861666,"OBJL":153,"EXPSOU":null,"NATSUR":null,"NATQUA":null,"OBJNAM":null,"QUASOU":"2","SOUACC":null,"TECSOU":null,"VALSOU":null,"VERDAT":null,"WATLEV":4,"INFORM":null,"SCAMIN":44999,"SORDAT":"200304","SORIND":"US,US,graph,Chart 18643","DSNM":"US5CA4JB.000","enc_service":"enc_harbour","enc_layer":"Underwater_Awash_Rock_point","enc_layer_id":34}},{"type":"Feature","id":861662,"geometry":{"type":"Point","coordinates":[-122.98986200000002,38.23845899999998]},"properties":{"OBJECTID":861662,"OBJL":153,"EXPSOU":null,"NATSUR":null,"NATQUA":null,"OBJNAM":null,"QUASOU":"2","SOUACC":null,"TECSOU":null,"VALSOU":null,"VERDAT":null,"WATLEV":4,"INFORM":null,"SCAMIN":44999,"SORDAT":"200304","SORIND":"US,US,graph,Chart 18643","DSNM":"US5CA4JB.000","enc_service":"enc_harbour","enc_layer":"Underwater_Awash_Rock_point","enc_layer_id":34}},{"type":"Feature","id":861674,"geometry":{"type":"Point","coordinates":[-122.98140000000001,38.21285]},"properties":{"OBJECTID":861674,"OBJL":153,"EXPSOU":null,"NATSUR":null,"NATQUA":null,"OBJNAM":null,"QUASOU":"2","SOUACC":null,"TECSOU":null,"VALSOU":null,"VERDAT":null,"WATLEV":4,"INFORM":null,"SCAMIN":44999,"SORDAT":"200304","SORIND":"US,US,graph,Chart 18643","DSNM":"US5CA4JB.000","enc_service":"enc_harbour","enc_layer":"Underwater_Awash_Rock_point","enc_layer_id":34}},{"type":"Feature","id":861491,"geometry":{"type":"Point","coordinates":[-122.987144,38.22560600000003]},"properties":{"OBJECTID":861491,"OBJL":153,"EXPSOU":null,"NATSUR":null,"NATQUA":null,"OBJNAM":null,"QUASOU":"2","SOUACC":null,"TECSOU":null,"VALSOU":null,"VERDAT":null,"WATLEV":4,"INFORM":null,"SCAMIN":44999,"SORDAT":"200304","SORIND":"US,US,graph,Chart 18643","DSNM":"US5CA4JB.000","enc_service":"enc_harbour","enc_layer":"Underwater_Awash_Rock_point","enc_layer_id":34}},{"type":"Feature","id":861519,"geometry":{"type":"Point","coordinates":[-122.986559,38.22488499999997]},"properties":{"OBJECTID":861519,"OBJL":153,"EXPSOU":null,"NATSUR":null,"NATQUA":null,"OBJNAM":null,"QUASOU":"2","SOUACC":null,"TECSOU":null,"VALSOU":null,"VERDAT":null,"WATLEV":4,"INFORM":null,"SCAMIN":44999,"SORDAT":"200304","SORIND":"US,US,graph,Chart 18643","DSNM":"US5CA4JB.000","enc_service":"enc_harbour","enc_layer":"Underwater_Awash_Rock_point","enc_layer_id":34}},{"type":"Feature","id":861521,"geometry":{"type":"Point","coordinates":[-122.98573800000003,38.22385300000002]},"properties":{"OBJECTID":861521,"OBJL":153,"EXPSOU":null,"NATSUR":null,"NATQUA":null,"OBJNAM":null,"QUASOU":"2","SOUACC":null,"TECSOU":null,"VALSOU":null,"VERDAT":null,"WATLEV":4,"INFORM":null,"SCAMIN":44999,"SORDAT":"200304","SORIND":"US,US,graph,Chart 18643","DSNM":"US5CA4JB.000","enc_service":"enc_harbour","enc_layer":"Underwater_Awash_Rock_point","enc_layer_id":34}},{"type":"Feature","id":861522,"geometry":{"type":"Point","coordinates":[-122.98515099999997,38.223657]},"properties":{"OBJECTID":861522,"OBJL":153,"EXPSOU":null,"NATSUR":null,"NATQUA":null,"OBJNAM":null,"QUASOU":"2","SOUACC":null,"TECSOU":null,"VALSOU":null,"VERDAT":null,"WATLEV":4,"INFORM":null,"SCAMIN":44999,"SORDAT":"200304","SORIND":"US,US,graph,Chart 18643","DSNM":"US5CA4JB.000","enc_service":"enc_harbour","enc_layer":"Underwater_Awash_Rock_point","enc_layer_id":34}},{"type":"Feature","id":861667,"geometry":{"type":"Point","coordinates":[-122.98217599999998,38.21479900000003]},"properties":{"OBJECTID":861667,"OBJL":153,"EXPSOU":null,"NATSUR":null,"NATQUA":null,"OBJNAM":null,"QUASOU":"2","SOUACC":null,"TECSOU":null,"VALSOU":null,"VERDAT":null,"WATLEV":4,"INFORM":null,"SCAMIN":44999,"SORDAT":"200304","SORIND":"US,US,graph,Chart 18643","DSNM":"US5CA4JB.000","enc_service":"enc_harbour","enc_layer":"Underwater_Awash_Rock_point","enc_layer_id":34}},{"type":"Feature","id":861541,"geometry":{"type":"Point","coordinates":[-122.98822799999999,38.22836100000001]},"properties":{"OBJECTID":861541,"OBJL":153,"EXPSOU":null,"NATSUR":null,"NATQUA":null,"OBJNAM":null,"QUASOU":"2","SOUACC":null,"TECSOU":null,"VALSOU":null,"VERDAT":null,"WATLEV":4,"INFORM":null,"SCAMIN":null,"SORDAT":"200304","SORIND":"US,US,graph,Chart 18643","DSNM":"US5CA4JB.000","enc_service":"enc_harbour","enc_layer":"Underwater_Awash_Rock_point","enc_layer_id":34}},{"type":"Feature","id":861636,"geometry":{"type":"Point","coordinates":[-122.982642,38.23445800000002]},"properties":{"OBJECTID":861636,"OBJL":153,"EXPSOU":2,"NATSUR":null,"NATQUA":null,"OBJNAM":null,"QUASOU":null,"SOUACC":null,"TECSOU":null,"VALSOU":0,"VERDAT":null,"WATLEV":5,"INFORM":null,"SCAMIN":44999,"SORDAT":"200304","SORIND":"US,US,graph,Chart 18643","DSNM":"US5CA4JB.000","enc_service":"enc_harbour","enc_layer":"Underwater_Awash_Rock_point","enc_layer_id":34}},{"type":"Feature","id":861563,"geometry":{"type":"Point","coordinates":[-122.98201,38.233033999999975]},"properties":{"OBJECTID":861563,"OBJL":153,"EXPSOU":null,"NATSUR":null,"NATQUA":null,"OBJNAM":null,"QUASOU":"2","SOUACC":null,"TECSOU":null,"VALSOU":null,"VERDAT":null,"WATLEV":4,"INFORM":null,"SCAMIN":null,"SORDAT":"200304","SORIND":"US,US,graph,Chart 18643","DSNM":"US5CA4JB.000","enc_service":"enc_harbour","enc_layer":"Underwater_Awash_Rock_point","enc_layer_id":34}},{"type":"Feature","id":861584,"geometry":{"type":"Point","coordinates":[-122.976854,38.21036600000002]},"properties":{"OBJECTID":861584,"OBJL":153,"EXPSOU":null,"NATSUR":null,"NATQUA":null,"OBJNAM":null,"QUASOU":"2","SOUACC":null,"TECSOU":null,"VALSOU":null,"VERDAT":null,"WATLEV":4,"INFORM":null,"SCAMIN":44999,"SORDAT":"200304","SORIND":"US,US,graph,Chart 18643","DSNM":"US5CA4JB.000","enc_service":"enc_harbour","enc_layer":"Underwater_Awash_Rock_point","enc_layer_id":34}},{"type":"Feature","id":861687,"geometry":{"type":"Point","coordinates":[-122.97434399999997,38.20687800000002]},"properties":{"OBJECTID":861687,"OBJL":153,"EXPSOU":null,"NATSUR":null,"NATQUA":null,"OBJNAM":null,"QUASOU":"2","SOUACC":null,"TECSOU":null,"VALSOU":null,"VERDAT":null,"WATLEV":4,"INFORM":null,"SCAMIN":44999,"SORDAT":"200304","SORIND":"US,US,graph,Chart 18643","DSNM":"US5CA4JB.000","enc_service":"enc_harbour","enc_layer":"Underwater_Awash_Rock_point","enc_layer_id":34}},{"type":"Feature","id":861639,"geometry":{"type":"Point","coordinates":[-122.97203999999999,38.203828999999985]},"properties":{"OBJECTID":861639,"OBJL":153,"EXPSOU":2,"NATSUR":null,"NATQUA":null,"OBJNAM":null,"QUASOU":"6","SOUACC":null,"TECSOU":null,"VALSOU":-0.6,"VERDAT":null,"WATLEV":4,"INFORM":null,"SCAMIN":44999,"SORDAT":"200304","SORIND":"US,US,graph,Chart 18643","DSNM":"US5CA4JB.000","enc_service":"enc_harbour","enc_layer":"Underwater_Awash_Rock_point","enc_layer_id":34}},{"type":"Feature","id":861492,"geometry":{"type":"Point","coordinates":[-122.97110600000002,38.20404300000001]},"properties":{"OBJECTID":861492,"OBJL":153,"EXPSOU":null,"NATSUR":null,"NATQUA":null,"OBJNAM":null,"QUASOU":"2","SOUACC":null,"TECSOU":null,"VALSOU":null,"VERDAT":null,"WATLEV":4,"INFORM":null,"SCAMIN":44999,"SORDAT":"200304","SORIND":"US,US,graph,Chart 18643","DSNM":"US5CA4JB.000","enc_service":"enc_harbour","enc_layer":"Underwater_Awash_Rock_point","enc_layer_id":34}},{"type":"Feature","id":861719,"geometry":{"type":"Point","coordinates":[-122.97495300000003,38.23369100000002]},"properties":{"OBJECTID":861719,"OBJL":153,"EXPSOU":2,"NATSUR":null,"NATQUA":null,"OBJNAM":null,"QUASOU":null,"SOUACC":null,"TECSOU":null,"VALSOU":0,"VERDAT":null,"WATLEV":5,"INFORM":null,"SCAMIN":null,"SORDAT":"200304","SORIND":"US,US,graph,Chart 18643","DSNM":"US5CA4JB.000","enc_service":"enc_harbour","enc_layer":"Underwater_Awash_Rock_point","enc_layer_id":34}},{"type":"Feature","id":862038,"geometry":{"type":"Point","coordinates":[-122.97363999999999,38.259794]},"properties":{"OBJECTID":862038,"OBJL":153,"EXPSOU":null,"NATSUR":null,"NATQUA":null,"OBJNAM":null,"QUASOU":"2","SOUACC":null,"TECSOU":null,"VALSOU":null,"VERDAT":null,"WATLEV":4,"INFORM":null,"SCAMIN":44999,"SORDAT":"200304","SORIND":"US,US,graph,Chart 18643","DSNM":"US5CA4KB.000","enc_service":"enc_harbour","enc_layer":"Underwater_Awash_Rock_point","enc_layer_id":34}},{"type":"Feature","id":861971,"geometry":{"type":"Point","coordinates":[-122.97282999999999,38.25529799999998]},"properties":{"OBJECTID":861971,"OBJL":153,"EXPSOU":null,"NATSUR":null,"NATQUA":null,"OBJNAM":null,"QUASOU":"2","SOUACC":null,"TECSOU":null,"VALSOU":null,"VERDAT":null,"WATLEV":3,"INFORM":null,"SCAMIN":44999,"SORDAT":"200304","SORIND":"US,US,graph,Chart 18643","DSNM":"US5CA4KB.000","enc_service":"enc_harbour","enc_layer":"Underwater_Awash_Rock_point","enc_layer_id":34}},{"type":"Feature","id":861976,"geometry":{"type":"Point","coordinates":[-122.97228899999999,38.25945200000001]},"properties":{"OBJECTID":861976,"OBJL":153,"EXPSOU":null,"NATSUR":null,"NATQUA":null,"OBJNAM":null,"QUASOU":"2","SOUACC":null,"TECSOU":null,"VALSOU":null,"VERDAT":null,"WATLEV":4,"INFORM":null,"SCAMIN":null,"SORDAT":"200304","SORIND":"US,US,graph,Chart 18643","DSNM":"US5CA4KB.000","enc_service":"enc_harbour","enc_layer":"Underwater_Awash_Rock_point","enc_layer_id":34}},{"type":"Feature","id":861899,"geometry":{"type":"Point","coordinates":[-122.97216200000003,38.255975999999976]},"properties":{"OBJECTID":861899,"OBJL":153,"EXPSOU":null,"NATSUR":null,"NATQUA":null,"OBJNAM":null,"QUASOU":"2","SOUACC":null,"TECSOU":null,"VALSOU":null,"VERDAT":null,"WATLEV":4,"INFORM":null,"SCAMIN":44999,"SORDAT":"200304","SORIND":"US,US,graph,Chart 18643","DSNM":"US5CA4KB.000","enc_service":"enc_harbour","enc_layer":"Underwater_Awash_Rock_point","enc_layer_id":34}},{"type":"Feature","id":861972,"geometry":{"type":"Point","coordinates":[-122.97178000000002,38.257585000000006]},"properties":{"OBJECTID":861972,"OBJL":153,"EXPSOU":null,"NATSUR":null,"NATQUA":null,"OBJNAM":null,"QUASOU":"2","SOUACC":null,"TECSOU":null,"VALSOU":null,"VERDAT":null,"WATLEV":4,"INFORM":null,"SCAMIN":44999,"SORDAT":"200304","SORIND":"US,US,graph,Chart 18643","DSNM":"US5CA4KB.000","enc_service":"enc_harbour","enc_layer":"Underwater_Awash_Rock_point","enc_layer_id":34}},{"type":"Feature","id":862071,"geometry":{"type":"Point","coordinates":[-122.97168799999997,38.25872099999998]},"properties":{"OBJECTID":862071,"OBJL":153,"EXPSOU":null,"NATSUR":null,"NATQUA":null,"OBJNAM":null,"QUASOU":"2","SOUACC":null,"TECSOU":null,"VALSOU":null,"VERDAT":null,"WATLEV":4,"INFORM":null,"SCAMIN":null,"SORDAT":"200304","SORIND":"US,US,graph,Chart 18643","DSNM":"US5CA4KB.000","enc_service":"enc_harbour","enc_layer":"Underwater_Awash_Rock_point","enc_layer_id":34}},{"type":"Feature","id":861910,"geometry":{"type":"Point","coordinates":[-122.96945699999998,38.25228900000002]},"properties":{"OBJECTID":861910,"OBJL":153,"EXPSOU":null,"NATSUR":null,"NATQUA":null,"OBJNAM":null,"QUASOU":"2","SOUACC":null,"TECSOU":null,"VALSOU":null,"VERDAT":null,"WATLEV":4,"INFORM":null,"SCAMIN":44999,"SORDAT":"200304","SORIND":"US,US,graph,Chart 18643","DSNM":"US5CA4KB.000","enc_service":"enc_harbour","enc_layer":"Underwater_Awash_Rock_point","enc_layer_id":34}},{"type":"Feature","id":861425,"geometry":{"type":"Point","coordinates":[-122.95509499999997,38.16989799999999]},"properties":{"OBJECTID":861425,"OBJL":153,"EXPSOU":null,"NATSUR":null,"NATQUA":null,"OBJNAM":null,"QUASOU":"2","SOUACC":null,"TECSOU":null,"VALSOU":null,"VERDAT":null,"WATLEV":4,"INFORM":null,"SCAMIN":null,"SORDAT":"200304","SORIND":"US,US,graph,Chart 18643","DSNM":"US5CA4IB.000","enc_service":"enc_harbour","enc_layer":"Underwater_Awash_Rock_point","enc_layer_id":34}},{"type":"Feature","id":861431,"geometry":{"type":"Point","coordinates":[-122.95502900000002,38.17331100000001]},"properties":{"OBJECTID":861431,"OBJL":153,"EXPSOU":null,"NATSUR":null,"NATQUA":null,"OBJNAM":null,"QUASOU":"2","SOUACC":null,"TECSOU":null,"VALSOU":null,"VERDAT":null,"WATLEV":4,"INFORM":null,"SCAMIN":null,"SORDAT":"200304","SORIND":"US,US,graph,Chart 18643","DSNM":"US5CA4IB.000","enc_service":"enc_harbour","enc_layer":"Underwater_Awash_Rock_point","enc_layer_id":34}},{"type":"Feature","id":861603,"geometry":{"type":"Point","coordinates":[-122.96094499999998,38.178584]},"properties":{"OBJECTID":861603,"OBJL":153,"EXPSOU":null,"NATSUR":null,"NATQUA":null,"OBJNAM":null,"QUASOU":"2","SOUACC":null,"TECSOU":null,"VALSOU":null,"VERDAT":null,"WATLEV":4,"INFORM":null,"SCAMIN":null,"SORDAT":"200304","SORIND":"US,US,graph,Chart 18643","DSNM":"US5CA4JB.000","enc_service":"enc_harbour","enc_layer":"Underwater_Awash_Rock_point","enc_layer_id":34}},{"type":"Feature","id":861542,"geometry":{"type":"Point","coordinates":[-122.95532600000001,38.232868999999994]},"properties":{"OBJECTID":861542,"OBJL":153,"EXPSOU":null,"NATSUR":null,"NATQUA":null,"OBJNAM":null,"QUASOU":"2","SOUACC":null,"TECSOU":null,"VALSOU":null,"VERDAT":null,"WATLEV":4,"INFORM":null,"SCAMIN":null,"SORDAT":"200304","SORIND":"US,US,graph,Chart 18643","DSNM":"US5CA4JB.000","enc_service":"enc_harbour","enc_layer":"Underwater_Awash_Rock_point","enc_layer_id":34}},{"type":"Feature","id":861648,"geometry":{"type":"Point","coordinates":[-122.94411400000001,38.19438500000001]},"properties":{"OBJECTID":861648,"OBJL":153,"EXPSOU":null,"NATSUR":null,"NATQUA":null,"OBJNAM":null,"QUASOU":"2","SOUACC":null,"TECSOU":null,"VALSOU":null,"VERDAT":null,"WATLEV":4,"INFORM":null,"SCAMIN":null,"SORDAT":"200304","SORIND":"US,US,graph,Chart 18643","DSNM":"US5CA4JB.000","enc_service":"enc_harbour","enc_layer":"Underwater_Awash_Rock_point","enc_layer_id":34}},{"type":"Feature","id":861643,"geometry":{"type":"Point","coordinates":[-122.930383,38.181212000000016]},"properties":{"OBJECTID":861643,"OBJL":153,"EXPSOU":null,"NATSUR":null,"NATQUA":null,"OBJNAM":null,"QUASOU":"2","SOUACC":null,"TECSOU":null,"VALSOU":null,"VERDAT":null,"WATLEV":4,"INFORM":null,"SCAMIN":null,"SORDAT":"200304","SORIND":"US,US,graph,Chart 18643","DSNM":"US5CA4JB.000","enc_service":"enc_harbour","enc_layer":"Underwater_Awash_Rock_point","enc_layer_id":34}},{"type":"Feature","id":861535,"geometry":{"type":"Point","coordinates":[-122.935227,38.197622000000024]},"properties":{"OBJECTID":861535,"OBJL":153,"EXPSOU":null,"NATSUR":null,"NATQUA":null,"OBJNAM":null,"QUASOU":"2","SOUACC":null,"TECSOU":null,"VALSOU":null,"VERDAT":null,"WATLEV":4,"INFORM":null,"SCAMIN":null,"SORDAT":"200304","SORIND":"US,US,graph,Chart 18643","DSNM":"US5CA4JB.000","enc_service":"enc_harbour","enc_layer":"Underwater_Awash_Rock_point","enc_layer_id":34}},{"type":"Feature","id":861549,"geometry":{"type":"Point","coordinates":[-122.93649799999997,38.214522999999986]},"properties":{"OBJECTID":861549,"OBJL":153,"EXPSOU":null,"NATSUR":null,"NATQUA":null,"OBJNAM":null,"QUASOU":"2","SOUACC":null,"TECSOU":null,"VALSOU":null,"VERDAT":null,"WATLEV":4,"INFORM":null,"SCAMIN":null,"SORDAT":"200304","SORIND":"US,US,graph,Chart 18643","DSNM":"US5CA4JB.000","enc_service":"enc_harbour","enc_layer":"Underwater_Awash_Rock_point","enc_layer_id":34}},{"type":"Feature","id":861746,"geometry":{"type":"Point","coordinates":[-122.922303,38.201075]},"properties":{"OBJECTID":861746,"OBJL":153,"EXPSOU":null,"NATSUR":null,"NATQUA":null,"OBJNAM":null,"QUASOU":"2","SOUACC":null,"TECSOU":null,"VALSOU":null,"VERDAT":null,"WATLEV":4,"INFORM":null,"SCAMIN":null,"SORDAT":"200304","SORIND":"US,US,graph,Chart 18643","DSNM":"US5CA4JC.000","enc_service":"enc_harbour","enc_layer":"Underwater_Awash_Rock_point","enc_layer_id":34}},{"type":"Feature","id":861745,"geometry":{"type":"Point","coordinates":[-122.92094600000001,38.198672999999985]},"properties":{"OBJECTID":861745,"OBJL":153,"EXPSOU":null,"NATSUR":null,"NATQUA":null,"OBJNAM":null,"QUASOU":"2","SOUACC":null,"TECSOU":null,"VALSOU":null,"VERDAT":null,"WATLEV":4,"INFORM":null,"SCAMIN":null,"SORDAT":"200304","SORIND":"US,US,graph,Chart 18643","DSNM":"US5CA4JC.000","enc_service":"enc_harbour","enc_layer":"Underwater_Awash_Rock_point","enc_layer_id":34}},{"type":"Feature","id":861703,"geometry":{"type":"Point","coordinates":[-122.99508600000001,38.237405000000024]},"properties":{"OBJECTID":861703,"OBJL":153,"EXPSOU":null,"NATSUR":null,"NATQUA":null,"OBJNAM":null,"QUASOU":"2","SOUACC":null,"TECSOU":null,"VALSOU":null,"VERDAT":null,"WATLEV":4,"INFORM":null,"SCAMIN":44999,"SORDAT":"200304","SORIND":"US,US,graph,Chart 18643","DSNM":"US5CA4JB.000","enc_service":"enc_harbour","enc_layer":"Underwater_Awash_Rock_point","enc_layer_id":34}},{"type":"Feature","id":861515,"geometry":{"type":"Point","coordinates":[-122.99491,38.231768999999986]},"properties":{"OBJECTID":861515,"OBJL":153,"EXPSOU":null,"NATSUR":null,"NATQUA":null,"OBJNAM":null,"QUASOU":"2","SOUACC":null,"TECSOU":null,"VALSOU":null,"VERDAT":null,"WATLEV":4,"INFORM":null,"SCAMIN":44999,"SORDAT":"200304","SORIND":"US,US,graph,Chart 18643","DSNM":"US5CA4JB.000","enc_service":"enc_harbour","enc_layer":"Underwater_Awash_Rock_point","enc_layer_id":34}},{"type":"Feature","id":861512,"geometry":{"type":"Point","coordinates":[-122.99422499999997,38.231359]},"properties":{"OBJECTID":861512,"OBJL":153,"EXPSOU":null,"NATSUR":null,"NATQUA":null,"OBJNAM":null,"QUASOU":"2","SOUACC":null,"TECSOU":null,"VALSOU":null,"VERDAT":null,"WATLEV":4,"INFORM":null,"SCAMIN":44999,"SORDAT":"200304","SORIND":"US,US,graph,Chart 18643","DSNM":"US5CA4JB.000","enc_service":"enc_harbour","enc_layer":"Underwater_Awash_Rock_point","enc_layer_id":34}},{"type":"Feature","id":861505,"geometry":{"type":"Point","coordinates":[-122.994149,38.234305000000006]},"properties":{"OBJECTID":861505,"OBJL":153,"EXPSOU":null,"NATSUR":null,"NATQUA":null,"OBJNAM":null,"QUASOU":"2","SOUACC":null,"TECSOU":null,"VALSOU":null,"VERDAT":null,"WATLEV":4,"INFORM":null,"SCAMIN":44999,"SORDAT":"200304","SORIND":"US,US,graph,Chart 18643","DSNM":"US5CA4JB.000","enc_service":"enc_harbour","enc_layer":"Underwater_Awash_Rock_point","enc_layer_id":34}},{"type":"Feature","id":861618,"geometry":{"type":"Point","coordinates":[-122.99383399999999,38.23077999999998]},"properties":{"OBJECTID":861618,"OBJL":153,"EXPSOU":null,"NATSUR":null,"NATQUA":null,"OBJNAM":null,"QUASOU":"2","SOUACC":null,"TECSOU":null,"VALSOU":null,"VERDAT":null,"WATLEV":4,"INFORM":null,"SCAMIN":null,"SORDAT":"200304","SORIND":"US,US,graph,Chart 18643","DSNM":"US5CA4JB.000","enc_service":"enc_harbour","enc_layer":"Underwater_Awash_Rock_point","enc_layer_id":34}},{"type":"Feature","id":861510,"geometry":{"type":"Point","coordinates":[-122.99340899999999,38.23186500000003]},"properties":{"OBJECTID":861510,"OBJL":153,"EXPSOU":null,"NATSUR":null,"NATQUA":null,"OBJNAM":null,"QUASOU":"2","SOUACC":null,"TECSOU":null,"VALSOU":null,"VERDAT":null,"WATLEV":4,"INFORM":null,"SCAMIN":44999,"SORDAT":"200304","SORIND":"US,US,graph,Chart 18643","DSNM":"US5CA4JB.000","enc_service":"enc_harbour","enc_layer":"Underwater_Awash_Rock_point","enc_layer_id":34}},{"type":"Feature","id":861625,"geometry":{"type":"Point","coordinates":[-122.99182200000001,38.23052000000001]},"properties":{"OBJECTID":861625,"OBJL":153,"EXPSOU":null,"NATSUR":null,"NATQUA":null,"OBJNAM":null,"QUASOU":"2","SOUACC":null,"TECSOU":null,"VALSOU":null,"VERDAT":null,"WATLEV":4,"INFORM":null,"SCAMIN":44999,"SORDAT":"200304","SORIND":"US,US,graph,Chart 18643","DSNM":"US5CA4JB.000","enc_service":"enc_harbour","enc_layer":"Underwater_Awash_Rock_point","enc_layer_id":34}},{"type":"Feature","id":861624,"geometry":{"type":"Point","coordinates":[-122.991735,38.23012299999999]},"properties":{"OBJECTID":861624,"OBJL":153,"EXPSOU":null,"NATSUR":null,"NATQUA":null,"OBJNAM":null,"QUASOU":"2","SOUACC":null,"TECSOU":null,"VALSOU":null,"VERDAT":null,"WATLEV":4,"INFORM":null,"SCAMIN":44999,"SORDAT":"200304","SORIND":"US,US,graph,Chart 18643","DSNM":"US5CA4JB.000","enc_service":"enc_harbour","enc_layer":"Underwater_Awash_Rock_point","enc_layer_id":34}},{"type":"Feature","id":861614,"geometry":{"type":"Point","coordinates":[-122.99532900000003,38.241251999999974]},"properties":{"OBJECTID":861614,"OBJL":153,"EXPSOU":null,"NATSUR":null,"NATQUA":null,"OBJNAM":null,"QUASOU":"2","SOUACC":null,"TECSOU":null,"VALSOU":null,"VERDAT":null,"WATLEV":4,"INFORM":null,"SCAMIN":44999,"SORDAT":"200304","SORIND":"US,US,graph,Chart 18643","DSNM":"US5CA4JB.000","enc_service":"enc_harbour","enc_layer":"Underwater_Awash_Rock_point","enc_layer_id":34}},{"type":"Feature","id":861663,"geometry":{"type":"Point","coordinates":[-122.99029100000001,38.238833]},"properties":{"OBJECTID":861663,"OBJL":153,"EXPSOU":null,"NATSUR":null,"NATQUA":null,"OBJNAM":null,"QUASOU":"2","SOUACC":null,"TECSOU":null,"VALSOU":null,"VERDAT":null,"WATLEV":4,"INFORM":null,"SCAMIN":44999,"SORDAT":"200304","SORIND":"US,US,graph,Chart 18643","DSNM":"US5CA4JB.000","enc_service":"enc_harbour","enc_layer":"Underwater_Awash_Rock_point","enc_layer_id":34}},{"type":"Feature","id":861672,"geometry":{"type":"Point","coordinates":[-122.98042900000002,38.21277199999997]},"properties":{"OBJECTID":861672,"OBJL":153,"EXPSOU":null,"NATSUR":null,"NATQUA":null,"OBJNAM":null,"QUASOU":"2","SOUACC":null,"TECSOU":null,"VALSOU":null,"VERDAT":null,"WATLEV":4,"INFORM":null,"SCAMIN":44999,"SORDAT":"200304","SORIND":"US,US,graph,Chart 18643","DSNM":"US5CA4JB.000","enc_service":"enc_harbour","enc_layer":"Underwater_Awash_Rock_point","enc_layer_id":34}},{"type":"Feature","id":861586,"geometry":{"type":"Point","coordinates":[-122.97834399999999,38.208348]},"properties":{"OBJECTID":861586,"OBJL":153,"EXPSOU":null,"NATSUR":null,"NATQUA":null,"OBJNAM":null,"QUASOU":"2","SOUACC":null,"TECSOU":null,"VALSOU":null,"VERDAT":null,"WATLEV":4,"INFORM":null,"SCAMIN":44999,"SORDAT":"200304","SORIND":"US,US,graph,Chart 18643","DSNM":"US5CA4JB.000","enc_service":"enc_harbour","enc_layer":"Underwater_Awash_Rock_point","enc_layer_id":34}},{"type":"Feature","id":861680,"geometry":{"type":"Point","coordinates":[-122.97807499999999,38.211094]},"properties":{"OBJECTID":861680,"OBJL":153,"EXPSOU":null,"NATSUR":null,"NATQUA":null,"OBJNAM":null,"QUASOU":"2","SOUACC":null,"TECSOU":null,"VALSOU":null,"VERDAT":null,"WATLEV":4,"INFORM":null,"SCAMIN":44999,"SORDAT":"200304","SORIND":"US,US,graph,Chart 18643","DSNM":"US5CA4JB.000","enc_service":"enc_harbour","enc_layer":"Underwater_Awash_Rock_point","enc_layer_id":34}},{"type":"Feature","id":861520,"geometry":{"type":"Point","coordinates":[-122.98637100000002,38.22407800000002]},"properties":{"OBJECTID":861520,"OBJL":153,"EXPSOU":null,"NATSUR":null,"NATQUA":null,"OBJNAM":null,"QUASOU":"2","SOUACC":null,"TECSOU":null,"VALSOU":null,"VERDAT":null,"WATLEV":4,"INFORM":null,"SCAMIN":44999,"SORDAT":"200304","SORIND":"US,US,graph,Chart 18643","DSNM":"US5CA4JB.000","enc_service":"enc_harbour","enc_layer":"Underwater_Awash_Rock_point","enc_layer_id":34}},{"type":"Feature","id":861528,"geometry":{"type":"Point","coordinates":[-122.98402800000002,38.220500000000015]},"properties":{"OBJECTID":861528,"OBJL":153,"EXPSOU":null,"NATSUR":null,"NATQUA":null,"OBJNAM":null,"QUASOU":"2","SOUACC":null,"TECSOU":null,"VALSOU":null,"VERDAT":null,"WATLEV":4,"INFORM":null,"SCAMIN":44999,"SORDAT":"200304","SORIND":"US,US,graph,Chart 18643","DSNM":"US5CA4JB.000","enc_service":"enc_harbour","enc_layer":"Underwater_Awash_Rock_point","enc_layer_id":34}},{"type":"Feature","id":861527,"geometry":{"type":"Point","coordinates":[-122.98322999999999,38.222042999999985]},"properties":{"OBJECTID":861527,"OBJL":153,"EXPSOU":null,"NATSUR":null,"NATQUA":null,"OBJNAM":null,"QUASOU":"2","SOUACC":null,"TECSOU":null,"VALSOU":null,"VERDAT":null,"WATLEV":4,"INFORM":null,"SCAMIN":44999,"SORDAT":"200304","SORIND":"US,US,graph,Chart 18643","DSNM":"US5CA4JB.000","enc_service":"enc_harbour","enc_layer":"Underwater_Awash_Rock_point","enc_layer_id":34}},{"type":"Feature","id":861576,"geometry":{"type":"Point","coordinates":[-122.982146,38.21593300000001]},"properties":{"OBJECTID":861576,"OBJL":153,"EXPSOU":null,"NATSUR":null,"NATQUA":null,"OBJNAM":null,"QUASOU":"2","SOUACC":null,"TECSOU":null,"VALSOU":null,"VERDAT":null,"WATLEV":4,"INFORM":null,"SCAMIN":44999,"SORDAT":"200304","SORIND":"US,US,graph,Chart 18643","DSNM":"US5CA4JB.000","enc_service":"enc_harbour","enc_layer":"Underwater_Awash_Rock_point","enc_layer_id":34}},{"type":"Feature","id":861716,"geometry":{"type":"Point","coordinates":[-122.988948,38.22795100000002]},"properties":{"OBJECTID":861716,"OBJL":153,"EXPSOU":null,"NATSUR":null,"NATQUA":null,"OBJNAM":null,"QUASOU":"2","SOUACC":null,"TECSOU":null,"VALSOU":null,"VERDAT":null,"WATLEV":4,"INFORM":null,"SCAMIN":44999,"SORDAT":"200304","SORIND":"US,US,graph,Chart 18643","DSNM":"US5CA4JB.000","enc_service":"enc_harbour","enc_layer":"Underwater_Awash_Rock_point","enc_layer_id":34}},{"type":"Feature","id":861537,"geometry":{"type":"Point","coordinates":[-122.988115,38.226008999999976]},"properties":{"OBJECTID":861537,"OBJL":153,"EXPSOU":null,"NATSUR":null,"NATQUA":null,"OBJNAM":null,"QUASOU":"2","SOUACC":null,"TECSOU":null,"VALSOU":null,"VERDAT":null,"WATLEV":4,"INFORM":null,"SCAMIN":44999,"SORDAT":"200304","SORIND":"US,US,graph,Chart 18643","DSNM":"US5CA4JB.000","enc_service":"enc_harbour","enc_layer":"Underwater_Awash_Rock_point","enc_layer_id":34}},{"type":"Feature","id":861653,"geometry":{"type":"Point","coordinates":[-122.98551400000002,38.236823000000015]},"properties":{"OBJECTID":861653,"OBJL":153,"EXPSOU":null,"NATSUR":null,"NATQUA":null,"OBJNAM":null,"QUASOU":"2","SOUACC":null,"TECSOU":null,"VALSOU":null,"VERDAT":null,"WATLEV":4,"INFORM":null,"SCAMIN":44999,"SORDAT":"200304","SORIND":"US,US,graph,Chart 18643","DSNM":"US5CA4JB.000","enc_service":"enc_harbour","enc_layer":"Underwater_Awash_Rock_point","enc_layer_id":34}},{"type":"Feature","id":861561,"geometry":{"type":"Point","coordinates":[-122.97788000000003,38.227912]},"properties":{"OBJECTID":861561,"OBJL":153,"EXPSOU":null,"NATSUR":null,"NATQUA":null,"OBJNAM":null,"QUASOU":"2","SOUACC":null,"TECSOU":null,"VALSOU":null,"VERDAT":null,"WATLEV":4,"INFORM":null,"SCAMIN":44999,"SORDAT":"200304","SORIND":"US,US,graph,Chart 18643","DSNM":"US5CA4JB.000","enc_service":"enc_harbour","enc_layer":"Underwater_Awash_Rock_point","enc_layer_id":34}},{"type":"Feature","id":861659,"geometry":{"type":"Point","coordinates":[-122.98815300000001,38.23821600000002]},"properties":{"OBJECTID":861659,"OBJL":153,"EXPSOU":null,"NATSUR":null,"NATQUA":null,"OBJNAM":null,"QUASOU":"2","SOUACC":null,"TECSOU":null,"VALSOU":null,"VERDAT":null,"WATLEV":4,"INFORM":null,"SCAMIN":44999,"SORDAT":"200304","SORIND":"US,US,graph,Chart 18643","DSNM":"US5CA4JB.000","enc_service":"enc_harbour","enc_layer":"Underwater_Awash_Rock_point","enc_layer_id":34}},{"type":"Feature","id":861718,"geometry":{"type":"Point","coordinates":[-122.96882299999999,38.20160900000002]},"properties":{"OBJECTID":861718,"OBJL":153,"EXPSOU":2,"NATSUR":null,"NATQUA":null,"OBJNAM":null,"QUASOU":"6","SOUACC":null,"TECSOU":null,"VALSOU":-0.6,"VERDAT":null,"WATLEV":4,"INFORM":null,"SCAMIN":null,"SORDAT":"200304","SORIND":"US,US,graph,Chart 18643","DSNM":"US5CA4JB.000","enc_service":"enc_harbour","enc_layer":"Underwater_Awash_Rock_point","enc_layer_id":34}},{"type":"Feature","id":861581,"geometry":{"type":"Point","coordinates":[-122.97740499999998,38.210703000000024]},"properties":{"OBJECTID":861581,"OBJL":153,"EXPSOU":null,"NATSUR":null,"NATQUA":null,"OBJNAM":null,"QUASOU":"2","SOUACC":null,"TECSOU":null,"VALSOU":null,"VERDAT":null,"WATLEV":4,"INFORM":null,"SCAMIN":44999,"SORDAT":"200304","SORIND":"US,US,graph,Chart 18643","DSNM":"US5CA4JB.000","enc_service":"enc_harbour","enc_layer":"Underwater_Awash_Rock_point","enc_layer_id":34}},{"type":"Feature","id":861589,"geometry":{"type":"Point","coordinates":[-122.97629699999999,38.20855599999999]},"properties":{"OBJECTID":861589,"OBJL":153,"EXPSOU":null,"NATSUR":null,"NATQUA":null,"OBJNAM":null,"QUASOU":"2","SOUACC":null,"TECSOU":null,"VALSOU":null,"VERDAT":null,"WATLEV":4,"INFORM":null,"SCAMIN":44999,"SORDAT":"200304","SORIND":"US,US,graph,Chart 18643","DSNM":"US5CA4JB.000","enc_service":"enc_harbour","enc_layer":"Underwater_Awash_Rock_point","enc_layer_id":34}},{"type":"Feature","id":861496,"geometry":{"type":"Point","coordinates":[-122.97138999999999,38.20308299999999]},"properties":{"OBJECTID":861496,"OBJL":153,"EXPSOU":null,"NATSUR":null,"NATQUA":null,"OBJNAM":null,"QUASOU":"2","SOUACC":null,"TECSOU":null,"VALSOU":null,"VERDAT":null,"WATLEV":4,"INFORM":null,"SCAMIN":44999,"SORDAT":"200304","SORIND":"US,US,graph,Chart 18643","DSNM":"US5CA4JB.000","enc_service":"enc_harbour","enc_layer":"Underwater_Awash_Rock_point","enc_layer_id":34}},{"type":"Feature","id":861501,"geometry":{"type":"Point","coordinates":[-122.96822800000001,38.202020000000005]},"properties":{"OBJECTID":861501,"OBJL":153,"EXPSOU":null,"NATSUR":null,"NATQUA":null,"OBJNAM":null,"QUASOU":"2","SOUACC":null,"TECSOU":null,"VALSOU":null,"VERDAT":null,"WATLEV":4,"INFORM":null,"SCAMIN":44999,"SORDAT":"200304","SORIND":"US,US,graph,Chart 18643","DSNM":"US5CA4JB.000","enc_service":"enc_harbour","enc_layer":"Underwater_Awash_Rock_point","enc_layer_id":34}},{"type":"Feature","id":862036,"geometry":{"type":"Point","coordinates":[-122.97393199999999,38.258466]},"properties":{"OBJECTID":862036,"OBJL":153,"EXPSOU":2,"NATSUR":null,"NATQUA":null,"OBJNAM":null,"QUASOU":"6","SOUACC":null,"TECSOU":null,"VALSOU":-1.2,"VERDAT":null,"WATLEV":4,"INFORM":null,"SCAMIN":44999,"SORDAT":"200304","SORIND":"US,US,graph,Chart 18643","DSNM":"US5CA4KB.000","enc_service":"enc_harbour","enc_layer":"Underwater_Awash_Rock_point","enc_layer_id":34}},{"type":"Feature","id":861973,"geometry":{"type":"Point","coordinates":[-122.97357399999999,38.257866999999976]},"properties":{"OBJECTID":861973,"OBJL":153,"EXPSOU":null,"NATSUR":null,"NATQUA":null,"OBJNAM":null,"QUASOU":"2","SOUACC":null,"TECSOU":null,"VALSOU":null,"VERDAT":null,"WATLEV":4,"INFORM":null,"SCAMIN":44999,"SORDAT":"200304","SORIND":"US,US,graph,Chart 18643","DSNM":"US5CA4KB.000","enc_service":"enc_harbour","enc_layer":"Underwater_Awash_Rock_point","enc_layer_id":34}},{"type":"Feature","id":861900,"geometry":{"type":"Point","coordinates":[-122.97205400000001,38.25696199999999]},"properties":{"OBJECTID":861900,"OBJL":153,"EXPSOU":null,"NATSUR":null,"NATQUA":null,"OBJNAM":null,"QUASOU":"2","SOUACC":null,"TECSOU":null,"VALSOU":null,"VERDAT":null,"WATLEV":4,"INFORM":null,"SCAMIN":44999,"SORDAT":"200304","SORIND":"US,US,graph,Chart 18643","DSNM":"US5CA4KB.000","enc_service":"enc_harbour","enc_layer":"Underwater_Awash_Rock_point","enc_layer_id":34}},{"type":"Feature","id":861903,"geometry":{"type":"Point","coordinates":[-122.97127,38.25564700000001]},"properties":{"OBJECTID":861903,"OBJL":153,"EXPSOU":null,"NATSUR":null,"NATQUA":null,"OBJNAM":null,"QUASOU":"2","SOUACC":null,"TECSOU":null,"VALSOU":null,"VERDAT":null,"WATLEV":4,"INFORM":null,"SCAMIN":44999,"SORDAT":"200304","SORIND":"US,US,graph,Chart 18643","DSNM":"US5CA4KB.000","enc_service":"enc_harbour","enc_layer":"Underwater_Awash_Rock_point","enc_layer_id":34}},{"type":"Feature","id":861911,"geometry":{"type":"Point","coordinates":[-122.96914800000002,38.25354399999998]},"properties":{"OBJECTID":861911,"OBJL":153,"EXPSOU":null,"NATSUR":null,"NATQUA":null,"OBJNAM":null,"QUASOU":"2","SOUACC":null,"TECSOU":null,"VALSOU":null,"VERDAT":null,"WATLEV":4,"INFORM":null,"SCAMIN":null,"SORDAT":"200304","SORIND":"US,US,graph,Chart 18643","DSNM":"US5CA4KB.000","enc_service":"enc_harbour","enc_layer":"Underwater_Awash_Rock_point","enc_layer_id":34}},{"type":"Feature","id":861429,"geometry":{"type":"Point","coordinates":[-122.95612899999998,38.17126200000001]},"properties":{"OBJECTID":861429,"OBJL":153,"EXPSOU":null,"NATSUR":null,"NATQUA":null,"OBJNAM":null,"QUASOU":"2","SOUACC":null,"TECSOU":null,"VALSOU":null,"VERDAT":null,"WATLEV":4,"INFORM":null,"SCAMIN":null,"SORDAT":"200304","SORIND":"US,US,graph,Chart 18643","DSNM":"US5CA4IB.000","enc_service":"enc_harbour","enc_layer":"Underwater_Awash_Rock_point","enc_layer_id":34}},{"type":"Feature","id":861433,"geometry":{"type":"Point","coordinates":[-122.954856,38.174053000000015]},"properties":{"OBJECTID":861433,"OBJL":153,"EXPSOU":null,"NATSUR":null,"NATQUA":null,"OBJNAM":null,"QUASOU":"2","SOUACC":null,"TECSOU":null,"VALSOU":null,"VERDAT":null,"WATLEV":4,"INFORM":null,"SCAMIN":null,"SORDAT":"200304","SORIND":"US,US,graph,Chart 18643","DSNM":"US5CA4IB.000","enc_service":"enc_harbour","enc_layer":"Underwater_Awash_Rock_point","enc_layer_id":34}},{"type":"Feature","id":861423,"geometry":{"type":"Point","coordinates":[-122.95027399999998,38.162229000000025]},"properties":{"OBJECTID":861423,"OBJL":153,"EXPSOU":null,"NATSUR":null,"NATQUA":null,"OBJNAM":null,"QUASOU":"2","SOUACC":null,"TECSOU":null,"VALSOU":null,"VERDAT":null,"WATLEV":4,"INFORM":null,"SCAMIN":null,"SORDAT":"200304","SORIND":"US,US,graph,Chart 18643","DSNM":"US5CA4IB.000","enc_service":"enc_harbour","enc_layer":"Underwater_Awash_Rock_point","enc_layer_id":34}},{"type":"Feature","id":861649,"geometry":{"type":"Point","coordinates":[-122.94525800000002,38.19416000000001]},"properties":{"OBJECTID":861649,"OBJL":153,"EXPSOU":null,"NATSUR":null,"NATQUA":null,"OBJNAM":null,"QUASOU":"2","SOUACC":null,"TECSOU":null,"VALSOU":null,"VERDAT":null,"WATLEV":4,"INFORM":null,"SCAMIN":null,"SORDAT":"200304","SORIND":"US,US,graph,Chart 18643","DSNM":"US5CA4JB.000","enc_service":"enc_harbour","enc_layer":"Underwater_Awash_Rock_point","enc_layer_id":34}},{"type":"Feature","id":861544,"geometry":{"type":"Point","coordinates":[-122.94995399999999,38.21589499999999]},"properties":{"OBJECTID":861544,"OBJL":153,"EXPSOU":null,"NATSUR":null,"NATQUA":null,"OBJNAM":null,"QUASOU":"2","SOUACC":null,"TECSOU":null,"VALSOU":null,"VERDAT":null,"WATLEV":4,"INFORM":null,"SCAMIN":null,"SORDAT":"200304","SORIND":"US,US,graph,Chart 18643","DSNM":"US5CA4JB.000","enc_service":"enc_harbour","enc_layer":"Underwater_Awash_Rock_point","enc_layer_id":34}},{"type":"Feature","id":861646,"geometry":{"type":"Point","coordinates":[-122.93005900000003,38.182867999999985]},"properties":{"OBJECTID":861646,"OBJL":153,"EXPSOU":null,"NATSUR":null,"NATQUA":null,"OBJNAM":null,"QUASOU":"2","SOUACC":null,"TECSOU":null,"VALSOU":null,"VERDAT":null,"WATLEV":4,"INFORM":null,"SCAMIN":null,"SORDAT":"200304","SORIND":"US,US,graph,Chart 18643","DSNM":"US5CA4JB.000","enc_service":"enc_harbour","enc_layer":"Underwater_Awash_Rock_point","enc_layer_id":34}},{"type":"Feature","id":861506,"geometry":{"type":"Point","coordinates":[-122.993964,38.23317100000003]},"properties":{"OBJECTID":861506,"OBJL":153,"EXPSOU":null,"NATSUR":null,"NATQUA":null,"OBJNAM":null,"QUASOU":"2","SOUACC":null,"TECSOU":null,"VALSOU":null,"VERDAT":null,"WATLEV":4,"INFORM":null,"SCAMIN":44999,"SORDAT":"200304","SORIND":"US,US,graph,Chart 18643","DSNM":"US5CA4JB.000","enc_service":"enc_harbour","enc_layer":"Underwater_Awash_Rock_point","enc_layer_id":34}},{"type":"Feature","id":861609,"geometry":{"type":"Point","coordinates":[-122.994666,38.238219000000015]},"properties":{"OBJECTID":861609,"OBJL":153,"EXPSOU":null,"NATSUR":null,"NATQUA":null,"OBJNAM":null,"QUASOU":"2","SOUACC":null,"TECSOU":null,"VALSOU":null,"VERDAT":null,"WATLEV":4,"INFORM":null,"SCAMIN":44999,"SORDAT":"200304","SORIND":"US,US,graph,Chart 18643","DSNM":"US5CA4JB.000","enc_service":"enc_harbour","enc_layer":"Underwater_Awash_Rock_point","enc_layer_id":34}},{"type":"Feature","id":861617,"geometry":{"type":"Point","coordinates":[-122.99362100000002,38.24058200000002]},"properties":{"OBJECTID":861617,"OBJL":153,"EXPSOU":null,"NATSUR":null,"NATQUA":null,"OBJNAM":null,"QUASOU":"2","SOUACC":null,"TECSOU":null,"VALSOU":null,"VERDAT":null,"WATLEV":4,"INFORM":null,"SCAMIN":44999,"SORDAT":"200304","SORIND":"US,US,graph,Chart 18643","DSNM":"US5CA4JB.000","enc_service":"enc_harbour","enc_layer":"Underwater_Awash_Rock_point","enc_layer_id":34}},{"type":"Feature","id":861698,"geometry":{"type":"Point","coordinates":[-122.992996,38.23967299999998]},"properties":{"OBJECTID":861698,"OBJL":153,"EXPSOU":null,"NATSUR":null,"NATQUA":null,"OBJNAM":null,"QUASOU":"2","SOUACC":null,"TECSOU":null,"VALSOU":null,"VERDAT":null,"WATLEV":4,"INFORM":null,"SCAMIN":44999,"SORDAT":"200304","SORIND":"US,US,graph,Chart 18643","DSNM":"US5CA4JB.000","enc_service":"enc_harbour","enc_layer":"Underwater_Awash_Rock_point","enc_layer_id":34}},{"type":"Feature","id":861665,"geometry":{"type":"Point","coordinates":[-122.99128400000001,38.23888599999998]},"properties":{"OBJECTID":861665,"OBJL":153,"EXPSOU":null,"NATSUR":null,"NATQUA":null,"OBJNAM":null,"QUASOU":"2","SOUACC":null,"TECSOU":null,"VALSOU":null,"VERDAT":null,"WATLEV":4,"INFORM":null,"SCAMIN":44999,"SORDAT":"200304","SORIND":"US,US,graph,Chart 18643","DSNM":"US5CA4JB.000","enc_service":"enc_harbour","enc_layer":"Underwater_Awash_Rock_point","enc_layer_id":34}},{"type":"Feature","id":861695,"geometry":{"type":"Point","coordinates":[-122.98743209999998,38.225187000000005]},"properties":{"OBJECTID":861695,"OBJL":153,"EXPSOU":null,"NATSUR":null,"NATQUA":null,"OBJNAM":null,"QUASOU":"2","SOUACC":null,"TECSOU":null,"VALSOU":null,"VERDAT":null,"WATLEV":4,"INFORM":null,"SCAMIN":44999,"SORDAT":"200304","SORIND":"US,US,graph,Chart 18643","DSNM":"US5CA4JB.000","enc_service":"enc_harbour","enc_layer":"Underwater_Awash_Rock_point","enc_layer_id":34}},{"type":"Feature","id":861722,"geometry":{"type":"Point","coordinates":[-122.986939,38.224222999999995]},"properties":{"OBJECTID":861722,"OBJL":153,"EXPSOU":2,"NATSUR":null,"NATQUA":null,"OBJNAM":null,"QUASOU":"6","SOUACC":null,"TECSOU":null,"VALSOU":-0.6,"VERDAT":null,"WATLEV":4,"INFORM":null,"SCAMIN":44999,"SORDAT":"200304","SORIND":"US,US,graph,Chart 18643","DSNM":"US5CA4JB.000","enc_service":"enc_harbour","enc_layer":"Underwater_Awash_Rock_point","enc_layer_id":34}},{"type":"Feature","id":861723,"geometry":{"type":"Point","coordinates":[-122.98661499999997,38.22560600000003]},"properties":{"OBJECTID":861723,"OBJL":153,"EXPSOU":null,"NATSUR":null,"NATQUA":null,"OBJNAM":null,"QUASOU":"2","SOUACC":null,"TECSOU":null,"VALSOU":null,"VERDAT":null,"WATLEV":4,"INFORM":null,"SCAMIN":44999,"SORDAT":"200304","SORIND":"US,US,graph,Chart 18643","DSNM":"US5CA4JB.000","enc_service":"enc_harbour","enc_layer":"Underwater_Awash_Rock_point","enc_layer_id":34}},{"type":"Feature","id":861530,"geometry":{"type":"Point","coordinates":[-122.98231199999998,38.221010999999976]},"properties":{"OBJECTID":861530,"OBJL":153,"EXPSOU":null,"NATSUR":null,"NATQUA":null,"OBJNAM":null,"QUASOU":"2","SOUACC":null,"TECSOU":null,"VALSOU":null,"VERDAT":null,"WATLEV":4,"INFORM":null,"SCAMIN":44999,"SORDAT":"200304","SORIND":"US,US,graph,Chart 18643","DSNM":"US5CA4JB.000","enc_service":"enc_harbour","enc_layer":"Underwater_Awash_Rock_point","enc_layer_id":34}},{"type":"Feature","id":861579,"geometry":{"type":"Point","coordinates":[-122.98182200000002,38.214241000000015]},"properties":{"OBJECTID":861579,"OBJL":153,"EXPSOU":null,"NATSUR":null,"NATQUA":null,"OBJNAM":null,"QUASOU":"2","SOUACC":null,"TECSOU":null,"VALSOU":null,"VERDAT":null,"WATLEV":4,"INFORM":null,"SCAMIN":44999,"SORDAT":"200304","SORIND":"US,US,graph,Chart 18643","DSNM":"US5CA4JB.000","enc_service":"enc_harbour","enc_layer":"Underwater_Awash_Rock_point","enc_layer_id":34}},{"type":"Feature","id":861596,"geometry":{"type":"Point","coordinates":[-122.967128,38.18422700000002]},"properties":{"OBJECTID":861596,"OBJL":153,"EXPSOU":null,"NATSUR":null,"NATQUA":null,"OBJNAM":null,"QUASOU":"2","SOUACC":null,"TECSOU":null,"VALSOU":null,"VERDAT":null,"WATLEV":4,"INFORM":null,"SCAMIN":null,"SORDAT":"200304","SORIND":"US,US,graph,Chart 18643","DSNM":"US5CA4JB.000","enc_service":"enc_harbour","enc_layer":"Underwater_Awash_Rock_point","enc_layer_id":34}},{"type":"Feature","id":861602,"geometry":{"type":"Point","coordinates":[-122.96668799999998,38.18082399999997]},"properties":{"OBJECTID":861602,"OBJL":153,"EXPSOU":null,"NATSUR":null,"NATQUA":null,"OBJNAM":null,"QUASOU":"2","SOUACC":null,"TECSOU":null,"VALSOU":null,"VERDAT":null,"WATLEV":3,"INFORM":null,"SCAMIN":null,"SORDAT":"200304","SORIND":"US,US,graph,Chart 18643","DSNM":"US5CA4JB.000","enc_service":"enc_harbour","enc_layer":"Underwater_Awash_Rock_point","enc_layer_id":34}},{"type":"Feature","id":861676,"geometry":{"type":"Point","coordinates":[-122.97603500000002,38.20965799999999]},"properties":{"OBJECTID":861676,"OBJL":153,"EXPSOU":null,"NATSUR":null,"NATQUA":null,"OBJNAM":null,"QUASOU":"2","SOUACC":null,"TECSOU":null,"VALSOU":null,"VERDAT":null,"WATLEV":3,"INFORM":null,"SCAMIN":44999,"SORDAT":"200304","SORIND":"US,US,graph,Chart 18643","DSNM":"US5CA4JB.000","enc_service":"enc_harbour","enc_layer":"Underwater_Awash_Rock_point","enc_layer_id":34}},{"type":"Feature","id":861591,"geometry":{"type":"Point","coordinates":[-122.97594299999997,38.20785599999999]},"properties":{"OBJECTID":861591,"OBJL":153,"EXPSOU":null,"NATSUR":null,"NATQUA":null,"OBJNAM":null,"QUASOU":"2","SOUACC":null,"TECSOU":null,"VALSOU":null,"VERDAT":null,"WATLEV":4,"INFORM":null,"SCAMIN":44999,"SORDAT":"200304","SORIND":"US,US,graph,Chart 18643","DSNM":"US5CA4JB.000","enc_service":"enc_harbour","enc_layer":"Underwater_Awash_Rock_point","enc_layer_id":34}},{"type":"Feature","id":861592,"geometry":{"type":"Point","coordinates":[-122.975326,38.20795099999998]},"properties":{"OBJECTID":861592,"OBJL":153,"EXPSOU":null,"NATSUR":null,"NATQUA":null,"OBJNAM":null,"QUASOU":"2","SOUACC":null,"TECSOU":null,"VALSOU":null,"VERDAT":null,"WATLEV":4,"INFORM":null,"SCAMIN":44999,"SORDAT":"200304","SORIND":"US,US,graph,Chart 18643","DSNM":"US5CA4JB.000","enc_service":"enc_harbour","enc_layer":"Underwater_Awash_Rock_point","enc_layer_id":34}},{"type":"Feature","id":861683,"geometry":{"type":"Point","coordinates":[-122.97385000000003,38.207790999999986]},"properties":{"OBJECTID":861683,"OBJL":153,"EXPSOU":null,"NATSUR":null,"NATQUA":null,"OBJNAM":null,"QUASOU":"2","SOUACC":null,"TECSOU":null,"VALSOU":null,"VERDAT":null,"WATLEV":4,"INFORM":null,"SCAMIN":44999,"SORDAT":"200304","SORIND":"US,US,graph,Chart 18643","DSNM":"US5CA4JB.000","enc_service":"enc_harbour","enc_layer":"Underwater_Awash_Rock_point","enc_layer_id":34}},{"type":"Feature","id":861717,"geometry":{"type":"Point","coordinates":[-122.97317800000002,38.20653299999998]},"properties":{"OBJECTID":861717,"OBJL":153,"EXPSOU":2,"NATSUR":null,"NATQUA":null,"OBJNAM":null,"QUASOU":null,"SOUACC":null,"TECSOU":null,"VALSOU":0,"VERDAT":null,"WATLEV":5,"INFORM":null,"SCAMIN":44999,"SORDAT":"200304","SORIND":"US,US,graph,Chart 18643","DSNM":"US5CA4JB.000","enc_service":"enc_harbour","enc_layer":"Underwater_Awash_Rock_point","enc_layer_id":34}},{"type":"Feature","id":861632,"geometry":{"type":"Point","coordinates":[-122.97287699999998,38.20550100000003]},"properties":{"OBJECTID":861632,"OBJL":153,"EXPSOU":2,"NATSUR":null,"NATQUA":null,"OBJNAM":null,"QUASOU":null,"SOUACC":null,"TECSOU":null,"VALSOU":0,"VERDAT":null,"WATLEV":5,"INFORM":null,"SCAMIN":44999,"SORDAT":"200304","SORIND":"US,US,graph,Chart 18643","DSNM":"US5CA4JB.000","enc_service":"enc_harbour","enc_layer":"Underwater_Awash_Rock_point","enc_layer_id":34}},{"type":"Feature","id":861689,"geometry":{"type":"Point","coordinates":[-122.97202600000003,38.206682]},"properties":{"OBJECTID":861689,"OBJL":153,"EXPSOU":null,"NATSUR":null,"NATQUA":null,"OBJNAM":null,"QUASOU":"2","SOUACC":null,"TECSOU":null,"VALSOU":null,"VERDAT":null,"WATLEV":4,"INFORM":null,"SCAMIN":44999,"SORDAT":"200304","SORIND":"US,US,graph,Chart 18643","DSNM":"US5CA4JB.000","enc_service":"enc_harbour","enc_layer":"Underwater_Awash_Rock_point","enc_layer_id":34}},{"type":"Feature","id":861494,"geometry":{"type":"Point","coordinates":[-122.97109899999998,38.203485]},"properties":{"OBJECTID":861494,"OBJL":153,"EXPSOU":null,"NATSUR":null,"NATQUA":null,"OBJNAM":null,"QUASOU":"2","SOUACC":null,"TECSOU":null,"VALSOU":null,"VERDAT":null,"WATLEV":4,"INFORM":null,"SCAMIN":44999,"SORDAT":"200304","SORIND":"US,US,graph,Chart 18643","DSNM":"US5CA4JB.000","enc_service":"enc_harbour","enc_layer":"Underwater_Awash_Rock_point","enc_layer_id":34}},{"type":"Feature","id":861638,"geometry":{"type":"Point","coordinates":[-122.96661999999998,38.21771000000001]},"properties":{"OBJECTID":861638,"OBJL":153,"EXPSOU":2,"NATSUR":null,"NATQUA":null,"OBJNAM":null,"QUASOU":null,"SOUACC":null,"TECSOU":null,"VALSOU":0,"VERDAT":null,"WATLEV":5,"INFORM":null,"SCAMIN":null,"SORDAT":"200304","SORIND":"US,US,graph,Chart 18643","DSNM":"US5CA4JB.000","enc_service":"enc_harbour","enc_layer":"Underwater_Awash_Rock_point","enc_layer_id":34}},{"type":"Feature","id":861906,"geometry":{"type":"Point","coordinates":[-122.970283,38.254024000000015]},"properties":{"OBJECTID":861906,"OBJL":153,"EXPSOU":null,"NATSUR":null,"NATQUA":null,"OBJNAM":null,"QUASOU":"2","SOUACC":null,"TECSOU":null,"VALSOU":null,"VERDAT":null,"WATLEV":4,"INFORM":null,"SCAMIN":44999,"SORDAT":"200304","SORIND":"US,US,graph,Chart 18643","DSNM":"US5CA4KB.000","enc_service":"enc_harbour","enc_layer":"Underwater_Awash_Rock_point","enc_layer_id":34}},{"type":"Feature","id":861598,"geometry":{"type":"Point","coordinates":[-122.965461,38.181696999999986]},"properties":{"OBJECTID":861598,"OBJL":153,"EXPSOU":null,"NATSUR":null,"NATQUA":null,"OBJNAM":null,"QUASOU":"2","SOUACC":null,"TECSOU":null,"VALSOU":null,"VERDAT":null,"WATLEV":4,"INFORM":null,"SCAMIN":null,"SORDAT":"200304","SORIND":"US,US,graph,Chart 18643","DSNM":"US5CA4JB.000","enc_service":"enc_harbour","enc_layer":"Underwater_Awash_Rock_point","enc_layer_id":34}},{"type":"Feature","id":861599,"geometry":{"type":"Point","coordinates":[-122.96528,38.181381999999985]},"properties":{"OBJECTID":861599,"OBJL":153,"EXPSOU":null,"NATSUR":null,"NATQUA":null,"OBJNAM":null,"QUASOU":"2","SOUACC":null,"TECSOU":null,"VALSOU":null,"VERDAT":null,"WATLEV":4,"INFORM":null,"SCAMIN":null,"SORDAT":"200304","SORIND":"US,US,graph,Chart 18643","DSNM":"US5CA4JB.000","enc_service":"enc_harbour","enc_layer":"Underwater_Awash_Rock_point","enc_layer_id":34}},{"type":"Feature","id":861534,"geometry":{"type":"Point","coordinates":[-122.934326,38.19658900000002]},"properties":{"OBJECTID":861534,"OBJL":153,"EXPSOU":null,"NATSUR":null,"NATQUA":null,"OBJNAM":null,"QUASOU":"2","SOUACC":null,"TECSOU":null,"VALSOU":null,"VERDAT":null,"WATLEV":4,"INFORM":null,"SCAMIN":null,"SORDAT":"200304","SORIND":"US,US,graph,Chart 18643","DSNM":"US5CA4JB.000","enc_service":"enc_harbour","enc_layer":"Underwater_Awash_Rock_point","enc_layer_id":34}},{"type":"Feature","id":861726,"geometry":{"type":"Point","coordinates":[-122.920187,38.18055099999998]},"properties":{"OBJECTID":861726,"OBJL":153,"EXPSOU":1,"NATSUR":null,"NATQUA":null,"OBJNAM":null,"QUASOU":"6","SOUACC":null,"TECSOU":null,"VALSOU":5.7,"VERDAT":null,"WATLEV":3,"INFORM":null,"SCAMIN":null,"SORDAT":"200304","SORIND":"US,US,graph,Chart 18643","DSNM":"US5CA4JC.000","enc_service":"enc_harbour","enc_layer":"Underwater_Awash_Rock_point","enc_layer_id":34}},{"type":"Feature","id":861730,"geometry":{"type":"Point","coordinates":[-122.92231700000002,38.200604]},"properties":{"OBJECTID":861730,"OBJL":153,"EXPSOU":2,"NATSUR":null,"NATQUA":null,"OBJNAM":null,"QUASOU":null,"SOUACC":null,"TECSOU":null,"VALSOU":0,"VERDAT":null,"WATLEV":5,"INFORM":null,"SCAMIN":null,"SORDAT":"200304","SORIND":"US,US,graph,Chart 18643","DSNM":"US5CA4JC.000","enc_service":"enc_harbour","enc_layer":"Underwater_Awash_Rock_point","enc_layer_id":34}},{"type":"Feature","id":861724,"geometry":{"type":"Point","coordinates":[-122.92076200000002,38.195896000000005]},"properties":{"OBJECTID":861724,"OBJL":153,"EXPSOU":2,"NATSUR":null,"NATQUA":null,"OBJNAM":null,"QUASOU":"6","SOUACC":null,"TECSOU":null,"VALSOU":-1.5,"VERDAT":null,"WATLEV":4,"INFORM":null,"SCAMIN":null,"SORDAT":"200304","SORIND":"US,US,graph,Chart 18643","DSNM":"US5CA4JC.000","enc_service":"enc_harbour","enc_layer":"Underwater_Awash_Rock_point","enc_layer_id":34}},{"type":"Feature","id":861708,"geometry":{"type":"Point","coordinates":[-122.99492099999998,38.23582299999998]},"properties":{"OBJECTID":861708,"OBJL":153,"EXPSOU":null,"NATSUR":null,"NATQUA":null,"OBJNAM":null,"QUASOU":"2","SOUACC":null,"TECSOU":null,"VALSOU":null,"VERDAT":null,"WATLEV":4,"INFORM":null,"SCAMIN":44999,"SORDAT":"200304","SORIND":"US,US,graph,Chart 18643","DSNM":"US5CA4JB.000","enc_service":"enc_harbour","enc_layer":"Underwater_Awash_Rock_point","enc_layer_id":34}},{"type":"Feature","id":861704,"geometry":{"type":"Point","coordinates":[-122.99479200000002,38.23687899999999]},"properties":{"OBJECTID":861704,"OBJL":153,"EXPSOU":null,"NATSUR":null,"NATQUA":null,"OBJNAM":null,"QUASOU":"2","SOUACC":null,"TECSOU":null,"VALSOU":null,"VERDAT":null,"WATLEV":4,"INFORM":null,"SCAMIN":44999,"SORDAT":"200304","SORIND":"US,US,graph,Chart 18643","DSNM":"US5CA4JB.000","enc_service":"enc_harbour","enc_layer":"Underwater_Awash_Rock_point","enc_layer_id":34}},{"type":"Feature","id":861514,"geometry":{"type":"Point","coordinates":[-122.99460599999998,38.232124999999996]},"properties":{"OBJECTID":861514,"OBJL":153,"EXPSOU":null,"NATSUR":null,"NATQUA":null,"OBJNAM":null,"QUASOU":"2","SOUACC":null,"TECSOU":null,"VALSOU":null,"VERDAT":null,"WATLEV":4,"INFORM":null,"SCAMIN":44999,"SORDAT":"200304","SORIND":"US,US,graph,Chart 18643","DSNM":"US5CA4JB.000","enc_service":"enc_harbour","enc_layer":"Underwater_Awash_Rock_point","enc_layer_id":34}},{"type":"Feature","id":861619,"geometry":{"type":"Point","coordinates":[-122.99453699999998,38.230834000000016]},"properties":{"OBJECTID":861619,"OBJL":153,"EXPSOU":null,"NATSUR":null,"NATQUA":null,"OBJNAM":null,"QUASOU":"2","SOUACC":null,"TECSOU":null,"VALSOU":null,"VERDAT":null,"WATLEV":4,"INFORM":null,"SCAMIN":44999,"SORDAT":"200304","SORIND":"US,US,graph,Chart 18643","DSNM":"US5CA4JB.000","enc_service":"enc_harbour","enc_layer":"Underwater_Awash_Rock_point","enc_layer_id":34}},{"type":"Feature","id":861705,"geometry":{"type":"Point","coordinates":[-122.99399399999999,38.23659900000001]},"properties":{"OBJECTID":861705,"OBJL":153,"EXPSOU":null,"NATSUR":null,"NATQUA":null,"OBJNAM":null,"QUASOU":"2","SOUACC":null,"TECSOU":null,"VALSOU":null,"VERDAT":null,"WATLEV":4,"INFORM":null,"SCAMIN":44999,"SORDAT":"200304","SORIND":"US,US,graph,Chart 18643","DSNM":"US5CA4JB.000","enc_service":"enc_harbour","enc_layer":"Underwater_Awash_Rock_point","enc_layer_id":34}},{"type":"Feature","id":861621,"geometry":{"type":"Point","coordinates":[-122.99322699999999,38.22921400000001]},"properties":{"OBJECTID":861621,"OBJL":153,"EXPSOU":null,"NATSUR":null,"NATQUA":null,"OBJNAM":null,"QUASOU":"2","SOUACC":null,"TECSOU":null,"VALSOU":null,"VERDAT":null,"WATLEV":4,"INFORM":null,"SCAMIN":44999,"SORDAT":"200304","SORIND":"US,US,graph,Chart 18643","DSNM":"US5CA4JB.000","enc_service":"enc_harbour","enc_layer":"Underwater_Awash_Rock_point","enc_layer_id":34}},{"type":"Feature","id":861509,"geometry":{"type":"Point","coordinates":[-122.99289800000003,38.234024999999974]},"properties":{"OBJECTID":861509,"OBJL":153,"EXPSOU":null,"NATSUR":null,"NATQUA":null,"OBJNAM":null,"QUASOU":"2","SOUACC":null,"TECSOU":null,"VALSOU":null,"VERDAT":null,"WATLEV":4,"INFORM":null,"SCAMIN":44999,"SORDAT":"200304","SORIND":"US,US,graph,Chart 18643","DSNM":"US5CA4JB.000","enc_service":"enc_harbour","enc_layer":"Underwater_Awash_Rock_point","enc_layer_id":34}},{"type":"Feature","id":861714,"geometry":{"type":"Point","coordinates":[-122.989711,38.22753399999999]},"properties":{"OBJECTID":861714,"OBJL":153,"EXPSOU":null,"NATSUR":null,"NATQUA":null,"OBJNAM":null,"QUASOU":"2","SOUACC":null,"TECSOU":null,"VALSOU":null,"VERDAT":null,"WATLEV":4,"INFORM":null,"SCAMIN":44999,"SORDAT":"200304","SORIND":"US,US,graph,Chart 18643","DSNM":"US5CA4JB.000","enc_service":"enc_harbour","enc_layer":"Underwater_Awash_Rock_point","enc_layer_id":34}},{"type":"Feature","id":861712,"geometry":{"type":"Point","coordinates":[-122.98966200000001,38.228823999999975]},"properties":{"OBJECTID":861712,"OBJL":153,"EXPSOU":null,"NATSUR":null,"NATQUA":null,"OBJNAM":null,"QUASOU":"2","SOUACC":null,"TECSOU":null,"VALSOU":null,"VERDAT":null,"WATLEV":4,"INFORM":null,"SCAMIN":44999,"SORDAT":"200304","SORIND":"US,US,graph,Chart 18643","DSNM":"US5CA4JB.000","enc_service":"enc_harbour","enc_layer":"Underwater_Awash_Rock_point","enc_layer_id":34}},{"type":"Feature","id":861701,"geometry":{"type":"Point","coordinates":[-122.995251,38.242346999999995]},"properties":{"OBJECTID":861701,"OBJL":153,"EXPSOU":null,"NATSUR":null,"NATQUA":null,"OBJNAM":null,"QUASOU":"2","SOUACC":null,"TECSOU":null,"VALSOU":null,"VERDAT":null,"WATLEV":4,"INFORM":null,"SCAMIN":44999,"SORDAT":"200304","SORIND":"US,US,graph,Chart 18643","DSNM":"US5CA4JB.000","enc_service":"enc_harbour","enc_layer":"Underwater_Awash_Rock_point","enc_layer_id":34}},{"type":"Feature","id":861615,"geometry":{"type":"Point","coordinates":[-122.99473999999998,38.241251999999974]},"properties":{"OBJECTID":861615,"OBJL":153,"EXPSOU":null,"NATSUR":null,"NATQUA":null,"OBJNAM":null,"QUASOU":"2","SOUACC":null,"TECSOU":null,"VALSOU":null,"VERDAT":null,"WATLEV":4,"INFORM":null,"SCAMIN":44999,"SORDAT":"200304","SORIND":"US,US,graph,Chart 18643","DSNM":"US5CA4JB.000","enc_service":"enc_harbour","enc_layer":"Underwater_Awash_Rock_point","enc_layer_id":34}},{"type":"Feature","id":861697,"geometry":{"type":"Point","coordinates":[-122.99336,38.240027999999995]},"properties":{"OBJECTID":861697,"OBJL":153,"EXPSOU":null,"NATSUR":null,"NATQUA":null,"OBJNAM":null,"QUASOU":"2","SOUACC":null,"TECSOU":null,"VALSOU":null,"VERDAT":null,"WATLEV":4,"INFORM":null,"SCAMIN":44999,"SORDAT":"200304","SORIND":"US,US,graph,Chart 18643","DSNM":"US5CA4JB.000","enc_service":"enc_harbour","enc_layer":"Underwater_Awash_Rock_point","enc_layer_id":34}},{"type":"Feature","id":861664,"geometry":{"type":"Point","coordinates":[-122.99076500000001,38.23897499999998]},"properties":{"OBJECTID":861664,"OBJL":153,"EXPSOU":null,"NATSUR":null,"NATQUA":null,"OBJNAM":null,"QUASOU":"2","SOUACC":null,"TECSOU":null,"VALSOU":null,"VERDAT":null,"WATLEV":4,"INFORM":null,"SCAMIN":44999,"SORDAT":"200304","SORIND":"US,US,graph,Chart 18643","DSNM":"US5CA4JB.000","enc_service":"enc_harbour","enc_layer":"Underwater_Awash_Rock_point","enc_layer_id":34}},{"type":"Feature","id":861675,"geometry":{"type":"Point","coordinates":[-122.98285299999998,38.212962000000005]},"properties":{"OBJECTID":861675,"OBJL":153,"EXPSOU":null,"NATSUR":null,"NATQUA":null,"OBJNAM":null,"QUASOU":"2","SOUACC":null,"TECSOU":null,"VALSOU":null,"VERDAT":null,"WATLEV":4,"INFORM":null,"SCAMIN":44999,"SORDAT":"200304","SORIND":"US,US,graph,Chart 18643","DSNM":"US5CA4JB.000","enc_service":"enc_harbour","enc_layer":"Underwater_Awash_Rock_point","enc_layer_id":34}},{"type":"Feature","id":861529,"geometry":{"type":"Point","coordinates":[-122.98313999999999,38.22113000000002]},"properties":{"OBJECTID":861529,"OBJL":153,"EXPSOU":null,"NATSUR":null,"NATQUA":null,"OBJNAM":null,"QUASOU":"2","SOUACC":null,"TECSOU":null,"VALSOU":null,"VERDAT":null,"WATLEV":4,"INFORM":null,"SCAMIN":44999,"SORDAT":"200304","SORIND":"US,US,graph,Chart 18643","DSNM":"US5CA4JB.000","enc_service":"enc_harbour","enc_layer":"Underwater_Awash_Rock_point","enc_layer_id":34}},{"type":"Feature","id":861574,"geometry":{"type":"Point","coordinates":[-122.98278699999997,38.21763499999997]},"properties":{"OBJECTID":861574,"OBJL":153,"EXPSOU":null,"NATSUR":null,"NATQUA":null,"OBJNAM":null,"QUASOU":"2","SOUACC":null,"TECSOU":null,"VALSOU":null,"VERDAT":null,"WATLEV":4,"INFORM":null,"SCAMIN":44999,"SORDAT":"200304","SORIND":"US,US,graph,Chart 18643","DSNM":"US5CA4JB.000","enc_service":"enc_harbour","enc_layer":"Underwater_Awash_Rock_point","enc_layer_id":34}},{"type":"Feature","id":861577,"geometry":{"type":"Point","coordinates":[-122.98204800000002,38.21558900000002]},"properties":{"OBJECTID":861577,"OBJL":153,"EXPSOU":null,"NATSUR":null,"NATQUA":null,"OBJNAM":null,"QUASOU":"2","SOUACC":null,"TECSOU":null,"VALSOU":null,"VERDAT":null,"WATLEV":4,"INFORM":null,"SCAMIN":44999,"SORDAT":"200304","SORIND":"US,US,graph,Chart 18643","DSNM":"US5CA4JB.000","enc_service":"enc_harbour","enc_layer":"Underwater_Awash_Rock_point","enc_layer_id":34}},{"type":"Feature","id":861566,"geometry":{"type":"Point","coordinates":[-122.982011,38.22038199999997]},"properties":{"OBJECTID":861566,"OBJL":153,"EXPSOU":null,"NATSUR":null,"NATQUA":null,"OBJNAM":null,"QUASOU":"2","SOUACC":null,"TECSOU":null,"VALSOU":null,"VERDAT":null,"WATLEV":4,"INFORM":null,"SCAMIN":44999,"SORDAT":"200304","SORIND":"US,US,graph,Chart 18643","DSNM":"US5CA4JB.000","enc_service":"enc_harbour","enc_layer":"Underwater_Awash_Rock_point","enc_layer_id":34}},{"type":"Feature","id":861578,"geometry":{"type":"Point","coordinates":[-122.98134800000003,38.215351]},"properties":{"OBJECTID":861578,"OBJL":153,"EXPSOU":null,"NATSUR":null,"NATQUA":null,"OBJNAM":null,"QUASOU":"2","SOUACC":null,"TECSOU":null,"VALSOU":null,"VERDAT":null,"WATLEV":4,"INFORM":null,"SCAMIN":44999,"SORDAT":"200304","SORIND":"US,US,graph,Chart 18643","DSNM":"US5CA4JB.000","enc_service":"enc_harbour","enc_layer":"Underwater_Awash_Rock_point","enc_layer_id":34}},{"type":"Feature","id":861539,"geometry":{"type":"Point","coordinates":[-122.98851400000001,38.226714000000015]},"properties":{"OBJECTID":861539,"OBJL":153,"EXPSOU":null,"NATSUR":null,"NATQUA":null,"OBJNAM":null,"QUASOU":"2","SOUACC":null,"TECSOU":null,"VALSOU":null,"VERDAT":null,"WATLEV":4,"INFORM":null,"SCAMIN":44999,"SORDAT":"200304","SORIND":"US,US,graph,Chart 18643","DSNM":"US5CA4JB.000","enc_service":"enc_harbour","enc_layer":"Underwater_Awash_Rock_point","enc_layer_id":34}},{"type":"Feature","id":861540,"geometry":{"type":"Point","coordinates":[-122.98846200000003,38.22743200000002]},"properties":{"OBJECTID":861540,"OBJL":153,"EXPSOU":null,"NATSUR":null,"NATQUA":null,"OBJNAM":null,"QUASOU":"2","SOUACC":null,"TECSOU":null,"VALSOU":null,"VERDAT":null,"WATLEV":4,"INFORM":null,"SCAMIN":44999,"SORDAT":"200304","SORIND":"US,US,graph,Chart 18643","DSNM":"US5CA4JB.000","enc_service":"enc_harbour","enc_layer":"Underwater_Awash_Rock_point","enc_layer_id":34}},{"type":"Feature","id":861661,"geometry":{"type":"Point","coordinates":[-122.98938700000002,38.23831100000001]},"properties":{"OBJECTID":861661,"OBJL":153,"EXPSOU":null,"NATSUR":null,"NATQUA":null,"OBJNAM":null,"QUASOU":"2","SOUACC":null,"TECSOU":null,"VALSOU":null,"VERDAT":null,"WATLEV":4,"INFORM":null,"SCAMIN":44999,"SORDAT":"200304","SORIND":"US,US,graph,Chart 18643","DSNM":"US5CA4JB.000","enc_service":"enc_harbour","enc_layer":"Underwater_Awash_Rock_point","enc_layer_id":34}},{"type":"Feature","id":861658,"geometry":{"type":"Point","coordinates":[-122.98789699999998,38.23848800000002]},"properties":{"OBJECTID":861658,"OBJL":153,"EXPSOU":null,"NATSUR":null,"NATQUA":null,"OBJNAM":null,"QUASOU":"2","SOUACC":null,"TECSOU":null,"VALSOU":null,"VERDAT":null,"WATLEV":4,"INFORM":null,"SCAMIN":null,"SORDAT":"200304","SORIND":"US,US,graph,Chart 18643","DSNM":"US5CA4JB.000","enc_service":"enc_harbour","enc_layer":"Underwater_Awash_Rock_point","enc_layer_id":34}},{"type":"Feature","id":861657,"geometry":{"type":"Point","coordinates":[-122.98677500000002,38.23786000000001]},"properties":{"OBJECTID":861657,"OBJL":153,"EXPSOU":null,"NATSUR":null,"NATQUA":null,"OBJNAM":null,"QUASOU":"2","SOUACC":null,"TECSOU":null,"VALSOU":null,"VERDAT":null,"WATLEV":4,"INFORM":null,"SCAMIN":44999,"SORDAT":"200304","SORIND":"US,US,graph,Chart 18643","DSNM":"US5CA4JB.000","enc_service":"enc_harbour","enc_layer":"Underwater_Awash_Rock_point","enc_layer_id":34}},{"type":"Feature","id":861594,"geometry":{"type":"Point","coordinates":[-122.96682700000002,38.18476700000002]},"properties":{"OBJECTID":861594,"OBJL":153,"EXPSOU":null,"NATSUR":null,"NATQUA":null,"OBJNAM":null,"QUASOU":"2","SOUACC":null,"TECSOU":null,"VALSOU":null,"VERDAT":null,"WATLEV":4,"INFORM":null,"SCAMIN":44999,"SORDAT":"200304","SORIND":"US,US,graph,Chart 18643","DSNM":"US5CA4JB.000","enc_service":"enc_harbour","enc_layer":"Underwater_Awash_Rock_point","enc_layer_id":34}},{"type":"Feature","id":861583,"geometry":{"type":"Point","coordinates":[-122.97735,38.210117000000025]},"properties":{"OBJECTID":861583,"OBJL":153,"EXPSOU":null,"NATSUR":null,"NATQUA":null,"OBJNAM":null,"QUASOU":"2","SOUACC":null,"TECSOU":null,"VALSOU":null,"VERDAT":null,"WATLEV":4,"INFORM":null,"SCAMIN":44999,"SORDAT":"200304","SORIND":"US,US,graph,Chart 18643","DSNM":"US5CA4JB.000","enc_service":"enc_harbour","enc_layer":"Underwater_Awash_Rock_point","enc_layer_id":34}},{"type":"Feature","id":861693,"geometry":{"type":"Point","coordinates":[-122.97236299999997,38.205152999999996]},"properties":{"OBJECTID":861693,"OBJL":153,"EXPSOU":null,"NATSUR":null,"NATQUA":null,"OBJNAM":null,"QUASOU":"2","SOUACC":null,"TECSOU":null,"VALSOU":null,"VERDAT":null,"WATLEV":4,"INFORM":null,"SCAMIN":44999,"SORDAT":"200304","SORIND":"US,US,graph,Chart 18643","DSNM":"US5CA4JB.000","enc_service":"enc_harbour","enc_layer":"Underwater_Awash_Rock_point","enc_layer_id":34}},{"type":"Feature","id":861504,"geometry":{"type":"Point","coordinates":[-122.972062,38.204452]},"properties":{"OBJECTID":861504,"OBJL":153,"EXPSOU":null,"NATSUR":null,"NATQUA":null,"OBJNAM":null,"QUASOU":"2","SOUACC":null,"TECSOU":null,"VALSOU":null,"VERDAT":null,"WATLEV":4,"INFORM":null,"SCAMIN":44999,"SORDAT":"200304","SORIND":"US,US,graph,Chart 18643","DSNM":"US5CA4JB.000","enc_service":"enc_harbour","enc_layer":"Underwater_Awash_Rock_point","enc_layer_id":34}},{"type":"Feature","id":861500,"geometry":{"type":"Point","coordinates":[-122.96889800000002,38.20200799999998]},"properties":{"OBJECTID":861500,"OBJL":153,"EXPSOU":null,"NATSUR":null,"NATQUA":null,"OBJNAM":null,"QUASOU":"2","SOUACC":null,"TECSOU":null,"VALSOU":null,"VERDAT":null,"WATLEV":4,"INFORM":null,"SCAMIN":44999,"SORDAT":"200304","SORIND":"US,US,graph,Chart 18643","DSNM":"US5CA4JB.000","enc_service":"enc_harbour","enc_layer":"Underwater_Awash_Rock_point","enc_layer_id":34}},{"type":"Feature","id":862039,"geometry":{"type":"Point","coordinates":[-122.973165,38.259885999999995]},"properties":{"OBJECTID":862039,"OBJL":153,"EXPSOU":null,"NATSUR":null,"NATQUA":null,"OBJNAM":null,"QUASOU":"2","SOUACC":null,"TECSOU":null,"VALSOU":null,"VERDAT":null,"WATLEV":4,"INFORM":null,"SCAMIN":44999,"SORDAT":"200304","SORIND":"US,US,graph,Chart 18643","DSNM":"US5CA4KB.000","enc_service":"enc_harbour","enc_layer":"Underwater_Awash_Rock_point","enc_layer_id":34}},{"type":"Feature","id":861975,"geometry":{"type":"Point","coordinates":[-122.97188799999998,38.25911000000002]},"properties":{"OBJECTID":861975,"OBJL":153,"EXPSOU":null,"NATSUR":null,"NATQUA":null,"OBJNAM":null,"QUASOU":"2","SOUACC":null,"TECSOU":null,"VALSOU":null,"VERDAT":null,"WATLEV":4,"INFORM":null,"SCAMIN":null,"SORDAT":"200304","SORIND":"US,US,graph,Chart 18643","DSNM":"US5CA4KB.000","enc_service":"enc_harbour","enc_layer":"Underwater_Awash_Rock_point","enc_layer_id":34}},{"type":"Feature","id":861904,"geometry":{"type":"Point","coordinates":[-122.97152799999998,38.25511399999999]},"properties":{"OBJECTID":861904,"OBJL":153,"EXPSOU":null,"NATSUR":null,"NATQUA":null,"OBJNAM":null,"QUASOU":"2","SOUACC":null,"TECSOU":null,"VALSOU":null,"VERDAT":null,"WATLEV":4,"INFORM":null,"SCAMIN":44999,"SORDAT":"200304","SORIND":"US,US,graph,Chart 18643","DSNM":"US5CA4KB.000","enc_service":"enc_harbour","enc_layer":"Underwater_Awash_Rock_point","enc_layer_id":34}},{"type":"Feature","id":861905,"geometry":{"type":"Point","coordinates":[-122.97070200000002,38.25463400000001]},"properties":{"OBJECTID":861905,"OBJL":153,"EXPSOU":null,"NATSUR":null,"NATQUA":null,"OBJNAM":null,"QUASOU":"2","SOUACC":null,"TECSOU":null,"VALSOU":null,"VERDAT":null,"WATLEV":4,"INFORM":null,"SCAMIN":44999,"SORDAT":"200304","SORIND":"US,US,graph,Chart 18643","DSNM":"US5CA4KB.000","enc_service":"enc_harbour","enc_layer":"Underwater_Awash_Rock_point","enc_layer_id":34}},{"type":"Feature","id":861428,"geometry":{"type":"Point","coordinates":[-122.95554700000002,38.170320000000004]},"properties":{"OBJECTID":861428,"OBJL":153,"EXPSOU":null,"NATSUR":null,"NATQUA":null,"OBJNAM":null,"QUASOU":"2","SOUACC":null,"TECSOU":null,"VALSOU":null,"VERDAT":null,"WATLEV":4,"INFORM":null,"SCAMIN":null,"SORDAT":"200304","SORIND":"US,US,graph,Chart 18643","DSNM":"US5CA4IB.000","enc_service":"enc_harbour","enc_layer":"Underwater_Awash_Rock_point","enc_layer_id":34}},{"type":"Feature","id":861558,"geometry":{"type":"Point","coordinates":[-122.9651,38.21632199999999]},"properties":{"OBJECTID":861558,"OBJL":153,"EXPSOU":null,"NATSUR":null,"NATQUA":null,"OBJNAM":null,"QUASOU":"2","SOUACC":null,"TECSOU":null,"VALSOU":null,"VERDAT":null,"WATLEV":4,"INFORM":null,"SCAMIN":null,"SORDAT":"200304","SORIND":"US,US,graph,Chart 18643","DSNM":"US5CA4JB.000","enc_service":"enc_harbour","enc_layer":"Underwater_Awash_Rock_point","enc_layer_id":34}},{"type":"Feature","id":861651,"geometry":{"type":"Point","coordinates":[-122.94654700000001,38.19733400000001]},"properties":{"OBJECTID":861651,"OBJL":153,"EXPSOU":null,"NATSUR":null,"NATQUA":null,"OBJNAM":null,"QUASOU":"2","SOUACC":null,"TECSOU":null,"VALSOU":null,"VERDAT":null,"WATLEV":3,"INFORM":null,"SCAMIN":null,"SORDAT":"200304","SORIND":"US,US,graph,Chart 18643","DSNM":"US5CA4JB.000","enc_service":"enc_harbour","enc_layer":"Underwater_Awash_Rock_point","enc_layer_id":34}},{"type":"Feature","id":861720,"geometry":{"type":"Point","coordinates":[-122.93482,38.19586800000002]},"properties":{"OBJECTID":861720,"OBJL":153,"EXPSOU":1,"NATSUR":null,"NATQUA":null,"OBJNAM":null,"QUASOU":null,"SOUACC":null,"TECSOU":null,"VALSOU":0,"VERDAT":null,"WATLEV":5,"INFORM":null,"SCAMIN":null,"SORDAT":"200304","SORIND":"US,US,graph,Chart 18643","DSNM":"US5CA4JB.000","enc_service":"enc_harbour","enc_layer":"Underwater_Awash_Rock_point","enc_layer_id":34}},{"type":"Feature","id":861548,"geometry":{"type":"Point","coordinates":[-122.93593900000002,38.21203600000001]},"properties":{"OBJECTID":861548,"OBJL":153,"EXPSOU":null,"NATSUR":null,"NATQUA":null,"OBJNAM":null,"QUASOU":"2","SOUACC":null,"TECSOU":null,"VALSOU":null,"VERDAT":null,"WATLEV":4,"INFORM":null,"SCAMIN":null,"SORDAT":"200304","SORIND":"US,US,graph,Chart 18643","DSNM":"US5CA4JB.000","enc_service":"enc_harbour","enc_layer":"Underwater_Awash_Rock_point","enc_layer_id":34}},{"type":"Feature","id":861547,"geometry":{"type":"Point","coordinates":[-122.93831399999999,38.21572500000002]},"properties":{"OBJECTID":861547,"OBJL":153,"EXPSOU":null,"NATSUR":null,"NATQUA":null,"OBJNAM":null,"QUASOU":"2","SOUACC":null,"TECSOU":null,"VALSOU":null,"VERDAT":null,"WATLEV":4,"INFORM":null,"SCAMIN":null,"SORDAT":"200304","SORIND":"US,US,graph,Chart 18643","DSNM":"US5CA4JB.000","enc_service":"enc_harbour","enc_layer":"Underwater_Awash_Rock_point","enc_layer_id":34}},{"type":"Feature","id":861633,"geometry":{"type":"Point","coordinates":[-122.929442,38.18015500000001]},"properties":{"OBJECTID":861633,"OBJL":153,"EXPSOU":2,"NATSUR":null,"NATQUA":null,"OBJNAM":null,"QUASOU":null,"SOUACC":null,"TECSOU":null,"VALSOU":0,"VERDAT":null,"WATLEV":5,"INFORM":null,"SCAMIN":null,"SORDAT":"200304","SORIND":"US,US,graph,Chart 18643","DSNM":"US5CA4JB.000","enc_service":"enc_harbour","enc_layer":"Underwater_Awash_Rock_point","enc_layer_id":34}},{"type":"Feature","id":861513,"geometry":{"type":"Point","coordinates":[-122.99398200000002,38.232056]},"properties":{"OBJECTID":861513,"OBJL":153,"EXPSOU":null,"NATSUR":null,"NATQUA":null,"OBJNAM":null,"QUASOU":"2","SOUACC":null,"TECSOU":null,"VALSOU":null,"VERDAT":null,"WATLEV":4,"INFORM":null,"SCAMIN":44999,"SORDAT":"200304","SORIND":"US,US,graph,Chart 18643","DSNM":"US5CA4JB.000","enc_service":"enc_harbour","enc_layer":"Underwater_Awash_Rock_point","enc_layer_id":34}},{"type":"Feature","id":861622,"geometry":{"type":"Point","coordinates":[-122.99167399999999,38.229220999999995]},"properties":{"OBJECTID":861622,"OBJL":153,"EXPSOU":null,"NATSUR":null,"NATQUA":null,"OBJNAM":null,"QUASOU":"2","SOUACC":null,"TECSOU":null,"VALSOU":null,"VERDAT":null,"WATLEV":4,"INFORM":null,"SCAMIN":44999,"SORDAT":"200304","SORIND":"US,US,graph,Chart 18643","DSNM":"US5CA4JB.000","enc_service":"enc_harbour","enc_layer":"Underwater_Awash_Rock_point","enc_layer_id":34}},{"type":"Feature","id":861713,"geometry":{"type":"Point","coordinates":[-122.99000899999999,38.22842800000001]},"properties":{"OBJECTID":861713,"OBJL":153,"EXPSOU":null,"NATSUR":null,"NATQUA":null,"OBJNAM":null,"QUASOU":"2","SOUACC":null,"TECSOU":null,"VALSOU":null,"VERDAT":null,"WATLEV":4,"INFORM":null,"SCAMIN":44999,"SORDAT":"200304","SORIND":"US,US,graph,Chart 18643","DSNM":"US5CA4JB.000","enc_service":"enc_harbour","enc_layer":"Underwater_Awash_Rock_point","enc_layer_id":34}},{"type":"Feature","id":861606,"geometry":{"type":"Point","coordinates":[-122.99603200000001,38.239851999999985]},"properties":{"OBJECTID":861606,"OBJL":153,"EXPSOU":null,"NATSUR":null,"NATQUA":null,"OBJNAM":null,"QUASOU":"2","SOUACC":null,"TECSOU":null,"VALSOU":null,"VERDAT":null,"WATLEV":4,"INFORM":null,"SCAMIN":44999,"SORDAT":"200304","SORIND":"US,US,graph,Chart 18643","DSNM":"US5CA4JB.000","enc_service":"enc_harbour","enc_layer":"Underwater_Awash_Rock_point","enc_layer_id":34}},{"type":"Feature","id":861673,"geometry":{"type":"Point","coordinates":[-122.98079000000001,38.21325300000001]},"properties":{"OBJECTID":861673,"OBJL":153,"EXPSOU":null,"NATSUR":null,"NATQUA":null,"OBJNAM":null,"QUASOU":"2","SOUACC":null,"TECSOU":null,"VALSOU":null,"VERDAT":null,"WATLEV":4,"INFORM":null,"SCAMIN":44999,"SORDAT":"200304","SORIND":"US,US,graph,Chart 18643","DSNM":"US5CA4JB.000","enc_service":"enc_harbour","enc_layer":"Underwater_Awash_Rock_point","enc_layer_id":34}},{"type":"Feature","id":861523,"geometry":{"type":"Point","coordinates":[-122.98457200000001,38.22350899999998]},"properties":{"OBJECTID":861523,"OBJL":153,"EXPSOU":null,"NATSUR":null,"NATQUA":null,"OBJNAM":null,"QUASOU":"2","SOUACC":null,"TECSOU":null,"VALSOU":null,"VERDAT":null,"WATLEV":4,"INFORM":null,"SCAMIN":44999,"SORDAT":"200304","SORIND":"US,US,graph,Chart 18643","DSNM":"US5CA4JB.000","enc_service":"enc_harbour","enc_layer":"Underwater_Awash_Rock_point","enc_layer_id":34}},{"type":"Feature","id":861524,"geometry":{"type":"Point","coordinates":[-122.98302799999999,38.22323]},"properties":{"OBJECTID":861524,"OBJL":153,"EXPSOU":null,"NATSUR":null,"NATQUA":null,"OBJNAM":null,"QUASOU":"2","SOUACC":null,"TECSOU":null,"VALSOU":null,"VERDAT":null,"WATLEV":4,"INFORM":null,"SCAMIN":44999,"SORDAT":"200304","SORIND":"US,US,graph,Chart 18643","DSNM":"US5CA4JB.000","enc_service":"enc_harbour","enc_layer":"Underwater_Awash_Rock_point","enc_layer_id":34}},{"type":"Feature","id":861570,"geometry":{"type":"Point","coordinates":[-122.98253799999998,38.219291]},"properties":{"OBJECTID":861570,"OBJL":153,"EXPSOU":null,"NATSUR":null,"NATQUA":null,"OBJNAM":null,"QUASOU":"2","SOUACC":null,"TECSOU":null,"VALSOU":null,"VERDAT":null,"WATLEV":4,"INFORM":null,"SCAMIN":44999,"SORDAT":"200304","SORIND":"US,US,graph,Chart 18643","DSNM":"US5CA4JB.000","enc_service":"enc_harbour","enc_layer":"Underwater_Awash_Rock_point","enc_layer_id":34}},{"type":"Feature","id":861573,"geometry":{"type":"Point","coordinates":[-122.98204900000002,38.217836999999975]},"properties":{"OBJECTID":861573,"OBJL":153,"EXPSOU":null,"NATSUR":null,"NATQUA":null,"OBJNAM":null,"QUASOU":"2","SOUACC":null,"TECSOU":null,"VALSOU":null,"VERDAT":null,"WATLEV":4,"INFORM":null,"SCAMIN":44999,"SORDAT":"200304","SORIND":"US,US,graph,Chart 18643","DSNM":"US5CA4JB.000","enc_service":"enc_harbour","enc_layer":"Underwater_Awash_Rock_point","enc_layer_id":34}},{"type":"Feature","id":861654,"geometry":{"type":"Point","coordinates":[-122.98495700000001,38.23589800000002]},"properties":{"OBJECTID":861654,"OBJL":153,"EXPSOU":null,"NATSUR":null,"NATQUA":null,"OBJNAM":null,"QUASOU":"2","SOUACC":null,"TECSOU":null,"VALSOU":null,"VERDAT":null,"WATLEV":4,"INFORM":null,"SCAMIN":44999,"SORDAT":"200304","SORIND":"US,US,graph,Chart 18643","DSNM":"US5CA4JB.000","enc_service":"enc_harbour","enc_layer":"Underwater_Awash_Rock_point","enc_layer_id":34}},{"type":"Feature","id":861660,"geometry":{"type":"Point","coordinates":[-122.98884600000002,38.23839400000003]},"properties":{"OBJECTID":861660,"OBJL":153,"EXPSOU":null,"NATSUR":null,"NATQUA":null,"OBJNAM":null,"QUASOU":"2","SOUACC":null,"TECSOU":null,"VALSOU":null,"VERDAT":null,"WATLEV":4,"INFORM":null,"SCAMIN":44999,"SORDAT":"200304","SORIND":"US,US,graph,Chart 18643","DSNM":"US5CA4JB.000","enc_service":"enc_harbour","enc_layer":"Underwater_Awash_Rock_point","enc_layer_id":34}},{"type":"Feature","id":861588,"geometry":{"type":"Point","coordinates":[-122.977396,38.20872800000001]},"properties":{"OBJECTID":861588,"OBJL":153,"EXPSOU":null,"NATSUR":null,"NATQUA":null,"OBJNAM":null,"QUASOU":"2","SOUACC":null,"TECSOU":null,"VALSOU":null,"VERDAT":null,"WATLEV":4,"INFORM":null,"SCAMIN":44999,"SORDAT":"200304","SORIND":"US,US,graph,Chart 18643","DSNM":"US5CA4JB.000","enc_service":"enc_harbour","enc_layer":"Underwater_Awash_Rock_point","enc_layer_id":34}},{"type":"Feature","id":861593,"geometry":{"type":"Point","coordinates":[-122.97517499999998,38.208620999999994]},"properties":{"OBJECTID":861593,"OBJL":153,"EXPSOU":null,"NATSUR":null,"NATQUA":null,"OBJNAM":null,"QUASOU":"2","SOUACC":null,"TECSOU":null,"VALSOU":null,"VERDAT":null,"WATLEV":4,"INFORM":null,"SCAMIN":44999,"SORDAT":"200304","SORIND":"US,US,graph,Chart 18643","DSNM":"US5CA4JB.000","enc_service":"enc_harbour","enc_layer":"Underwater_Awash_Rock_point","enc_layer_id":34}},{"type":"Feature","id":861681,"geometry":{"type":"Point","coordinates":[-122.97463299999998,38.208455000000015]},"properties":{"OBJECTID":861681,"OBJL":153,"EXPSOU":null,"NATSUR":null,"NATQUA":null,"OBJNAM":null,"QUASOU":"2","SOUACC":null,"TECSOU":null,"VALSOU":null,"VERDAT":null,"WATLEV":4,"INFORM":null,"SCAMIN":44999,"SORDAT":"200304","SORIND":"US,US,graph,Chart 18643","DSNM":"US5CA4JB.000","enc_service":"enc_harbour","enc_layer":"Underwater_Awash_Rock_point","enc_layer_id":34}},{"type":"Feature","id":861688,"geometry":{"type":"Point","coordinates":[-122.97376500000001,38.20691900000003]},"properties":{"OBJECTID":861688,"OBJL":153,"EXPSOU":null,"NATSUR":null,"NATQUA":null,"OBJNAM":null,"QUASOU":"2","SOUACC":null,"TECSOU":null,"VALSOU":null,"VERDAT":null,"WATLEV":4,"INFORM":null,"SCAMIN":44999,"SORDAT":"200304","SORIND":"US,US,graph,Chart 18643","DSNM":"US5CA4JB.000","enc_service":"enc_harbour","enc_layer":"Underwater_Awash_Rock_point","enc_layer_id":34}},{"type":"Feature","id":861692,"geometry":{"type":"Point","coordinates":[-122.97258299999999,38.20580899999999]},"properties":{"OBJECTID":861692,"OBJL":153,"EXPSOU":null,"NATSUR":null,"NATQUA":null,"OBJNAM":null,"QUASOU":"2","SOUACC":null,"TECSOU":null,"VALSOU":null,"VERDAT":null,"WATLEV":4,"INFORM":null,"SCAMIN":44999,"SORDAT":"200304","SORIND":"US,US,graph,Chart 18643","DSNM":"US5CA4JB.000","enc_service":"enc_harbour","enc_layer":"Underwater_Awash_Rock_point","enc_layer_id":34}},{"type":"Feature","id":861495,"geometry":{"type":"Point","coordinates":[-122.97055699999999,38.203329999999994]},"properties":{"OBJECTID":861495,"OBJL":153,"EXPSOU":null,"NATSUR":null,"NATQUA":null,"OBJNAM":null,"QUASOU":"2","SOUACC":null,"TECSOU":null,"VALSOU":null,"VERDAT":null,"WATLEV":4,"INFORM":null,"SCAMIN":44999,"SORDAT":"200304","SORIND":"US,US,graph,Chart 18643","DSNM":"US5CA4JB.000","enc_service":"enc_harbour","enc_layer":"Underwater_Awash_Rock_point","enc_layer_id":34}},{"type":"Feature","id":861969,"geometry":{"type":"Point","coordinates":[-122.97245500000002,38.255067999999994]},"properties":{"OBJECTID":861969,"OBJL":153,"EXPSOU":null,"NATSUR":null,"NATQUA":null,"OBJNAM":null,"QUASOU":"2","SOUACC":null,"TECSOU":null,"VALSOU":null,"VERDAT":null,"WATLEV":4,"INFORM":null,"SCAMIN":44999,"SORDAT":"200304","SORIND":"US,US,graph,Chart 18643","DSNM":"US5CA4KB.000","enc_service":"enc_harbour","enc_layer":"Underwater_Awash_Rock_point","enc_layer_id":34}},{"type":"Feature","id":861432,"geometry":{"type":"Point","coordinates":[-122.955353,38.174012000000005]},"properties":{"OBJECTID":861432,"OBJL":153,"EXPSOU":null,"NATSUR":null,"NATQUA":null,"OBJNAM":null,"QUASOU":"2","SOUACC":null,"TECSOU":null,"VALSOU":null,"VERDAT":null,"WATLEV":4,"INFORM":null,"SCAMIN":null,"SORDAT":"200304","SORIND":"US,US,graph,Chart 18643","DSNM":"US5CA4IB.000","enc_service":"enc_harbour","enc_layer":"Underwater_Awash_Rock_point","enc_layer_id":34}},{"type":"Feature","id":861424,"geometry":{"type":"Point","coordinates":[-122.952745,38.168447000000015]},"properties":{"OBJECTID":861424,"OBJL":153,"EXPSOU":null,"NATSUR":null,"NATQUA":null,"OBJNAM":null,"QUASOU":"2","SOUACC":null,"TECSOU":null,"VALSOU":null,"VERDAT":null,"WATLEV":4,"INFORM":null,"SCAMIN":null,"SORDAT":"200304","SORIND":"US,US,graph,Chart 18643","DSNM":"US5CA4IB.000","enc_service":"enc_harbour","enc_layer":"Underwater_Awash_Rock_point","enc_layer_id":34}},{"type":"Feature","id":861650,"geometry":{"type":"Point","coordinates":[-122.94572499999998,38.194029]},"properties":{"OBJECTID":861650,"OBJL":153,"EXPSOU":null,"NATSUR":null,"NATQUA":null,"OBJNAM":null,"QUASOU":"2","SOUACC":null,"TECSOU":null,"VALSOU":null,"VERDAT":null,"WATLEV":4,"INFORM":null,"SCAMIN":null,"SORDAT":"200304","SORIND":"US,US,graph,Chart 18643","DSNM":"US5CA4JB.000","enc_service":"enc_harbour","enc_layer":"Underwater_Awash_Rock_point","enc_layer_id":34}},{"type":"Feature","id":861554,"geometry":{"type":"Point","coordinates":[-122.945424,38.199364]},"properties":{"OBJECTID":861554,"OBJL":153,"EXPSOU":null,"NATSUR":null,"NATQUA":null,"OBJNAM":null,"QUASOU":"2","SOUACC":null,"TECSOU":null,"VALSOU":null,"VERDAT":null,"WATLEV":4,"INFORM":null,"SCAMIN":null,"SORDAT":"200304","SORIND":"US,US,graph,Chart 18643","DSNM":"US5CA4JB.000","enc_service":"enc_harbour","enc_layer":"Underwater_Awash_Rock_point","enc_layer_id":34}},{"type":"Feature","id":861644,"geometry":{"type":"Point","coordinates":[-122.93007399999999,38.182185000000004]},"properties":{"OBJECTID":861644,"OBJL":153,"EXPSOU":null,"NATSUR":null,"NATQUA":null,"OBJNAM":null,"QUASOU":"2","SOUACC":null,"TECSOU":null,"VALSOU":null,"VERDAT":null,"WATLEV":4,"INFORM":null,"SCAMIN":null,"SORDAT":"200304","SORIND":"US,US,graph,Chart 18643","DSNM":"US5CA4JB.000","enc_service":"enc_harbour","enc_layer":"Underwater_Awash_Rock_point","enc_layer_id":34}},{"type":"Feature","id":861647,"geometry":{"type":"Point","coordinates":[-122.941283,38.193287]},"properties":{"OBJECTID":861647,"OBJL":153,"EXPSOU":null,"NATSUR":null,"NATQUA":null,"OBJNAM":null,"QUASOU":"2","SOUACC":null,"TECSOU":null,"VALSOU":null,"VERDAT":null,"WATLEV":4,"INFORM":null,"SCAMIN":null,"SORDAT":"200304","SORIND":"US,US,graph,Chart 18643","DSNM":"US5CA4JB.000","enc_service":"enc_harbour","enc_layer":"Underwater_Awash_Rock_point","enc_layer_id":34}},{"type":"Feature","id":861641,"geometry":{"type":"Point","coordinates":[-122.93548700000002,38.196297000000015]},"properties":{"OBJECTID":861641,"OBJL":153,"EXPSOU":null,"NATSUR":null,"NATQUA":null,"OBJNAM":null,"QUASOU":"2","SOUACC":null,"TECSOU":null,"VALSOU":null,"VERDAT":null,"WATLEV":4,"INFORM":null,"SCAMIN":null,"SORDAT":"200304","SORIND":"US,US,graph,Chart 18643","DSNM":"US5CA4JB.000","enc_service":"enc_harbour","enc_layer":"Underwater_Awash_Rock_point","enc_layer_id":34}},{"type":"Feature","id":861634,"geometry":{"type":"Point","coordinates":[-122.93311499999999,38.19532299999997]},"properties":{"OBJECTID":861634,"OBJL":153,"EXPSOU":2,"NATSUR":null,"NATQUA":null,"OBJNAM":null,"QUASOU":null,"SOUACC":null,"TECSOU":null,"VALSOU":0,"VERDAT":null,"WATLEV":5,"INFORM":null,"SCAMIN":null,"SORDAT":"200304","SORIND":"US,US,graph,Chart 18643","DSNM":"US5CA4JB.000","enc_service":"enc_harbour","enc_layer":"Underwater_Awash_Rock_point","enc_layer_id":34}},{"type":"Feature","id":861551,"geometry":{"type":"Point","coordinates":[-122.93602199999998,38.212556000000006]},"properties":{"OBJECTID":861551,"OBJL":153,"EXPSOU":null,"NATSUR":null,"NATQUA":null,"OBJNAM":null,"QUASOU":"2","SOUACC":null,"TECSOU":null,"VALSOU":null,"VERDAT":null,"WATLEV":4,"INFORM":null,"SCAMIN":null,"SORDAT":"200304","SORIND":"US,US,graph,Chart 18643","DSNM":"US5CA4JB.000","enc_service":"enc_harbour","enc_layer":"Underwater_Awash_Rock_point","enc_layer_id":34}},{"type":"Feature","id":861545,"geometry":{"type":"Point","coordinates":[-122.93975699999999,38.217074000000025]},"properties":{"OBJECTID":861545,"OBJL":153,"EXPSOU":null,"NATSUR":null,"NATQUA":null,"OBJNAM":null,"QUASOU":"2","SOUACC":null,"TECSOU":null,"VALSOU":null,"VERDAT":null,"WATLEV":4,"INFORM":null,"SCAMIN":null,"SORDAT":"200304","SORIND":"US,US,graph,Chart 18643","DSNM":"US5CA4JB.000","enc_service":"enc_harbour","enc_layer":"Underwater_Awash_Rock_point","enc_layer_id":34}},{"type":"Feature","id":861748,"geometry":{"type":"Point","coordinates":[-122.92113499999999,38.19686200000001]},"properties":{"OBJECTID":861748,"OBJL":153,"EXPSOU":null,"NATSUR":null,"NATQUA":null,"OBJNAM":null,"QUASOU":"2","SOUACC":null,"TECSOU":null,"VALSOU":null,"VERDAT":null,"WATLEV":4,"INFORM":null,"SCAMIN":null,"SORDAT":"200304","SORIND":"US,US,graph,Chart 18643","DSNM":"US5CA4JC.000","enc_service":"enc_harbour","enc_layer":"Underwater_Awash_Rock_point","enc_layer_id":34}},{"type":"Feature","id":861626,"geometry":{"type":"Point","coordinates":[-122.99544800000001,38.230170999999984]},"properties":{"OBJECTID":861626,"OBJL":153,"EXPSOU":null,"NATSUR":null,"NATQUA":null,"OBJNAM":null,"QUASOU":"2","SOUACC":null,"TECSOU":null,"VALSOU":null,"VERDAT":null,"WATLEV":4,"INFORM":null,"SCAMIN":44999,"SORDAT":"200304","SORIND":"US,US,graph,Chart 18643","DSNM":"US5CA4JB.000","enc_service":"enc_harbour","enc_layer":"Underwater_Awash_Rock_point","enc_layer_id":34}},{"type":"Feature","id":861620,"geometry":{"type":"Point","coordinates":[-122.99510099999998,38.230718000000024]},"properties":{"OBJECTID":861620,"OBJL":153,"EXPSOU":null,"NATSUR":null,"NATQUA":null,"OBJNAM":null,"QUASOU":"2","SOUACC":null,"TECSOU":null,"VALSOU":null,"VERDAT":null,"WATLEV":4,"INFORM":null,"SCAMIN":44999,"SORDAT":"200304","SORIND":"US,US,graph,Chart 18643","DSNM":"US5CA4JB.000","enc_service":"enc_harbour","enc_layer":"Underwater_Awash_Rock_point","enc_layer_id":34}},{"type":"Feature","id":861709,"geometry":{"type":"Point","coordinates":[-122.993811,38.23474900000002]},"properties":{"OBJECTID":861709,"OBJL":153,"EXPSOU":null,"NATSUR":null,"NATQUA":null,"OBJNAM":null,"QUASOU":"2","SOUACC":null,"TECSOU":null,"VALSOU":null,"VERDAT":null,"WATLEV":4,"INFORM":null,"SCAMIN":44999,"SORDAT":"200304","SORIND":"US,US,graph,Chart 18643","DSNM":"US5CA4JB.000","enc_service":"enc_harbour","enc_layer":"Underwater_Awash_Rock_point","enc_layer_id":34}},{"type":"Feature","id":861517,"geometry":{"type":"Point","coordinates":[-122.99343499999998,38.23140000000001]},"properties":{"OBJECTID":861517,"OBJL":153,"EXPSOU":null,"NATSUR":null,"NATQUA":null,"OBJNAM":null,"QUASOU":"2","SOUACC":null,"TECSOU":null,"VALSOU":null,"VERDAT":null,"WATLEV":4,"INFORM":null,"SCAMIN":44999,"SORDAT":"200304","SORIND":"US,US,graph,Chart 18643","DSNM":"US5CA4JB.000","enc_service":"enc_harbour","enc_layer":"Underwater_Awash_Rock_point","enc_layer_id":34}},{"type":"Feature","id":861710,"geometry":{"type":"Point","coordinates":[-122.993316,38.234455000000025]},"properties":{"OBJECTID":861710,"OBJL":153,"EXPSOU":null,"NATSUR":null,"NATQUA":null,"OBJNAM":null,"QUASOU":"2","SOUACC":null,"TECSOU":null,"VALSOU":null,"VERDAT":null,"WATLEV":4,"INFORM":null,"SCAMIN":44999,"SORDAT":"200304","SORIND":"US,US,graph,Chart 18643","DSNM":"US5CA4JB.000","enc_service":"enc_harbour","enc_layer":"Underwater_Awash_Rock_point","enc_layer_id":34}},{"type":"Feature","id":861711,"geometry":{"type":"Point","coordinates":[-122.989757,38.22939200000002]},"properties":{"OBJECTID":861711,"OBJL":153,"EXPSOU":null,"NATSUR":null,"NATQUA":null,"OBJNAM":null,"QUASOU":"2","SOUACC":null,"TECSOU":null,"VALSOU":null,"VERDAT":null,"WATLEV":4,"INFORM":null,"SCAMIN":44999,"SORDAT":"200304","SORIND":"US,US,graph,Chart 18643","DSNM":"US5CA4JB.000","enc_service":"enc_harbour","enc_layer":"Underwater_Awash_Rock_point","enc_layer_id":34}},{"type":"Feature","id":861612,"geometry":{"type":"Point","coordinates":[-122.99644799999999,38.239228000000026]},"properties":{"OBJECTID":861612,"OBJL":153,"EXPSOU":null,"NATSUR":null,"NATQUA":null,"OBJNAM":null,"QUASOU":"2","SOUACC":null,"TECSOU":null,"VALSOU":null,"VERDAT":null,"WATLEV":4,"INFORM":null,"SCAMIN":44999,"SORDAT":"200304","SORIND":"US,US,graph,Chart 18643","DSNM":"US5CA4JB.000","enc_service":"enc_harbour","enc_layer":"Underwater_Awash_Rock_point","enc_layer_id":34}},{"type":"Feature","id":861610,"geometry":{"type":"Point","coordinates":[-122.99519199999997,38.23775699999999]},"properties":{"OBJECTID":861610,"OBJL":153,"EXPSOU":null,"NATSUR":null,"NATQUA":null,"OBJNAM":null,"QUASOU":"2","SOUACC":null,"TECSOU":null,"VALSOU":null,"VERDAT":null,"WATLEV":4,"INFORM":null,"SCAMIN":44999,"SORDAT":"200304","SORIND":"US,US,graph,Chart 18643","DSNM":"US5CA4JB.000","enc_service":"enc_harbour","enc_layer":"Underwater_Awash_Rock_point","enc_layer_id":34}},{"type":"Feature","id":861587,"geometry":{"type":"Point","coordinates":[-122.977847,38.20840199999998]},"properties":{"OBJECTID":861587,"OBJL":153,"EXPSOU":null,"NATSUR":null,"NATQUA":null,"OBJNAM":null,"QUASOU":"2","SOUACC":null,"TECSOU":null,"VALSOU":null,"VERDAT":null,"WATLEV":4,"INFORM":null,"SCAMIN":44999,"SORDAT":"200304","SORIND":"US,US,graph,Chart 18643","DSNM":"US5CA4JB.000","enc_service":"enc_harbour","enc_layer":"Underwater_Awash_Rock_point","enc_layer_id":34}},{"type":"Feature","id":861571,"geometry":{"type":"Point","coordinates":[-122.98283199999997,38.218222000000026]},"properties":{"OBJECTID":861571,"OBJL":153,"EXPSOU":null,"NATSUR":null,"NATQUA":null,"OBJNAM":null,"QUASOU":"2","SOUACC":null,"TECSOU":null,"VALSOU":null,"VERDAT":null,"WATLEV":4,"INFORM":null,"SCAMIN":44999,"SORDAT":"200304","SORIND":"US,US,graph,Chart 18643","DSNM":"US5CA4JB.000","enc_service":"enc_harbour","enc_layer":"Underwater_Awash_Rock_point","enc_layer_id":34}},{"type":"Feature","id":861572,"geometry":{"type":"Point","coordinates":[-122.982327,38.21882199999999]},"properties":{"OBJECTID":861572,"OBJL":153,"EXPSOU":null,"NATSUR":null,"NATQUA":null,"OBJNAM":null,"QUASOU":"2","SOUACC":null,"TECSOU":null,"VALSOU":null,"VERDAT":null,"WATLEV":4,"INFORM":null,"SCAMIN":44999,"SORDAT":"200304","SORIND":"US,US,graph,Chart 18643","DSNM":"US5CA4JB.000","enc_service":"enc_harbour","enc_layer":"Underwater_Awash_Rock_point","enc_layer_id":34}},{"type":"Feature","id":861567,"geometry":{"type":"Point","coordinates":[-122.981898,38.219966]},"properties":{"OBJECTID":861567,"OBJL":153,"EXPSOU":null,"NATSUR":null,"NATQUA":null,"OBJNAM":null,"QUASOU":"2","SOUACC":null,"TECSOU":null,"VALSOU":null,"VERDAT":null,"WATLEV":4,"INFORM":null,"SCAMIN":44999,"SORDAT":"200304","SORIND":"US,US,graph,Chart 18643","DSNM":"US5CA4JB.000","enc_service":"enc_harbour","enc_layer":"Underwater_Awash_Rock_point","enc_layer_id":34}},{"type":"Feature","id":861715,"geometry":{"type":"Point","coordinates":[-122.98911299999997,38.22761600000001]},"properties":{"OBJECTID":861715,"OBJL":153,"EXPSOU":null,"NATSUR":null,"NATQUA":null,"OBJNAM":null,"QUASOU":"2","SOUACC":null,"TECSOU":null,"VALSOU":null,"VERDAT":null,"WATLEV":4,"INFORM":null,"SCAMIN":44999,"SORDAT":"200304","SORIND":"US,US,graph,Chart 18643","DSNM":"US5CA4JB.000","enc_service":"enc_harbour","enc_layer":"Underwater_Awash_Rock_point","enc_layer_id":34}},{"type":"Feature","id":861538,"geometry":{"type":"Point","coordinates":[-122.98908699999998,38.22691200000003]},"properties":{"OBJECTID":861538,"OBJL":153,"EXPSOU":null,"NATSUR":null,"NATQUA":null,"OBJNAM":null,"QUASOU":"2","SOUACC":null,"TECSOU":null,"VALSOU":null,"VERDAT":null,"WATLEV":4,"INFORM":null,"SCAMIN":44999,"SORDAT":"200304","SORIND":"US,US,graph,Chart 18643","DSNM":"US5CA4JB.000","enc_service":"enc_harbour","enc_layer":"Underwater_Awash_Rock_point","enc_layer_id":34}},{"type":"Feature","id":861564,"geometry":{"type":"Point","coordinates":[-122.98584499999998,38.236680999999976]},"properties":{"OBJECTID":861564,"OBJL":153,"EXPSOU":null,"NATSUR":null,"NATQUA":null,"OBJNAM":null,"QUASOU":"2","SOUACC":null,"TECSOU":null,"VALSOU":null,"VERDAT":null,"WATLEV":4,"INFORM":null,"SCAMIN":44999,"SORDAT":"200304","SORIND":"US,US,graph,Chart 18643","DSNM":"US5CA4JB.000","enc_service":"enc_harbour","enc_layer":"Underwater_Awash_Rock_point","enc_layer_id":34}},{"type":"Feature","id":861694,"geometry":{"type":"Point","coordinates":[-122.9669614,38.17888670000002]},"properties":{"OBJECTID":861694,"OBJL":153,"EXPSOU":null,"NATSUR":null,"NATQUA":null,"OBJNAM":null,"QUASOU":"2","SOUACC":null,"TECSOU":null,"VALSOU":null,"VERDAT":null,"WATLEV":3,"INFORM":null,"SCAMIN":null,"SORDAT":"200304","SORIND":"US,US,graph,Chart 18643","DSNM":"US5CA4JB.000","enc_service":"enc_harbour","enc_layer":"Underwater_Awash_Rock_point","enc_layer_id":34}},{"type":"Feature","id":861595,"geometry":{"type":"Point","coordinates":[-122.96672899999999,38.184439999999995]},"properties":{"OBJECTID":861595,"OBJL":153,"EXPSOU":null,"NATSUR":null,"NATQUA":null,"OBJNAM":null,"QUASOU":"2","SOUACC":null,"TECSOU":null,"VALSOU":null,"VERDAT":null,"WATLEV":4,"INFORM":null,"SCAMIN":44999,"SORDAT":"200304","SORIND":"US,US,graph,Chart 18643","DSNM":"US5CA4JB.000","enc_service":"enc_harbour","enc_layer":"Underwater_Awash_Rock_point","enc_layer_id":34}},{"type":"Feature","id":861685,"geometry":{"type":"Point","coordinates":[-122.97449499999999,38.207547999999974]},"properties":{"OBJECTID":861685,"OBJL":153,"EXPSOU":null,"NATSUR":null,"NATQUA":null,"OBJNAM":null,"QUASOU":"2","SOUACC":null,"TECSOU":null,"VALSOU":null,"VERDAT":null,"WATLEV":4,"INFORM":null,"SCAMIN":44999,"SORDAT":"200304","SORIND":"US,US,graph,Chart 18643","DSNM":"US5CA4JB.000","enc_service":"enc_harbour","enc_layer":"Underwater_Awash_Rock_point","enc_layer_id":34}},{"type":"Feature","id":861684,"geometry":{"type":"Point","coordinates":[-122.973659,38.207447]},"properties":{"OBJECTID":861684,"OBJL":153,"EXPSOU":null,"NATSUR":null,"NATQUA":null,"OBJNAM":null,"QUASOU":"2","SOUACC":null,"TECSOU":null,"VALSOU":null,"VERDAT":null,"WATLEV":4,"INFORM":null,"SCAMIN":44999,"SORDAT":"200304","SORIND":"US,US,graph,Chart 18643","DSNM":"US5CA4JB.000","enc_service":"enc_harbour","enc_layer":"Underwater_Awash_Rock_point","enc_layer_id":34}},{"type":"Feature","id":861690,"geometry":{"type":"Point","coordinates":[-122.97186799999997,38.206331999999975]},"properties":{"OBJECTID":861690,"OBJL":153,"EXPSOU":null,"NATSUR":null,"NATQUA":null,"OBJNAM":null,"QUASOU":"2","SOUACC":null,"TECSOU":null,"VALSOU":null,"VERDAT":null,"WATLEV":4,"INFORM":null,"SCAMIN":44999,"SORDAT":"200304","SORIND":"US,US,graph,Chart 18643","DSNM":"US5CA4JB.000","enc_service":"enc_harbour","enc_layer":"Underwater_Awash_Rock_point","enc_layer_id":34}},{"type":"Feature","id":861498,"geometry":{"type":"Point","coordinates":[-122.96991500000001,38.202608]},"properties":{"OBJECTID":861498,"OBJL":153,"EXPSOU":null,"NATSUR":null,"NATQUA":null,"OBJNAM":null,"QUASOU":"2","SOUACC":null,"TECSOU":null,"VALSOU":null,"VERDAT":null,"WATLEV":4,"INFORM":null,"SCAMIN":44999,"SORDAT":"200304","SORIND":"US,US,graph,Chart 18643","DSNM":"US5CA4JB.000","enc_service":"enc_harbour","enc_layer":"Underwater_Awash_Rock_point","enc_layer_id":34}},{"type":"Feature","id":861560,"geometry":{"type":"Point","coordinates":[-122.970124,38.22231399999998]},"properties":{"OBJECTID":861560,"OBJL":153,"EXPSOU":null,"NATSUR":null,"NATQUA":null,"OBJNAM":null,"QUASOU":"2","SOUACC":null,"TECSOU":null,"VALSOU":null,"VERDAT":null,"WATLEV":4,"INFORM":null,"SCAMIN":null,"SORDAT":"200304","SORIND":"US,US,graph,Chart 18643","DSNM":"US5CA4JB.000","enc_service":"enc_harbour","enc_layer":"Underwater_Awash_Rock_point","enc_layer_id":34}},{"type":"Feature","id":861970,"geometry":{"type":"Point","coordinates":[-122.97292199999998,38.25456200000002]},"properties":{"OBJECTID":861970,"OBJL":153,"EXPSOU":null,"NATSUR":null,"NATQUA":null,"OBJNAM":null,"QUASOU":"2","SOUACC":null,"TECSOU":null,"VALSOU":null,"VERDAT":null,"WATLEV":4,"INFORM":null,"SCAMIN":44999,"SORDAT":"200304","SORIND":"US,US,graph,Chart 18643","DSNM":"US5CA4KB.000","enc_service":"enc_harbour","enc_layer":"Underwater_Awash_Rock_point","enc_layer_id":34}},{"type":"Feature","id":861901,"geometry":{"type":"Point","coordinates":[-122.97140300000001,38.257060000000024]},"properties":{"OBJECTID":861901,"OBJL":153,"EXPSOU":null,"NATSUR":null,"NATQUA":null,"OBJNAM":null,"QUASOU":"2","SOUACC":null,"TECSOU":null,"VALSOU":null,"VERDAT":null,"WATLEV":4,"INFORM":null,"SCAMIN":null,"SORDAT":"200304","SORIND":"US,US,graph,Chart 18643","DSNM":"US5CA4KB.000","enc_service":"enc_harbour","enc_layer":"Underwater_Awash_Rock_point","enc_layer_id":34}},{"type":"Feature","id":861902,"geometry":{"type":"Point","coordinates":[-122.97096900000003,38.25640299999998]},"properties":{"OBJECTID":861902,"OBJL":153,"EXPSOU":null,"NATSUR":null,"NATQUA":null,"OBJNAM":null,"QUASOU":"2","SOUACC":null,"TECSOU":null,"VALSOU":null,"VERDAT":null,"WATLEV":4,"INFORM":null,"SCAMIN":null,"SORDAT":"200304","SORIND":"US,US,graph,Chart 18643","DSNM":"US5CA4KB.000","enc_service":"enc_harbour","enc_layer":"Underwater_Awash_Rock_point","enc_layer_id":34}},{"type":"Feature","id":861907,"geometry":{"type":"Point","coordinates":[-122.96969899999999,38.25387999999998]},"properties":{"OBJECTID":861907,"OBJL":153,"EXPSOU":null,"NATSUR":null,"NATQUA":null,"OBJNAM":null,"QUASOU":"2","SOUACC":null,"TECSOU":null,"VALSOU":null,"VERDAT":null,"WATLEV":4,"INFORM":null,"SCAMIN":44999,"SORDAT":"200304","SORIND":"US,US,graph,Chart 18643","DSNM":"US5CA4KB.000","enc_service":"enc_harbour","enc_layer":"Underwater_Awash_Rock_point","enc_layer_id":34}},{"type":"Feature","id":861912,"geometry":{"type":"Point","coordinates":[-122.96954899999997,38.253308000000004]},"properties":{"OBJECTID":861912,"OBJL":153,"EXPSOU":null,"NATSUR":null,"NATQUA":null,"OBJNAM":null,"QUASOU":"2","SOUACC":null,"TECSOU":null,"VALSOU":null,"VERDAT":null,"WATLEV":4,"INFORM":null,"SCAMIN":44999,"SORDAT":"200304","SORIND":"US,US,graph,Chart 18643","DSNM":"US5CA4KB.000","enc_service":"enc_harbour","enc_layer":"Underwater_Awash_Rock_point","enc_layer_id":34}},{"type":"Feature","id":861908,"geometry":{"type":"Point","coordinates":[-122.96878099999998,38.25152600000001]},"properties":{"OBJECTID":861908,"OBJL":153,"EXPSOU":null,"NATSUR":null,"NATQUA":null,"OBJNAM":null,"QUASOU":"2","SOUACC":null,"TECSOU":null,"VALSOU":null,"VERDAT":null,"WATLEV":4,"INFORM":null,"SCAMIN":null,"SORDAT":"200304","SORIND":"US,US,graph,Chart 18643","DSNM":"US5CA4KB.000","enc_service":"enc_harbour","enc_layer":"Underwater_Awash_Rock_point","enc_layer_id":34}},{"type":"Feature","id":861426,"geometry":{"type":"Point","coordinates":[-122.95503500000001,38.170225000000016]},"properties":{"OBJECTID":861426,"OBJL":153,"EXPSOU":null,"NATSUR":null,"NATQUA":null,"OBJNAM":null,"QUASOU":"2","SOUACC":null,"TECSOU":null,"VALSOU":null,"VERDAT":null,"WATLEV":4,"INFORM":null,"SCAMIN":null,"SORDAT":"200304","SORIND":"US,US,graph,Chart 18643","DSNM":"US5CA4IB.000","enc_service":"enc_harbour","enc_layer":"Underwater_Awash_Rock_point","enc_layer_id":34}},{"type":"Feature","id":861422,"geometry":{"type":"Point","coordinates":[-122.95097800000002,38.16238800000002]},"properties":{"OBJECTID":861422,"OBJL":153,"EXPSOU":null,"NATSUR":null,"NATQUA":null,"OBJNAM":null,"QUASOU":"2","SOUACC":null,"TECSOU":null,"VALSOU":null,"VERDAT":null,"WATLEV":4,"INFORM":null,"SCAMIN":null,"SORDAT":"200304","SORIND":"US,US,graph,Chart 18643","DSNM":"US5CA4IB.000","enc_service":"enc_harbour","enc_layer":"Underwater_Awash_Rock_point","enc_layer_id":34}},{"type":"Feature","id":861652,"geometry":{"type":"Point","coordinates":[-122.94725399999999,38.196128999999985]},"properties":{"OBJECTID":861652,"OBJL":153,"EXPSOU":null,"NATSUR":null,"NATQUA":null,"OBJNAM":null,"QUASOU":"2","SOUACC":null,"TECSOU":null,"VALSOU":null,"VERDAT":null,"WATLEV":4,"INFORM":null,"SCAMIN":null,"SORDAT":"200304","SORIND":"US,US,graph,Chart 18643","DSNM":"US5CA4JB.000","enc_service":"enc_harbour","enc_layer":"Underwater_Awash_Rock_point","enc_layer_id":34}},{"type":"Feature","id":861553,"geometry":{"type":"Point","coordinates":[-122.94627600000001,38.197903999999994]},"properties":{"OBJECTID":861553,"OBJL":153,"EXPSOU":null,"NATSUR":null,"NATQUA":null,"OBJNAM":null,"QUASOU":"2","SOUACC":null,"TECSOU":null,"VALSOU":null,"VERDAT":null,"WATLEV":4,"INFORM":null,"SCAMIN":null,"SORDAT":"200304","SORIND":"US,US,graph,Chart 18643","DSNM":"US5CA4JB.000","enc_service":"enc_harbour","enc_layer":"Underwater_Awash_Rock_point","enc_layer_id":34}},{"type":"Feature","id":861555,"geometry":{"type":"Point","coordinates":[-122.94582300000002,38.200215000000014]},"properties":{"OBJECTID":861555,"OBJL":153,"EXPSOU":null,"NATSUR":null,"NATQUA":null,"OBJNAM":null,"QUASOU":"2","SOUACC":null,"TECSOU":null,"VALSOU":null,"VERDAT":null,"WATLEV":4,"INFORM":null,"SCAMIN":null,"SORDAT":"200304","SORIND":"US,US,graph,Chart 18643","DSNM":"US5CA4JB.000","enc_service":"enc_harbour","enc_layer":"Underwater_Awash_Rock_point","enc_layer_id":34}},{"type":"Feature","id":861640,"geometry":{"type":"Point","coordinates":[-122.93573400000002,38.19671599999998]},"properties":{"OBJECTID":861640,"OBJL":153,"EXPSOU":null,"NATSUR":null,"NATQUA":null,"OBJNAM":null,"QUASOU":"2","SOUACC":null,"TECSOU":null,"VALSOU":null,"VERDAT":null,"WATLEV":4,"INFORM":null,"SCAMIN":null,"SORDAT":"200304","SORIND":"US,US,graph,Chart 18643","DSNM":"US5CA4JB.000","enc_service":"enc_harbour","enc_layer":"Underwater_Awash_Rock_point","enc_layer_id":34}},{"type":"Feature","id":861533,"geometry":{"type":"Point","coordinates":[-122.93364700000001,38.19551799999999]},"properties":{"OBJECTID":861533,"OBJL":153,"EXPSOU":null,"NATSUR":null,"NATQUA":null,"OBJNAM":null,"QUASOU":"2","SOUACC":null,"TECSOU":null,"VALSOU":null,"VERDAT":null,"WATLEV":4,"INFORM":null,"SCAMIN":null,"SORDAT":"200304","SORIND":"US,US,graph,Chart 18643","DSNM":"US5CA4JB.000","enc_service":"enc_harbour","enc_layer":"Underwater_Awash_Rock_point","enc_layer_id":34}},{"type":"Feature","id":861546,"geometry":{"type":"Point","coordinates":[-122.939031,38.21634999999998]},"properties":{"OBJECTID":861546,"OBJL":153,"EXPSOU":null,"NATSUR":null,"NATQUA":null,"OBJNAM":null,"QUASOU":"2","SOUACC":null,"TECSOU":null,"VALSOU":null,"VERDAT":null,"WATLEV":4,"INFORM":null,"SCAMIN":null,"SORDAT":"200304","SORIND":"US,US,graph,Chart 18643","DSNM":"US5CA4JB.000","enc_service":"enc_harbour","enc_layer":"Underwater_Awash_Rock_point","enc_layer_id":34}},{"type":"Feature","id":861451,"geometry":{"type":"Point","coordinates":[-122.92122599999999,38.17048399999999]},"properties":{"OBJECTID":861451,"OBJL":153,"EXPSOU":null,"NATSUR":null,"NATQUA":null,"OBJNAM":null,"QUASOU":"2","SOUACC":null,"TECSOU":null,"VALSOU":null,"VERDAT":null,"WATLEV":4,"INFORM":null,"SCAMIN":null,"SORDAT":"200304","SORIND":"US,US,graph,Chart 18643","DSNM":"US5CA4IC.000","enc_service":"enc_harbour","enc_layer":"Underwater_Awash_Rock_point","enc_layer_id":34}},{"type":"Feature","id":861707,"geometry":{"type":"Point","coordinates":[-122.99506000000002,38.23621200000002]},"properties":{"OBJECTID":861707,"OBJL":153,"EXPSOU":null,"NATSUR":null,"NATQUA":null,"OBJNAM":null,"QUASOU":"2","SOUACC":null,"TECSOU":null,"VALSOU":null,"VERDAT":null,"WATLEV":4,"INFORM":null,"SCAMIN":44999,"SORDAT":"200304","SORIND":"US,US,graph,Chart 18643","DSNM":"US5CA4JB.000","enc_service":"enc_harbour","enc_layer":"Underwater_Awash_Rock_point","enc_layer_id":34}},{"type":"Feature","id":861628,"geometry":{"type":"Point","coordinates":[-122.994979,38.22933699999999]},"properties":{"OBJECTID":861628,"OBJL":153,"EXPSOU":null,"NATSUR":null,"NATQUA":null,"OBJNAM":null,"QUASOU":"2","SOUACC":null,"TECSOU":null,"VALSOU":null,"VERDAT":null,"WATLEV":4,"INFORM":null,"SCAMIN":44999,"SORDAT":"200304","SORIND":"US,US,graph,Chart 18643","DSNM":"US5CA4JB.000","enc_service":"enc_harbour","enc_layer":"Underwater_Awash_Rock_point","enc_layer_id":34}},{"type":"Feature","id":861630,"geometry":{"type":"Point","coordinates":[-122.99449299999998,38.228365999999994]},"properties":{"OBJECTID":861630,"OBJL":153,"EXPSOU":null,"NATSUR":null,"NATQUA":null,"OBJNAM":null,"QUASOU":"2","SOUACC":null,"TECSOU":null,"VALSOU":null,"VERDAT":null,"WATLEV":4,"INFORM":null,"SCAMIN":null,"SORDAT":"200304","SORIND":"US,US,graph,Chart 18643","DSNM":"US5CA4JB.000","enc_service":"enc_harbour","enc_layer":"Underwater_Awash_Rock_point","enc_layer_id":34}},{"type":"Feature","id":861629,"geometry":{"type":"Point","coordinates":[-122.99363499999998,38.22894000000002]},"properties":{"OBJECTID":861629,"OBJL":153,"EXPSOU":null,"NATSUR":null,"NATQUA":null,"OBJNAM":null,"QUASOU":"2","SOUACC":null,"TECSOU":null,"VALSOU":null,"VERDAT":null,"WATLEV":4,"INFORM":null,"SCAMIN":44999,"SORDAT":"200304","SORIND":"US,US,graph,Chart 18643","DSNM":"US5CA4JB.000","enc_service":"enc_harbour","enc_layer":"Underwater_Awash_Rock_point","enc_layer_id":34}},{"type":"Feature","id":861508,"geometry":{"type":"Point","coordinates":[-122.99303600000002,38.233348999999976]},"properties":{"OBJECTID":861508,"OBJL":153,"EXPSOU":null,"NATSUR":null,"NATQUA":null,"OBJNAM":null,"QUASOU":"2","SOUACC":null,"TECSOU":null,"VALSOU":null,"VERDAT":null,"WATLEV":4,"INFORM":null,"SCAMIN":44999,"SORDAT":"200304","SORIND":"US,US,graph,Chart 18643","DSNM":"US5CA4JB.000","enc_service":"enc_harbour","enc_layer":"Underwater_Awash_Rock_point","enc_layer_id":34}},{"type":"Feature","id":861623,"geometry":{"type":"Point","coordinates":[-122.99082399999998,38.230233]},"properties":{"OBJECTID":861623,"OBJL":153,"EXPSOU":null,"NATSUR":null,"NATQUA":null,"OBJNAM":null,"QUASOU":"2","SOUACC":null,"TECSOU":null,"VALSOU":null,"VERDAT":null,"WATLEV":4,"INFORM":null,"SCAMIN":44999,"SORDAT":"200304","SORIND":"US,US,graph,Chart 18643","DSNM":"US5CA4JB.000","enc_service":"enc_harbour","enc_layer":"Underwater_Awash_Rock_point","enc_layer_id":34}},{"type":"Feature","id":861611,"geometry":{"type":"Point","coordinates":[-122.99675200000001,38.240553999999975]},"properties":{"OBJECTID":861611,"OBJL":153,"EXPSOU":null,"NATSUR":null,"NATQUA":null,"OBJNAM":null,"QUASOU":"2","SOUACC":null,"TECSOU":null,"VALSOU":null,"VERDAT":null,"WATLEV":4,"INFORM":null,"SCAMIN":44999,"SORDAT":"200304","SORIND":"US,US,graph,Chart 18643","DSNM":"US5CA4JB.000","enc_service":"enc_harbour","enc_layer":"Underwater_Awash_Rock_point","enc_layer_id":34}},{"type":"Feature","id":861613,"geometry":{"type":"Point","coordinates":[-122.99589300000002,38.24157300000002]},"properties":{"OBJECTID":861613,"OBJL":153,"EXPSOU":null,"NATSUR":null,"NATQUA":null,"OBJNAM":null,"QUASOU":"2","SOUACC":null,"TECSOU":null,"VALSOU":null,"VERDAT":null,"WATLEV":4,"INFORM":null,"SCAMIN":44999,"SORDAT":"200304","SORIND":"US,US,graph,Chart 18643","DSNM":"US5CA4JB.000","enc_service":"enc_harbour","enc_layer":"Underwater_Awash_Rock_point","enc_layer_id":34}},{"type":"Feature","id":861608,"geometry":{"type":"Point","coordinates":[-122.99580700000001,38.238703999999984]},"properties":{"OBJECTID":861608,"OBJL":153,"EXPSOU":null,"NATSUR":null,"NATQUA":null,"OBJNAM":null,"QUASOU":"2","SOUACC":null,"TECSOU":null,"VALSOU":null,"VERDAT":null,"WATLEV":4,"INFORM":null,"SCAMIN":44999,"SORDAT":"200304","SORIND":"US,US,graph,Chart 18643","DSNM":"US5CA4JB.000","enc_service":"enc_harbour","enc_layer":"Underwater_Awash_Rock_point","enc_layer_id":34}},{"type":"Feature","id":861670,"geometry":{"type":"Point","coordinates":[-122.97999199999998,38.21257700000001]},"properties":{"OBJECTID":861670,"OBJL":153,"EXPSOU":null,"NATSUR":null,"NATQUA":null,"OBJNAM":null,"QUASOU":"2","SOUACC":null,"TECSOU":null,"VALSOU":null,"VERDAT":null,"WATLEV":4,"INFORM":null,"SCAMIN":44999,"SORDAT":"200304","SORIND":"US,US,graph,Chart 18643","DSNM":"US5CA4JB.000","enc_service":"enc_harbour","enc_layer":"Underwater_Awash_Rock_point","enc_layer_id":34}},{"type":"Feature","id":861671,"geometry":{"type":"Point","coordinates":[-122.979668,38.21281399999998]},"properties":{"OBJECTID":861671,"OBJL":153,"EXPSOU":null,"NATSUR":null,"NATQUA":null,"OBJNAM":null,"QUASOU":"2","SOUACC":null,"TECSOU":null,"VALSOU":null,"VERDAT":null,"WATLEV":4,"INFORM":null,"SCAMIN":44999,"SORDAT":"200304","SORIND":"US,US,graph,Chart 18643","DSNM":"US5CA4JB.000","enc_service":"enc_harbour","enc_layer":"Underwater_Awash_Rock_point","enc_layer_id":34}},{"type":"Feature","id":861582,"geometry":{"type":"Point","coordinates":[-122.97794499999998,38.21040199999999]},"properties":{"OBJECTID":861582,"OBJL":153,"EXPSOU":null,"NATSUR":null,"NATQUA":null,"OBJNAM":null,"QUASOU":"2","SOUACC":null,"TECSOU":null,"VALSOU":null,"VERDAT":null,"WATLEV":4,"INFORM":null,"SCAMIN":44999,"SORDAT":"200304","SORIND":"US,US,graph,Chart 18643","DSNM":"US5CA4JB.000","enc_service":"enc_harbour","enc_layer":"Underwater_Awash_Rock_point","enc_layer_id":34}},{"type":"Feature","id":861525,"geometry":{"type":"Point","coordinates":[-122.98479600000002,38.22220399999998]},"properties":{"OBJECTID":861525,"OBJL":153,"EXPSOU":null,"NATSUR":null,"NATQUA":null,"OBJNAM":null,"QUASOU":"2","SOUACC":null,"TECSOU":null,"VALSOU":null,"VERDAT":null,"WATLEV":4,"INFORM":null,"SCAMIN":44999,"SORDAT":"200304","SORIND":"US,US,graph,Chart 18643","DSNM":"US5CA4JB.000","enc_service":"enc_harbour","enc_layer":"Underwater_Awash_Rock_point","enc_layer_id":34}},{"type":"Feature","id":861569,"geometry":{"type":"Point","coordinates":[-122.98362200000003,38.219592999999975]},"properties":{"OBJECTID":861569,"OBJL":153,"EXPSOU":null,"NATSUR":null,"NATQUA":null,"OBJNAM":null,"QUASOU":"2","SOUACC":null,"TECSOU":null,"VALSOU":null,"VERDAT":null,"WATLEV":4,"INFORM":null,"SCAMIN":44999,"SORDAT":"200304","SORIND":"US,US,graph,Chart 18643","DSNM":"US5CA4JB.000","enc_service":"enc_harbour","enc_layer":"Underwater_Awash_Rock_point","enc_layer_id":34}},{"type":"Feature","id":861531,"geometry":{"type":"Point","coordinates":[-122.98274099999998,38.22161]},"properties":{"OBJECTID":861531,"OBJL":153,"EXPSOU":null,"NATSUR":null,"NATQUA":null,"OBJNAM":null,"QUASOU":"2","SOUACC":null,"TECSOU":null,"VALSOU":null,"VERDAT":null,"WATLEV":4,"INFORM":null,"SCAMIN":44999,"SORDAT":"200304","SORIND":"US,US,graph,Chart 18643","DSNM":"US5CA4JB.000","enc_service":"enc_harbour","enc_layer":"Underwater_Awash_Rock_point","enc_layer_id":34}},{"type":"Feature","id":861532,"geometry":{"type":"Point","coordinates":[-122.981672,38.22130800000002]},"properties":{"OBJECTID":861532,"OBJL":153,"EXPSOU":null,"NATSUR":null,"NATQUA":null,"OBJNAM":null,"QUASOU":"2","SOUACC":null,"TECSOU":null,"VALSOU":null,"VERDAT":null,"WATLEV":4,"INFORM":null,"SCAMIN":44999,"SORDAT":"200304","SORIND":"US,US,graph,Chart 18643","DSNM":"US5CA4JB.000","enc_service":"enc_harbour","enc_layer":"Underwater_Awash_Rock_point","enc_layer_id":34}},{"type":"Feature","id":861655,"geometry":{"type":"Point","coordinates":[-122.986241,38.23762199999999]},"properties":{"OBJECTID":861655,"OBJL":153,"EXPSOU":null,"NATSUR":null,"NATQUA":null,"OBJNAM":null,"QUASOU":"2","SOUACC":null,"TECSOU":null,"VALSOU":null,"VERDAT":null,"WATLEV":4,"INFORM":null,"SCAMIN":44999,"SORDAT":"200304","SORIND":"US,US,graph,Chart 18643","DSNM":"US5CA4JB.000","enc_service":"enc_harbour","enc_layer":"Underwater_Awash_Rock_point","enc_layer_id":34}},{"type":"Feature","id":861503,"geometry":{"type":"Point","coordinates":[-122.96740699999998,38.18458900000002]},"properties":{"OBJECTID":861503,"OBJL":153,"EXPSOU":null,"NATSUR":null,"NATQUA":null,"OBJNAM":null,"QUASOU":"2","SOUACC":null,"TECSOU":null,"VALSOU":null,"VERDAT":null,"WATLEV":4,"INFORM":null,"SCAMIN":null,"SORDAT":"200304","SORIND":"US,US,graph,Chart 18643","DSNM":"US5CA4JB.000","enc_service":"enc_harbour","enc_layer":"Underwater_Awash_Rock_point","enc_layer_id":34}},{"type":"Feature","id":861585,"geometry":{"type":"Point","coordinates":[-122.97695199999998,38.20934599999998]},"properties":{"OBJECTID":861585,"OBJL":153,"EXPSOU":null,"NATSUR":null,"NATQUA":null,"OBJNAM":null,"QUASOU":"2","SOUACC":null,"TECSOU":null,"VALSOU":null,"VERDAT":null,"WATLEV":4,"INFORM":null,"SCAMIN":44999,"SORDAT":"200304","SORIND":"US,US,graph,Chart 18643","DSNM":"US5CA4JB.000","enc_service":"enc_harbour","enc_layer":"Underwater_Awash_Rock_point","enc_layer_id":34}},{"type":"Feature","id":861590,"geometry":{"type":"Point","coordinates":[-122.97649200000001,38.20953500000002]},"properties":{"OBJECTID":861590,"OBJL":153,"EXPSOU":null,"NATSUR":null,"NATQUA":null,"OBJNAM":null,"QUASOU":"2","SOUACC":null,"TECSOU":null,"VALSOU":null,"VERDAT":null,"WATLEV":4,"INFORM":null,"SCAMIN":44999,"SORDAT":"200304","SORIND":"US,US,graph,Chart 18643","DSNM":"US5CA4JB.000","enc_service":"enc_harbour","enc_layer":"Underwater_Awash_Rock_point","enc_layer_id":34}},{"type":"Feature","id":861682,"geometry":{"type":"Point","coordinates":[-122.97393299999999,38.208259]},"properties":{"OBJECTID":861682,"OBJL":153,"EXPSOU":null,"NATSUR":null,"NATQUA":null,"OBJNAM":null,"QUASOU":"2","SOUACC":null,"TECSOU":null,"VALSOU":null,"VERDAT":null,"WATLEV":4,"INFORM":null,"SCAMIN":44999,"SORDAT":"200304","SORIND":"US,US,graph,Chart 18643","DSNM":"US5CA4JB.000","enc_service":"enc_harbour","enc_layer":"Underwater_Awash_Rock_point","enc_layer_id":34}},{"type":"Feature","id":861493,"geometry":{"type":"Point","coordinates":[-122.97188899999998,38.20350300000001]},"properties":{"OBJECTID":861493,"OBJL":153,"EXPSOU":null,"NATSUR":null,"NATQUA":null,"OBJNAM":null,"QUASOU":"2","SOUACC":null,"TECSOU":null,"VALSOU":null,"VERDAT":null,"WATLEV":4,"INFORM":null,"SCAMIN":44999,"SORDAT":"200304","SORIND":"US,US,graph,Chart 18643","DSNM":"US5CA4JB.000","enc_service":"enc_harbour","enc_layer":"Underwater_Awash_Rock_point","enc_layer_id":34}},{"type":"Feature","id":861497,"geometry":{"type":"Point","coordinates":[-122.97061500000001,38.202631999999994]},"properties":{"OBJECTID":861497,"OBJL":153,"EXPSOU":null,"NATSUR":null,"NATQUA":null,"OBJNAM":null,"QUASOU":"2","SOUACC":null,"TECSOU":null,"VALSOU":null,"VERDAT":null,"WATLEV":4,"INFORM":null,"SCAMIN":44999,"SORDAT":"200304","SORIND":"US,US,graph,Chart 18643","DSNM":"US5CA4JB.000","enc_service":"enc_harbour","enc_layer":"Underwater_Awash_Rock_point","enc_layer_id":34}},{"type":"Feature","id":861499,"geometry":{"type":"Point","coordinates":[-122.968951,38.202500999999984]},"properties":{"OBJECTID":861499,"OBJL":153,"EXPSOU":null,"NATSUR":null,"NATQUA":null,"OBJNAM":null,"QUASOU":"2","SOUACC":null,"TECSOU":null,"VALSOU":null,"VERDAT":null,"WATLEV":4,"INFORM":null,"SCAMIN":44999,"SORDAT":"200304","SORIND":"US,US,graph,Chart 18643","DSNM":"US5CA4JB.000","enc_service":"enc_harbour","enc_layer":"Underwater_Awash_Rock_point","enc_layer_id":34}},{"type":"Feature","id":861559,"geometry":{"type":"Point","coordinates":[-122.96999699999998,38.22158300000001]},"properties":{"OBJECTID":861559,"OBJL":153,"EXPSOU":null,"NATSUR":null,"NATQUA":null,"OBJNAM":null,"QUASOU":"2","SOUACC":null,"TECSOU":null,"VALSOU":null,"VERDAT":null,"WATLEV":4,"INFORM":null,"SCAMIN":null,"SORDAT":"200304","SORIND":"US,US,graph,Chart 18643","DSNM":"US5CA4JB.000","enc_service":"enc_harbour","enc_layer":"Underwater_Awash_Rock_point","enc_layer_id":34}},{"type":"Feature","id":861974,"geometry":{"type":"Point","coordinates":[-122.973499,38.25820299999998]},"properties":{"OBJECTID":861974,"OBJL":153,"EXPSOU":null,"NATSUR":null,"NATQUA":null,"OBJNAM":null,"QUASOU":"2","SOUACC":null,"TECSOU":null,"VALSOU":null,"VERDAT":null,"WATLEV":4,"INFORM":null,"SCAMIN":44999,"SORDAT":"200304","SORIND":"US,US,graph,Chart 18643","DSNM":"US5CA4KB.000","enc_service":"enc_harbour","enc_layer":"Underwater_Awash_Rock_point","enc_layer_id":34}},{"type":"Feature","id":862040,"geometry":{"type":"Point","coordinates":[-122.97255489999998,38.25980199999998]},"properties":{"OBJECTID":862040,"OBJL":153,"EXPSOU":null,"NATSUR":null,"NATQUA":null,"OBJNAM":null,"QUASOU":"2","SOUACC":null,"TECSOU":null,"VALSOU":null,"VERDAT":null,"WATLEV":4,"INFORM":null,"SCAMIN":null,"SORDAT":"200304","SORIND":"US,US,graph,Chart 18643","DSNM":"US5CA4KB.000","enc_service":"enc_harbour","enc_layer":"Underwater_Awash_Rock_point","enc_layer_id":34}},{"type":"Feature","id":861430,"geometry":{"type":"Point","coordinates":[-122.95464600000003,38.173175000000015]},"properties":{"OBJECTID":861430,"OBJL":153,"EXPSOU":null,"NATSUR":null,"NATQUA":null,"OBJNAM":null,"QUASOU":"2","SOUACC":null,"TECSOU":null,"VALSOU":null,"VERDAT":null,"WATLEV":4,"INFORM":null,"SCAMIN":null,"SORDAT":"200304","SORIND":"US,US,graph,Chart 18643","DSNM":"US5CA4IB.000","enc_service":"enc_harbour","enc_layer":"Underwater_Awash_Rock_point","enc_layer_id":34}},{"type":"Feature","id":861601,"geometry":{"type":"Point","coordinates":[-122.964249,38.180057999999974]},"properties":{"OBJECTID":861601,"OBJL":153,"EXPSOU":null,"NATSUR":null,"NATQUA":null,"OBJNAM":null,"QUASOU":"2","SOUACC":null,"TECSOU":null,"VALSOU":null,"VERDAT":null,"WATLEV":4,"INFORM":null,"SCAMIN":null,"SORDAT":"200304","SORIND":"US,US,graph,Chart 18643","DSNM":"US5CA4JB.000","enc_service":"enc_harbour","enc_layer":"Underwater_Awash_Rock_point","enc_layer_id":34}},{"type":"Feature","id":861600,"geometry":{"type":"Point","coordinates":[-122.96394800000002,38.18056300000001]},"properties":{"OBJECTID":861600,"OBJL":153,"EXPSOU":null,"NATSUR":null,"NATQUA":null,"OBJNAM":null,"QUASOU":"2","SOUACC":null,"TECSOU":null,"VALSOU":null,"VERDAT":null,"WATLEV":4,"INFORM":null,"SCAMIN":null,"SORDAT":"200304","SORIND":"US,US,graph,Chart 18643","DSNM":"US5CA4JB.000","enc_service":"enc_harbour","enc_layer":"Underwater_Awash_Rock_point","enc_layer_id":34}},{"type":"Feature","id":861557,"geometry":{"type":"Point","coordinates":[-122.96026799999999,38.21004599999998]},"properties":{"OBJECTID":861557,"OBJL":153,"EXPSOU":null,"NATSUR":null,"NATQUA":null,"OBJNAM":null,"QUASOU":"2","SOUACC":null,"TECSOU":null,"VALSOU":null,"VERDAT":null,"WATLEV":4,"INFORM":null,"SCAMIN":null,"SORDAT":"200304","SORIND":"US,US,graph,Chart 18643","DSNM":"US5CA4JB.000","enc_service":"enc_harbour","enc_layer":"Underwater_Awash_Rock_point","enc_layer_id":34}},{"type":"Feature","id":861543,"geometry":{"type":"Point","coordinates":[-122.954297,38.21913799999999]},"properties":{"OBJECTID":861543,"OBJL":153,"EXPSOU":null,"NATSUR":null,"NATQUA":null,"OBJNAM":null,"QUASOU":"2","SOUACC":null,"TECSOU":null,"VALSOU":null,"VERDAT":null,"WATLEV":4,"INFORM":null,"SCAMIN":null,"SORDAT":"200304","SORIND":"US,US,graph,Chart 18643","DSNM":"US5CA4JB.000","enc_service":"enc_harbour","enc_layer":"Underwater_Awash_Rock_point","enc_layer_id":34}},{"type":"Feature","id":861645,"geometry":{"type":"Point","coordinates":[-122.93005900000003,38.182548]},"properties":{"OBJECTID":861645,"OBJL":153,"EXPSOU":null,"NATSUR":null,"NATQUA":null,"OBJNAM":null,"QUASOU":"2","SOUACC":null,"TECSOU":null,"VALSOU":null,"VERDAT":null,"WATLEV":4,"INFORM":null,"SCAMIN":null,"SORDAT":"200304","SORIND":"US,US,graph,Chart 18643","DSNM":"US5CA4JB.000","enc_service":"enc_harbour","enc_layer":"Underwater_Awash_Rock_point","enc_layer_id":34}},{"type":"Feature","id":861635,"geometry":{"type":"Point","coordinates":[-122.93643800000001,38.19779699999998]},"properties":{"OBJECTID":861635,"OBJL":153,"EXPSOU":2,"NATSUR":null,"NATQUA":null,"OBJNAM":null,"QUASOU":null,"SOUACC":null,"TECSOU":null,"VALSOU":0,"VERDAT":null,"WATLEV":5,"INFORM":null,"SCAMIN":null,"SORDAT":"200304","SORIND":"US,US,graph,Chart 18643","DSNM":"US5CA4JB.000","enc_service":"enc_harbour","enc_layer":"Underwater_Awash_Rock_point","enc_layer_id":34}},{"type":"Feature","id":861536,"geometry":{"type":"Point","coordinates":[-122.940291,38.216962000000024]},"properties":{"OBJECTID":861536,"OBJL":153,"EXPSOU":2,"NATSUR":null,"NATQUA":null,"OBJNAM":null,"QUASOU":null,"SOUACC":null,"TECSOU":null,"VALSOU":0,"VERDAT":null,"WATLEV":5,"INFORM":null,"SCAMIN":null,"SORDAT":"200304","SORIND":"US,US,graph,Chart 18643","DSNM":"US5CA4JB.000","enc_service":"enc_harbour","enc_layer":"Underwater_Awash_Rock_point","enc_layer_id":34}},{"type":"Feature","id":861728,"geometry":{"type":"Point","coordinates":[-122.922259,38.20024699999999]},"properties":{"OBJECTID":861728,"OBJL":153,"EXPSOU":2,"NATSUR":null,"NATQUA":null,"OBJNAM":null,"QUASOU":null,"SOUACC":null,"TECSOU":null,"VALSOU":0,"VERDAT":null,"WATLEV":5,"INFORM":null,"SCAMIN":null,"SORDAT":"200304","SORIND":"US,US,graph,Chart 18643","DSNM":"US5CA4JC.000","enc_service":"enc_harbour","enc_layer":"Underwater_Awash_Rock_point","enc_layer_id":34}},{"type":"Feature","id":861702,"geometry":{"type":"Point","coordinates":[-122.99559799999997,38.23763100000002]},"properties":{"OBJECTID":861702,"OBJL":153,"EXPSOU":null,"NATSUR":null,"NATQUA":null,"OBJNAM":null,"QUASOU":"2","SOUACC":null,"TECSOU":null,"VALSOU":null,"VERDAT":null,"WATLEV":4,"INFORM":null,"SCAMIN":44999,"SORDAT":"200304","SORIND":"US,US,graph,Chart 18643","DSNM":"US5CA4JB.000","enc_service":"enc_harbour","enc_layer":"Underwater_Awash_Rock_point","enc_layer_id":34}},{"type":"Feature","id":861516,"geometry":{"type":"Point","coordinates":[-122.99542200000002,38.231570999999974]},"properties":{"OBJECTID":861516,"OBJL":153,"EXPSOU":null,"NATSUR":null,"NATQUA":null,"OBJNAM":null,"QUASOU":"2","SOUACC":null,"TECSOU":null,"VALSOU":null,"VERDAT":null,"WATLEV":4,"INFORM":null,"SCAMIN":44999,"SORDAT":"200304","SORIND":"US,US,graph,Chart 18643","DSNM":"US5CA4JB.000","enc_service":"enc_harbour","enc_layer":"Underwater_Awash_Rock_point","enc_layer_id":34}},{"type":"Feature","id":861518,"geometry":{"type":"Point","coordinates":[-122.99318399999999,38.23004800000001]},"properties":{"OBJECTID":861518,"OBJL":153,"EXPSOU":null,"NATSUR":null,"NATQUA":null,"OBJNAM":null,"QUASOU":"2","SOUACC":null,"TECSOU":null,"VALSOU":null,"VERDAT":null,"WATLEV":4,"INFORM":null,"SCAMIN":44999,"SORDAT":"200304","SORIND":"US,US,graph,Chart 18643","DSNM":"US5CA4JB.000","enc_service":"enc_harbour","enc_layer":"Underwater_Awash_Rock_point","enc_layer_id":34}},{"type":"Feature","id":861631,"geometry":{"type":"Point","coordinates":[-122.990902,38.228605000000016]},"properties":{"OBJECTID":861631,"OBJL":153,"EXPSOU":null,"NATSUR":null,"NATQUA":null,"OBJNAM":null,"QUASOU":"2","SOUACC":null,"TECSOU":null,"VALSOU":null,"VERDAT":null,"WATLEV":4,"INFORM":null,"SCAMIN":44999,"SORDAT":"200304","SORIND":"US,US,graph,Chart 18643","DSNM":"US5CA4JB.000","enc_service":"enc_harbour","enc_layer":"Underwater_Awash_Rock_point","enc_layer_id":34}},{"type":"Feature","id":861700,"geometry":{"type":"Point","coordinates":[-122.99659600000001,38.241900999999984]},"properties":{"OBJECTID":861700,"OBJL":153,"EXPSOU":null,"NATSUR":null,"NATQUA":null,"OBJNAM":null,"QUASOU":"2","SOUACC":null,"TECSOU":null,"VALSOU":null,"VERDAT":null,"WATLEV":4,"INFORM":null,"SCAMIN":44999,"SORDAT":"200304","SORIND":"US,US,graph,Chart 18643","DSNM":"US5CA4JB.000","enc_service":"enc_harbour","enc_layer":"Underwater_Awash_Rock_point","enc_layer_id":34}},{"type":"Feature","id":861607,"geometry":{"type":"Point","coordinates":[-122.99612200000001,38.23952000000003]},"properties":{"OBJECTID":861607,"OBJL":153,"EXPSOU":null,"NATSUR":null,"NATQUA":null,"OBJNAM":null,"QUASOU":"2","SOUACC":null,"TECSOU":null,"VALSOU":null,"VERDAT":null,"WATLEV":4,"INFORM":null,"SCAMIN":44999,"SORDAT":"200304","SORIND":"US,US,graph,Chart 18643","DSNM":"US5CA4JB.000","enc_service":"enc_harbour","enc_layer":"Underwater_Awash_Rock_point","enc_layer_id":34}},{"type":"Feature","id":861616,"geometry":{"type":"Point","coordinates":[-122.99435799999998,38.24092999999999]},"properties":{"OBJECTID":861616,"OBJL":153,"EXPSOU":null,"NATSUR":null,"NATQUA":null,"OBJNAM":null,"QUASOU":"2","SOUACC":null,"TECSOU":null,"VALSOU":null,"VERDAT":null,"WATLEV":4,"INFORM":null,"SCAMIN":44999,"SORDAT":"200304","SORIND":"US,US,graph,Chart 18643","DSNM":"US5CA4JB.000","enc_service":"enc_harbour","enc_layer":"Underwater_Awash_Rock_point","enc_layer_id":34}},{"type":"Feature","id":861668,"geometry":{"type":"Point","coordinates":[-122.98177700000002,38.21382599999998]},"properties":{"OBJECTID":861668,"OBJL":153,"EXPSOU":null,"NATSUR":null,"NATQUA":null,"OBJNAM":null,"QUASOU":"2","SOUACC":null,"TECSOU":null,"VALSOU":null,"VERDAT":null,"WATLEV":4,"INFORM":null,"SCAMIN":44999,"SORDAT":"200304","SORIND":"US,US,graph,Chart 18643","DSNM":"US5CA4JB.000","enc_service":"enc_harbour","enc_layer":"Underwater_Awash_Rock_point","enc_layer_id":34}},{"type":"Feature","id":861678,"geometry":{"type":"Point","coordinates":[-122.97931699999998,38.212151000000006]},"properties":{"OBJECTID":861678,"OBJL":153,"EXPSOU":null,"NATSUR":null,"NATQUA":null,"OBJNAM":null,"QUASOU":"2","SOUACC":null,"TECSOU":null,"VALSOU":null,"VERDAT":null,"WATLEV":4,"INFORM":null,"SCAMIN":44999,"SORDAT":"200304","SORIND":"US,US,graph,Chart 18643","DSNM":"US5CA4JB.000","enc_service":"enc_harbour","enc_layer":"Underwater_Awash_Rock_point","enc_layer_id":34}},{"type":"Feature","id":861721,"geometry":{"type":"Point","coordinates":[-122.97896400000002,38.211118]},"properties":{"OBJECTID":861721,"OBJL":153,"EXPSOU":2,"NATSUR":null,"NATQUA":null,"OBJNAM":null,"QUASOU":"6","SOUACC":null,"TECSOU":null,"VALSOU":-0.9,"VERDAT":null,"WATLEV":4,"INFORM":null,"SCAMIN":44999,"SORDAT":"200304","SORIND":"US,US,graph,Chart 18643","DSNM":"US5CA4JB.000","enc_service":"enc_harbour","enc_layer":"Underwater_Awash_Rock_point","enc_layer_id":34}},{"type":"Feature","id":861677,"geometry":{"type":"Point","coordinates":[-122.97885100000002,38.212387999999976]},"properties":{"OBJECTID":861677,"OBJL":153,"EXPSOU":null,"NATSUR":null,"NATQUA":null,"OBJNAM":null,"QUASOU":"2","SOUACC":null,"TECSOU":null,"VALSOU":null,"VERDAT":null,"WATLEV":4,"INFORM":null,"SCAMIN":44999,"SORDAT":"200304","SORIND":"US,US,graph,Chart 18643","DSNM":"US5CA4JB.000","enc_service":"enc_harbour","enc_layer":"Underwater_Awash_Rock_point","enc_layer_id":34}},{"type":"Feature","id":861580,"geometry":{"type":"Point","coordinates":[-122.97841399999999,38.210845000000006]},"properties":{"OBJECTID":861580,"OBJL":153,"EXPSOU":null,"NATSUR":null,"NATQUA":null,"OBJNAM":null,"QUASOU":"2","SOUACC":null,"TECSOU":null,"VALSOU":null,"VERDAT":null,"WATLEV":4,"INFORM":null,"SCAMIN":44999,"SORDAT":"200304","SORIND":"US,US,graph,Chart 18643","DSNM":"US5CA4JB.000","enc_service":"enc_harbour","enc_layer":"Underwater_Awash_Rock_point","enc_layer_id":34}},{"type":"Feature","id":861679,"geometry":{"type":"Point","coordinates":[-122.97817300000003,38.21171700000002]},"properties":{"OBJECTID":861679,"OBJL":153,"EXPSOU":null,"NATSUR":null,"NATQUA":null,"OBJNAM":null,"QUASOU":"2","SOUACC":null,"TECSOU":null,"VALSOU":null,"VERDAT":null,"WATLEV":4,"INFORM":null,"SCAMIN":44999,"SORDAT":"200304","SORIND":"US,US,graph,Chart 18643","DSNM":"US5CA4JB.000","enc_service":"enc_harbour","enc_layer":"Underwater_Awash_Rock_point","enc_layer_id":34}},{"type":"Feature","id":861526,"geometry":{"type":"Point","coordinates":[-122.98433699999998,38.22198400000002]},"properties":{"OBJECTID":861526,"OBJL":153,"EXPSOU":null,"NATSUR":null,"NATQUA":null,"OBJNAM":null,"QUASOU":"2","SOUACC":null,"TECSOU":null,"VALSOU":null,"VERDAT":null,"WATLEV":4,"INFORM":null,"SCAMIN":44999,"SORDAT":"200304","SORIND":"US,US,graph,Chart 18643","DSNM":"US5CA4JB.000","enc_service":"enc_harbour","enc_layer":"Underwater_Awash_Rock_point","enc_layer_id":34}},{"type":"Feature","id":861568,"geometry":{"type":"Point","coordinates":[-122.98303399999998,38.219592999999975]},"properties":{"OBJECTID":861568,"OBJL":153,"EXPSOU":null,"NATSUR":null,"NATQUA":null,"OBJNAM":null,"QUASOU":"2","SOUACC":null,"TECSOU":null,"VALSOU":null,"VERDAT":null,"WATLEV":4,"INFORM":null,"SCAMIN":44999,"SORDAT":"200304","SORIND":"US,US,graph,Chart 18643","DSNM":"US5CA4JB.000","enc_service":"enc_harbour","enc_layer":"Underwater_Awash_Rock_point","enc_layer_id":34}},{"type":"Feature","id":861575,"geometry":{"type":"Point","coordinates":[-122.98247700000002,38.21636000000001]},"properties":{"OBJECTID":861575,"OBJL":153,"EXPSOU":null,"NATSUR":null,"NATQUA":null,"OBJNAM":null,"QUASOU":"2","SOUACC":null,"TECSOU":null,"VALSOU":null,"VERDAT":null,"WATLEV":4,"INFORM":null,"SCAMIN":44999,"SORDAT":"200304","SORIND":"US,US,graph,Chart 18643","DSNM":"US5CA4JB.000","enc_service":"enc_harbour","enc_layer":"Underwater_Awash_Rock_point","enc_layer_id":34}},{"type":"Feature","id":861669,"geometry":{"type":"Point","coordinates":[-122.98120499999999,38.21399200000002]},"properties":{"OBJECTID":861669,"OBJL":153,"EXPSOU":null,"NATSUR":null,"NATQUA":null,"OBJNAM":null,"QUASOU":"2","SOUACC":null,"TECSOU":null,"VALSOU":null,"VERDAT":null,"WATLEV":4,"INFORM":null,"SCAMIN":44999,"SORDAT":"200304","SORIND":"US,US,graph,Chart 18643","DSNM":"US5CA4JB.000","enc_service":"enc_harbour","enc_layer":"Underwater_Awash_Rock_point","enc_layer_id":34}},{"type":"Feature","id":861642,"geometry":{"type":"Point","coordinates":[-122.988245,38.22782799999999]},"properties":{"OBJECTID":861642,"OBJL":153,"EXPSOU":null,"NATSUR":null,"NATQUA":null,"OBJNAM":null,"QUASOU":"2","SOUACC":null,"TECSOU":null,"VALSOU":null,"VERDAT":null,"WATLEV":4,"INFORM":null,"SCAMIN":44999,"SORDAT":"200304","SORIND":"US,US,graph,Chart 18643","DSNM":"US5CA4JB.000","enc_service":"enc_harbour","enc_layer":"Underwater_Awash_Rock_point","enc_layer_id":34}},{"type":"Feature","id":861656,"geometry":{"type":"Point","coordinates":[-122.986941,38.23755699999998]},"properties":{"OBJECTID":861656,"OBJL":153,"EXPSOU":null,"NATSUR":null,"NATQUA":null,"OBJNAM":null,"QUASOU":"2","SOUACC":null,"TECSOU":null,"VALSOU":null,"VERDAT":null,"WATLEV":4,"INFORM":null,"SCAMIN":44999,"SORDAT":"200304","SORIND":"US,US,graph,Chart 18643","DSNM":"US5CA4JB.000","enc_service":"enc_harbour","enc_layer":"Underwater_Awash_Rock_point","enc_layer_id":34}},{"type":"Feature","id":861565,"geometry":{"type":"Point","coordinates":[-122.98656,38.237144]},"properties":{"OBJECTID":861565,"OBJL":153,"EXPSOU":null,"NATSUR":null,"NATQUA":null,"OBJNAM":null,"QUASOU":"2","SOUACC":null,"TECSOU":null,"VALSOU":null,"VERDAT":null,"WATLEV":4,"INFORM":null,"SCAMIN":44999,"SORDAT":"200304","SORIND":"US,US,graph,Chart 18643","DSNM":"US5CA4JB.000","enc_service":"enc_harbour","enc_layer":"Underwater_Awash_Rock_point","enc_layer_id":34}},{"type":"Feature","id":861562,"geometry":{"type":"Point","coordinates":[-122.97947699999997,38.229671999999994]},"properties":{"OBJECTID":861562,"OBJL":153,"EXPSOU":null,"NATSUR":null,"NATQUA":null,"OBJNAM":null,"QUASOU":"2","SOUACC":null,"TECSOU":null,"VALSOU":null,"VERDAT":null,"WATLEV":4,"INFORM":null,"SCAMIN":null,"SORDAT":"200304","SORIND":"US,US,graph,Chart 18643","DSNM":"US5CA4JB.000","enc_service":"enc_harbour","enc_layer":"Underwater_Awash_Rock_point","enc_layer_id":34}},{"type":"Feature","id":861597,"geometry":{"type":"Point","coordinates":[-122.96820500000001,38.18305099999998]},"properties":{"OBJECTID":861597,"OBJL":153,"EXPSOU":null,"NATSUR":null,"NATQUA":null,"OBJNAM":null,"QUASOU":"2","SOUACC":null,"TECSOU":null,"VALSOU":null,"VERDAT":null,"WATLEV":4,"INFORM":null,"SCAMIN":null,"SORDAT":"200304","SORIND":"US,US,graph,Chart 18643","DSNM":"US5CA4JB.000","enc_service":"enc_harbour","enc_layer":"Underwater_Awash_Rock_point","enc_layer_id":34}},{"type":"Feature","id":861502,"geometry":{"type":"Point","coordinates":[-122.96757400000001,38.20069699999999]},"properties":{"OBJECTID":861502,"OBJL":153,"EXPSOU":null,"NATSUR":null,"NATQUA":null,"OBJNAM":null,"QUASOU":"2","SOUACC":null,"TECSOU":null,"VALSOU":null,"VERDAT":null,"WATLEV":4,"INFORM":null,"SCAMIN":44999,"SORDAT":"200304","SORIND":"US,US,graph,Chart 18643","DSNM":"US5CA4JB.000","enc_service":"enc_harbour","enc_layer":"Underwater_Awash_Rock_point","enc_layer_id":34}},{"type":"Feature","id":861637,"geometry":{"type":"Point","coordinates":[-122.97496899999999,38.20679999999999]},"properties":{"OBJECTID":861637,"OBJL":153,"EXPSOU":2,"NATSUR":null,"NATQUA":null,"OBJNAM":null,"QUASOU":null,"SOUACC":null,"TECSOU":null,"VALSOU":0,"VERDAT":null,"WATLEV":5,"INFORM":null,"SCAMIN":44999,"SORDAT":"200304","SORIND":"US,US,graph,Chart 18643","DSNM":"US5CA4JB.000","enc_service":"enc_harbour","enc_layer":"Underwater_Awash_Rock_point","enc_layer_id":34}},{"type":"Feature","id":861686,"geometry":{"type":"Point","coordinates":[-122.974894,38.207335]},"properties":{"OBJECTID":861686,"OBJL":153,"EXPSOU":null,"NATSUR":null,"NATQUA":null,"OBJNAM":null,"QUASOU":"2","SOUACC":null,"TECSOU":null,"VALSOU":null,"VERDAT":null,"WATLEV":4,"INFORM":null,"SCAMIN":44999,"SORDAT":"200304","SORIND":"US,US,graph,Chart 18643","DSNM":"US5CA4JB.000","enc_service":"enc_harbour","enc_layer":"Underwater_Awash_Rock_point","enc_layer_id":34}},{"type":"Feature","id":861691,"geometry":{"type":"Point","coordinates":[-122.97245500000002,38.20632599999999]},"properties":{"OBJECTID":861691,"OBJL":153,"EXPSOU":null,"NATSUR":null,"NATQUA":null,"OBJNAM":null,"QUASOU":"2","SOUACC":null,"TECSOU":null,"VALSOU":null,"VERDAT":null,"WATLEV":4,"INFORM":null,"SCAMIN":44999,"SORDAT":"200304","SORIND":"US,US,graph,Chart 18643","DSNM":"US5CA4JB.000","enc_service":"enc_harbour","enc_layer":"Underwater_Awash_Rock_point","enc_layer_id":34}},{"type":"Feature","id":862037,"geometry":{"type":"Point","coordinates":[-122.97347300000001,38.25915600000002]},"properties":{"OBJECTID":862037,"OBJL":153,"EXPSOU":null,"NATSUR":null,"NATQUA":null,"OBJNAM":null,"QUASOU":"2","SOUACC":null,"TECSOU":null,"VALSOU":null,"VERDAT":null,"WATLEV":4,"INFORM":null,"SCAMIN":44999,"SORDAT":"200304","SORIND":"US,US,graph,Chart 18643","DSNM":"US5CA4KB.000","enc_service":"enc_harbour","enc_layer":"Underwater_Awash_Rock_point","enc_layer_id":34}},{"type":"Feature","id":861909,"geometry":{"type":"Point","coordinates":[-122.969382,38.25188800000001]},"properties":{"OBJECTID":861909,"OBJL":153,"EXPSOU":null,"NATSUR":null,"NATQUA":null,"OBJNAM":null,"QUASOU":"2","SOUACC":null,"TECSOU":null,"VALSOU":null,"VERDAT":null,"WATLEV":4,"INFORM":null,"SCAMIN":44999,"SORDAT":"200304","SORIND":"US,US,graph,Chart 18643","DSNM":"US5CA4KB.000","enc_service":"enc_harbour","enc_layer":"Underwater_Awash_Rock_point","enc_layer_id":34}},{"type":"Feature","id":861427,"geometry":{"type":"Point","coordinates":[-122.95476400000001,38.17066999999997]},"properties":{"OBJECTID":861427,"OBJL":153,"EXPSOU":null,"NATSUR":null,"NATQUA":null,"OBJNAM":null,"QUASOU":"2","SOUACC":null,"TECSOU":null,"VALSOU":null,"VERDAT":null,"WATLEV":4,"INFORM":null,"SCAMIN":null,"SORDAT":"200304","SORIND":"US,US,graph,Chart 18643","DSNM":"US5CA4IB.000","enc_service":"enc_harbour","enc_layer":"Underwater_Awash_Rock_point","enc_layer_id":34}},{"type":"Feature","id":861552,"geometry":{"type":"Point","coordinates":[-122.94705099999999,38.19716799999998]},"properties":{"OBJECTID":861552,"OBJL":153,"EXPSOU":null,"NATSUR":null,"NATQUA":null,"OBJNAM":null,"QUASOU":"2","SOUACC":null,"TECSOU":null,"VALSOU":null,"VERDAT":null,"WATLEV":4,"INFORM":null,"SCAMIN":null,"SORDAT":"200304","SORIND":"US,US,graph,Chart 18643","DSNM":"US5CA4JB.000","enc_service":"enc_harbour","enc_layer":"Underwater_Awash_Rock_point","enc_layer_id":34}},{"type":"Feature","id":861556,"geometry":{"type":"Point","coordinates":[-122.95004399999999,38.205303000000015]},"properties":{"OBJECTID":861556,"OBJL":153,"EXPSOU":null,"NATSUR":null,"NATQUA":null,"OBJNAM":null,"QUASOU":"2","SOUACC":null,"TECSOU":null,"VALSOU":null,"VERDAT":null,"WATLEV":4,"INFORM":null,"SCAMIN":null,"SORDAT":"200304","SORIND":"US,US,graph,Chart 18643","DSNM":"US5CA4JB.000","enc_service":"enc_harbour","enc_layer":"Underwater_Awash_Rock_point","enc_layer_id":34}},{"type":"Feature","id":861550,"geometry":{"type":"Point","coordinates":[-122.93619799999999,38.21422000000001]},"properties":{"OBJECTID":861550,"OBJL":153,"EXPSOU":null,"NATSUR":null,"NATQUA":null,"OBJNAM":null,"QUASOU":"2","SOUACC":null,"TECSOU":null,"VALSOU":null,"VERDAT":null,"WATLEV":4,"INFORM":null,"SCAMIN":null,"SORDAT":"200304","SORIND":"US,US,graph,Chart 18643","DSNM":"US5CA4JB.000","enc_service":"enc_harbour","enc_layer":"Underwater_Awash_Rock_point","enc_layer_id":34}},{"type":"Feature","id":861450,"geometry":{"type":"Point","coordinates":[-122.92136099999999,38.16987799999998]},"properties":{"OBJECTID":861450,"OBJL":153,"EXPSOU":null,"NATSUR":null,"NATQUA":null,"OBJNAM":null,"QUASOU":"2","SOUACC":null,"TECSOU":null,"VALSOU":null,"VERDAT":null,"WATLEV":4,"INFORM":null,"SCAMIN":null,"SORDAT":"200304","SORIND":"US,US,graph,Chart 18643","DSNM":"US5CA4IC.000","enc_service":"enc_harbour","enc_layer":"Underwater_Awash_Rock_point","enc_layer_id":34}},{"type":"Feature","id":135504,"geometry":{"type":"Polygon","coordinates":[[[-122.973458,38.224603],[-122.97344900000002,38.22458399999999],[-122.973408,38.22443199999998],[-122.97342300000003,38.224332000000004],[-122.97331700000001,38.22424799999999],[-122.97325699999999,38.224211000000025],[-122.97319299999998,38.22418099999999],[-122.97315500000002,38.22415000000001],[-122.97312099999999,38.22411299999999],[-122.97307799999999,38.22410000000002],[-122.97301900000002,38.22409299999998],[-122.972963,38.22410000000002],[-122.972869,38.22411299999999],[-122.972827,38.22411299999999],[-122.97275400000001,38.22410000000002],[-122.97267799999997,38.22406000000001],[-122.97260599999998,38.22404],[-122.972533,38.22404],[-122.97237100000001,38.224042999999995],[-122.97226899999998,38.22403300000002],[-122.97221400000001,38.224019999999996],[-122.97216700000001,38.22399899999999],[-122.97211600000003,38.223963000000026],[-122.97206899999998,38.22389500000003],[-122.972035,38.22380099999998],[-122.97200900000001,38.223748],[-122.97197899999998,38.22371700000002],[-122.97188999999997,38.223659999999995],[-122.971766,38.22359],[-122.97171500000002,38.22355900000002],[-122.97166399999998,38.22351600000002],[-122.971562,38.22344500000003],[-122.97150599999998,38.22342800000001],[-122.971451,38.22341499999999],[-122.97139600000003,38.22339099999999],[-122.97133200000002,38.22334799999999],[-122.97126300000002,38.22330099999999],[-122.971225,38.22325000000001],[-122.97116999999997,38.22313300000002],[-122.971136,38.222995000000026],[-122.97107999999997,38.22283700000003],[-122.97097400000001,38.222631999999976],[-122.97085900000002,38.22242699999998],[-122.97078199999999,38.222312999999986],[-122.970687,38.222189000000014],[-122.97056300000003,38.222058000000004],[-122.97051199999999,38.22201100000001],[-122.97044,38.221937000000025],[-122.97040099999998,38.22188],[-122.970346,38.22178600000001],[-122.97034200000002,38.221772999999985],[-122.97014999999999,38.22168099999999],[-122.97005360000003,38.22163269999999],[-122.97019399999999,38.221911999999975],[-122.97025200000002,38.22207500000002],[-122.9703644,38.22217619999998],[-122.97041200000001,38.222218999999996],[-122.970527,38.222391000000016],[-122.97072200000002,38.22274299999998],[-122.97093899999999,38.22311400000001],[-122.97119099999998,38.22344800000002],[-122.97171900000001,38.223882],[-122.97205100000002,38.22412600000001],[-122.97229199999998,38.22417100000001],[-122.97256700000003,38.224288],[-122.97297900000001,38.22446000000002],[-122.973458,38.224603]]]},"properties":{"OBJECTID":135504,"OBJL":86,"CATOBS":"foul area","CONDTN":null,"EXPSOU":null,"HEIGHT":null,"NATCON":null,"NATQUA":null,"OBJNAM":null,"PRODCT":null,"QUASOU":"2","SOUACC":null,"TECSOU":null,"VALSOU":null,"VERACC":null,"VERDAT":null,"VERLEN":null,"WATLEV":3,"NATSUR":null,"INFORM":null,"SCAMIN":null,"SORDAT":"200304","SORIND":"US,US,graph,Chart 18643","DSNM":"US5CA4JB.000","SHAPE.AREA":1.0559853e-06,"SHAPE.LEN":0.00968661919622432,"enc_service":"enc_harbour","enc_layer":"Obstruction_area","enc_layer_id":156}},{"type":"Feature","id":135503,"geometry":{"type":"Polygon","coordinates":[[[-122.971723,38.237405000000024],[-122.97181799999998,38.23701],[-122.97197799999998,38.23661499999997],[-122.97200500000002,38.23643099999998],[-122.97212999999999,38.23626899999999],[-122.97225800000001,38.236084000000005],[-122.97236500000002,38.23589500000003],[-122.97242299999999,38.235694000000024],[-122.97245500000002,38.23552999999998],[-122.972487,38.235341000000005],[-122.97256199999998,38.23512299999999],[-122.97260310000001,38.234988799999996],[-122.97262239999998,38.23492590000001],[-122.972599,38.23494299999999],[-122.97240299999999,38.234977000000015],[-122.972285,38.23501779999998],[-122.9722792,38.23515370000001],[-122.97225639999999,38.23533650000002],[-122.97219740000003,38.23553829999997],[-122.972059,38.23592000000002],[-122.97189700000001,38.236275999999975],[-122.971814,38.23643499999997],[-122.97168399999998,38.236695999999995],[-122.97161899999998,38.23688299999998],[-122.9716267,38.23701410000001],[-122.9716267,38.23725209999998],[-122.97165940000002,38.237534600000004],[-122.97166499999997,38.237685399999975],[-122.971723,38.237405000000024]]]},"properties":{"OBJECTID":135503,"OBJL":86,"CATOBS":"foul area","CONDTN":null,"EXPSOU":null,"HEIGHT":null,"NATCON":null,"NATQUA":null,"OBJNAM":null,"PRODCT":null,"QUASOU":"2","SOUACC":null,"TECSOU":null,"VALSOU":null,"VERACC":null,"VERDAT":null,"VERLEN":null,"WATLEV":3,"NATSUR":null,"INFORM":null,"SCAMIN":null,"SORDAT":"200304","SORIND":"US,US,graph,Chart 18643","DSNM":"US5CA4JB.000","SHAPE.AREA":5.866904050000001e-07,"SHAPE.LEN":0.00611011535455666,"enc_service":"enc_harbour","enc_layer":"Obstruction_area","enc_layer_id":156}},{"type":"Feature","id":135507,"geometry":{"type":"Polygon","coordinates":[[[-122.98457000000002,38.235022000000015],[-122.98444060000003,38.23494629999999],[-122.98453330000001,38.23525710000001],[-122.9845803,38.235318800000016],[-122.9846273,38.235566000000006],[-122.98461170000002,38.235714299999984],[-122.98459600000001,38.235998499999994],[-122.98459359999998,38.23618750000003],[-122.98475020000001,38.236385299999995],[-122.985048,38.23674360000001],[-122.9852831,38.23700309999998],[-122.98537700000003,38.23712660000001],[-122.98551809999998,38.237410899999986],[-122.98564340000001,38.23754680000002],[-122.9858314,38.23762099999999],[-122.9860195,38.237769300000025],[-122.98626539999998,38.237911199999985],[-122.98646910000002,38.2380101],[-122.9866571,38.238108899999986],[-122.9868765,38.23814599999997],[-122.98723690000003,38.2382202],[-122.98767559999999,38.238356099999976],[-122.98865840000002,38.238568499999985],[-122.9892087,38.238724400000024],[-122.98926949999998,38.238741600000026],[-122.9894888,38.23882809999998],[-122.98951140000003,38.23883760000001],[-122.98992750000002,38.239013399999976],[-122.99005210000001,38.23906490000002],[-122.99015209999999,38.23910619999998],[-122.99025660000001,38.239149399999974],[-122.9908206,38.239433599999984],[-122.9916245,38.239768500000025],[-122.99223560000001,38.24013919999999],[-122.99273699999998,38.240398700000014],[-122.9930233,38.240595299999995],[-122.99322269999999,38.24073229999999],[-122.9939038,38.241219899999976],[-122.99405780000001,38.24133019999999],[-122.99457480000001,38.24183690000001],[-122.9945985,38.24186070000002],[-122.99482360000002,38.24208659999999],[-122.9949196,38.24218289999999],[-122.9949843,38.24222179999998],[-122.99548099999998,38.24252100000001],[-122.995792,38.24273099999999],[-122.99598700000001,38.242786000000024],[-122.99640260000001,38.24271140000002],[-122.99649649999998,38.24269450000003],[-122.99652700000001,38.242688999999984],[-122.99698799999999,38.242493000000024],[-122.99699290000001,38.24248929999999],[-122.99722700000001,38.24231200000003],[-122.99740500000001,38.24210900000003],[-122.997502,38.24197600000002],[-122.99757299999999,38.24182999999999],[-122.99761699999999,38.241675999999984],[-122.99765300000001,38.241466],[-122.997724,38.24112500000001],[-122.99772000000002,38.24099000000001],[-122.99771500000003,38.24076200000002],[-122.99765300000001,38.240432999999996],[-122.99755499999998,38.24004200000002],[-122.99738639999998,38.23934910000003],[-122.9972601,38.23862300000002],[-122.99723410000001,38.23847360000002],[-122.99719329999999,38.23823920000001],[-122.99712899999997,38.238088000000005],[-122.99699600000002,38.23756400000002],[-122.99695910000003,38.2374135],[-122.99693939999997,38.23733340000001],[-122.99685399999998,38.236985000000004],[-122.99671419999999,38.23655439999999],[-122.9967064,38.236530500000015],[-122.99667699999998,38.236440000000016],[-122.99658110000001,38.23618690000001],[-122.9965482,38.23610020000001],[-122.99647299999998,38.23590200000001],[-122.9961975,38.23540980000001],[-122.9961161,38.23526450000003],[-122.99604699999998,38.235141],[-122.99600299999997,38.235071000000005],[-122.99598500000002,38.23492399999998],[-122.99601200000001,38.234736],[-122.99609299999997,38.234590000000026],[-122.99611520000002,38.23454459999999],[-122.99618199999998,38.23440799999997],[-122.99640399999998,38.23412200000001],[-122.99654099999998,38.23387300000002],[-122.99661900000001,38.23366600000003],[-122.99663700000002,38.233406],[-122.99666000000002,38.233113],[-122.996623,38.232932000000005],[-122.99662799999999,38.23271799999998],[-122.996598,38.232613000000015],[-122.996575,38.232483],[-122.99657200000001,38.23246599999999],[-122.99656299999998,38.23228399999999],[-122.99648289999999,38.23194940000002],[-122.9964756,38.23191919999999],[-122.996466,38.23187899999999],[-122.99645700000002,38.231697999999994],[-122.99635,38.23126500000001],[-122.99629700000003,38.231056000000024],[-122.99622599999998,38.230845999999985],[-122.9961707,38.23072860000002],[-122.99602199999998,38.230413],[-122.99565000000001,38.22966600000001],[-122.99534,38.22926100000001],[-122.99504330000002,38.2288772],[-122.99489699999998,38.22868799999998],[-122.99489399999999,38.22868540000002],[-122.994666,38.22849200000002],[-122.99429459999999,38.22823540000002],[-122.99422600000003,38.22818799999999],[-122.99416830000001,38.22816369999998],[-122.993964,38.22807769999997],[-122.99396000000002,38.22807599999999],[-122.99393090000001,38.228068399999984],[-122.99320219999998,38.22787740000001],[-122.993109,38.22785299999998],[-122.99275399999999,38.22771799999998],[-122.99235599999997,38.227498000000026],[-122.99188900000001,38.22729700000002],[-122.99114500000002,38.22699],[-122.99032999999997,38.226647000000014],[-122.9898258,38.22631560000002],[-122.989621,38.226181],[-122.98909200000003,38.22590700000001],[-122.98862600000001,38.225573],[-122.98845740000002,38.22535499999998],[-122.98823440000001,38.22506679999998],[-122.98822969999998,38.22506069999997],[-122.98822339999998,38.225052500000004],[-122.98820330000001,38.22502659999998],[-122.98819250000003,38.225012100000015],[-122.988159,38.22496749999999],[-122.98815710000002,38.224965],[-122.988136,38.22493680000002],[-122.9881145,38.22490800000003],[-122.9880698,38.224831300000005],[-122.98798140000002,38.22465119999998],[-122.98798140000002,38.22465110000002],[-122.9879813,38.22465110000002],[-122.9879785,38.224645399999986],[-122.98796879999998,38.224627999999996],[-122.98794500000002,38.22458399999999],[-122.98794049999998,38.22457730000002],[-122.9875869,38.224046799999996],[-122.9875839,38.224042999999995],[-122.98689089999999,38.2234416],[-122.986851,38.22340700000001],[-122.98667599999999,38.22326800000002],[-122.98648100000003,38.223108000000025],[-122.986242,38.22300999999999],[-122.98604699999999,38.22292599999997],[-122.98575399999999,38.222825],[-122.98570539999997,38.22281270000002],[-122.98543489999997,38.22274399999998],[-122.98524120000002,38.22269490000002],[-122.98518580000001,38.222592899999995],[-122.9850007,38.22225209999999],[-122.98484810000002,38.221971199999984],[-122.98477589999999,38.22188369999998],[-122.98476499999998,38.22187050000002],[-122.98454229999999,38.22160070000001],[-122.9844607,38.221493399999986],[-122.9842802,38.221256100000005],[-122.98427279999999,38.221242700000005],[-122.9841864,38.22108589999999],[-122.984171,38.22105800000003],[-122.98416609999998,38.22099939999998],[-122.98413829999998,38.22067019999997],[-122.98418859999998,38.220551],[-122.98423209999999,38.2204481],[-122.98429110000001,38.22030840000002],[-122.98439400000001,38.21999699999998],[-122.98447900000002,38.21984600000002],[-122.9844885,38.21979299999998],[-122.98451399999999,38.21965],[-122.98451399999999,38.21963440000002],[-122.98451399999999,38.219526299999984],[-122.98451399999999,38.219336],[-122.98447900000002,38.21919600000001],[-122.98442499999999,38.219014000000016],[-122.98441259999998,38.218994399999985],[-122.98433699999998,38.218875000000025],[-122.98416800000001,38.21873499999998],[-122.98384099999998,38.21841999999998],[-122.9837422,38.2182444],[-122.9836712,38.218104400000016],[-122.98366220000003,38.21797140000001],[-122.98365319999999,38.217748400000005],[-122.98363319999999,38.21736010000001],[-122.98362700000001,38.217240000000004],[-122.98362700000001,38.21702399999998],[-122.98358919999998,38.216843100000006],[-122.9835698,38.21675019999998],[-122.98349400000001,38.216548999999986],[-122.98345,38.21645799999999],[-122.983157,38.216080999999974],[-122.98282369999998,38.21570350000002],[-122.98275000000001,38.21562],[-122.98258820000001,38.21535979999999],[-122.982528,38.21526299999999],[-122.98252500000001,38.21525070000001],[-122.98249299999998,38.21511700000002],[-122.982484,38.21505400000001],[-122.982484,38.21496300000001],[-122.98248560000002,38.21495729999998],[-122.98250200000001,38.2149],[-122.982617,38.21479499999998],[-122.98272989999998,38.21471709999997],[-122.98275899999999,38.214697],[-122.98298699999998,38.21454699999998],[-122.98313999999999,38.21441800000002],[-122.9832242,38.21435919999999],[-122.98327899999998,38.214320999999984],[-122.98340300000001,38.214139999999986],[-122.98350900000003,38.21381100000002],[-122.98353600000002,38.213504],[-122.98349200000001,38.213265999999976],[-122.98341199999999,38.213099],[-122.98309929999999,38.212789799999996],[-122.98273890000002,38.2127294],[-122.98254229999998,38.212695],[-122.9819364,38.21268709999998],[-122.9818871,38.212686399999996],[-122.98127549999998,38.212591599999996],[-122.9811459,38.21257780000002],[-122.98070760000002,38.21253130000002],[-122.98028169999998,38.212402],[-122.97985299999999,38.21216629999998],[-122.97937250000001,38.211709600000006],[-122.97917589999997,38.211502800000005],[-122.97917589999997,38.21112360000001],[-122.97913030000001,38.2110457],[-122.97911040000002,38.21101169999997],[-122.9790936,38.211003600000026],[-122.9787718,38.210848],[-122.97835679999997,38.2105808],[-122.97824889999998,38.210531100000026],[-122.97822580000002,38.21052049999997],[-122.97819679999998,38.21048339999999],[-122.97805110000002,38.21029650000003],[-122.97776720000002,38.21015],[-122.97763609999998,38.209994800000004],[-122.97739580000001,38.209891500000026],[-122.97714459999997,38.209745],[-122.9771025,38.20965100000001],[-122.97707910000003,38.20959859999999],[-122.97719469999998,38.20938289999998],[-122.97719919999997,38.209374500000024],[-122.9774873,38.209040500000015],[-122.97771660000001,38.20880779999999],[-122.97790229999998,38.208678599999985],[-122.9781097,38.20854079999998],[-122.97831730000001,38.208454500000016],[-122.97833200000002,38.2084327],[-122.97840459999998,38.20832530000001],[-122.97828929999997,38.20820839999999],[-122.97825169999999,38.208170199999984],[-122.9778258,38.208178799999985],[-122.97709409999999,38.20812710000001],[-122.97664630000003,38.208152900000016],[-122.97642789999998,38.20803230000001],[-122.97630779999997,38.20785999999998],[-122.976133,38.207678999999985],[-122.97609540000002,38.207662500000026],[-122.97593649999999,38.207592799999986],[-122.97571549999998,38.20764919999999],[-122.9755652,38.207687599999986],[-122.97522659999998,38.207670399999984],[-122.97513930000002,38.20753250000001],[-122.97509559999997,38.20740319999999],[-122.97520479999997,38.20712750000001],[-122.97523760000001,38.206877599999984],[-122.9751738,38.20672200000001],[-122.97516819999998,38.20670849999999],[-122.9751642,38.206698700000004],[-122.9750113,38.206534999999974],[-122.97485840000002,38.20651779999997],[-122.97457530000003,38.206580900000006],[-122.97435610000002,38.20662979999997],[-122.97399560000002,38.206698700000004],[-122.97381000000001,38.206715900000006],[-122.97366799999998,38.2066815],[-122.97353700000002,38.206509100000005],[-122.97328579999999,38.206147199999975],[-122.97311109999998,38.205854199999976],[-122.97292540000001,38.20552679999997],[-122.97281620000001,38.2051735],[-122.97269599999998,38.20482870000001],[-122.9726058,38.20410229999999],[-122.97230009999998,38.20349900000002],[-122.97190549999999,38.20313110000001],[-122.97181949999998,38.203050899999994],[-122.97119700000002,38.20250800000002],[-122.97060049999999,38.20225160000001],[-122.97051820000001,38.202230799999995],[-122.9704284,38.20220810000001],[-122.97005439999998,38.20211360000002],[-122.97003510000002,38.20211039999998],[-122.96955919999999,38.20203099999998],[-122.96948650000002,38.202018899999985],[-122.96945060000002,38.202001199999984],[-122.96922439999997,38.20188949999999],[-122.96896579999998,38.20173140000003],[-122.96844900000002,38.20141560000002],[-122.96805590000002,38.20114840000002],[-122.96779379999998,38.20087269999999],[-122.96752140000001,38.200370599999985],[-122.96722649999998,38.19982759999999],[-122.96707359999999,38.199534700000015],[-122.96699719999998,38.19927610000002],[-122.9669644,38.19890550000002],[-122.9669088,38.19845670000001],[-122.96696350000002,38.197956799999986],[-122.96710990000003,38.19722009999998],[-122.96713820000002,38.19707770000002],[-122.967221,38.196076000000005],[-122.96723480000003,38.19590920000002],[-122.96725429999998,38.195673899999974],[-122.96729800000003,38.19449309999999],[-122.96734370000001,38.19362269999999],[-122.96727809999999,38.1926229],[-122.96725629999997,38.191614500000014],[-122.96715210000002,38.19074089999998],[-122.96699919999998,38.18987040000002],[-122.96699919999998,38.18943089999999],[-122.96702019999998,38.18928440000002],[-122.96706110000002,38.188997900000004],[-122.96707559999999,38.1888965],[-122.96705630000002,38.18873930000001],[-122.96701560000002,38.188407600000005],[-122.96698759999998,38.188196500000004],[-122.96691729999998,38.18766640000001],[-122.9667862,38.186925099999996],[-122.96676630000002,38.18662840000002],[-122.966766,38.186627999999985],[-122.9667652,38.186599100000024],[-122.96676389999999,38.18655319999999],[-122.96676339999999,38.186535100000015],[-122.96675499999998,38.186238],[-122.96676930000001,38.18597510000001],[-122.96677,38.18596200000002],[-122.96677030000001,38.185961599999985],[-122.96682499999997,38.18511860000001],[-122.96683589999998,38.184989299999984],[-122.96684679999998,38.184860000000015],[-122.96674200000001,38.18399690000001],[-122.96673099999998,38.18401],[-122.966702,38.184033],[-122.966677,38.18403699999999],[-122.966658,38.184033],[-122.966633,38.18402200000003],[-122.96661399999999,38.18400300000002],[-122.96661399999999,38.18395600000002],[-122.96662300000003,38.183910000000026],[-122.96665300000001,38.183876],[-122.966677,38.18384500000002],[-122.96669200000002,38.183817999999974],[-122.96670599999999,38.183786999999995],[-122.96671600000002,38.18375200000003],[-122.966721,38.18370599999997],[-122.966721,38.18366800000001],[-122.96671600000002,38.183636999999976],[-122.96669700000001,38.18362100000002],[-122.966677,38.18361399999998],[-122.96665300000001,38.183606],[-122.96661399999999,38.18360200000001],[-122.966565,38.183606],[-122.96651100000003,38.183625000000006],[-122.96635500000002,38.18371000000002],[-122.9662902,38.1837438],[-122.96622300000001,38.183779000000015],[-122.966115,38.18383299999999],[-122.96601800000002,38.18387899999999],[-122.96590099999997,38.183941000000004],[-122.96580799999998,38.18400300000002],[-122.96574900000002,38.184049000000016],[-122.96567099999999,38.18414100000001],[-122.96560019999998,38.18426849999997],[-122.96553399999999,38.18438800000001],[-122.96545600000002,38.184506999999996],[-122.96540199999998,38.18459200000001],[-122.96535399999999,38.184672999999975],[-122.96532400000001,38.18474600000002],[-122.96528,38.18491999999998],[-122.96525600000001,38.185216000000025],[-122.96524599999998,38.18534699999998],[-122.96522199999998,38.185415999999975],[-122.96519699999999,38.18550099999999],[-122.965168,38.18556699999999],[-122.96513299999998,38.185809000000006],[-122.96511800000002,38.185951999999986],[-122.96511800000002,38.186094000000026],[-122.96516600000001,38.18653929999999],[-122.96517699999998,38.18664100000001],[-122.9651877,38.186738100000014],[-122.96526999999998,38.18748900000003],[-122.965259,38.187599999999975],[-122.96525680000002,38.18763389999998],[-122.96522499999998,38.188128000000006],[-122.965147,38.18866700000001],[-122.96511800000002,38.189167999999995],[-122.965103,38.189648999999974],[-122.96508799999998,38.19015400000001],[-122.96511299999997,38.19072399999999],[-122.96513700000003,38.19082800000001],[-122.965171,38.190931999999975],[-122.96521999999999,38.191013],[-122.96531800000002,38.19110899999998],[-122.96542499999998,38.19116300000002],[-122.965508,38.191197999999986],[-122.96559100000002,38.191220999999985],[-122.96566899999999,38.191259],[-122.96572300000003,38.19130200000001],[-122.965777,38.191363000000024],[-122.96585499999998,38.191394],[-122.96590400000002,38.19140199999998],[-122.96594299999998,38.19142099999999],[-122.96597200000002,38.19145200000003],[-122.96599200000003,38.191498000000024],[-122.96601099999998,38.19152100000002],[-122.966026,38.19153299999999],[-122.96603099999999,38.19154800000001],[-122.96603099999999,38.19155999999998],[-122.96602100000001,38.19156800000002],[-122.96599700000002,38.19156800000002],[-122.96596699999998,38.19156400000003],[-122.96594800000003,38.191552],[-122.965938,38.19154099999997],[-122.96591899999999,38.19152500000001],[-122.96589899999998,38.19152100000002],[-122.96587899999997,38.19152100000002],[-122.96585499999998,38.19152500000001],[-122.96584000000001,38.19154400000002],[-122.96583099999998,38.19156800000002],[-122.96583099999998,38.191598],[-122.96586000000002,38.191641000000004],[-122.96587499999998,38.191664],[-122.96588400000002,38.19170200000002],[-122.96587499999998,38.19172900000001],[-122.965845,38.191768000000025],[-122.96581099999997,38.19179500000001],[-122.96574700000002,38.19185599999997],[-122.96571799999998,38.19190600000002],[-122.96568400000001,38.19201800000002],[-122.96565900000002,38.192071999999996],[-122.96564000000001,38.19212599999997],[-122.96561500000001,38.19215700000001],[-122.96559100000002,38.19219099999998],[-122.96549800000003,38.19227599999999],[-122.96541000000002,38.192342],[-122.965371,38.192368999999985],[-122.96534279999997,38.19238560000002],[-122.96533199999999,38.192391999999984],[-122.96529299999997,38.19244600000002],[-122.96527400000002,38.19247999999999],[-122.96526899999998,38.19254599999999],[-122.96526899999998,38.192634],[-122.965352,38.19317699999999],[-122.96544399999999,38.19376299999999],[-122.96547900000002,38.19412799999998],[-122.965488,38.19451700000002],[-122.96547399999997,38.194721000000015],[-122.965484,38.19477499999999],[-122.96549800000003,38.19484499999999],[-122.96552300000002,38.195041],[-122.96556199999998,38.195261000000016],[-122.96558599999997,38.19558799999999],[-122.96558599999997,38.19578000000001],[-122.96560920000002,38.19601979999999],[-122.96561100000002,38.19603799999999],[-122.96561600000001,38.19612699999999],[-122.96564000000001,38.196218999999985],[-122.965733,38.196393],[-122.96589399999999,38.196623999999986],[-122.96594800000003,38.196686],[-122.96598699999998,38.19672800000001],[-122.96600699999999,38.196751000000006],[-122.96624300000002,38.196793000000014],[-122.96626300000003,38.196799],[-122.96628099999998,38.19680899999997],[-122.96650899999997,38.196965999999975],[-122.96652599999999,38.197001],[-122.96652599999999,38.197022000000004],[-122.96651100000003,38.197067000000004],[-122.96646700000002,38.19720799999999],[-122.96646199999998,38.197224000000006],[-122.96643599999999,38.19726200000002],[-122.96641399999999,38.19728199999997],[-122.966387,38.197295],[-122.96635600000002,38.197303999999974],[-122.96633600000001,38.197306000000026],[-122.96628500000003,38.19730199999998],[-122.96626099999997,38.19729000000001],[-122.966159,38.197224000000006],[-122.96613300000001,38.19721500000003],[-122.96610340000001,38.19720669999998],[-122.96608579999997,38.197213999999974],[-122.96607949999998,38.19725749999998],[-122.966094,38.197329000000025],[-122.96613400000001,38.19753700000001],[-122.966163,38.197699],[-122.966227,38.19806799999998],[-122.96639299999998,38.198576],[-122.966564,38.19920000000002],[-122.966701,38.199693000000025],[-122.966726,38.19976200000002],[-122.96673500000003,38.19980099999998],[-122.96674000000002,38.199832000000015],[-122.96674000000002,38.199855000000014],[-122.96673099999998,38.19987400000002],[-122.96673099999998,38.19995899999998],[-122.966745,38.199990000000014],[-122.96677899999997,38.20006999999998],[-122.96687200000002,38.200424999999996],[-122.967014,38.20094499999999],[-122.967063,38.20107999999999],[-122.96718499999997,38.201306999999986],[-122.96733599999999,38.201599999999985],[-122.96739200000002,38.20171099999999],[-122.967422,38.20176500000002],[-122.967466,38.20181100000002],[-122.96752329999998,38.201869999999985],[-122.96752900000001,38.20187600000003],[-122.967627,38.20199600000001],[-122.967715,38.20212299999997],[-122.96781700000003,38.20226100000002],[-122.96793400000001,38.20239600000002],[-122.968008,38.202499999999986],[-122.96812,38.20261599999998],[-122.96829600000001,38.20280100000002],[-122.96830119999998,38.202806099999975],[-122.96843209999997,38.20293620000001],[-122.96846199999999,38.202966],[-122.968569,38.20303200000001],[-122.9686256,38.20306099999999],[-122.96864299999999,38.203070000000025],[-122.96867700000001,38.203074000000015],[-122.96873099999999,38.203078000000005],[-122.96876500000002,38.203078000000005],[-122.968838,38.203070000000025],[-122.968862,38.20306599999998],[-122.968906,38.203047000000026],[-122.96894500000002,38.20302800000002],[-122.968999,38.20297799999997],[-122.96903800000001,38.202920000000006],[-122.96905800000002,38.202912000000026],[-122.96907700000003,38.202901],[-122.969131,38.20290499999999],[-122.96917000000002,38.202912000000026],[-122.96920899999998,38.202935000000025],[-122.96923900000002,38.202966],[-122.96925800000002,38.202989],[-122.96930700000001,38.20302800000002],[-122.96934599999997,38.203055000000006],[-122.96938499999999,38.20306599999998],[-122.96943900000002,38.203078000000005],[-122.969473,38.203089999999975],[-122.96950199999998,38.20310899999998],[-122.96952199999998,38.20313199999998],[-122.96954099999999,38.20316700000001],[-122.96957099999997,38.203228000000024],[-122.969605,38.20327099999997],[-122.96965899999998,38.20329700000002],[-122.969698,38.203328],[-122.96972699999998,38.20335899999998],[-122.96973700000001,38.203374999999994],[-122.96975600000002,38.20340900000002],[-122.969786,38.20349399999998],[-122.9697961,38.20352789999998],[-122.96981,38.203575],[-122.969856,38.203659000000016],[-122.970012,38.203867],[-122.97014130000002,38.204032100000006],[-122.97025660000003,38.20417950000001],[-122.97027100000003,38.20419800000002],[-122.97035570000003,38.2043319],[-122.97045609999998,38.20449050000002],[-122.970481,38.20452999999998],[-122.970549,38.20464900000002],[-122.97055339999997,38.20466110000001],[-122.970574,38.204718000000014],[-122.97062299999999,38.20488799999998],[-122.97063700000001,38.20494600000001],[-122.970662,38.20502299999998],[-122.970711,38.20513799999998],[-122.97086200000001,38.20545800000002],[-122.970955,38.20569999999998],[-122.971048,38.20588900000001],[-122.97110199999997,38.20600400000001],[-122.97112600000003,38.20606600000002],[-122.97118,38.20622800000001],[-122.971249,38.20637799999997],[-122.97133200000002,38.20656300000002],[-122.971385,38.20667800000001],[-122.97144400000002,38.20677499999999],[-122.971517,38.20686699999999],[-122.971634,38.206998],[-122.97176100000001,38.20712099999997],[-122.97209400000003,38.20737600000001],[-122.97248400000001,38.20766099999997],[-122.97269699999998,38.207832999999994],[-122.97289699999999,38.20802200000003],[-122.97308800000002,38.20818700000001],[-122.973273,38.20832999999999],[-122.97340000000003,38.20841100000001],[-122.97351800000001,38.208496000000025],[-122.97357599999998,38.208533999999986],[-122.97364499999998,38.20856500000002],[-122.97381100000001,38.20861500000001],[-122.97434800000002,38.20875699999999],[-122.97446500000001,38.20879200000002],[-122.974719,38.208865],[-122.97482200000002,38.20890800000001],[-122.97497299999998,38.208973000000015],[-122.9751,38.20904999999999],[-122.97524199999998,38.20914299999998],[-122.97530499999999,38.209204],[-122.975349,38.209270000000004],[-122.97542199999998,38.209407999999996],[-122.97547100000003,38.20953500000002],[-122.97547600000001,38.20961599999998],[-122.97549600000002,38.20966600000003],[-122.975572,38.20979299999999],[-122.975664,38.209982000000025],[-122.97568899999999,38.21005100000002],[-122.97570300000001,38.21013199999999],[-122.97571799999997,38.21019000000001],[-122.97574700000001,38.210252000000025],[-122.97581600000001,38.21036700000002],[-122.97591299999999,38.210459000000014],[-122.97617200000002,38.21062499999999],[-122.97625499999998,38.21067900000003],[-122.97629899999998,38.21072099999998],[-122.976358,38.21080999999998],[-122.97646500000002,38.21100999999999],[-122.97655800000001,38.211164],[-122.97666099999998,38.21130699999998],[-122.97677800000002,38.21141499999999],[-122.97729600000002,38.211802999999975],[-122.97742,38.211896000000024],[-122.97754200000003,38.21196900000001],[-122.97759100000002,38.21199200000001],[-122.977709,38.21203400000002],[-122.977821,38.21208100000001],[-122.977889,38.21211899999997],[-122.977982,38.21218099999999],[-122.97805499999998,38.21223800000001],[-122.978094,38.21228500000001],[-122.978163,38.21238899999997],[-122.97821599999997,38.21247299999999],[-122.97827000000001,38.21255000000002],[-122.97834799999998,38.212620000000015],[-122.97878300000002,38.21288900000002],[-122.97891499999997,38.212962000000005],[-122.97907600000002,38.213104999999985],[-122.979174,38.21318200000002],[-122.97935000000001,38.21327000000002],[-122.97950600000001,38.213359000000025],[-122.979555,38.213390000000004],[-122.97966200000002,38.21346299999999],[-122.97972099999998,38.213505],[-122.979804,38.21356300000002],[-122.97986700000001,38.21359000000001],[-122.980072,38.213689999999986],[-122.98019,38.21375999999998],[-122.98028199999999,38.213824999999986],[-122.980346,38.21388999999999],[-122.98037699999998,38.21392900000001],[-122.98040200000003,38.213975000000005],[-122.98040200000003,38.21403299999997],[-122.98038700000001,38.21407499999998],[-122.98031400000002,38.214248],[-122.98028399999998,38.21433300000001],[-122.98024099999998,38.214426],[-122.98021599999998,38.214571999999976],[-122.980211,38.214725999999985],[-122.98021599999998,38.21478000000002],[-122.98025999999999,38.21493800000002],[-122.98032799999999,38.21503000000001],[-122.98040700000001,38.21515699999998],[-122.98042099999998,38.215192],[-122.98042600000002,38.21523000000002],[-122.98042600000002,38.215277000000015],[-122.98042099999998,38.21534200000002],[-122.98042099999998,38.21538399999997],[-122.98043100000001,38.215449999999976],[-122.98047000000003,38.21553499999999],[-122.980504,38.215588000000025],[-122.98053399999998,38.215603999999985],[-122.980636,38.21564599999999],[-122.980661,38.215665],[-122.980685,38.21570000000003],[-122.98068999999998,38.215738999999985],[-122.98068999999998,38.21578099999999],[-122.980705,38.21581600000002],[-122.980729,38.215846],[-122.98081200000001,38.21593100000001],[-122.980973,38.21603499999998],[-122.98103200000003,38.216080999999974],[-122.98107599999997,38.21611899999999],[-122.98109599999998,38.216173000000026],[-122.98109599999998,38.21623099999999],[-122.981086,38.216316000000006],[-122.98114199999998,38.21629139999999],[-122.9811876,38.21627430000001],[-122.98124280000002,38.216247599999974],[-122.9812733,38.216234299999996],[-122.98131899999998,38.21618289999998],[-122.98134370000002,38.21614290000002],[-122.981359,38.216104900000005],[-122.98137989999998,38.21608199999997],[-122.98141229999999,38.216074400000025],[-122.98144459999997,38.21607820000003],[-122.98147319999998,38.2160935],[-122.9815036,38.21610679999998],[-122.98152649999997,38.21612959999999],[-122.98155689999999,38.216158199999995],[-122.9816007,38.21618860000001],[-122.98165210000002,38.216207699999984],[-122.981694,38.216207699999984],[-122.98175650000002,38.21621379999999],[-122.98177800000002,38.21622000000002],[-122.9818335,38.21623599999998],[-122.9818841,38.21627169999999],[-122.981899,38.21631930000001],[-122.98190490000002,38.21637879999997],[-122.9818841,38.216456100000016],[-122.98185439999997,38.21654530000001],[-122.98184250000003,38.2165751],[-122.9817979,38.21661369999998],[-122.98168349999997,38.216635499999995],[-122.98156899999998,38.216643999999974],[-122.981468,38.21663699999999],[-122.98144639999998,38.21663000000001],[-122.98136299999999,38.21660300000002],[-122.98130500000002,38.21659299999999],[-122.98130309999999,38.21659319999998],[-122.981202,38.21660300000002],[-122.98118699999998,38.216624000000024],[-122.98117500000001,38.21664199999998],[-122.98117500000001,38.216701],[-122.981178,38.216725999999994],[-122.98110200000002,38.216804000000025],[-122.98110500000001,38.216939000000025],[-122.98112500000002,38.217051000000026],[-122.98115899999999,38.21713199999999],[-122.98119300000002,38.21718199999998],[-122.981223,38.21720099999999],[-122.98128100000002,38.217209000000025],[-122.981311,38.217209000000025],[-122.98134499999998,38.21720099999999],[-122.98136899999997,38.21718600000003],[-122.98137400000002,38.21716300000003],[-122.98140799999999,38.21713199999999],[-122.98141800000002,38.21713199999999],[-122.98144200000002,38.217128],[-122.98147699999998,38.217128],[-122.98150600000002,38.21714300000002],[-122.98153500000001,38.21715499999999],[-122.98158899999999,38.21722399999999],[-122.98159399999997,38.21725500000002],[-122.98160899999999,38.21729399999998],[-122.98160899999999,38.21732400000002],[-122.98159900000002,38.217381999999986],[-122.98157900000001,38.217404999999985],[-122.98154499999998,38.21741700000001],[-122.98150099999998,38.217421],[-122.98146700000001,38.217421],[-122.981423,38.217408999999975],[-122.981379,38.217400999999995],[-122.981335,38.217400999999995],[-122.98128600000001,38.217398],[-122.98122799999999,38.217400999999995],[-122.98116900000002,38.217421],[-122.98114670000001,38.217449999999985],[-122.98113999999998,38.21745900000002],[-122.98107099999999,38.21759800000001],[-122.981042,38.217713],[-122.98102699999998,38.217848000000004],[-122.98099300000001,38.217952000000025],[-122.98096399999997,38.21800200000001],[-122.98091499999998,38.218091000000015],[-122.980886,38.21813700000001],[-122.98087099999998,38.21817900000002],[-122.98087099999998,38.21821799999998],[-122.98087600000002,38.218271000000016],[-122.98093399999999,38.218368],[-122.981022,38.218552999999986],[-122.98106100000001,38.21863300000001],[-122.981086,38.218729999999994],[-122.98109099999999,38.218795],[-122.981086,38.218867999999986],[-122.98107099999999,38.21891499999998],[-122.98102699999998,38.21897200000001],[-122.980998,38.218999],[-122.980978,38.21903400000002],[-122.980974,38.219044999999994],[-122.98096900000002,38.21916900000002],[-122.980954,38.219453999999985],[-122.980954,38.21960389999998],[-122.980954,38.21963499999998],[-122.98096399999997,38.21967699999999],[-122.980978,38.219708000000026],[-122.98101300000002,38.219768999999985],[-122.98105199999998,38.21978899999999],[-122.98109599999998,38.21980000000002],[-122.98112500000002,38.21980000000002],[-122.98119300000002,38.21980400000001],[-122.98123199999998,38.21981899999997],[-122.98124200000001,38.219854],[-122.98122699999999,38.21987300000001],[-122.981198,38.21988499999998],[-122.98116399999998,38.219896000000006],[-122.98113999999998,38.219899999999996],[-122.981132,38.21990199999999],[-122.98115000000001,38.21997099999999],[-122.98113899999998,38.22003999999998],[-122.98114600000002,38.220069000000024],[-122.98116800000003,38.22011600000002],[-122.98122000000001,38.22017099999999],[-122.98123399999997,38.22018800000001],[-122.98123800000002,38.22020199999997],[-122.98123099999998,38.22036129999998],[-122.98123099999998,38.22047070000002],[-122.98123570000001,38.22063250000002],[-122.98128329999997,38.22096090000002],[-122.98131660000001,38.221246399999984],[-122.98132609999999,38.22140350000001],[-122.98138319999998,38.22162709999998],[-122.98145,38.221844499999975],[-122.981517,38.221945000000005],[-122.98155300000002,38.22202900000002],[-122.98155700000001,38.222091999999975],[-122.98155700000001,38.22216800000001],[-122.981539,38.22239300000001],[-122.98155500000001,38.222522000000026],[-122.98160999999999,38.222717999999986],[-122.98171300000001,38.22288600000002],[-122.981761,38.222943999999984],[-122.98183,38.222984],[-122.98188900000002,38.22305899999998],[-122.98202600000002,38.223243000000025],[-122.98205899999999,38.223318000000006],[-122.98209000000003,38.223434999999995],[-122.982258,38.22360400000002],[-122.98238500000002,38.223716000000024],[-122.98253699999998,38.22381200000001],[-122.98266899999999,38.22389700000002],[-122.98280499999998,38.22396199999997],[-122.98298599999998,38.224058000000014],[-122.9830753,38.22410339999999],[-122.983092,38.22411199999999],[-122.98313100000001,38.224131],[-122.98318,38.22414199999997],[-122.98323799999997,38.22415000000001],[-122.98330700000002,38.224154],[-122.98336,38.224154],[-122.98342400000001,38.22416199999998],[-122.983473,38.22417300000001],[-122.983521,38.22418499999998],[-122.98358000000002,38.224207999999976],[-122.983653,38.22426200000001],[-122.98369200000002,38.22431599999999],[-122.98374560000002,38.22437359999998],[-122.98378500000001,38.22441600000002],[-122.98380500000002,38.22444300000001],[-122.98384399999998,38.22445399999998],[-122.983902,38.22446200000002],[-122.98394200000001,38.22446600000001],[-122.98408799999999,38.22446600000001],[-122.98413699999998,38.22446200000002],[-122.98420499999997,38.22444300000001],[-122.98431299999999,38.22442699999999],[-122.98436199999998,38.224423],[-122.984445,38.22441199999997],[-122.984489,38.22440399999999],[-122.98451299999999,38.22439300000002],[-122.98451799999998,38.224373000000014],[-122.98451799999998,38.224346000000025],[-122.984532,38.22431999999998],[-122.98454199999998,38.224312],[-122.984557,38.22430800000001],[-122.98462,38.22430800000001],[-122.984645,38.22431999999998],[-122.98464999999999,38.224338999999986],[-122.98464999999999,38.224377000000004],[-122.98464000000001,38.224384999999984],[-122.98462,38.2244],[-122.98461600000002,38.224423],[-122.984625,38.22447],[-122.98464000000001,38.22447699999998],[-122.98472299999997,38.22447699999998],[-122.98477200000002,38.22447399999999],[-122.98478599999999,38.22447399999999],[-122.984845,38.22446600000001],[-122.984894,38.22447],[-122.98494799999997,38.22447399999999],[-122.98500100000001,38.224496999999985],[-122.985075,38.22457000000003],[-122.98516699999999,38.22476999999998],[-122.98521599999998,38.22486199999997],[-122.98525999999998,38.22491200000002],[-122.985319,38.224942999999996],[-122.98541599999999,38.224969999999985],[-122.98548,38.22498200000001],[-122.98551900000001,38.22499699999997],[-122.98555299999998,38.22501999999997],[-122.985568,38.22505899999999],[-122.98557799999998,38.22511300000002],[-122.98558700000001,38.22528999999997],[-122.98561699999999,38.225390000000004],[-122.98564599999997,38.22544799999997],[-122.98568999999998,38.225540000000024],[-122.98575799999998,38.225693999999976],[-122.98588000000001,38.225874999999974],[-122.98598299999998,38.226001999999994],[-122.98605400000002,38.22607900000003],[-122.98616099999998,38.22616399999998],[-122.98624899999999,38.226241000000016],[-122.98633699999999,38.22629499999999],[-122.98642999999998,38.226324999999974],[-122.98654199999999,38.22635600000001],[-122.98660999999998,38.22636799999998],[-122.98667899999998,38.22637500000002],[-122.98670800000002,38.22638699999999],[-122.986737,38.22640200000001],[-122.98676699999999,38.226428999999996],[-122.986786,38.226451999999995],[-122.98679099999998,38.22647599999999],[-122.98679600000003,38.22651000000002],[-122.9868037,38.22664420000001],[-122.986806,38.22668299999998],[-122.98681599999998,38.22679099999999],[-122.98681749999997,38.2268009],[-122.98683,38.226883999999984],[-122.98688399999998,38.22703799999999],[-122.98690399999998,38.227119000000016],[-122.98692799999998,38.22724899999997],[-122.98695199999997,38.227337999999975],[-122.98701599999998,38.22751099999999],[-122.98724099999998,38.227904000000024],[-122.98729400000002,38.22801199999998],[-122.98733299999998,38.228139],[-122.98736500000001,38.22832],[-122.98740400000003,38.228526999999985],[-122.98742800000002,38.228628000000015],[-122.98747700000001,38.22873900000002],[-122.98755,38.22886199999999],[-122.98765800000001,38.22901300000001],[-122.98775499999999,38.22912400000001],[-122.987843,38.229197],[-122.98790200000002,38.229236000000014],[-122.98803900000001,38.22929399999998],[-122.98808300000002,38.22930500000001],[-122.98812600000002,38.22930500000001],[-122.98818499999999,38.22930100000002],[-122.98821900000002,38.22929399999998],[-122.988249,38.229269999999985],[-122.988336,38.22915499999999],[-122.98838,38.229108999999994],[-122.988429,38.229078000000015],[-122.988473,38.22906599999999],[-122.98862000000003,38.22905500000002],[-122.988722,38.22906999999998],[-122.98876100000001,38.229097000000024],[-122.98883000000001,38.22915499999999],[-122.98884900000002,38.22919000000002],[-122.98886399999998,38.22922399999999],[-122.98886399999998,38.22930100000002],[-122.98886900000002,38.22938199999999],[-122.98889300000002,38.22943600000002],[-122.98903000000001,38.229690000000005],[-122.98923000000002,38.229963],[-122.989396,38.23019399999998],[-122.98951,38.230321],[-122.98974500000003,38.230571],[-122.98993000000002,38.23072100000002],[-122.990253,38.23096800000002],[-122.99047300000001,38.23115999999999],[-122.990614,38.231268],[-122.99066299999998,38.231303000000025],[-122.99069700000001,38.231340999999986],[-122.99079999999998,38.231438000000026],[-122.99087300000002,38.231502999999975],[-122.99096100000003,38.23161099999999],[-122.99108799999999,38.231795999999974],[-122.99112200000002,38.23183],[-122.99121500000001,38.231919000000005],[-122.991555,38.23215399999998],[-122.99162510000002,38.232126900000026],[-122.99166100000002,38.23211300000003],[-122.99169799999999,38.23209700000001],[-122.99171360000003,38.23207400000001],[-122.991735,38.232032600000025],[-122.99180919999998,38.231968300000005],[-122.99189059999998,38.231955500000026],[-122.99197909999998,38.2319612],[-122.99205760000001,38.23197690000001],[-122.99215900000002,38.2320512],[-122.99224179999999,38.232114000000024],[-122.99235320000003,38.23219820000003],[-122.992436,38.23223100000001],[-122.99263300000001,38.23223669999999],[-122.99268719999998,38.23223669999999],[-122.99278579999998,38.232248200000015],[-122.99287429999998,38.23231529999998],[-122.99291140000003,38.232390899999984],[-122.99291419999997,38.23240240000001],[-122.9929128,38.232476599999984],[-122.99282290000002,38.232563700000014],[-122.99274150000002,38.232606499999974],[-122.99263580000002,38.2326865],[-122.99260299999997,38.232753600000024],[-122.9926016,38.23281639999999],[-122.99263300000001,38.23289490000002],[-122.99270439999998,38.232917799999996],[-122.99274580000002,38.23290350000002],[-122.9928114,38.2328478],[-122.99287859999998,38.232810700000016],[-122.99296989999999,38.23281209999999],[-122.99306840000003,38.232810700000016],[-122.99312700000002,38.2328564],[-122.9931555,38.23290350000002],[-122.99314249999998,38.23294069999997],[-122.99306999999999,38.232996000000014],[-122.992952,38.233115],[-122.99293599999999,38.23321600000003],[-122.99293599999999,38.23330900000002],[-122.992909,38.23334699999998],[-122.99284,38.23339299999998],[-122.99280199999998,38.233419000000026],[-122.99277000000001,38.233430999999996],[-122.99269500000003,38.23343599999998],[-122.99262499999998,38.233419000000026],[-122.99247000000003,38.23333400000001],[-122.99231400000002,38.233288000000016],[-122.99215400000003,38.233203],[-122.99211100000002,38.233182],[-122.99203,38.233115],[-122.99199299999998,38.23310600000002],[-122.991961,38.23310600000002],[-122.99189999999999,38.233097999999984],[-122.99189100000001,38.23316199999999],[-122.991847,38.23330499999997],[-122.99183299999999,38.23351200000002],[-122.99181800000002,38.233743000000004],[-122.991828,38.233925],[-122.99194499999999,38.23396100000002],[-122.99211700000001,38.23396100000002],[-122.99225289999998,38.23394910000002],[-122.992277,38.233947],[-122.99238000000003,38.23393399999998],[-122.99251700000002,38.23396100000002],[-122.99259699999999,38.23402399999998],[-122.99269399999997,38.234173],[-122.99277999999998,38.234308],[-122.99281400000001,38.23433499999999],[-122.992883,38.23437100000001],[-122.99300299999999,38.23447900000002],[-122.99314600000002,38.23456900000002],[-122.99336899999997,38.234722999999974],[-122.99356899999998,38.234879999999976],[-122.99365499999999,38.23493400000001],[-122.99372899999997,38.23497900000001],[-122.99375199999997,38.235010999999986],[-122.99375800000001,38.235074],[-122.99374599999999,38.23513700000001],[-122.99373509999998,38.23518109999998],[-122.99368199999998,38.23539599999998],[-122.99368399999997,38.23539499999998],[-122.99372299999999,38.23539499999998],[-122.993743,38.235405000000014],[-122.99380300000001,38.235367],[-122.99381499999998,38.235371999999984],[-122.99386600000003,38.235375999999974],[-122.99392899999998,38.235393999999985],[-122.99399799999998,38.23540300000002],[-122.99404299999998,38.23540300000002],[-122.99410599999999,38.235389999999995],[-122.99415800000003,38.235371999999984],[-122.99417299999999,38.23536530000001],[-122.99422099999998,38.235344],[-122.99427200000002,38.23533500000002],[-122.99434100000002,38.23536300000001],[-122.99437499999999,38.23539899999997],[-122.994461,38.235479999999995],[-122.99459200000001,38.235614999999996],[-122.99461500000001,38.23571399999997],[-122.99460900000003,38.23583100000002],[-122.99460900000003,38.23588999999998],[-122.99458800000002,38.23595999999998],[-122.99454300000002,38.23600499999998],[-122.994508,38.23604599999999],[-122.99447400000003,38.23607700000002],[-122.99442199999999,38.23610000000002],[-122.99436500000002,38.23611299999999],[-122.99429700000002,38.23611299999999],[-122.99424390000001,38.236105399999985],[-122.99414200000001,38.23609099999999],[-122.99400500000002,38.23603700000001],[-122.99375600000002,38.23589099999998],[-122.993743,38.23588799999999],[-122.99371300000001,38.23588799999999],[-122.99368900000002,38.23589099999998],[-122.99367899999999,38.23591099999999],[-122.99367899999999,38.235929999999996],[-122.99369899999999,38.235960999999975],[-122.99372799999998,38.23600699999997],[-122.99374799999998,38.23603800000001],[-122.993762,38.23606799999999],[-122.993762,38.236107000000004],[-122.99375700000002,38.23612200000002],[-122.993743,38.23613],[-122.99371300000001,38.23613799999998],[-122.99365999999998,38.23613799999998],[-122.993606,38.23613],[-122.99355200000002,38.236118999999974],[-122.99352299999998,38.236118999999974],[-122.993494,38.23612200000002],[-122.99343499999998,38.23613399999999],[-122.99336199999999,38.23616900000002],[-122.99329799999998,38.236215000000016],[-122.99326400000001,38.23624899999999],[-122.99324000000001,38.23631499999999],[-122.99323500000003,38.236406999999986],[-122.993221,38.236515],[-122.99323600000002,38.23658399999999],[-122.993289,38.236711000000014],[-122.99347999999998,38.23702300000002],[-122.993675,38.23725400000001],[-122.993831,38.23737699999998],[-122.99393400000002,38.237442999999985],[-122.994032,38.23748899999998],[-122.99409000000003,38.237504],[-122.99415399999998,38.23751199999998],[-122.99421699999999,38.23752000000002],[-122.994261,38.23752400000001],[-122.99432000000002,38.23754300000002],[-122.994369,38.237585000000024],[-122.99443200000002,38.23766599999999],[-122.99445200000002,38.237697000000026],[-122.99445200000002,38.237751],[-122.994437,38.237780999999984],[-122.99442199999999,38.23780499999998],[-122.99438300000003,38.23783900000001],[-122.99433900000002,38.23787800000002],[-122.994325,38.237919999999974],[-122.99430999999998,38.23796199999998],[-122.994305,38.23807799999997],[-122.994325,38.238193000000024],[-122.99441300000001,38.23852099999999],[-122.99451599999998,38.23874699999999],[-122.99462899999997,38.23895900000002],[-122.994663,38.23900500000002],[-122.994756,38.23909400000002],[-122.994824,38.239135999999974],[-122.994891,38.23916200000002],[-122.99493999999999,38.23917399999999],[-122.99499500000002,38.23918600000002],[-122.995024,38.23918600000002],[-122.99509799999998,38.23917399999999],[-122.99512199999998,38.23916700000001],[-122.99515100000002,38.23915899999997],[-122.99523900000003,38.239171],[-122.99525399999999,38.23917799999998],[-122.99529799999999,38.23918600000002],[-122.995337,38.239194],[-122.99543999999997,38.239194],[-122.99546400000003,38.23919799999999],[-122.99546900000001,38.23920900000002],[-122.99546400000003,38.239228000000026],[-122.99544400000002,38.239239999999995],[-122.99542000000002,38.239247999999975],[-122.99538100000001,38.239266999999984],[-122.995342,38.23930100000001],[-122.99530800000002,38.23934000000003],[-122.99527799999998,38.23935899999998],[-122.99523399999998,38.239374999999995],[-122.99517100000003,38.23938199999998],[-122.99512199999998,38.239394000000004],[-122.99507799999998,38.23941300000001],[-122.99503399999998,38.23944399999999],[-122.99498999999997,38.23948999999999],[-122.99497100000002,38.23953599999999],[-122.99494099999998,38.239679000000024],[-122.99494600000003,38.23991000000001],[-122.99496099999999,38.239975000000015],[-122.99514199999999,38.240422000000024],[-122.995205,38.24054699999999],[-122.99524400000001,38.240612],[-122.995249,38.240647000000024],[-122.995249,38.240665999999976],[-122.99523900000003,38.240688999999975],[-122.99521499999997,38.24070899999998],[-122.99519459999999,38.240725199999986],[-122.99519099999998,38.24072799999999],[-122.99515600000001,38.24073199999998],[-122.99507999999997,38.24073199999998],[-122.99507299999999,38.24073199999998],[-122.99504400000001,38.24072799999999],[-122.99501880000003,38.24072799999999],[-122.99497100000002,38.24072799999999],[-122.99494199999998,38.24073199999998],[-122.99489299999999,38.240763000000015],[-122.994868,38.24077],[-122.99483400000003,38.24077799999998],[-122.99474099999998,38.24077799999998],[-122.99469199999999,38.24077],[-122.994639,38.24073199999998],[-122.99460900000003,38.240711999999974],[-122.994575,38.24067400000001],[-122.99454100000003,38.240605000000016],[-122.994531,38.24058200000002],[-122.99450200000001,38.24054699999999],[-122.99444299999999,38.24052799999998],[-122.99440399999997,38.240504999999985],[-122.99437,38.240474000000006],[-122.99430699999999,38.240365999999995],[-122.994238,38.24019299999998],[-122.99420400000002,38.24015800000001],[-122.99415499999998,38.24011999999999],[-122.99389100000002,38.23989599999999],[-122.99370479999999,38.23970459999998],[-122.99360300000001,38.239599999999996],[-122.99351200000001,38.23950400000001],[-122.99341900000002,38.239419999999996],[-122.99334099999999,38.23935799999998],[-122.99325299999998,38.239304000000004],[-122.99318,38.23927400000002],[-122.99309699999998,38.23924299999999],[-122.99300399999998,38.23922299999998],[-122.99285800000001,38.23921999999999],[-122.99280399999998,38.23922700000003],[-122.992726,38.239262],[-122.992618,38.239300000000014],[-122.99242800000002,38.23934300000002],[-122.99235499999998,38.239351],[-122.99230599999999,38.239351],[-122.99227200000001,38.23934700000001],[-122.99217900000002,38.239311999999984],[-122.99181199999998,38.239116000000024],[-122.99175400000001,38.239081],[-122.99171000000001,38.23905000000002],[-122.991671,38.23901599999999],[-122.991671,38.238935000000026],[-122.99168100000003,38.23890799999998],[-122.99170500000002,38.238877],[-122.991715,38.238834999999995],[-122.99169999999998,38.23879199999999],[-122.99166100000002,38.23875399999997],[-122.99158799999998,38.23872299999999],[-122.99149999999997,38.238707999999974],[-122.99137300000001,38.238684999999975],[-122.991309,38.23866099999998],[-122.99123600000001,38.23859599999997],[-122.99116800000002,38.23848400000003],[-122.991153,38.238429999999994],[-122.99113399999999,38.238406999999995],[-122.991109,38.23840000000001],[-122.99108999999999,38.23839600000002],[-122.99106,38.238391999999976],[-122.99103600000001,38.238391999999976],[-122.99100700000002,38.23840000000001],[-122.99098700000002,38.238414999999975],[-122.990972,38.238433999999984],[-122.99095799999998,38.23845699999998],[-122.99094300000002,38.23847699999999],[-122.990924,38.23848800000002],[-122.99085500000001,38.23848800000002],[-122.99077699999998,38.238473],[-122.99056200000001,38.238387999999986],[-122.99046399999997,38.23833000000002],[-122.99043,38.23830299999997],[-122.99040100000002,38.238269],[-122.99040100000002,38.238246000000004],[-122.99040600000001,38.238223000000005],[-122.99041599999998,38.23814199999998],[-122.99039599999998,38.23809899999998],[-122.99034699999999,38.238065000000006],[-122.99020100000001,38.23801099999997],[-122.99014699999998,38.23800299999999],[-122.99006400000002,38.23801500000002],[-122.99002999999999,38.23802999999998],[-122.98999600000002,38.23805299999998],[-122.989957,38.23808200000002],[-122.98994299999998,38.23809],[-122.989889,38.238102000000026],[-122.98983500000003,38.238102000000026],[-122.98954700000002,38.23808600000001],[-122.98947399999997,38.238067],[-122.98946799999999,38.23806400000001],[-122.98934500000001,38.23815810000002],[-122.9892701,38.23825799999997],[-122.9892165,38.23831869999998],[-122.98916659999998,38.2383365],[-122.98909880000002,38.238325799999984],[-122.98902379999998,38.238283000000024],[-122.98888470000003,38.23820319999999],[-122.98885999999999,38.23818899999998],[-122.98882700000001,38.23817200000002],[-122.98880500000001,38.238136],[-122.98880200000002,38.238065000000006],[-122.98880200000002,38.23794099999998],[-122.98875600000002,38.23794800000002],[-122.98866299999997,38.23796299999998],[-122.98859499999998,38.237971000000016],[-122.98847699999999,38.237971000000016],[-122.98831100000001,38.23797400000001],[-122.988111,38.23795899999999],[-122.987999,38.23793999999998],[-122.98790100000002,38.23791299999999],[-122.98780799999997,38.237863000000004],[-122.98772500000001,38.237797],[-122.987686,38.23778199999998],[-122.987642,38.237774],[-122.98762299999999,38.23778199999998],[-122.987618,38.23780499999998],[-122.987618,38.23792099999997],[-122.98763200000002,38.23797300000001],[-122.98765300000002,38.23800799999998],[-122.98766599999999,38.23803700000002],[-122.98766899999998,38.238066],[-122.98766899999998,38.238091999999995],[-122.98766599999999,38.238113],[-122.98764599999998,38.23813200000001],[-122.98762199999999,38.238134],[-122.987592,38.238134],[-122.98755899999998,38.23812400000003],[-122.987528,38.23809499999999],[-122.98751199999998,38.23806300000001],[-122.987502,38.238023],[-122.987502,38.23800499999999],[-122.98751800000002,38.23798900000003],[-122.98753199999999,38.23798599999998],[-122.98754500000001,38.237976],[-122.987549,38.23797000000002],[-122.98754200000002,38.237955],[-122.98753799999997,38.237949000000015],[-122.98751800000002,38.23794400000003],[-122.987505,38.23794099999998],[-122.987481,38.237933],[-122.98744399999998,38.23787299999998],[-122.98742800000002,38.23783100000003],[-122.98738700000001,38.23773],[-122.98731700000002,38.237611000000015],[-122.98722600000002,38.23746799999998],[-122.98706199999998,38.23722700000002],[-122.98701799999998,38.23718000000002],[-122.98695099999998,38.23711900000001],[-122.98679900000002,38.237003000000016],[-122.98675500000002,38.236963],[-122.986581,38.236793999999975],[-122.986399,38.23664000000002],[-122.98627499999998,38.23655600000001],[-122.98619100000002,38.236508000000015],[-122.98614099999998,38.236492],[-122.985997,38.23646600000001],[-122.98586899999998,38.236445],[-122.98577499999999,38.23642100000001],[-122.98562399999997,38.23637000000002],[-122.985544,38.23631799999998],[-122.98541999999998,38.23620699999998],[-122.98537299999998,38.23615100000001],[-122.98533600000002,38.236118999999974],[-122.985296,38.236109],[-122.98523499999999,38.23610100000002],[-122.98521799999997,38.23609499999998],[-122.98519800000003,38.236073999999974],[-122.985188,38.23604999999998],[-122.985185,38.236028999999974],[-122.985188,38.236016000000006],[-122.985188,38.23600299999998],[-122.98520200000002,38.235990000000015],[-122.98522200000002,38.235978999999986],[-122.98523799999998,38.235968000000014],[-122.985255,38.23595499999999],[-122.98525899999999,38.23593699999998],[-122.98525899999999,38.23591800000003],[-122.98524900000001,38.23581200000001],[-122.98517299999997,38.23578199999997],[-122.98512199999999,38.23579000000001],[-122.98508099999998,38.23579000000001],[-122.98505699999998,38.23577499999999],[-122.98504000000003,38.235749999999996],[-122.98503399999998,38.23572899999999],[-122.98503399999998,38.235708999999986],[-122.98504000000003,38.235686999999984],[-122.985051,38.235675000000015],[-122.98505999999998,38.23566499999998],[-122.98508099999998,38.23565500000001],[-122.98510900000002,38.23565300000001],[-122.98515800000001,38.23565500000001],[-122.98521099999999,38.23563100000001],[-122.9851385,38.235563300000024],[-122.98508980000003,38.2354919],[-122.98508980000003,38.23541510000001],[-122.985073,38.235366],[-122.98496870000002,38.23528970000001],[-122.98489610000001,38.23528190000002],[-122.98482189999999,38.23526479999998],[-122.98476090000003,38.23523060000002],[-122.9846981,38.23517529999998],[-122.98465809999999,38.23510679999998],[-122.98463099999998,38.235061099999996],[-122.98457000000002,38.235022000000015]],[[-122.970687,38.20387199999999],[-122.97066799999999,38.20387599999998],[-122.970644,38.20387599999998],[-122.97061200000002,38.20386300000001],[-122.97058800000002,38.203846],[-122.97057999999998,38.203824999999995],[-122.970575,38.20380699999998],[-122.970572,38.20378299999999],[-122.97057000000001,38.20375799999999],[-122.97058299999998,38.203723000000025],[-122.970618,38.20368500000001],[-122.970644,38.20367900000002],[-122.970663,38.20367900000002],[-122.970689,38.20368300000001],[-122.97070500000001,38.203687],[-122.97072700000001,38.20369299999999],[-122.97074300000003,38.203704000000016],[-122.97076700000002,38.20373699999999],[-122.97077200000001,38.20376700000003],[-122.97076099999998,38.20381099999997],[-122.97074300000003,38.20383199999998],[-122.970729,38.20384899999999],[-122.97071299999999,38.20386100000002],[-122.970687,38.20387199999999]],[[-122.97105399999998,38.203873999999985],[-122.971022,38.20386300000001],[-122.97098499999998,38.20384200000001],[-122.97096599999998,38.203824999999995],[-122.970958,38.20381099999997],[-122.970955,38.20378299999999],[-122.970955,38.203764999999976],[-122.97096299999998,38.20374800000002],[-122.970977,38.203733],[-122.97101700000002,38.20371799999998],[-122.97107499999998,38.203711999999996],[-122.971158,38.20372900000001],[-122.97119500000002,38.20374800000002],[-122.97121099999998,38.20375799999999],[-122.97121900000002,38.20377500000001],[-122.97121900000002,38.20381099999997],[-122.97121600000003,38.203824999999995],[-122.97120000000001,38.203844000000004],[-122.971184,38.20385700000003],[-122.971158,38.203867],[-122.97112800000002,38.203873999999985],[-122.97108600000001,38.20387599999998],[-122.97105399999998,38.203873999999985]],[[-122.97154899999998,38.204541000000006],[-122.97152699999998,38.20451800000001],[-122.97139399999998,38.20432899999997],[-122.97138100000001,38.204308000000026],[-122.97137300000003,38.20428900000002],[-122.97137300000003,38.20427749999999],[-122.97137300000003,38.20426600000002],[-122.971384,38.20424300000002],[-122.97140000000002,38.204226000000006],[-122.971565,38.20410199999998],[-122.97160400000001,38.204076999999984],[-122.97168699999997,38.204076999999984],[-122.97172699999999,38.204092],[-122.971769,38.20412099999999],[-122.97179899999998,38.204139999999995],[-122.97180700000001,38.204159000000004],[-122.97189700000001,38.204278999999985],[-122.97190799999998,38.20429300000001],[-122.97191299999997,38.204312000000016],[-122.97191299999997,38.20432899999997],[-122.97190999999998,38.20434999999998],[-122.971902,38.204364999999996],[-122.97189200000003,38.204372999999975],[-122.97168699999997,38.20452599999999],[-122.97166800000002,38.204541000000006],[-122.971655,38.204544999999996],[-122.971631,38.204552999999976],[-122.97160200000002,38.20455800000002],[-122.97156999999999,38.20455800000002],[-122.97154899999998,38.204541000000006]],[[-122.97111000000001,38.20420100000001],[-122.97114399999998,38.204205],[-122.97117100000003,38.20422400000001],[-122.97118699999999,38.204249000000004],[-122.97126700000001,38.20438100000001],[-122.97128500000002,38.20442300000002],[-122.97128800000002,38.20446700000002],[-122.97128800000002,38.20450099999999],[-122.97127499999999,38.20452999999998],[-122.971251,38.20455500000003],[-122.97123499999998,38.20456200000001],[-122.97121099999998,38.204566],[-122.97119500000002,38.204566],[-122.971179,38.204566],[-122.97116,38.204564000000005],[-122.971136,38.20454699999999],[-122.971112,38.204522],[-122.97098499999998,38.204372999999975],[-122.97097100000002,38.204362],[-122.970958,38.204341],[-122.970958,38.204312000000016],[-122.97096599999998,38.20428500000003],[-122.970979,38.20426800000001],[-122.97101400000003,38.20423899999997],[-122.971049,38.204215999999974],[-122.971091,38.20420300000001],[-122.97111000000001,38.20420100000001]],[[-122.976989,38.208725000000015],[-122.976947,38.20875100000001],[-122.97687400000001,38.20878800000003],[-122.97682200000003,38.208800999999994],[-122.97678400000001,38.20880599999998],[-122.97674599999999,38.20880599999998],[-122.97672299999999,38.20880299999999],[-122.97669100000002,38.20879100000002],[-122.97668199999998,38.208777999999995],[-122.97667899999999,38.208762999999976],[-122.976675,38.208725000000015],[-122.976695,38.20869299999998],[-122.97670699999998,38.20866699999999],[-122.97674899999998,38.20864],[-122.97680600000001,38.208601999999985],[-122.97686700000003,38.208578999999986],[-122.976944,38.20857699999999],[-122.97700400000002,38.20858900000002],[-122.97702700000002,38.208601999999985],[-122.97704299999998,38.208617000000004],[-122.97704599999997,38.20864],[-122.97704599999997,38.20866000000001],[-122.977036,38.208685],[-122.977014,38.20870500000001],[-122.976989,38.208725000000015]],[[-122.97582599999998,38.20936999999998],[-122.97573,38.209337000000005],[-122.97569800000002,38.209337000000005],[-122.975663,38.20933500000001],[-122.97562799999997,38.20930499999997],[-122.97563100000002,38.20927999999998],[-122.97563400000001,38.20925399999999],[-122.97564399999999,38.20921900000002],[-122.97567299999997,38.20918599999999],[-122.975708,38.20916399999999],[-122.97573599999998,38.20915400000001],[-122.97578399999998,38.20915400000001],[-122.975708,38.20906500000001],[-122.97569800000002,38.20903800000002],[-122.97569800000002,38.20898699999998],[-122.97571099999999,38.20895999999999],[-122.97573,38.208932000000004],[-122.97575899999998,38.208898999999974],[-122.97579400000001,38.20889399999999],[-122.975819,38.20889399999999],[-122.975842,38.208898999999974],[-122.975867,38.20890700000001],[-122.97588300000001,38.20891399999999],[-122.97589299999999,38.20893899999999],[-122.97591499999999,38.209025],[-122.975979,38.209025],[-122.97601100000003,38.20903299999998],[-122.976091,38.20907299999999],[-122.97610700000001,38.209100999999976],[-122.97611,38.209137999999996],[-122.97610400000002,38.20916399999999],[-122.97608500000001,38.209181],[-122.97605900000002,38.20918899999998],[-122.976021,38.209194000000025],[-122.97598599999998,38.209190999999976],[-122.97592500000002,38.209179000000006],[-122.975931,38.20928199999997],[-122.97596299999998,38.209292000000005],[-122.97598900000003,38.20931200000001],[-122.97601700000001,38.20936999999998],[-122.97601700000001,38.209412999999984],[-122.976002,38.209446000000014],[-122.97597300000001,38.20948099999998],[-122.97592200000003,38.20948900000002],[-122.97589599999998,38.20948900000002],[-122.97587700000003,38.20948099999998],[-122.97585099999998,38.20946600000002],[-122.97582899999998,38.20943299999999],[-122.97582599999998,38.20936999999998]],[[-122.97858100000002,38.21137700000003],[-122.97864199999998,38.211382000000015],[-122.97869600000001,38.21140500000001],[-122.97871700000002,38.211419999999976],[-122.97873499999997,38.211453000000006],[-122.97882099999998,38.211524999999995],[-122.978839,38.211543000000006],[-122.97893399999998,38.21162800000002],[-122.97895199999999,38.211640999999986],[-122.97895699999998,38.21165500000001],[-122.97896300000002,38.21168899999998],[-122.97895899999997,38.211748],[-122.97895,38.211772999999994],[-122.97893199999999,38.21179599999999],[-122.97891099999998,38.21181200000001],[-122.97889800000002,38.211820999999986],[-122.97886799999998,38.211828000000025],[-122.97884299999998,38.21183000000002],[-122.97882299999998,38.211824999999976],[-122.97879999999998,38.211817999999994],[-122.97861499999999,38.21165000000002],[-122.97860600000001,38.211634000000004],[-122.978524,38.211498000000006],[-122.978501,38.21147300000001],[-122.97849500000001,38.211456999999996],[-122.97849000000002,38.21143599999999],[-122.97849000000002,38.21140300000002],[-122.978501,38.211389],[-122.97853500000002,38.211378000000025],[-122.97855800000002,38.211377500000026],[-122.97858100000002,38.21137700000003]],[[-122.98044010000001,38.21355030000001],[-122.98027000000002,38.21355399999999],[-122.98024299999997,38.21355399999999],[-122.98021399999999,38.21354500000001],[-122.98017199999998,38.213526],[-122.98014599999999,38.213505],[-122.98013400000002,38.213486999999986],[-122.98002100000002,38.21337299999999],[-122.97998100000001,38.21338700000001],[-122.97993400000001,38.2133925],[-122.97985599999998,38.213393999999994],[-122.97982300000001,38.213386000000014],[-122.979645,38.213363000000015],[-122.97961600000002,38.213355999999976],[-122.97959200000003,38.213347],[-122.979581,38.21332100000001],[-122.979581,38.213288999999975],[-122.97951599999999,38.21318600000001],[-122.97949399999999,38.21317699999997],[-122.97947799999997,38.213166],[-122.979467,38.21314899999999],[-122.979465,38.213119000000006],[-122.979469,38.21307899999999],[-122.979487,38.213055999999995],[-122.97952500000002,38.21302300000002],[-122.97958499999999,38.21300200000002],[-122.97960499999999,38.21300200000002],[-122.97963399999998,38.213003000000015],[-122.97965599999998,38.213009],[-122.97976499999999,38.21302600000001],[-122.97980100000001,38.21301699999998],[-122.97983900000003,38.21301699999998],[-122.97990299999998,38.213031],[-122.97993200000002,38.21304700000002],[-122.97994999999997,38.21305899999999],[-122.979961,38.21307899999999],[-122.979963,38.21311400000002],[-122.98005899999998,38.21316999999999],[-122.98010799999997,38.21315900000002],[-122.98017199999998,38.213166],[-122.98019699999998,38.21317699999997],[-122.98023899999998,38.21319599999998],[-122.98027000000002,38.21321899999998],[-122.98028099999999,38.213235],[-122.98028599999998,38.21324900000002],[-122.98028799999997,38.213265999999976],[-122.98028599999998,38.213279],[-122.98026299999998,38.21337299999999],[-122.98029200000002,38.21340700000002],[-122.98037399999998,38.21340040000001],[-122.98043389999998,38.21338179999998],[-122.9804853,38.21338609999998],[-122.98052810000002,38.213403200000016],[-122.980546,38.21342800000002],[-122.98054789999998,38.21345830000001],[-122.98053720000001,38.21350319999999],[-122.98050719999998,38.213530400000025],[-122.98047650000001,38.21354530000002],[-122.98045939999997,38.21354889999998],[-122.98044010000001,38.21355030000001]],[[-122.9809555,38.21474169999999],[-122.98098770000001,38.21478810000002],[-122.9810162,38.214913000000024],[-122.98101980000001,38.21505930000001],[-122.9809912,38.215177100000005],[-122.98090560000003,38.215177100000005],[-122.98086990000002,38.21514500000001],[-122.98084490000002,38.21501649999999],[-122.9808663,38.21484880000003],[-122.98090910000002,38.21475600000002],[-122.9809555,38.21474169999999]],[[-122.98141020000003,38.219370500000025],[-122.98142439999998,38.21937200000002],[-122.9814394,38.21937730000002],[-122.98145090000003,38.219387299999994],[-122.98146509999998,38.21940369999999],[-122.98146830000002,38.219429400000024],[-122.9814748,38.21946009999999],[-122.98147410000001,38.219471899999974],[-122.981472,38.219479999999976],[-122.98146630000002,38.21949890000002],[-122.98145210000001,38.21951680000001],[-122.98142489999998,38.2195289],[-122.9814007,38.21952679999998],[-122.98137930000001,38.21951960000001],[-122.9813628,38.21950609999999],[-122.981358,38.219492],[-122.98136090000003,38.21946650000001],[-122.98136410000001,38.21943299999998],[-122.9813691,38.21940410000002],[-122.98137980000001,38.21938690000002],[-122.98139090000001,38.2193762],[-122.98141020000003,38.219370500000025]],[[-122.98241530000001,38.221202500000004],[-122.98248669999998,38.221238200000016],[-122.9825581,38.22129769999998],[-122.98262349999999,38.221369100000004],[-122.9826473,38.2214702],[-122.98262949999997,38.2215832],[-122.9825462,38.221630800000014],[-122.98249449999997,38.22164240000001],[-122.98240349999998,38.221660499999984],[-122.98241100000001,38.22171900000001],[-122.98244199999999,38.22175499999997],[-122.98245500000002,38.22177799999997],[-122.98245700000001,38.22179699999998],[-122.98245700000001,38.221811],[-122.98245300000002,38.22183899999999],[-122.98244199999999,38.221858],[-122.98242699999997,38.221885999999984],[-122.98241300000001,38.221900000000005],[-122.982396,38.22190999999998],[-122.982369,38.221915000000024],[-122.98234300000001,38.22191700000002],[-122.98231399999997,38.22191700000002],[-122.98228799999998,38.221915000000024],[-122.982257,38.221896000000015],[-122.98224599999998,38.22189100000003],[-122.98222399999997,38.221870000000024],[-122.98218800000001,38.221835],[-122.98217699999998,38.22180100000003],[-122.98217299999999,38.22177099999999],[-122.98217299999999,38.22173600000002],[-122.98209100000003,38.22166499999997],[-122.982078,38.221678999999995],[-122.982058,38.221689000000026],[-122.98202500000002,38.22169100000002],[-122.98199199999999,38.22169100000002],[-122.981965,38.221693000000016],[-122.981946,38.221698],[-122.98192799999998,38.221704999999986],[-122.98190399999999,38.22170299999999],[-122.98188199999998,38.22168799999997],[-122.98186800000002,38.22166499999997],[-122.98184900000001,38.221622000000025],[-122.98184900000001,38.22158999999999],[-122.98185699999999,38.22155900000001],[-122.98187100000001,38.221542],[-122.98188800000003,38.22152799999998],[-122.981919,38.221520999999996],[-122.981941,38.221520999999996],[-122.98198300000001,38.22152199999999],[-122.98202500000002,38.22147699999999],[-122.98202300000003,38.22144400000002],[-122.98202500000002,38.22141800000003],[-122.98204700000002,38.221362],[-122.98208699999998,38.22133100000002],[-122.98214000000002,38.221299999999985],[-122.98218600000001,38.221295],[-122.98229900000001,38.22131400000001],[-122.98241530000001,38.221202500000004]],[[-122.984107,38.223387],[-122.98416839999999,38.223497699999996],[-122.984219,38.223589000000004],[-122.98423200000002,38.22360900000001],[-122.98423200000002,38.223636],[-122.98422199999999,38.22366099999999],[-122.98421000000002,38.22367600000001],[-122.984194,38.22368599999999],[-122.98415999999997,38.22369600000002],[-122.98413199999999,38.22369600000002],[-122.98409400000003,38.223693000000026],[-122.98405300000002,38.22368799999998],[-122.98385999999999,38.223742000000016],[-122.98382199999998,38.22375199999999],[-122.98377799999997,38.22375699999998],[-122.983744,38.22375699999998],[-122.98370899999998,38.22375199999999],[-122.98367200000001,38.22374500000001],[-122.98365000000001,38.223731999999984],[-122.983453,38.223689999999976],[-122.98341799999997,38.22368499999999],[-122.98338100000001,38.22367800000001],[-122.98335900000001,38.22366599999998],[-122.98334299999999,38.22364299999998],[-122.983337,38.22362099999998],[-122.983337,38.22360900000001],[-122.983337,38.223596999999984],[-122.98335900000001,38.22357699999998],[-122.98338999999999,38.223554999999976],[-122.98346800000002,38.223545],[-122.98358999999999,38.22348099999999],[-122.983612,38.223460999999986],[-122.98364400000003,38.223438999999985],[-122.98375470000002,38.22341180000001],[-122.98395699999998,38.22336200000001],[-122.98399999999998,38.22335199999998],[-122.98407200000003,38.223365],[-122.98409700000002,38.22337399999998],[-122.984107,38.223387]],[[-122.98348099999998,38.22377499999999],[-122.983543,38.22377499999999],[-122.983562,38.22378200000003],[-122.98358100000002,38.223792],[-122.98358999999999,38.22381200000001],[-122.983587,38.223862999999994],[-122.98358400000001,38.223883],[-122.98355900000001,38.22391499999998],[-122.983521,38.22393499999998],[-122.983496,38.22395],[-122.98346800000002,38.22395999999998],[-122.98344300000002,38.22395999999998],[-122.98341199999999,38.22395499999999],[-122.98338999999999,38.22394200000002],[-122.98336799999998,38.22389800000002],[-122.98336799999998,38.223881000000006],[-122.98337099999998,38.22385600000001],[-122.98338999999999,38.22382900000002],[-122.98343399999999,38.22379699999999],[-122.98348099999998,38.22377499999999]],[[-122.98367200000001,38.22396900000001],[-122.98370599999998,38.22394200000002],[-122.983747,38.22392000000002],[-122.983791,38.22390999999999],[-122.98386299999999,38.223922000000016],[-122.98388799999998,38.22393199999999],[-122.98389700000001,38.22394400000002],[-122.98396000000002,38.224125000000015],[-122.98396450000001,38.22413849999998],[-122.983969,38.224152000000004],[-122.983969,38.22418399999998],[-122.98395,38.22420899999997],[-122.983925,38.22422799999998],[-122.9839,38.22423600000002],[-122.98386900000003,38.224243],[-122.98379699999998,38.22425099999998],[-122.98374999999999,38.224252999999976],[-122.98372499999999,38.224245999999994],[-122.9837,38.22423300000003],[-122.98363,38.224109],[-122.983656,38.22401100000002],[-122.98367200000001,38.22396900000001]],[[-122.98437899999999,38.22414199999997],[-122.98442899999998,38.224147000000016],[-122.984489,38.22416900000002],[-122.98450400000002,38.22419100000002],[-122.98450700000001,38.224211000000025],[-122.98450700000001,38.224230999999975],[-122.98449499999998,38.224252999999976],[-122.98447900000002,38.22427299999998],[-122.98424699999998,38.224357],[-122.984219,38.22436399999998],[-122.98418500000002,38.22436399999998],[-122.98415399999999,38.224361999999985],[-122.984082,38.224332000000004],[-122.984057,38.22430700000001],[-122.98404699999998,38.22427800000003],[-122.98404399999998,38.224243],[-122.98404699999998,38.224219000000005],[-122.98406299999999,38.224203999999986],[-122.98407800000001,38.224196000000006],[-122.984104,38.22419100000002],[-122.984129,38.22419100000002],[-122.98430100000002,38.224152000000004],[-122.98437899999999,38.22414199999997]],[[-122.985837,38.224549000000025],[-122.98588699999999,38.22455400000001],[-122.98594700000001,38.22457600000001],[-122.98596199999997,38.224598000000015],[-122.98602699999998,38.22476599999999],[-122.98605199999997,38.22479800000002],[-122.98605900000001,38.22482000000002],[-122.98605900000001,38.22484700000001],[-122.98604899999998,38.22486500000002],[-122.98603700000001,38.22487699999999],[-122.98600900000002,38.224883999999975],[-122.985974,38.224883999999975],[-122.98590899999999,38.22487699999999],[-122.985862,38.22485999999998],[-122.985818,38.224823000000015],[-122.98580500000003,38.22480300000001],[-122.985728,38.22467],[-122.98571199999998,38.224648],[-122.985706,38.224625],[-122.985706,38.22460100000001],[-122.985728,38.224581],[-122.98575899999997,38.224559],[-122.985837,38.224549000000025]],[[-122.98635300000001,38.225108999999975],[-122.98639700000001,38.225121],[-122.98643399999997,38.22513300000003],[-122.98646600000001,38.22516999999999],[-122.98647199999999,38.22522500000002],[-122.98647199999999,38.22525400000001],[-122.986469,38.22527200000002],[-122.98645900000002,38.22528399999999],[-122.986444,38.22529100000003],[-122.986403,38.225301],[-122.98636900000002,38.225303999999994],[-122.98632800000001,38.22528599999998],[-122.98630000000003,38.22526399999998],[-122.98627800000003,38.225235],[-122.98627499999998,38.22521699999999],[-122.98627199999999,38.22519],[-122.98627199999999,38.22516300000001],[-122.98628400000001,38.225123999999994],[-122.986312,38.22511400000002],[-122.98635300000001,38.225108999999975]],[[-122.98759999999999,38.225738999999976],[-122.98762699999997,38.225742000000025],[-122.987685,38.22580599999998],[-122.987708,38.225855000000024],[-122.98771199999999,38.22589099999999],[-122.98771199999999,38.22589629999999],[-122.98771199999999,38.225911999999994],[-122.987708,38.22593999999998],[-122.98768999999999,38.22596199999998],[-122.98768910000001,38.225962400000014],[-122.987663,38.22597400000001],[-122.98763600000001,38.22598599999998],[-122.98762549999998,38.22599170000001],[-122.98758199999997,38.22601500000002],[-122.98754100000002,38.226043000000004],[-122.987505,38.22607499999998],[-122.98747800000001,38.22609299999999],[-122.98744699999997,38.226110000000006],[-122.98741999999999,38.22612099999998],[-122.98733900000002,38.226135],[-122.98728999999997,38.226135],[-122.987236,38.22612800000002],[-122.98720400000002,38.22610300000002],[-122.987164,38.226046999999994],[-122.98713199999997,38.22600799999998],[-122.987097,38.225978999999995],[-122.987079,38.225955],[-122.98706499999997,38.225930000000005],[-122.98706499999997,38.22590100000002],[-122.987079,38.22588400000001],[-122.987101,38.225851999999975],[-122.987164,38.22582699999998],[-122.98727600000001,38.225798999999995],[-122.98735299999998,38.22578499999997],[-122.987393,38.225780999999984],[-122.98740729999997,38.225779699999975],[-122.98743769999999,38.225776999999994],[-122.987438,38.225776999999994],[-122.9874476,38.22577519999999],[-122.98749199999997,38.22576700000002],[-122.98751900000002,38.225746000000015],[-122.98754100000002,38.225738999999976],[-122.98759999999999,38.225738999999976]],[[-122.98718200000002,38.22627],[-122.98734400000001,38.226305000000025],[-122.98738900000001,38.22631899999999],[-122.98749600000002,38.22639700000002],[-122.98753699999997,38.22644700000001],[-122.98755,38.226472],[-122.98755,38.226507000000026],[-122.98754100000002,38.226539],[-122.98752300000001,38.22657400000003],[-122.98750100000001,38.22659900000002],[-122.98746,38.226616999999976],[-122.98732999999999,38.226620000000025],[-122.98722199999997,38.226609999999994],[-122.98719499999999,38.22659199999998],[-122.987123,38.22652799999997],[-122.98708299999998,38.22646099999997],[-122.98706099999998,38.22639400000003],[-122.987052,38.22634099999999],[-122.98706099999998,38.226305000000025],[-122.987079,38.22628400000002],[-122.98710599999998,38.22627],[-122.98718200000002,38.22627]],[[-122.98743689999998,38.22735890000001],[-122.98727980000001,38.22724470000003],[-122.98725130000003,38.227087600000004],[-122.98735119999998,38.227052000000015],[-122.9874155,38.227094799999975],[-122.98755110000002,38.22718759999998],[-122.9878081,38.22730180000002],[-122.98797230000002,38.2273232],[-122.98802219999999,38.22726610000001],[-122.98807929999998,38.22713759999999],[-122.98817209999999,38.22713049999999],[-122.9882364,38.22721610000002],[-122.98825779999999,38.22738750000002],[-122.98817930000001,38.227480300000025],[-122.98804369999999,38.227515900000014],[-122.98773670000003,38.227480300000025],[-122.98743689999998,38.22735890000001]],[[-122.98804589999997,38.22829789999997],[-122.9881411,38.22830379999999],[-122.9882184,38.2283276],[-122.98826600000001,38.228446599999984],[-122.98820560000001,38.228492700000004],[-122.98802210000002,38.2284942],[-122.98798049999999,38.228422799999976],[-122.98798640000001,38.22835140000001],[-122.98804589999997,38.22829789999997]],[[-122.9890929,38.22879760000001],[-122.98906319999998,38.228732200000024],[-122.98911070000003,38.2286608],[-122.98921189999999,38.2286191],[-122.98935460000001,38.22862509999999],[-122.98943789999998,38.22869650000001],[-122.9893844,38.22879160000002],[-122.98922970000001,38.228821400000015],[-122.9890929,38.22879760000001]],[[-122.99359199999998,38.22928000000002],[-122.99365799999998,38.22922799999998],[-122.993761,38.229213000000016],[-122.99382600000001,38.229213000000016],[-122.99385899999999,38.22923900000001],[-122.993878,38.229287],[-122.993878,38.22931699999998],[-122.99387300000001,38.22934600000002],[-122.99385000000001,38.22939000000002],[-122.99377500000003,38.229457000000025],[-122.99373200000002,38.229479000000026],[-122.99369999999999,38.229487000000006],[-122.993629,38.229479000000026],[-122.99360100000001,38.22945299999998],[-122.99356799999998,38.22941300000002],[-122.993559,38.229376],[-122.993559,38.22934600000002],[-122.99359199999998,38.22928000000002]],[[-122.99480399999999,38.23010900000003],[-122.99480019999999,38.23020439999999],[-122.9948,38.23021],[-122.99478099999999,38.23029100000002],[-122.994734,38.230354999999975],[-122.994663,38.230391999999995],[-122.99455899999998,38.230429000000015],[-122.99451199999999,38.230433000000005],[-122.99447400000003,38.230436],[-122.99443200000002,38.230436],[-122.99438400000003,38.230425000000025],[-122.994351,38.230395999999985],[-122.994328,38.230372999999986],[-122.99429500000002,38.230362000000014],[-122.99424299999998,38.230362000000014],[-122.99419599999999,38.23039899999998],[-122.994144,38.230448000000024],[-122.994101,38.230470000000025],[-122.99406399999998,38.23048499999999],[-122.99402099999998,38.23050699999999],[-122.99397900000002,38.23051800000002],[-122.99390299999999,38.23051800000002],[-122.99386500000003,38.23051099999998],[-122.99382800000001,38.23048499999999],[-122.99380400000001,38.230421999999976],[-122.99380400000001,38.230299],[-122.99379499999998,38.23019799999997],[-122.993762,38.230098],[-122.99372899999997,38.230042000000026],[-122.99370499999998,38.230008999999995],[-122.993696,38.229967999999985],[-122.99370499999998,38.229918999999995],[-122.99375199999997,38.22988600000002],[-122.99384199999997,38.22983399999998],[-122.99389400000001,38.22979700000002],[-122.99394999999998,38.22973300000001],[-122.99398100000002,38.229670999999996],[-122.99401799999998,38.229619000000014],[-122.99404600000003,38.22959400000002],[-122.99411700000002,38.22959400000002],[-122.99414000000002,38.229607999999985],[-122.99415399999998,38.229633999999976],[-122.99415399999998,38.229690000000005],[-122.99415900000002,38.22972299999998],[-122.994168,38.22975600000001],[-122.99418200000002,38.22976399999999],[-122.99419599999999,38.22976],[-122.99421000000001,38.22973400000001],[-122.99421000000001,38.229682000000025],[-122.994234,38.229619000000014],[-122.99427100000003,38.22958999999997],[-122.99428849999998,38.22958199999999],[-122.994328,38.22956399999998],[-122.994393,38.22955999999999],[-122.99448699999999,38.22955999999999],[-122.99453799999998,38.22958999999997],[-122.99462299999999,38.229678999999976],[-122.994688,38.22976],[-122.99473499999999,38.22983399999998],[-122.994776,38.22994499999999],[-122.99480399999999,38.23010900000003]],[[-122.99345720000002,38.23038159999999],[-122.99353450000001,38.23039349999999],[-122.99358210000003,38.23045300000001],[-122.99374569999998,38.23066419999998],[-122.99385569999998,38.23078320000002],[-122.99390929999998,38.23085450000002],[-122.9939033,38.23090810000002],[-122.99384379999998,38.23094680000003],[-122.99376949999998,38.23094680000003],[-122.9937041,38.23090810000002],[-122.99368950000002,38.23088139999999],[-122.99359399999997,38.23078320000002],[-122.99354640000001,38.230717700000014],[-122.99348400000002,38.23064929999998],[-122.99343040000002,38.230604700000015],[-122.99339179999998,38.23051850000002],[-122.99338879999999,38.23046790000001],[-122.99341850000002,38.23040839999999],[-122.99345720000002,38.23038159999999]],[[-122.99374899999998,38.23691200000002],[-122.993811,38.23691600000001],[-122.993855,38.23693500000002],[-122.993878,38.23695300000003],[-122.99390299999999,38.236981000000014],[-122.99391000000003,38.23700000000002],[-122.99391000000003,38.23701999999997],[-122.99390799999998,38.237033],[-122.99389300000001,38.23704900000001],[-122.99387300000001,38.23706299999998],[-122.99384300000003,38.237075000000004],[-122.993806,38.23708199999999],[-122.99377099999998,38.23708199999999],[-122.99374399999999,38.23707999999999],[-122.99368900000002,38.23706900000002],[-122.99363899999997,38.23703899999998],[-122.993627,38.23701799999998],[-122.99362400000001,38.236986],[-122.99363399999999,38.23695300000003],[-122.993694,38.23691600000001],[-122.99374899999998,38.23691200000002]],[[-122.99446130000001,38.23696660000002],[-122.99455640000002,38.236990400000025],[-122.99462190000003,38.237097500000004],[-122.99461589999999,38.23716889999997],[-122.9945267,38.23716300000001],[-122.99443079999998,38.237097300000016],[-122.9944137,38.2370856],[-122.9943958,38.23699640000001],[-122.99446130000001,38.23696660000002]],[[-122.99456800000002,38.23736600000001],[-122.99462799999998,38.23737799999998],[-122.99466999999999,38.23739599999999],[-122.99471799999998,38.23742900000002],[-122.99472700000001,38.237449000000026],[-122.99472700000001,38.237487999999985],[-122.99472500000002,38.237506999999994],[-122.99471999999997,38.23751299999998],[-122.994708,38.23752300000001],[-122.994688,38.23753499999998],[-122.99466000000001,38.23754300000002],[-122.99462599999998,38.23754600000001],[-122.99457100000001,38.23754600000001],[-122.99451599999998,38.237536999999975],[-122.994464,38.23751299999998],[-122.99444199999999,38.23749400000003],[-122.994437,38.23746599999998],[-122.994437,38.237446999999975],[-122.99444399999999,38.23742099999998],[-122.99445700000001,38.237401999999975],[-122.99447700000002,38.237392],[-122.99449399999997,38.23737799999998],[-122.994529,38.237368000000004],[-122.99456800000002,38.23736600000001]],[[-122.9950561,38.23841809999999],[-122.9951216,38.238424099999975],[-122.99517509999998,38.238465700000006],[-122.99521670000001,38.238537099999974],[-122.9952108,38.23861440000002],[-122.99515129999997,38.23866800000002],[-122.9950442,38.23862630000002],[-122.99499659999998,38.2385549],[-122.99499659999998,38.238465700000006],[-122.9950561,38.23841809999999]],[[-122.99489699999998,38.238759000000016],[-122.99491799999998,38.238710000000026],[-122.99494600000003,38.238676],[-122.99496799999997,38.23866199999998],[-122.99500799999998,38.23866199999998],[-122.99503600000003,38.23866600000002],[-122.99506300000002,38.238676],[-122.99508800000001,38.238696000000004],[-122.995094,38.238721999999996],[-122.99509699999999,38.23874699999999],[-122.99509699999999,38.23878500000001],[-122.99508200000002,38.23881499999999],[-122.99506600000001,38.23882900000001],[-122.99504200000001,38.23884399999997],[-122.99502000000001,38.238854],[-122.99500499999999,38.23885799999999],[-122.99498299999999,38.23885799999999],[-122.99494900000002,38.238854],[-122.99492500000002,38.23884099999998],[-122.99489699999998,38.238800000000026],[-122.99489699999998,38.238759000000016]],[[-122.99048870000001,38.23873320000001],[-122.99056109999998,38.238740800000016],[-122.99062959999998,38.23876560000002],[-122.99066579999999,38.23880359999998],[-122.99067910000002,38.2388512],[-122.99065050000002,38.23889120000001],[-122.99058200000002,38.238895000000014],[-122.99049819999999,38.23888169999998],[-122.99043540000002,38.23885309999997],[-122.99040880000001,38.23881699999998],[-122.99040880000001,38.238773200000026],[-122.99043540000002,38.238740800000016],[-122.99048870000001,38.23873320000001]],[[-122.99543699999998,38.239461000000006],[-122.99544070000002,38.23937489999997],[-122.99552390000002,38.23920240000001],[-122.99557750000002,38.23907750000001],[-122.995744,38.23891689999999],[-122.99583330000002,38.23890499999999],[-122.99588089999997,38.238988199999994],[-122.99585710000002,38.23908940000001],[-122.99586,38.239172999999994],[-122.9957857,38.23939869999998],[-122.9957738,38.23951770000002],[-122.99570829999999,38.23961880000002],[-122.9956429,38.239666399999976],[-122.99557149999998,38.239755600000024],[-122.99554180000001,38.23988050000003],[-122.99555959999998,38.24004710000003],[-122.99561319999998,38.240160100000026],[-122.99567860000002,38.24029100000001],[-122.99563139999998,38.24034469999998],[-122.99555959999998,38.240326700000026],[-122.9954763,38.24018990000002],[-122.99544070000002,38.24003520000002],[-122.99548820000001,38.23983290000001],[-122.9955061,38.239725899999996],[-122.99551200000002,38.2396842],[-122.99545499999999,38.239536999999984],[-122.99545030000002,38.239528500000006],[-122.99543999999997,38.239509999999996],[-122.99543699999998,38.23949499999998],[-122.99543699999998,38.239461000000006]],[[-122.99549760000002,38.241093999999975],[-122.995454,38.241093999999975],[-122.99539099999998,38.24107099999998],[-122.995361,38.24104699999998],[-122.99535800000001,38.24101200000001],[-122.9953557,38.240960400000006],[-122.99535400000002,38.240925000000004],[-122.99536619999998,38.2408853],[-122.99537299999997,38.24086299999999],[-122.99539900000002,38.240837],[-122.995428,38.24082499999997],[-122.99547999999999,38.24082800000002],[-122.995517,38.24083999999999],[-122.99556899999999,38.240881],[-122.99559499999998,38.240932999999984],[-122.99559900000003,38.240971],[-122.995588,38.24103000000002],[-122.995562,38.241067999999984],[-122.99556189999998,38.241067999999984],[-122.99553200000003,38.24108799999999],[-122.99551000000002,38.241093999999975],[-122.99549760000002,38.241093999999975]],[[-122.99497070000001,38.241022699999974],[-122.9950718,38.24104649999998],[-122.99516699999998,38.24113569999997],[-122.99526220000001,38.241260599999976],[-122.99534549999998,38.24139150000002],[-122.99538710000002,38.241540199999974],[-122.99528600000002,38.24157589999999],[-122.99510750000002,38.2414569],[-122.99497070000001,38.241290400000025],[-122.99489929999999,38.24108810000001],[-122.99497070000001,38.241022699999974]]]},"properties":{"OBJECTID":135507,"OBJL":86,"CATOBS":"foul area","CONDTN":null,"EXPSOU":null,"HEIGHT":null,"NATCON":null,"NATQUA":null,"OBJNAM":null,"PRODCT":null,"QUASOU":"2","SOUACC":null,"TECSOU":null,"VALSOU":null,"VERACC":null,"VERDAT":null,"VERLEN":null,"WATLEV":3,"NATSUR":null,"INFORM":null,"SCAMIN":null,"SORDAT":"200304","SORIND":"US,US,graph,Chart 18643","DSNM":"US5CA4JB.000","SHAPE.AREA":0.00016797140643,"SHAPE.LEN":0.241964485757131,"enc_service":"enc_harbour","enc_layer":"Obstruction_area","enc_layer_id":156}},{"type":"Feature","id":135506,"geometry":{"type":"Polygon","coordinates":[[[-122.97104239999999,38.24016069999999],[-122.97104050000002,38.240167799999995],[-122.9709049,38.24044620000001],[-122.97082999999998,38.240663900000015],[-122.97075860000001,38.240981499999975],[-122.97070860000002,38.241234899999995],[-122.97057180000002,38.24164780000001],[-122.9704231,38.24198089999999],[-122.97029220000002,38.24241519999998],[-122.97025059999999,38.24283750000001],[-122.97023869999998,38.24324200000001],[-122.97026840000001,38.243598899999995],[-122.97026840000001,38.24388449999998],[-122.97028219999999,38.24409029999998],[-122.97028119999999,38.244107499999984],[-122.97038800000001,38.24397399999998],[-122.970526,38.24379399999998],[-122.970644,38.243605],[-122.97070500000001,38.24345599999998],[-122.97077999999999,38.243195000000014],[-122.97079500000001,38.243022999999994],[-122.970801,38.242804999999976],[-122.97081700000001,38.24264899999997],[-122.97081400000002,38.242429000000016],[-122.970777,38.24222800000001],[-122.97065400000002,38.241836999999975],[-122.97065400000002,38.24174900000003],[-122.97066999999998,38.241626999999994],[-122.970732,38.24141500000002],[-122.97088100000002,38.241029000000026],[-122.971025,38.240651000000014],[-122.97106200000002,38.24048299999998],[-122.97106500000001,38.240296],[-122.97104239999999,38.24016069999999]]]},"properties":{"OBJECTID":135506,"OBJL":86,"CATOBS":"foul area","CONDTN":null,"EXPSOU":null,"HEIGHT":null,"NATCON":null,"NATQUA":null,"OBJNAM":null,"PRODCT":null,"QUASOU":"2","SOUACC":null,"TECSOU":null,"VALSOU":null,"VERACC":null,"VERDAT":null,"VERLEN":null,"WATLEV":3,"NATSUR":null,"INFORM":null,"SCAMIN":null,"SORDAT":"200304","SORIND":"US,US,graph,Chart 18643","DSNM":"US5CA4JB.000","SHAPE.AREA":1.12889972e-06,"SHAPE.LEN":0.0082620556051949,"enc_service":"enc_harbour","enc_layer":"Obstruction_area","enc_layer_id":156}},{"type":"Feature","id":135505,"geometry":{"type":"Polygon","coordinates":[[[-122.97744499999999,38.226635999999985],[-122.977398,38.22659199999998],[-122.97733,38.22653500000001],[-122.97726999999998,38.22648800000002],[-122.977193,38.22643099999999],[-122.97715099999999,38.226410999999985],[-122.97707400000002,38.226383999999996],[-122.97698179999998,38.22636080000001],[-122.97698700000001,38.226539],[-122.97704399999998,38.22672799999998],[-122.977101,38.22690899999998],[-122.97720399999997,38.22709900000001],[-122.97743300000002,38.227423999999985],[-122.97752500000001,38.22763200000003],[-122.97760499999998,38.22782999999998],[-122.97776599999997,38.228129000000024],[-122.97777209999998,38.228136199999994],[-122.97786869999999,38.22825019999999],[-122.97794900000002,38.22834499999999],[-122.97817579999997,38.22861649999999],[-122.97821299999998,38.22866099999999],[-122.97863699999999,38.229157999999984],[-122.97916400000003,38.229574000000014],[-122.97942799999998,38.229601],[-122.979622,38.22962799999999],[-122.97982719999999,38.229658400000005],[-122.97975300000002,38.229622000000006],[-122.97922299999999,38.22928400000001],[-122.97905500000002,38.229151],[-122.97886399999999,38.228976999999986],[-122.97865999999999,38.228789000000006],[-122.978341,38.228453],[-122.978204,38.228318],[-122.978162,38.228268000000014],[-122.97811899999999,38.228207999999995],[-122.978115,38.228161],[-122.97810600000003,38.22809000000001],[-122.97813200000002,38.227918999999986],[-122.978136,38.227858000000026],[-122.97813200000002,38.227778],[-122.9781112,38.22772950000001],[-122.978093,38.227687],[-122.977914,38.22736800000001],[-122.97781300000003,38.22714500000001],[-122.97768000000002,38.22719000000001],[-122.977619,38.22719000000001],[-122.97758900000002,38.22718200000003],[-122.97744699999998,38.22711800000002],[-122.97733920000002,38.22705589999998],[-122.977284,38.227010199999995],[-122.97724399999998,38.22696450000001],[-122.97722119999997,38.226926400000025],[-122.97721360000003,38.2268808],[-122.97722499999998,38.22683510000002],[-122.97726879999999,38.2267799],[-122.97731449999998,38.226743699999986],[-122.97740599999997,38.22669300000001],[-122.977485,38.226661999999976],[-122.97744499999999,38.226635999999985]]]},"properties":{"OBJECTID":135505,"OBJL":86,"CATOBS":"foul area","CONDTN":null,"EXPSOU":null,"HEIGHT":null,"NATCON":null,"NATQUA":null,"OBJNAM":null,"PRODCT":null,"QUASOU":"2","SOUACC":null,"TECSOU":null,"VALSOU":null,"VERACC":null,"VERDAT":null,"VERLEN":null,"WATLEV":3,"NATSUR":null,"INFORM":null,"SCAMIN":null,"SORDAT":"200304","SORIND":"US,US,graph,Chart 18643","DSNM":"US5CA4JB.000","SHAPE.AREA":1.224339935e-06,"SHAPE.LEN":0.009743597309330651,"enc_service":"enc_harbour","enc_layer":"Obstruction_area","enc_layer_id":156}},{"type":"Feature","id":135518,"geometry":{"type":"Polygon","coordinates":[[[-122.976382,38.265427999999986],[-122.976425,38.26551599999999],[-122.97650900000002,38.26563299999998],[-122.97661699999998,38.26576499999999],[-122.976741,38.265873],[-122.97686199999998,38.26595800000001],[-122.97692599999999,38.265994999999975],[-122.976991,38.26601199999999],[-122.97722700000003,38.266053],[-122.97748100000001,38.266110000000026],[-122.97761000000003,38.266137000000015],[-122.97775200000001,38.26615800000002],[-122.97801900000002,38.266188],[-122.978182,38.266209],[-122.97822300000001,38.26622400000002],[-122.978253,38.26625100000001],[-122.97825699999999,38.266278],[-122.97825699999999,38.26630899999998],[-122.97823599999998,38.266339000000016],[-122.97819700000002,38.26638000000003],[-122.978115,38.26648799999998],[-122.97802899999999,38.26661999999999],[-122.97795200000002,38.26673899999997],[-122.97793100000001,38.26681300000001],[-122.97792600000002,38.26694199999997],[-122.97795200000002,38.26705099999998],[-122.97798,38.267116999999985],[-122.97798399999999,38.26713999999998],[-122.97798399999999,38.267191000000025],[-122.97796699999998,38.26727599999998],[-122.97792800000002,38.26734699999997],[-122.97789,38.267390999999975],[-122.97784200000001,38.267439000000024],[-122.977799,38.267495999999994],[-122.97778199999999,38.26757700000002],[-122.97776499999998,38.26763199999999],[-122.977731,38.26771000000002],[-122.97770000000003,38.26773700000001],[-122.97764000000001,38.26774999999998],[-122.97756299999998,38.26775700000002],[-122.97749399999998,38.267746999999986],[-122.97742499999998,38.26772699999998],[-122.97740399999998,38.26772699999998],[-122.97737799999999,38.26772999999997],[-122.977348,38.26775700000002],[-122.97729600000002,38.267848000000015],[-122.977283,38.267949999999985],[-122.97745600000002,38.268011],[-122.97767399999998,38.26805300000001],[-122.97803599999997,38.26807400000001],[-122.978159,38.26804800000002],[-122.978249,38.268006000000014],[-122.97835099999998,38.26791800000001],[-122.97843599999999,38.26781799999998],[-122.97872699999999,38.267603199999996],[-122.97886,38.26750500000003],[-122.97900900000002,38.26718599999998],[-122.97926999999999,38.26673699999998],[-122.97940299999999,38.26662700000003],[-122.97950700000001,38.26654100000002],[-122.97999199999998,38.266277],[-122.98001299999999,38.26621399999999],[-122.980008,38.266164],[-122.97998100000001,38.266125999999986],[-122.97993300000002,38.266092000000015],[-122.97972499999997,38.26611300000002],[-122.97967699999998,38.26610499999998],[-122.97965599999998,38.26610099999999],[-122.97965599999998,38.26601699999998],[-122.979693,38.26594499999999],[-122.97976799999998,38.265881999999976],[-122.97985299999999,38.265814999999975],[-122.97996999999998,38.26572700000003],[-122.98005069999999,38.265670399999976],[-122.980077,38.26565199999999],[-122.980253,38.265491999999995],[-122.98029300000002,38.26535100000001],[-122.98021299999999,38.26512500000001],[-122.98013300000002,38.265062],[-122.97997800000002,38.264995],[-122.979669,38.26493599999998],[-122.97937180000002,38.264911600000005],[-122.97915799999998,38.26489400000003],[-122.97891800000002,38.264827000000025],[-122.97879599999999,38.26474300000001],[-122.97868899999997,38.26463000000001],[-122.97864399999997,38.26458500000001],[-122.97854799999999,38.26445100000001],[-122.978521,38.264342],[-122.97855299999998,38.264207999999996],[-122.97873290000001,38.26401820000001],[-122.97877199999999,38.26397700000001],[-122.978793,38.263892999999996],[-122.97878200000002,38.26370400000002],[-122.97869200000002,38.263585999999975],[-122.97864099999998,38.26354700000002],[-122.97854289999998,38.26349019999998],[-122.97844400000002,38.26343300000002],[-122.97799600000002,38.263289999999984],[-122.977799,38.263285999999994],[-122.977554,38.263289999999984],[-122.97732939999997,38.26331019999998],[-122.97703200000001,38.26333699999998],[-122.97661099999999,38.26326499999999],[-122.97648299999997,38.263169000000005],[-122.97645899999998,38.26307000000003],[-122.97659800000002,38.26290599999999],[-122.97667200000001,38.26280600000001],[-122.97668800000002,38.26265000000001],[-122.97664600000002,38.26235200000002],[-122.97659499999997,38.26214900000002],[-122.97652,38.26192600000002],[-122.97645699999998,38.26173299999999],[-122.97643970000001,38.261615199999994],[-122.976425,38.261514999999974],[-122.97644100000002,38.261364000000015],[-122.97656799999999,38.26121699999999],[-122.97671500000001,38.26109700000001],[-122.97681599999999,38.260891000000015],[-122.97681599999999,38.260785999999996],[-122.97677399999998,38.26072799999997],[-122.97659800000002,38.26059299999997],[-122.97652149999999,38.2605016],[-122.97645399999999,38.26042100000001],[-122.97629410000002,38.26035400000001],[-122.976134,38.260287000000005],[-122.97587299999998,38.26019000000002],[-122.97564399999999,38.26009800000003],[-122.975412,38.26002],[-122.975119,38.25997799999999],[-122.974874,38.259949000000006],[-122.9748677,38.25994700000001],[-122.97436800000003,38.25978500000002],[-122.974107,38.25966799999998],[-122.97403800000001,38.25958400000002],[-122.973995,38.259465999999975],[-122.973974,38.259244000000024],[-122.97403500000001,38.259074],[-122.97411720000002,38.25882849999999],[-122.97417300000001,38.258662000000015],[-122.97421600000001,38.258532],[-122.974221,38.25844799999999],[-122.97409900000002,38.25810799999999],[-122.97396800000001,38.25785000000002],[-122.97385600000001,38.257649000000015],[-122.97376600000001,38.25760700000001],[-122.97367259999999,38.25760009999999],[-122.97359,38.25759399999998],[-122.97334000000001,38.257581000000016],[-122.97305699999998,38.257476],[-122.97279099999997,38.257338000000004],[-122.97263600000002,38.257236999999975],[-122.97263029999999,38.257230400000026],[-122.97250000000003,38.25707999999997],[-122.97248610000003,38.25703859999999],[-122.97244289999998,38.25690930000002],[-122.972351,38.25663500000002],[-122.97236320000002,38.25653440000002],[-122.97238299999998,38.256370000000004],[-122.97243099999997,38.256260999999995],[-122.972554,38.256084999999985],[-122.972692,38.25584500000002],[-122.97296699999998,38.25550700000002],[-122.97317399999997,38.255179999999996],[-122.973188,38.255123000000026],[-122.97323,38.254628000000025],[-122.973188,38.25437599999998],[-122.97314499999999,38.25433399999997],[-122.972916,38.25424199999998],[-122.97267599999998,38.254211999999995],[-122.97264200000001,38.254231000000004],[-122.972445,38.25433600000002],[-122.97208419999998,38.2546782],[-122.97207700000001,38.254684999999995],[-122.971992,38.254722000000015],[-122.97187400000001,38.25476400000002],[-122.97177900000003,38.254759999999976],[-122.97146400000003,38.254684999999995],[-122.97120799999999,38.25456300000002],[-122.97107499999998,38.25442399999997],[-122.97082999999998,38.254189],[-122.97064599999999,38.253986],[-122.97051800000003,38.253720999999985],[-122.97040700000002,38.253292999999985],[-122.970369,38.25309099999998],[-122.970349,38.25300299999998],[-122.97031900000002,38.25286699999998],[-122.97021699999999,38.25258100000002],[-122.970122,38.25236699999999],[-122.970036,38.252174000000025],[-122.96998300000001,38.251994000000025],[-122.96992699999998,38.25181500000002],[-122.96990599999998,38.25160899999997],[-122.96987899999999,38.25136199999997],[-122.96991600000001,38.251172999999994],[-122.96995399999997,38.25100900000001],[-122.970031,38.25082200000003],[-122.970036,38.25057399999997],[-122.97001,38.25040200000001],[-122.96992399999999,38.25025499999998],[-122.96981199999999,38.250058000000024],[-122.96975680000003,38.25],[-122.96879059999998,38.25],[-122.9687887,38.250062000000014],[-122.96888389999998,38.25055579999997],[-122.96906239999998,38.251228000000026],[-122.96919919999999,38.25186450000001],[-122.96927060000002,38.252251100000024],[-122.96940740000002,38.253197],[-122.9694371,38.25369660000001],[-122.96953230000003,38.25404759999998],[-122.96968700000002,38.25433909999998],[-122.9699071,38.25458889999999],[-122.97033540000001,38.25476739999999],[-122.97063880000002,38.2550291],[-122.9708708,38.25530279999998],[-122.97113250000001,38.25582029999998],[-122.97129910000001,38.25633190000002],[-122.97144780000002,38.25698030000001],[-122.97165000000001,38.257652500000006],[-122.97186420000003,38.25811049999999],[-122.97196530000002,38.25835439999997],[-122.97212000000002,38.2588303],[-122.97232819999999,38.259371699999974],[-122.9726018,38.259782099999995],[-122.97296469999998,38.26022230000001],[-122.97350599999999,38.260519699999975],[-122.97394029999998,38.26066850000001],[-122.97433289999998,38.260834999999986],[-122.97453510000003,38.2609362],[-122.97461249999998,38.261067000000025],[-122.97467790000002,38.26124549999997],[-122.97466600000001,38.26138229999998],[-122.9746303,38.261709499999995],[-122.9746422,38.26188789999998],[-122.97466539999999,38.261990200000014],[-122.97472900000002,38.26201400000002],[-122.97476799999998,38.262039000000016],[-122.97479299999998,38.262058000000025],[-122.974804,38.26207299999999],[-122.974808,38.262089],[-122.974808,38.26210600000002],[-122.97480100000001,38.26212199999998],[-122.974784,38.262136999999996],[-122.97475700000001,38.26214599999997],[-122.97472900000002,38.26215100000002],[-122.97470240000001,38.26215100000002],[-122.97497529999998,38.262679100000014],[-122.97527869999999,38.263196600000015],[-122.9755821,38.26358929999998],[-122.97600440000002,38.263904500000024],[-122.9762364,38.26403540000001],[-122.97642680000001,38.26411869999998],[-122.97653389999999,38.26428520000002],[-122.97655170000002,38.2645708],[-122.97645649999998,38.264933600000006],[-122.976403,38.26527870000001],[-122.976382,38.265427999999986]],[[-122.97002099999997,38.25430899999998],[-122.97006599999997,38.254321000000004],[-122.97009000000003,38.25434000000001],[-122.97011600000002,38.25436400000001],[-122.970124,38.254388000000006],[-122.970125,38.25440099999997],[-122.970124,38.254418999999984],[-122.97011800000001,38.254436],[-122.97010699999998,38.25445000000002],[-122.97009200000002,38.25446199999999],[-122.97006699999997,38.254479],[-122.97003999999998,38.254485999999986],[-122.96997599999997,38.25449099999997],[-122.969963,38.25448899999998],[-122.96993400000002,38.254478000000006],[-122.96990699999998,38.254456000000005],[-122.96989300000001,38.254440999999986],[-122.96988199999998,38.25440200000003],[-122.96988199999998,38.25437899999997],[-122.96988800000003,38.25436400000001],[-122.969922,38.25433399999997],[-122.969943,38.254323],[-122.96997399999998,38.25431400000002],[-122.97002099999997,38.25430899999998]],[[-122.97152799999998,38.25549799999999],[-122.971585,38.255498999999986],[-122.97162300000002,38.25550800000002],[-122.97165100000001,38.25552499999998],[-122.97166900000002,38.255539999999996],[-122.97168099999999,38.255555000000015],[-122.97168799999997,38.255570999999975],[-122.97168799999997,38.25559099999998],[-122.97168399999998,38.255627000000004],[-122.97167100000001,38.255641000000026],[-122.97164500000002,38.25565799999998],[-122.971609,38.255668000000014],[-122.97152499999999,38.255673],[-122.971522,38.255673],[-122.97148700000002,38.25566600000002],[-122.971475,38.255660999999975],[-122.97146300000003,38.25564400000002],[-122.97144700000001,38.25562400000001],[-122.97143999999997,38.25559700000002],[-122.97144200000002,38.25556899999998],[-122.97144700000001,38.255544999999984],[-122.97146500000002,38.255521999999985],[-122.97148299999998,38.25551100000001],[-122.971499,38.25550399999997],[-122.97152799999998,38.25549799999999]],[[-122.971675,38.257056999999975],[-122.971699,38.25705799999997],[-122.97171800000001,38.25706200000002],[-122.97175600000003,38.257074999999986],[-122.97177299999998,38.25708400000002],[-122.97182900000001,38.25713200000001],[-122.971836,38.25715300000002],[-122.97184299999998,38.25717300000002],[-122.97184099999998,38.25719800000002],[-122.97182600000002,38.257221000000015],[-122.97181999999998,38.25723099999999],[-122.97180500000002,38.257240000000024],[-122.971789,38.25724600000001],[-122.97176100000001,38.257251999999994],[-122.97173800000002,38.257251999999994],[-122.97171100000003,38.257251],[-122.97167000000002,38.25724100000002],[-122.971634,38.257217000000026],[-122.97159799999997,38.257182],[-122.971586,38.257160999999996],[-122.97158300000001,38.257138],[-122.971586,38.257116999999994],[-122.97159299999998,38.25709499999999],[-122.97161699999998,38.25707399999999],[-122.97163499999999,38.25706100000002],[-122.971655,38.25705799999997],[-122.971675,38.257056999999975]],[[-122.97230000000002,38.25790599999999],[-122.97232200000002,38.257908999999984],[-122.97239200000001,38.257926999999995],[-122.97250500000001,38.25799000000001],[-122.972534,38.257994499999995],[-122.97256299999998,38.257998999999984],[-122.97258399999998,38.258014],[-122.972599,38.25803000000002],[-122.97260799999998,38.258050000000026],[-122.97261200000003,38.258073000000024],[-122.97261300000002,38.25809400000003],[-122.97261099999997,38.25812500000001],[-122.97260299999999,38.258148000000006],[-122.972579,38.258178999999984],[-122.97255999999999,38.258193000000006],[-122.97253699999999,38.258200999999985],[-122.97251,38.25820700000003],[-122.97249,38.25820399999998],[-122.972466,38.258196999999996],[-122.972444,38.25818600000002],[-122.97242799999998,38.25816600000002],[-122.97223400000001,38.25805300000002],[-122.97220900000002,38.25804099999999],[-122.97218800000002,38.25803000000002],[-122.97217599999999,38.25801799999999],[-122.972172,38.25800400000003],[-122.972172,38.257992],[-122.972172,38.257979999999975],[-122.97218199999998,38.257953999999984],[-122.97219999999999,38.257938000000024],[-122.97222,38.257924],[-122.97227199999998,38.257908999999984],[-122.97230000000002,38.25790599999999]],[[-122.976292,38.26216499999998],[-122.97632099999998,38.26216499999998],[-122.97638,38.26217600000001],[-122.97642400000001,38.26219500000002],[-122.97645899999998,38.262224],[-122.976472,38.26224300000001],[-122.97647699999999,38.262264000000016],[-122.97647699999999,38.26228800000001],[-122.976472,38.26230700000002],[-122.97646099999997,38.262324999999976],[-122.97644400000001,38.26233500000001],[-122.97641099999998,38.26234199999999],[-122.97637800000001,38.26234199999999],[-122.97635100000002,38.262337],[-122.97632299999998,38.262328000000025],[-122.97628800000001,38.262313000000006],[-122.97626300000002,38.262292],[-122.976248,38.262271],[-122.97624100000002,38.26225199999999],[-122.97623900000002,38.26222200000001],[-122.976246,38.26219500000002],[-122.97625399999998,38.262181],[-122.97627,38.262170000000026],[-122.976292,38.26216499999998]],[[-122.979447,38.26590599999997],[-122.97941800000001,38.265889000000016],[-122.979397,38.26585499999999],[-122.97939300000002,38.265833999999984],[-122.97939300000002,38.26580100000001],[-122.9793831,38.26572199999998],[-122.97936399999998,38.265570000000025],[-122.979355,38.265547000000026],[-122.97935799999999,38.26549499999999],[-122.97937200000001,38.265454999999974],[-122.97939300000002,38.26542899999998],[-122.97942,38.26540299999999],[-122.979443,38.26539300000002],[-122.97945340000001,38.26539300000002],[-122.979468,38.26539300000002],[-122.97950100000003,38.2654],[-122.97952400000003,38.265413000000024],[-122.97953799999999,38.26542599999999],[-122.97967399999999,38.265536],[-122.97972800000002,38.265566999999976],[-122.979759,38.26558799999998],[-122.97977100000003,38.26561400000003],[-122.97977300000002,38.26564000000002],[-122.97977300000002,38.26566700000001],[-122.97976299999999,38.265690000000006],[-122.97966300000002,38.26584200000002],[-122.979647,38.26586500000002],[-122.97962000000001,38.26588600000002],[-122.97957200000002,38.26590399999998],[-122.97954099999998,38.26590900000002],[-122.979513,38.26591100000002],[-122.97947799999997,38.26591100000002],[-122.979447,38.26590599999997]],[[-122.97881159999997,38.26578749999999],[-122.97897339999997,38.26580180000002],[-122.97904,38.26582079999997],[-122.979063,38.26586099999997],[-122.97907809999998,38.2658874],[-122.97907809999998,38.26593980000001],[-122.97906949999998,38.26595150000003],[-122.97902570000002,38.26601119999998],[-122.97891629999998,38.26610640000001],[-122.97878300000002,38.26618250000001],[-122.97856890000003,38.26623009999997],[-122.97837370000002,38.26623480000001],[-122.978231,38.26616819999998],[-122.97821190000002,38.266073000000006],[-122.97830240000002,38.265911200000005],[-122.97858309999998,38.26580180000002],[-122.97881159999997,38.26578749999999]],[[-122.97842800000001,38.266925000000015],[-122.97847300000001,38.266925000000015],[-122.978519,38.26693],[-122.97857599999998,38.266952],[-122.97860600000001,38.26696800000002],[-122.97862400000002,38.26698499999998],[-122.97863000000001,38.266999],[-122.97863000000001,38.267021],[-122.97861699999999,38.26704699999999],[-122.97860200000002,38.267064000000005],[-122.97857599999998,38.26707399999998],[-122.97854699999999,38.26708100000002],[-122.97845999999998,38.26707299999998],[-122.978434,38.26706200000001],[-122.97840400000001,38.267043],[-122.978386,38.26702999999998],[-122.97838200000001,38.26701400000002],[-122.97838000000002,38.26699400000001],[-122.97837500000003,38.26696800000002],[-122.978384,38.26694900000001],[-122.97839900000002,38.26693399999999],[-122.97842800000001,38.266925000000015]],[[-122.97838000000002,38.26754699999998],[-122.97826400000002,38.26752800000003],[-122.97823799999998,38.26753100000002],[-122.97820999999999,38.26753100000002],[-122.978181,38.26751899999999],[-122.978162,38.267503999999974],[-122.97814199999999,38.26747999999998],[-122.97814,38.26745599999998],[-122.97814199999999,38.267416000000026],[-122.97814799999998,38.267375000000015],[-122.97817900000001,38.267341999999985],[-122.97821399999998,38.267330000000015],[-122.97824200000002,38.267330000000015],[-122.978275,38.267334000000005],[-122.97830099999999,38.267345999999975],[-122.978434,38.26735100000002],[-122.97847100000001,38.267349000000024],[-122.978499,38.267358],[-122.97852599999999,38.26737700000001],[-122.97853900000001,38.267394000000024],[-122.978545,38.26745599999998],[-122.978541,38.267493],[-122.97852599999999,38.26752099999999],[-122.97851000000003,38.26754],[-122.97849500000001,38.26755200000002],[-122.978478,38.26755700000001],[-122.97844900000001,38.267562],[-122.97841,38.26756],[-122.97838000000002,38.26754699999998]]]},"properties":{"OBJECTID":135518,"OBJL":86,"CATOBS":"foul area","CONDTN":null,"EXPSOU":null,"HEIGHT":null,"NATCON":null,"NATQUA":null,"OBJNAM":null,"PRODCT":null,"QUASOU":"2","SOUACC":null,"TECSOU":null,"VALSOU":null,"VERACC":null,"VERDAT":null,"VERLEN":null,"WATLEV":3,"NATSUR":null,"INFORM":null,"SCAMIN":null,"SORDAT":"200304","SORIND":"US,US,graph,Chart 18643","DSNM":"US5CA4KB.000","SHAPE.AREA":3.1123325295e-05,"SHAPE.LEN":0.06330245422674839,"enc_service":"enc_harbour","enc_layer":"Obstruction_area","enc_layer_id":156}},{"type":"Feature","id":135502,"geometry":{"type":"Polygon","coordinates":[[[-122.9826994,38.234478000000024],[-122.98274120000002,38.2344933],[-122.98276220000002,38.234512300000006],[-122.98279839999998,38.23455990000002],[-122.9828013,38.234575800000016],[-122.98283520000001,38.2345919],[-122.98312979999997,38.23467210000001],[-122.98334299999999,38.23471699999999],[-122.98357299999998,38.23473100000001],[-122.98379119999998,38.2346665],[-122.98373400000003,38.234644],[-122.98346600000002,38.234537999999986],[-122.98333600000001,38.23449599999998],[-122.98298699999998,38.23437999999999],[-122.98288600000001,38.23433799999998],[-122.98276199999998,38.23427099999998],[-122.98269800000003,38.23423200000002],[-122.98264799999998,38.23419200000001],[-122.98254780000002,38.23408280000001],[-122.98252400000001,38.23405700000001],[-122.98244999999997,38.23395399999998],[-122.98238600000002,38.23384299999998],[-122.98236600000001,38.233794999999986],[-122.98231600000003,38.233671000000015],[-122.98228610000001,38.233606899999984],[-122.98224399999998,38.233739000000014],[-122.98224399999998,38.23391400000003],[-122.982279,38.234151999999995],[-122.98244940000001,38.2343401],[-122.98261430000002,38.23448669999999],[-122.98265020000002,38.23450380000003],[-122.98266510000002,38.2344799],[-122.9826994,38.234478000000024]]]},"properties":{"OBJECTID":135502,"OBJL":86,"CATOBS":" ","CONDTN":null,"EXPSOU":null,"HEIGHT":null,"NATCON":null,"NATQUA":null,"OBJNAM":null,"PRODCT":null,"QUASOU":"2","SOUACC":null,"TECSOU":null,"VALSOU":null,"VERACC":null,"VERDAT":null,"VERLEN":null,"WATLEV":3,"NATSUR":null,"INFORM":null,"SCAMIN":null,"SORDAT":"200304","SORIND":"US,US,graph,Chart 18643","DSNM":"US5CA4JB.000","SHAPE.AREA":3.9328398500000004e-07,"SHAPE.LEN":0.00423647486233377,"enc_service":"enc_harbour","enc_layer":"Obstruction_area","enc_layer_id":156}},{"type":"Feature","id":135508,"geometry":{"type":"Polygon","coordinates":[[[-122.96963399999999,38.249870999999985],[-122.96939400000002,38.249607000000026],[-122.969202,38.249414],[-122.969064,38.249225000000024],[-122.96909599999998,38.24906499999997],[-122.96919700000001,38.24892699999998],[-122.969381,38.24873600000001],[-122.969493,38.248546999999974],[-122.96961499999998,38.24816499999997],[-122.96974599999999,38.24765000000002],[-122.96975099999997,38.247432],[-122.96962300000001,38.24691999999999],[-122.969629,38.24683599999997],[-122.96967699999999,38.24669699999998],[-122.96980200000002,38.24653999999998],[-122.96995600000002,38.24637999999999],[-122.97009000000003,38.246178999999984],[-122.97019599999999,38.24595599999998],[-122.97020700000002,38.245813],[-122.97020099999997,38.245645000000025],[-122.97019899999998,38.24546299999997],[-122.97016100000002,38.245228],[-122.97005999999999,38.244845],[-122.97003160000003,38.244709],[-122.97002600000002,38.244720099999995],[-122.9699071,38.24500569999998],[-122.96975839999999,38.24560050000002],[-122.96971079999997,38.24604069999998],[-122.9696156,38.24670099999997],[-122.9695264,38.24699850000002],[-122.96928839999998,38.248122799999976],[-122.96917539999998,38.24849160000002],[-122.96903859999998,38.24874139999997],[-122.9689017,38.2491162],[-122.9688066,38.24948499999999],[-122.96879059999998,38.25],[-122.96975680000003,38.25],[-122.96963399999999,38.249870999999985]]]},"properties":{"OBJECTID":135508,"OBJL":86,"CATOBS":"foul area","CONDTN":null,"EXPSOU":null,"HEIGHT":null,"NATCON":null,"NATQUA":null,"OBJNAM":null,"PRODCT":null,"QUASOU":"2","SOUACC":null,"TECSOU":null,"VALSOU":null,"VERACC":null,"VERDAT":null,"VERLEN":null,"WATLEV":3,"NATSUR":null,"INFORM":null,"SCAMIN":null,"SORDAT":"200304","SORIND":"US,US,graph,Chart 18643","DSNM":"US5CA4JB.000","SHAPE.AREA":1.73827108e-06,"SHAPE.LEN":0.012384035006952301,"enc_service":"enc_harbour","enc_layer":"Obstruction_area","enc_layer_id":156}},{"type":"Feature","id":2277363,"geometry":{"type":"Point","coordinates":[-123.13497970000026,38.02065969999967]},"properties":{"OBJL":86,"CATOBS":" ","CONDTN":null,"EXPSOU":1,"HEIGHT":null,"NATCON":null,"NATQUA":null,"OBJNAM":null,"PRODCT":null,"QUASOU":"6","SOUACC":null,"TECSOU":null,"VALSOU":78.60000000000001,"VERACC":null,"VERDAT":null,"VERLEN":null,"WATLEV":3,"NATSUR":null,"INFORM":null,"SCAMIN":179999,"SORDAT":"20080930","SORIND":"US,US,reprt,11thCGD,LNM 40/08","DSNM":"US4CA2CH.000","APPROACH.OBSTRN_POINT.FID":2277363,"enc_service":"enc_approach","enc_layer":"Obstruction_point","enc_layer_id":36}},{"type":"Feature","id":2277361,"geometry":{"type":"Point","coordinates":[-123.07117970000036,38.02065969999967]},"properties":{"OBJL":86,"CATOBS":" ","CONDTN":null,"EXPSOU":1,"HEIGHT":null,"NATCON":null,"NATQUA":null,"OBJNAM":null,"PRODCT":null,"QUASOU":"6","SOUACC":null,"TECSOU":null,"VALSOU":53,"VERACC":null,"VERDAT":null,"VERLEN":null,"WATLEV":3,"NATSUR":null,"INFORM":null,"SCAMIN":179999,"SORDAT":"20080930","SORIND":"US,US,reprt,11thCGD,LNM 40/08","DSNM":"US4CA2CH.000","APPROACH.OBSTRN_POINT.FID":2277361,"enc_service":"enc_approach","enc_layer":"Obstruction_point","enc_layer_id":36}},{"type":"Feature","id":2277352,"geometry":{"type":"Point","coordinates":[-123.05294999999933,38.02065969999967]},"properties":{"OBJL":86,"CATOBS":" ","CONDTN":null,"EXPSOU":1,"HEIGHT":null,"NATCON":null,"NATQUA":null,"OBJNAM":null,"PRODCT":null,"QUASOU":"6","SOUACC":null,"TECSOU":null,"VALSOU":49.300000000000004,"VERACC":null,"VERDAT":null,"VERLEN":null,"WATLEV":3,"NATSUR":null,"INFORM":null,"SCAMIN":179999,"SORDAT":"201305","SORIND":"US,US,graph,Chart 18645","DSNM":"US4CA2CH.000","APPROACH.OBSTRN_POINT.FID":2277352,"enc_service":"enc_approach","enc_layer":"Obstruction_point","enc_layer_id":36}},{"type":"Feature","id":2277362,"geometry":{"type":"Point","coordinates":[-123.12586999999985,38.02065969999967]},"properties":{"OBJL":86,"CATOBS":" ","CONDTN":null,"EXPSOU":1,"HEIGHT":null,"NATCON":null,"NATQUA":null,"OBJNAM":null,"PRODCT":null,"QUASOU":"6","SOUACC":null,"TECSOU":null,"VALSOU":74.9,"VERACC":null,"VERDAT":null,"VERLEN":null,"WATLEV":3,"NATSUR":null,"INFORM":null,"SCAMIN":179999,"SORDAT":"20080930","SORIND":"US,US,reprt,11thCGD,LNM 40/08","DSNM":"US4CA2CH.000","APPROACH.OBSTRN_POINT.FID":2277362,"enc_service":"enc_approach","enc_layer":"Obstruction_point","enc_layer_id":36}},{"type":"Feature","id":2277355,"geometry":{"type":"Point","coordinates":[-123.11674999999923,38.02065969999967]},"properties":{"OBJL":86,"CATOBS":" ","CONDTN":null,"EXPSOU":1,"HEIGHT":null,"NATCON":null,"NATQUA":null,"OBJNAM":null,"PRODCT":null,"QUASOU":"6","SOUACC":null,"TECSOU":null,"VALSOU":73.10000000000001,"VERACC":null,"VERDAT":null,"VERLEN":null,"WATLEV":3,"NATSUR":null,"INFORM":null,"SCAMIN":179999,"SORDAT":"20080930","SORIND":"US,US,reprt,11thCGD,LNM 40/08","DSNM":"US4CA2CH.000","APPROACH.OBSTRN_POINT.FID":2277355,"enc_service":"enc_approach","enc_layer":"Obstruction_point","enc_layer_id":36}},{"type":"Feature","id":2277357,"geometry":{"type":"Point","coordinates":[-123.09296419999919,38.02065969999967]},"properties":{"OBJL":86,"CATOBS":" ","CONDTN":null,"EXPSOU":1,"HEIGHT":null,"NATCON":null,"NATQUA":null,"OBJNAM":null,"PRODCT":null,"QUASOU":"6","SOUACC":null,"TECSOU":null,"VALSOU":65.8,"VERACC":null,"VERDAT":null,"VERLEN":null,"WATLEV":3,"NATSUR":null,"INFORM":null,"SCAMIN":179999,"SORDAT":"20080930","SORIND":"US,US,reprt,11thCGD,LNM 40/08","DSNM":"US4CA2CH.000","APPROACH.OBSTRN_POINT.FID":2277357,"enc_service":"enc_approach","enc_layer":"Obstruction_point","enc_layer_id":36}},{"type":"Feature","id":2277365,"geometry":{"type":"Point","coordinates":[-123.08029969999916,38.02065969999967]},"properties":{"OBJL":86,"CATOBS":" ","CONDTN":null,"EXPSOU":1,"HEIGHT":null,"NATCON":null,"NATQUA":null,"OBJNAM":null,"PRODCT":null,"QUASOU":"6","SOUACC":null,"TECSOU":null,"VALSOU":56.6,"VERACC":null,"VERDAT":null,"VERLEN":null,"WATLEV":3,"NATSUR":null,"INFORM":null,"SCAMIN":179999,"SORDAT":"20080930","SORIND":"US,US,reprt,11thCGD,LNM 40/08","DSNM":"US4CA2CH.000","APPROACH.OBSTRN_POINT.FID":2277365,"enc_service":"enc_approach","enc_layer":"Obstruction_point","enc_layer_id":36}},{"type":"Feature","id":2277360,"geometry":{"type":"Point","coordinates":[-123.04401999999936,38.02065969999967]},"properties":{"OBJL":86,"CATOBS":" ","CONDTN":null,"EXPSOU":1,"HEIGHT":null,"NATCON":null,"NATQUA":null,"OBJNAM":null,"PRODCT":null,"QUASOU":"6","SOUACC":null,"TECSOU":null,"VALSOU":47.5,"VERACC":null,"VERDAT":null,"VERLEN":null,"WATLEV":3,"NATSUR":null,"INFORM":null,"SCAMIN":179999,"SORDAT":"20080930","SORIND":"US,US,reprt,11thCGD,LNM 40/08","DSNM":"US4CA2CH.000","APPROACH.OBSTRN_POINT.FID":2277360,"enc_service":"enc_approach","enc_layer":"Obstruction_point","enc_layer_id":36}},{"type":"Feature","id":2277683,"geometry":{"type":"Point","coordinates":[-122.95815000000039,38.17663299999913]},"properties":{"OBJL":86,"CATOBS":"foul area","CONDTN":null,"EXPSOU":null,"HEIGHT":null,"NATCON":null,"NATQUA":null,"OBJNAM":null,"PRODCT":null,"QUASOU":"2","SOUACC":null,"TECSOU":null,"VALSOU":null,"VERACC":null,"VERDAT":null,"VERLEN":null,"WATLEV":3,"NATSUR":null,"INFORM":null,"SCAMIN":null,"SORDAT":"200304","SORIND":"US,US,graph,Chart 18643","DSNM":"US4CA2DI.000","APPROACH.OBSTRN_POINT.FID":2277683,"enc_service":"enc_approach","enc_layer":"Obstruction_point","enc_layer_id":36}},{"type":"Feature","id":2277684,"geometry":{"type":"Point","coordinates":[-122.96097299999929,38.229622000000745]},"properties":{"OBJL":86,"CATOBS":" ","CONDTN":null,"EXPSOU":null,"HEIGHT":null,"NATCON":null,"NATQUA":null,"OBJNAM":null,"PRODCT":null,"QUASOU":null,"SOUACC":null,"TECSOU":null,"VALSOU":null,"VERACC":null,"VERDAT":null,"VERLEN":null,"WATLEV":2,"NATSUR":null,"INFORM":null,"SCAMIN":null,"SORDAT":"200304","SORIND":"US,US,graph,Chart 18643","DSNM":"US4CA2DI.000","APPROACH.OBSTRN_POINT.FID":2277684,"enc_service":"enc_approach","enc_layer":"Obstruction_point","enc_layer_id":36}},{"type":"Feature","id":2277358,"geometry":{"type":"Point","coordinates":[-123.0894100000005,38.02065969999967]},"properties":{"OBJL":86,"CATOBS":" ","CONDTN":null,"EXPSOU":1,"HEIGHT":null,"NATCON":null,"NATQUA":null,"OBJNAM":null,"PRODCT":null,"QUASOU":"6","SOUACC":null,"TECSOU":null,"VALSOU":60.300000000000004,"VERACC":null,"VERDAT":null,"VERLEN":null,"WATLEV":3,"NATSUR":null,"INFORM":null,"SCAMIN":179999,"SORDAT":"20080930","SORIND":"US,US,reprt,11thCGD,LNM 40/08","DSNM":"US4CA2CH.000","APPROACH.OBSTRN_POINT.FID":2277358,"enc_service":"enc_approach","enc_layer":"Obstruction_point","enc_layer_id":36}},{"type":"Feature","id":2277359,"geometry":{"type":"Point","coordinates":[-123.06206999999995,38.02065969999967]},"properties":{"OBJL":86,"CATOBS":" ","CONDTN":null,"EXPSOU":1,"HEIGHT":null,"NATCON":null,"NATQUA":null,"OBJNAM":null,"PRODCT":null,"QUASOU":"6","SOUACC":null,"TECSOU":null,"VALSOU":53,"VERACC":null,"VERDAT":null,"VERLEN":null,"WATLEV":3,"NATSUR":null,"INFORM":null,"SCAMIN":179999,"SORDAT":"20080930","SORIND":"US,US,reprt,11thCGD,LNM 40/08","DSNM":"US4CA2CH.000","APPROACH.OBSTRN_POINT.FID":2277359,"enc_service":"enc_approach","enc_layer":"Obstruction_point","enc_layer_id":36}},{"type":"Feature","id":2277354,"geometry":{"type":"Point","coordinates":[-123.02583050000067,38.02067480000005]},"properties":{"OBJL":86,"CATOBS":" ","CONDTN":null,"EXPSOU":2,"HEIGHT":null,"NATCON":null,"NATQUA":null,"OBJNAM":null,"PRODCT":null,"QUASOU":"6","SOUACC":null,"TECSOU":null,"VALSOU":32.9,"VERACC":null,"VERDAT":null,"VERLEN":null,"WATLEV":3,"NATSUR":null,"INFORM":null,"SCAMIN":null,"SORDAT":"200903","SORIND":"US,US,graph,Chart 18647","DSNM":"US4CA2CH.000","APPROACH.OBSTRN_POINT.FID":2277354,"enc_service":"enc_approach","enc_layer":"Obstruction_point","enc_layer_id":36}},{"type":"Feature","id":2277686,"geometry":{"type":"Point","coordinates":[-122.94733850000011,38.21511509999982]},"properties":{"OBJL":86,"CATOBS":"snag/stump","CONDTN":null,"EXPSOU":null,"HEIGHT":null,"NATCON":null,"NATQUA":null,"OBJNAM":null,"PRODCT":null,"QUASOU":"2","SOUACC":null,"TECSOU":null,"VALSOU":null,"VERACC":null,"VERDAT":null,"VERLEN":null,"WATLEV":3,"NATSUR":null,"INFORM":null,"SCAMIN":null,"SORDAT":"200304","SORIND":"US,US,graph,Chart 18643","DSNM":"US4CA2DI.000","APPROACH.OBSTRN_POINT.FID":2277686,"enc_service":"enc_approach","enc_layer":"Obstruction_point","enc_layer_id":36}},{"type":"Feature","id":2277356,"geometry":{"type":"Point","coordinates":[-123.10764000000017,38.02065969999967]},"properties":{"OBJL":86,"CATOBS":" ","CONDTN":null,"EXPSOU":1,"HEIGHT":null,"NATCON":null,"NATQUA":null,"OBJNAM":null,"PRODCT":null,"QUASOU":"6","SOUACC":null,"TECSOU":null,"VALSOU":69.4,"VERACC":null,"VERDAT":null,"VERLEN":null,"WATLEV":3,"NATSUR":null,"INFORM":null,"SCAMIN":179999,"SORDAT":"20080930","SORIND":"US,US,reprt,11thCGD,LNM 40/08","DSNM":"US4CA2CH.000","APPROACH.OBSTRN_POINT.FID":2277356,"enc_service":"enc_approach","enc_layer":"Obstruction_point","enc_layer_id":36}},{"type":"Feature","id":2277364,"geometry":{"type":"Point","coordinates":[-123.03471969999919,38.02065969999967]},"properties":{"OBJL":86,"CATOBS":" ","CONDTN":null,"EXPSOU":1,"HEIGHT":null,"NATCON":null,"NATQUA":null,"OBJNAM":null,"PRODCT":null,"QUASOU":"6","SOUACC":null,"TECSOU":null,"VALSOU":42,"VERACC":null,"VERDAT":null,"VERLEN":null,"WATLEV":3,"NATSUR":null,"INFORM":null,"SCAMIN":179999,"SORDAT":"20080930","SORIND":"US,US,reprt,11thCGD,LNM 40/08","DSNM":"US4CA2CH.000","APPROACH.OBSTRN_POINT.FID":2277364,"enc_service":"enc_approach","enc_layer":"Obstruction_point","enc_layer_id":36}},{"type":"Feature","id":2277353,"geometry":{"type":"Point","coordinates":[-123.01653710000028,38.02066840000043]},"properties":{"OBJL":86,"CATOBS":" ","CONDTN":null,"EXPSOU":1,"HEIGHT":null,"NATCON":null,"NATQUA":null,"OBJNAM":null,"PRODCT":null,"QUASOU":"6","SOUACC":null,"TECSOU":null,"VALSOU":21.900000000000002,"VERACC":null,"VERDAT":null,"VERLEN":null,"WATLEV":3,"NATSUR":null,"INFORM":null,"SCAMIN":null,"SORDAT":"200903","SORIND":"US,US,graph,Chart 18647","DSNM":"US4CA2CH.000","APPROACH.OBSTRN_POINT.FID":2277353,"enc_service":"enc_approach","enc_layer":"Obstruction_point","enc_layer_id":36}},{"type":"Feature","id":19746172,"geometry":{"type":"Point","coordinates":[-122.9960319999991,38.23985200000061]},"properties":{"OBJL":153,"EXPSOU":null,"NATSUR":null,"NATQUA":null,"OBJNAM":null,"QUASOU":"2","SOUACC":null,"TECSOU":null,"VALSOU":null,"VERDAT":null,"WATLEV":4,"INFORM":null,"SCAMIN":89999,"SORDAT":"200304","SORIND":"US,US,graph,Chart 18643","DSNM":"US4CA2DI.000","APPROACH.UWTROC.FID":19746172,"enc_service":"enc_approach","enc_layer":"Underwater_Awash_Rock_point","enc_layer_id":37}},{"type":"Feature","id":19746197,"geometry":{"type":"Point","coordinates":[-122.99362099999962,38.24058200000036]},"properties":{"OBJL":153,"EXPSOU":null,"NATSUR":null,"NATQUA":null,"OBJNAM":null,"QUASOU":"2","SOUACC":null,"TECSOU":null,"VALSOU":null,"VERDAT":null,"WATLEV":4,"INFORM":null,"SCAMIN":89999,"SORDAT":"200304","SORIND":"US,US,graph,Chart 18643","DSNM":"US4CA2DI.000","APPROACH.UWTROC.FID":19746197,"enc_service":"enc_approach","enc_layer":"Underwater_Awash_Rock_point","enc_layer_id":37}},{"type":"Feature","id":19746160,"geometry":{"type":"Point","coordinates":[-122.981898,38.21996600000057]},"properties":{"OBJL":153,"EXPSOU":null,"NATSUR":null,"NATQUA":null,"OBJNAM":null,"QUASOU":"2","SOUACC":null,"TECSOU":null,"VALSOU":null,"VERDAT":null,"WATLEV":4,"INFORM":null,"SCAMIN":89999,"SORDAT":"200304","SORIND":"US,US,graph,Chart 18643","DSNM":"US4CA2DI.000","APPROACH.UWTROC.FID":19746160,"enc_service":"enc_approach","enc_layer":"Underwater_Awash_Rock_point","enc_layer_id":37}},{"type":"Feature","id":19746182,"geometry":{"type":"Point","coordinates":[-122.98078999999962,38.213252999999895]},"properties":{"OBJL":153,"EXPSOU":null,"NATSUR":null,"NATQUA":null,"OBJNAM":null,"QUASOU":"2","SOUACC":null,"TECSOU":null,"VALSOU":null,"VERDAT":null,"WATLEV":4,"INFORM":null,"SCAMIN":89999,"SORDAT":"200304","SORIND":"US,US,graph,Chart 18643","DSNM":"US4CA2DI.000","APPROACH.UWTROC.FID":19746182,"enc_service":"enc_approach","enc_layer":"Underwater_Awash_Rock_point","enc_layer_id":37}},{"type":"Feature","id":19746181,"geometry":{"type":"Point","coordinates":[-122.9799920000005,38.21257700000024]},"properties":{"OBJL":153,"EXPSOU":null,"NATSUR":null,"NATQUA":null,"OBJNAM":null,"QUASOU":"2","SOUACC":null,"TECSOU":null,"VALSOU":null,"VERDAT":null,"WATLEV":4,"INFORM":null,"SCAMIN":89999,"SORDAT":"200304","SORIND":"US,US,graph,Chart 18643","DSNM":"US4CA2DI.000","APPROACH.UWTROC.FID":19746181,"enc_service":"enc_approach","enc_layer":"Underwater_Awash_Rock_point","enc_layer_id":37}},{"type":"Feature","id":19746187,"geometry":{"type":"Point","coordinates":[-122.97817299999952,38.211717000000135]},"properties":{"OBJL":153,"EXPSOU":null,"NATSUR":null,"NATQUA":null,"OBJNAM":null,"QUASOU":"2","SOUACC":null,"TECSOU":null,"VALSOU":null,"VERDAT":null,"WATLEV":4,"INFORM":null,"SCAMIN":89999,"SORDAT":"200304","SORIND":"US,US,graph,Chart 18643","DSNM":"US4CA2DI.000","APPROACH.UWTROC.FID":19746187,"enc_service":"enc_approach","enc_layer":"Underwater_Awash_Rock_point","enc_layer_id":37}},{"type":"Feature","id":19746185,"geometry":{"type":"Point","coordinates":[-122.97603499999968,38.20965799999976]},"properties":{"OBJL":153,"EXPSOU":null,"NATSUR":null,"NATQUA":null,"OBJNAM":null,"QUASOU":"2","SOUACC":null,"TECSOU":null,"VALSOU":null,"VERDAT":null,"WATLEV":3,"INFORM":null,"SCAMIN":89999,"SORDAT":"200304","SORIND":"US,US,graph,Chart 18643","DSNM":"US4CA2DI.000","APPROACH.UWTROC.FID":19746185,"enc_service":"enc_approach","enc_layer":"Underwater_Awash_Rock_point","enc_layer_id":37}},{"type":"Feature","id":19746358,"geometry":{"type":"Point","coordinates":[-122.97449500000039,38.207548000000315]},"properties":{"OBJL":153,"EXPSOU":null,"NATSUR":null,"NATQUA":null,"OBJNAM":null,"QUASOU":"2","SOUACC":null,"TECSOU":null,"VALSOU":null,"VERDAT":null,"WATLEV":4,"INFORM":null,"SCAMIN":89999,"SORDAT":"200304","SORIND":"US,US,graph,Chart 18643","DSNM":"US4CA2DI.000","APPROACH.UWTROC.FID":19746358,"enc_service":"enc_approach","enc_layer":"Underwater_Awash_Rock_point","enc_layer_id":37}},{"type":"Feature","id":19746224,"geometry":{"type":"Point","coordinates":[-122.97403250000025,38.20684489999985]},"properties":{"OBJL":153,"EXPSOU":null,"NATSUR":null,"NATQUA":null,"OBJNAM":null,"QUASOU":"2","SOUACC":null,"TECSOU":null,"VALSOU":null,"VERDAT":null,"WATLEV":4,"INFORM":null,"SCAMIN":89999,"SORDAT":"200304","SORIND":"US,US,graph,Chart 18643","DSNM":"US4CA2DI.000","APPROACH.UWTROC.FID":19746224,"enc_service":"enc_approach","enc_layer":"Underwater_Awash_Rock_point","enc_layer_id":37}},{"type":"Feature","id":19746310,"geometry":{"type":"Point","coordinates":[-122.97177999999985,38.25758499999938]},"properties":{"OBJL":153,"EXPSOU":null,"NATSUR":null,"NATQUA":null,"OBJNAM":null,"QUASOU":"2","SOUACC":null,"TECSOU":null,"VALSOU":null,"VERDAT":null,"WATLEV":4,"INFORM":null,"SCAMIN":89999,"SORDAT":"200304","SORIND":"US,US,graph,Chart 18643","DSNM":"US4CA2DI.000","APPROACH.UWTROC.FID":19746310,"enc_service":"enc_approach","enc_layer":"Underwater_Awash_Rock_point","enc_layer_id":37}},{"type":"Feature","id":19746303,"geometry":{"type":"Point","coordinates":[-122.97070200000053,38.254634000000806]},"properties":{"OBJL":153,"EXPSOU":null,"NATSUR":null,"NATQUA":null,"OBJNAM":null,"QUASOU":"2","SOUACC":null,"TECSOU":null,"VALSOU":null,"VERDAT":null,"WATLEV":4,"INFORM":null,"SCAMIN":89999,"SORDAT":"200304","SORIND":"US,US,graph,Chart 18643","DSNM":"US4CA2DI.000","APPROACH.UWTROC.FID":19746303,"enc_service":"enc_approach","enc_layer":"Underwater_Awash_Rock_point","enc_layer_id":37}},{"type":"Feature","id":19746114,"geometry":{"type":"Point","coordinates":[-122.93643800000063,38.19779700000072]},"properties":{"OBJL":153,"EXPSOU":2,"NATSUR":null,"NATQUA":null,"OBJNAM":null,"QUASOU":null,"SOUACC":null,"TECSOU":null,"VALSOU":0,"VERDAT":null,"WATLEV":5,"INFORM":null,"SCAMIN":null,"SORDAT":"200304","SORIND":"US,US,graph,Chart 18643","DSNM":"US4CA2DI.000","APPROACH.UWTROC.FID":19746114,"enc_service":"enc_approach","enc_layer":"Underwater_Awash_Rock_point","enc_layer_id":37}},{"type":"Feature","id":19746353,"geometry":{"type":"Point","coordinates":[-122.93364699999984,38.19551800000045]},"properties":{"OBJL":153,"EXPSOU":null,"NATSUR":null,"NATQUA":null,"OBJNAM":null,"QUASOU":"2","SOUACC":null,"TECSOU":null,"VALSOU":null,"VERDAT":null,"WATLEV":4,"INFORM":null,"SCAMIN":null,"SORDAT":"200304","SORIND":"US,US,graph,Chart 18643","DSNM":"US4CA2DI.000","APPROACH.UWTROC.FID":19746353,"enc_service":"enc_approach","enc_layer":"Underwater_Awash_Rock_point","enc_layer_id":37}},{"type":"Feature","id":19746113,"geometry":{"type":"Point","coordinates":[-122.93311499999982,38.19532299999992]},"properties":{"OBJL":153,"EXPSOU":2,"NATSUR":null,"NATQUA":null,"OBJNAM":null,"QUASOU":null,"SOUACC":null,"TECSOU":null,"VALSOU":0,"VERDAT":null,"WATLEV":5,"INFORM":null,"SCAMIN":null,"SORDAT":"200304","SORIND":"US,US,graph,Chart 18643","DSNM":"US4CA2DI.000","APPROACH.UWTROC.FID":19746113,"enc_service":"enc_approach","enc_layer":"Underwater_Awash_Rock_point","enc_layer_id":37}},{"type":"Feature","id":19746126,"geometry":{"type":"Point","coordinates":[-122.93005900000026,38.18286799999987]},"properties":{"OBJL":153,"EXPSOU":null,"NATSUR":null,"NATQUA":null,"OBJNAM":null,"QUASOU":"2","SOUACC":null,"TECSOU":null,"VALSOU":null,"VERDAT":null,"WATLEV":4,"INFORM":null,"SCAMIN":null,"SORDAT":"200304","SORIND":"US,US,graph,Chart 18643","DSNM":"US4CA2DI.000","APPROACH.UWTROC.FID":19746126,"enc_service":"enc_approach","enc_layer":"Underwater_Awash_Rock_point","enc_layer_id":37}},{"type":"Feature","id":19746203,"geometry":{"type":"Point","coordinates":[-122.99577200000022,38.237153000000035]},"properties":{"OBJL":153,"EXPSOU":null,"NATSUR":null,"NATQUA":null,"OBJNAM":null,"QUASOU":"2","SOUACC":null,"TECSOU":null,"VALSOU":null,"VERDAT":null,"WATLEV":4,"INFORM":null,"SCAMIN":89999,"SORDAT":"200304","SORIND":"US,US,graph,Chart 18643","DSNM":"US4CA2DI.000","APPROACH.UWTROC.FID":19746203,"enc_service":"enc_approach","enc_layer":"Underwater_Awash_Rock_point","enc_layer_id":37}},{"type":"Feature","id":19746201,"geometry":{"type":"Point","coordinates":[-122.99525100000028,38.24234699999943]},"properties":{"OBJL":153,"EXPSOU":null,"NATSUR":null,"NATQUA":null,"OBJNAM":null,"QUASOU":"2","SOUACC":null,"TECSOU":null,"VALSOU":null,"VERDAT":null,"WATLEV":4,"INFORM":null,"SCAMIN":89999,"SORDAT":"200304","SORIND":"US,US,graph,Chart 18643","DSNM":"US4CA2DI.000","APPROACH.UWTROC.FID":19746201,"enc_service":"enc_approach","enc_layer":"Underwater_Awash_Rock_point","enc_layer_id":37}},{"type":"Feature","id":19746202,"geometry":{"type":"Point","coordinates":[-122.9947919999995,38.236879000000044]},"properties":{"OBJL":153,"EXPSOU":null,"NATSUR":null,"NATQUA":null,"OBJNAM":null,"QUASOU":"2","SOUACC":null,"TECSOU":null,"VALSOU":null,"VERDAT":null,"WATLEV":4,"INFORM":null,"SCAMIN":89999,"SORDAT":"200304","SORIND":"US,US,graph,Chart 18643","DSNM":"US4CA2DI.000","APPROACH.UWTROC.FID":19746202,"enc_service":"enc_approach","enc_layer":"Underwater_Awash_Rock_point","enc_layer_id":37}},{"type":"Feature","id":19746199,"geometry":{"type":"Point","coordinates":[-122.9918859999998,38.239918999999645]},"properties":{"OBJL":153,"EXPSOU":null,"NATSUR":null,"NATQUA":null,"OBJNAM":null,"QUASOU":"2","SOUACC":null,"TECSOU":null,"VALSOU":null,"VERDAT":null,"WATLEV":4,"INFORM":null,"SCAMIN":89999,"SORDAT":"200304","SORIND":"US,US,graph,Chart 18643","DSNM":"US4CA2DI.000","APPROACH.UWTROC.FID":19746199,"enc_service":"enc_approach","enc_layer":"Underwater_Awash_Rock_point","enc_layer_id":37}},{"type":"Feature","id":19746244,"geometry":{"type":"Point","coordinates":[-122.99082400000043,38.230233000000226]},"properties":{"OBJL":153,"EXPSOU":null,"NATSUR":null,"NATQUA":null,"OBJNAM":null,"QUASOU":"2","SOUACC":null,"TECSOU":null,"VALSOU":null,"VERDAT":null,"WATLEV":4,"INFORM":null,"SCAMIN":89999,"SORDAT":"200304","SORIND":"US,US,graph,Chart 18643","DSNM":"US4CA2DI.000","APPROACH.UWTROC.FID":19746244,"enc_service":"enc_approach","enc_layer":"Underwater_Awash_Rock_point","enc_layer_id":37}},{"type":"Feature","id":19746279,"geometry":{"type":"Point","coordinates":[-122.98975699999937,38.22939199999928]},"properties":{"OBJL":153,"EXPSOU":null,"NATSUR":null,"NATQUA":null,"OBJNAM":null,"QUASOU":"2","SOUACC":null,"TECSOU":null,"VALSOU":null,"VERDAT":null,"WATLEV":4,"INFORM":null,"SCAMIN":89999,"SORDAT":"200304","SORIND":"US,US,graph,Chart 18643","DSNM":"US4CA2DI.000","APPROACH.UWTROC.FID":19746279,"enc_service":"enc_approach","enc_layer":"Underwater_Awash_Rock_point","enc_layer_id":37}},{"type":"Feature","id":19746186,"geometry":{"type":"Point","coordinates":[-122.97931699999936,38.21215099999972]},"properties":{"OBJL":153,"EXPSOU":null,"NATSUR":null,"NATQUA":null,"OBJNAM":null,"QUASOU":"2","SOUACC":null,"TECSOU":null,"VALSOU":null,"VERDAT":null,"WATLEV":4,"INFORM":null,"SCAMIN":89999,"SORDAT":"200304","SORIND":"US,US,graph,Chart 18643","DSNM":"US4CA2DI.000","APPROACH.UWTROC.FID":19746186,"enc_service":"enc_approach","enc_layer":"Underwater_Awash_Rock_point","enc_layer_id":37}},{"type":"Feature","id":19746192,"geometry":{"type":"Point","coordinates":[-122.97629699999925,38.20855599999959]},"properties":{"OBJL":153,"EXPSOU":null,"NATSUR":null,"NATQUA":null,"OBJNAM":null,"QUASOU":"2","SOUACC":null,"TECSOU":null,"VALSOU":null,"VERDAT":null,"WATLEV":4,"INFORM":null,"SCAMIN":89999,"SORDAT":"200304","SORIND":"US,US,graph,Chart 18643","DSNM":"US4CA2DI.000","APPROACH.UWTROC.FID":19746192,"enc_service":"enc_approach","enc_layer":"Underwater_Awash_Rock_point","enc_layer_id":37}},{"type":"Feature","id":19746117,"geometry":{"type":"Point","coordinates":[-122.97496900000078,38.20679999999993]},"properties":{"OBJL":153,"EXPSOU":2,"NATSUR":null,"NATQUA":null,"OBJNAM":null,"QUASOU":null,"SOUACC":null,"TECSOU":null,"VALSOU":0,"VERDAT":null,"WATLEV":5,"INFORM":null,"SCAMIN":89999,"SORDAT":"200304","SORIND":"US,US,graph,Chart 18643","DSNM":"US4CA2DI.000","APPROACH.UWTROC.FID":19746117,"enc_service":"enc_approach","enc_layer":"Underwater_Awash_Rock_point","enc_layer_id":37}},{"type":"Feature","id":19746369,"geometry":{"type":"Point","coordinates":[-122.97393200000079,38.258465999999316]},"properties":{"OBJL":153,"EXPSOU":2,"NATSUR":null,"NATQUA":null,"OBJNAM":null,"QUASOU":"6","SOUACC":null,"TECSOU":null,"VALSOU":-1.2,"VERDAT":null,"WATLEV":4,"INFORM":null,"SCAMIN":89999,"SORDAT":"200304","SORIND":"US,US,graph,Chart 18643","DSNM":"US4CA2DI.000","APPROACH.UWTROC.FID":19746369,"enc_service":"enc_approach","enc_layer":"Underwater_Awash_Rock_point","enc_layer_id":37}},{"type":"Feature","id":19746311,"geometry":{"type":"Point","coordinates":[-122.97357399999964,38.25786700000026]},"properties":{"OBJL":153,"EXPSOU":null,"NATSUR":null,"NATQUA":null,"OBJNAM":null,"QUASOU":"2","SOUACC":null,"TECSOU":null,"VALSOU":null,"VERDAT":null,"WATLEV":4,"INFORM":null,"SCAMIN":89999,"SORDAT":"200304","SORIND":"US,US,graph,Chart 18643","DSNM":"US4CA2DI.000","APPROACH.UWTROC.FID":19746311,"enc_service":"enc_approach","enc_layer":"Underwater_Awash_Rock_point","enc_layer_id":37}},{"type":"Feature","id":19746110,"geometry":{"type":"Point","coordinates":[-122.97287700000015,38.20550100000037]},"properties":{"OBJL":153,"EXPSOU":2,"NATSUR":null,"NATQUA":null,"OBJNAM":null,"QUASOU":null,"SOUACC":null,"TECSOU":null,"VALSOU":0,"VERDAT":null,"WATLEV":5,"INFORM":null,"SCAMIN":89999,"SORDAT":"200304","SORIND":"US,US,graph,Chart 18643","DSNM":"US4CA2DI.000","APPROACH.UWTROC.FID":19746110,"enc_service":"enc_approach","enc_layer":"Underwater_Awash_Rock_point","enc_layer_id":37}},{"type":"Feature","id":19746309,"geometry":{"type":"Point","coordinates":[-122.97283000000061,38.25529800000004]},"properties":{"OBJL":153,"EXPSOU":null,"NATSUR":null,"NATQUA":null,"OBJNAM":null,"QUASOU":"2","SOUACC":null,"TECSOU":null,"VALSOU":null,"VERDAT":null,"WATLEV":3,"INFORM":null,"SCAMIN":89999,"SORDAT":"200304","SORIND":"US,US,graph,Chart 18643","DSNM":"US4CA2DI.000","APPROACH.UWTROC.FID":19746309,"enc_service":"enc_approach","enc_layer":"Underwater_Awash_Rock_point","enc_layer_id":37}},{"type":"Feature","id":19746312,"geometry":{"type":"Point","coordinates":[-122.97228899999936,38.25945200000024]},"properties":{"OBJL":153,"EXPSOU":null,"NATSUR":null,"NATQUA":null,"OBJNAM":null,"QUASOU":"2","SOUACC":null,"TECSOU":null,"VALSOU":null,"VERDAT":null,"WATLEV":4,"INFORM":null,"SCAMIN":null,"SORDAT":"200304","SORIND":"US,US,graph,Chart 18643","DSNM":"US4CA2DI.000","APPROACH.UWTROC.FID":19746312,"enc_service":"enc_approach","enc_layer":"Underwater_Awash_Rock_point","enc_layer_id":37}},{"type":"Feature","id":19746307,"geometry":{"type":"Point","coordinates":[-122.97216200000003,38.25597600000037]},"properties":{"OBJL":153,"EXPSOU":null,"NATSUR":null,"NATQUA":null,"OBJNAM":null,"QUASOU":"2","SOUACC":null,"TECSOU":null,"VALSOU":null,"VERDAT":null,"WATLEV":4,"INFORM":null,"SCAMIN":89999,"SORDAT":"200304","SORIND":"US,US,graph,Chart 18643","DSNM":"US4CA2DI.000","APPROACH.UWTROC.FID":19746307,"enc_service":"enc_approach","enc_layer":"Underwater_Awash_Rock_point","enc_layer_id":37}},{"type":"Feature","id":19746178,"geometry":{"type":"Point","coordinates":[-122.97168799999963,38.25872100000015]},"properties":{"OBJL":153,"EXPSOU":null,"NATSUR":null,"NATQUA":null,"OBJNAM":null,"QUASOU":"2","SOUACC":null,"TECSOU":null,"VALSOU":null,"VERDAT":null,"WATLEV":4,"INFORM":null,"SCAMIN":null,"SORDAT":"200304","SORIND":"US,US,graph,Chart 18643","DSNM":"US4CA2DI.000","APPROACH.UWTROC.FID":19746178,"enc_service":"enc_approach","enc_layer":"Underwater_Awash_Rock_point","enc_layer_id":37}},{"type":"Feature","id":19746305,"geometry":{"type":"Point","coordinates":[-122.97096899999997,38.25640299999941]},"properties":{"OBJL":153,"EXPSOU":null,"NATSUR":null,"NATQUA":null,"OBJNAM":null,"QUASOU":"2","SOUACC":null,"TECSOU":null,"VALSOU":null,"VERDAT":null,"WATLEV":4,"INFORM":null,"SCAMIN":null,"SORDAT":"200304","SORIND":"US,US,graph,Chart 18643","DSNM":"US4CA2DI.000","APPROACH.UWTROC.FID":19746305,"enc_service":"enc_approach","enc_layer":"Underwater_Awash_Rock_point","enc_layer_id":37}},{"type":"Feature","id":19746229,"geometry":{"type":"Point","coordinates":[-122.96991499999967,38.2026079999996]},"properties":{"OBJL":153,"EXPSOU":null,"NATSUR":null,"NATQUA":null,"OBJNAM":null,"QUASOU":"2","SOUACC":null,"TECSOU":null,"VALSOU":null,"VERDAT":null,"WATLEV":4,"INFORM":null,"SCAMIN":89999,"SORDAT":"200304","SORIND":"US,US,graph,Chart 18643","DSNM":"US4CA2DI.000","APPROACH.UWTROC.FID":19746229,"enc_service":"enc_approach","enc_layer":"Underwater_Awash_Rock_point","enc_layer_id":37}},{"type":"Feature","id":19746230,"geometry":{"type":"Point","coordinates":[-122.96895100000074,38.20250099999976]},"properties":{"OBJL":153,"EXPSOU":null,"NATSUR":null,"NATQUA":null,"OBJNAM":null,"QUASOU":"2","SOUACC":null,"TECSOU":null,"VALSOU":null,"VERDAT":null,"WATLEV":4,"INFORM":null,"SCAMIN":89999,"SORDAT":"200304","SORIND":"US,US,graph,Chart 18643","DSNM":"US4CA2DI.000","APPROACH.UWTROC.FID":19746230,"enc_service":"enc_approach","enc_layer":"Underwater_Awash_Rock_point","enc_layer_id":37}},{"type":"Feature","id":19746138,"geometry":{"type":"Point","coordinates":[-122.95004399999925,38.20530300000064]},"properties":{"OBJL":153,"EXPSOU":null,"NATSUR":null,"NATQUA":null,"OBJNAM":null,"QUASOU":"2","SOUACC":null,"TECSOU":null,"VALSOU":null,"VERDAT":null,"WATLEV":4,"INFORM":null,"SCAMIN":null,"SORDAT":"200304","SORIND":"US,US,graph,Chart 18643","DSNM":"US4CA2DI.000","APPROACH.UWTROC.FID":19746138,"enc_service":"enc_approach","enc_layer":"Underwater_Awash_Rock_point","enc_layer_id":37}},{"type":"Feature","id":19746128,"geometry":{"type":"Point","coordinates":[-122.9441139999999,38.19438500000069]},"properties":{"OBJL":153,"EXPSOU":null,"NATSUR":null,"NATQUA":null,"OBJNAM":null,"QUASOU":"2","SOUACC":null,"TECSOU":null,"VALSOU":null,"VERDAT":null,"WATLEV":4,"INFORM":null,"SCAMIN":null,"SORDAT":"200304","SORIND":"US,US,graph,Chart 18643","DSNM":"US4CA2DI.000","APPROACH.UWTROC.FID":19746128,"enc_service":"enc_approach","enc_layer":"Underwater_Awash_Rock_point","enc_layer_id":37}},{"type":"Feature","id":19746127,"geometry":{"type":"Point","coordinates":[-122.94128300000011,38.193287000000055]},"properties":{"OBJL":153,"EXPSOU":null,"NATSUR":null,"NATQUA":null,"OBJNAM":null,"QUASOU":"2","SOUACC":null,"TECSOU":null,"VALSOU":null,"VERDAT":null,"WATLEV":4,"INFORM":null,"SCAMIN":null,"SORDAT":"200304","SORIND":"US,US,graph,Chart 18643","DSNM":"US4CA2DI.000","APPROACH.UWTROC.FID":19746127,"enc_service":"enc_approach","enc_layer":"Underwater_Awash_Rock_point","enc_layer_id":37}},{"type":"Feature","id":19746293,"geometry":{"type":"Point","coordinates":[-122.93593900000087,38.21203600000081]},"properties":{"OBJL":153,"EXPSOU":null,"NATSUR":null,"NATQUA":null,"OBJNAM":null,"QUASOU":"2","SOUACC":null,"TECSOU":null,"VALSOU":null,"VERDAT":null,"WATLEV":4,"INFORM":null,"SCAMIN":null,"SORDAT":"200304","SORIND":"US,US,graph,Chart 18643","DSNM":"US4CA2DI.000","APPROACH.UWTROC.FID":19746293,"enc_service":"enc_approach","enc_layer":"Underwater_Awash_Rock_point","enc_layer_id":37}},{"type":"Feature","id":19746125,"geometry":{"type":"Point","coordinates":[-122.92122600000039,38.170484000000215]},"properties":{"OBJL":153,"EXPSOU":null,"NATSUR":null,"NATQUA":null,"OBJNAM":null,"QUASOU":"2","SOUACC":null,"TECSOU":null,"VALSOU":null,"VERDAT":null,"WATLEV":4,"INFORM":null,"SCAMIN":null,"SORDAT":"200304","SORIND":"US,US,graph,Chart 18643","DSNM":"US4CA2DI.000","APPROACH.UWTROC.FID":19746125,"enc_service":"enc_approach","enc_layer":"Underwater_Awash_Rock_point","enc_layer_id":37}},{"type":"Feature","id":19746239,"geometry":{"type":"Point","coordinates":[-122.99542199999996,38.23157100000026]},"properties":{"OBJL":153,"EXPSOU":null,"NATSUR":null,"NATQUA":null,"OBJNAM":null,"QUASOU":"2","SOUACC":null,"TECSOU":null,"VALSOU":null,"VERDAT":null,"WATLEV":4,"INFORM":null,"SCAMIN":89999,"SORDAT":"200304","SORIND":"US,US,graph,Chart 18643","DSNM":"US4CA2DI.000","APPROACH.UWTROC.FID":19746239,"enc_service":"enc_approach","enc_layer":"Underwater_Awash_Rock_point","enc_layer_id":37}},{"type":"Feature","id":19746242,"geometry":{"type":"Point","coordinates":[-122.99510100000043,38.23071800000071]},"properties":{"OBJL":153,"EXPSOU":null,"NATSUR":null,"NATQUA":null,"OBJNAM":null,"QUASOU":"2","SOUACC":null,"TECSOU":null,"VALSOU":null,"VERDAT":null,"WATLEV":4,"INFORM":null,"SCAMIN":89999,"SORDAT":"200304","SORIND":"US,US,graph,Chart 18643","DSNM":"US4CA2DI.000","APPROACH.UWTROC.FID":19746242,"enc_service":"enc_approach","enc_layer":"Underwater_Awash_Rock_point","enc_layer_id":37}},{"type":"Feature","id":19746245,"geometry":{"type":"Point","coordinates":[-122.99173499999961,38.23012299999937]},"properties":{"OBJL":153,"EXPSOU":null,"NATSUR":null,"NATQUA":null,"OBJNAM":null,"QUASOU":"2","SOUACC":null,"TECSOU":null,"VALSOU":null,"VERDAT":null,"WATLEV":4,"INFORM":null,"SCAMIN":89999,"SORDAT":"200304","SORIND":"US,US,graph,Chart 18643","DSNM":"US4CA2DI.000","APPROACH.UWTROC.FID":19746245,"enc_service":"enc_approach","enc_layer":"Underwater_Awash_Rock_point","enc_layer_id":37}},{"type":"Feature","id":19746154,"geometry":{"type":"Point","coordinates":[-122.98693900000035,38.224222999999256]},"properties":{"OBJL":153,"EXPSOU":2,"NATSUR":null,"NATQUA":null,"OBJNAM":null,"QUASOU":"6","SOUACC":null,"TECSOU":null,"VALSOU":-0.6,"VERDAT":null,"WATLEV":4,"INFORM":null,"SCAMIN":89999,"SORDAT":"200304","SORIND":"US,US,graph,Chart 18643","DSNM":"US4CA2DI.000","APPROACH.UWTROC.FID":19746154,"enc_service":"enc_approach","enc_layer":"Underwater_Awash_Rock_point","enc_layer_id":37}},{"type":"Feature","id":19746147,"geometry":{"type":"Point","coordinates":[-122.9857379999994,38.22385299999951]},"properties":{"OBJL":153,"EXPSOU":null,"NATSUR":null,"NATQUA":null,"OBJNAM":null,"QUASOU":"2","SOUACC":null,"TECSOU":null,"VALSOU":null,"VERDAT":null,"WATLEV":4,"INFORM":null,"SCAMIN":89999,"SORDAT":"200304","SORIND":"US,US,graph,Chart 18643","DSNM":"US4CA2DI.000","APPROACH.UWTROC.FID":19746147,"enc_service":"enc_approach","enc_layer":"Underwater_Awash_Rock_point","enc_layer_id":37}},{"type":"Feature","id":19746150,"geometry":{"type":"Point","coordinates":[-122.98479600000064,38.22220399999969]},"properties":{"OBJL":153,"EXPSOU":null,"NATSUR":null,"NATQUA":null,"OBJNAM":null,"QUASOU":"2","SOUACC":null,"TECSOU":null,"VALSOU":null,"VERDAT":null,"WATLEV":4,"INFORM":null,"SCAMIN":89999,"SORDAT":"200304","SORIND":"US,US,graph,Chart 18643","DSNM":"US4CA2DI.000","APPROACH.UWTROC.FID":19746150,"enc_service":"enc_approach","enc_layer":"Underwater_Awash_Rock_point","enc_layer_id":37}},{"type":"Feature","id":19746157,"geometry":{"type":"Point","coordinates":[-122.98402800000076,38.22049999999945]},"properties":{"OBJL":153,"EXPSOU":null,"NATSUR":null,"NATQUA":null,"OBJNAM":null,"QUASOU":"2","SOUACC":null,"TECSOU":null,"VALSOU":null,"VERDAT":null,"WATLEV":4,"INFORM":null,"SCAMIN":89999,"SORDAT":"200304","SORIND":"US,US,graph,Chart 18643","DSNM":"US4CA2DI.000","APPROACH.UWTROC.FID":19746157,"enc_service":"enc_approach","enc_layer":"Underwater_Awash_Rock_point","enc_layer_id":37}},{"type":"Feature","id":19746151,"geometry":{"type":"Point","coordinates":[-122.98322999999982,38.22204299999976]},"properties":{"OBJL":153,"EXPSOU":null,"NATSUR":null,"NATQUA":null,"OBJNAM":null,"QUASOU":"2","SOUACC":null,"TECSOU":null,"VALSOU":null,"VERDAT":null,"WATLEV":4,"INFORM":null,"SCAMIN":89999,"SORDAT":"200304","SORIND":"US,US,graph,Chart 18643","DSNM":"US4CA2DI.000","APPROACH.UWTROC.FID":19746151,"enc_service":"enc_approach","enc_layer":"Underwater_Awash_Rock_point","enc_layer_id":37}},{"type":"Feature","id":19746149,"geometry":{"type":"Point","coordinates":[-122.98302800000056,38.2232299999996]},"properties":{"OBJL":153,"EXPSOU":null,"NATSUR":null,"NATQUA":null,"OBJNAM":null,"QUASOU":"2","SOUACC":null,"TECSOU":null,"VALSOU":null,"VERDAT":null,"WATLEV":4,"INFORM":null,"SCAMIN":89999,"SORDAT":"200304","SORIND":"US,US,graph,Chart 18643","DSNM":"US4CA2DI.000","APPROACH.UWTROC.FID":19746149,"enc_service":"enc_approach","enc_layer":"Underwater_Awash_Rock_point","enc_layer_id":37}},{"type":"Feature","id":19746169,"geometry":{"type":"Point","coordinates":[-122.98177700000087,38.213825999999244]},"properties":{"OBJL":153,"EXPSOU":null,"NATSUR":null,"NATQUA":null,"OBJNAM":null,"QUASOU":"2","SOUACC":null,"TECSOU":null,"VALSOU":null,"VERDAT":null,"WATLEV":4,"INFORM":null,"SCAMIN":89999,"SORDAT":"200304","SORIND":"US,US,graph,Chart 18643","DSNM":"US4CA2DI.000","APPROACH.UWTROC.FID":19746169,"enc_service":"enc_approach","enc_layer":"Underwater_Awash_Rock_point","enc_layer_id":37}},{"type":"Feature","id":19746170,"geometry":{"type":"Point","coordinates":[-122.98120500000005,38.21399200000087]},"properties":{"OBJL":153,"EXPSOU":null,"NATSUR":null,"NATQUA":null,"OBJNAM":null,"QUASOU":"2","SOUACC":null,"TECSOU":null,"VALSOU":null,"VERDAT":null,"WATLEV":4,"INFORM":null,"SCAMIN":89999,"SORDAT":"200304","SORIND":"US,US,graph,Chart 18643","DSNM":"US4CA2DI.000","APPROACH.UWTROC.FID":19746170,"enc_service":"enc_approach","enc_layer":"Underwater_Awash_Rock_point","enc_layer_id":37}},{"type":"Feature","id":19746191,"geometry":{"type":"Point","coordinates":[-122.9783439999992,38.208348000000115]},"properties":{"OBJL":153,"EXPSOU":null,"NATSUR":null,"NATQUA":null,"OBJNAM":null,"QUASOU":"2","SOUACC":null,"TECSOU":null,"VALSOU":null,"VERDAT":null,"WATLEV":4,"INFORM":null,"SCAMIN":89999,"SORDAT":"200304","SORIND":"US,US,graph,Chart 18643","DSNM":"US4CA2DI.000","APPROACH.UWTROC.FID":19746191,"enc_service":"enc_approach","enc_layer":"Underwater_Awash_Rock_point","enc_layer_id":37}},{"type":"Feature","id":19746193,"geometry":{"type":"Point","coordinates":[-122.97594299999946,38.2078560000009]},"properties":{"OBJL":153,"EXPSOU":null,"NATSUR":null,"NATQUA":null,"OBJNAM":null,"QUASOU":"2","SOUACC":null,"TECSOU":null,"VALSOU":null,"VERDAT":null,"WATLEV":4,"INFORM":null,"SCAMIN":89999,"SORDAT":"200304","SORIND":"US,US,graph,Chart 18643","DSNM":"US4CA2DI.000","APPROACH.UWTROC.FID":19746193,"enc_service":"enc_approach","enc_layer":"Underwater_Awash_Rock_point","enc_layer_id":37}},{"type":"Feature","id":19746313,"geometry":{"type":"Point","coordinates":[-122.97347300000001,38.259156000000075]},"properties":{"OBJL":153,"EXPSOU":null,"NATSUR":null,"NATQUA":null,"OBJNAM":null,"QUASOU":"2","SOUACC":null,"TECSOU":null,"VALSOU":null,"VERDAT":null,"WATLEV":4,"INFORM":null,"SCAMIN":89999,"SORDAT":"200304","SORIND":"US,US,graph,Chart 18643","DSNM":"US4CA2DI.000","APPROACH.UWTROC.FID":19746313,"enc_service":"enc_approach","enc_layer":"Underwater_Awash_Rock_point","enc_layer_id":37}},{"type":"Feature","id":19746359,"geometry":{"type":"Point","coordinates":[-122.97204000000056,38.20382900000004]},"properties":{"OBJL":153,"EXPSOU":2,"NATSUR":null,"NATQUA":null,"OBJNAM":null,"QUASOU":"6","SOUACC":null,"TECSOU":null,"VALSOU":-0.6,"VERDAT":null,"WATLEV":4,"INFORM":null,"SCAMIN":89999,"SORDAT":"200304","SORIND":"US,US,graph,Chart 18643","DSNM":"US4CA2DI.000","APPROACH.UWTROC.FID":19746359,"enc_service":"enc_approach","enc_layer":"Underwater_Awash_Rock_point","enc_layer_id":37}},{"type":"Feature","id":19746141,"geometry":{"type":"Point","coordinates":[-122.97012399999949,38.22231400000055]},"properties":{"OBJL":153,"EXPSOU":null,"NATSUR":null,"NATQUA":null,"OBJNAM":null,"QUASOU":"2","SOUACC":null,"TECSOU":null,"VALSOU":null,"VERDAT":null,"WATLEV":4,"INFORM":null,"SCAMIN":null,"SORDAT":"200304","SORIND":"US,US,graph,Chart 18643","DSNM":"US4CA2DI.000","APPROACH.UWTROC.FID":19746141,"enc_service":"enc_approach","enc_layer":"Underwater_Awash_Rock_point","enc_layer_id":37}},{"type":"Feature","id":19746300,"geometry":{"type":"Point","coordinates":[-122.96945699999924,38.25228900000002]},"properties":{"OBJL":153,"EXPSOU":null,"NATSUR":null,"NATQUA":null,"OBJNAM":null,"QUASOU":"2","SOUACC":null,"TECSOU":null,"VALSOU":null,"VERDAT":null,"WATLEV":4,"INFORM":null,"SCAMIN":89999,"SORDAT":"200304","SORIND":"US,US,graph,Chart 18643","DSNM":"US4CA2DI.000","APPROACH.UWTROC.FID":19746300,"enc_service":"enc_approach","enc_layer":"Underwater_Awash_Rock_point","enc_layer_id":37}},{"type":"Feature","id":19746235,"geometry":{"type":"Point","coordinates":[-122.96820499999922,38.18305099999998]},"properties":{"OBJL":153,"EXPSOU":null,"NATSUR":null,"NATQUA":null,"OBJNAM":null,"QUASOU":"2","SOUACC":null,"TECSOU":null,"VALSOU":null,"VERDAT":null,"WATLEV":4,"INFORM":null,"SCAMIN":null,"SORDAT":"200304","SORIND":"US,US,graph,Chart 18643","DSNM":"US4CA2DI.000","APPROACH.UWTROC.FID":19746235,"enc_service":"enc_approach","enc_layer":"Underwater_Awash_Rock_point","enc_layer_id":37}},{"type":"Feature","id":19746266,"geometry":{"type":"Point","coordinates":[-122.96668800000043,38.18082399999912]},"properties":{"OBJL":153,"EXPSOU":null,"NATSUR":null,"NATQUA":null,"OBJNAM":null,"QUASOU":"2","SOUACC":null,"TECSOU":null,"VALSOU":null,"VERDAT":null,"WATLEV":3,"INFORM":null,"SCAMIN":null,"SORDAT":"200304","SORIND":"US,US,graph,Chart 18643","DSNM":"US4CA2DI.000","APPROACH.UWTROC.FID":19746266,"enc_service":"enc_approach","enc_layer":"Underwater_Awash_Rock_point","enc_layer_id":37}},{"type":"Feature","id":19746270,"geometry":{"type":"Point","coordinates":[-122.95612900000015,38.17126199999984]},"properties":{"OBJL":153,"EXPSOU":null,"NATSUR":null,"NATQUA":null,"OBJNAM":null,"QUASOU":"2","SOUACC":null,"TECSOU":null,"VALSOU":null,"VERDAT":null,"WATLEV":4,"INFORM":null,"SCAMIN":null,"SORDAT":"200304","SORIND":"US,US,graph,Chart 18643","DSNM":"US4CA2DI.000","APPROACH.UWTROC.FID":19746270,"enc_service":"enc_approach","enc_layer":"Underwater_Awash_Rock_point","enc_layer_id":37}},{"type":"Feature","id":19746361,"geometry":{"type":"Point","coordinates":[-122.95097800000076,38.16238800000065]},"properties":{"OBJL":153,"EXPSOU":null,"NATSUR":null,"NATQUA":null,"OBJNAM":null,"QUASOU":"2","SOUACC":null,"TECSOU":null,"VALSOU":null,"VERDAT":null,"WATLEV":4,"INFORM":null,"SCAMIN":null,"SORDAT":"200304","SORIND":"US,US,graph,Chart 18643","DSNM":"US4CA2DI.000","APPROACH.UWTROC.FID":19746361,"enc_service":"enc_approach","enc_layer":"Underwater_Awash_Rock_point","enc_layer_id":37}},{"type":"Feature","id":19746131,"geometry":{"type":"Point","coordinates":[-122.94542399999955,38.19936400000006]},"properties":{"OBJL":153,"EXPSOU":null,"NATSUR":null,"NATQUA":null,"OBJNAM":null,"QUASOU":"2","SOUACC":null,"TECSOU":null,"VALSOU":null,"VERDAT":null,"WATLEV":4,"INFORM":null,"SCAMIN":null,"SORDAT":"200304","SORIND":"US,US,graph,Chart 18643","DSNM":"US4CA2DI.000","APPROACH.UWTROC.FID":19746131,"enc_service":"enc_approach","enc_layer":"Underwater_Awash_Rock_point","enc_layer_id":37}},{"type":"Feature","id":19746295,"geometry":{"type":"Point","coordinates":[-122.93903099999989,38.2163500000006]},"properties":{"OBJL":153,"EXPSOU":null,"NATSUR":null,"NATQUA":null,"OBJNAM":null,"QUASOU":"2","SOUACC":null,"TECSOU":null,"VALSOU":null,"VERDAT":null,"WATLEV":4,"INFORM":null,"SCAMIN":null,"SORDAT":"200304","SORIND":"US,US,graph,Chart 18643","DSNM":"US4CA2DI.000","APPROACH.UWTROC.FID":19746295,"enc_service":"enc_approach","enc_layer":"Underwater_Awash_Rock_point","enc_layer_id":37}},{"type":"Feature","id":19746177,"geometry":{"type":"Point","coordinates":[-122.93522699999994,38.19762199999968]},"properties":{"OBJL":153,"EXPSOU":null,"NATSUR":null,"NATQUA":null,"OBJNAM":null,"QUASOU":"2","SOUACC":null,"TECSOU":null,"VALSOU":null,"VERDAT":null,"WATLEV":4,"INFORM":null,"SCAMIN":null,"SORDAT":"200304","SORIND":"US,US,graph,Chart 18643","DSNM":"US4CA2DI.000","APPROACH.UWTROC.FID":19746177,"enc_service":"enc_approach","enc_layer":"Underwater_Awash_Rock_point","enc_layer_id":37}},{"type":"Feature","id":19746156,"geometry":{"type":"Point","coordinates":[-122.93432600000051,38.19658899999922]},"properties":{"OBJL":153,"EXPSOU":null,"NATSUR":null,"NATQUA":null,"OBJNAM":null,"QUASOU":"2","SOUACC":null,"TECSOU":null,"VALSOU":null,"VERDAT":null,"WATLEV":4,"INFORM":null,"SCAMIN":null,"SORDAT":"200304","SORIND":"US,US,graph,Chart 18643","DSNM":"US4CA2DI.000","APPROACH.UWTROC.FID":19746156,"enc_service":"enc_approach","enc_layer":"Underwater_Awash_Rock_point","enc_layer_id":37}},{"type":"Feature","id":19746112,"geometry":{"type":"Point","coordinates":[-122.92944200000056,38.18015500000001]},"properties":{"OBJL":153,"EXPSOU":2,"NATSUR":null,"NATQUA":null,"OBJNAM":null,"QUASOU":null,"SOUACC":null,"TECSOU":null,"VALSOU":0,"VERDAT":null,"WATLEV":5,"INFORM":null,"SCAMIN":null,"SORDAT":"200304","SORIND":"US,US,graph,Chart 18643","DSNM":"US4CA2DI.000","APPROACH.UWTROC.FID":19746112,"enc_service":"enc_approach","enc_layer":"Underwater_Awash_Rock_point","enc_layer_id":37}},{"type":"Feature","id":19746363,"geometry":{"type":"Point","coordinates":[-122.92225900000085,38.20024700000067]},"properties":{"OBJL":153,"EXPSOU":2,"NATSUR":null,"NATQUA":null,"OBJNAM":null,"QUASOU":null,"SOUACC":null,"TECSOU":null,"VALSOU":0,"VERDAT":null,"WATLEV":5,"INFORM":null,"SCAMIN":null,"SORDAT":"200304","SORIND":"US,US,graph,Chart 18643","DSNM":"US4CA2DI.000","APPROACH.UWTROC.FID":19746363,"enc_service":"enc_approach","enc_layer":"Underwater_Awash_Rock_point","enc_layer_id":37}},{"type":"Feature","id":19746200,"geometry":{"type":"Point","coordinates":[-122.99659600000086,38.241900999999416]},"properties":{"OBJL":153,"EXPSOU":null,"NATSUR":null,"NATQUA":null,"OBJNAM":null,"QUASOU":"2","SOUACC":null,"TECSOU":null,"VALSOU":null,"VERDAT":null,"WATLEV":4,"INFORM":null,"SCAMIN":89999,"SORDAT":"200304","SORIND":"US,US,graph,Chart 18643","DSNM":"US4CA2DI.000","APPROACH.UWTROC.FID":19746200,"enc_service":"enc_approach","enc_layer":"Underwater_Awash_Rock_point","enc_layer_id":37}},{"type":"Feature","id":19746195,"geometry":{"type":"Point","coordinates":[-122.99589299999934,38.241572999999335]},"properties":{"OBJL":153,"EXPSOU":null,"NATSUR":null,"NATQUA":null,"OBJNAM":null,"QUASOU":"2","SOUACC":null,"TECSOU":null,"VALSOU":null,"VERDAT":null,"WATLEV":4,"INFORM":null,"SCAMIN":89999,"SORDAT":"200304","SORIND":"US,US,graph,Chart 18643","DSNM":"US4CA2DI.000","APPROACH.UWTROC.FID":19746195,"enc_service":"enc_approach","enc_layer":"Underwater_Awash_Rock_point","enc_layer_id":37}},{"type":"Feature","id":19746204,"geometry":{"type":"Point","coordinates":[-122.99492099999952,38.23582300000089]},"properties":{"OBJL":153,"EXPSOU":null,"NATSUR":null,"NATQUA":null,"OBJNAM":null,"QUASOU":"2","SOUACC":null,"TECSOU":null,"VALSOU":null,"VERDAT":null,"WATLEV":4,"INFORM":null,"SCAMIN":89999,"SORDAT":"200304","SORIND":"US,US,graph,Chart 18643","DSNM":"US4CA2DI.000","APPROACH.UWTROC.FID":19746204,"enc_service":"enc_approach","enc_layer":"Underwater_Awash_Rock_point","enc_layer_id":37}},{"type":"Feature","id":19746249,"geometry":{"type":"Point","coordinates":[-122.99449300000015,38.22836599999937]},"properties":{"OBJL":153,"EXPSOU":null,"NATSUR":null,"NATQUA":null,"OBJNAM":null,"QUASOU":"2","SOUACC":null,"TECSOU":null,"VALSOU":null,"VERDAT":null,"WATLEV":4,"INFORM":null,"SCAMIN":null,"SORDAT":"200304","SORIND":"US,US,graph,Chart 18643","DSNM":"US4CA2DI.000","APPROACH.UWTROC.FID":19746249,"enc_service":"enc_approach","enc_layer":"Underwater_Awash_Rock_point","enc_layer_id":37}},{"type":"Feature","id":19746238,"geometry":{"type":"Point","coordinates":[-122.99398199999996,38.23205600000074]},"properties":{"OBJL":153,"EXPSOU":null,"NATSUR":null,"NATQUA":null,"OBJNAM":null,"QUASOU":"2","SOUACC":null,"TECSOU":null,"VALSOU":null,"VERDAT":null,"WATLEV":4,"INFORM":null,"SCAMIN":89999,"SORDAT":"200304","SORIND":"US,US,graph,Chart 18643","DSNM":"US4CA2DI.000","APPROACH.UWTROC.FID":19746238,"enc_service":"enc_approach","enc_layer":"Underwater_Awash_Rock_point","enc_layer_id":37}},{"type":"Feature","id":19746240,"geometry":{"type":"Point","coordinates":[-122.99343500000032,38.231400000000576]},"properties":{"OBJL":153,"EXPSOU":null,"NATSUR":null,"NATQUA":null,"OBJNAM":null,"QUASOU":"2","SOUACC":null,"TECSOU":null,"VALSOU":null,"VERDAT":null,"WATLEV":4,"INFORM":null,"SCAMIN":89999,"SORDAT":"200304","SORIND":"US,US,graph,Chart 18643","DSNM":"US4CA2DI.000","APPROACH.UWTROC.FID":19746240,"enc_service":"enc_approach","enc_layer":"Underwater_Awash_Rock_point","enc_layer_id":37}},{"type":"Feature","id":19746205,"geometry":{"type":"Point","coordinates":[-122.99331600000005,38.2344549999998]},"properties":{"OBJL":153,"EXPSOU":null,"NATSUR":null,"NATQUA":null,"OBJNAM":null,"QUASOU":"2","SOUACC":null,"TECSOU":null,"VALSOU":null,"VERDAT":null,"WATLEV":4,"INFORM":null,"SCAMIN":89999,"SORDAT":"200304","SORIND":"US,US,graph,Chart 18643","DSNM":"US4CA2DI.000","APPROACH.UWTROC.FID":19746205,"enc_service":"enc_approach","enc_layer":"Underwater_Awash_Rock_point","enc_layer_id":37}},{"type":"Feature","id":19746198,"geometry":{"type":"Point","coordinates":[-122.99299600000086,38.23967300000004]},"properties":{"OBJL":153,"EXPSOU":null,"NATSUR":null,"NATQUA":null,"OBJNAM":null,"QUASOU":"2","SOUACC":null,"TECSOU":null,"VALSOU":null,"VERDAT":null,"WATLEV":4,"INFORM":null,"SCAMIN":89999,"SORDAT":"200304","SORIND":"US,US,graph,Chart 18643","DSNM":"US4CA2DI.000","APPROACH.UWTROC.FID":19746198,"enc_service":"enc_approach","enc_layer":"Underwater_Awash_Rock_point","enc_layer_id":37}},{"type":"Feature","id":19746146,"geometry":{"type":"Point","coordinates":[-122.99029100000007,38.23883299999943]},"properties":{"OBJL":153,"EXPSOU":null,"NATSUR":null,"NATQUA":null,"OBJNAM":null,"QUASOU":"2","SOUACC":null,"TECSOU":null,"VALSOU":null,"VERDAT":null,"WATLEV":4,"INFORM":null,"SCAMIN":89999,"SORDAT":"200304","SORIND":"US,US,graph,Chart 18643","DSNM":"US4CA2DI.000","APPROACH.UWTROC.FID":19746146,"enc_service":"enc_approach","enc_layer":"Underwater_Awash_Rock_point","enc_layer_id":37}},{"type":"Feature","id":19746368,"geometry":{"type":"Point","coordinates":[-122.98908699999993,38.226912000000084]},"properties":{"OBJL":153,"EXPSOU":null,"NATSUR":null,"NATQUA":null,"OBJNAM":null,"QUASOU":"2","SOUACC":null,"TECSOU":null,"VALSOU":null,"VERDAT":null,"WATLEV":4,"INFORM":null,"SCAMIN":89999,"SORDAT":"200304","SORIND":"US,US,graph,Chart 18643","DSNM":"US4CA2DI.000","APPROACH.UWTROC.FID":19746368,"enc_service":"enc_approach","enc_layer":"Underwater_Awash_Rock_point","enc_layer_id":37}},{"type":"Feature","id":19746282,"geometry":{"type":"Point","coordinates":[-122.98894800000016,38.22795100000076]},"properties":{"OBJL":153,"EXPSOU":null,"NATSUR":null,"NATQUA":null,"OBJNAM":null,"QUASOU":"2","SOUACC":null,"TECSOU":null,"VALSOU":null,"VERDAT":null,"WATLEV":4,"INFORM":null,"SCAMIN":89999,"SORDAT":"200304","SORIND":"US,US,graph,Chart 18643","DSNM":"US4CA2DI.000","APPROACH.UWTROC.FID":19746282,"enc_service":"enc_approach","enc_layer":"Underwater_Awash_Rock_point","enc_layer_id":37}},{"type":"Feature","id":19746148,"geometry":{"type":"Point","coordinates":[-122.98457199999939,38.22350899999947]},"properties":{"OBJL":153,"EXPSOU":null,"NATSUR":null,"NATQUA":null,"OBJNAM":null,"QUASOU":"2","SOUACC":null,"TECSOU":null,"VALSOU":null,"VERDAT":null,"WATLEV":4,"INFORM":null,"SCAMIN":89999,"SORDAT":"200304","SORIND":"US,US,graph,Chart 18643","DSNM":"US4CA2DI.000","APPROACH.UWTROC.FID":19746148,"enc_service":"enc_approach","enc_layer":"Underwater_Awash_Rock_point","enc_layer_id":37}},{"type":"Feature","id":19746158,"geometry":{"type":"Point","coordinates":[-122.98314000000028,38.2211299999999]},"properties":{"OBJL":153,"EXPSOU":null,"NATSUR":null,"NATQUA":null,"OBJNAM":null,"QUASOU":"2","SOUACC":null,"TECSOU":null,"VALSOU":null,"VERDAT":null,"WATLEV":4,"INFORM":null,"SCAMIN":89999,"SORDAT":"200304","SORIND":"US,US,graph,Chart 18643","DSNM":"US4CA2DI.000","APPROACH.UWTROC.FID":19746158,"enc_service":"enc_approach","enc_layer":"Underwater_Awash_Rock_point","enc_layer_id":37}},{"type":"Feature","id":19746184,"geometry":{"type":"Point","coordinates":[-122.98285299999952,38.21296199999961]},"properties":{"OBJL":153,"EXPSOU":null,"NATSUR":null,"NATQUA":null,"OBJNAM":null,"QUASOU":"2","SOUACC":null,"TECSOU":null,"VALSOU":null,"VERDAT":null,"WATLEV":4,"INFORM":null,"SCAMIN":89999,"SORDAT":"200304","SORIND":"US,US,graph,Chart 18643","DSNM":"US4CA2DI.000","APPROACH.UWTROC.FID":19746184,"enc_service":"enc_approach","enc_layer":"Underwater_Awash_Rock_point","enc_layer_id":37}},{"type":"Feature","id":19746360,"geometry":{"type":"Point","coordinates":[-122.97739600000023,38.20872799999961]},"properties":{"OBJL":153,"EXPSOU":null,"NATSUR":null,"NATQUA":null,"OBJNAM":null,"QUASOU":"2","SOUACC":null,"TECSOU":null,"VALSOU":null,"VERDAT":null,"WATLEV":4,"INFORM":null,"SCAMIN":89999,"SORDAT":"200304","SORIND":"US,US,graph,Chart 18643","DSNM":"US4CA2DI.000","APPROACH.UWTROC.FID":19746360,"enc_service":"enc_approach","enc_layer":"Underwater_Awash_Rock_point","enc_layer_id":37}},{"type":"Feature","id":19746222,"geometry":{"type":"Point","coordinates":[-122.9739329999993,38.20825900000091]},"properties":{"OBJL":153,"EXPSOU":null,"NATSUR":null,"NATQUA":null,"OBJNAM":null,"QUASOU":"2","SOUACC":null,"TECSOU":null,"VALSOU":null,"VERDAT":null,"WATLEV":4,"INFORM":null,"SCAMIN":89999,"SORDAT":"200304","SORIND":"US,US,graph,Chart 18643","DSNM":"US4CA2DI.000","APPROACH.UWTROC.FID":19746222,"enc_service":"enc_approach","enc_layer":"Underwater_Awash_Rock_point","enc_layer_id":37}},{"type":"Feature","id":19746418,"geometry":{"type":"Point","coordinates":[-122.97317800000019,38.20653300000049]},"properties":{"OBJL":153,"EXPSOU":2,"NATSUR":null,"NATQUA":null,"OBJNAM":null,"QUASOU":null,"SOUACC":null,"TECSOU":null,"VALSOU":0,"VERDAT":null,"WATLEV":5,"INFORM":null,"SCAMIN":89999,"SORDAT":"200304","SORIND":"US,US,graph,Chart 18643","DSNM":"US4CA2DI.000","APPROACH.UWTROC.FID":19746418,"enc_service":"enc_approach","enc_layer":"Underwater_Awash_Rock_point","enc_layer_id":37}},{"type":"Feature","id":19746308,"geometry":{"type":"Point","coordinates":[-122.97292200000084,38.25456200000008]},"properties":{"OBJL":153,"EXPSOU":null,"NATSUR":null,"NATQUA":null,"OBJNAM":null,"QUASOU":"2","SOUACC":null,"TECSOU":null,"VALSOU":null,"VERDAT":null,"WATLEV":4,"INFORM":null,"SCAMIN":89999,"SORDAT":"200304","SORIND":"US,US,graph,Chart 18643","DSNM":"US4CA2DI.000","APPROACH.UWTROC.FID":19746308,"enc_service":"enc_approach","enc_layer":"Underwater_Awash_Rock_point","enc_layer_id":37}},{"type":"Feature","id":19746306,"geometry":{"type":"Point","coordinates":[-122.97205399999984,38.256961999999476]},"properties":{"OBJL":153,"EXPSOU":null,"NATSUR":null,"NATQUA":null,"OBJNAM":null,"QUASOU":"2","SOUACC":null,"TECSOU":null,"VALSOU":null,"VERDAT":null,"WATLEV":4,"INFORM":null,"SCAMIN":89999,"SORDAT":"200304","SORIND":"US,US,graph,Chart 18643","DSNM":"US4CA2DI.000","APPROACH.UWTROC.FID":19746306,"enc_service":"enc_approach","enc_layer":"Underwater_Awash_Rock_point","enc_layer_id":37}},{"type":"Feature","id":19746299,"geometry":{"type":"Point","coordinates":[-122.96954899999946,38.25330799999938]},"properties":{"OBJL":153,"EXPSOU":null,"NATSUR":null,"NATQUA":null,"OBJNAM":null,"QUASOU":"2","SOUACC":null,"TECSOU":null,"VALSOU":null,"VERDAT":null,"WATLEV":4,"INFORM":null,"SCAMIN":89999,"SORDAT":"200304","SORIND":"US,US,graph,Chart 18643","DSNM":"US4CA2DI.000","APPROACH.UWTROC.FID":19746299,"enc_service":"enc_approach","enc_layer":"Underwater_Awash_Rock_point","enc_layer_id":37}},{"type":"Feature","id":19746417,"geometry":{"type":"Point","coordinates":[-122.96882299999925,38.201608999999735]},"properties":{"OBJL":153,"EXPSOU":2,"NATSUR":null,"NATQUA":null,"OBJNAM":null,"QUASOU":"6","SOUACC":null,"TECSOU":null,"VALSOU":-0.6,"VERDAT":null,"WATLEV":4,"INFORM":null,"SCAMIN":null,"SORDAT":"200304","SORIND":"US,US,graph,Chart 18643","DSNM":"US4CA2DI.000","APPROACH.UWTROC.FID":19746417,"enc_service":"enc_approach","enc_layer":"Underwater_Awash_Rock_point","enc_layer_id":37}},{"type":"Feature","id":19746233,"geometry":{"type":"Point","coordinates":[-122.9674070000001,38.184589000000415]},"properties":{"OBJL":153,"EXPSOU":null,"NATSUR":null,"NATQUA":null,"OBJNAM":null,"QUASOU":"2","SOUACC":null,"TECSOU":null,"VALSOU":null,"VERDAT":null,"WATLEV":4,"INFORM":null,"SCAMIN":null,"SORDAT":"200304","SORIND":"US,US,graph,Chart 18643","DSNM":"US4CA2DI.000","APPROACH.UWTROC.FID":19746233,"enc_service":"enc_approach","enc_layer":"Underwater_Awash_Rock_point","enc_layer_id":37}},{"type":"Feature","id":19746271,"geometry":{"type":"Point","coordinates":[-122.95554699999957,38.170319999999265]},"properties":{"OBJL":153,"EXPSOU":null,"NATSUR":null,"NATQUA":null,"OBJNAM":null,"QUASOU":"2","SOUACC":null,"TECSOU":null,"VALSOU":null,"VERDAT":null,"WATLEV":4,"INFORM":null,"SCAMIN":null,"SORDAT":"200304","SORIND":"US,US,graph,Chart 18643","DSNM":"US4CA2DI.000","APPROACH.UWTROC.FID":19746271,"enc_service":"enc_approach","enc_layer":"Underwater_Awash_Rock_point","enc_layer_id":37}},{"type":"Feature","id":19746269,"geometry":{"type":"Point","coordinates":[-122.95464600000014,38.1731749999999]},"properties":{"OBJL":153,"EXPSOU":null,"NATSUR":null,"NATQUA":null,"OBJNAM":null,"QUASOU":"2","SOUACC":null,"TECSOU":null,"VALSOU":null,"VERDAT":null,"WATLEV":4,"INFORM":null,"SCAMIN":null,"SORDAT":"200304","SORIND":"US,US,graph,Chart 18643","DSNM":"US4CA2DI.000","APPROACH.UWTROC.FID":19746269,"enc_service":"enc_approach","enc_layer":"Underwater_Awash_Rock_point","enc_layer_id":37}},{"type":"Feature","id":19746297,"geometry":{"type":"Point","coordinates":[-122.95429700000022,38.219138000000385]},"properties":{"OBJL":153,"EXPSOU":null,"NATSUR":null,"NATQUA":null,"OBJNAM":null,"QUASOU":"2","SOUACC":null,"TECSOU":null,"VALSOU":null,"VERDAT":null,"WATLEV":4,"INFORM":null,"SCAMIN":null,"SORDAT":"200304","SORIND":"US,US,graph,Chart 18643","DSNM":"US4CA2DI.000","APPROACH.UWTROC.FID":19746297,"enc_service":"enc_approach","enc_layer":"Underwater_Awash_Rock_point","enc_layer_id":37}},{"type":"Feature","id":19746273,"geometry":{"type":"Point","coordinates":[-122.9527450000005,38.168447000000015]},"properties":{"OBJL":153,"EXPSOU":null,"NATSUR":null,"NATQUA":null,"OBJNAM":null,"QUASOU":"2","SOUACC":null,"TECSOU":null,"VALSOU":null,"VERDAT":null,"WATLEV":4,"INFORM":null,"SCAMIN":null,"SORDAT":"200304","SORIND":"US,US,graph,Chart 18643","DSNM":"US4CA2DI.000","APPROACH.UWTROC.FID":19746273,"enc_service":"enc_approach","enc_layer":"Underwater_Awash_Rock_point","enc_layer_id":37}},{"type":"Feature","id":19746180,"geometry":{"type":"Point","coordinates":[-122.9402910000008,38.21696200000042]},"properties":{"OBJL":153,"EXPSOU":2,"NATSUR":null,"NATQUA":null,"OBJNAM":null,"QUASOU":null,"SOUACC":null,"TECSOU":null,"VALSOU":0,"VERDAT":null,"WATLEV":5,"INFORM":null,"SCAMIN":null,"SORDAT":"200304","SORIND":"US,US,graph,Chart 18643","DSNM":"US4CA2DI.000","APPROACH.UWTROC.FID":19746180,"enc_service":"enc_approach","enc_layer":"Underwater_Awash_Rock_point","enc_layer_id":37}},{"type":"Feature","id":19746365,"geometry":{"type":"Point","coordinates":[-122.9357340000006,38.19671600000038]},"properties":{"OBJL":153,"EXPSOU":null,"NATSUR":null,"NATQUA":null,"OBJNAM":null,"QUASOU":"2","SOUACC":null,"TECSOU":null,"VALSOU":null,"VERDAT":null,"WATLEV":4,"INFORM":null,"SCAMIN":null,"SORDAT":"200304","SORIND":"US,US,graph,Chart 18643","DSNM":"US4CA2DI.000","APPROACH.UWTROC.FID":19746365,"enc_service":"enc_approach","enc_layer":"Underwater_Awash_Rock_point","enc_layer_id":37}},{"type":"Feature","id":19746364,"geometry":{"type":"Point","coordinates":[-122.93548700000065,38.19629700000041]},"properties":{"OBJL":153,"EXPSOU":null,"NATSUR":null,"NATQUA":null,"OBJNAM":null,"QUASOU":"2","SOUACC":null,"TECSOU":null,"VALSOU":null,"VERDAT":null,"WATLEV":4,"INFORM":null,"SCAMIN":null,"SORDAT":"200304","SORIND":"US,US,graph,Chart 18643","DSNM":"US4CA2DI.000","APPROACH.UWTROC.FID":19746364,"enc_service":"enc_approach","enc_layer":"Underwater_Awash_Rock_point","enc_layer_id":37}},{"type":"Feature","id":19746137,"geometry":{"type":"Point","coordinates":[-122.9348200000004,38.1958680000007]},"properties":{"OBJL":153,"EXPSOU":1,"NATSUR":null,"NATQUA":null,"OBJNAM":null,"QUASOU":null,"SOUACC":null,"TECSOU":null,"VALSOU":0,"VERDAT":null,"WATLEV":5,"INFORM":null,"SCAMIN":null,"SORDAT":"200304","SORIND":"US,US,graph,Chart 18643","DSNM":"US4CA2DI.000","APPROACH.UWTROC.FID":19746137,"enc_service":"enc_approach","enc_layer":"Underwater_Awash_Rock_point","enc_layer_id":37}},{"type":"Feature","id":19746354,"geometry":{"type":"Point","coordinates":[-122.93007399999988,38.18218499999966]},"properties":{"OBJL":153,"EXPSOU":null,"NATSUR":null,"NATQUA":null,"OBJNAM":null,"QUASOU":"2","SOUACC":null,"TECSOU":null,"VALSOU":null,"VERDAT":null,"WATLEV":4,"INFORM":null,"SCAMIN":null,"SORDAT":"200304","SORIND":"US,US,graph,Chart 18643","DSNM":"US4CA2DI.000","APPROACH.UWTROC.FID":19746354,"enc_service":"enc_approach","enc_layer":"Underwater_Awash_Rock_point","enc_layer_id":37}},{"type":"Feature","id":19746281,"geometry":{"type":"Point","coordinates":[-122.98971100000017,38.22753399999965]},"properties":{"OBJL":153,"EXPSOU":null,"NATSUR":null,"NATQUA":null,"OBJNAM":null,"QUASOU":"2","SOUACC":null,"TECSOU":null,"VALSOU":null,"VERDAT":null,"WATLEV":4,"INFORM":null,"SCAMIN":89999,"SORDAT":"200304","SORIND":"US,US,graph,Chart 18643","DSNM":"US4CA2DI.000","APPROACH.UWTROC.FID":19746281,"enc_service":"enc_approach","enc_layer":"Underwater_Awash_Rock_point","enc_layer_id":37}},{"type":"Feature","id":19746145,"geometry":{"type":"Point","coordinates":[-122.9888460000002,38.23839399999997]},"properties":{"OBJL":153,"EXPSOU":null,"NATSUR":null,"NATQUA":null,"OBJNAM":null,"QUASOU":"2","SOUACC":null,"TECSOU":null,"VALSOU":null,"VERDAT":null,"WATLEV":4,"INFORM":null,"SCAMIN":89999,"SORDAT":"200304","SORIND":"US,US,graph,Chart 18643","DSNM":"US4CA2DI.000","APPROACH.UWTROC.FID":19746145,"enc_service":"enc_approach","enc_layer":"Underwater_Awash_Rock_point","enc_layer_id":37}},{"type":"Feature","id":19746370,"geometry":{"type":"Point","coordinates":[-122.9881150000001,38.226008999999976]},"properties":{"OBJL":153,"EXPSOU":null,"NATSUR":null,"NATQUA":null,"OBJNAM":null,"QUASOU":"2","SOUACC":null,"TECSOU":null,"VALSOU":null,"VERDAT":null,"WATLEV":4,"INFORM":null,"SCAMIN":89999,"SORDAT":"200304","SORIND":"US,US,graph,Chart 18643","DSNM":"US4CA2DI.000","APPROACH.UWTROC.FID":19746370,"enc_service":"enc_approach","enc_layer":"Underwater_Awash_Rock_point","enc_layer_id":37}},{"type":"Feature","id":19746371,"geometry":{"type":"Point","coordinates":[-122.9866149999998,38.22560599999997]},"properties":{"OBJL":153,"EXPSOU":null,"NATSUR":null,"NATQUA":null,"OBJNAM":null,"QUASOU":"2","SOUACC":null,"TECSOU":null,"VALSOU":null,"VERDAT":null,"WATLEV":4,"INFORM":null,"SCAMIN":89999,"SORDAT":"200304","SORIND":"US,US,graph,Chart 18643","DSNM":"US4CA2DI.000","APPROACH.UWTROC.FID":19746371,"enc_service":"enc_approach","enc_layer":"Underwater_Awash_Rock_point","enc_layer_id":37}},{"type":"Feature","id":19746167,"geometry":{"type":"Point","coordinates":[-122.98134799999934,38.21535100000074]},"properties":{"OBJL":153,"EXPSOU":null,"NATSUR":null,"NATQUA":null,"OBJNAM":null,"QUASOU":"2","SOUACC":null,"TECSOU":null,"VALSOU":null,"VERDAT":null,"WATLEV":4,"INFORM":null,"SCAMIN":89999,"SORDAT":"200304","SORIND":"US,US,graph,Chart 18643","DSNM":"US4CA2DI.000","APPROACH.UWTROC.FID":19746167,"enc_service":"enc_approach","enc_layer":"Underwater_Awash_Rock_point","enc_layer_id":37}},{"type":"Feature","id":19746314,"geometry":{"type":"Point","coordinates":[-122.97316499999943,38.259885999999824]},"properties":{"OBJL":153,"EXPSOU":null,"NATSUR":null,"NATQUA":null,"OBJNAM":null,"QUASOU":"2","SOUACC":null,"TECSOU":null,"VALSOU":null,"VERDAT":null,"WATLEV":4,"INFORM":null,"SCAMIN":89999,"SORDAT":"200304","SORIND":"US,US,graph,Chart 18643","DSNM":"US4CA2DI.000","APPROACH.UWTROC.FID":19746314,"enc_service":"enc_approach","enc_layer":"Underwater_Awash_Rock_point","enc_layer_id":37}},{"type":"Feature","id":19746140,"geometry":{"type":"Point","coordinates":[-122.96999700000015,38.221583000000464]},"properties":{"OBJL":153,"EXPSOU":null,"NATSUR":null,"NATQUA":null,"OBJNAM":null,"QUASOU":"2","SOUACC":null,"TECSOU":null,"VALSOU":null,"VERDAT":null,"WATLEV":4,"INFORM":null,"SCAMIN":null,"SORDAT":"200304","SORIND":"US,US,graph,Chart 18643","DSNM":"US4CA2DI.000","APPROACH.UWTROC.FID":19746140,"enc_service":"enc_approach","enc_layer":"Underwater_Awash_Rock_point","enc_layer_id":37}},{"type":"Feature","id":19746231,"geometry":{"type":"Point","coordinates":[-122.96822799999973,38.20202000000063]},"properties":{"OBJL":153,"EXPSOU":null,"NATSUR":null,"NATQUA":null,"OBJNAM":null,"QUASOU":"2","SOUACC":null,"TECSOU":null,"VALSOU":null,"VERDAT":null,"WATLEV":4,"INFORM":null,"SCAMIN":89999,"SORDAT":"200304","SORIND":"US,US,graph,Chart 18643","DSNM":"US4CA2DI.000","APPROACH.UWTROC.FID":19746231,"enc_service":"enc_approach","enc_layer":"Underwater_Awash_Rock_point","enc_layer_id":37}},{"type":"Feature","id":19746107,"geometry":{"type":"Point","coordinates":[-122.96696139999949,38.178886699999566]},"properties":{"OBJL":153,"EXPSOU":null,"NATSUR":null,"NATQUA":null,"OBJNAM":null,"QUASOU":"2","SOUACC":null,"TECSOU":null,"VALSOU":null,"VERDAT":null,"WATLEV":3,"INFORM":null,"SCAMIN":null,"SORDAT":"200304","SORIND":"US,US,graph,Chart 18643","DSNM":"US4CA2DI.000","APPROACH.UWTROC.FID":19746107,"enc_service":"enc_approach","enc_layer":"Underwater_Awash_Rock_point","enc_layer_id":37}},{"type":"Feature","id":19746234,"geometry":{"type":"Point","coordinates":[-122.9668270000002,38.18476700000065]},"properties":{"OBJL":153,"EXPSOU":null,"NATSUR":null,"NATQUA":null,"OBJNAM":null,"QUASOU":"2","SOUACC":null,"TECSOU":null,"VALSOU":null,"VERDAT":null,"WATLEV":4,"INFORM":null,"SCAMIN":89999,"SORDAT":"200304","SORIND":"US,US,graph,Chart 18643","DSNM":"US4CA2DI.000","APPROACH.UWTROC.FID":19746234,"enc_service":"enc_approach","enc_layer":"Underwater_Awash_Rock_point","enc_layer_id":37}},{"type":"Feature","id":19746264,"geometry":{"type":"Point","coordinates":[-122.96528000000035,38.18138200000067]},"properties":{"OBJL":153,"EXPSOU":null,"NATSUR":null,"NATQUA":null,"OBJNAM":null,"QUASOU":"2","SOUACC":null,"TECSOU":null,"VALSOU":null,"VERDAT":null,"WATLEV":4,"INFORM":null,"SCAMIN":null,"SORDAT":"200304","SORIND":"US,US,graph,Chart 18643","DSNM":"US4CA2DI.000","APPROACH.UWTROC.FID":19746264,"enc_service":"enc_approach","enc_layer":"Underwater_Awash_Rock_point","enc_layer_id":37}},{"type":"Feature","id":19746267,"geometry":{"type":"Point","coordinates":[-122.96094500000072,38.17858399999932]},"properties":{"OBJL":153,"EXPSOU":null,"NATSUR":null,"NATQUA":null,"OBJNAM":null,"QUASOU":"2","SOUACC":null,"TECSOU":null,"VALSOU":null,"VERDAT":null,"WATLEV":4,"INFORM":null,"SCAMIN":null,"SORDAT":"200304","SORIND":"US,US,graph,Chart 18643","DSNM":"US4CA2DI.000","APPROACH.UWTROC.FID":19746267,"enc_service":"enc_approach","enc_layer":"Underwater_Awash_Rock_point","enc_layer_id":37}},{"type":"Feature","id":19746272,"geometry":{"type":"Point","coordinates":[-122.95509499999935,38.1698980000001]},"properties":{"OBJL":153,"EXPSOU":null,"NATSUR":null,"NATQUA":null,"OBJNAM":null,"QUASOU":"2","SOUACC":null,"TECSOU":null,"VALSOU":null,"VERDAT":null,"WATLEV":4,"INFORM":null,"SCAMIN":null,"SORDAT":"200304","SORIND":"US,US,graph,Chart 18643","DSNM":"US4CA2DI.000","APPROACH.UWTROC.FID":19746272,"enc_service":"enc_approach","enc_layer":"Underwater_Awash_Rock_point","enc_layer_id":37}},{"type":"Feature","id":19746296,"geometry":{"type":"Point","coordinates":[-122.9499539999997,38.215894999999364]},"properties":{"OBJL":153,"EXPSOU":null,"NATSUR":null,"NATQUA":null,"OBJNAM":null,"QUASOU":"2","SOUACC":null,"TECSOU":null,"VALSOU":null,"VERDAT":null,"WATLEV":4,"INFORM":null,"SCAMIN":null,"SORDAT":"200304","SORIND":"US,US,graph,Chart 18643","DSNM":"US4CA2DI.000","APPROACH.UWTROC.FID":19746296,"enc_service":"enc_approach","enc_layer":"Underwater_Awash_Rock_point","enc_layer_id":37}},{"type":"Feature","id":19746132,"geometry":{"type":"Point","coordinates":[-122.94582300000002,38.20021500000075]},"properties":{"OBJL":153,"EXPSOU":null,"NATSUR":null,"NATQUA":null,"OBJNAM":null,"QUASOU":"2","SOUACC":null,"TECSOU":null,"VALSOU":null,"VERDAT":null,"WATLEV":4,"INFORM":null,"SCAMIN":null,"SORDAT":"200304","SORIND":"US,US,graph,Chart 18643","DSNM":"US4CA2DI.000","APPROACH.UWTROC.FID":19746132,"enc_service":"enc_approach","enc_layer":"Underwater_Awash_Rock_point","enc_layer_id":37}},{"type":"Feature","id":19746292,"geometry":{"type":"Point","coordinates":[-122.93649799999912,38.214523000000554]},"properties":{"OBJL":153,"EXPSOU":null,"NATSUR":null,"NATQUA":null,"OBJNAM":null,"QUASOU":"2","SOUACC":null,"TECSOU":null,"VALSOU":null,"VERDAT":null,"WATLEV":4,"INFORM":null,"SCAMIN":null,"SORDAT":"200304","SORIND":"US,US,graph,Chart 18643","DSNM":"US4CA2DI.000","APPROACH.UWTROC.FID":19746292,"enc_service":"enc_approach","enc_layer":"Underwater_Awash_Rock_point","enc_layer_id":37}},{"type":"Feature","id":19746290,"geometry":{"type":"Point","coordinates":[-122.92094600000019,38.19867300000078]},"properties":{"OBJL":153,"EXPSOU":null,"NATSUR":null,"NATQUA":null,"OBJNAM":null,"QUASOU":"2","SOUACC":null,"TECSOU":null,"VALSOU":null,"VERDAT":null,"WATLEV":4,"INFORM":null,"SCAMIN":null,"SORDAT":"200304","SORIND":"US,US,graph,Chart 18643","DSNM":"US4CA2DI.000","APPROACH.UWTROC.FID":19746290,"enc_service":"enc_approach","enc_layer":"Underwater_Awash_Rock_point","enc_layer_id":37}},{"type":"Feature","id":19746175,"geometry":{"type":"Point","coordinates":[-122.9967519999991,38.240553999999975]},"properties":{"OBJL":153,"EXPSOU":null,"NATSUR":null,"NATQUA":null,"OBJNAM":null,"QUASOU":"2","SOUACC":null,"TECSOU":null,"VALSOU":null,"VERDAT":null,"WATLEV":4,"INFORM":null,"SCAMIN":89999,"SORDAT":"200304","SORIND":"US,US,graph,Chart 18643","DSNM":"US4CA2DI.000","APPROACH.UWTROC.FID":19746175,"enc_service":"enc_approach","enc_layer":"Underwater_Awash_Rock_point","enc_layer_id":37}},{"type":"Feature","id":19746206,"geometry":{"type":"Point","coordinates":[-122.9941490000001,38.23430499999995]},"properties":{"OBJL":153,"EXPSOU":null,"NATSUR":null,"NATQUA":null,"OBJNAM":null,"QUASOU":"2","SOUACC":null,"TECSOU":null,"VALSOU":null,"VERDAT":null,"WATLEV":4,"INFORM":null,"SCAMIN":89999,"SORDAT":"200304","SORIND":"US,US,graph,Chart 18643","DSNM":"US4CA2DI.000","APPROACH.UWTROC.FID":19746206,"enc_service":"enc_approach","enc_layer":"Underwater_Awash_Rock_point","enc_layer_id":37}},{"type":"Feature","id":19746207,"geometry":{"type":"Point","coordinates":[-122.99396399999932,38.23317099999986]},"properties":{"OBJL":153,"EXPSOU":null,"NATSUR":null,"NATQUA":null,"OBJNAM":null,"QUASOU":"2","SOUACC":null,"TECSOU":null,"VALSOU":null,"VERDAT":null,"WATLEV":4,"INFORM":null,"SCAMIN":89999,"SORDAT":"200304","SORIND":"US,US,graph,Chart 18643","DSNM":"US4CA2DI.000","APPROACH.UWTROC.FID":19746207,"enc_service":"enc_approach","enc_layer":"Underwater_Awash_Rock_point","enc_layer_id":37}},{"type":"Feature","id":19746243,"geometry":{"type":"Point","coordinates":[-122.99167400000078,38.2292209999996]},"properties":{"OBJL":153,"EXPSOU":null,"NATSUR":null,"NATQUA":null,"OBJNAM":null,"QUASOU":"2","SOUACC":null,"TECSOU":null,"VALSOU":null,"VERDAT":null,"WATLEV":4,"INFORM":null,"SCAMIN":89999,"SORDAT":"200304","SORIND":"US,US,graph,Chart 18643","DSNM":"US4CA2DI.000","APPROACH.UWTROC.FID":19746243,"enc_service":"enc_approach","enc_layer":"Underwater_Awash_Rock_point","enc_layer_id":37}},{"type":"Feature","id":19746144,"geometry":{"type":"Point","coordinates":[-122.98789700000088,38.23848800000087]},"properties":{"OBJL":153,"EXPSOU":null,"NATSUR":null,"NATQUA":null,"OBJNAM":null,"QUASOU":"2","SOUACC":null,"TECSOU":null,"VALSOU":null,"VERDAT":null,"WATLEV":4,"INFORM":null,"SCAMIN":null,"SORDAT":"200304","SORIND":"US,US,graph,Chart 18643","DSNM":"US4CA2DI.000","APPROACH.UWTROC.FID":19746144,"enc_service":"enc_approach","enc_layer":"Underwater_Awash_Rock_point","enc_layer_id":37}},{"type":"Feature","id":19746162,"geometry":{"type":"Point","coordinates":[-122.98283199999969,38.218221999999514]},"properties":{"OBJL":153,"EXPSOU":null,"NATSUR":null,"NATQUA":null,"OBJNAM":null,"QUASOU":"2","SOUACC":null,"TECSOU":null,"VALSOU":null,"VERDAT":null,"WATLEV":4,"INFORM":null,"SCAMIN":89999,"SORDAT":"200304","SORIND":"US,US,graph,Chart 18643","DSNM":"US4CA2DI.000","APPROACH.UWTROC.FID":19746162,"enc_service":"enc_approach","enc_layer":"Underwater_Awash_Rock_point","enc_layer_id":37}},{"type":"Feature","id":19746183,"geometry":{"type":"Point","coordinates":[-122.98140000000058,38.21284999999989]},"properties":{"OBJL":153,"EXPSOU":null,"NATSUR":null,"NATQUA":null,"OBJNAM":null,"QUASOU":"2","SOUACC":null,"TECSOU":null,"VALSOU":null,"VERDAT":null,"WATLEV":4,"INFORM":null,"SCAMIN":89999,"SORDAT":"200304","SORIND":"US,US,graph,Chart 18643","DSNM":"US4CA2DI.000","APPROACH.UWTROC.FID":19746183,"enc_service":"enc_approach","enc_layer":"Underwater_Awash_Rock_point","enc_layer_id":37}},{"type":"Feature","id":19746153,"geometry":{"type":"Point","coordinates":[-122.9789639999999,38.21111799999926]},"properties":{"OBJL":153,"EXPSOU":2,"NATSUR":null,"NATQUA":null,"OBJNAM":null,"QUASOU":"6","SOUACC":null,"TECSOU":null,"VALSOU":-0.9,"VERDAT":null,"WATLEV":4,"INFORM":null,"SCAMIN":89999,"SORDAT":"200304","SORIND":"US,US,graph,Chart 18643","DSNM":"US4CA2DI.000","APPROACH.UWTROC.FID":19746153,"enc_service":"enc_approach","enc_layer":"Underwater_Awash_Rock_point","enc_layer_id":37}},{"type":"Feature","id":19746194,"geometry":{"type":"Point","coordinates":[-122.97463299999981,38.20845499999996]},"properties":{"OBJL":153,"EXPSOU":null,"NATSUR":null,"NATQUA":null,"OBJNAM":null,"QUASOU":"2","SOUACC":null,"TECSOU":null,"VALSOU":null,"VERDAT":null,"WATLEV":4,"INFORM":null,"SCAMIN":89999,"SORDAT":"200304","SORIND":"US,US,graph,Chart 18643","DSNM":"US4CA2DI.000","APPROACH.UWTROC.FID":19746194,"enc_service":"enc_approach","enc_layer":"Underwater_Awash_Rock_point","enc_layer_id":37}},{"type":"Feature","id":19746304,"geometry":{"type":"Point","coordinates":[-122.97152800000003,38.255113999999594]},"properties":{"OBJL":153,"EXPSOU":null,"NATSUR":null,"NATQUA":null,"OBJNAM":null,"QUASOU":"2","SOUACC":null,"TECSOU":null,"VALSOU":null,"VERDAT":null,"WATLEV":4,"INFORM":null,"SCAMIN":89999,"SORDAT":"200304","SORIND":"US,US,graph,Chart 18643","DSNM":"US4CA2DI.000","APPROACH.UWTROC.FID":19746304,"enc_service":"enc_approach","enc_layer":"Underwater_Awash_Rock_point","enc_layer_id":37}},{"type":"Feature","id":19746301,"geometry":{"type":"Point","coordinates":[-122.96878099999958,38.25152600000001]},"properties":{"OBJL":153,"EXPSOU":null,"NATSUR":null,"NATQUA":null,"OBJNAM":null,"QUASOU":"2","SOUACC":null,"TECSOU":null,"VALSOU":null,"VERDAT":null,"WATLEV":4,"INFORM":null,"SCAMIN":null,"SORDAT":"200304","SORIND":"US,US,graph,Chart 18643","DSNM":"US4CA2DI.000","APPROACH.UWTROC.FID":19746301,"enc_service":"enc_approach","enc_layer":"Underwater_Awash_Rock_point","enc_layer_id":37}},{"type":"Feature","id":19746134,"geometry":{"type":"Point","coordinates":[-122.96661999999924,38.21771000000081]},"properties":{"OBJL":153,"EXPSOU":2,"NATSUR":null,"NATQUA":null,"OBJNAM":null,"QUASOU":null,"SOUACC":null,"TECSOU":null,"VALSOU":0,"VERDAT":null,"WATLEV":5,"INFORM":null,"SCAMIN":null,"SORDAT":"200304","SORIND":"US,US,graph,Chart 18643","DSNM":"US4CA2DI.000","APPROACH.UWTROC.FID":19746134,"enc_service":"enc_approach","enc_layer":"Underwater_Awash_Rock_point","enc_layer_id":37}},{"type":"Feature","id":19746139,"geometry":{"type":"Point","coordinates":[-122.96509999999944,38.21632200000022]},"properties":{"OBJL":153,"EXPSOU":null,"NATSUR":null,"NATQUA":null,"OBJNAM":null,"QUASOU":"2","SOUACC":null,"TECSOU":null,"VALSOU":null,"VERDAT":null,"WATLEV":4,"INFORM":null,"SCAMIN":null,"SORDAT":"200304","SORIND":"US,US,graph,Chart 18643","DSNM":"US4CA2DI.000","APPROACH.UWTROC.FID":19746139,"enc_service":"enc_approach","enc_layer":"Underwater_Awash_Rock_point","enc_layer_id":37}},{"type":"Feature","id":19746155,"geometry":{"type":"Point","coordinates":[-122.92076199999974,38.195895999999266]},"properties":{"OBJL":153,"EXPSOU":2,"NATSUR":null,"NATQUA":null,"OBJNAM":null,"QUASOU":"6","SOUACC":null,"TECSOU":null,"VALSOU":-1.5,"VERDAT":null,"WATLEV":4,"INFORM":null,"SCAMIN":null,"SORDAT":"200304","SORIND":"US,US,graph,Chart 18643","DSNM":"US4CA2DI.000","APPROACH.UWTROC.FID":19746155,"enc_service":"enc_approach","enc_layer":"Underwater_Awash_Rock_point","enc_layer_id":37}},{"type":"Feature","id":19746176,"geometry":{"type":"Point","coordinates":[-122.99644799999987,38.23922800000037]},"properties":{"OBJL":153,"EXPSOU":null,"NATSUR":null,"NATQUA":null,"OBJNAM":null,"QUASOU":"2","SOUACC":null,"TECSOU":null,"VALSOU":null,"VERDAT":null,"WATLEV":4,"INFORM":null,"SCAMIN":89999,"SORDAT":"200304","SORIND":"US,US,graph,Chart 18643","DSNM":"US4CA2DI.000","APPROACH.UWTROC.FID":19746176,"enc_service":"enc_approach","enc_layer":"Underwater_Awash_Rock_point","enc_layer_id":37}},{"type":"Feature","id":19746246,"geometry":{"type":"Point","coordinates":[-122.99544799999967,38.230170999999245]},"properties":{"OBJL":153,"EXPSOU":null,"NATSUR":null,"NATQUA":null,"OBJNAM":null,"QUASOU":"2","SOUACC":null,"TECSOU":null,"VALSOU":null,"VERDAT":null,"WATLEV":4,"INFORM":null,"SCAMIN":89999,"SORDAT":"200304","SORIND":"US,US,graph,Chart 18643","DSNM":"US4CA2DI.000","APPROACH.UWTROC.FID":19746246,"enc_service":"enc_approach","enc_layer":"Underwater_Awash_Rock_point","enc_layer_id":37}},{"type":"Feature","id":19746196,"geometry":{"type":"Point","coordinates":[-122.99435799999992,38.240929999999935]},"properties":{"OBJL":153,"EXPSOU":null,"NATSUR":null,"NATQUA":null,"OBJNAM":null,"QUASOU":"2","SOUACC":null,"TECSOU":null,"VALSOU":null,"VERDAT":null,"WATLEV":4,"INFORM":null,"SCAMIN":89999,"SORDAT":"200304","SORIND":"US,US,graph,Chart 18643","DSNM":"US4CA2DI.000","APPROACH.UWTROC.FID":19746196,"enc_service":"enc_approach","enc_layer":"Underwater_Awash_Rock_point","enc_layer_id":37}},{"type":"Feature","id":19746237,"geometry":{"type":"Point","coordinates":[-122.99422500000037,38.23135899999943]},"properties":{"OBJL":153,"EXPSOU":null,"NATSUR":null,"NATQUA":null,"OBJNAM":null,"QUASOU":"2","SOUACC":null,"TECSOU":null,"VALSOU":null,"VERDAT":null,"WATLEV":4,"INFORM":null,"SCAMIN":89999,"SORDAT":"200304","SORIND":"US,US,graph,Chart 18643","DSNM":"US4CA2DI.000","APPROACH.UWTROC.FID":19746237,"enc_service":"enc_approach","enc_layer":"Underwater_Awash_Rock_point","enc_layer_id":37}},{"type":"Feature","id":19746241,"geometry":{"type":"Point","coordinates":[-122.99318400000084,38.23004799999944]},"properties":{"OBJL":153,"EXPSOU":null,"NATSUR":null,"NATQUA":null,"OBJNAM":null,"QUASOU":"2","SOUACC":null,"TECSOU":null,"VALSOU":null,"VERDAT":null,"WATLEV":4,"INFORM":null,"SCAMIN":89999,"SORDAT":"200304","SORIND":"US,US,graph,Chart 18643","DSNM":"US4CA2DI.000","APPROACH.UWTROC.FID":19746241,"enc_service":"enc_approach","enc_layer":"Underwater_Awash_Rock_point","enc_layer_id":37}},{"type":"Feature","id":19746208,"geometry":{"type":"Point","coordinates":[-122.99303599999985,38.23334900000009]},"properties":{"OBJL":153,"EXPSOU":null,"NATSUR":null,"NATQUA":null,"OBJNAM":null,"QUASOU":"2","SOUACC":null,"TECSOU":null,"VALSOU":null,"VERDAT":null,"WATLEV":4,"INFORM":null,"SCAMIN":89999,"SORDAT":"200304","SORIND":"US,US,graph,Chart 18643","DSNM":"US4CA2DI.000","APPROACH.UWTROC.FID":19746208,"enc_service":"enc_approach","enc_layer":"Underwater_Awash_Rock_point","enc_layer_id":37}},{"type":"Feature","id":19746367,"geometry":{"type":"Point","coordinates":[-122.98822800000016,38.228360999999495]},"properties":{"OBJL":153,"EXPSOU":null,"NATSUR":null,"NATQUA":null,"OBJNAM":null,"QUASOU":"2","SOUACC":null,"TECSOU":null,"VALSOU":null,"VERDAT":null,"WATLEV":4,"INFORM":null,"SCAMIN":null,"SORDAT":"200304","SORIND":"US,US,graph,Chart 18643","DSNM":"US4CA2DI.000","APPROACH.UWTROC.FID":19746367,"enc_service":"enc_approach","enc_layer":"Underwater_Awash_Rock_point","enc_layer_id":37}},{"type":"Feature","id":19746355,"geometry":{"type":"Point","coordinates":[-122.9867749999994,38.23785999999927]},"properties":{"OBJL":153,"EXPSOU":null,"NATSUR":null,"NATQUA":null,"OBJNAM":null,"QUASOU":"2","SOUACC":null,"TECSOU":null,"VALSOU":null,"VERDAT":null,"WATLEV":4,"INFORM":null,"SCAMIN":89999,"SORDAT":"200304","SORIND":"US,US,graph,Chart 18643","DSNM":"US4CA2DI.000","APPROACH.UWTROC.FID":19746355,"enc_service":"enc_approach","enc_layer":"Underwater_Awash_Rock_point","enc_layer_id":37}},{"type":"Feature","id":19746357,"geometry":{"type":"Point","coordinates":[-122.98624100000052,38.237622000000556]},"properties":{"OBJL":153,"EXPSOU":null,"NATSUR":null,"NATQUA":null,"OBJNAM":null,"QUASOU":"2","SOUACC":null,"TECSOU":null,"VALSOU":null,"VERDAT":null,"WATLEV":4,"INFORM":null,"SCAMIN":89999,"SORDAT":"200304","SORIND":"US,US,graph,Chart 18643","DSNM":"US4CA2DI.000","APPROACH.UWTROC.FID":19746357,"enc_service":"enc_approach","enc_layer":"Underwater_Awash_Rock_point","enc_layer_id":37}},{"type":"Feature","id":19746161,"geometry":{"type":"Point","coordinates":[-122.98362199999974,38.219592999999804]},"properties":{"OBJL":153,"EXPSOU":null,"NATSUR":null,"NATQUA":null,"OBJNAM":null,"QUASOU":"2","SOUACC":null,"TECSOU":null,"VALSOU":null,"VERDAT":null,"WATLEV":4,"INFORM":null,"SCAMIN":89999,"SORDAT":"200304","SORIND":"US,US,graph,Chart 18643","DSNM":"US4CA2DI.000","APPROACH.UWTROC.FID":19746161,"enc_service":"enc_approach","enc_layer":"Underwater_Awash_Rock_point","enc_layer_id":37}},{"type":"Feature","id":19746115,"geometry":{"type":"Point","coordinates":[-122.98264200000085,38.234458000000814]},"properties":{"OBJL":153,"EXPSOU":2,"NATSUR":null,"NATQUA":null,"OBJNAM":null,"QUASOU":null,"SOUACC":null,"TECSOU":null,"VALSOU":0,"VERDAT":null,"WATLEV":5,"INFORM":null,"SCAMIN":89999,"SORDAT":"200304","SORIND":"US,US,graph,Chart 18643","DSNM":"US4CA2DI.000","APPROACH.UWTROC.FID":19746115,"enc_service":"enc_approach","enc_layer":"Underwater_Awash_Rock_point","enc_layer_id":37}},{"type":"Feature","id":19746168,"geometry":{"type":"Point","coordinates":[-122.98217599999953,38.2147989999994]},"properties":{"OBJL":153,"EXPSOU":null,"NATSUR":null,"NATQUA":null,"OBJNAM":null,"QUASOU":"2","SOUACC":null,"TECSOU":null,"VALSOU":null,"VERDAT":null,"WATLEV":4,"INFORM":null,"SCAMIN":89999,"SORDAT":"200304","SORIND":"US,US,graph,Chart 18643","DSNM":"US4CA2DI.000","APPROACH.UWTROC.FID":19746168,"enc_service":"enc_approach","enc_layer":"Underwater_Awash_Rock_point","enc_layer_id":37}},{"type":"Feature","id":19746164,"geometry":{"type":"Point","coordinates":[-122.98204900000019,38.217837000000145]},"properties":{"OBJL":153,"EXPSOU":null,"NATSUR":null,"NATQUA":null,"OBJNAM":null,"QUASOU":"2","SOUACC":null,"TECSOU":null,"VALSOU":null,"VERDAT":null,"WATLEV":4,"INFORM":null,"SCAMIN":89999,"SORDAT":"200304","SORIND":"US,US,graph,Chart 18643","DSNM":"US4CA2DI.000","APPROACH.UWTROC.FID":19746164,"enc_service":"enc_approach","enc_layer":"Underwater_Awash_Rock_point","enc_layer_id":37}},{"type":"Feature","id":19746166,"geometry":{"type":"Point","coordinates":[-122.98204799999985,38.215588999999454]},"properties":{"OBJL":153,"EXPSOU":null,"NATSUR":null,"NATQUA":null,"OBJNAM":null,"QUASOU":"2","SOUACC":null,"TECSOU":null,"VALSOU":null,"VERDAT":null,"WATLEV":4,"INFORM":null,"SCAMIN":89999,"SORDAT":"200304","SORIND":"US,US,graph,Chart 18643","DSNM":"US4CA2DI.000","APPROACH.UWTROC.FID":19746166,"enc_service":"enc_approach","enc_layer":"Underwater_Awash_Rock_point","enc_layer_id":37}},{"type":"Feature","id":19746189,"geometry":{"type":"Point","coordinates":[-122.97685400000046,38.21036599999934]},"properties":{"OBJL":153,"EXPSOU":null,"NATSUR":null,"NATQUA":null,"OBJNAM":null,"QUASOU":"2","SOUACC":null,"TECSOU":null,"VALSOU":null,"VERDAT":null,"WATLEV":4,"INFORM":null,"SCAMIN":89999,"SORDAT":"200304","SORIND":"US,US,graph,Chart 18643","DSNM":"US4CA2DI.000","APPROACH.UWTROC.FID":19746189,"enc_service":"enc_approach","enc_layer":"Underwater_Awash_Rock_point","enc_layer_id":37}},{"type":"Feature","id":19746416,"geometry":{"type":"Point","coordinates":[-122.97495300000082,38.23369099999945]},"properties":{"OBJL":153,"EXPSOU":2,"NATSUR":null,"NATQUA":null,"OBJNAM":null,"QUASOU":null,"SOUACC":null,"TECSOU":null,"VALSOU":0,"VERDAT":null,"WATLEV":5,"INFORM":null,"SCAMIN":null,"SORDAT":"200304","SORIND":"US,US,graph,Chart 18643","DSNM":"US4CA2DI.000","APPROACH.UWTROC.FID":19746416,"enc_service":"enc_approach","enc_layer":"Underwater_Awash_Rock_point","enc_layer_id":37}},{"type":"Feature","id":19746225,"geometry":{"type":"Point","coordinates":[-122.97186800000054,38.20633199999975]},"properties":{"OBJL":153,"EXPSOU":null,"NATSUR":null,"NATQUA":null,"OBJNAM":null,"QUASOU":"2","SOUACC":null,"TECSOU":null,"VALSOU":null,"VERDAT":null,"WATLEV":4,"INFORM":null,"SCAMIN":89999,"SORDAT":"200304","SORIND":"US,US,graph,Chart 18643","DSNM":"US4CA2DI.000","APPROACH.UWTROC.FID":19746225,"enc_service":"enc_approach","enc_layer":"Underwater_Awash_Rock_point","enc_layer_id":37}},{"type":"Feature","id":19746232,"geometry":{"type":"Point","coordinates":[-122.96757400000024,38.20069700000022]},"properties":{"OBJL":153,"EXPSOU":null,"NATSUR":null,"NATQUA":null,"OBJNAM":null,"QUASOU":"2","SOUACC":null,"TECSOU":null,"VALSOU":null,"VERDAT":null,"WATLEV":4,"INFORM":null,"SCAMIN":89999,"SORDAT":"200304","SORIND":"US,US,graph,Chart 18643","DSNM":"US4CA2DI.000","APPROACH.UWTROC.FID":19746232,"enc_service":"enc_approach","enc_layer":"Underwater_Awash_Rock_point","enc_layer_id":37}},{"type":"Feature","id":19746265,"geometry":{"type":"Point","coordinates":[-122.96424900000056,38.18005799999992]},"properties":{"OBJL":153,"EXPSOU":null,"NATSUR":null,"NATQUA":null,"OBJNAM":null,"QUASOU":"2","SOUACC":null,"TECSOU":null,"VALSOU":null,"VERDAT":null,"WATLEV":4,"INFORM":null,"SCAMIN":null,"SORDAT":"200304","SORIND":"US,US,graph,Chart 18643","DSNM":"US4CA2DI.000","APPROACH.UWTROC.FID":19746265,"enc_service":"enc_approach","enc_layer":"Underwater_Awash_Rock_point","enc_layer_id":37}},{"type":"Feature","id":19746268,"geometry":{"type":"Point","coordinates":[-122.95535299999938,38.17401199999949]},"properties":{"OBJL":153,"EXPSOU":null,"NATSUR":null,"NATQUA":null,"OBJNAM":null,"QUASOU":"2","SOUACC":null,"TECSOU":null,"VALSOU":null,"VERDAT":null,"WATLEV":4,"INFORM":null,"SCAMIN":null,"SORDAT":"200304","SORIND":"US,US,graph,Chart 18643","DSNM":"US4CA2DI.000","APPROACH.UWTROC.FID":19746268,"enc_service":"enc_approach","enc_layer":"Underwater_Awash_Rock_point","enc_layer_id":37}},{"type":"Feature","id":19746130,"geometry":{"type":"Point","coordinates":[-122.94654699999955,38.19733400000041]},"properties":{"OBJL":153,"EXPSOU":null,"NATSUR":null,"NATQUA":null,"OBJNAM":null,"QUASOU":"2","SOUACC":null,"TECSOU":null,"VALSOU":null,"VERDAT":null,"WATLEV":3,"INFORM":null,"SCAMIN":null,"SORDAT":"200304","SORIND":"US,US,graph,Chart 18643","DSNM":"US4CA2DI.000","APPROACH.UWTROC.FID":19746130,"enc_service":"enc_approach","enc_layer":"Underwater_Awash_Rock_point","enc_layer_id":37}},{"type":"Feature","id":19746129,"geometry":{"type":"Point","coordinates":[-122.94572499999958,38.19402900000023]},"properties":{"OBJL":153,"EXPSOU":null,"NATSUR":null,"NATQUA":null,"OBJNAM":null,"QUASOU":"2","SOUACC":null,"TECSOU":null,"VALSOU":null,"VERDAT":null,"WATLEV":4,"INFORM":null,"SCAMIN":null,"SORDAT":"200304","SORIND":"US,US,graph,Chart 18643","DSNM":"US4CA2DI.000","APPROACH.UWTROC.FID":19746129,"enc_service":"enc_approach","enc_layer":"Underwater_Awash_Rock_point","enc_layer_id":37}},{"type":"Feature","id":19746294,"geometry":{"type":"Point","coordinates":[-122.9383140000009,38.21572500000002]},"properties":{"OBJL":153,"EXPSOU":null,"NATSUR":null,"NATQUA":null,"OBJNAM":null,"QUASOU":"2","SOUACC":null,"TECSOU":null,"VALSOU":null,"VERDAT":null,"WATLEV":4,"INFORM":null,"SCAMIN":null,"SORDAT":"200304","SORIND":"US,US,graph,Chart 18643","DSNM":"US4CA2DI.000","APPROACH.UWTROC.FID":19746294,"enc_service":"enc_approach","enc_layer":"Underwater_Awash_Rock_point","enc_layer_id":37}},{"type":"Feature","id":19746291,"geometry":{"type":"Point","coordinates":[-122.92230299999937,38.201075000000856]},"properties":{"OBJL":153,"EXPSOU":null,"NATSUR":null,"NATQUA":null,"OBJNAM":null,"QUASOU":"2","SOUACC":null,"TECSOU":null,"VALSOU":null,"VERDAT":null,"WATLEV":4,"INFORM":null,"SCAMIN":null,"SORDAT":"200304","SORIND":"US,US,graph,Chart 18643","DSNM":"US4CA2DI.000","APPROACH.UWTROC.FID":19746291,"enc_service":"enc_approach","enc_layer":"Underwater_Awash_Rock_point","enc_layer_id":37}},{"type":"Feature","id":19746356,"geometry":{"type":"Point","coordinates":[-122.92018699999971,38.18055099999947]},"properties":{"OBJL":153,"EXPSOU":1,"NATSUR":null,"NATQUA":null,"OBJNAM":null,"QUASOU":"6","SOUACC":null,"TECSOU":null,"VALSOU":5.7,"VERDAT":null,"WATLEV":3,"INFORM":null,"SCAMIN":null,"SORDAT":"200304","SORIND":"US,US,graph,Chart 18643","DSNM":"US4CA2DI.000","APPROACH.UWTROC.FID":19746356,"enc_service":"enc_approach","enc_layer":"Underwater_Awash_Rock_point","enc_layer_id":37}},{"type":"Feature","id":19746171,"geometry":{"type":"Point","coordinates":[-122.99609199999941,38.24070399999982]},"properties":{"OBJL":153,"EXPSOU":null,"NATSUR":null,"NATQUA":null,"OBJNAM":null,"QUASOU":"2","SOUACC":null,"TECSOU":null,"VALSOU":null,"VERDAT":null,"WATLEV":4,"INFORM":null,"SCAMIN":89999,"SORDAT":"200304","SORIND":"US,US,graph,Chart 18643","DSNM":"US4CA2DI.000","APPROACH.UWTROC.FID":19746171,"enc_service":"enc_approach","enc_layer":"Underwater_Awash_Rock_point","enc_layer_id":37}},{"type":"Feature","id":19746173,"geometry":{"type":"Point","coordinates":[-122.99580699999933,38.238703999999416]},"properties":{"OBJL":153,"EXPSOU":null,"NATSUR":null,"NATQUA":null,"OBJNAM":null,"QUASOU":"2","SOUACC":null,"TECSOU":null,"VALSOU":null,"VERDAT":null,"WATLEV":4,"INFORM":null,"SCAMIN":89999,"SORDAT":"200304","SORIND":"US,US,graph,Chart 18643","DSNM":"US4CA2DI.000","APPROACH.UWTROC.FID":19746173,"enc_service":"enc_approach","enc_layer":"Underwater_Awash_Rock_point","enc_layer_id":37}},{"type":"Feature","id":19746174,"geometry":{"type":"Point","coordinates":[-122.99519200000032,38.237757000000784]},"properties":{"OBJL":153,"EXPSOU":null,"NATSUR":null,"NATQUA":null,"OBJNAM":null,"QUASOU":"2","SOUACC":null,"TECSOU":null,"VALSOU":null,"VERDAT":null,"WATLEV":4,"INFORM":null,"SCAMIN":89999,"SORDAT":"200304","SORIND":"US,US,graph,Chart 18643","DSNM":"US4CA2DI.000","APPROACH.UWTROC.FID":19746174,"enc_service":"enc_approach","enc_layer":"Underwater_Awash_Rock_point","enc_layer_id":37}},{"type":"Feature","id":19746247,"geometry":{"type":"Point","coordinates":[-122.99497899999915,38.22933700000067]},"properties":{"OBJL":153,"EXPSOU":null,"NATSUR":null,"NATQUA":null,"OBJNAM":null,"QUASOU":"2","SOUACC":null,"TECSOU":null,"VALSOU":null,"VERDAT":null,"WATLEV":4,"INFORM":null,"SCAMIN":89999,"SORDAT":"200304","SORIND":"US,US,graph,Chart 18643","DSNM":"US4CA2DI.000","APPROACH.UWTROC.FID":19746247,"enc_service":"enc_approach","enc_layer":"Underwater_Awash_Rock_point","enc_layer_id":37}},{"type":"Feature","id":19746248,"geometry":{"type":"Point","coordinates":[-122.99363500000072,38.228940000000875]},"properties":{"OBJL":153,"EXPSOU":null,"NATSUR":null,"NATQUA":null,"OBJNAM":null,"QUASOU":"2","SOUACC":null,"TECSOU":null,"VALSOU":null,"VERDAT":null,"WATLEV":4,"INFORM":null,"SCAMIN":89999,"SORDAT":"200304","SORIND":"US,US,graph,Chart 18643","DSNM":"US4CA2DI.000","APPROACH.UWTROC.FID":19746248,"enc_service":"enc_approach","enc_layer":"Underwater_Awash_Rock_point","enc_layer_id":37}},{"type":"Feature","id":19746236,"geometry":{"type":"Point","coordinates":[-122.99163100000078,38.23142700000062]},"properties":{"OBJL":153,"EXPSOU":null,"NATSUR":null,"NATQUA":null,"OBJNAM":null,"QUASOU":"2","SOUACC":null,"TECSOU":null,"VALSOU":null,"VERDAT":null,"WATLEV":4,"INFORM":null,"SCAMIN":89999,"SORDAT":"200304","SORIND":"US,US,graph,Chart 18643","DSNM":"US4CA2DI.000","APPROACH.UWTROC.FID":19746236,"enc_service":"enc_approach","enc_layer":"Underwater_Awash_Rock_point","enc_layer_id":37}},{"type":"Feature","id":19746278,"geometry":{"type":"Point","coordinates":[-122.99090199999955,38.22860500000024]},"properties":{"OBJL":153,"EXPSOU":null,"NATSUR":null,"NATQUA":null,"OBJNAM":null,"QUASOU":"2","SOUACC":null,"TECSOU":null,"VALSOU":null,"VERDAT":null,"WATLEV":4,"INFORM":null,"SCAMIN":89999,"SORDAT":"200304","SORIND":"US,US,graph,Chart 18643","DSNM":"US4CA2DI.000","APPROACH.UWTROC.FID":19746278,"enc_service":"enc_approach","enc_layer":"Underwater_Awash_Rock_point","enc_layer_id":37}},{"type":"Feature","id":19746280,"geometry":{"type":"Point","coordinates":[-122.99000899999919,38.22842800000035]},"properties":{"OBJL":153,"EXPSOU":null,"NATSUR":null,"NATQUA":null,"OBJNAM":null,"QUASOU":"2","SOUACC":null,"TECSOU":null,"VALSOU":null,"VERDAT":null,"WATLEV":4,"INFORM":null,"SCAMIN":89999,"SORDAT":"200304","SORIND":"US,US,graph,Chart 18643","DSNM":"US4CA2DI.000","APPROACH.UWTROC.FID":19746280,"enc_service":"enc_approach","enc_layer":"Underwater_Awash_Rock_point","enc_layer_id":37}},{"type":"Feature","id":19746108,"geometry":{"type":"Point","coordinates":[-122.98743210000066,38.225187000000005]},"properties":{"OBJL":153,"EXPSOU":null,"NATSUR":null,"NATQUA":null,"OBJNAM":null,"QUASOU":"2","SOUACC":null,"TECSOU":null,"VALSOU":null,"VERDAT":null,"WATLEV":4,"INFORM":null,"SCAMIN":89999,"SORDAT":"200304","SORIND":"US,US,graph,Chart 18643","DSNM":"US4CA2DI.000","APPROACH.UWTROC.FID":19746108,"enc_service":"enc_approach","enc_layer":"Underwater_Awash_Rock_point","enc_layer_id":37}},{"type":"Feature","id":19746142,"geometry":{"type":"Point","coordinates":[-122.98551399999997,38.236822999999276]},"properties":{"OBJL":153,"EXPSOU":null,"NATSUR":null,"NATQUA":null,"OBJNAM":null,"QUASOU":"2","SOUACC":null,"TECSOU":null,"VALSOU":null,"VERDAT":null,"WATLEV":4,"INFORM":null,"SCAMIN":89999,"SORDAT":"200304","SORIND":"US,US,graph,Chart 18643","DSNM":"US4CA2DI.000","APPROACH.UWTROC.FID":19746142,"enc_service":"enc_approach","enc_layer":"Underwater_Awash_Rock_point","enc_layer_id":37}},{"type":"Feature","id":19746143,"geometry":{"type":"Point","coordinates":[-122.98495700000058,38.235898000000816]},"properties":{"OBJL":153,"EXPSOU":null,"NATSUR":null,"NATQUA":null,"OBJNAM":null,"QUASOU":"2","SOUACC":null,"TECSOU":null,"VALSOU":null,"VERDAT":null,"WATLEV":4,"INFORM":null,"SCAMIN":89999,"SORDAT":"200304","SORIND":"US,US,graph,Chart 18643","DSNM":"US4CA2DI.000","APPROACH.UWTROC.FID":19746143,"enc_service":"enc_approach","enc_layer":"Underwater_Awash_Rock_point","enc_layer_id":37}},{"type":"Feature","id":19746165,"geometry":{"type":"Point","coordinates":[-122.98247699999956,38.21636000000035]},"properties":{"OBJL":153,"EXPSOU":null,"NATSUR":null,"NATQUA":null,"OBJNAM":null,"QUASOU":"2","SOUACC":null,"TECSOU":null,"VALSOU":null,"VERDAT":null,"WATLEV":4,"INFORM":null,"SCAMIN":89999,"SORDAT":"200304","SORIND":"US,US,graph,Chart 18643","DSNM":"US4CA2DI.000","APPROACH.UWTROC.FID":19746165,"enc_service":"enc_approach","enc_layer":"Underwater_Awash_Rock_point","enc_layer_id":37}},{"type":"Feature","id":19746163,"geometry":{"type":"Point","coordinates":[-122.98232699999971,38.21882200000073]},"properties":{"OBJL":153,"EXPSOU":null,"NATSUR":null,"NATQUA":null,"OBJNAM":null,"QUASOU":"2","SOUACC":null,"TECSOU":null,"VALSOU":null,"VERDAT":null,"WATLEV":4,"INFORM":null,"SCAMIN":89999,"SORDAT":"200304","SORIND":"US,US,graph,Chart 18643","DSNM":"US4CA2DI.000","APPROACH.UWTROC.FID":19746163,"enc_service":"enc_approach","enc_layer":"Underwater_Awash_Rock_point","enc_layer_id":37}},{"type":"Feature","id":19746159,"geometry":{"type":"Point","coordinates":[-122.98231200000009,38.221010999999635]},"properties":{"OBJL":153,"EXPSOU":null,"NATSUR":null,"NATQUA":null,"OBJNAM":null,"QUASOU":"2","SOUACC":null,"TECSOU":null,"VALSOU":null,"VERDAT":null,"WATLEV":4,"INFORM":null,"SCAMIN":89999,"SORDAT":"200304","SORIND":"US,US,graph,Chart 18643","DSNM":"US4CA2DI.000","APPROACH.UWTROC.FID":19746159,"enc_service":"enc_approach","enc_layer":"Underwater_Awash_Rock_point","enc_layer_id":37}},{"type":"Feature","id":19746188,"geometry":{"type":"Point","coordinates":[-122.97794500000055,38.21040200000061]},"properties":{"OBJL":153,"EXPSOU":null,"NATSUR":null,"NATQUA":null,"OBJNAM":null,"QUASOU":"2","SOUACC":null,"TECSOU":null,"VALSOU":null,"VERDAT":null,"WATLEV":4,"INFORM":null,"SCAMIN":89999,"SORDAT":"200304","SORIND":"US,US,graph,Chart 18643","DSNM":"US4CA2DI.000","APPROACH.UWTROC.FID":19746188,"enc_service":"enc_approach","enc_layer":"Underwater_Awash_Rock_point","enc_layer_id":37}},{"type":"Feature","id":19746190,"geometry":{"type":"Point","coordinates":[-122.97695200000089,38.20934599999964]},"properties":{"OBJL":153,"EXPSOU":null,"NATSUR":null,"NATQUA":null,"OBJNAM":null,"QUASOU":"2","SOUACC":null,"TECSOU":null,"VALSOU":null,"VERDAT":null,"WATLEV":4,"INFORM":null,"SCAMIN":89999,"SORDAT":"200304","SORIND":"US,US,graph,Chart 18643","DSNM":"US4CA2DI.000","APPROACH.UWTROC.FID":19746190,"enc_service":"enc_approach","enc_layer":"Underwater_Awash_Rock_point","enc_layer_id":37}},{"type":"Feature","id":19746223,"geometry":{"type":"Point","coordinates":[-122.97365899999932,38.207447000000684]},"properties":{"OBJL":153,"EXPSOU":null,"NATSUR":null,"NATQUA":null,"OBJNAM":null,"QUASOU":"2","SOUACC":null,"TECSOU":null,"VALSOU":null,"VERDAT":null,"WATLEV":4,"INFORM":null,"SCAMIN":89999,"SORDAT":"200304","SORIND":"US,US,graph,Chart 18643","DSNM":"US4CA2DI.000","APPROACH.UWTROC.FID":19746223,"enc_service":"enc_approach","enc_layer":"Underwater_Awash_Rock_point","enc_layer_id":37}},{"type":"Feature","id":19746228,"geometry":{"type":"Point","coordinates":[-122.97139000000061,38.20308300000033]},"properties":{"OBJL":153,"EXPSOU":null,"NATSUR":null,"NATQUA":null,"OBJNAM":null,"QUASOU":"2","SOUACC":null,"TECSOU":null,"VALSOU":null,"VERDAT":null,"WATLEV":4,"INFORM":null,"SCAMIN":89999,"SORDAT":"200304","SORIND":"US,US,graph,Chart 18643","DSNM":"US4CA2DI.000","APPROACH.UWTROC.FID":19746228,"enc_service":"enc_approach","enc_layer":"Underwater_Awash_Rock_point","enc_layer_id":37}},{"type":"Feature","id":19746227,"geometry":{"type":"Point","coordinates":[-122.97055700000055,38.20333000000028]},"properties":{"OBJL":153,"EXPSOU":null,"NATSUR":null,"NATQUA":null,"OBJNAM":null,"QUASOU":"2","SOUACC":null,"TECSOU":null,"VALSOU":null,"VERDAT":null,"WATLEV":4,"INFORM":null,"SCAMIN":89999,"SORDAT":"200304","SORIND":"US,US,graph,Chart 18643","DSNM":"US4CA2DI.000","APPROACH.UWTROC.FID":19746227,"enc_service":"enc_approach","enc_layer":"Underwater_Awash_Rock_point","enc_layer_id":37}},{"type":"Feature","id":19746302,"geometry":{"type":"Point","coordinates":[-122.97028300000056,38.254023999999845]},"properties":{"OBJL":153,"EXPSOU":null,"NATSUR":null,"NATQUA":null,"OBJNAM":null,"QUASOU":"2","SOUACC":null,"TECSOU":null,"VALSOU":null,"VERDAT":null,"WATLEV":4,"INFORM":null,"SCAMIN":89999,"SORDAT":"200304","SORIND":"US,US,graph,Chart 18643","DSNM":"US4CA2DI.000","APPROACH.UWTROC.FID":19746302,"enc_service":"enc_approach","enc_layer":"Underwater_Awash_Rock_point","enc_layer_id":37}},{"type":"Feature","id":19746298,"geometry":{"type":"Point","coordinates":[-122.95532599999933,38.23286899999948]},"properties":{"OBJL":153,"EXPSOU":null,"NATSUR":null,"NATQUA":null,"OBJNAM":null,"QUASOU":"2","SOUACC":null,"TECSOU":null,"VALSOU":null,"VERDAT":null,"WATLEV":4,"INFORM":null,"SCAMIN":null,"SORDAT":"200304","SORIND":"US,US,graph,Chart 18643","DSNM":"US4CA2DI.000","APPROACH.UWTROC.FID":19746298,"enc_service":"enc_approach","enc_layer":"Underwater_Awash_Rock_point","enc_layer_id":37}},{"type":"Feature","id":19746352,"geometry":{"type":"Point","coordinates":[-122.94525799999974,38.1941599999991]},"properties":{"OBJL":153,"EXPSOU":null,"NATSUR":null,"NATQUA":null,"OBJNAM":null,"QUASOU":"2","SOUACC":null,"TECSOU":null,"VALSOU":null,"VERDAT":null,"WATLEV":4,"INFORM":null,"SCAMIN":null,"SORDAT":"200304","SORIND":"US,US,graph,Chart 18643","DSNM":"US4CA2DI.000","APPROACH.UWTROC.FID":19746352,"enc_service":"enc_approach","enc_layer":"Underwater_Awash_Rock_point","enc_layer_id":37}},{"type":"Feature","id":19746289,"geometry":{"type":"Point","coordinates":[-122.9211350000005,38.19686200000069]},"properties":{"OBJL":153,"EXPSOU":null,"NATSUR":null,"NATQUA":null,"OBJNAM":null,"QUASOU":"2","SOUACC":null,"TECSOU":null,"VALSOU":null,"VERDAT":null,"WATLEV":4,"INFORM":null,"SCAMIN":null,"SORDAT":"200304","SORIND":"US,US,graph,Chart 18643","DSNM":"US4CA2DI.000","APPROACH.UWTROC.FID":19746289,"enc_service":"enc_approach","enc_layer":"Underwater_Awash_Rock_point","enc_layer_id":37}},{"type":"Feature","id":2654460,"geometry":{"type":"Polygon","coordinates":[[[-122.96245699999963,38.025368000000526],[-122.96207800000047,38.02522300000055],[-122.96168799999941,38.02516900000046],[-122.96143499999926,38.02513200000067],[-122.96094099999937,38.025432000000364],[-122.9604130000007,38.02584999999999],[-122.95988500000021,38.02614999999969],[-122.95931100000053,38.02650399999948],[-122.95871400000033,38.02689400000054],[-122.9581849999995,38.02715800000078],[-122.95757699999922,38.02740300000005],[-122.95693399999982,38.027665999999954],[-122.95614200000091,38.02787499999977],[-122.95549899999969,38.02791199999956],[-122.95474099999956,38.027665999999954],[-122.95401700000002,38.02728500000012],[-122.95337400000062,38.02698500000042],[-122.95266300000003,38.02664899999945],[-122.9519390000005,38.02650399999948],[-122.95103200000085,38.02659499999936],[-122.95020499999919,38.026685000000725],[-122.94948199999999,38.02701200000047],[-122.94883900000059,38.02728500000012],[-122.9483110000001,38.02752099999998],[-122.9476680000007,38.027820999999676],[-122.94691000000057,38.02808399999958],[-122.94626699999935,38.028292999999394],[-122.94547500000044,38.02859299999909],[-122.9447510000009,38.028802000000724],[-122.94480789999943,38.02906169999915],[-122.94498100000055,38.03004599999986],[-122.94531400000051,38.03006400000049],[-122.94594499999948,38.03003700000045],[-122.9466109999994,38.02999099999943],[-122.94735799999944,38.02990999999929],[-122.94808100000046,38.02981],[-122.94913699999961,38.02962800000023],[-122.95025100000021,38.02958299999955],[-122.95098599999983,38.0295559999995],[-122.95170900000085,38.029537000000346],[-122.95246699999916,38.02946499999962],[-122.95308699999987,38.02934699999969],[-122.95363899999938,38.0292100000006],[-122.95437300000049,38.02903800000058],[-122.95509700000002,38.02886500000022],[-122.95636000000013,38.02847499999916],[-122.95702600000004,38.028283999999985],[-122.95828900000015,38.02780300000086],[-122.95891999999913,38.02758499999982],[-122.96016000000054,38.02707600000031],[-122.96106800000052,38.02665800000068],[-122.96223900000041,38.02604099999917],[-122.96290500000032,38.02569500000027],[-122.96245699999963,38.025368000000526]]]},"properties":{"OBJL":86,"CATOBS":" ","CONDTN":null,"EXPSOU":null,"HEIGHT":null,"NATCON":null,"NATQUA":null,"OBJNAM":null,"PRODCT":null,"QUASOU":"2","SOUACC":null,"TECSOU":null,"VALSOU":null,"VERACC":null,"VERDAT":null,"VERLEN":null,"WATLEV":3,"NATSUR":null,"INFORM":null,"SCAMIN":null,"SORDAT":"20000701","SORIND":"US,US,graph,Chart 18645","DSNM":"US4CA11M.000","APPROACH.OBSTRN_POLYGON.FID":2654460,"SHAPE.AREA":2.94996957e-05,"SHAPE.LEN":0.0396441171653778,"enc_service":"enc_approach","enc_layer":"Obstruction_area","enc_layer_id":161}},{"type":"Feature","id":2654926,"geometry":{"type":"Polygon","coordinates":[[[-122.97638200000074,38.26542800000061],[-122.97642500000075,38.26551599999948],[-122.97650900000008,38.26563300000089],[-122.97661700000026,38.2657650000001],[-122.9767410000004,38.26587300000028],[-122.97686199999953,38.265957999999955],[-122.97692599999937,38.26599499999975],[-122.97699099999954,38.266012000000046],[-122.9772269999994,38.266052999999374],[-122.9773124000003,38.26599100000021],[-122.97743380000065,38.265837900000406],[-122.9775210000007,38.26574400000027],[-122.97752899999978,38.2657020000006],[-122.9775410000002,38.265682999999626],[-122.97759799999949,38.26567000000068],[-122.9776720000009,38.26568000000043],[-122.97770499999933,38.26569600000039],[-122.97774199999913,38.265730999999505],[-122.9777580000009,38.26576000000023],[-122.97776200000044,38.265785999999935],[-122.97776200000044,38.26581500000066],[-122.97778339999968,38.26596210000025],[-122.9778036000007,38.266077700000096],[-122.97788550000041,38.26617299999998],[-122.97801900000013,38.2661879999996],[-122.97818200000074,38.266208999999435],[-122.97822300000007,38.266224000000875],[-122.97825299999931,38.2662509999991],[-122.97825700000067,38.26627799999915],[-122.97825700000067,38.26630900000055],[-122.97823600000083,38.26633899999979],[-122.97819700000036,38.26637999999912],[-122.97811499999989,38.2664879999993],[-122.97802899999988,38.26662000000033],[-122.97795199999928,38.2667390000006],[-122.97793099999944,38.266813000000184],[-122.97792599999957,38.2669420000002],[-122.97795199999928,38.26705100000072],[-122.97797999999966,38.267116999999416],[-122.9779839999992,38.26713999999993],[-122.9779839999992,38.26719100000082],[-122.97796700000072,38.26727600000049],[-122.97792800000025,38.26734700000088],[-122.97789000000012,38.26739099999941],[-122.97784200000024,38.267438999999285],[-122.97779900000023,38.26749600000039],[-122.97778199999993,38.26757700000053],[-122.97776499999964,38.26763199999914],[-122.97773100000086,38.26771000000008],[-122.97769999999946,38.267737000000125],[-122.97763999999916,38.26775000000089],[-122.97756300000037,38.26775699999962],[-122.97749400000066,38.26774699999987],[-122.97742499999913,38.26772700000038],[-122.9774039999993,38.26772700000038],[-122.97737799999959,38.267729999999574],[-122.97734800000035,38.26775699999962],[-122.97729599999911,38.2678479999995],[-122.97728300000017,38.26794999999947],[-122.97745600000053,38.268011000000115],[-122.97767399999975,38.26805299999978],[-122.97803600000043,38.268073999999615],[-122.97815900000023,38.26804799999991],[-122.97824899999978,38.26800600000024],[-122.97835099999975,38.267917999999554],[-122.97843599999942,38.26781800000026],[-122.97885999999926,38.2675049999998],[-122.97900900000059,38.26718599999913],[-122.97926999999981,38.26673699999992],[-122.97940299999937,38.26662700000088],[-122.97950700000001,38.26654100000087],[-122.9799920000005,38.26627700000063],[-122.98001300000033,38.26621399999931],[-122.98000800000045,38.26616400000057],[-122.97998100000041,38.26612600000044],[-122.97993300000053,38.266091999999844],[-122.97972499999923,38.26611299999968],[-122.97967699999936,38.26610500000061],[-122.97965599999952,38.26610099999925],[-122.97965599999952,38.26601699999992],[-122.97969299999932,38.26594499999919],[-122.97976799999924,38.26588199999969],[-122.97985300000073,38.26581500000066],[-122.97997000000032,38.26572699999997],[-122.98005069999999,38.26567040000009],[-122.98007700000016,38.265652000000046],[-122.98025299999972,38.26549200000045],[-122.98029300000053,38.26535100000001],[-122.98021300000073,38.2651249999999],[-122.98013299999911,38.2650620000004],[-122.97997799999939,38.264994999999544],[-122.97966900000029,38.26493599999958],[-122.9791580000001,38.26489399999991],[-122.9789180000007,38.26482700000088],[-122.97879599999942,38.264742999999726],[-122.97868899999958,38.26462999999967],[-122.97864400000071,38.26458500000081],[-122.97854799999914,38.2644509999991],[-122.97852099999909,38.2643420000004],[-122.97855300000083,38.26420800000051],[-122.97877200000039,38.26397700000052],[-122.97879300000022,38.26389299999937],[-122.97878200000014,38.26370400000087],[-122.97869200000059,38.26358599999912],[-122.9786409999997,38.26354700000047],[-122.97844400000031,38.26343300000008],[-122.97799599999962,38.26329000000078],[-122.97779900000023,38.263285999999425],[-122.97755399999915,38.26329000000078],[-122.97703200000069,38.26333700000032],[-122.97661100000005,38.26326499999959],[-122.97648300000037,38.263168999999834],[-122.97645899999952,38.26307000000088],[-122.97659799999929,38.26290599999993],[-122.97667200000069,38.26280600000064],[-122.97668800000065,38.262650000000576],[-122.97664599999916,38.26235199999974],[-122.97659500000009,38.262149000000136],[-122.97652000000016,38.26192599999922],[-122.97645700000066,38.26173299999937],[-122.97642500000075,38.261515000000145],[-122.9764410000007,38.26136399999996],[-122.97656800000004,38.261216999999306],[-122.9767150000007,38.26109700000052],[-122.97681600000033,38.2608909999999],[-122.97681600000033,38.260786000000735],[-122.97677400000066,38.26072799999929],[-122.97659799999929,38.26059300000088],[-122.97645399999965,38.26042100000086],[-122.97613400000046,38.26028699999915],[-122.97587299999941,38.260190000000875],[-122.9756440000001,38.26009800000065],[-122.97541199999978,38.26001999999971],[-122.97511900000063,38.25997800000005],[-122.97487399999955,38.259948999999324],[-122.97436799999923,38.25978500000019],[-122.974107,38.2596680000006],[-122.97403800000029,38.25958399999945],[-122.97399500000029,38.25946599999952],[-122.97397400000045,38.25924400000076],[-122.97403499999928,38.2590739999996],[-122.97417300000052,38.258662000000186],[-122.97421600000052,38.25853199999983],[-122.9742210000004,38.2584480000005],[-122.97409899999911,38.25810799999999],[-122.97396800000024,38.25784999999996],[-122.97385600000052,38.25764899999922],[-122.97376599999916,38.25760699999955],[-122.9735899999996,38.25759400000061],[-122.97334000000046,38.257580999999846],[-122.97305699999924,38.25747600000068],[-122.97279100000014,38.257337999999436],[-122.97263600000042,38.257236999999805],[-122.97249999999985,38.257079999999405],[-122.97235100000034,38.25663499999973],[-122.97238300000026,38.25636999999915],[-122.97243100000014,38.25626100000045],[-122.97255399999995,38.256085000000894],[-122.97269199999937,38.25584499999968],[-122.9729669999997,38.25550699999985],[-122.97317400000065,38.25518000000011],[-122.97318799999994,38.25512300000082],[-122.9732299999996,38.254628000000594],[-122.97318799999994,38.254376000000775],[-122.97314499999993,38.25433399999929],[-122.97291600000062,38.254242000000886],[-122.97267599999941,38.254211999999825],[-122.97264200000063,38.2542310000008],[-122.97244499999942,38.25433599999997],[-122.97207700000035,38.25468499999988],[-122.97199200000068,38.254721999999674],[-122.97187400000075,38.25476399999934],[-122.97177899999951,38.254759999999806],[-122.9714640000002,38.25468499999988],[-122.97120800000084,38.25456300000042],[-122.97107499999947,38.254424000000654],[-122.9708300000002,38.254188999999315],[-122.97064599999976,38.25398599999971],[-122.97051800000008,38.25372099999913],[-122.9704070000007,38.25329299999976],[-122.97036900000057,38.253091000000495],[-122.97034899999926,38.25300299999981],[-122.97031900000002,38.25286699999924],[-122.97021700000005,38.252581000000646],[-122.97012200000063,38.25236699999914],[-122.97003600000062,38.252173999999286],[-122.96998300000087,38.251994000000195],[-122.9699270000001,38.251814999999624],[-122.96990600000026,38.251609000000826],[-122.96987900000022,38.25136200000088],[-122.96991600000001,38.25117300000056],[-122.96995400000014,38.25100899999961],[-122.97003100000074,38.25082199999997],[-122.97003600000062,38.25057399999969],[-122.97000999999909,38.25040199999967],[-122.9699240000009,38.250255000000834],[-122.96981199999937,38.250057999999626],[-122.96963399999913,38.249870999999985],[-122.96939399999974,38.24960699999974],[-122.96920200000022,38.24941399999989],[-122.9690640000008,38.24922499999957],[-122.96909600000072,38.24906499999997],[-122.96919700000035,38.24892700000055],[-122.9693810000008,38.24873599999955],[-122.96949300000051,38.248546999999235],[-122.96961499999998,38.24816500000088],[-122.96974600000067,38.24764999999934],[-122.96975100000054,38.24743200000012],[-122.96962300000087,38.24691999999959],[-122.96962899999926,38.24683600000026],[-122.96967699999914,38.246697000000495],[-122.96980199999962,38.246540000000095],[-122.96995600000082,38.2463800000005],[-122.97009000000071,38.246178999999756],[-122.97019600000021,38.24595600000066],[-122.9702070000003,38.24581299999954],[-122.97020100000009,38.24564500000088],[-122.97019899999941,38.24546299999929],[-122.97016099999928,38.24522799999977],[-122.97005999999965,38.24484499999926],[-122.97003159999986,38.24470900000051],[-122.97002600000087,38.24472009999954],[-122.96990709999955,38.24500570000055],[-122.9697584000005,38.245600500000364],[-122.96971080000003,38.24604069999987],[-122.9696156000009,38.24670100000003],[-122.96952640000018,38.2469985000007],[-122.96928839999964,38.24812279999969],[-122.96917539999959,38.2484915999994],[-122.9690386000002,38.248741400000654],[-122.96890170000006,38.24911620000057],[-122.96880659999988,38.24948500000028],[-122.9687887,38.25006199999916],[-122.96888389999913,38.25055579999935],[-122.96906239999953,38.25122799999917],[-122.96919920000073,38.25186450000001],[-122.96927060000053,38.25225110000065],[-122.96940739999991,38.253197],[-122.9694371000005,38.253696600000694],[-122.96953229999963,38.25404759999947],[-122.9696870000007,38.254339099999925],[-122.96990709999955,38.25458889999936],[-122.97033539999939,38.254767399999764],[-122.9706387999995,38.255029100000684],[-122.97087079999983,38.25530280000021],[-122.97113250000075,38.25582030000078],[-122.97129909999967,38.25633190000008],[-122.97144780000053,38.25698030000058],[-122.9716499999995,38.257652500000404],[-122.97186420000071,38.25811050000084],[-122.97196529999928,38.258354400000826],[-122.97212000000036,38.25883029999932],[-122.97232819999954,38.259371699999974],[-122.97260180000012,38.25978209999994],[-122.97296470000038,38.26022229999944],[-122.97350600000027,38.26051969999935],[-122.97394030000032,38.260668499999156],[-122.97433289999935,38.26083499999913],[-122.97453510000014,38.26093620000029],[-122.97461250000015,38.26106699999946],[-122.97467789999973,38.26124549999986],[-122.97466600000007,38.26138229999924],[-122.97463029999926,38.26170950000051],[-122.97463099999914,38.26172000000042],[-122.97464709999986,38.261719599999196],[-122.97472000000016,38.26173999999992],[-122.97473100000025,38.26174499999979],[-122.97474900000088,38.26175599999988],[-122.97475999999915,38.261765999999625],[-122.97476599999936,38.26179100000081],[-122.97475999999915,38.26181100000031],[-122.97479299999941,38.26205800000025],[-122.9748039999995,38.26207299999987],[-122.97480800000085,38.26208899999983],[-122.97480800000085,38.26210600000013],[-122.9748010000003,38.26212200000009],[-122.974784,38.26213699999971],[-122.97475699999995,38.26214599999912],[-122.97472899999957,38.26215100000081],[-122.97470240000075,38.26215100000081],[-122.97497529999964,38.26267910000024],[-122.97527869999976,38.26319660000081],[-122.97558209999988,38.2635893000006],[-122.97600439999951,38.263904499999626],[-122.97623639999983,38.26403539999956],[-122.9764267999999,38.264118700000836],[-122.9765339000005,38.26428520000081],[-122.97655169999962,38.2645708],[-122.9764565000005,38.264933599999495],[-122.97640300000057,38.265278700000636],[-122.97638200000074,38.26542800000061]],[[-122.97881159999997,38.26578750000044],[-122.97897340000054,38.26580180000019],[-122.97904000000017,38.26582079999935],[-122.97906300000068,38.26586099999986],[-122.97907809999924,38.26588740000079],[-122.97907809999924,38.265939799999614],[-122.97906949999924,38.265951499999574],[-122.97902570000042,38.26601119999941],[-122.97891630000049,38.26610640000035],[-122.97878300000048,38.26618249999956],[-122.97856890000003,38.26623010000003],[-122.97837369999979,38.26623479999944],[-122.97823099999914,38.26616819999981],[-122.97821189999922,38.26607300000069],[-122.97830240000076,38.26591120000012],[-122.97858310000083,38.26580180000019],[-122.97881159999997,38.26578750000044]]]},"properties":{"OBJL":86,"CATOBS":"foul area","CONDTN":null,"EXPSOU":null,"HEIGHT":null,"NATCON":null,"NATQUA":null,"OBJNAM":null,"PRODCT":null,"QUASOU":"2","SOUACC":null,"TECSOU":null,"VALSOU":null,"VERACC":null,"VERDAT":null,"VERLEN":null,"WATLEV":3,"NATSUR":null,"INFORM":null,"SCAMIN":null,"SORDAT":"200304","SORIND":"US,US,graph,Chart 18643","DSNM":"US4CA2DI.000","APPROACH.OBSTRN_POLYGON.FID":2654926,"SHAPE.AREA":3.313350987999999e-05,"SHAPE.LEN":0.0671556899992673,"enc_service":"enc_approach","enc_layer":"Obstruction_area","enc_layer_id":161}},{"type":"Feature","id":2654467,"geometry":{"type":"Polygon","coordinates":[[[-122.92498530000012,38.03360160000011],[-122.92501450000054,38.03346290000081],[-122.9248391000001,38.03303500000038],[-122.92419580000023,38.03268810000009],[-122.9234503000007,38.032526200000575],[-122.9227047000004,38.0325030999993],[-122.92165390000082,38.03247980000015],[-122.92038680000041,38.03251319999981],[-122.91995490000045,38.032617000000755],[-122.91961810000066,38.032700300000215],[-122.91930230000071,38.03286680000019],[-122.91915499999959,38.03305],[-122.91920319999917,38.03332159999991],[-122.9192149999999,38.033315999999104],[-122.9192609999991,38.033315999999104],[-122.91979999999967,38.03321599999981],[-122.91999600000054,38.03316099999938],[-122.92030970000087,38.033036200000424],[-122.92045139999937,38.032991899999615],[-122.92046599999958,38.03298899999936],[-122.92072689999986,38.03293219999978],[-122.92097199999989,38.032916000000114],[-122.92158000000018,38.03287099999943],[-122.92207400000007,38.03287099999943],[-122.92228419999992,38.03288070000053],[-122.92245299999922,38.03288900000007],[-122.92268200000035,38.032916000000114],[-122.9228320000002,38.03295199999957],[-122.92330199999924,38.03298899999936],[-122.92396799999915,38.0330699999995],[-122.92411800000082,38.03310699999929],[-122.92418700000053,38.033143000000564],[-122.92447399999946,38.033369999999195],[-122.92455399999926,38.03345199999967],[-122.924669,38.03361500000028],[-122.9246920000005,38.033701599999404],[-122.92468999999983,38.03381400000035],[-122.92498530000012,38.03360160000011]]]},"properties":{"OBJL":86,"CATOBS":" ","CONDTN":null,"EXPSOU":null,"HEIGHT":null,"NATCON":null,"NATQUA":null,"OBJNAM":null,"PRODCT":null,"QUASOU":"2","SOUACC":null,"TECSOU":null,"VALSOU":null,"VERACC":null,"VERDAT":null,"VERLEN":null,"WATLEV":3,"NATSUR":null,"INFORM":null,"SCAMIN":null,"SORDAT":"20000701","SORIND":"US,US,graph,Chart 18645","DSNM":"US4CA11M.000","APPROACH.OBSTRN_POLYGON.FID":2654467,"SHAPE.AREA":2.6887417750000002e-06,"SHAPE.LEN":0.0131343643866137,"enc_service":"enc_approach","enc_layer":"Obstruction_area","enc_layer_id":161}},{"type":"Feature","id":2654930,"geometry":{"type":"Polygon","coordinates":[[[-122.97104240000044,38.24016069999925],[-122.97104050000053,38.24016780000056],[-122.97090489999937,38.2404461999995],[-122.9708300000002,38.24066390000007],[-122.97075860000041,38.24098149999918],[-122.97070859999985,38.24123490000056],[-122.97057180000047,38.241647799999555],[-122.9704230999996,38.24198090000027],[-122.97029219999968,38.24241520000032],[-122.97025059999942,38.24283749999995],[-122.97023869999975,38.243242000000464],[-122.97026840000035,38.24359890000051],[-122.97026840000035,38.243884499999695],[-122.97028219999993,38.24409030000061],[-122.97028119999959,38.24410750000061],[-122.97038799999973,38.24397400000089],[-122.97052599999915,38.24379399999998],[-122.9706440000009,38.24360499999966],[-122.97070499999973,38.24345600000015],[-122.97077999999965,38.243194999999105],[-122.97079499999927,38.2430230000009],[-122.97080099999948,38.24280499999986],[-122.97081699999944,38.2426489999998],[-122.97081400000025,38.2424289999999],[-122.97077700000045,38.24222799999916],[-122.97065400000065,38.24183699999958],[-122.97065400000065,38.24174900000071],[-122.97067000000061,38.241626999999426],[-122.97073199999977,38.241415000000416],[-122.97088099999928,38.24102900000071],[-122.97102500000074,38.24065100000007],[-122.97106200000053,38.240482999999585],[-122.97106499999973,38.240295999999944],[-122.97104240000044,38.24016069999925]]]},"properties":{"OBJL":86,"CATOBS":"foul area","CONDTN":null,"EXPSOU":null,"HEIGHT":null,"NATCON":null,"NATQUA":null,"OBJNAM":null,"PRODCT":null,"QUASOU":"2","SOUACC":null,"TECSOU":null,"VALSOU":null,"VERACC":null,"VERDAT":null,"VERLEN":null,"WATLEV":3,"NATSUR":null,"INFORM":null,"SCAMIN":null,"SORDAT":"200304","SORIND":"US,US,graph,Chart 18643","DSNM":"US4CA2DI.000","APPROACH.OBSTRN_POLYGON.FID":2654930,"SHAPE.AREA":1.12889972e-06,"SHAPE.LEN":0.0082620556051949,"enc_service":"enc_approach","enc_layer":"Obstruction_area","enc_layer_id":161}},{"type":"Feature","id":2654932,"geometry":{"type":"Polygon","coordinates":[[[-122.97172300000057,38.23740499999985],[-122.97181799999998,38.23701000000074],[-122.97197799999958,38.2366149999998],[-122.97200499999963,38.23643099999936],[-122.9721300000001,38.2362690000009],[-122.97225799999978,38.23608400000012],[-122.97236499999963,38.2358949999998],[-122.97242299999925,38.235694000000876],[-122.97245499999917,38.235529999999926],[-122.97248699999909,38.23534099999961],[-122.97256200000083,38.235123000000385],[-122.9726030999991,38.23498880000079],[-122.97262240000055,38.234925900000235],[-122.97259900000063,38.234942999999475],[-122.97240299999976,38.23497700000007],[-122.97228499999983,38.235017799999696],[-122.97227919999932,38.2351536999995],[-122.97225640000033,38.2353364999999],[-122.97219740000037,38.23553829999946],[-122.97205899999972,38.23591999999917],[-122.97189699999944,38.236275999999634],[-122.97181400000045,38.23643500000071],[-122.9716840000001,38.23669599999994],[-122.97161899999992,38.23688299999958],[-122.97162670000034,38.237014099999215],[-122.97162670000034,38.23725209999975],[-122.97165940000014,38.2375346000008],[-122.97166499999912,38.237685399999464],[-122.97172300000057,38.23740499999985]]]},"properties":{"OBJL":86,"CATOBS":"foul area","CONDTN":null,"EXPSOU":null,"HEIGHT":null,"NATCON":null,"NATQUA":null,"OBJNAM":null,"PRODCT":null,"QUASOU":"2","SOUACC":null,"TECSOU":null,"VALSOU":null,"VERACC":null,"VERDAT":null,"VERLEN":null,"WATLEV":3,"NATSUR":null,"INFORM":null,"SCAMIN":null,"SORDAT":"200304","SORIND":"US,US,graph,Chart 18643","DSNM":"US4CA2DI.000","APPROACH.OBSTRN_POLYGON.FID":2654932,"SHAPE.AREA":5.866904050000001e-07,"SHAPE.LEN":0.00611011535455666,"enc_service":"enc_approach","enc_layer":"Obstruction_area","enc_layer_id":161}},{"type":"Feature","id":2654462,"geometry":{"type":"Polygon","coordinates":[[[-122.93013140000039,38.03534760000002],[-122.92982440000014,38.03510479999932],[-122.92918110000028,38.035081699999864],[-122.92869869999959,38.03513949999979],[-122.92853920000016,38.03544340000008],[-122.92880200000036,38.035486000000674],[-122.92939900000056,38.03553099999954],[-122.9296749999994,38.03551300000072],[-122.92983599999934,38.03546800000004],[-122.93013400000018,38.03543200000058],[-122.93017150000014,38.035438499999145],[-122.93013140000039,38.03534760000002]]]},"properties":{"OBJL":86,"CATOBS":" ","CONDTN":null,"EXPSOU":null,"HEIGHT":null,"NATCON":null,"NATQUA":null,"OBJNAM":null,"PRODCT":null,"QUASOU":"2","SOUACC":null,"TECSOU":null,"VALSOU":null,"VERACC":null,"VERDAT":null,"VERLEN":null,"WATLEV":3,"NATSUR":null,"INFORM":null,"SCAMIN":null,"SORDAT":"20000701","SORIND":"US,US,graph,Chart 18645","DSNM":"US4CA11M.000","APPROACH.OBSTRN_POLYGON.FID":2654462,"SHAPE.AREA":5.5412989e-07,"SHAPE.LEN":0.0036104458399179302,"enc_service":"enc_approach","enc_layer":"Obstruction_area","enc_layer_id":161}},{"type":"Feature","id":2654927,"geometry":{"type":"Polygon","coordinates":[[[-122.9825239999991,38.234056999999666],[-122.98244999999952,38.23395399999936],[-122.98238599999968,38.23384299999998],[-122.98236600000018,38.2337950000001],[-122.98231599999963,38.23367099999996],[-122.98228609999933,38.23360689999936],[-122.98224400000072,38.23373899999933],[-122.98224400000072,38.23391400000037],[-122.98227899999983,38.234152000000904],[-122.9824494000004,38.23434009999983],[-122.98261429999911,38.23448669999925],[-122.98265019999963,38.23450380000031],[-122.9826651000003,38.234479900000224],[-122.98269939999955,38.23447800000031],[-122.98274119999951,38.234493300000395],[-122.98276219999934,38.23451229999955],[-122.98279840000032,38.23455990000002],[-122.98280130000057,38.23457579999922],[-122.98283520000041,38.23459189999994],[-122.98312980000082,38.23467209999944],[-122.98334299999988,38.234716999999364],[-122.98357299999952,38.234731000000465],[-122.98379120000027,38.23466650000046],[-122.98373399999946,38.23464400000012],[-122.98346599999968,38.23453800000061],[-122.98333599999933,38.234495999999126],[-122.98298699999941,38.234379999999874],[-122.98288599999978,38.23433800000021],[-122.98276199999964,38.23427099999935],[-122.9826979999998,38.2342320000007],[-122.98264799999924,38.234191999999894],[-122.98254780000025,38.23408279999967],[-122.9825239999991,38.234056999999666]]]},"properties":{"OBJL":86,"CATOBS":" ","CONDTN":null,"EXPSOU":null,"HEIGHT":null,"NATCON":null,"NATQUA":null,"OBJNAM":null,"PRODCT":null,"QUASOU":"2","SOUACC":null,"TECSOU":null,"VALSOU":null,"VERACC":null,"VERDAT":null,"VERLEN":null,"WATLEV":3,"NATSUR":null,"INFORM":null,"SCAMIN":null,"SORDAT":"200304","SORIND":"US,US,graph,Chart 18643","DSNM":"US4CA2DI.000","APPROACH.OBSTRN_POLYGON.FID":2654927,"SHAPE.AREA":3.9328398500000004e-07,"SHAPE.LEN":0.00423647486233377,"enc_service":"enc_approach","enc_layer":"Obstruction_area","enc_layer_id":161}},{"type":"Feature","id":2654463,"geometry":{"type":"Polygon","coordinates":[[[-122.92733899999985,38.03575230000024],[-122.92669580000074,38.03539389999969],[-122.9253946000008,38.034746400000586],[-122.92467829999987,38.03446310000072],[-122.92468000000008,38.034504999999626],[-122.9248979999993,38.03483199999937],[-122.92501300000004,38.0349499999993],[-122.92566799999986,38.03546800000004],[-122.92578169999979,38.03552940000009],[-122.92590899999959,38.035594999999375],[-122.92606270000033,38.035661199999595],[-122.92631099999926,38.03575799999999],[-122.9266090000001,38.035830999999234],[-122.92677700000058,38.0358570999997],[-122.92691899999954,38.035877000000255],[-122.92713700000058,38.035877000000255],[-122.9272060000003,38.03585799999928],[-122.92721800000072,38.03584899999987],[-122.92737780000061,38.0357597000002],[-122.92733899999985,38.03575230000024]]]},"properties":{"OBJL":86,"CATOBS":" ","CONDTN":null,"EXPSOU":null,"HEIGHT":null,"NATCON":null,"NATQUA":null,"OBJNAM":null,"PRODCT":null,"QUASOU":"2","SOUACC":null,"TECSOU":null,"VALSOU":null,"VERACC":null,"VERDAT":null,"VERLEN":null,"WATLEV":3,"NATSUR":null,"INFORM":null,"SCAMIN":null,"SORDAT":"20000701","SORIND":"US,US,graph,Chart 18645","DSNM":"US4CA11M.000","APPROACH.OBSTRN_POLYGON.FID":2654463,"SHAPE.AREA":1.13760959e-06,"SHAPE.LEN":0.006248407132985771,"enc_service":"enc_approach","enc_layer":"Obstruction_area","enc_layer_id":161}},{"type":"Feature","id":2654458,"geometry":{"type":"Polygon","coordinates":[[[-122.92740199999935,38.03133600000001],[-122.9272519999995,38.03122699999949],[-122.92718299999979,38.031198999999106],[-122.92698799999926,38.03107199999977],[-122.9266549999993,38.03092699999979],[-122.92634499999986,38.0308270000005],[-122.92617299999984,38.030745000000024],[-122.92587400000048,38.03065400000014],[-122.92540399999962,38.03053600000021],[-122.9247149999992,38.03038200000083],[-122.92457699999977,38.030328000000736],[-122.9241750000001,38.03023700000085],[-122.9240719999998,38.030227999999624],[-122.92373899999984,38.03013699999974],[-122.92336000000068,38.03008199999931],[-122.922912,38.02997300000061],[-122.92233800000031,38.029882999999245],[-122.92143100000067,38.02981899999941],[-122.92128199999934,38.02983700000004],[-122.9198809999998,38.02990999999929],[-122.91891600000054,38.030000999999174],[-122.9186750000008,38.03002799999922],[-122.91844499999934,38.03008199999931],[-122.91766500000085,38.03020900000047],[-122.91719399999965,38.03025499999967],[-122.91613700000016,38.03040900000087],[-122.91549400000076,38.03047300000071],[-122.91491999999926,38.030509000000166],[-122.91462200000024,38.03047300000071],[-122.91431200000079,38.03040900000087],[-122.91388700000061,38.03027300000031],[-122.91363400000046,38.030227999999624],[-122.9133010000005,38.03013699999974],[-122.91302600000017,38.030109999999695],[-122.91266999999971,38.030000999999174],[-122.91246300000057,38.02996399999938],[-122.91211900000053,38.0298729999995],[-122.91164799999933,38.02967399999943],[-122.91131499999938,38.02958299999955],[-122.91115399999944,38.0295559999995],[-122.91100499999993,38.02958299999955],[-122.91077500000029,38.029710000000705],[-122.91071799999918,38.02978299999995],[-122.91067199999998,38.02990099999988],[-122.91056899999967,38.02999099999943],[-122.91035000000011,38.030118999999104],[-122.91004000000066,38.03020900000047],[-122.90998299999956,38.03024600000026],[-122.90991399999984,38.030391000000236],[-122.90979899999911,38.030517999999574],[-122.90966200000003,38.03059100000064],[-122.90954699999929,38.030618000000686],[-122.90928300000087,38.030618000000686],[-122.9084559999992,38.03048200000012],[-122.90800800000034,38.030455000000075],[-122.90754899999956,38.03048200000012],[-122.90728499999932,38.0305270000008],[-122.90705499999967,38.03054599999996],[-122.90682500000003,38.0305270000008],[-122.90676800000074,38.030509000000166],[-122.90661899999941,38.03041800000028],[-122.90648099999999,38.030290999999124],[-122.90635499999917,38.03009999999995],[-122.90635499999917,38.03006400000049],[-122.90620499999932,38.0298729999995],[-122.90612499999952,38.02980100000059],[-122.90571199999977,38.0295559999995],[-122.9054359999991,38.029491999999664],[-122.90495399999963,38.029436999999234],[-122.90468999999939,38.02946499999962],[-122.90440300000046,38.0295559999995],[-122.90421900000001,38.02963699999964],[-122.90413900000021,38.02964600000087],[-122.90402399999948,38.02961900000082],[-122.90368789999957,38.02949970000009],[-122.90349600000081,38.0295100000003],[-122.90339200000017,38.02957400000014],[-122.90327699999943,38.02961900000082],[-122.90317399999913,38.029592000000775],[-122.90311699999984,38.0295559999995],[-122.9027987999998,38.02944629999911],[-122.90270299999975,38.029427999999825],[-122.90234699999928,38.029491999999664],[-122.9022100000002,38.02957400000014],[-122.90209499999946,38.02969200000007],[-122.90204900000026,38.02978299999995],[-122.90196800000012,38.0298729999995],[-122.90191100000084,38.02992799999993],[-122.90181900000061,38.02997300000061],[-122.9015670000008,38.03001899999981],[-122.9014772999999,38.030049099999815],[-122.90119149999919,38.030099300000074],[-122.90107239999998,38.0301400999997],[-122.90137630000027,38.03034939999998],[-122.90172960000018,38.030503600000884],[-122.90247269999963,38.030754100000195],[-122.90382499999942,38.03128409999954],[-122.90550629999962,38.031611799999155],[-122.9060544999993,38.031611799999155],[-122.90676109999913,38.03154429999995],[-122.90754080000079,38.031370900000184],[-122.9085154000004,38.031399800000145],[-122.91022110000085,38.03171780000048],[-122.91120790000059,38.031862300000284],[-122.91181599999982,38.031752799999595],[-122.91348330000073,38.031313199999204],[-122.91646430000037,38.03085359999932],[-122.92068309999922,38.03089360000013],[-122.92366410000068,38.03121330000067],[-122.92601350000041,38.031712800000605],[-122.9271503,38.03177280000091],[-122.92763410000043,38.031599500000084],[-122.92740199999935,38.03133600000001]]]},"properties":{"OBJL":86,"CATOBS":" ","CONDTN":null,"EXPSOU":null,"HEIGHT":null,"NATCON":null,"NATQUA":null,"OBJNAM":null,"PRODCT":null,"QUASOU":"2","SOUACC":null,"TECSOU":null,"VALSOU":null,"VERACC":null,"VERDAT":null,"VERLEN":null,"WATLEV":3,"NATSUR":null,"INFORM":null,"SCAMIN":null,"SORDAT":"20000701","SORIND":"US,US,graph,Chart 18645","DSNM":"US4CA11M.000","APPROACH.OBSTRN_POLYGON.FID":2654458,"SHAPE.AREA":2.983352422e-05,"SHAPE.LEN":0.0553933745588289,"enc_service":"enc_approach","enc_layer":"Obstruction_area","enc_layer_id":161}},{"type":"Feature","id":2654466,"geometry":{"type":"Polygon","coordinates":[[[-123,38.026175400000284],[-122.99980040000082,38.02652719999969],[-122.99953710000045,38.026956800000335],[-122.99929840000004,38.02727579999919],[-122.9991831999996,38.027510100000654],[-122.99912559999939,38.027646799999275],[-122.99907709999934,38.027789499999926],[-122.99900499999967,38.02801200000067],[-122.99892399999953,38.02832900000067],[-122.99882099999923,38.02858399999968],[-122.99870569999985,38.028869899999336],[-122.99854600000072,38.029309999999896],[-122.99844200000007,38.029483000000255],[-122.99840799999947,38.02957400000014],[-122.99832699999934,38.02969200000007],[-122.99820100000034,38.02995499999997],[-122.99805200000083,38.03014599999915],[-122.99794800000018,38.030281999999715],[-122.99763800000073,38.03087199999936],[-122.99753500000043,38.03100000000086],[-122.99750099999983,38.031090000000404],[-122.9974089999996,38.03122699999949],[-122.99719100000038,38.03166299999975],[-122.99711000000025,38.031989999999496],[-122.99692700000014,38.032343999999284],[-122.99685800000043,38.03252500000053],[-122.9968229999995,38.032680000000255],[-122.99653600000056,38.03326100000049],[-122.99644400000034,38.03338799999983],[-122.99636400000054,38.033542999999554],[-122.99585900000056,38.03412399999979],[-122.99551400000018,38.034632000000784],[-122.99528500000088,38.03512299999966],[-122.99507799999992,38.03572200000053],[-122.99503200000072,38.036057999999684],[-122.99503200000072,38.03634899999997],[-122.9949519999991,38.03660300000047],[-122.99489779999931,38.03672469999947],[-122.99487100000078,38.036785000000236],[-122.99480199999925,38.03688499999953],[-122.99466500000017,38.037029999999504],[-122.99465039999995,38.03705439999976],[-122.99457299999995,38.03718400000071],[-122.99451500000032,38.03723899999932],[-122.9944230000001,38.03739300000052],[-122.9943987000006,38.03742459999921],[-122.99422799999957,38.0376469999992],[-122.99398130000009,38.03807269999925],[-122.99374429999989,38.03858819999914],[-122.99331969999912,38.03958009999951],[-122.9929147999992,38.040571999999884],[-122.99265799999921,38.04125930000009],[-122.99235190000036,38.042024700000184],[-122.99192720000065,38.04281350000019],[-122.99132479999935,38.04383659999985],[-122.99100879999969,38.04443010000068],[-122.99067300000024,38.04535170000054],[-122.99015949999921,38.04644499999995],[-122.98996199999965,38.04698389999976],[-122.98970399999962,38.047591000000466],[-122.98954299999968,38.047898999999234],[-122.98987710000074,38.04776970000057],[-122.99006560000089,38.047607000000426],[-122.99039980000089,38.0471462000005],[-122.99058800000057,38.04681899999923],[-122.99084100000073,38.04636500000015],[-122.99110499999915,38.04579299999932],[-122.99138099999982,38.0452120000009],[-122.99164500000006,38.04464000000007],[-122.99192000000039,38.044058999999834],[-122.99218400000063,38.043486000000485],[-122.99245999999948,38.042905000000246],[-122.99272399999973,38.04233299999942],[-122.9930000000004,38.04175199999918],[-122.99326400000064,38.04118000000017],[-122.99353899999915,38.04059899999993],[-122.9937800000007,38.04008099999919],[-122.99405599999955,38.03950900000018],[-122.9943430000003,38.03892799999994],[-122.99461899999915,38.03835599999911],[-122.99489399999948,38.03777500000069],[-122.99508939999942,38.03736519999984],[-122.99511940000048,38.03730220000034],[-122.99526200000037,38.03700299999946],[-122.99544500000047,38.036620999999286],[-122.99545009999929,38.03660719999971],[-122.99546799999916,38.036557999999786],[-122.99596200000087,38.03552200000013],[-122.9962489999998,38.0349499999993],[-122.99654799999917,38.03436900000088],[-122.99683499999992,38.03379700000005],[-122.99713300000076,38.03321599999981],[-122.99750099999983,38.03247100000044],[-122.99781099999927,38.03189899999961],[-122.99812100000054,38.031317000000854],[-122.99843099999998,38.030745000000024],[-122.99874099999943,38.030163999999786],[-122.99905100000069,38.029592000000775],[-122.99936100000014,38.02901100000054],[-122.99977399999989,38.0282389999993],[-123,38.027810800000225],[-123,38.026175400000284]]]},"properties":{"OBJL":86,"CATOBS":" ","CONDTN":null,"EXPSOU":null,"HEIGHT":null,"NATCON":null,"NATQUA":null,"OBJNAM":null,"PRODCT":null,"QUASOU":"2","SOUACC":null,"TECSOU":null,"VALSOU":null,"VERACC":null,"VERDAT":null,"VERLEN":null,"WATLEV":3,"NATSUR":null,"INFORM":null,"SCAMIN":null,"SORDAT":"201305","SORIND":"US,US,graph,Chart 18645","DSNM":"US4CA11M.000","APPROACH.OBSTRN_POLYGON.FID":2654466,"SHAPE.AREA":1.421554069e-05,"SHAPE.LEN":0.0487079013420298,"enc_service":"enc_approach","enc_layer":"Obstruction_area","enc_layer_id":161}},{"type":"Feature","id":2654938,"geometry":{"type":"Polygon","coordinates":[[[-122.98457000000053,38.235022000000754],[-122.98444059999929,38.23494629999914],[-122.98453329999938,38.23525709999922],[-122.98458030000074,38.23531879999973],[-122.98462730000028,38.23556599999938],[-122.98461169999973,38.235714300000836],[-122.98459600000024,38.23599850000028],[-122.98459360000015,38.2361875000006],[-122.98475019999933,38.23638530000062],[-122.98504800000046,38.23674360000041],[-122.98528310000074,38.23700309999913],[-122.98537700000088,38.2371265999991],[-122.98551810000026,38.237410899999304],[-122.98564339999939,38.23754679999911],[-122.98583139999937,38.23762100000022],[-122.98601950000011,38.237769299999854],[-122.98626540000078,38.23791119999987],[-122.98646910000025,38.23801009999988],[-122.98665710000023,38.23810889999913],[-122.9868764999992,38.23814599999969],[-122.98723690000043,38.2382202000008],[-122.98767559999942,38.2383561000006],[-122.98865839999962,38.23856850000084],[-122.98920870000075,38.23872440000014],[-122.98926949999986,38.23874160000014],[-122.98948879999989,38.23882810000032],[-122.98951139999917,38.2388375999999],[-122.9899275000007,38.23901339999975],[-122.99005209999996,38.23906490000081],[-122.99015209999925,38.239106200000606],[-122.99025660000007,38.239149400000315],[-122.9908206,38.23943359999976],[-122.9916245000004,38.23976849999963],[-122.99223560000064,38.24013919999925],[-122.99273700000049,38.24039869999979],[-122.99302329999955,38.24059529999977],[-122.99322270000084,38.24073230000067],[-122.99390379999932,38.24121989999912],[-122.99405780000052,38.24133020000045],[-122.9945747999991,38.241836900000635],[-122.99459849999948,38.24186069999996],[-122.99482349999926,38.24208650000037],[-122.99491959999978,38.242182899999534],[-122.99498429999949,38.24222179999924],[-122.99548099999993,38.242521000000124],[-122.99579199999971,38.242731000000276],[-122.99598700000024,38.242786000000706],[-122.99640259999978,38.24271140000019],[-122.99649649999992,38.24269450000065],[-122.99652699999933,38.24268900000061],[-122.99693359999947,38.24251609999919],[-122.99698800000078,38.24249299999974],[-122.9969928999999,38.24248930000067],[-122.99704349999956,38.242451000000074],[-122.99722699999984,38.24231200000031],[-122.99740500000007,38.24210900000071],[-122.99750200000017,38.24197599999934],[-122.99757300000056,38.241830000000846],[-122.9976170000009,38.24167599999964],[-122.99765300000035,38.24146599999949],[-122.99772400000074,38.241125000000466],[-122.99771999999939,38.24099000000024],[-122.99771499999952,38.24076199999945],[-122.99765300000035,38.24043300000085],[-122.99755499999992,38.24004199999945],[-122.99738640000032,38.239349100000254],[-122.99726010000086,38.23862299999928],[-122.99723409999933,38.23847360000036],[-122.99719329999971,38.23823919999995],[-122.9971289999994,38.23808800000006],[-122.99699599999985,38.23756399999911],[-122.99695910000082,38.23741349999909],[-122.99693939999997,38.23733340000035],[-122.9968540000009,38.23698499999955],[-122.9967142000005,38.23655440000039],[-122.99670639999931,38.2365305000003],[-122.99667699999918,38.236440000000584],[-122.99658110000018,38.236186899999666],[-122.99654820000069,38.23610019999978],[-122.99647299999924,38.23590200000035],[-122.99619750000056,38.235409799999616],[-122.9961160999992,38.235264499999175],[-122.99604700000054,38.2351409999992],[-122.9960030000002,38.23507099999915],[-122.99598499999956,38.23492400000032],[-122.99601199999961,38.23473600000034],[-122.99609299999975,38.234590000000026],[-122.99611519999962,38.234544599999936],[-122.99618200000077,38.23440800000026],[-122.99640399999953,38.23412199999984],[-122.99654100000043,38.23387299999922],[-122.99661899999955,38.233666000000085],[-122.99663700000019,38.23340599999938],[-122.9966600000007,38.23311300000023],[-122.99662300000091,38.2329320000008],[-122.99662800000078,38.232717999999295],[-122.99659799999972,38.23261300000013],[-122.99657499999921,38.232482999999775],[-122.99657200000001,38.23246599999948],[-122.9965630000006,38.23228399999971],[-122.99648290000005,38.2319494000003],[-122.99647560000085,38.23191919999954],[-122.99646600000051,38.231879000000845],[-122.99645699999928,38.2316979999996],[-122.99634999999944,38.23126500000035],[-122.99633410000024,38.23120220000055],[-122.99629699999969,38.231056000000535],[-122.9962259999993,38.23084600000038],[-122.99617070000022,38.230728599999566],[-122.99602199999936,38.23041299999932],[-122.99565000000075,38.22966599999927],[-122.99533999999949,38.229261000000406],[-122.99504329999945,38.22887719999926],[-122.99489700000049,38.22868799999924],[-122.99489399999948,38.22868539999945],[-122.9946660000005,38.22849200000019],[-122.9942945999992,38.2282353999999],[-122.99422600000071,38.228187999999136],[-122.99416829999973,38.22816369999964],[-122.99396399999932,38.22807769999963],[-122.99395999999979,38.22807599999942],[-122.99393090000012,38.228068399999756],[-122.99363930000072,38.227992000000086],[-122.99320219999936,38.22787740000058],[-122.9931089999991,38.22785300000032],[-122.99275400000079,38.227718000000095],[-122.99235600000065,38.227498000000196],[-122.99188900000081,38.22729699999945],[-122.99114499999996,38.226989999999205],[-122.99033000000054,38.2266469999995],[-122.98982579999938,38.22631560000082],[-122.98962100000062,38.226181],[-122.9890919999998,38.22590700000001],[-122.9886260000003,38.22557299999971],[-122.9884574000007,38.22535500000049],[-122.98823439999978,38.225066799999695],[-122.98822970000037,38.22506070000054],[-122.9882233999997,38.22505249999995],[-122.98820329999944,38.22502659999918],[-122.98819250000088,38.22501209999973],[-122.98815900000045,38.224967500000275],[-122.98815710000054,38.22496499999943],[-122.98813599999994,38.22493679999934],[-122.98811449999994,38.22490800000014],[-122.98806979999972,38.224831300000005],[-122.98798139999963,38.22465120000015],[-122.98798130000068,38.22465109999939],[-122.98797849999937,38.224645399999645],[-122.98796880000009,38.22462799999994],[-122.98794500000076,38.224583999999595],[-122.98794049999924,38.22457729999951],[-122.98758690000068,38.224046799999996],[-122.98758389999966,38.224043000000165],[-122.98689089999971,38.223441599999205],[-122.98685099999966,38.2234069999995],[-122.98667600000044,38.223267999999734],[-122.98648099999991,38.22310800000014],[-122.98624200000086,38.223009999999704],[-122.98604700000033,38.22292600000037],[-122.98575399999936,38.22282500000074],[-122.98570540000037,38.22281269999985],[-122.98543489999975,38.2227440000006],[-122.98524120000002,38.222694899999624],[-122.98518580000018,38.222592899999654],[-122.98500070000046,38.22225210000033],[-122.98484810000082,38.22197120000055],[-122.98477590000039,38.221883700000035],[-122.98476499999924,38.22187049999957],[-122.98454230000061,38.221600700000636],[-122.98446069999954,38.22149340000033],[-122.98428020000028,38.221256099999664],[-122.98427280000033,38.22124269999949],[-122.98418640000091,38.22108590000062],[-122.98417100000006,38.221057999999175],[-122.98416609999913,38.22099940000044],[-122.98413830000027,38.22067020000031],[-122.98418859999947,38.22055100000034],[-122.98423209999964,38.220448100000795],[-122.98429109999961,38.22030839999934],[-122.98439399999916,38.21999700000015],[-122.98447900000065,38.21984599999996],[-122.98448850000023,38.21979300000021],[-122.98451399999976,38.21964999999909],[-122.98451399999976,38.21963440000036],[-122.98451399999976,38.219526299999416],[-122.98451399999976,38.21933600000011],[-122.98447900000065,38.21919600000001],[-122.98442500000056,38.21901400000024],[-122.98441260000072,38.218994400000156],[-122.98433699999987,38.21887500000048],[-122.98416800000086,38.21873500000038],[-122.9838409999993,38.21841999999924],[-122.98374220000005,38.218244399999094],[-122.98367119999966,38.21810440000081],[-122.98366220000025,38.21797139999944],[-122.98365320000084,38.217748400000346],[-122.98363319999953,38.217360099999496],[-122.98362699999961,38.21723999999995],[-122.98362699999961,38.21702399999958],[-122.98358919999919,38.216843099999096],[-122.98356980000062,38.2167501999993],[-122.98349400000006,38.21654900000067],[-122.98344999999972,38.216458000000785],[-122.98315700000057,38.216081000000486],[-122.98282370000015,38.21570350000002],[-122.98274999999921,38.215620000000854],[-122.98258820000046,38.21535980000044],[-122.98252800000046,38.21526300000005],[-122.98252499999944,38.21525069999916],[-122.98249299999952,38.215116999999736],[-122.98248400000011,38.21505400000024],[-122.98248400000011,38.21496300000035],[-122.98248559999956,38.214957300000606],[-122.98250200000075,38.21490000000085],[-122.98261699999966,38.21479499999987],[-122.98272990000078,38.21471709999969],[-122.98275900000044,38.21469699999943],[-122.98298699999941,38.214546999999584],[-122.98314000000028,38.21441799999957],[-122.98322419999931,38.21435919999931],[-122.98327900000004,38.21432099999947],[-122.98340300000018,38.21414000000004],[-122.98350899999969,38.21381099999962],[-122.98353599999973,38.213503999999375],[-122.98349199999939,38.21326600000066],[-122.98341199999959,38.21309900000051],[-122.9830992999996,38.21278979999988],[-122.98273890000019,38.21272940000017],[-122.9825423000002,38.21269500000017],[-122.98193639999954,38.21268710000004],[-122.98188710000068,38.212686400000166],[-122.98127550000027,38.21259160000045],[-122.98114589999932,38.21257780000087],[-122.98070759999973,38.21253129999968],[-122.98028169999998,38.2124019999992],[-122.97985300000073,38.21216629999981],[-122.97937249999995,38.21170960000018],[-122.97917589999997,38.211502800000744],[-122.97917589999997,38.211123600000064],[-122.97913030000018,38.211045699999886],[-122.97911039999963,38.21101169999929],[-122.97909360000085,38.21100359999946],[-122.97877180000069,38.210848000000624],[-122.97835680000026,38.21058079999966],[-122.97824890000084,38.21053109999957],[-122.97822579999956,38.21052050000071],[-122.97819680000066,38.21048340000016],[-122.97805110000081,38.21029649999946],[-122.97776720000002,38.210150000000795],[-122.97763610000038,38.20999479999955],[-122.97739580000052,38.209891500000595],[-122.97714459999952,38.20974500000011],[-122.97710249999909,38.20965099999921],[-122.97707909999917,38.20959860000039],[-122.97719470000084,38.20938290000049],[-122.97719920000054,38.209374500000195],[-122.97748730000058,38.2090404999999],[-122.97771660000035,38.208807799999704],[-122.97790229999919,38.208678599999985],[-122.97810969999955,38.208540800000264],[-122.97831729999962,38.20845449999979],[-122.97833200000059,38.20843269999932],[-122.97840460000043,38.20832530000007],[-122.97828929999923,38.20820839999942],[-122.97825170000033,38.208170199999586],[-122.97782580000057,38.20817879999959],[-122.97709410000061,38.20812710000064],[-122.97664629999963,38.20815290000064],[-122.97642789999918,38.208032299999104],[-122.97630779999963,38.20786000000044],[-122.97613300000012,38.20767899999919],[-122.9760953999994,38.20766250000088],[-122.9759365000009,38.207592799999475],[-122.97571550000066,38.20764919999965],[-122.97556520000035,38.20768759999919],[-122.97522659999959,38.20767039999919],[-122.97513930000059,38.207532500000525],[-122.97509560000071,38.207403200000044],[-122.97520479999912,38.20712749999984],[-122.97523759999967,38.20687759999964],[-122.97517379999954,38.20672200000081],[-122.97516820000055,38.20670849999988],[-122.9751641999992,38.20669869999983],[-122.9750112999991,38.20653499999935],[-122.97485840000081,38.20651779999935],[-122.97457530000065,38.20658089999961],[-122.97435609999957,38.20662980000088],[-122.9739955999994,38.20669869999983],[-122.9738099999995,38.206715899999836],[-122.97366800000054,38.20668149999983],[-122.97353699999985,38.2065091000004],[-122.97328580000067,38.20614720000049],[-122.9731111000001,38.20585419999952],[-122.97292539999944,38.20552680000037],[-122.97281619999922,38.205173500000456],[-122.97269600000072,38.20482869999978],[-122.97260579999966,38.20410230000016],[-122.97230010000021,38.20349899999928],[-122.9719055000005,38.203131099999155],[-122.97181950000049,38.20305089999965],[-122.97119700000076,38.20250800000031],[-122.97060050000073,38.20225159999973],[-122.97051819999979,38.2022307999996],[-122.97042839999995,38.20220809999955],[-122.97005440000066,38.2021136000003],[-122.97003509999922,38.20211039999958],[-122.96955920000073,38.202031000000716],[-122.96948650000013,38.20201889999953],[-122.96945059999962,38.20200119999936],[-122.9692243999998,38.20188950000011],[-122.96896580000066,38.201731400000426],[-122.96844899999996,38.20141560000047],[-122.96805590000076,38.20114839999951],[-122.96779380000044,38.20087269999931],[-122.9675213999999,38.20037059999959],[-122.96722650000083,38.19982759999948],[-122.96707360000073,38.199534699999276],[-122.96699719999924,38.199276100000134],[-122.9669644000005,38.198905499999455],[-122.96690879999915,38.19845669999995],[-122.96696349999911,38.19795680000061],[-122.96710990000065,38.19722010000078],[-122.96713819999968,38.19707770000059],[-122.96722100000079,38.196076000000176],[-122.96723480000037,38.19590919999973],[-122.9672542999997,38.19567389999975],[-122.96729799999957,38.19449309999982],[-122.96734370000013,38.19362270000056],[-122.96727810000084,38.19262290000006],[-122.96725630000037,38.19161449999956],[-122.96715210000002,38.19074089999958],[-122.96699919999992,38.18987039999956],[-122.96699919999992,38.189430899999934],[-122.96702019999975,38.18928439999945],[-122.96706110000014,38.188997900000686],[-122.96707559999959,38.18889649999983],[-122.96705629999997,38.188739299999725],[-122.96701559999929,38.18840760000057],[-122.96698760000072,38.18819649999932],[-122.9669173000002,38.187666399999216],[-122.96678620000057,38.186925100000735],[-122.96676630000002,38.1866284000007],[-122.96676599999955,38.18662799999947],[-122.96676520000074,38.18659909999951],[-122.96676389999993,38.18655319999925],[-122.96676339999976,38.18653509999967],[-122.96675499999947,38.18623800000023],[-122.96676929999921,38.18597509999927],[-122.9667700000009,38.18596199999956],[-122.96677029999955,38.185961600000155],[-122.96682499999952,38.18511860000035],[-122.96683590000066,38.18498929999987],[-122.96684679999998,38.18485999999939],[-122.96674200000052,38.18399689999933],[-122.96673100000044,38.18401000000085],[-122.96670199999971,38.184032999999545],[-122.96667700000035,38.1840370000009],[-122.96665799999937,38.184032999999545],[-122.966633,38.18402199999946],[-122.96661400000085,38.1840030000003],[-122.96661400000085,38.18395600000076],[-122.96662300000025,38.18390999999974],[-122.9666529999995,38.183875999999145],[-122.96667700000035,38.183844999999565],[-122.96669199999997,38.18381799999952],[-122.96670599999925,38.18378699999994],[-122.96671600000082,38.18375200000082],[-122.96672100000069,38.1837059999998],[-122.96672100000069,38.18366799999967],[-122.96671600000082,38.18363700000009],[-122.96669699999984,38.18362100000013],[-122.96667700000035,38.18361399999958],[-122.9666529999995,38.18360600000051],[-122.96661400000085,38.183601999999155],[-122.96656500000063,38.18360600000051],[-122.96651100000054,38.183624999999665],[-122.96635500000048,38.18370999999934],[-122.9662902,38.18374380000023],[-122.96622299999945,38.18377900000087],[-122.96611499999926,38.18383299999914],[-122.96601799999917,38.18387900000016],[-122.96590099999958,38.18394099999932],[-122.96580800000083,38.1840030000003],[-122.96574900000087,38.184048999999504],[-122.96567099999993,38.18414099999973],[-122.96560019999924,38.184268499999234],[-122.96553400000084,38.18438799999967],[-122.9654559999999,38.18450699999994],[-122.96540199999981,38.18459199999961],[-122.96535399999993,38.18467299999975],[-122.96532400000069,38.184746000000814],[-122.96528000000035,38.18491999999969],[-122.9652559999995,38.185215999999855],[-122.96524599999975,38.18534700000055],[-122.96522200000072,38.18541600000026],[-122.96519699999953,38.18550099999993],[-122.96516800000063,38.18556700000045],[-122.9651329999997,38.18580900000052],[-122.96511800000007,38.185951999999816],[-122.96511800000007,38.186094000000594],[-122.96516599999995,38.18653930000073],[-122.96517700000004,38.186641000000236],[-122.96518769999966,38.186738099999275],[-122.9652700000006,38.187488999999914],[-122.96525900000051,38.18759999999929],[-122.96525680000013,38.18763389999913],[-122.96522499999992,38.18812799999978],[-122.9651470000008,38.18866700000035],[-122.96511800000007,38.18916800000079],[-122.96510300000045,38.18964899999992],[-122.96508800000083,38.19015399999989],[-122.9651130000002,38.190724000000046],[-122.96513699999923,38.19082800000069],[-122.96517099999983,38.19093199999952],[-122.96522000000004,38.19101299999966],[-122.96531800000048,38.191108999999415],[-122.9653928000007,38.19111669999984],[-122.96547230000033,38.19107029999941],[-122.96553200000017,38.19099500000084],[-122.96554300000025,38.190975999999864],[-122.9655870000006,38.19093799999973],[-122.96560999999929,38.19092599999931],[-122.96563199999946,38.19092400000045],[-122.96565100000043,38.19092400000045],[-122.96567200000027,38.19093099999918],[-122.96570400000019,38.19096399999944],[-122.96581399999923,38.191053000000466],[-122.96586000000025,38.1910599999992],[-122.96588999999949,38.19107099999928],[-122.96590699999979,38.191085000000385],[-122.96590699999979,38.19110999999975],[-122.96590499999911,38.19112099999984],[-122.96588599999995,38.191140000000814],[-122.96581700000024,38.191209399999934],[-122.96573610000087,38.19126909999977],[-122.96572299999934,38.19130199999927],[-122.96577699999943,38.19136299999991],[-122.96585500000037,38.19139399999949],[-122.96590400000059,38.19140200000038],[-122.96594299999924,38.191420999999536],[-122.96597199999997,38.19145199999912],[-122.96599199999946,38.19149800000014],[-122.96601100000044,38.19152100000065],[-122.96602600000006,38.191532999999254],[-122.96603099999993,38.191548000000694],[-122.96603099999993,38.1915599999993],[-122.96602100000018,38.19156800000019],[-122.96599699999933,38.19156800000019],[-122.96596700000009,38.19156400000065],[-122.96594799999912,38.19155200000023],[-122.96593799999937,38.19154100000014],[-122.96591900000021,38.19152500000018],[-122.96589900000072,38.19152100000065],[-122.9658789999994,38.19152100000065],[-122.96585500000037,38.19152500000018],[-122.96584000000075,38.19154399999934],[-122.96583099999953,38.19156800000019],[-122.96583099999953,38.19159799999943],[-122.96586000000025,38.191640999999436],[-122.96587499999987,38.191663999999946],[-122.96588399999928,38.19170200000008],[-122.96587499999987,38.19172900000012],[-122.96584500000063,38.19176800000059],[-122.96581100000003,38.19179500000064],[-122.96574700000019,38.19185599999946],[-122.96571799999947,38.19190600000002],[-122.96568400000069,38.192017999999734],[-122.9656589999995,38.192071999999825],[-122.96564000000035,38.19212599999992],[-122.96561499999916,38.1921569999995],[-122.96559100000013,38.19219100000009],[-122.96549799999957,38.192275999999765],[-122.9654100000007,38.19234200000028],[-122.96537100000023,38.192369000000326],[-122.96534280000014,38.1923855999994],[-122.96533199999976,38.19239200000084],[-122.96529299999929,38.19244599999911],[-122.96527400000014,38.192479999999705],[-122.96526900000026,38.19254600000022],[-122.96526900000026,38.19263400000091],[-122.96535199999926,38.193176999999196],[-122.96544399999948,38.19376299999931],[-122.96547900000041,38.19412799999918],[-122.96548799999982,38.194516999999905],[-122.96547400000054,38.194720999999845],[-122.96548400000029,38.194774999999936],[-122.96549799999957,38.19484499999999],[-122.96552300000076,38.195041000000856],[-122.96556199999941,38.195261000000755],[-122.96558600000026,38.1955880000005],[-122.96558600000026,38.19578000000001],[-122.96560920000047,38.1960197999997],[-122.96561099999963,38.196038000000044],[-122.9656159999995,38.19612699999925],[-122.96564000000035,38.19621899999947],[-122.96573299999909,38.19639300000017],[-122.96589400000084,38.196624000000156],[-122.96594799999912,38.19668599999932],[-122.96598699999959,38.1967280000008],[-122.9660070000009,38.196750999999495],[-122.9660772999996,38.19676289999916],[-122.96624300000076,38.19679299999916],[-122.96626300000025,38.19679899999937],[-122.96628100000089,38.19680899999912],[-122.96629399999983,38.1968250000009],[-122.96650899999986,38.19696599999952],[-122.96651999999995,38.19698199999948],[-122.96652600000016,38.197001000000455],[-122.96652600000016,38.19702200000029],[-122.96651100000054,38.19706699999915],[-122.9664670000002,38.19720799999959],[-122.96646200000032,38.19722399999955],[-122.96643600000061,38.19726199999968],[-122.96641400000044,38.19728199999918],[-122.9663870000004,38.19729499999994],[-122.96635600000081,38.19730399999935],[-122.9663359999995,38.197306000000026],[-122.96618130000024,38.19733599999927],[-122.96613160000015,38.19736460000058],[-122.96610650000002,38.19739379999919],[-122.96613400000024,38.19753700000001],[-122.96616299999914,38.197699000000284],[-122.9662270000008,38.198067999999694],[-122.96639300000061,38.198576000000685],[-122.96656400000029,38.19919999999911],[-122.96670099999938,38.19969300000048],[-122.96672600000056,38.19976200000019],[-122.96673499999997,38.19980100000066],[-122.96673999999985,38.19983200000024],[-122.96673999999985,38.19985500000075],[-122.96673100000044,38.19987399999991],[-122.96673100000044,38.19995899999958],[-122.96674499999972,38.19998999999916],[-122.96677900000032,38.20007000000078],[-122.96687200000088,38.200425000000905],[-122.96701399999984,38.2009450000005],[-122.96706300000005,38.20108000000073],[-122.96718499999952,38.20130699999936],[-122.9673359999997,38.201600000000326],[-122.96739200000047,38.201710999999705],[-122.96742199999971,38.201764999999796],[-122.96746600000006,38.201811000000816],[-122.96752329999981,38.20187000000078],[-122.96752899999956,38.201875999999174],[-122.967627,38.20199599999978],[-122.96771500000068,38.20212299999912],[-122.96781700000065,38.20226100000036],[-122.96793400000024,38.20239600000059],[-122.96800799999983,38.20249999999942],[-122.96811999999954,38.20261600000049],[-122.9682959999991,38.202800999999454],[-122.9683012000005,38.20280610000009],[-122.96843210000043,38.202936199999385],[-122.96846200000073,38.20296600000074],[-122.96856900000057,38.20303199999944],[-122.96862560000045,38.20306100000016],[-122.96864300000016,38.20306999999957],[-122.96867700000075,38.203073999999106],[-122.96873100000084,38.20307800000046],[-122.96876499999962,38.20307800000046],[-122.96883800000069,38.20306999999957],[-122.96886199999972,38.203066000000035],[-122.96890600000006,38.20304700000088],[-122.96894500000053,38.203027999999904],[-122.96899900000062,38.20297799999935],[-122.96903799999927,38.20291999999972],[-122.96905800000059,38.20291200000065],[-122.96907699999974,38.202901000000566],[-122.96913099999983,38.2029050000001],[-122.9691700000003,38.20291200000065],[-122.96920900000077,38.20293499999934],[-122.96923900000002,38.20296600000074],[-122.96925799999917,38.202988999999434],[-122.96930699999939,38.203027999999904],[-122.96934599999986,38.20305499999995],[-122.96938500000033,38.203066000000035],[-122.96943900000042,38.20307800000046],[-122.9694729999992,38.203090000000884],[-122.96950199999992,38.20310900000004],[-122.96952199999942,38.20313200000055],[-122.96954100000039,38.20316699999967],[-122.96957099999963,38.20322800000031],[-122.96960500000023,38.20327100000031],[-122.96965900000032,38.20329700000002],[-122.96969800000079,38.2033279999996],[-122.9697269999997,38.20335899999918],[-122.96973699999944,38.20337499999914],[-122.96975600000042,38.20340899999974],[-122.96978599999966,38.20349399999941],[-122.96979610000017,38.203527899999244],[-122.9698100000005,38.203574999999546],[-122.96985599999971,38.2036590000007],[-122.97001199999977,38.20386700000017],[-122.97014130000025,38.204032100000404],[-122.97025659999963,38.204179500000464],[-122.97027100000014,38.20419799999945],[-122.97035569999935,38.2043319000004],[-122.97045609999986,38.20449050000025],[-122.97048100000029,38.20453000000089],[-122.97054899999966,38.204648999999336],[-122.97055340000043,38.20466110000052],[-122.97057400000085,38.20471800000087],[-122.97062299999925,38.20488800000021],[-122.97063700000035,38.204945999999836],[-122.97066199999972,38.20502300000044],[-122.97071099999994,38.20513799999935],[-122.97086200000012,38.20545800000036],[-122.97095500000069,38.205700000000434],[-122.97104799999943,38.20588900000075],[-122.97110199999952,38.206003999999666],[-122.97112600000037,38.20606600000065],[-122.97118000000046,38.2062279999991],[-122.97124900000017,38.20637800000077],[-122.97133199999917,38.20656299999973],[-122.97138500000074,38.206678000000466],[-122.9714440000007,38.20677500000056],[-122.97151699999995,38.206867000000784],[-122.97163399999954,38.20699799999966],[-122.9717610000007,38.20712099999946],[-122.97209400000065,38.207376000000295],[-122.9724839999999,38.20766100000037],[-122.97269699999924,38.20783300000039],[-122.97289699999965,38.20802200000071],[-122.97308800000064,38.20818700000018],[-122.97327299999961,38.20832999999948],[-122.97340000000077,38.208410999999614],[-122.9735180000007,38.208495999999286],[-122.97357600000032,38.20853399999942],[-122.97364500000003,38.20856500000082],[-122.97381099999984,38.208614999999554],[-122.97434799999974,38.20875700000033],[-122.97446499999933,38.20879199999945],[-122.97471899999982,38.208865000000515],[-122.97482200000013,38.20890800000052],[-122.97497300000032,38.2089730000007],[-122.97516240000004,38.20888709999963],[-122.97535600000083,38.20879299999979],[-122.97536899999977,38.20877599999949],[-122.97539099999995,38.20876099999987],[-122.97542000000067,38.20876099999987],[-122.97544299999936,38.208763000000545],[-122.97546499999953,38.20876800000042],[-122.97551000000021,38.208802999999534],[-122.9755925999998,38.208859599999414],[-122.97575900000083,38.20889899999929],[-122.97579399999995,38.20889399999942],[-122.97581899999932,38.20889399999942],[-122.97584199999983,38.20889899999929],[-122.9758669999992,38.20890700000018],[-122.97588299999916,38.20891400000073],[-122.9762410000003,38.20895700000074],[-122.97625999999946,38.20895200000086],[-122.97628900000018,38.208950000000186],[-122.9763239999993,38.208950000000186],[-122.97635000000082,38.20895200000086],[-122.97638499999994,38.20896499999981],[-122.97643000000062,38.208989999999176],[-122.97645200000079,38.209006999999474],[-122.97645799999918,38.20902299999943],[-122.97645799999918,38.2090649999991],[-122.97645200000079,38.20908100000088],[-122.97643600000083,38.209092999999484],[-122.9763980000007,38.20910100000037],[-122.97608500000024,38.20918100000017],[-122.97601700000087,38.209413000000495],[-122.97600199999943,38.20944600000075],[-122.97598199999993,38.2094730000008],[-122.97597300000052,38.20948099999987],[-122.97592199999963,38.20948900000076],[-122.97589599999992,38.20948900000076],[-122.97587700000076,38.20948099999987],[-122.97585099999924,38.20946600000025],[-122.9758008000008,38.209453499999654],[-122.97568370000045,38.20943599999919],[-122.97558019999997,38.209486699999616],[-122.97553329999937,38.209531599999536],[-122.97547599999962,38.209616000000096],[-122.97549599999911,38.20966600000065],[-122.97557199999937,38.20979299999999],[-122.9756639999996,38.20998200000031],[-122.97568900000078,38.21005100000002],[-122.97570300000007,38.21013200000016],[-122.97571799999969,38.210189999999784],[-122.97574700000041,38.210252000000764],[-122.97581600000012,38.21036699999968],[-122.97591300000022,38.2104589999999],[-122.97617200000059,38.21062499999971],[-122.97625499999958,38.2106789999998],[-122.97629899999993,38.21072099999947],[-122.97635799999989,38.21081000000049],[-122.97646499999973,38.2110100000009],[-122.9765580000003,38.21116400000028],[-122.9766610000006,38.21130699999958],[-122.9767780000002,38.21141499999976],[-122.97729599999911,38.211803000000145],[-122.97741999999926,38.211896000000706],[-122.97754200000054,38.211968999999954],[-122.97759100000076,38.211992000000464],[-122.97770900000069,38.21203400000013],[-122.9778210000004,38.21208099999967],[-122.97788899999978,38.2121189999998],[-122.97798200000034,38.21218100000078],[-122.97805499999959,38.21223800000007],[-122.97809400000006,38.21228499999961],[-122.97816299999977,38.21238900000026],[-122.97821599999952,38.21247299999959],[-122.97826999999961,38.21255000000019],[-122.97834800000055,38.21262000000024],[-122.97878300000048,38.21288900000036],[-122.97891499999969,38.21296199999961],[-122.97907599999962,38.21310500000072],[-122.97917400000006,38.213181999999506],[-122.9792909000007,38.213145600000644],[-122.97938299999987,38.21308830000089],[-122.97952500000065,38.21302300000025],[-122.97958499999913,38.213002000000415],[-122.97960500000045,38.213002000000415],[-122.97963399999935,38.213003000000754],[-122.97965599999952,38.21300899999915],[-122.9798009999995,38.213017000000036],[-122.97983899999963,38.213017000000036],[-122.97990299999947,38.21303099999932],[-122.97993200000019,38.21304699999928],[-122.97995000000083,38.2130589999997],[-122.9799609999991,38.2130789999992],[-122.98017199999958,38.213165999999546],[-122.98019700000077,38.21317699999963],[-122.98023900000044,38.21319600000061],[-122.98027000000002,38.2132189999993],[-122.9802810000001,38.21323499999926],[-122.98045900000034,38.21329399999922],[-122.98051699999996,38.213324000000284],[-122.9805350000006,38.21334500000012],[-122.98054799999954,38.21337499999936],[-122.98054799999954,38.213410000000295],[-122.98054600000069,38.21342799999911],[-122.9805479000006,38.21345830000064],[-122.98053719999916,38.21350320000056],[-122.98050719999992,38.21353040000031],[-122.9804765000008,38.21354529999917],[-122.98045939999975,38.213548899999296],[-122.98044010000012,38.21355030000086],[-122.98041729999932,38.21354819999942],[-122.98040299999957,38.21354389999942],[-122.9803936999997,38.21353889999955],[-122.9803866000002,38.21352819999993],[-122.98038090000045,38.21351390000018],[-122.98037490000024,38.21349050000026],[-122.98033199999918,38.21350999999959],[-122.98032299999977,38.21352200000001],[-122.98030800000015,38.21353799999997],[-122.98028999999951,38.21354699999938],[-122.98027000000002,38.21355399999993],[-122.98020440000073,38.213608199999726],[-122.98018670000056,38.21366019999914],[-122.98018509999929,38.21371299999919],[-122.98019729999942,38.213765200000125],[-122.98028200000044,38.213825000000725],[-122.98034600000028,38.2138900000009],[-122.98037699999986,38.21392899999955],[-122.98040199999923,38.21397500000057],[-122.98040199999923,38.2140330000002],[-122.98038699999961,38.214074999999866],[-122.98031400000036,38.214248000000225],[-122.9802839999993,38.2143329999999],[-122.9802409999993,38.21442600000046],[-122.98021599999993,38.21457200000077],[-122.98021100000005,38.214726000000155],[-122.98021599999993,38.214780000000246],[-122.98026000000027,38.214937999999165],[-122.98032799999964,38.21502999999939],[-122.9804069999991,38.215157000000545],[-122.9804210000002,38.21519199999966],[-122.98042600000008,38.21522999999979],[-122.98042600000008,38.21527699999933],[-122.9804210000002,38.21534199999951],[-122.9804210000002,38.215383999999176],[-122.98043099999995,38.21544999999969],[-122.98047000000042,38.21553499999936],[-122.9805039999992,38.215587999999116],[-122.98053400000026,38.215604000000894],[-122.98063600000023,38.21564600000056],[-122.9806609999996,38.21566499999972],[-122.98068500000045,38.21570000000065],[-122.98069000000032,38.2157389999993],[-122.98069000000032,38.21578100000079],[-122.98070499999994,38.215815999999904],[-122.98072900000079,38.215845999999146],[-122.98081199999979,38.21593100000064],[-122.98097299999972,38.216034999999465],[-122.98103199999969,38.216081000000486],[-122.98107600000003,38.21611900000062],[-122.98109599999952,38.21617300000071],[-122.98109599999952,38.216231000000334],[-122.98108599999978,38.216316000000006],[-122.98114200000055,38.216291400000046],[-122.98118760000034,38.216274300000805],[-122.98124280000047,38.216247599999406],[-122.98127329999988,38.216234299999996],[-122.98131900000044,38.216182899999694],[-122.98134369999934,38.216142900000705],[-122.98135899999943,38.21610490000057],[-122.98137990000032,38.216082000000824],[-122.98141229999965,38.21607439999934],[-122.98144460000003,38.216078199999174],[-122.98147319999953,38.21609349999926],[-122.9815036,38.21610680000049],[-122.98152649999975,38.216129599999476],[-122.98155690000021,38.21615820000079],[-122.98160070000085,38.21618859999944],[-122.98165209999934,38.21620769999936],[-122.98169400000006,38.21620769999936],[-122.98175649999939,38.21621380000033],[-122.9817779999994,38.21622000000025],[-122.9818335,38.21623600000021],[-122.98188409999966,38.2162716999992],[-122.98189900000034,38.21631929999967],[-122.98190489999979,38.2163787999998],[-122.98188409999966,38.21645610000087],[-122.98185440000088,38.21654529999978],[-122.9818424999994,38.21657509999932],[-122.9818350000005,38.2165815999997],[-122.9818722,38.21662339999966],[-122.98200200000065,38.21676900000057],[-122.98202400000082,38.21679199999926],[-122.98203599999943,38.21681700000045],[-122.9820380000001,38.21685500000058],[-122.9820380000001,38.21687600000041],[-122.98203300000023,38.21689999999944],[-122.98202400000082,38.216919000000416],[-122.98201399999925,38.21693199999936],[-122.9819950000001,38.21694799999932],[-122.98197599999912,38.21695700000055],[-122.98192000000017,38.216958999999406],[-122.98189400000047,38.216951000000336],[-122.981581,38.216811000000234],[-122.98156000000017,38.21679600000061],[-122.98155000000042,38.21677500000078],[-122.98154799999975,38.21673499999997],[-122.98154799999975,38.21672600000056],[-122.98154160000013,38.21664210000017],[-122.98146799999995,38.21663699999954],[-122.98144639999919,38.216630000000805],[-122.98136300000078,38.21660300000076],[-122.98130499999934,38.21659299999919],[-122.98130309999942,38.216593200000716],[-122.98120200000085,38.21660300000076],[-122.98118699999941,38.21662400000059],[-122.9811750000008,38.21664199999941],[-122.9811750000008,38.216700999999375],[-122.981178,38.21672600000056],[-122.98110199999974,38.216803999999684],[-122.98110500000075,38.21693899999991],[-122.98112500000025,38.21705099999963],[-122.98115900000084,38.217131999999765],[-122.98119299999962,38.21718200000032],[-122.98122300000068,38.21720099999948],[-122.98128100000031,38.217209000000366],[-122.98131099999955,38.217209000000366],[-122.98134500000015,38.21720099999948],[-122.98136899999918,38.217185999999856],[-122.98137400000087,38.217162999999346],[-122.98140799999965,38.217131999999765],[-122.9814179999994,38.217131999999765],[-122.98144200000024,38.21712800000023],[-122.98147699999936,38.21712800000023],[-122.98150600000008,38.21714299999985],[-122.9815350000008,38.217155000000275],[-122.9815890000009,38.21722399999999],[-122.98159400000077,38.21725499999957],[-122.98160900000039,38.21729400000004],[-122.98160900000039,38.21732399999928],[-122.98159900000064,38.217382000000725],[-122.98157899999933,38.21740499999942],[-122.98154500000055,38.21741699999984],[-122.98150100000021,38.217420999999376],[-122.98146699999961,38.217420999999376],[-122.98142299999927,38.21740900000077],[-122.98137900000074,38.21740099999988],[-122.9813350000004,38.21740099999988],[-122.98128600000018,38.217398000000685],[-122.98122800000056,38.21740099999988],[-122.98116900000059,38.217420999999376],[-122.98114669999995,38.2174500000001],[-122.98113999999987,38.21745899999951],[-122.98107100000016,38.21759799999927],[-122.98104199999943,38.217713],[-122.98102699999981,38.21784800000023],[-122.98099299999922,38.21795200000088],[-122.98096400000031,38.218001999999615],[-122.9809150000001,38.21809100000064],[-122.98088599999937,38.21813699999984],[-122.98087099999975,38.21817899999951],[-122.98087099999975,38.21821799999998],[-122.98087599999963,38.21827099999973],[-122.98093399999925,38.21836799999983],[-122.98102199999994,38.21855300000061],[-122.98106100000041,38.21863300000041],[-122.98108599999978,38.218730000000505],[-122.98109099999965,38.21879500000068],[-122.98108599999978,38.21886799999993],[-122.98107100000016,38.21891499999947],[-122.98102699999981,38.218972000000576],[-122.98099800000091,38.21899900000062],[-122.9809779999996,38.21903399999974],[-122.98097400000006,38.219044999999824],[-122.98096900000019,38.219168999999965],[-122.98095400000057,38.21945400000004],[-122.98095400000057,38.21960389999913],[-122.98095400000057,38.21963499999947],[-122.98096400000031,38.21967699999914],[-122.9809779999996,38.21970800000054],[-122.98101300000053,38.21976899999936],[-122.98105199999918,38.219789000000674],[-122.98109599999952,38.21980000000076],[-122.98112500000025,38.21980000000076],[-122.98119299999962,38.219804000000295],[-122.98123200000009,38.219818999999916],[-122.98124199999984,38.21985400000085],[-122.98122700000022,38.21987300000001],[-122.9811979999995,38.21988500000043],[-122.98116400000072,38.21989600000052],[-122.98113999999987,38.21990000000005],[-122.9811320000008,38.21990200000073],[-122.98114999999962,38.21997100000044],[-122.98113899999953,38.220040000000154],[-122.98114600000008,38.220069000000876],[-122.98116800000025,38.22011600000042],[-122.98121999999967,38.220171000000846],[-122.98123400000077,38.220187999999325],[-122.9812380000003,38.22020200000043],[-122.98123099999975,38.22036130000015],[-122.98123099999975,38.22047070000008],[-122.98123569999916,38.22063250000065],[-122.98128329999963,38.22096090000014],[-122.98131660000035,38.22124640000038],[-122.98132609999993,38.221403499999724],[-122.98138319999998,38.22162709999975],[-122.98144999999931,38.22184449999986],[-122.98151700000017,38.22194499999932],[-122.98155299999962,38.222029000000475],[-122.98155699999916,38.222091999999975],[-122.98155699999916,38.22216800000024],[-122.98153900000034,38.22239300000001],[-122.9815550000003,38.222522000000026],[-122.98161000000073,38.222718000000896],[-122.98171299999922,38.22288599999956],[-122.9817609999991,38.22294399999919],[-122.98183000000063,38.222984],[-122.98188900000059,38.22305899999992],[-122.98202599999968,38.223243000000366],[-122.98205899999994,38.22331800000029],[-122.98208999999952,38.22343499999988],[-122.982258,38.223604000000705],[-122.98238499999934,38.22371600000042],[-122.98253699999987,38.22381200000018],[-122.9826690000009,38.22389699999985],[-122.98280499999964,38.22396200000003],[-122.98298600000089,38.224057999999786],[-122.98307530000056,38.224103399999876],[-122.9830920000004,38.22411199999988],[-122.98313100000087,38.22413100000085],[-122.98317999999927,38.22414199999912],[-122.98323800000071,38.22415000000001],[-122.98331540000072,38.224098000000595],[-122.98333620000085,38.22404339999957],[-122.98335210000005,38.22398729999986],[-122.98336799999925,38.22389800000019],[-122.98336799999925,38.22388099999989],[-122.98335899999984,38.22366599999987],[-122.98334299999988,38.223642999999356],[-122.98333699999966,38.223620999999184],[-122.98333699999966,38.223597000000154],[-122.98335899999984,38.22357700000066],[-122.98338999999942,38.22355500000049],[-122.98358999999982,38.2234810000009],[-122.983612,38.22346099999959],[-122.98364399999991,38.223438999999416],[-122.98372200000085,38.22342899999967],[-122.98375809999925,38.223432599999796],[-122.98377199999959,38.22343399999954],[-122.98377599999912,38.223432599999796],[-122.98391599999923,38.223384000000806],[-122.98395700000037,38.223362000000634],[-122.98400000000038,38.22335200000089],[-122.98407199999929,38.22336499999983],[-122.98409700000047,38.22337399999924],[-122.98410700000022,38.223387],[-122.9841520000009,38.22349740000027],[-122.98421899999994,38.223588999999265],[-122.9842320000007,38.22360900000058],[-122.9842320000007,38.223636000000624],[-122.98422199999914,38.22366099999999],[-122.98421000000053,38.223675999999614],[-122.98419400000057,38.22368599999936],[-122.98415999999997,38.22369599999911],[-122.98413199999959,38.22369599999911],[-122.98409399999946,38.22369299999991],[-122.98405300000013,38.22368800000004],[-122.98386000000028,38.22374200000013],[-122.98385520000011,38.22382119999929],[-122.98389700000007,38.22394399999939],[-122.98395999999957,38.22412500000064],[-122.9840779999995,38.22419599999921],[-122.9841039999992,38.22419099999934],[-122.9841290000004,38.22419099999934],[-122.98416600000019,38.224199000000226],[-122.98430100000041,38.224152000000686],[-122.98433230000046,38.22409289999996],[-122.98435099999915,38.224012999999104],[-122.98435099999915,38.22398600000088],[-122.98436699999911,38.22394399999939],[-122.9844009999997,38.223916999999346],[-122.98444200000085,38.223894999999175],[-122.98448599999938,38.22388499999943],[-122.98455699999977,38.22389699999985],[-122.98458299999947,38.2239069999996],[-122.98474200000055,38.22393000000011],[-122.98493299999973,38.223894999999175],[-122.98497300000054,38.22389300000032],[-122.98499900000024,38.22389300000032],[-122.98507699999936,38.22391299999981],[-122.98512099999971,38.22393700000066],[-122.98530199999914,38.224089999999705],[-122.9853179999991,38.22411199999988],[-122.98541800000021,38.22425800000019],[-122.9854209999994,38.22427699999935],[-122.98547099999996,38.22441799999979],[-122.98547399999916,38.22443799999928],[-122.98547399999916,38.224458000000595],[-122.98546200000055,38.22448000000077],[-122.9854460000006,38.22449899999992],[-122.9854090000008,38.22450899999967],[-122.98536500000046,38.224513999999544],[-122.98532999999952,38.224513999999544],[-122.98525899999913,38.22454459999972],[-122.9852009999995,38.2245896000004],[-122.9851720000006,38.224656599999435],[-122.98515310000039,38.22473990000071],[-122.98516700000073,38.22477000000072],[-122.98521599999913,38.22486199999912],[-122.98525999999947,38.22491199999968],[-122.98531899999944,38.22494299999926],[-122.98541599999953,38.2249699999993],[-122.98547999999937,38.22498199999973],[-122.98551899999984,38.22499699999935],[-122.98555300000044,38.22501999999986],[-122.98556800000006,38.22505900000033],[-122.9855779999998,38.22511300000042],[-122.98558699999921,38.225290000000314],[-122.98561700000027,38.22538999999961],[-122.98564599999918,38.22544799999923],[-122.98568999999952,38.225539999999455],[-122.98575800000071,38.22569400000066],[-122.98588000000018,38.22587500000009],[-122.98598300000049,38.226001999999426],[-122.98605400000088,38.22607900000003],[-122.98616100000072,38.2261639999997],[-122.98624899999959,38.2262410000003],[-122.98633700000028,38.22629500000039],[-122.98643000000084,38.22632499999963],[-122.98654200000055,38.226355999999214],[-122.98660999999993,38.22636799999964],[-122.98667899999964,38.22637500000019],[-122.98670800000036,38.226387000000614],[-122.98673699999927,38.226402000000235],[-122.98681319999923,38.22638039999947],[-122.98689919999924,38.22631940000065],[-122.9869961000004,38.226281900000686],[-122.9871060000005,38.226269999999204],[-122.98713560000033,38.22621480000089],[-122.98716520000016,38.226131699999314],[-122.98716400000012,38.22604700000011],[-122.9871320000002,38.22600799999964],[-122.98709699999927,38.225979000000734],[-122.98707900000045,38.225954999999885],[-122.98706499999935,38.22593000000052],[-122.98706499999935,38.225900999999794],[-122.98707900000045,38.225883999999496],[-122.98710100000062,38.22585199999958],[-122.98716400000012,38.22582700000021],[-122.98727599999984,38.225798999999824],[-122.98735300000044,38.22578500000054],[-122.98739299999943,38.22578099999919],[-122.98740729999918,38.2257797000002],[-122.98743769999965,38.22577699999965],[-122.98743800000011,38.22577699999965],[-122.98744760000045,38.2257752000005],[-122.9874920000002,38.225766999999905],[-122.98751900000025,38.22574600000007],[-122.98754100000042,38.22573899999952],[-122.98760000000038,38.22573899999952],[-122.98762700000043,38.22574200000054],[-122.98768500000006,38.225806000000375],[-122.98770800000057,38.22585500000059],[-122.9877120000001,38.22589100000005],[-122.9877120000001,38.225896300000386],[-122.9877120000001,38.22591199999988],[-122.98770800000057,38.225940000000264],[-122.98768999999993,38.225962000000436],[-122.98768910000035,38.225962399999844],[-122.98766299999988,38.22597400000086],[-122.98763599999984,38.225985999999466],[-122.98762549999992,38.22599169999921],[-122.98758199999975,38.22601500000019],[-122.98754100000042,38.22604300000057],[-122.98750499999915,38.22607500000049],[-122.9874779999991,38.22609299999931],[-122.98744699999952,38.22610999999961],[-122.98741999999947,38.226120999999694],[-122.98740080000061,38.22618289999991],[-122.98739279999972,38.226245500000005],[-122.9873889999999,38.22631899999942],[-122.98749599999974,38.22639700000036],[-122.98753700000088,38.2264469999991],[-122.98808420000023,38.226885399999446],[-122.98824009999953,38.22704139999951],[-122.9883291999995,38.227208399999654],[-122.98836259999916,38.22744229999989],[-122.9883848999998,38.22768739999992],[-122.98852970000007,38.22814400000061],[-122.98857420000058,38.228344499999366],[-122.98866330000055,38.22847820000061],[-122.98875240000052,38.228511600000274],[-122.98891949999961,38.22848929999964],[-122.98907540000073,38.22845589999997],[-122.98926480000046,38.228411300000516],[-122.98944300000039,38.22846700000082],[-122.98952099999951,38.22858950000045],[-122.98952099999951,38.22872319999988],[-122.98937619999924,38.228968199999144],[-122.98926480000046,38.22916869999972],[-122.98915339999985,38.22940259999996],[-122.98903000000064,38.22969000000012],[-122.98922999999922,38.22996299999977],[-122.98939600000085,38.230193999999756],[-122.98950999999943,38.230320999999094],[-122.98974500000077,38.230571000000054],[-122.98992999999973,38.2307209999999],[-122.99025299999994,38.23096799999985],[-122.99047299999984,38.23115999999936],[-122.99061400000028,38.231267999999545],[-122.9906630000005,38.23130300000048],[-122.99069699999927,38.23134100000061],[-122.99079999999958,38.23143800000071],[-122.99087300000065,38.231503000000885],[-122.99096099999952,38.23161099999925],[-122.99108800000067,38.23179600000003],[-122.99112199999945,38.23183000000063],[-122.99121500000001,38.231918999999834],[-122.99155500000052,38.232153999999355],[-122.99162509999951,38.23212690000037],[-122.99166100000002,38.23211300000003],[-122.99169799999981,38.23209700000007],[-122.99171360000037,38.23207399999956],[-122.99173499999961,38.23203260000082],[-122.99180920000072,38.23196830000052],[-122.99189060000026,38.23195549999946],[-122.9919790999993,38.231961199999205],[-122.99205760000041,38.23197690000052],[-122.99215899999945,38.23205120000057],[-122.99224180000056,38.232114000000365],[-122.99235319999934,38.2321981999994],[-122.99243600000045,38.232230999999956],[-122.99263299999984,38.2322366999997],[-122.99268719999964,38.2322366999997],[-122.99278579999918,38.23224819999996],[-122.99287430000004,38.232315299999755],[-122.99297259999912,38.232429600000614],[-122.99310270000024,38.232630900000004],[-122.99314790000062,38.232793900000615],[-122.99315550000028,38.23290350000025],[-122.99314249999952,38.232940699999745],[-122.99307000000044,38.23299600000064],[-122.99295200000051,38.23311500000091],[-122.99293600000055,38.23321600000054],[-122.99293600000055,38.23330899999928],[-122.99290900000051,38.23334699999941],[-122.9928400000008,38.23339300000043],[-122.99280200000067,38.23341900000014],[-122.99277000000075,38.233431000000564],[-122.99269500000082,38.23343600000044],[-122.99262500000077,38.23341900000014],[-122.99246999999923,38.23333400000047],[-122.99231399999917,38.23328799999945],[-122.99215399999957,38.233202999999776],[-122.99211099999957,38.23318199999994],[-122.99202999999943,38.23311500000091],[-122.99199299999964,38.23310599999968],[-122.99196099999972,38.23310599999968],[-122.9919000000009,38.23309800000061],[-122.99189099999967,38.23316200000045],[-122.99184699999932,38.233304999999746],[-122.99183300000004,38.2335120000007],[-122.99181800000042,38.233743000000686],[-122.99182800000017,38.233925000000454],[-122.99194499999976,38.23396099999991],[-122.99211699999978,38.23396099999991],[-122.99225289999958,38.233949100000245],[-122.99227699999938,38.233947000000626],[-122.99237999999968,38.23393399999986],[-122.99251700000059,38.23396099999991],[-122.99259700000039,38.23402399999941],[-122.99269400000048,38.23417300000074],[-122.9927800000005,38.234307999999146],[-122.99281399999927,38.23433499999919],[-122.9928830000008,38.234371000000465],[-122.99300299999959,38.23447900000065],[-122.9931460000007,38.23456900000019],[-122.9933689999998,38.234722999999576],[-122.9935690000002,38.234879999999976],[-122.99365500000022,38.23493400000007],[-122.9937289999998,38.23497900000075],[-122.99375200000031,38.23501100000067],[-122.99375800000053,38.23507400000017],[-122.9937460000001,38.23513699999967],[-122.99373510000078,38.23518110000077],[-122.99368200000026,38.23539600000004],[-122.99368399999912,38.2353949999997],[-122.99372299999959,38.2353949999997],[-122.9937430000009,38.235404999999446],[-122.99380299999939,38.235366999999314],[-122.99381499999981,38.23537199999919],[-122.99386600000071,38.23537600000054],[-122.99392900000021,38.23539399999936],[-122.99399799999992,38.23540300000059],[-122.9940430000006,38.23540300000059],[-122.9941060000001,38.235389999999825],[-122.99415799999952,38.23537199999919],[-122.99417299999914,38.2353652999991],[-122.99422100000083,38.23534400000062],[-122.99427199999991,38.235334999999395],[-122.99434099999962,38.23536299999978],[-122.99437500000022,38.235398999999234],[-122.99446100000023,38.23547999999937],[-122.9945919999991,38.2356149999996],[-122.99461499999961,38.23571400000037],[-122.9946089999994,38.23583099999996],[-122.9946089999994,38.23588999999993],[-122.99458799999957,38.23595999999998],[-122.9945430000007,38.23600500000066],[-122.99450799999977,38.23604599999999],[-122.99447399999917,38.23607699999957],[-122.99442199999976,38.23610000000008],[-122.99436500000047,38.23611300000084],[-122.99429699999928,38.23611300000084],[-122.99424390000058,38.23610539999936],[-122.99414199999956,38.23609100000067],[-122.99400500000047,38.23603700000058],[-122.99375599999985,38.235891000000265],[-122.9937430000009,38.23588799999925],[-122.99371299999984,38.23588799999925],[-122.99368900000081,38.235891000000265],[-122.99367899999925,38.23591099999976],[-122.99367899999925,38.235930000000735],[-122.99369900000056,38.235961000000316],[-122.99372799999946,38.23600699999952],[-122.99374800000078,38.2360379999991],[-122.99376200000006,38.23606800000016],[-122.99376200000006,38.23610700000063],[-122.99375700000019,38.23612200000025],[-122.9937430000009,38.23612999999932],[-122.99371299999984,38.23613800000021],[-122.99366000000009,38.23613800000021],[-122.993606,38.23612999999932],[-122.99355199999991,38.236118999999235],[-122.99352299999919,38.236118999999235],[-122.99349400000028,38.23612200000025],[-122.99343500000032,38.236134000000675],[-122.99336199999925,38.23616899999979],[-122.99329799999941,38.23621500000081],[-122.99326400000064,38.23624899999959],[-122.99323999999979,38.236315000000104],[-122.99323499999991,38.23640700000033],[-122.99322100000063,38.23651500000051],[-122.99323600000025,38.23658400000022],[-122.993289,38.23671099999956],[-122.99337630000082,38.23674740000024],[-122.99348180000015,38.236750899999606],[-122.99358700000084,38.23670800000036],[-122.99360499999966,38.23669300000074],[-122.9936319999997,38.23668499999985],[-122.9936689999995,38.23668899999939],[-122.99370900000031,38.23670200000015],[-122.9937260000006,38.23672400000032],[-122.99385500000062,38.23693500000081],[-122.99387799999931,38.23695299999963],[-122.9939030000005,38.236981000000014],[-122.99390999999923,38.23699999999917],[-122.99390999999923,38.237020000000484],[-122.99390800000037,38.23703299999943],[-122.99386849999973,38.23711309999999],[-122.99374200000057,38.237160500000755],[-122.99368569999933,38.237208000000464],[-122.99367499999971,38.237253999999666],[-122.99383099999977,38.23737699999947],[-122.99393400000008,38.237442999999985],[-122.99400509999941,38.23747639999965],[-122.9940473000006,38.23746480000045],[-122.99409659999947,38.23742940000011],[-122.99413900000036,38.23738400000002],[-122.99414099999922,38.23736800000006],[-122.99415600000066,38.23735300000044],[-122.99419300000045,38.23732700000073],[-122.99422100000083,38.237316999999166],[-122.99425999999949,38.23731899999984],[-122.99431000000004,38.23733100000027],[-122.99449400000049,38.23737799999981],[-122.9945289999996,38.23736800000006],[-122.99456800000007,38.23736599999938],[-122.99462800000038,38.23737799999981],[-122.99467000000004,38.237396000000444],[-122.99471799999992,38.2374290000007],[-122.99472699999933,38.2374490000002],[-122.99472699999933,38.23748800000067],[-122.99472500000047,38.23750699999982],[-122.99472249999963,38.23751000000084],[-122.99468349999916,38.23758110000017],[-122.99458129999948,38.23766749999959],[-122.99445200000082,38.23775100000057],[-122.99443699999938,38.23778099999981],[-122.99442199999976,38.23780500000066],[-122.99438299999929,38.23783899999944],[-122.99433900000076,38.23787799999991],[-122.99432499999966,38.237919999999576],[-122.99431000000004,38.23796199999924],[-122.99430500000017,38.238078000000314],[-122.99432499999966,38.23819299999923],[-122.99441300000035,38.23852099999931],[-122.99451600000066,38.23874699999942],[-122.99454589999914,38.23880300000019],[-122.99462060000042,38.23879390000002],[-122.99470970000039,38.23876249999921],[-122.99482229999921,38.23870220000026],[-122.99494600000071,38.23867600000085],[-122.99496800000088,38.23866199999975],[-122.99500799999987,38.23866199999975],[-122.99503600000025,38.238665999999284],[-122.9950630000003,38.23867600000085],[-122.99508799999967,38.238696000000346],[-122.99509399999988,38.23872200000005],[-122.9950970000009,38.23874699999942],[-122.9950970000009,38.23878499999955],[-122.99508199999946,38.23881500000061],[-122.9950659999995,38.238828999999896],[-122.99500830000034,38.23890659999961],[-122.99485900000036,38.23897729999953],[-122.99477780000052,38.23903489999975],[-122.99475600000005,38.23909400000048],[-122.99482399999943,38.239136000000144],[-122.99489100000028,38.23916199999985],[-122.9949400000005,38.239174000000276],[-122.99499499999911,38.2391860000007],[-122.99502399999983,38.2391860000007],[-122.99509799999942,38.239174000000276],[-122.99512200000026,38.239166999999725],[-122.99515099999917,38.239159000000654],[-122.99523899999986,38.23917099999926],[-122.99525399999948,38.23917799999981],[-122.99529799999982,38.2391860000007],[-122.99533700000029,38.23919399999977],[-122.9954400000006,38.23919399999977],[-122.99554689999968,38.239148900000146],[-122.99557749999985,38.23907750000035],[-122.99561800000083,38.238955500000884],[-122.9956934999991,38.238834800000404],[-122.99579149999954,38.23874430000069],[-122.99585939999997,38.23874430000069],[-122.9959574000004,38.2388121999993],[-122.99600269999974,38.2389177999994],[-122.99599510000007,38.23912139999993],[-122.9959273000004,38.23934770000051],[-122.99585180000031,38.2395663999996],[-122.99572359999911,38.2397775999998],[-122.99573120000059,38.2399132999999],[-122.99576890000026,38.24011690000043],[-122.99577639999916,38.24033570000029],[-122.99568589999944,38.24041109999962],[-122.99554259999968,38.24041860000034],[-122.9954144000003,38.24033570000029],[-122.99538419999953,38.24012450000009],[-122.99544070000047,38.24003520000042],[-122.99548820000018,38.23983290000069],[-122.99550610000006,38.23972590000085],[-122.99551199999951,38.23968419999983],[-122.99545500000022,38.23953699999947],[-122.99545030000081,38.23952850000023],[-122.9954400000006,38.23950999999943],[-122.99537760000021,38.23945549999917],[-122.99530539999978,38.23939950000022],[-122.99523399999998,38.2393749999992],[-122.99517100000048,38.23938199999975],[-122.99512200000026,38.239394000000175],[-122.99507799999992,38.23941299999933],[-122.99503399999958,38.23944400000073],[-122.99498999999923,38.23948999999993],[-122.99497100000008,38.239535999999134],[-122.99494100000084,38.23967900000025],[-122.99494600000071,38.239910000000236],[-122.99496100000033,38.23997500000041],[-122.99514199999976,38.24042200000076],[-122.99520499999926,38.240546999999424],[-122.99524399999973,38.2406119999996],[-122.9952489999996,38.240647000000536],[-122.9952489999996,38.24066599999969],[-122.99523899999986,38.2406890000002],[-122.99521500000083,38.2407089999997],[-122.9951946000001,38.24072519999936],[-122.99519099999998,38.24072800000067],[-122.99515600000086,38.24073200000021],[-122.9950800000006,38.24073200000021],[-122.99507300000005,38.24073200000021],[-122.99504399999933,38.24072800000067],[-122.99501880000025,38.24072800000067],[-122.99497100000008,38.24072800000067],[-122.99494199999936,38.24073200000021],[-122.99489299999914,38.24076299999979],[-122.99486799999977,38.24077000000034],[-122.99483399999917,38.24077799999941],[-122.99474100000043,38.24077799999941],[-122.99469200000021,38.24077000000034],[-122.99463900000046,38.24073200000021],[-122.9946089999994,38.24071200000071],[-122.99457500000062,38.24067400000058],[-122.99454100000003,38.24060500000087],[-122.99453100000028,38.24058200000036],[-122.99450199999956,38.240546999999424],[-122.99444299999959,38.24052800000027],[-122.99440399999912,38.24050499999976],[-122.99437000000034,38.24047400000018],[-122.99430700000084,38.240365999999995],[-122.99423799999931,38.240192999999636],[-122.99420400000054,38.24015800000052],[-122.99415500000032,38.24012000000039],[-122.99389100000008,38.239895999999135],[-122.99370479999925,38.23970460000055],[-122.9936030000008,38.23960000000079],[-122.9935119999991,38.239503999999215],[-122.99341900000036,38.23941999999988],[-122.99334099999942,38.23935800000072],[-122.99325300000055,38.23930400000063],[-122.99317999999948,38.23927399999957],[-122.99309700000049,38.23924299999999],[-122.99300399999993,38.23922300000049],[-122.99285799999961,38.23921999999948],[-122.99280399999952,38.23922700000003],[-122.9927260000004,38.239261999999144],[-122.99261800000022,38.239299999999275],[-122.99242799999956,38.23934299999928],[-122.99235500000032,38.23935100000017],[-122.9923060000001,38.23935100000017],[-122.9922719999995,38.239347000000635],[-122.99217900000076,38.2393119999997],[-122.99188230000073,38.239153599999554],[-122.99180940000042,38.23914130000048],[-122.99171729999944,38.23916660000032],[-122.99160909999955,38.239164299999175],[-122.99156799999946,38.2391260000004],[-122.9915560999998,38.23906530000022],[-122.99159529999997,38.23901239999941],[-122.99167099999977,38.2389349999994],[-122.99168099999952,38.238907999999356],[-122.99170500000037,38.238876999999775],[-122.99171500000011,38.23883500000011],[-122.99170000000049,38.2387920000001],[-122.99166100000002,38.23875399999997],[-122.99158800000077,38.23872300000039],[-122.99150000000009,38.23870800000077],[-122.99137300000075,38.23868500000026],[-122.99130899999909,38.23866099999941],[-122.99123599999984,38.238595999999234],[-122.99116800000047,38.23848399999952],[-122.99115300000085,38.238429999999425],[-122.99113399999987,38.238407000000734],[-122.9911090000005,38.23840000000018],[-122.99108999999953,38.23839600000065],[-122.99106000000029,38.238391999999294],[-122.99103599999944,38.238391999999294],[-122.99100700000054,38.23840000000018],[-122.99098699999922,38.238414999999804],[-122.9909719999996,38.23843400000078],[-122.99095800000032,38.23845699999947],[-122.9909430000007,38.238477000000785],[-122.99092399999972,38.23848800000087],[-122.99085500000001,38.23848800000087],[-122.99077700000089,38.23847299999943],[-122.99056200000086,38.23838799999976],[-122.99046400000043,38.23833000000013],[-122.99051370000052,38.23850649999986],[-122.99061989999973,38.23863920000076],[-122.99069389999931,38.23873570000069],[-122.99073769999995,38.238862000000154],[-122.9906676999999,38.23895520000042],[-122.9905118000006,38.238959300000715],[-122.99037949999911,38.23890790000041],[-122.99029130000054,38.23876229999951],[-122.99025579999943,38.2385663999994],[-122.99021670000002,38.23835230000077],[-122.9901332999998,38.23821359999965],[-122.98997690000033,38.23818419999952],[-122.98979099999997,38.23818129999927],[-122.98949949999951,38.23814490000041],[-122.98937149999983,38.238191200000074],[-122.9892701000008,38.238257999999405],[-122.98921650000011,38.23831869999958],[-122.98916660000032,38.238336500000514],[-122.9891430000007,38.238332799999625],[-122.9890617000001,38.238289499999155],[-122.98896029999923,38.23824659999991],[-122.9888847000002,38.2382032000005],[-122.98885999999948,38.23818899999969],[-122.98882699999922,38.238171999999395],[-122.98880500000087,38.23813599999994],[-122.98880199999985,38.23806499999955],[-122.98880199999985,38.23794099999941],[-122.98875600000065,38.23794799999996],[-122.98866300000009,38.23796299999958],[-122.98859500000071,38.23797100000047],[-122.98847700000078,38.23797100000047],[-122.98831099999916,38.23797399999967],[-122.98811100000057,38.237959000000046],[-122.9880362999993,38.23799139999937],[-122.98796949999996,38.23806180000065],[-122.98790000000008,38.238123999999516],[-122.98764599999959,38.238132000000405],[-122.98762200000056,38.23813399999926],[-122.9875919999995,38.23813399999926],[-122.98755899999924,38.238123999999516],[-122.98752799999966,38.23809500000061],[-122.9875119999997,38.23806300000069],[-122.98750199999995,38.238022999999885],[-122.98750199999995,38.23800499999925],[-122.98751799999991,38.23798899999929],[-122.98753199999919,38.23798600000009],[-122.98754499999995,38.237976000000344],[-122.98754899999949,38.23797000000013],[-122.98754200000076,38.23795500000051],[-122.9875379999994,38.2379490000003],[-122.98751799999991,38.237944000000425],[-122.98750499999915,38.23794099999941],[-122.98748100000012,38.23793300000034],[-122.98744400000032,38.237873000000036],[-122.98742800000036,38.23783100000037],[-122.98738699999922,38.23773000000074],[-122.98731699999917,38.23761100000047],[-122.98722599999928,38.23746799999935],[-122.98706200000015,38.23722699999962],[-122.98701799999981,38.23718000000008],[-122.98695100000077,38.23711899999944],[-122.98679900000025,38.237003000000186],[-122.9867549999999,38.23696299999938],[-122.9865809999992,38.23679400000037],[-122.98639899999944,38.23663999999917],[-122.9862749999993,38.23655599999984],[-122.98619099999996,38.23650799999996],[-122.9861409999994,38.236492],[-122.98599699999977,38.23646600000029],[-122.9858690000001,38.23644500000046],[-122.9857749999992,38.23642099999961],[-122.98562400000083,38.236370000000534],[-122.98554399999921,38.2363179999993],[-122.98542000000089,38.23620699999992],[-122.98537299999953,38.236150999999154],[-122.98533599999973,38.236118999999235],[-122.98529600000074,38.23610899999949],[-122.9852350000001,38.23610100000042],[-122.9852179999998,38.236095000000205],[-122.98519800000031,38.23607400000037],[-122.98518800000056,38.23604999999952],[-122.98518499999955,38.23602899999969],[-122.98518800000056,38.236016000000745],[-122.98518800000056,38.23600299999998],[-122.98520199999984,38.23598999999922],[-122.98522199999934,38.23597899999913],[-122.9852379999993,38.23596800000087],[-122.9852549999996,38.235955000000104],[-122.98525899999913,38.23593699999947],[-122.98525899999913,38.23591800000031],[-122.98524899999938,38.235812000000806],[-122.98521830000027,38.23579939999945],[-122.9851593000003,38.23579400000017],[-122.98512200000005,38.235790000000634],[-122.98508100000072,38.235790000000634],[-122.98505699999987,38.235774999999194],[-122.98503999999957,38.235749999999825],[-122.98503399999936,38.23572899999999],[-122.98503399999936,38.2357090000005],[-122.98503999999957,38.235687000000325],[-122.98505099999966,38.2356749999999],[-122.98506000000089,38.235665000000154],[-122.98508100000072,38.235655000000406],[-122.98511809999945,38.235636699999304],[-122.98513989999992,38.23561130000053],[-122.98513850000018,38.23556330000065],[-122.98508980000042,38.23549190000085],[-122.98508980000042,38.235415099999955],[-122.98507299999983,38.235366000000795],[-122.98496870000054,38.23528970000007],[-122.9848961000007,38.2352819000007],[-122.98482189999959,38.23526479999964],[-122.98476090000077,38.23523059999934],[-122.98469809999915,38.235175300000265],[-122.98465810000016,38.23510680000072],[-122.98463099999935,38.235061100000166],[-122.98457000000053,38.235022000000754]],[[-122.9716040000003,38.204077000000325],[-122.97168699999929,38.204077000000325],[-122.9717270000001,38.204091999999946],[-122.97176899999977,38.20412100000067],[-122.97179900000083,38.204139999999825],[-122.97189699999944,38.20427899999959],[-122.97190799999953,38.20429300000069],[-122.9719129999994,38.204311999999845],[-122.9719129999994,38.20432900000014],[-122.97191000000021,38.20434999999998],[-122.97190199999932,38.2043649999996],[-122.97189199999957,38.20437300000049],[-122.97168699999929,38.20452599999953],[-122.97166800000014,38.20454099999915],[-122.97165499999937,38.20454500000051],[-122.97163100000034,38.20455299999958],[-122.97160199999962,38.20455799999945],[-122.9715699999997,38.20455799999945],[-122.97154899999987,38.20454099999915],[-122.9715269999997,38.20451800000046],[-122.97139400000015,38.20432900000014],[-122.97138099999938,38.20430800000031],[-122.97137300000031,38.204288999999335],[-122.97137300000031,38.20426600000064],[-122.9713840000004,38.20424300000013],[-122.97140000000036,38.204225999999835],[-122.97156499999983,38.20410199999969],[-122.97158099999979,38.20408800000041],[-122.97159400000055,38.20408099999986],[-122.9716040000003,38.204077000000325]],[[-122.98095549999925,38.21474169999965],[-122.9809877000007,38.21478810000008],[-122.98101619999943,38.2149129999998],[-122.98101979999956,38.215059300000576],[-122.98099120000006,38.2151771000008],[-122.98090559999946,38.2151771000008],[-122.98086990000047,38.21514500000012],[-122.98084489999928,38.215016500000274],[-122.98086630000034,38.214848800000254],[-122.98090910000064,38.2147559999994],[-122.98095549999925,38.21474169999965]],[[-122.98152400000072,38.2184070000003],[-122.98158499999954,38.21841800000038],[-122.98164320000069,38.21845519999988],[-122.98178179999923,38.21859070000028],[-122.98180890000003,38.21864529999948],[-122.98180289999982,38.21872609999991],[-122.9817667999996,38.21876180000072],[-122.98170949999985,38.21876650000013],[-122.9813549999999,38.2186729999994],[-122.9813209999993,38.21866500000033],[-122.98129499999959,38.21865699999944],[-122.98127799999929,38.21864900000037],[-122.98126100000081,38.218635999999606],[-122.98125099999925,38.218613999999434],[-122.98125099999925,38.2185640000007],[-122.98126100000081,38.21855300000061],[-122.98127799999929,38.218543000000864],[-122.98148000000037,38.21841499999937],[-122.9815039999994,38.2184070000003],[-122.98152400000072,38.2184070000003]],[[-122.98131900000044,38.21957499999917],[-122.98134240000036,38.21940370000084],[-122.98135779999939,38.21937860000071],[-122.98137710000083,38.2193728000002],[-122.98141020000003,38.21937050000088],[-122.98190500000055,38.21940899999936],[-122.98194499999954,38.2194070000005],[-122.98199600000044,38.21942999999919],[-122.98201999999947,38.219451999999364],[-122.98204299999998,38.219483999999284],[-122.98204699999951,38.21949999999924],[-122.98204699999951,38.21952400000009],[-122.98204299999998,38.219553000000815],[-122.98203599999943,38.219585000000734],[-122.98202300000048,38.219608999999764],[-122.98200299999917,38.21961899999951],[-122.98197599999912,38.2196299999996],[-122.98173300000053,38.21963800000049],[-122.98141399999986,38.21966500000053],[-122.98137700000007,38.21966500000053],[-122.9813520000007,38.219655000000785],[-122.98132500000065,38.21963599999981],[-122.98131900000044,38.21957499999917]],[[-122.98218599999927,38.22129499999937],[-122.98229899999933,38.22131400000035],[-122.9823379999998,38.221331000000646],[-122.9823579999993,38.221347000000605],[-122.98239300000023,38.22138900000027],[-122.98242000000027,38.2214299999996],[-122.98242700000083,38.221457999999984],[-122.98242700000083,38.221504999999524],[-122.98245499999939,38.221777999999176],[-122.98245700000007,38.22179700000015],[-122.98245700000007,38.221810999999434],[-122.98245300000053,38.22183899999982],[-122.98244200000045,38.22185800000079],[-122.98242700000083,38.22188599999936],[-122.98241299999972,38.22190000000046],[-122.98239599999943,38.22191000000021],[-122.98207399999956,38.221998999999414],[-122.98201599999993,38.221998999999414],[-122.98198299999967,38.22198700000081],[-122.98197000000073,38.221959000000425],[-122.9819609999995,38.22193300000072],[-122.98184899999978,38.221621999999115],[-122.98184899999978,38.221589999999196],[-122.98185700000067,38.221558999999615],[-122.98187099999996,38.22154199999932],[-122.98188800000025,38.221528000000035],[-122.98204699999951,38.22136200000023],[-122.98208700000032,38.221331000000646],[-122.98214000000007,38.221299999999246],[-122.98218599999927,38.22129499999937]],[[-122.98609299999953,38.22507199999927],[-122.98586199999954,38.22486000000026],[-122.9858179999992,38.22482300000047],[-122.98580500000025,38.224802999999156],[-122.98572799999965,38.224669999999605],[-122.9857119999997,38.22464799999943],[-122.98570599999948,38.22462500000074],[-122.98570599999948,38.22460099999989],[-122.98575300000084,38.22440099999949],[-122.9857749999992,38.224380999999994],[-122.9858060000006,38.22435899999982],[-122.98588399999971,38.224349000000075],[-122.98593400000027,38.22435399999995],[-122.98599400000057,38.22437600000012],[-122.9860090000002,38.22439800000029],[-122.98601299999973,38.22441799999979],[-122.98601299999973,38.22443799999928],[-122.98600000000079,38.22445999999945],[-122.98598400000083,38.22448000000077],[-122.98596600000019,38.224637999999686],[-122.98602700000083,38.22476599999936],[-122.98616279999987,38.22486290000052],[-122.98626230000082,38.22494919999917],[-122.98629459999938,38.22496649999994],[-122.98632589999943,38.22498319999977],[-122.98639379999986,38.224927999999636],[-122.98648719999983,38.22488560000056],[-122.98653379999996,38.22491529999934],[-122.98649560000013,38.22499170000083],[-122.98647440000059,38.225080700000035],[-122.98647019999953,38.22519529999954],[-122.98646940000071,38.22520129999975],[-122.98645899999974,38.2252840000001],[-122.98644400000012,38.22529100000065],[-122.98640300000079,38.2253010000004],[-122.9863690000002,38.225303999999596],[-122.98619300000064,38.22534799999994],[-122.98615600000085,38.225367999999435],[-122.98611800000072,38.22537799999918],[-122.98607099999936,38.225383000000875],[-122.98603399999956,38.225383000000875],[-122.98600599999918,38.22537299999931],[-122.98598700000002,38.22536299999956],[-122.98597700000028,38.22534599999926],[-122.98597700000028,38.22531600000002],[-122.98605599999973,38.22524399999929],[-122.98609299999953,38.22507199999927]],[[-122.99359200000072,38.22927999999956],[-122.99365799999941,38.22922800000015],[-122.99376099999972,38.22921300000053],[-122.9938259999999,38.22921300000053],[-122.99385900000016,38.229239000000234],[-122.99387799999931,38.22928700000011],[-122.99387799999931,38.229316999999355],[-122.99387299999944,38.22934600000008],[-122.99385000000075,38.22939000000042],[-122.99377500000082,38.22945699999946],[-122.99373200000082,38.22947899999963],[-122.9937000000009,38.22948700000052],[-122.99362900000051,38.22947899999963],[-122.99360100000013,38.22945299999992],[-122.99356799999987,38.22941299999911],[-122.99355900000046,38.22937599999932],[-122.99355900000046,38.22934600000008],[-122.99359200000072,38.22927999999956]],[[-122.99480399999993,38.230109000000084],[-122.9948002000001,38.23020440000073],[-122.9948000000004,38.230209999999715],[-122.99478099999942,38.23029099999985],[-122.99473399999988,38.23035499999969],[-122.99466299999949,38.23039199999948],[-122.99455900000066,38.230428999999276],[-122.9945119999993,38.23043300000063],[-122.99447399999917,38.23043599999983],[-122.9944319999995,38.23043599999983],[-122.99438399999963,38.23042499999974],[-122.99435099999937,38.23039600000084],[-122.99432800000068,38.23037300000033],[-122.99429500000042,38.23036200000024],[-122.99424299999919,38.23036200000024],[-122.99419599999965,38.230399000000034],[-122.99414400000023,38.23044800000025],[-122.99410979999993,38.230739200000244],[-122.99406520000048,38.23090620000039],[-122.99399839999933,38.23100650000015],[-122.99389820000033,38.23105100000066],[-122.99373109999942,38.23105100000066],[-122.99354180000046,38.23100650000015],[-122.99337469999955,38.23093970000082],[-122.99326330000076,38.23085050000009],[-122.99318529999982,38.23071689999961],[-122.9931742000008,38.23061670000061],[-122.99320760000046,38.23046070000055],[-122.99326330000076,38.23036049999973],[-122.99336360000052,38.23022680000031],[-122.99345270000049,38.23015999999916],[-122.99369599999955,38.229967999999644],[-122.99370500000077,38.22991899999943],[-122.99375200000031,38.22988599999917],[-122.99384199999986,38.229833999999755],[-122.99389399999927,38.22979699999996],[-122.99395000000004,38.229733000000124],[-122.99398099999962,38.22967099999914],[-122.99401799999941,38.22961899999973],[-122.9940459999998,38.22959400000036],[-122.99411700000019,38.22959400000036],[-122.9941400000007,38.229607999999644],[-122.99415399999998,38.22963399999935],[-122.99415399999998,38.22969000000012],[-122.99415899999985,38.22972300000038],[-122.99416799999926,38.229756000000634],[-122.99418200000036,38.229763999999705],[-122.99419599999965,38.22976000000017],[-122.99421000000075,38.22973400000046],[-122.99421000000075,38.22968199999923],[-122.99423399999978,38.22961899999973],[-122.99427099999957,38.229590000000826],[-122.99428850000004,38.22958199999994],[-122.99432800000068,38.2295639999993],[-122.99439300000085,38.229559999999765],[-122.99448699999994,38.229559999999765],[-122.99453800000083,38.229590000000826],[-122.9946230000005,38.22967900000003],[-122.99468800000068,38.22976000000017],[-122.99473500000022,38.229833999999755],[-122.99477599999955,38.229944999999134],[-122.99480399999993,38.230109000000084]],[[-122.99497069999961,38.24102270000003],[-122.9950718,38.24104649999936],[-122.99516699999913,38.241135700000086],[-122.99526220000007,38.241260599999805],[-122.99534549999953,38.241391499999736],[-122.99538709999979,38.2415402000006],[-122.9952859999994,38.24157589999959],[-122.99510750000081,38.24145689999932],[-122.99497069999961,38.24129039999934],[-122.99489929999982,38.241088099999615],[-122.99497069999961,38.24102270000003]]]},"properties":{"OBJL":86,"CATOBS":"foul area","CONDTN":null,"EXPSOU":null,"HEIGHT":null,"NATCON":null,"NATQUA":null,"OBJNAM":null,"PRODCT":null,"QUASOU":"2","SOUACC":null,"TECSOU":null,"VALSOU":null,"VERACC":null,"VERDAT":null,"VERLEN":null,"WATLEV":3,"NATSUR":null,"INFORM":null,"SCAMIN":null,"SORDAT":"200304","SORIND":"US,US,graph,Chart 18643","DSNM":"US4CA2DI.000","APPROACH.OBSTRN_POLYGON.FID":2654938,"SHAPE.AREA":0.00016080133605999902,"SHAPE.LEN":0.23032085930492,"enc_service":"enc_approach","enc_layer":"Obstruction_area","enc_layer_id":161}},{"type":"Feature","id":2654925,"geometry":{"type":"Polygon","coordinates":[[[-122.97744500000044,38.22663599999942],[-122.9773980000009,38.22659200000089],[-122.97732999999971,38.226534999999785],[-122.97726999999941,38.226488000000245],[-122.97719300000063,38.22643099999914],[-122.97715099999914,38.22641099999964],[-122.97707400000036,38.2263839999996],[-122.97698180000043,38.226360799999384],[-122.97698700000001,38.22653899999932],[-122.9770439999993,38.22672799999964],[-122.9771010000004,38.22690900000089],[-122.97720400000071,38.227098999999725],[-122.97743300000002,38.22742400000061],[-122.97752500000024,38.227632000000085],[-122.97760500000004,38.22782999999981],[-122.97776599999997,38.22812899999917],[-122.97777209999913,38.228136199999426],[-122.97786869999982,38.22825019999982],[-122.97794900000008,38.228344999999536],[-122.97817580000083,38.2286165000005],[-122.97821300000032,38.22866099999919],[-122.97863700000016,38.2291580000001],[-122.97916400000031,38.229574000000866],[-122.97942800000055,38.22960099999909],[-122.97962200000075,38.22962799999914],[-122.97982720000073,38.22965839999961],[-122.97975299999962,38.229622000000745],[-122.97922300000027,38.2292839999991],[-122.97905499999979,38.22915099999955],[-122.97886400000061,38.22897700000067],[-122.97866000000067,38.22878900000069],[-122.978341,38.22845299999972],[-122.9782039999991,38.22831799999949],[-122.97816199999943,38.22826800000075],[-122.97811899999942,38.22820800000045],[-122.97811499999989,38.22816099999909],[-122.97810600000048,38.22809000000052],[-122.97813200000019,38.22791900000084],[-122.97813599999972,38.2278580000002],[-122.97813200000019,38.2277780000004],[-122.97811120000006,38.22772950000035],[-122.97809299999972,38.227687000000515],[-122.97791399999915,38.22736799999984],[-122.97781299999951,38.227145000000746],[-122.97767999999996,38.22718999999961],[-122.97761899999932,38.22718999999961],[-122.97758900000008,38.22718200000054],[-122.9774469999993,38.2271180000007],[-122.97733920000064,38.22705590000078],[-122.97728400000051,38.22701020000022],[-122.9772439999997,38.22696449999967],[-122.97722120000071,38.22692640000059],[-122.97721359999923,38.2268808000008],[-122.97722500000054,38.226835100000244],[-122.97726879999937,38.22677990000011],[-122.97731449999992,38.22674369999913],[-122.97740599999997,38.22669300000052],[-122.97748499999943,38.22666199999912],[-122.97744500000044,38.22663599999942]]]},"properties":{"OBJL":86,"CATOBS":"foul area","CONDTN":null,"EXPSOU":null,"HEIGHT":null,"NATCON":null,"NATQUA":null,"OBJNAM":null,"PRODCT":null,"QUASOU":"2","SOUACC":null,"TECSOU":null,"VALSOU":null,"VERACC":null,"VERDAT":null,"VERLEN":null,"WATLEV":3,"NATSUR":null,"INFORM":null,"SCAMIN":null,"SORDAT":"200304","SORIND":"US,US,graph,Chart 18643","DSNM":"US4CA2DI.000","APPROACH.OBSTRN_POLYGON.FID":2654925,"SHAPE.AREA":1.224339935e-06,"SHAPE.LEN":0.00974359730933064,"enc_service":"enc_approach","enc_layer":"Obstruction_area","enc_layer_id":161}},{"type":"Feature","id":2654937,"geometry":{"type":"Polygon","coordinates":[[[-122.97345800000039,38.22460300000057],[-122.97344899999916,38.224583999999595],[-122.97340799999984,38.22443200000089],[-122.97342299999946,38.22433199999978],[-122.97331699999995,38.22424800000044],[-122.97325699999965,38.22421100000065],[-122.97319299999981,38.22418099999959],[-122.97315499999968,38.22415000000001],[-122.9731210000009,38.224113000000216],[-122.9730780000009,38.22409999999945],[-122.97301899999911,38.22409300000072],[-122.97296300000016,38.22409999999945],[-122.97286899999926,38.224113000000216],[-122.9728269999996,38.224113000000216],[-122.97275400000035,38.22409999999945],[-122.97267800000009,38.22406000000046],[-122.97260599999936,38.22403999999915],[-122.97253300000011,38.22403999999915],[-122.97237099999984,38.224043000000165],[-122.97226899999987,38.22403300000042],[-122.97221399999944,38.224019999999655],[-122.9721669999999,38.22399899999982],[-122.97211600000082,38.22396300000037],[-122.97206899999946,38.223894999999175],[-122.97203500000069,38.223801000000094],[-122.97200899999916,38.22374800000034],[-122.97197899999992,38.22371700000076],[-122.97189000000071,38.223659999999654],[-122.97176600000057,38.223589999999604],[-122.97171499999968,38.22355900000002],[-122.9716640000006,38.22351600000002],[-122.97156200000063,38.22344499999963],[-122.97150599999986,38.22342799999933],[-122.97145099999943,38.22341500000039],[-122.97139600000082,38.22339099999954],[-122.97133199999917,38.22334799999953],[-122.97126299999945,38.22330099999999],[-122.97122499999932,38.2232499999991],[-122.97117000000071,38.22313299999951],[-122.97113600000012,38.22299500000008],[-122.97107999999935,38.222836999999345],[-122.97097399999984,38.222632000000885],[-122.97085899999911,38.22242700000061],[-122.97078200000033,38.22231300000021],[-122.97068700000091,38.22218900000007],[-122.97056300000077,38.22205799999938],[-122.97051199999987,38.22201099999984],[-122.97043999999914,38.22193700000025],[-122.97040100000049,38.221879999999146],[-122.97034600000006,38.221786000000066],[-122.97034200000053,38.2217729999993],[-122.9701499999992,38.2216810000009],[-122.97005360000003,38.221632700000555],[-122.97019399999954,38.221912000000884],[-122.97025199999916,38.22207499999968],[-122.97036440000011,38.22217620000083],[-122.97041200000058,38.22221899999931],[-122.97052699999949,38.222390999999334],[-122.97072200000002,38.222743000000264],[-122.97093900000073,38.22311400000035],[-122.97119100000054,38.223448000000644],[-122.97171899999921,38.22388200000023],[-122.97205100000065,38.22412599999916],[-122.97229200000038,38.22417099999984],[-122.97256700000071,38.22428799999943],[-122.97297900000012,38.22445999999945],[-122.97345800000039,38.22460300000057]]]},"properties":{"OBJL":86,"CATOBS":"foul area","CONDTN":null,"EXPSOU":null,"HEIGHT":null,"NATCON":null,"NATQUA":null,"OBJNAM":null,"PRODCT":null,"QUASOU":"2","SOUACC":null,"TECSOU":null,"VALSOU":null,"VERACC":null,"VERDAT":null,"VERLEN":null,"WATLEV":3,"NATSUR":null,"INFORM":null,"SCAMIN":null,"SORDAT":"200304","SORIND":"US,US,graph,Chart 18643","DSNM":"US4CA2DI.000","APPROACH.OBSTRN_POLYGON.FID":2654937,"SHAPE.AREA":1.0559853e-06,"SHAPE.LEN":0.00968661919622432,"enc_service":"enc_approach","enc_layer":"Obstruction_area","enc_layer_id":161}},{"type":"Feature","id":6601002,"geometry":{"type":"Point","coordinates":[-122.99488559999998,38.22940410000001]},"properties":{"OBJECTID":6601002,"OBJL":153,"EXPSOU":null,"NATSUR":null,"NATQUA":null,"OBJNAM":null,"QUASOU":"2","SOUACC":null,"TECSOU":null,"VALSOU":null,"VERDAT":null,"WATLEV":4,"INFORM":null,"SCAMIN":349999,"SORDAT":"20000708","SORIND":"US,US,graph,Chart 18640","DSNM":"US3CA1GE.000","enc_service":"enc_coastal","enc_layer":"Underwater_Awash_Rock_point","enc_layer_id":31}},{"type":"Feature","id":6601004,"geometry":{"type":"Point","coordinates":[-122.99689590000003,38.23894339999998]},"properties":{"OBJECTID":6601004,"OBJL":153,"EXPSOU":null,"NATSUR":null,"NATQUA":null,"OBJNAM":null,"QUASOU":"2","SOUACC":null,"TECSOU":null,"VALSOU":null,"VERDAT":null,"WATLEV":4,"INFORM":null,"SCAMIN":349999,"SORDAT":"20000708","SORIND":"US,US,graph,Chart 18640","DSNM":"US3CA1GE.000","enc_service":"enc_coastal","enc_layer":"Underwater_Awash_Rock_point","enc_layer_id":31}},{"type":"Feature","id":6599096,"geometry":{"type":"Point","coordinates":[-122.9956429,38.24239510000001]},"properties":{"OBJECTID":6599096,"OBJL":153,"EXPSOU":null,"NATSUR":null,"NATQUA":null,"OBJNAM":null,"QUASOU":"2","SOUACC":null,"TECSOU":null,"VALSOU":null,"VERDAT":null,"WATLEV":4,"INFORM":null,"SCAMIN":349999,"SORDAT":"20000708","SORIND":"US,US,graph,Chart 18640","DSNM":"US3CA14M.000","enc_service":"enc_coastal","enc_layer":"Underwater_Awash_Rock_point","enc_layer_id":31}},{"type":"Feature","id":6599133,"geometry":{"type":"Point","coordinates":[-122.98979839999998,38.228266700000006]},"properties":{"OBJECTID":6599133,"OBJL":153,"EXPSOU":null,"NATSUR":null,"NATQUA":null,"OBJNAM":null,"QUASOU":"2","SOUACC":null,"TECSOU":null,"VALSOU":null,"VERDAT":null,"WATLEV":4,"INFORM":null,"SCAMIN":349999,"SORDAT":"20000708","SORIND":"US,US,graph,Chart 18640","DSNM":"US3CA14M.000","enc_service":"enc_coastal","enc_layer":"Underwater_Awash_Rock_point","enc_layer_id":31}},{"type":"Feature","id":6599174,"geometry":{"type":"Point","coordinates":[-122.97619099999997,38.20786500000003]},"properties":{"OBJECTID":6599174,"OBJL":153,"EXPSOU":null,"NATSUR":null,"NATQUA":null,"OBJNAM":null,"QUASOU":"2","SOUACC":null,"TECSOU":null,"VALSOU":null,"VERDAT":null,"WATLEV":4,"INFORM":null,"SCAMIN":349999,"SORDAT":"20000708","SORIND":"US,US,graph,Chart 18640","DSNM":"US3CA14M.000","enc_service":"enc_coastal","enc_layer":"Underwater_Awash_Rock_point","enc_layer_id":31}},{"type":"Feature","id":6600932,"geometry":{"type":"Point","coordinates":[-122.97619099999997,38.20786500000003]},"properties":{"OBJECTID":6600932,"OBJL":153,"EXPSOU":null,"NATSUR":null,"NATQUA":null,"OBJNAM":null,"QUASOU":"2","SOUACC":null,"TECSOU":null,"VALSOU":null,"VERDAT":null,"WATLEV":4,"INFORM":null,"SCAMIN":349999,"SORDAT":"20000708","SORIND":"US,US,graph,Chart 18640","DSNM":"US3CA1GE.000","enc_service":"enc_coastal","enc_layer":"Underwater_Awash_Rock_point","enc_layer_id":31}},{"type":"Feature","id":6599313,"geometry":{"type":"Point","coordinates":[-122.97049379999999,38.201901099999986]},"properties":{"OBJECTID":6599313,"OBJL":153,"EXPSOU":null,"NATSUR":null,"NATQUA":null,"OBJNAM":null,"QUASOU":"2","SOUACC":null,"TECSOU":null,"VALSOU":null,"VERDAT":null,"WATLEV":4,"INFORM":null,"SCAMIN":null,"SORDAT":"20000708","SORIND":"US,US,graph,Chart 18640","DSNM":"US3CA14M.000","enc_service":"enc_coastal","enc_layer":"Underwater_Awash_Rock_point","enc_layer_id":31}},{"type":"Feature","id":6599314,"geometry":{"type":"Point","coordinates":[-122.98448400000001,38.23785700000002]},"properties":{"OBJECTID":6599314,"OBJL":153,"EXPSOU":null,"NATSUR":null,"NATQUA":null,"OBJNAM":null,"QUASOU":"2","SOUACC":null,"TECSOU":null,"VALSOU":null,"VERDAT":null,"WATLEV":4,"INFORM":null,"SCAMIN":null,"SORDAT":"20000708","SORIND":"US,US,graph,Chart 18640","DSNM":"US3CA14M.000","enc_service":"enc_coastal","enc_layer":"Underwater_Awash_Rock_point","enc_layer_id":31}},{"type":"Feature","id":6600919,"geometry":{"type":"Point","coordinates":[-122.98448400000001,38.23785700000002]},"properties":{"OBJECTID":6600919,"OBJL":153,"EXPSOU":null,"NATSUR":null,"NATQUA":null,"OBJNAM":null,"QUASOU":"2","SOUACC":null,"TECSOU":null,"VALSOU":null,"VERDAT":null,"WATLEV":4,"INFORM":null,"SCAMIN":null,"SORDAT":"20000708","SORIND":"US,US,graph,Chart 18640","DSNM":"US3CA1GE.000","enc_service":"enc_coastal","enc_layer":"Underwater_Awash_Rock_point","enc_layer_id":31}},{"type":"Feature","id":6599172,"geometry":{"type":"Point","coordinates":[-122.97383969999998,38.25834420000001]},"properties":{"OBJECTID":6599172,"OBJL":153,"EXPSOU":null,"NATSUR":null,"NATQUA":null,"OBJNAM":null,"QUASOU":"2","SOUACC":null,"TECSOU":null,"VALSOU":null,"VERDAT":null,"WATLEV":4,"INFORM":null,"SCAMIN":null,"SORDAT":"20000708","SORIND":"US,US,graph,Chart 18640","DSNM":"US3CA14M.000","enc_service":"enc_coastal","enc_layer":"Underwater_Awash_Rock_point","enc_layer_id":31}},{"type":"Feature","id":6599171,"geometry":{"type":"Point","coordinates":[-122.97185100000002,38.254549]},"properties":{"OBJECTID":6599171,"OBJL":153,"EXPSOU":null,"NATSUR":null,"NATQUA":null,"OBJNAM":null,"QUASOU":"2","SOUACC":null,"TECSOU":null,"VALSOU":null,"VERDAT":null,"WATLEV":4,"INFORM":null,"SCAMIN":349999,"SORDAT":"20000708","SORIND":"US,US,graph,Chart 18640","DSNM":"US3CA14M.000","enc_service":"enc_coastal","enc_layer":"Underwater_Awash_Rock_point","enc_layer_id":31}},{"type":"Feature","id":6599128,"geometry":{"type":"Point","coordinates":[-122.97270650000002,38.20515280000001]},"properties":{"OBJECTID":6599128,"OBJL":153,"EXPSOU":null,"NATSUR":null,"NATQUA":null,"OBJNAM":null,"QUASOU":"2","SOUACC":null,"TECSOU":null,"VALSOU":null,"VERDAT":null,"WATLEV":4,"INFORM":null,"SCAMIN":349999,"SORDAT":"20000708","SORIND":"US,US,graph,Chart 18640","DSNM":"US3CA14M.000","enc_service":"enc_coastal","enc_layer":"Underwater_Awash_Rock_point","enc_layer_id":31}},{"type":"Feature","id":6600927,"geometry":{"type":"Point","coordinates":[-122.97049379999999,38.201901099999986]},"properties":{"OBJECTID":6600927,"OBJL":153,"EXPSOU":null,"NATSUR":null,"NATQUA":null,"OBJNAM":null,"QUASOU":"2","SOUACC":null,"TECSOU":null,"VALSOU":null,"VERDAT":null,"WATLEV":4,"INFORM":null,"SCAMIN":null,"SORDAT":"20000708","SORIND":"US,US,graph,Chart 18640","DSNM":"US3CA1GE.000","enc_service":"enc_coastal","enc_layer":"Underwater_Awash_Rock_point","enc_layer_id":31}},{"type":"Feature","id":6599065,"geometry":{"type":"Point","coordinates":[-122.99736510000002,38.23656269999998]},"properties":{"OBJECTID":6599065,"OBJL":153,"EXPSOU":null,"NATSUR":null,"NATQUA":null,"OBJNAM":null,"QUASOU":"2","SOUACC":null,"TECSOU":null,"VALSOU":null,"VERDAT":null,"WATLEV":3,"INFORM":null,"SCAMIN":null,"SORDAT":"20000708","SORIND":"US,US,graph,Chart 18640","DSNM":"US3CA14M.000","enc_service":"enc_coastal","enc_layer":"Underwater_Awash_Rock_point","enc_layer_id":31}},{"type":"Feature","id":6600929,"geometry":{"type":"Point","coordinates":[-122.99736510000002,38.23656269999998]},"properties":{"OBJECTID":6600929,"OBJL":153,"EXPSOU":null,"NATSUR":null,"NATQUA":null,"OBJNAM":null,"QUASOU":"2","SOUACC":null,"TECSOU":null,"VALSOU":null,"VERDAT":null,"WATLEV":3,"INFORM":null,"SCAMIN":null,"SORDAT":"20000708","SORIND":"US,US,graph,Chart 18640","DSNM":"US3CA1GE.000","enc_service":"enc_coastal","enc_layer":"Underwater_Awash_Rock_point","enc_layer_id":31}},{"type":"Feature","id":6599064,"geometry":{"type":"Point","coordinates":[-122.98736980000001,38.2250014]},"properties":{"OBJECTID":6599064,"OBJL":153,"EXPSOU":null,"NATSUR":null,"NATQUA":null,"OBJNAM":null,"QUASOU":"2","SOUACC":null,"TECSOU":null,"VALSOU":null,"VERDAT":null,"WATLEV":4,"INFORM":null,"SCAMIN":349999,"SORDAT":"20000708","SORIND":"US,US,graph,Chart 18640","DSNM":"US3CA14M.000","enc_service":"enc_coastal","enc_layer":"Underwater_Awash_Rock_point","enc_layer_id":31}},{"type":"Feature","id":6599286,"geometry":{"type":"Point","coordinates":[-122.96654419999999,38.1797143]},"properties":{"OBJECTID":6599286,"OBJL":153,"EXPSOU":null,"NATSUR":null,"NATQUA":null,"OBJNAM":null,"QUASOU":"2","SOUACC":null,"TECSOU":null,"VALSOU":null,"VERDAT":null,"WATLEV":3,"INFORM":null,"SCAMIN":349999,"SORDAT":"20000708","SORIND":"US,US,graph,Chart 18640","DSNM":"US3CA14M.000","enc_service":"enc_coastal","enc_layer":"Underwater_Awash_Rock_point","enc_layer_id":31}},{"type":"Feature","id":6600930,"geometry":{"type":"Point","coordinates":[-122.98952650000001,38.24007540000002]},"properties":{"OBJECTID":6600930,"OBJL":153,"EXPSOU":null,"NATSUR":null,"NATQUA":null,"OBJNAM":null,"QUASOU":"2","SOUACC":null,"TECSOU":null,"VALSOU":null,"VERDAT":null,"WATLEV":4,"INFORM":null,"SCAMIN":349999,"SORDAT":"20000708","SORIND":"US,US,graph,Chart 18640","DSNM":"US3CA1GE.000","enc_service":"enc_coastal","enc_layer":"Underwater_Awash_Rock_point","enc_layer_id":31}},{"type":"Feature","id":6601003,"geometry":{"type":"Point","coordinates":[-122.99386850000002,38.23345949999998]},"properties":{"OBJECTID":6601003,"OBJL":153,"EXPSOU":null,"NATSUR":null,"NATQUA":null,"OBJNAM":null,"QUASOU":"2","SOUACC":null,"TECSOU":null,"VALSOU":null,"VERDAT":null,"WATLEV":4,"INFORM":null,"SCAMIN":349999,"SORDAT":"20000708","SORIND":"US,US,graph,Chart 18640","DSNM":"US3CA1GE.000","enc_service":"enc_coastal","enc_layer":"Underwater_Awash_Rock_point","enc_layer_id":31}},{"type":"Feature","id":6600918,"geometry":{"type":"Point","coordinates":[-122.95045879999998,38.16215110000002]},"properties":{"OBJECTID":6600918,"OBJL":153,"EXPSOU":null,"NATSUR":null,"NATQUA":null,"OBJNAM":null,"QUASOU":"2","SOUACC":null,"TECSOU":null,"VALSOU":null,"VERDAT":null,"WATLEV":4,"INFORM":null,"SCAMIN":null,"SORDAT":"20000708","SORIND":"US,US,graph,Chart 18640","DSNM":"US3CA1GE.000","enc_service":"enc_coastal","enc_layer":"Underwater_Awash_Rock_point","enc_layer_id":31}},{"type":"Feature","id":6599130,"geometry":{"type":"Point","coordinates":[-122.9824236,38.21562540000002]},"properties":{"OBJECTID":6599130,"OBJL":153,"EXPSOU":null,"NATSUR":null,"NATQUA":null,"OBJNAM":null,"QUASOU":"2","SOUACC":null,"TECSOU":null,"VALSOU":null,"VERDAT":null,"WATLEV":4,"INFORM":null,"SCAMIN":349999,"SORDAT":"20000708","SORIND":"US,US,graph,Chart 18640","DSNM":"US3CA14M.000","enc_service":"enc_coastal","enc_layer":"Underwater_Awash_Rock_point","enc_layer_id":31}},{"type":"Feature","id":6600931,"geometry":{"type":"Point","coordinates":[-122.97978,38.21197799999999]},"properties":{"OBJECTID":6600931,"OBJL":153,"EXPSOU":null,"NATSUR":null,"NATQUA":null,"OBJNAM":null,"QUASOU":"2","SOUACC":null,"TECSOU":null,"VALSOU":null,"VERDAT":null,"WATLEV":4,"INFORM":null,"SCAMIN":349999,"SORDAT":"20000708","SORIND":"US,US,graph,Chart 18640","DSNM":"US3CA1GE.000","enc_service":"enc_coastal","enc_layer":"Underwater_Awash_Rock_point","enc_layer_id":31}},{"type":"Feature","id":6601005,"geometry":{"type":"Point","coordinates":[-122.9956429,38.24239510000001]},"properties":{"OBJECTID":6601005,"OBJL":153,"EXPSOU":null,"NATSUR":null,"NATQUA":null,"OBJNAM":null,"QUASOU":"2","SOUACC":null,"TECSOU":null,"VALSOU":null,"VERDAT":null,"WATLEV":4,"INFORM":null,"SCAMIN":349999,"SORDAT":"20000708","SORIND":"US,US,graph,Chart 18640","DSNM":"US3CA1GE.000","enc_service":"enc_coastal","enc_layer":"Underwater_Awash_Rock_point","enc_layer_id":31}},{"type":"Feature","id":6600926,"geometry":{"type":"Point","coordinates":[-122.95560219999999,38.1717792]},"properties":{"OBJECTID":6600926,"OBJL":153,"EXPSOU":null,"NATSUR":null,"NATQUA":null,"OBJNAM":null,"QUASOU":"2","SOUACC":null,"TECSOU":null,"VALSOU":null,"VERDAT":null,"WATLEV":4,"INFORM":null,"SCAMIN":null,"SORDAT":"20000708","SORIND":"US,US,graph,Chart 18640","DSNM":"US3CA1GE.000","enc_service":"enc_coastal","enc_layer":"Underwater_Awash_Rock_point","enc_layer_id":31}},{"type":"Feature","id":6599060,"geometry":{"type":"Point","coordinates":[-122.95045879999998,38.16215110000002]},"properties":{"OBJECTID":6599060,"OBJL":153,"EXPSOU":null,"NATSUR":null,"NATQUA":null,"OBJNAM":null,"QUASOU":"2","SOUACC":null,"TECSOU":null,"VALSOU":null,"VERDAT":null,"WATLEV":4,"INFORM":null,"SCAMIN":null,"SORDAT":"20000708","SORIND":"US,US,graph,Chart 18640","DSNM":"US3CA14M.000","enc_service":"enc_coastal","enc_layer":"Underwater_Awash_Rock_point","enc_layer_id":31}},{"type":"Feature","id":6601001,"geometry":{"type":"Point","coordinates":[-122.95532159999999,38.175006800000006]},"properties":{"OBJECTID":6601001,"OBJL":153,"EXPSOU":null,"NATSUR":null,"NATQUA":null,"OBJNAM":null,"QUASOU":"2","SOUACC":null,"TECSOU":null,"VALSOU":null,"VERDAT":null,"WATLEV":4,"INFORM":null,"SCAMIN":null,"SORDAT":"20000708","SORIND":"US,US,graph,Chart 18640","DSNM":"US3CA1GE.000","enc_service":"enc_coastal","enc_layer":"Underwater_Awash_Rock_point","enc_layer_id":31}},{"type":"Feature","id":6601010,"geometry":{"type":"Point","coordinates":[-122.97383969999998,38.25834420000001]},"properties":{"OBJECTID":6601010,"OBJL":153,"EXPSOU":null,"NATSUR":null,"NATQUA":null,"OBJNAM":null,"QUASOU":"2","SOUACC":null,"TECSOU":null,"VALSOU":null,"VERDAT":null,"WATLEV":4,"INFORM":null,"SCAMIN":null,"SORDAT":"20000708","SORIND":"US,US,graph,Chart 18640","DSNM":"US3CA1GE.000","enc_service":"enc_coastal","enc_layer":"Underwater_Awash_Rock_point","enc_layer_id":31}},{"type":"Feature","id":6599176,"geometry":{"type":"Point","coordinates":[-122.99488559999998,38.22940410000001]},"properties":{"OBJECTID":6599176,"OBJL":153,"EXPSOU":null,"NATSUR":null,"NATQUA":null,"OBJNAM":null,"QUASOU":"2","SOUACC":null,"TECSOU":null,"VALSOU":null,"VERDAT":null,"WATLEV":4,"INFORM":null,"SCAMIN":349999,"SORDAT":"20000708","SORIND":"US,US,graph,Chart 18640","DSNM":"US3CA14M.000","enc_service":"enc_coastal","enc_layer":"Underwater_Awash_Rock_point","enc_layer_id":31}},{"type":"Feature","id":6599177,"geometry":{"type":"Point","coordinates":[-122.99689590000003,38.23894339999998]},"properties":{"OBJECTID":6599177,"OBJL":153,"EXPSOU":null,"NATSUR":null,"NATQUA":null,"OBJNAM":null,"QUASOU":"2","SOUACC":null,"TECSOU":null,"VALSOU":null,"VERDAT":null,"WATLEV":4,"INFORM":null,"SCAMIN":349999,"SORDAT":"20000708","SORIND":"US,US,graph,Chart 18640","DSNM":"US3CA14M.000","enc_service":"enc_coastal","enc_layer":"Underwater_Awash_Rock_point","enc_layer_id":31}},{"type":"Feature","id":6600996,"geometry":{"type":"Point","coordinates":[-122.98736980000001,38.2250014]},"properties":{"OBJECTID":6600996,"OBJL":153,"EXPSOU":null,"NATSUR":null,"NATQUA":null,"OBJNAM":null,"QUASOU":"2","SOUACC":null,"TECSOU":null,"VALSOU":null,"VERDAT":null,"WATLEV":4,"INFORM":null,"SCAMIN":349999,"SORDAT":"20000708","SORIND":"US,US,graph,Chart 18640","DSNM":"US3CA1GE.000","enc_service":"enc_coastal","enc_layer":"Underwater_Awash_Rock_point","enc_layer_id":31}},{"type":"Feature","id":6601007,"geometry":{"type":"Point","coordinates":[-122.9824236,38.21562540000002]},"properties":{"OBJECTID":6601007,"OBJL":153,"EXPSOU":null,"NATSUR":null,"NATQUA":null,"OBJNAM":null,"QUASOU":"2","SOUACC":null,"TECSOU":null,"VALSOU":null,"VERDAT":null,"WATLEV":4,"INFORM":null,"SCAMIN":349999,"SORDAT":"20000708","SORIND":"US,US,graph,Chart 18640","DSNM":"US3CA1GE.000","enc_service":"enc_coastal","enc_layer":"Underwater_Awash_Rock_point","enc_layer_id":31}},{"type":"Feature","id":6599132,"geometry":{"type":"Point","coordinates":[-122.98952650000001,38.24007540000002]},"properties":{"OBJECTID":6599132,"OBJL":153,"EXPSOU":null,"NATSUR":null,"NATQUA":null,"OBJNAM":null,"QUASOU":"2","SOUACC":null,"TECSOU":null,"VALSOU":null,"VERDAT":null,"WATLEV":4,"INFORM":null,"SCAMIN":349999,"SORDAT":"20000708","SORIND":"US,US,graph,Chart 18640","DSNM":"US3CA14M.000","enc_service":"enc_coastal","enc_layer":"Underwater_Awash_Rock_point","enc_layer_id":31}},{"type":"Feature","id":6599063,"geometry":{"type":"Point","coordinates":[-122.98333960000002,38.22215189999997]},"properties":{"OBJECTID":6599063,"OBJL":153,"EXPSOU":null,"NATSUR":null,"NATQUA":null,"OBJNAM":null,"QUASOU":"2","SOUACC":null,"TECSOU":null,"VALSOU":null,"VERDAT":null,"WATLEV":4,"INFORM":null,"SCAMIN":349999,"SORDAT":"20000708","SORIND":"US,US,graph,Chart 18640","DSNM":"US3CA14M.000","enc_service":"enc_coastal","enc_layer":"Underwater_Awash_Rock_point","enc_layer_id":31}},{"type":"Feature","id":6600917,"geometry":{"type":"Point","coordinates":[-122.98333960000002,38.22215189999997]},"properties":{"OBJECTID":6600917,"OBJL":153,"EXPSOU":null,"NATSUR":null,"NATQUA":null,"OBJNAM":null,"QUASOU":"2","SOUACC":null,"TECSOU":null,"VALSOU":null,"VERDAT":null,"WATLEV":4,"INFORM":null,"SCAMIN":349999,"SORDAT":"20000708","SORIND":"US,US,graph,Chart 18640","DSNM":"US3CA1GE.000","enc_service":"enc_coastal","enc_layer":"Underwater_Awash_Rock_point","enc_layer_id":31}},{"type":"Feature","id":6599129,"geometry":{"type":"Point","coordinates":[-122.97978,38.21197799999999]},"properties":{"OBJECTID":6599129,"OBJL":153,"EXPSOU":null,"NATSUR":null,"NATQUA":null,"OBJNAM":null,"QUASOU":"2","SOUACC":null,"TECSOU":null,"VALSOU":null,"VERDAT":null,"WATLEV":4,"INFORM":null,"SCAMIN":349999,"SORDAT":"20000708","SORIND":"US,US,graph,Chart 18640","DSNM":"US3CA14M.000","enc_service":"enc_coastal","enc_layer":"Underwater_Awash_Rock_point","enc_layer_id":31}},{"type":"Feature","id":6601006,"geometry":{"type":"Point","coordinates":[-122.97270650000002,38.20515280000001]},"properties":{"OBJECTID":6601006,"OBJL":153,"EXPSOU":null,"NATSUR":null,"NATQUA":null,"OBJNAM":null,"QUASOU":"2","SOUACC":null,"TECSOU":null,"VALSOU":null,"VERDAT":null,"WATLEV":4,"INFORM":null,"SCAMIN":349999,"SORDAT":"20000708","SORIND":"US,US,graph,Chart 18640","DSNM":"US3CA1GE.000","enc_service":"enc_coastal","enc_layer":"Underwater_Awash_Rock_point","enc_layer_id":31}},{"type":"Feature","id":6601009,"geometry":{"type":"Point","coordinates":[-122.97185100000002,38.254549]},"properties":{"OBJECTID":6601009,"OBJL":153,"EXPSOU":null,"NATSUR":null,"NATQUA":null,"OBJNAM":null,"QUASOU":"2","SOUACC":null,"TECSOU":null,"VALSOU":null,"VERDAT":null,"WATLEV":4,"INFORM":null,"SCAMIN":349999,"SORDAT":"20000708","SORIND":"US,US,graph,Chart 18640","DSNM":"US3CA1GE.000","enc_service":"enc_coastal","enc_layer":"Underwater_Awash_Rock_point","enc_layer_id":31}},{"type":"Feature","id":6599218,"geometry":{"type":"Point","coordinates":[-122.99386850000002,38.23345949999998]},"properties":{"OBJECTID":6599218,"OBJL":153,"EXPSOU":null,"NATSUR":null,"NATQUA":null,"OBJNAM":null,"QUASOU":"2","SOUACC":null,"TECSOU":null,"VALSOU":null,"VERDAT":null,"WATLEV":4,"INFORM":null,"SCAMIN":349999,"SORDAT":"20000708","SORIND":"US,US,graph,Chart 18640","DSNM":"US3CA14M.000","enc_service":"enc_coastal","enc_layer":"Underwater_Awash_Rock_point","enc_layer_id":31}},{"type":"Feature","id":6599312,"geometry":{"type":"Point","coordinates":[-122.95560219999999,38.1717792]},"properties":{"OBJECTID":6599312,"OBJL":153,"EXPSOU":null,"NATSUR":null,"NATQUA":null,"OBJNAM":null,"QUASOU":"2","SOUACC":null,"TECSOU":null,"VALSOU":null,"VERDAT":null,"WATLEV":4,"INFORM":null,"SCAMIN":null,"SORDAT":"20000708","SORIND":"US,US,graph,Chart 18640","DSNM":"US3CA14M.000","enc_service":"enc_coastal","enc_layer":"Underwater_Awash_Rock_point","enc_layer_id":31}},{"type":"Feature","id":6600928,"geometry":{"type":"Point","coordinates":[-122.98979839999998,38.228266700000006]},"properties":{"OBJECTID":6600928,"OBJL":153,"EXPSOU":null,"NATSUR":null,"NATQUA":null,"OBJNAM":null,"QUASOU":"2","SOUACC":null,"TECSOU":null,"VALSOU":null,"VERDAT":null,"WATLEV":4,"INFORM":null,"SCAMIN":349999,"SORDAT":"20000708","SORIND":"US,US,graph,Chart 18640","DSNM":"US3CA1GE.000","enc_service":"enc_coastal","enc_layer":"Underwater_Awash_Rock_point","enc_layer_id":31}},{"type":"Feature","id":6601000,"geometry":{"type":"Point","coordinates":[-122.96654419999999,38.1797143]},"properties":{"OBJECTID":6601000,"OBJL":153,"EXPSOU":null,"NATSUR":null,"NATQUA":null,"OBJNAM":null,"QUASOU":"2","SOUACC":null,"TECSOU":null,"VALSOU":null,"VERDAT":null,"WATLEV":3,"INFORM":null,"SCAMIN":349999,"SORDAT":"20000708","SORIND":"US,US,graph,Chart 18640","DSNM":"US3CA1GE.000","enc_service":"enc_coastal","enc_layer":"Underwater_Awash_Rock_point","enc_layer_id":31}},{"type":"Feature","id":6599311,"geometry":{"type":"Point","coordinates":[-122.95532159999999,38.175006800000006]},"properties":{"OBJECTID":6599311,"OBJL":153,"EXPSOU":null,"NATSUR":null,"NATQUA":null,"OBJNAM":null,"QUASOU":"2","SOUACC":null,"TECSOU":null,"VALSOU":null,"VERDAT":null,"WATLEV":4,"INFORM":null,"SCAMIN":null,"SORDAT":"20000708","SORIND":"US,US,graph,Chart 18640","DSNM":"US3CA14M.000","enc_service":"enc_coastal","enc_layer":"Underwater_Awash_Rock_point","enc_layer_id":31}},{"type":"Feature","id":716842,"geometry":{"type":"Polygon","coordinates":[[[-122.96455300000002,38.18253099999998],[-122.96484400000003,38.182435],[-122.96598399999999,38.182052],[-122.96697799999998,38.181861000000026],[-122.967827,38.181689000000006],[-122.968142,38.18159300000002],[-122.96838400000001,38.18145900000002],[-122.968796,38.181172000000004],[-122.969063,38.18084700000003],[-122.96925700000003,38.18050199999999],[-122.969378,38.180138],[-122.9693916,38.17993100000001],[-122.969403,38.179756],[-122.96933000000001,38.179373],[-122.96918399999998,38.17897099999999],[-122.96896600000002,38.17862600000001],[-122.96862700000003,38.178319999999985],[-122.96838400000001,38.17818599999998],[-122.96806900000001,38.17807099999999],[-122.96775400000001,38.177976],[-122.96741400000002,38.17791799999998],[-122.96705100000003,38.177899000000025],[-122.96668699999998,38.177936999999986],[-122.965935,38.17807099999999],[-122.96576700000003,38.17813510000002],[-122.96523200000001,38.178338999999994],[-122.96457800000002,38.178702999999985],[-122.96428700000001,38.17891400000002],[-122.96402,38.17916200000002],[-122.96334100000001,38.17994700000003],[-122.96232300000003,38.181325000000015],[-122.96331700000002,38.18147800000003],[-122.96455300000002,38.18253099999998]],[[-122.9646449,38.18159939999998],[-122.96454790000001,38.1813884],[-122.96453530000002,38.181237899999985],[-122.96452390000002,38.18110139999999],[-122.9645314,38.181059600000026],[-122.96457190000001,38.18083339999998],[-122.964606,38.18075329999999],[-122.9646209,38.18071839999999],[-122.964677,38.18066349999998],[-122.96471789999998,38.1806234],[-122.9649599,38.18056539999998],[-122.96512990000002,38.18056539999998],[-122.9652509,38.18060439999999],[-122.96534789999998,38.1806234],[-122.96549390000001,38.180738399999996],[-122.9655419,38.180929400000025],[-122.96551790000001,38.18104440000002],[-122.96544490000002,38.1812544],[-122.96532389999999,38.18144640000003],[-122.96515390000002,38.1816374],[-122.96483890000002,38.18167540000002],[-122.9646449,38.18159939999998]]]},"properties":{"OBJECTID":716842,"OBJL":86,"CATOBS":" ","CONDTN":null,"EXPSOU":null,"HEIGHT":null,"NATCON":null,"NATQUA":null,"OBJNAM":null,"PRODCT":null,"QUASOU":"2","SOUACC":null,"TECSOU":null,"VALSOU":null,"VERACC":null,"VERDAT":null,"VERLEN":null,"WATLEV":3,"NATSUR":null,"INFORM":null,"SCAMIN":null,"SORDAT":"20000708","SORIND":"US,US,graph,Chart 18640","DSNM":"US3CA1GE.000","SHAPE.AREA":2.0353187049999997e-05,"SHAPE.LEN":0.021575030155850702,"enc_service":"enc_coastal","enc_layer":"Obstruction_area","enc_layer_id":118}},{"type":"Feature","id":716846,"geometry":{"type":"Polygon","coordinates":[[[-122.97750100000002,38.26884899999999],[-122.977646,38.268658000000016],[-122.97786400000001,38.26846699999999],[-122.97810700000002,38.26821799999999],[-122.97842200000002,38.26796999999999],[-122.97876200000002,38.267664000000025],[-122.97907700000002,38.267300999999975],[-122.97941600000001,38.266880000000015],[-122.97975600000001,38.26638300000002],[-122.98002200000002,38.26588600000002],[-122.980144,38.265466],[-122.980119,38.26512100000002],[-122.97994999999997,38.264835000000005],[-122.97939200000002,38.26435700000002],[-122.97873700000002,38.263936],[-122.97837399999997,38.26366899999999],[-122.97803399999998,38.263305],[-122.97771899999998,38.26282800000001],[-122.97708899999998,38.26168100000001],[-122.97674899999998,38.261221999999975],[-122.97640999999999,38.260897],[-122.97624000000002,38.260763],[-122.97614299999998,38.26070600000003],[-122.976046,38.26066700000001],[-122.975682,38.26049499999999],[-122.97534300000001,38.26028500000001],[-122.97500300000002,38.26005600000002],[-122.97471200000001,38.25980700000002],[-122.974131,38.259157000000016],[-122.9735,38.25825800000001],[-122.97303900000003,38.257379000000014],[-122.972894,38.25682499999999],[-122.97291799999999,38.25648000000001],[-122.97299099999998,38.256213],[-122.97313600000001,38.25602199999997],[-122.97384,38.25546700000001],[-122.97400900000002,38.25525699999997],[-122.97408200000001,38.25508500000001],[-122.974106,38.25491299999999],[-122.97408200000001,38.254759999999976],[-122.97403400000002,38.25458800000001],[-122.97391199999998,38.254435],[-122.97371800000002,38.25424400000003],[-122.97337900000002,38.254013999999984],[-122.97291799999999,38.253765999999985],[-122.97233599999998,38.25359400000002],[-122.97117200000002,38.25330700000001],[-122.97093000000001,38.25321100000002],[-122.970688,38.253039],[-122.97049399999997,38.25282900000002],[-122.970324,38.252561000000014],[-122.97017799999998,38.252274],[-122.970081,38.25196799999998],[-122.96998400000001,38.25141400000001],[-122.96991200000002,38.25080200000002],[-122.969718,38.250133000000005],[-122.96957200000003,38.24946399999999],[-122.96959529999998,38.2488879],[-122.96959600000002,38.24887100000001],[-122.969718,38.24829699999998],[-122.96976599999999,38.247724000000005],[-122.96993600000002,38.246384999999975],[-122.97010599999999,38.24563999999998],[-122.970324,38.244951000000015],[-122.970663,38.243651],[-122.970688,38.243307000000016],[-122.970663,38.24290500000001],[-122.97046899999998,38.24189200000001],[-122.96988700000003,38.24334499999998],[-122.96983219999998,38.24351380000002],[-122.969378,38.244913],[-122.96937000000003,38.24493960000001],[-122.9685437,38.247687499999984],[-122.968481,38.247896000000026],[-122.968166,38.249329999999986],[-122.96804500000002,38.25009499999999],[-122.96799600000003,38.25089800000001],[-122.968142,38.252943000000016],[-122.96838400000001,38.25346000000002],[-122.96855399999998,38.25407200000001],[-122.96913599999999,38.25439699999998],[-122.96940360000002,38.2545844],[-122.96963779999999,38.25474839999998],[-122.96978999999999,38.25485500000002],[-122.97027500000002,38.255179999999996],[-122.97049399999997,38.255448],[-122.97052819999999,38.25565879999999],[-122.97061500000001,38.256193999999994],[-122.97067420000002,38.25717040000001],[-122.970688,38.25739800000002],[-122.97085700000002,38.25866000000002],[-122.97114800000003,38.25934799999999],[-122.97168199999999,38.25973099999999],[-122.97212259999998,38.26005789999999],[-122.97237890000002,38.26024799999999],[-122.97291799999999,38.260648],[-122.97386399999999,38.26120300000002],[-122.97422799999998,38.26148899999998],[-122.97434900000002,38.26210099999997],[-122.97434900000002,38.26269400000001],[-122.9744217,38.26284190000001],[-122.97445290000002,38.2629053],[-122.974809,38.26362999999998],[-122.97592500000002,38.26487300000002],[-122.9763724,38.26539059999999],[-122.976652,38.265714],[-122.97702329999998,38.2660176],[-122.977283,38.26623000000001],[-122.97769679999999,38.2663872],[-122.97798419999998,38.26668919999997],[-122.97798719999997,38.26669240000001],[-122.97796570000003,38.2670832],[-122.97796299999999,38.26713130000002],[-122.97787629999999,38.267404699999986],[-122.97784200000001,38.26751280000002],[-122.97766999999999,38.267912000000024],[-122.97752500000001,38.26821799999999],[-122.97750100000002,38.268505000000005],[-122.97750100000002,38.26884899999999]]]},"properties":{"OBJECTID":716846,"OBJL":86,"CATOBS":" ","CONDTN":null,"EXPSOU":null,"HEIGHT":null,"NATCON":null,"NATQUA":null,"OBJNAM":null,"PRODCT":null,"QUASOU":"2","SOUACC":null,"TECSOU":null,"VALSOU":null,"VERACC":null,"VERDAT":null,"VERLEN":null,"WATLEV":3,"NATSUR":null,"INFORM":null,"SCAMIN":null,"SORDAT":"201305","SORIND":"US,US,graph,Chart 18640","DSNM":"US3CA1GE.000","SHAPE.AREA":5.9553895565000004e-05,"SHAPE.LEN":0.0657231111775405,"enc_service":"enc_coastal","enc_layer":"Obstruction_area","enc_layer_id":118}},{"type":"Feature","id":716739,"geometry":{"type":"Polygon","coordinates":[[[-122.966275,38.18471199999999],[-122.96554700000002,38.18488500000001],[-122.96526829999999,38.18506480000002],[-122.96474699999999,38.18540100000001],[-122.96426200000002,38.186301000000014],[-122.96418999999997,38.187162],[-122.96399600000001,38.188061000000005],[-122.96384999999998,38.18890299999998],[-122.964068,38.189707],[-122.96445599999998,38.190606],[-122.96474699999999,38.19181200000003],[-122.96494100000001,38.19255800000002],[-122.96486800000002,38.19447200000002],[-122.96474699999999,38.195944999999995],[-122.96474699999999,38.19613700000002],[-122.96499,38.19724600000001],[-122.96549900000002,38.19868100000002],[-122.96642000000003,38.20051799999999],[-122.967487,38.20199100000002],[-122.968117,38.20289100000002],[-122.96857799999998,38.203062999999986],[-122.969427,38.203254000000015],[-122.96982050000003,38.203594099999975],[-122.96993600000002,38.203693999999984],[-122.97023200000001,38.204147999999975],[-122.970348,38.20432599999998],[-122.970688,38.205129],[-122.97085700000002,38.206162000000006],[-122.97136599999999,38.20700399999998],[-122.972264,38.207808],[-122.973185,38.208477000000016],[-122.97437300000001,38.20907],[-122.97522199999997,38.209338],[-122.97546399999999,38.20960600000001],[-122.97575499999999,38.210447999999985],[-122.976652,38.21148099999999],[-122.977574,38.212207999999976],[-122.97842200000002,38.21287699999999],[-122.97915,38.213413],[-122.97985299999999,38.213719000000026],[-122.980119,38.213986999999975],[-122.980119,38.21461799999997],[-122.98026499999997,38.21521100000001],[-122.98062900000002,38.21601500000003],[-122.980798,38.21641599999998],[-122.9808208,38.2164358],[-122.981041,38.21662700000002],[-122.98104699999999,38.21667710000003],[-122.981089,38.21702800000003],[-122.981089,38.217850999999996],[-122.98102110000002,38.21855099999999],[-122.98092000000003,38.21959199999998],[-122.98092000000003,38.220529],[-122.98067700000001,38.220797000000005],[-122.98055979999998,38.2209201],[-122.980459,38.221025999999995],[-122.980459,38.22146600000002],[-122.98092000000003,38.22177199999999],[-122.98125900000002,38.22203999999999],[-122.98138,38.22259500000001],[-122.98164700000001,38.22326399999997],[-122.98244699999998,38.224106000000006],[-122.98336799999998,38.224545999999975],[-122.98433799999998,38.22477500000002],[-122.98511400000001,38.224909000000025],[-122.985478,38.225176999999974],[-122.98569600000002,38.225577999999985],[-122.98574500000001,38.225904000000014],[-122.98591399999998,38.226305000000025],[-122.98649599999999,38.226516000000004],[-122.9868214,38.22682709999998],[-122.98683599999998,38.22684099999998],[-122.987054,38.227337999999975],[-122.98715199999998,38.22774850000002],[-122.98729600000001,38.22835199999997],[-122.98742670000001,38.22862249999997],[-122.98750919999998,38.22879330000001],[-122.987684,38.22915499999999],[-122.98819300000002,38.229480000000024],[-122.98882400000002,38.22971000000001],[-122.98933299999999,38.23014999999998],[-122.98945889999999,38.2302641],[-122.99014260000001,38.23088360000003],[-122.99098670000001,38.23164839999998],[-122.9915115,38.232123899999976],[-122.99161199999998,38.232215],[-122.99181879999998,38.23237799999998],[-122.99195200000003,38.232483],[-122.99195650000001,38.23252789999998],[-122.9919825,38.23279000000002],[-122.992121,38.234185000000025],[-122.9921445,38.234377600000016],[-122.99216999999999,38.234586999999976],[-122.99246210000001,38.23480540000003],[-122.99263000000002,38.23493100000002],[-122.9932882,38.235286900000006],[-122.99347899999998,38.235389999999995],[-122.99355229999998,38.235447599999986],[-122.99381899999997,38.235657],[-122.9939101,38.235783500000025],[-122.994012,38.23592500000001],[-122.99394000000001,38.236001999999985],[-122.99355200000002,38.236671],[-122.99355200000002,38.23699599999998],[-122.99372499999998,38.2372934],[-122.99381899999997,38.23745500000001],[-122.99423100000001,38.23776099999998],[-122.9943255,38.23791840000001],[-122.99444899999997,38.23812400000003],[-122.99473999999998,38.23875600000002],[-122.99494850000002,38.23917590000002],[-122.994958,38.239194999999995],[-122.99500699999999,38.23942499999998],[-122.99502749999999,38.23945090000001],[-122.99512800000002,38.239577999999995],[-122.99532199999999,38.24005599999998],[-122.99536999999998,38.24030399999998],[-122.99534599999998,38.24055299999998],[-122.995273,38.24074400000001],[-122.99514340000002,38.240915599999994],[-122.99512800000002,38.24093599999998],[-122.994934,38.24104999999997],[-122.99478800000003,38.24106899999998],[-122.99452200000002,38.24089700000002],[-122.994012,38.240362000000005],[-122.993649,38.239825999999994],[-122.993382,38.239597],[-122.99253299999998,38.239463],[-122.99200000000002,38.239367000000016],[-122.991442,38.239022999999975],[-122.99086,38.23862200000002],[-122.99008500000002,38.23829699999999],[-122.9894956,38.23807260000001],[-122.98945659999998,38.23805779999998],[-122.98938099999998,38.23802899999998],[-122.98853300000002,38.23799100000002],[-122.9884012,38.23797239999999],[-122.98787229999999,38.2378976],[-122.98785400000003,38.23789499999998],[-122.98762720000002,38.2377803],[-122.98751399999998,38.23772300000002],[-122.98722400000003,38.23712999999998],[-122.98693550000002,38.236930700000016],[-122.98683599999998,38.236861999999974],[-122.9864996,38.2367251],[-122.986084,38.23655600000001],[-122.98557499999998,38.23638399999999],[-122.98528590000001,38.23610769999999],[-122.98523499999999,38.23605900000001],[-122.9852012,38.235990800000025],[-122.98510169999997,38.23579000000001],[-122.98504689999999,38.23567939999998],[-122.98501700000003,38.235618999999986],[-122.98467799999997,38.23516000000001],[-122.984217,38.23498799999999],[-122.98341699999997,38.234586999999976],[-122.98297960000002,38.23437689999997],[-122.98285900000002,38.23431900000003],[-122.98244699999998,38.233821999999975],[-122.98242299999998,38.233802000000026],[-122.98227700000001,38.23408899999998],[-122.98215599999997,38.23431900000003],[-122.98215599999997,38.234452999999974],[-122.98220500000002,38.234644],[-122.98259200000001,38.23525599999999],[-122.98312600000003,38.23592500000001],[-122.98458099999999,38.237378999999976],[-122.98615699999999,38.238793999999984],[-122.987345,38.239959999999996],[-122.98829,38.240801999999974],[-122.98899399999999,38.24128000000002],[-122.98933299999999,38.24141400000002],[-122.98976900000002,38.24150900000001],[-122.99030299999998,38.24160499999999],[-122.99088499999999,38.24166200000002],[-122.99105400000002,38.24166200000002],[-122.99122399999999,38.24168100000003],[-122.99137000000002,38.24169999999998],[-122.99151499999999,38.241738999999995],[-122.992121,38.241911000000016],[-122.99213229999998,38.241916600000025],[-122.99265500000001,38.242178000000024],[-122.99279999999999,38.242255],[-122.99292100000002,38.24233099999998],[-122.99316399999998,38.242523000000006],[-122.99413399999997,38.243210999999974],[-122.99507899999998,38.243765999999994],[-122.995904,38.24405200000001],[-122.99624299999999,38.24405200000001],[-122.996534,38.243975999999975],[-122.996801,38.243785],[-122.99704300000002,38.24347899999998],[-122.99728599999997,38.24305800000002],[-122.99748,38.242523000000006],[-122.99751550000002,38.242315099999985],[-122.99760099999997,38.241814999999974],[-122.99762500000003,38.241624],[-122.99762500000003,38.241183999999976],[-122.99760099999997,38.24093599999998],[-122.99748,38.23986500000001],[-122.99721299999999,38.23860300000001],[-122.99694599999998,38.237302],[-122.99675200000001,38.23609699999997],[-122.99668000000003,38.23498799999999],[-122.99670400000002,38.234013000000004],[-122.99672800000002,38.23307599999998],[-122.996558,38.23217699999998],[-122.99626699999999,38.23131599999999],[-122.99614600000001,38.23110600000001],[-122.99604900000003,38.230894999999975],[-122.99592799999999,38.230704],[-122.99578200000002,38.23049400000002],[-122.99552990000001,38.23011530000002],[-122.99529799999999,38.22976699999998],[-122.99486100000001,38.22921200000002],[-122.99442499999998,38.22875299999998],[-122.994279,38.22863899999999],[-122.99420600000002,38.22861999999998],[-122.9936864,38.22837729999998],[-122.993673,38.22837099999998],[-122.993067,38.22818000000001],[-122.99236400000001,38.22795000000002],[-122.99158799999998,38.22762499999999],[-122.98979400000002,38.226764],[-122.98899399999999,38.22634399999998],[-122.98855700000001,38.22603700000002],[-122.98843599999998,38.225904000000014],[-122.98838699999999,38.22578900000002],[-122.98836299999999,38.22565500000002],[-122.98838699999999,38.225540000000024],[-122.98855700000001,38.225292000000024],[-122.98882400000002,38.2251],[-122.98916300000002,38.224965999999995],[-122.98952700000001,38.224890000000016],[-122.99071500000002,38.224793999999974],[-122.99085330000003,38.224784899999975],[-122.99246099999999,38.22467899999998],[-122.99447300000003,38.22450700000002],[-122.99544300000002,38.224334999999996],[-122.99583100000001,38.224181999999985],[-122.99617,38.22399100000001],[-122.99646100000001,38.223761000000025],[-122.99668000000003,38.22353199999998],[-122.99689799999999,38.22328299999998],[-122.99704300000002,38.22303499999998],[-122.997165,38.222766999999976],[-122.99723699999998,38.22246100000001],[-122.99731000000003,38.221790999999996],[-122.99731000000003,38.221428],[-122.99726099999998,38.22108400000002],[-122.99714,38.220394999999996],[-122.99697099999997,38.219821000000024],[-122.996849,38.219629999999995],[-122.99670400000002,38.21949599999999],[-122.99638900000002,38.21928600000001],[-122.99595199999999,38.219093999999984],[-122.99541900000003,38.21895999999998],[-122.99510400000003,38.21890300000001],[-122.99476399999998,38.218884],[-122.99391600000001,38.218884],[-122.99279999999999,38.21897899999999],[-122.99219399999998,38.219037000000014],[-122.99012169999997,38.21941079999999],[-122.98887409999998,38.21978480000001],[-122.98735210000001,38.2206903],[-122.98685519999998,38.22121290000001],[-122.98675329999998,38.221320100000014],[-122.986379,38.22161540000002],[-122.9859798,38.22175320000002],[-122.98562299999998,38.221810000000005],[-122.98479900000001,38.221677],[-122.984532,38.221581000000015],[-122.98436199999998,38.22146600000002],[-122.984265,38.22127499999999],[-122.984193,38.220950000000016],[-122.98409600000002,38.22008899999997],[-122.98402299999998,38.21953400000001],[-122.983878,38.218845999999985],[-122.98375600000003,38.21775500000001],[-122.98370799999998,38.21700900000002],[-122.98370799999998,38.216091000000006],[-122.98365899999999,38.21383400000002],[-122.98364249999997,38.21334209999998],[-122.98340180000002,38.21294660000001],[-122.98298069999998,38.21275680000002],[-122.98263989999998,38.21285169999999],[-122.9820383,38.21296239999998],[-122.981537,38.212978299999975],[-122.98125900000002,38.21297299999998],[-122.98087099999998,38.21280100000001],[-122.98062900000002,38.212648],[-122.98007100000001,38.21224599999999],[-122.979537,38.211749],[-122.97910100000001,38.211231999999995],[-122.97873700000002,38.210639000000015],[-122.97844600000002,38.210027000000025],[-122.97818000000001,38.20939600000003],[-122.97786400000001,38.20878299999998],[-122.97752500000001,38.20817099999999],[-122.97713700000003,38.20759700000002],[-122.97642810000002,38.206314099999986],[-122.9761297,38.205933000000016],[-122.97453860000002,38.20522679999999],[-122.97216700000001,38.20375200000001],[-122.97124500000001,38.20317799999998],[-122.96966900000001,38.202336],[-122.96891799999997,38.201877000000025],[-122.96838400000001,38.201378999999974],[-122.96794799999998,38.20084300000002],[-122.96755999999999,38.20026899999999],[-122.96724499999999,38.199599999999975],[-122.96712300000002,38.19885399999998],[-122.96709900000002,38.19793499999997],[-122.96712300000002,38.196844999999996],[-122.96714800000001,38.19623200000001],[-122.96712300000002,38.19563900000003],[-122.96705100000003,38.19445300000001],[-122.96695399999999,38.19217600000002],[-122.966929,38.191103999999996],[-122.96683200000001,38.190031999999974],[-122.96668699999998,38.18815699999999],[-122.96666299999998,38.18735299999997],[-122.96668699999998,38.18656900000002],[-122.96668699999998,38.186148],[-122.96661399999999,38.18570799999998],[-122.966275,38.18471199999999]]]},"properties":{"OBJECTID":716739,"OBJL":86,"CATOBS":" ","CONDTN":null,"EXPSOU":null,"HEIGHT":null,"NATCON":null,"NATQUA":null,"OBJNAM":null,"PRODCT":null,"QUASOU":"2","SOUACC":null,"TECSOU":null,"VALSOU":null,"VERACC":null,"VERDAT":null,"VERLEN":null,"WATLEV":3,"NATSUR":null,"INFORM":null,"SCAMIN":null,"SORDAT":"201305","SORIND":"US,US,graph,Chart 18640","DSNM":"US3CA14M.000","SHAPE.AREA":0.00027572303836,"SHAPE.LEN":0.202299852100048,"enc_service":"enc_coastal","enc_layer":"Obstruction_area","enc_layer_id":118}},{"type":"Feature","id":716844,"geometry":{"type":"Polygon","coordinates":[[[-122.94884200000001,38.160173999999984],[-122.94898699999999,38.160154999999975],[-122.949545,38.160117000000014],[-122.949593,38.159887000000026],[-122.949593,38.15925499999997],[-122.94973900000002,38.15862299999998],[-122.94966599999998,38.157512999999994],[-122.94879300000002,38.157398],[-122.94847800000002,38.15735999999998],[-122.948575,38.158068000000014],[-122.94871999999998,38.15877599999999],[-122.94879300000002,38.15948500000002],[-122.94884200000001,38.160173999999984]]]},"properties":{"OBJECTID":716844,"OBJL":86,"CATOBS":" ","CONDTN":null,"EXPSOU":null,"HEIGHT":null,"NATCON":null,"NATQUA":null,"OBJNAM":null,"PRODCT":null,"QUASOU":"2","SOUACC":null,"TECSOU":null,"VALSOU":null,"VERACC":null,"VERDAT":null,"VERLEN":null,"WATLEV":3,"NATSUR":null,"INFORM":null,"SCAMIN":null,"SORDAT":"20000708","SORIND":"US,US,graph,Chart 18640","DSNM":"US3CA1GE.000","SHAPE.AREA":2.61055e-06,"SHAPE.LEN":0.007372153434361281,"enc_service":"enc_coastal","enc_layer":"Obstruction_area","enc_layer_id":118}},{"type":"Feature","id":716752,"geometry":{"type":"Polygon","coordinates":[[[-122.94884200000001,38.160173999999984],[-122.94898699999999,38.160154999999975],[-122.949545,38.160117000000014],[-122.949593,38.159887000000026],[-122.949593,38.15925499999997],[-122.94973900000002,38.15862299999998],[-122.94966599999998,38.157512999999994],[-122.94879300000002,38.157398],[-122.94847800000002,38.15735999999998],[-122.948575,38.158068000000014],[-122.94871999999998,38.15877599999999],[-122.94879300000002,38.15948500000002],[-122.94884200000001,38.160173999999984]]]},"properties":{"OBJECTID":716752,"OBJL":86,"CATOBS":" ","CONDTN":null,"EXPSOU":null,"HEIGHT":null,"NATCON":null,"NATQUA":null,"OBJNAM":null,"PRODCT":null,"QUASOU":"2","SOUACC":null,"TECSOU":null,"VALSOU":null,"VERACC":null,"VERDAT":null,"VERLEN":null,"WATLEV":3,"NATSUR":null,"INFORM":null,"SCAMIN":null,"SORDAT":"20000708","SORIND":"US,US,graph,Chart 18640","DSNM":"US3CA14M.000","SHAPE.AREA":2.61055e-06,"SHAPE.LEN":0.007372153434361281,"enc_service":"enc_coastal","enc_layer":"Obstruction_area","enc_layer_id":118}},{"type":"Feature","id":716744,"geometry":{"type":"Polygon","coordinates":[[[-122.96455300000002,38.18253099999998],[-122.96484400000003,38.182435],[-122.96598399999999,38.182052],[-122.96697799999998,38.181861000000026],[-122.967827,38.181689000000006],[-122.968142,38.18159300000002],[-122.96838400000001,38.18145900000002],[-122.968796,38.181172000000004],[-122.969063,38.18084700000003],[-122.96925700000003,38.18050199999999],[-122.969378,38.180138],[-122.9693916,38.17993100000001],[-122.969403,38.179756],[-122.96933000000001,38.179373],[-122.96918399999998,38.17897099999999],[-122.96896600000002,38.17862600000001],[-122.96862700000003,38.178319999999985],[-122.96838400000001,38.17818599999998],[-122.96806900000001,38.17807099999999],[-122.96775400000001,38.177976],[-122.96741400000002,38.17791799999998],[-122.96705100000003,38.177899000000025],[-122.96668699999998,38.177936999999986],[-122.965935,38.17807099999999],[-122.96576700000003,38.17813510000002],[-122.96523200000001,38.178338999999994],[-122.96457800000002,38.178702999999985],[-122.96428700000001,38.17891400000002],[-122.96402,38.17916200000002],[-122.96334100000001,38.17994700000003],[-122.96232300000003,38.181325000000015],[-122.96331700000002,38.18147800000003],[-122.96455300000002,38.18253099999998]],[[-122.96512990000002,38.18056539999998],[-122.9652509,38.18060439999999],[-122.96534789999998,38.1806234],[-122.96549390000001,38.180738399999996],[-122.9655419,38.180929400000025],[-122.96551790000001,38.18104440000002],[-122.96544490000002,38.1812544],[-122.96532389999999,38.18144640000003],[-122.96515390000002,38.1816374],[-122.96483890000002,38.18167540000002],[-122.9646449,38.18159939999998],[-122.96454790000001,38.1813884],[-122.96453530000002,38.181237899999985],[-122.96452390000002,38.18110139999999],[-122.9645314,38.181059600000026],[-122.96457190000001,38.18083339999998],[-122.964606,38.18075329999999],[-122.9646209,38.18071839999999],[-122.964677,38.18066349999998],[-122.96471789999998,38.1806234],[-122.9649599,38.18056539999998],[-122.96512990000002,38.18056539999998]]]},"properties":{"OBJECTID":716744,"OBJL":86,"CATOBS":" ","CONDTN":null,"EXPSOU":null,"HEIGHT":null,"NATCON":null,"NATQUA":null,"OBJNAM":null,"PRODCT":null,"QUASOU":"2","SOUACC":null,"TECSOU":null,"VALSOU":null,"VERACC":null,"VERDAT":null,"VERLEN":null,"WATLEV":3,"NATSUR":null,"INFORM":null,"SCAMIN":null,"SORDAT":"20000708","SORIND":"US,US,graph,Chart 18640","DSNM":"US3CA14M.000","SHAPE.AREA":2.0353187049999997e-05,"SHAPE.LEN":0.021575030155850702,"enc_service":"enc_coastal","enc_layer":"Obstruction_area","enc_layer_id":118}},{"type":"Feature","id":716743,"geometry":{"type":"Polygon","coordinates":[[[-122.97750100000002,38.26884899999999],[-122.977646,38.268658000000016],[-122.97786400000001,38.26846699999999],[-122.97810700000002,38.26821799999999],[-122.97842200000002,38.26796999999999],[-122.97876200000002,38.267664000000025],[-122.97907700000002,38.267300999999975],[-122.97941600000001,38.266880000000015],[-122.97975600000001,38.26638300000002],[-122.98002200000002,38.26588600000002],[-122.980144,38.265466],[-122.980119,38.26512100000002],[-122.97994999999997,38.264835000000005],[-122.97939200000002,38.26435700000002],[-122.97873700000002,38.263936],[-122.97837399999997,38.26366899999999],[-122.97803399999998,38.263305],[-122.97771899999998,38.26282800000001],[-122.97708899999998,38.26168100000001],[-122.97674899999998,38.261221999999975],[-122.97640999999999,38.260897],[-122.97624000000002,38.260763],[-122.97614299999998,38.26070600000003],[-122.976046,38.26066700000001],[-122.975682,38.26049499999999],[-122.97534300000001,38.26028500000001],[-122.97500300000002,38.26005600000002],[-122.97471200000001,38.25980700000002],[-122.974131,38.259157000000016],[-122.9735,38.25825800000001],[-122.97303900000003,38.257379000000014],[-122.972894,38.25682499999999],[-122.97291799999999,38.25648000000001],[-122.97299099999998,38.256213],[-122.97313600000001,38.25602199999997],[-122.97384,38.25546700000001],[-122.97400900000002,38.25525699999997],[-122.97408200000001,38.25508500000001],[-122.974106,38.25491299999999],[-122.97408200000001,38.254759999999976],[-122.97403400000002,38.25458800000001],[-122.97391199999998,38.254435],[-122.97371800000002,38.25424400000003],[-122.97337900000002,38.254013999999984],[-122.97291799999999,38.253765999999985],[-122.97233599999998,38.25359400000002],[-122.97117200000002,38.25330700000001],[-122.97093000000001,38.25321100000002],[-122.970688,38.253039],[-122.97049399999997,38.25282900000002],[-122.970324,38.252561000000014],[-122.97017799999998,38.252274],[-122.970081,38.25196799999998],[-122.96998400000001,38.25141400000001],[-122.96991200000002,38.25080200000002],[-122.969718,38.250133000000005],[-122.96957200000003,38.24946399999999],[-122.96959529999998,38.2488879],[-122.96959600000002,38.24887100000001],[-122.969718,38.24829699999998],[-122.96976599999999,38.247724000000005],[-122.96993600000002,38.246384999999975],[-122.97010599999999,38.24563999999998],[-122.970324,38.244951000000015],[-122.970663,38.243651],[-122.970688,38.243307000000016],[-122.970663,38.24290500000001],[-122.97046899999998,38.24189200000001],[-122.96988700000003,38.24334499999998],[-122.96983219999998,38.24351380000002],[-122.969378,38.244913],[-122.96937000000003,38.24493960000001],[-122.9685437,38.247687499999984],[-122.968481,38.247896000000026],[-122.968166,38.249329999999986],[-122.96804500000002,38.25009499999999],[-122.96799600000003,38.25089800000001],[-122.968142,38.252943000000016],[-122.96838400000001,38.25346000000002],[-122.96855399999998,38.25407200000001],[-122.96913599999999,38.25439699999998],[-122.96940360000002,38.2545844],[-122.96963779999999,38.25474839999998],[-122.96978999999999,38.25485500000002],[-122.97027500000002,38.255179999999996],[-122.97049399999997,38.255448],[-122.97052819999999,38.25565879999999],[-122.97061500000001,38.256193999999994],[-122.97067420000002,38.25717040000001],[-122.970688,38.25739800000002],[-122.97085700000002,38.25866000000002],[-122.97114800000003,38.25934799999999],[-122.97168199999999,38.25973099999999],[-122.97212259999998,38.26005789999999],[-122.97237890000002,38.26024799999999],[-122.97291799999999,38.260648],[-122.97386399999999,38.26120300000002],[-122.97422799999998,38.26148899999998],[-122.97434900000002,38.26210099999997],[-122.97434900000002,38.26269400000001],[-122.9744217,38.26284190000001],[-122.97445290000002,38.2629053],[-122.974809,38.26362999999998],[-122.97592500000002,38.26487300000002],[-122.9763724,38.26539059999999],[-122.976652,38.265714],[-122.97702329999998,38.2660176],[-122.977283,38.26623000000001],[-122.97769679999999,38.2663872],[-122.97798419999998,38.26668919999997],[-122.97798719999997,38.26669240000001],[-122.97796570000003,38.2670832],[-122.97796299999999,38.26713130000002],[-122.97787629999999,38.267404699999986],[-122.97784200000001,38.26751280000002],[-122.97766999999999,38.267912000000024],[-122.97752500000001,38.26821799999999],[-122.97750100000002,38.268505000000005],[-122.97750100000002,38.26884899999999]]]},"properties":{"OBJECTID":716743,"OBJL":86,"CATOBS":" ","CONDTN":null,"EXPSOU":null,"HEIGHT":null,"NATCON":null,"NATQUA":null,"OBJNAM":null,"PRODCT":null,"QUASOU":"2","SOUACC":null,"TECSOU":null,"VALSOU":null,"VERACC":null,"VERDAT":null,"VERLEN":null,"WATLEV":3,"NATSUR":null,"INFORM":null,"SCAMIN":null,"SORDAT":"201305","SORIND":"US,US,graph,Chart 18640","DSNM":"US3CA14M.000","SHAPE.AREA":5.9553895565000004e-05,"SHAPE.LEN":0.0657231111775405,"enc_service":"enc_coastal","enc_layer":"Obstruction_area","enc_layer_id":118}},{"type":"Feature","id":716851,"geometry":{"type":"Polygon","coordinates":[[[-122.966275,38.18471199999999],[-122.96554700000002,38.18488500000001],[-122.96526829999999,38.18506480000002],[-122.96474699999999,38.18540100000001],[-122.96426200000002,38.186301000000014],[-122.96418999999997,38.187162],[-122.96399600000001,38.188061000000005],[-122.96384999999998,38.18890299999998],[-122.964068,38.189707],[-122.96445599999998,38.190606],[-122.96474699999999,38.19181200000003],[-122.96494100000001,38.19255800000002],[-122.96486800000002,38.19447200000002],[-122.96474699999999,38.195944999999995],[-122.96474699999999,38.19613700000002],[-122.96499,38.19724600000001],[-122.96549900000002,38.19868100000002],[-122.96642000000003,38.20051799999999],[-122.967487,38.20199100000002],[-122.968117,38.20289100000002],[-122.96857799999998,38.203062999999986],[-122.969427,38.203254000000015],[-122.96982050000003,38.203594099999975],[-122.96993600000002,38.203693999999984],[-122.97023200000001,38.204147999999975],[-122.970348,38.20432599999998],[-122.970688,38.205129],[-122.97085700000002,38.206162000000006],[-122.97136599999999,38.20700399999998],[-122.972264,38.207808],[-122.973185,38.208477000000016],[-122.97437300000001,38.20907],[-122.97522199999997,38.209338],[-122.97546399999999,38.20960600000001],[-122.97575499999999,38.210447999999985],[-122.976652,38.21148099999999],[-122.977574,38.212207999999976],[-122.97842200000002,38.21287699999999],[-122.97915,38.213413],[-122.97985299999999,38.213719000000026],[-122.980119,38.213986999999975],[-122.980119,38.21461799999997],[-122.98026499999997,38.21521100000001],[-122.98062900000002,38.21601500000003],[-122.980798,38.21641599999998],[-122.9808208,38.2164358],[-122.981041,38.21662700000002],[-122.98104699999999,38.21667710000003],[-122.981089,38.21702800000003],[-122.981089,38.217850999999996],[-122.98102110000002,38.21855099999999],[-122.98092000000003,38.21959199999998],[-122.98092000000003,38.220529],[-122.98067700000001,38.220797000000005],[-122.98055979999998,38.2209201],[-122.980459,38.221025999999995],[-122.980459,38.22146600000002],[-122.98092000000003,38.22177199999999],[-122.98125900000002,38.22203999999999],[-122.98138,38.22259500000001],[-122.98164700000001,38.22326399999997],[-122.98244699999998,38.224106000000006],[-122.98336799999998,38.224545999999975],[-122.98433799999998,38.22477500000002],[-122.98511400000001,38.224909000000025],[-122.985478,38.225176999999974],[-122.98569600000002,38.225577999999985],[-122.98574500000001,38.225904000000014],[-122.98591399999998,38.226305000000025],[-122.98649599999999,38.226516000000004],[-122.9868214,38.22682709999998],[-122.98683599999998,38.22684099999998],[-122.987054,38.227337999999975],[-122.98715199999998,38.22774850000002],[-122.98729600000001,38.22835199999997],[-122.98742670000001,38.22862249999997],[-122.98750919999998,38.22879330000001],[-122.987684,38.22915499999999],[-122.98819300000002,38.229480000000024],[-122.98882400000002,38.22971000000001],[-122.98933299999999,38.23014999999998],[-122.98945889999999,38.2302641],[-122.99014260000001,38.23088360000003],[-122.99098670000001,38.23164839999998],[-122.9915115,38.232123899999976],[-122.99161199999998,38.232215],[-122.99181879999998,38.23237799999998],[-122.99195200000003,38.232483],[-122.99195650000001,38.23252789999998],[-122.9919825,38.23279000000002],[-122.992121,38.234185000000025],[-122.9921445,38.234377600000016],[-122.99216999999999,38.234586999999976],[-122.99246210000001,38.23480540000003],[-122.99263000000002,38.23493100000002],[-122.9932882,38.235286900000006],[-122.99347899999998,38.235389999999995],[-122.99355229999998,38.235447599999986],[-122.99381899999997,38.235657],[-122.9939101,38.235783500000025],[-122.994012,38.23592500000001],[-122.99394000000001,38.236001999999985],[-122.99355200000002,38.236671],[-122.99355200000002,38.23699599999998],[-122.99372499999998,38.2372934],[-122.99381899999997,38.23745500000001],[-122.99423100000001,38.23776099999998],[-122.9943255,38.23791840000001],[-122.99444899999997,38.23812400000003],[-122.99473999999998,38.23875600000002],[-122.99494850000002,38.23917590000002],[-122.994958,38.239194999999995],[-122.99500699999999,38.23942499999998],[-122.99502749999999,38.23945090000001],[-122.99512800000002,38.239577999999995],[-122.99532199999999,38.24005599999998],[-122.99536999999998,38.24030399999998],[-122.99534599999998,38.24055299999998],[-122.995273,38.24074400000001],[-122.99514340000002,38.240915599999994],[-122.99512800000002,38.24093599999998],[-122.994934,38.24104999999997],[-122.99478800000003,38.24106899999998],[-122.99452200000002,38.24089700000002],[-122.994012,38.240362000000005],[-122.993649,38.239825999999994],[-122.993382,38.239597],[-122.99253299999998,38.239463],[-122.99200000000002,38.239367000000016],[-122.991442,38.239022999999975],[-122.99086,38.23862200000002],[-122.99008500000002,38.23829699999999],[-122.9894956,38.23807260000001],[-122.98945659999998,38.23805779999998],[-122.98938099999998,38.23802899999998],[-122.98853300000002,38.23799100000002],[-122.9884012,38.23797239999999],[-122.98787229999999,38.2378976],[-122.98785400000003,38.23789499999998],[-122.98762720000002,38.2377803],[-122.98751399999998,38.23772300000002],[-122.98722400000003,38.23712999999998],[-122.98693550000002,38.236930700000016],[-122.98683599999998,38.236861999999974],[-122.9864996,38.2367251],[-122.986084,38.23655600000001],[-122.98557499999998,38.23638399999999],[-122.98528590000001,38.23610769999999],[-122.98523499999999,38.23605900000001],[-122.9852012,38.235990800000025],[-122.98510169999997,38.23579000000001],[-122.98504689999999,38.23567939999998],[-122.98501700000003,38.235618999999986],[-122.98467799999997,38.23516000000001],[-122.984217,38.23498799999999],[-122.98341699999997,38.234586999999976],[-122.98297960000002,38.23437689999997],[-122.98285900000002,38.23431900000003],[-122.98244699999998,38.233821999999975],[-122.98242299999998,38.233802000000026],[-122.98227700000001,38.23408899999998],[-122.98215599999997,38.23431900000003],[-122.98215599999997,38.234452999999974],[-122.98220500000002,38.234644],[-122.98259200000001,38.23525599999999],[-122.98312600000003,38.23592500000001],[-122.98458099999999,38.237378999999976],[-122.98615699999999,38.238793999999984],[-122.987345,38.239959999999996],[-122.98829,38.240801999999974],[-122.98899399999999,38.24128000000002],[-122.98933299999999,38.24141400000002],[-122.98976900000002,38.24150900000001],[-122.99030299999998,38.24160499999999],[-122.99088499999999,38.24166200000002],[-122.99105400000002,38.24166200000002],[-122.99122399999999,38.24168100000003],[-122.99137000000002,38.24169999999998],[-122.99151499999999,38.241738999999995],[-122.992121,38.241911000000016],[-122.99213229999998,38.241916600000025],[-122.99265500000001,38.242178000000024],[-122.99279999999999,38.242255],[-122.99292100000002,38.24233099999998],[-122.99316399999998,38.242523000000006],[-122.99413399999997,38.243210999999974],[-122.99507899999998,38.243765999999994],[-122.995904,38.24405200000001],[-122.99624299999999,38.24405200000001],[-122.996534,38.243975999999975],[-122.996801,38.243785],[-122.99704300000002,38.24347899999998],[-122.99728599999997,38.24305800000002],[-122.99748,38.242523000000006],[-122.99751550000002,38.242315099999985],[-122.99760099999997,38.241814999999974],[-122.99762500000003,38.241624],[-122.99762500000003,38.241183999999976],[-122.99760099999997,38.24093599999998],[-122.99748,38.23986500000001],[-122.99721299999999,38.23860300000001],[-122.99694599999998,38.237302],[-122.99675200000001,38.23609699999997],[-122.99668000000003,38.23498799999999],[-122.99670400000002,38.234013000000004],[-122.99672800000002,38.23307599999998],[-122.996558,38.23217699999998],[-122.99626699999999,38.23131599999999],[-122.99614600000001,38.23110600000001],[-122.99604900000003,38.230894999999975],[-122.99592799999999,38.230704],[-122.99578200000002,38.23049400000002],[-122.99552990000001,38.23011530000002],[-122.99529799999999,38.22976699999998],[-122.99486100000001,38.22921200000002],[-122.99442499999998,38.22875299999998],[-122.994279,38.22863899999999],[-122.99420600000002,38.22861999999998],[-122.9936864,38.22837729999998],[-122.993673,38.22837099999998],[-122.993067,38.22818000000001],[-122.99236400000001,38.22795000000002],[-122.99158799999998,38.22762499999999],[-122.98979400000002,38.226764],[-122.98899399999999,38.22634399999998],[-122.98855700000001,38.22603700000002],[-122.98843599999998,38.225904000000014],[-122.98838699999999,38.22578900000002],[-122.98836299999999,38.22565500000002],[-122.98838699999999,38.225540000000024],[-122.98855700000001,38.225292000000024],[-122.98882400000002,38.2251],[-122.98916300000002,38.224965999999995],[-122.98952700000001,38.224890000000016],[-122.99071500000002,38.224793999999974],[-122.99085330000003,38.224784899999975],[-122.99246099999999,38.22467899999998],[-122.99447300000003,38.22450700000002],[-122.99544300000002,38.224334999999996],[-122.99583100000001,38.224181999999985],[-122.99617,38.22399100000001],[-122.99646100000001,38.223761000000025],[-122.99668000000003,38.22353199999998],[-122.99689799999999,38.22328299999998],[-122.99704300000002,38.22303499999998],[-122.997165,38.222766999999976],[-122.99723699999998,38.22246100000001],[-122.99731000000003,38.221790999999996],[-122.99731000000003,38.221428],[-122.99726099999998,38.22108400000002],[-122.99714,38.220394999999996],[-122.99697099999997,38.219821000000024],[-122.996849,38.219629999999995],[-122.99670400000002,38.21949599999999],[-122.99638900000002,38.21928600000001],[-122.99595199999999,38.219093999999984],[-122.99541900000003,38.21895999999998],[-122.99510400000003,38.21890300000001],[-122.99476399999998,38.218884],[-122.99391600000001,38.218884],[-122.99279999999999,38.21897899999999],[-122.99219399999998,38.219037000000014],[-122.99012169999997,38.21941079999999],[-122.98887409999998,38.21978480000001],[-122.98735210000001,38.2206903],[-122.98685519999998,38.22121290000001],[-122.98675329999998,38.221320100000014],[-122.986379,38.22161540000002],[-122.9859798,38.22175320000002],[-122.98562299999998,38.221810000000005],[-122.98479900000001,38.221677],[-122.984532,38.221581000000015],[-122.98436199999998,38.22146600000002],[-122.984265,38.22127499999999],[-122.984193,38.220950000000016],[-122.98409600000002,38.22008899999997],[-122.98402299999998,38.21953400000001],[-122.983878,38.218845999999985],[-122.98375600000003,38.21775500000001],[-122.98370799999998,38.21700900000002],[-122.98370799999998,38.216091000000006],[-122.98365899999999,38.21383400000002],[-122.98364249999997,38.21334209999998],[-122.98340180000002,38.21294660000001],[-122.98298069999998,38.21275680000002],[-122.98263989999998,38.21285169999999],[-122.9820383,38.21296239999998],[-122.981537,38.212978299999975],[-122.98125900000002,38.21297299999998],[-122.98087099999998,38.21280100000001],[-122.98062900000002,38.212648],[-122.98007100000001,38.21224599999999],[-122.979537,38.211749],[-122.97910100000001,38.211231999999995],[-122.97873700000002,38.210639000000015],[-122.97844600000002,38.210027000000025],[-122.97818000000001,38.20939600000003],[-122.97786400000001,38.20878299999998],[-122.97752500000001,38.20817099999999],[-122.97713700000003,38.20759700000002],[-122.97642810000002,38.206314099999986],[-122.9761297,38.205933000000016],[-122.97453860000002,38.20522679999999],[-122.97216700000001,38.20375200000001],[-122.97124500000001,38.20317799999998],[-122.96966900000001,38.202336],[-122.96891799999997,38.201877000000025],[-122.96838400000001,38.201378999999974],[-122.96794799999998,38.20084300000002],[-122.96755999999999,38.20026899999999],[-122.96724499999999,38.199599999999975],[-122.96712300000002,38.19885399999998],[-122.96709900000002,38.19793499999997],[-122.96712300000002,38.196844999999996],[-122.96714800000001,38.19623200000001],[-122.96712300000002,38.19563900000003],[-122.96705100000003,38.19445300000001],[-122.96695399999999,38.19217600000002],[-122.966929,38.191103999999996],[-122.96683200000001,38.190031999999974],[-122.96668699999998,38.18815699999999],[-122.96666299999998,38.18735299999997],[-122.96668699999998,38.18656900000002],[-122.96668699999998,38.186148],[-122.96661399999999,38.18570799999998],[-122.966275,38.18471199999999]]]},"properties":{"OBJECTID":716851,"OBJL":86,"CATOBS":" ","CONDTN":null,"EXPSOU":null,"HEIGHT":null,"NATCON":null,"NATQUA":null,"OBJNAM":null,"PRODCT":null,"QUASOU":"2","SOUACC":null,"TECSOU":null,"VALSOU":null,"VERACC":null,"VERDAT":null,"VERLEN":null,"WATLEV":3,"NATSUR":null,"INFORM":null,"SCAMIN":null,"SORDAT":"201305","SORIND":"US,US,graph,Chart 18640","DSNM":"US3CA1GE.000","SHAPE.AREA":0.00027572303836,"SHAPE.LEN":0.202299852100048,"enc_service":"enc_coastal","enc_layer":"Obstruction_area","enc_layer_id":118}}]}
