{"type":"FeatureCollection","schema_version":1,"scope":"cdfw-predicted-hard-substrate-context","coast_id":"mendocino","compiled_at":"2026-09-23T21:41:09.985617+00:00","source_catalog_url":"https://filelib.wildlife.ca.gov/public/BDB/GIS/BIOS/metadata/ds3091.html","source_service_url":"https://tiledimageservices2.arcgis.com/Uq9r85Potqm3MfRV/arcgis/rest/services/biosds3091_cru/ImageServer","method":"CDFW ds3091 level-7 40 m LERC overview; hard-class components >=100 cells, simplified to 20 m, cut by current complete CDFW MPA polygons plus 100 m display buffer.","limitations":["Predicted rugosity proxy, not verified rock or native survey bathymetry.","Source includes interpolated shallow gaps and varying original resolutions.","Patches smaller than 0.16 km\u00b2 are omitted; displayed borders are coarse.","No fish presence, legal depth, catch success, or navigational accuracy is inferred."],"features":[{"type":"Feature","geometry":{"type":"Polygon","coordinates":[[[-124.08344889212232,40.04598615452224],[-124.0834287011997,40.04562639928186],[-124.0843656969023,40.04559538704515],[-124.08432530641265,40.04487587714925],[-124.08291982642402,40.04492239235478],[-124.08289963841077,40.04456263729654],[-124.08430511146719,40.04451612233263],[-124.08426472217505,40.043796612961906],[-124.08285926298281,40.04384312744264],[-124.08283907556809,40.04348337264694],[-124.08471301151594,40.04342135010637],[-124.08467261880001,40.04270184142163],[-124.0851410976668,40.042686331503816],[-124.08512089929765,40.04232657737316],[-124.08416375243722,40.0419978410659],[-124.08414355908835,40.04163808694899],[-124.08461203122303,40.04162257905028],[-124.0844908614577,40.0394640566668],[-124.0840224031858,40.0394795640823],[-124.08382049264462,40.03588203295351],[-124.08428892781365,40.035866526343234],[-124.08426873554676,40.03550677379041],[-124.08380030268788,40.03552228032017],[-124.08371954485592,40.034083270657945],[-124.08465639189335,40.0340522564652],[-124.08461600493423,40.033332752478586],[-124.08414758613534,40.03334826030255],[-124.08412739526511,40.03298850835927],[-124.08506422804336,40.032957491095125],[-124.08504403275268,40.03259773939989],[-124.08551244653253,40.03258222818248],[-124.08547205192995,40.03186272521405],[-124.08500364276998,40.0318782362704],[-124.08492286519913,40.030439231054885],[-124.08539126511963,40.03042372032062],[-124.08533067710727,40.02934446756303],[-124.08579906989887,40.029328955293174],[-124.08575867426893,40.02860945405013],[-124.0862270622415,40.02859394016419],[-124.0862068624162,40.028234189753434],[-124.08480170482885,40.028280725838314],[-124.08478151213214,40.027920975272814],[-124.0843131281803,40.027936483666345],[-124.08380436847266,40.02723248909014],[-124.08195102678991,40.02765424801579],[-124.08191067010958,40.026934746352964],[-124.0833158035718,40.02688824322186],[-124.0832956186019,40.026528492761955],[-124.0837639937142,40.026512988244534],[-124.0830937798713,40.022930992930604],[-124.08213689708019,40.022602245357476],[-124.08209654136311,40.02188274628193],[-124.08256488685157,40.02186724636451],[-124.08254470698277,40.02150749703697],[-124.08207636380358,40.02152299687394],[-124.0815676705225,40.020818996216725],[-124.08065116263758,40.02120973616047],[-124.08063099240447,40.02084998668426],[-124.08016265304651,40.02086547925262],[-124.08012231779654,40.02014598039885],[-124.07918564771975,40.020176959883244],[-124.07920581062673,40.02053670942764],[-124.07731230517601,40.02023889752886],[-124.07725184536031,40.01915964845014],[-124.07631518674874,40.01919060612944],[-124.07629503849331,40.01883085644874],[-124.07582671119806,40.01884633254274],[-124.07584685714436,40.019206082303754],[-124.07491019733853,40.01923702932162],[-124.07493033886553,40.019596779329646],[-124.0739936736454,40.01962771940044],[-124.07393326351621,40.01854846915401],[-124.0744015892983,40.018533000247885],[-124.07482963322032,40.01779803015368],[-124.07623459492129,40.01775160792506],[-124.07621444746205,40.01739185858987],[-124.0748094926882,40.017438280577615],[-124.0747692122209,40.016718781684574],[-124.07523752605984,40.01670330962608],[-124.07521738381566,40.01634356038929],[-124.07428076055683,40.0163745025689],[-124.07426062312953,40.0160147532579],[-124.07517709992426,40.015624062174645],[-124.07515695827703,40.015264313196724],[-124.07468865367389,40.01527978493411],[-124.07466851453454,40.01492003596217],[-124.07513681682877,40.01490456430505],[-124.07507639367785,40.013825318147376],[-124.0755446888466,40.013809844954295],[-124.07552454588543,40.01345009648776],[-124.0759928385464,40.01343462159818],[-124.07601298381636,40.013794369984446],[-124.07741786753147,40.01374793441429],[-124.07737756333789,40.013028438209744],[-124.07784585289393,40.01301295629348],[-124.077825698787,40.01265320840075],[-124.07923055933423,40.0126067522325],[-124.0792103985003,40.01224700466691],[-124.0796786826424,40.012231515804395],[-124.07971900912685,40.01295101086098],[-124.08018729768716,40.012935520061],[-124.08016713203662,40.01257577257001],[-124.08063541808902,40.01256028007367],[-124.08106336400397,40.01182529139845],[-124.08012680133315,40.01185627784638],[-124.08010663628022,40.011496530613705],[-124.07870179770599,40.011542996719164],[-124.07912975715608,40.010808015265525],[-124.07819320674366,40.010838987017735],[-124.07817305152267,40.01047923972188],[-124.07864132451986,40.01046375481444],[-124.0786211671894,40.01010400768496],[-124.07815289650077,40.01011949251206],[-124.07811258705428,40.00939999835046],[-124.07719620432061,40.00979070955185],[-124.07715590450636,40.00907121524101],[-124.07668764014613,40.009086694497206],[-124.07670778764523,40.009446441689924],[-124.07577125371073,40.009477395032945],[-124.07575111082865,40.00911764767969],[-124.07528284587146,40.00913312160598],[-124.0752425653212,40.00841362699682],[-124.07428590868416,40.00808482186222],[-124.07424563856127,40.007365327447744],[-124.07471389237408,40.007349857476],[-124.07473402964449,40.00770960456004],[-124.07520228556676,40.00769413273146],[-124.07518214598794,40.00733438572765],[-124.0761387968145,40.00766318374443],[-124.07609850862225,40.00694369014379],[-124.07563025771464,40.00695916536505],[-124.07561011622532,40.00659941861334],[-124.07467361843,40.00663036356559],[-124.07463334528154,40.0059108699987],[-124.07416510070219,40.00592633964949],[-124.07373711983904,40.00666130141155],[-124.07280062045263,40.00669223215113],[-124.07282074809173,40.007051979384286],[-124.07235249579192,40.007067442169394],[-124.07233237046118,40.006707694856054],[-124.07186412027097,40.00672315578437],[-124.07180375239659,40.00564391411896],[-124.07133550893259,40.005659373030134],[-124.07129526929339,40.00493987885537],[-124.07082703024723,40.004955335829656],[-124.07084714765922,40.00531508295428],[-124.06991066435425,40.0053459917335],[-124.06989055155883,40.004986244448546],[-124.07035879100238,40.004970791027375],[-124.07078679601945,40.00423584183779],[-124.06985032656402,40.004266750136075],[-124.06983021436461,40.0039070031085],[-124.06889374873099,40.00393790414041],[-124.0688736413466,40.00357815703835],[-124.06840541054007,40.0035936048094],[-124.06846572636437,40.00467284661325],[-124.06799748843456,40.0046882928481],[-124.06795728230291,40.00396879806621],[-124.06748904879102,40.00398424236431],[-124.06750914944935,40.004343989792474],[-124.06704091343067,40.00435943239412],[-124.06706101197926,40.00471917998816],[-124.06659277345383,40.004734620893366],[-124.06616472318953,40.00546955578781],[-124.06710120967207,40.00543867543364],[-124.06712130881627,40.0057984232851],[-124.06758955406806,40.00578298036308],[-124.06760965571914,40.00614272822032],[-124.06901439720816,40.0060963885544],[-124.06897418025461,40.00537689340647],[-124.06850593790686,40.0053923415781],[-124.06848583203632,40.005032594052764],[-124.06942231191664,40.005001696093174],[-124.06946253308952,40.005721190909185],[-124.06993077734832,40.00570573910428],[-124.07001123131134,40.0071447294459],[-124.07096785630407,40.00747356750491],[-124.07100809410886,40.00819306304228],[-124.07053983408868,40.00820851896148],[-124.07055995098068,40.008568266939264],[-124.06962342572724,40.0085991736081],[-124.06960331345222,40.00823942546999],[-124.06913505283596,40.00825487605928],[-124.06917527296768,40.00897437258174],[-124.0682186363571,40.00864552028647],[-124.0682789535974,40.00972476593781],[-124.06921549389403,40.00969386944807],[-124.06923560465519,40.01005361801028],[-124.07017214877438,40.01002271425353],[-124.07019226435138,40.01038246274145],[-124.07066053842154,40.01036700811788],[-124.0706404205359,40.01000725971014],[-124.07251350559454,40.00994542376978],[-124.07253363271454,40.010305171856764],[-124.07300190579078,40.010289708349774],[-124.0729616471325,40.00957021242226],[-124.07342991539277,40.00955474729903],[-124.07292138926955,40.00885071683878],[-124.07385791635714,40.00881978513655],[-124.07395858559136,40.01061852393806],[-124.07349031060421,40.01063399107866],[-124.07351044273909,40.010993739177295],[-124.07257388755097,40.011024668288854],[-124.07261414318275,40.01174416506522],[-124.07214586067309,40.011759627116355],[-124.07212573506646,40.011399878604934],[-124.07118917406814,40.01143079721666],[-124.07116905327763,40.01107104863091],[-124.07070077478896,40.01108650519153],[-124.07072089327077,40.01144625385746],[-124.06976421721545,40.01111741298264],[-124.06933616144094,40.01185236211206],[-124.0702727286466,40.01182145755372],[-124.0702928452172,40.012181206472036],[-124.06982455940499,40.01219665971973],[-124.06939649789646,40.012931609606326],[-124.06799162481924,40.01297795383964],[-124.06797151939502,40.01261820434832],[-124.0675032302808,40.01263364879245],[-124.0674630246457,40.01191414990796],[-124.06699473995036,40.011929592415115],[-124.06648625945051,40.011225534285096],[-124.06556979138828,40.01161615964272],[-124.06560997815642,40.01233565899571],[-124.06420511416647,40.0123819601063],[-124.06422520092198,40.01274171015223],[-124.06375691021965,40.0127571403823],[-124.06373682577293,40.01239739025634],[-124.06280024839069,40.012428245226154],[-124.06278016875987,40.012068495026256],[-124.06371674152463,40.01203764021652],[-124.0636966574747,40.01167789026284],[-124.06416494125075,40.01166246027292],[-124.06410468336534,40.010583211168594],[-124.06316812946697,40.01061406889149],[-124.06318821061302,40.010973818666926],[-124.06223157477513,40.01064491950757],[-124.06227172803086,40.01136441946459],[-124.06274001009334,40.01134899488488],[-124.06276008932743,40.011708744912525],[-124.0613552356189,40.011755013561505],[-124.06137530812512,40.01211476391527],[-124.06184359520171,40.012099342729016],[-124.06239219255815,40.01352292140258],[-124.06286048847326,40.01350749634274],[-124.06284040824735,40.01314774588437],[-124.0637769948648,40.01311689059443],[-124.06381716475029,40.01383639127721],[-124.0647738496675,40.0141652788705],[-124.06479393972408,40.014525029267304],[-124.06385733542946,40.014555892304806],[-124.06391759293639,40.01563514449306],[-124.06485421108461,40.015604280975154],[-124.0653627063784,40.01630834796075],[-124.06629933257162,40.016277473461486],[-124.06623903923948,40.01519822195677],[-124.0671957529814,40.01552709108587],[-124.06715554878659,40.01480759066202],[-124.06762385195239,40.01479214751394],[-124.06801173044208,40.013337703417136],[-124.06988490338286,40.01327590723195],[-124.07039343105107,40.01397995235571],[-124.07133002516707,40.01394903972823],[-124.07137027012722,40.01466853836427],[-124.07183857150477,40.01465307922496],[-124.07189894736263,40.01573232758514],[-124.0723672554681,40.015716866428406],[-124.07238738346064,40.016076615974086],[-124.07330387108243,40.01568593878443],[-124.07334413650221,40.01640543764116],[-124.07242764004228,40.0167961153244],[-124.07246789741933,40.01751561501997],[-124.07199957776889,40.01753107657784],[-124.07161175658722,40.0189855374282],[-124.07067509781938,40.01901645230125],[-124.07065497747253,40.0186567017439],[-124.06831333862044,40.018733957429696],[-124.06829323001803,40.01837420655789],[-124.06782490396067,40.01838965228418],[-124.06784501025395,40.01874940323614],[-124.06503503588432,40.01884204075973],[-124.06505512852121,40.019201792278835],[-124.06458679645553,40.01921722572698],[-124.0646269777064,40.01993672918467],[-124.0641586408238,40.01995216101607],[-124.0641787294377,40.02031191295469],[-124.06326213465243,40.02070252363205],[-124.06330230363537,40.02142202826211],[-124.06283395692023,40.02143745508288],[-124.06285403940001,40.02179720760778],[-124.06191734075581,40.02182805607846],[-124.06195749707304,40.022547561708144],[-124.06242585111312,40.022532138201214],[-124.06246601284269,40.02325164401717],[-124.06293437130324,40.02323621857312],[-124.0629544547751,40.02359597153097],[-124.0638911757198,40.02356511515163],[-124.06439971729048,40.02426918999155],[-124.06627317447982,40.02420744815943],[-124.06670133378988,40.02347250336476],[-124.06763805155792,40.023441618552866],[-124.06708927693714,40.022018053419224],[-124.06802597583267,40.02198716569449],[-124.06800586775151,40.021627413964204],[-124.06894256123368,40.021596519291876],[-124.06892244873255,40.02123676780845],[-124.06939079286627,40.02122131788698],[-124.06943102268589,40.021940820779996],[-124.07130441570779,40.021879002682866],[-124.07134466479727,40.02259850528045],[-124.07228136935275,40.02256758524905],[-124.07230149881451,40.022927336517235],[-124.0737065610843,40.0228809429019],[-124.07372669767317,40.023240694015904],[-124.07325834147275,40.02325616041163],[-124.07380724601812,40.02467969933811],[-124.0757008526029,40.02497756592639],[-124.0758015896972,40.02677632335678],[-124.07626996799775,40.02676084727279],[-124.07681895783527,40.02818437627485],[-124.07728734497627,40.02816889631527],[-124.07730750071781,40.028528648167686],[-124.07777588996937,40.02851316635061],[-124.07828460034135,40.029217186400274],[-124.07922138708749,40.02918621355887],[-124.07926171844308,40.02990571722862],[-124.08066691092654,40.02985924415537],[-124.08074760374703,40.03129825157263],[-124.0812160100823,40.03128275667213],[-124.08123618609565,40.03164250866331],[-124.08076777745049,40.03165800364426],[-124.08078795135329,40.032017755802855],[-124.08031954019887,40.03203324908702],[-124.08035988398257,40.03275275382606],[-124.0798914680089,40.032768245493834],[-124.07997214872812,40.03420725633785],[-124.07905546376044,40.034597988074545],[-124.07956422901682,40.03530200583862],[-124.07909579647405,40.035317494514835],[-124.07913612998478,40.03603700130364],[-124.07866769262233,40.036052488363346],[-124.07872818745237,40.037131749441514],[-124.0791966317455,40.037116262140536],[-124.07921679939766,40.03747601592721],[-124.07968524580178,40.03746052676846],[-124.07970541596355,40.03782028056194],[-124.08066248777614,40.0381490504713],[-124.0807028383377,40.03886855817271],[-124.07976592764479,40.03889954246586],[-124.07978609860385,40.0392592966084],[-124.08119147127532,40.03921281726121],[-124.08125200614242,40.04029207948849],[-124.08172047023211,40.04027658257652],[-124.08178101382539,40.041355845348434],[-124.0822494846471,40.04134034641755],[-124.08226966855428,40.04170010076913],[-124.08180119542205,40.04171559978051],[-124.08184155921367,40.04243510890682],[-124.08137308126084,40.04245060630168],[-124.08139326114522,40.0428103610765],[-124.08186174140867,40.04279486360116],[-124.08190210639704,40.04351437325214],[-124.0814336215123,40.043529870888456],[-124.08151434463971,40.044968891562334],[-124.0824715185974,40.04529764909446],[-124.0825118909999,40.04601715980973],[-124.08344889212232,40.04598615452224]],[[-124.0834287011997,40.04562639928186],[-124.08296020304907,40.045641902733855],[-124.08294001463678,40.04528214750055],[-124.08340851047662,40.04526664412906],[-124.0834287011997,40.04562639928186]],[[-124.08289963841077,40.04456263729654],[-124.08243114699289,40.044578138729435],[-124.08241096148988,40.0442183836782],[-124.08287945059702,40.04420288232584],[-124.08289963841077,40.04456263729654]],[[-124.08300473791549,40.038071559438734],[-124.08253628828649,40.03808706120001],[-124.08251610406352,40.037727307802044],[-124.08298455138221,40.03771180612127],[-124.08300473791549,40.038071559438734]],[[-124.08113093820283,40.038133555819556],[-124.08066248777614,40.0381490504713],[-124.08062213801206,40.037429543118876],[-124.08109058381814,40.03741404862805],[-124.08113093820283,40.038133555819556]],[[-124.08243536916622,40.03628829508241],[-124.08196693088908,40.03630379466388],[-124.08194674997355,40.03594404162144],[-124.08241518594052,40.03592854212043],[-124.08243536916622,40.03628829508241]],[[-124.08363879021593,40.03264426238873],[-124.08317037563802,40.0326597664972],[-124.0831501897867,40.03230001456695],[-124.08361860205464,40.03228451053896],[-124.08363879021593,40.03264426238873]],[[-124.08502383766155,40.03223798779165],[-124.08455542599211,40.03225349715131],[-124.08453523341046,40.031893745549546],[-124.08500364276998,40.0318782362704],[-124.08502383766155,40.03223798779165]],[[-124.0840668238514,40.031909253051474],[-124.08359841409288,40.031924758776185],[-124.08357822633056,40.03156500710039],[-124.0840466337792,40.031549501456155],[-124.0840668238514,40.031909253051474]],[[-124.08310981868243,40.03158051096737],[-124.08264141083487,40.03159601305719],[-124.0826212278918,40.03123626130738],[-124.0830896334295,40.03122075929805],[-124.08310981868243,40.03158051096737]],[[-124.08531048150226,40.02898471681758],[-124.08437369993989,40.02901573586483],[-124.08435350915389,40.02865598504518],[-124.0852902860968,40.028624966158944],[-124.08531048150226,40.02898471681758]],[[-124.08247995287425,40.02871800149206],[-124.08201156330578,40.02873350116096],[-124.08199138426778,40.02837375002576],[-124.08245977152653,40.02835825043732],[-124.08247995287425,40.02871800149206]],[[-124.08433331856733,40.02829623431236],[-124.08386493210634,40.0283117410093],[-124.08384474402897,40.027951990282794],[-124.0843131281803,40.027936483666345],[-124.08433331856733,40.02829623431236]],[[-124.08292815858591,40.02834274907176],[-124.08245977152653,40.02835825043732],[-124.08243959037824,40.027998499469405],[-124.0829079751279,40.027982998184314],[-124.08292815858591,40.02834274907176]],[[-124.0810546091521,40.02840474387121],[-124.08058622129525,40.028420238128255],[-124.08056604938574,40.028060486838555],[-124.08103443493287,40.02804499266197],[-124.0810546091521,40.02840474387121]],[[-124.08148264395113,40.0276697456662],[-124.081014260913,40.027685241539494],[-124.08097391347118,40.026965739554925],[-124.08050553485299,40.026981233490254],[-124.0804853637407,40.026621482547675],[-124.08189049206845,40.02657499565167],[-124.08191067010958,40.026934746352964],[-124.08144229189006,40.02695024384249],[-124.08148264395113,40.0276697456662]],[[-124.0804853637407,40.026621482547675],[-124.08001698723282,40.0266369746255],[-124.07999681862941,40.02627722368926],[-124.08046519282769,40.026261731691825],[-124.0804853637407,40.026621482547675]],[[-124.08280706082925,40.02618424504865],[-124.08233868762768,40.026199745931414],[-124.08231850767574,40.025839995484056],[-124.08278687856776,40.025824494681736],[-124.08280706082925,40.02618424504865]],[[-124.08187031422669,40.02621524503715],[-124.08093356682669,40.026246237917356],[-124.08091339380341,40.025886487228675],[-124.08185013658432,40.025855494509344],[-124.08187031422669,40.02621524503715]],[[-124.08276669650569,40.02546474440152],[-124.08229832792317,40.02548024512338],[-124.08227814837,40.025120494849396],[-124.08274651464299,40.025104994207965],[-124.08276669650569,40.02546474440152]],[[-124.0818299591413,40.025495744068216],[-124.08089322097945,40.0255267366267],[-124.08087304835482,40.02516698611141],[-124.08180978189763,40.025135993713775],[-124.0818299591413,40.025495744068216]],[[-124.0808528759295,40.02480723568281],[-124.0803845111686,40.024822729135636],[-124.08036434125208,40.024462978713274],[-124.08083270370348,40.02444748534087],[-124.0808528759295,40.02480723568281]],[[-124.07944778104901,40.02485371071015],[-124.07897941569036,40.02486919883185],[-124.07895925270225,40.02450944816832],[-124.07942761575141,40.024493960126996],[-124.07944778104901,40.02485371071015]],[[-124.08270615151585,40.02438549408093],[-124.08130106595557,40.024431990191424],[-124.08128089161941,40.02407224001652],[-124.08268597025136,40.024025744147345],[-124.08270615151585,40.02438549408093]],[[-124.0803441715348,40.02410322837754],[-124.07940745065306,40.02413420963046],[-124.07983547697567,40.02339921932019],[-124.07889876493313,40.023430196697525],[-124.07928646424665,40.02197570847017],[-124.0797548109309,40.02196021921456],[-124.0798153101656,40.02303946916391],[-124.08075201679237,40.02300848483936],[-124.08077218822122,40.02336823483484],[-124.08030383269809,40.02338372796601],[-124.0803441715348,40.02410322837754]],[[-124.08217725359476,40.023321744779274],[-124.08124054354505,40.02335273992664],[-124.08122036980684,40.0229929900116],[-124.08213689708019,40.022602245357476],[-124.08217725359476,40.023321744779274]],[[-124.08069150370164,40.02192923537239],[-124.0797548109309,40.02196021921456],[-124.07973464491779,40.02160046940454],[-124.08067133306997,40.02156948572318],[-124.08069150370164,40.02192923537239]],[[-124.07881811736321,40.021991195948836],[-124.07834977028055,40.02200668165053],[-124.07832961119533,40.02164693159938],[-124.07879795596871,40.021631445978066],[-124.07881811736321,40.021991195948836]],[[-124.07739292105117,40.02167789751111],[-124.0769245756804,40.02169337780154],[-124.07690442372221,40.02133362759589],[-124.0773727667837,40.02131814738581],[-124.07739292105117,40.02167789751111]],[[-124.07924613703828,40.021256208775895],[-124.07877779477339,40.021271696093805],[-124.07875763377726,40.02091194629606],[-124.0792259737329,40.02089645905853],[-124.07924613703828,40.021256208775895]],[[-124.07784110964609,40.02130266539876],[-124.0773727667837,40.02131814738581],[-124.07735261271536,40.020958397347],[-124.07782095326847,40.02094291544029],[-124.07784110964609,40.02130266539876]],[[-124.07432103600819,40.01709400144986],[-124.07385271946234,40.017109470034924],[-124.0738325839462,40.01674972047106],[-124.07430089818301,40.01673425196623],[-124.07432103600819,40.01709400144986]],[[-124.0742203488718,40.015295254894696],[-124.07375204387078,40.0153107230785],[-124.07371177502655,40.014591224899796],[-124.0732434744444,40.01460669114629],[-124.07322334262949,40.01424694210603],[-124.0736916409028,40.0142314759398],[-124.07365137325196,40.013511978278416],[-124.07458795996658,40.0134810409366],[-124.07460809831015,40.01384078956369],[-124.0741398027435,40.01385625920322],[-124.07415993897719,40.01421600799677],[-124.07462823685267,40.01420053827697],[-124.07464837559412,40.01456028707646],[-124.07418007540981,40.014575756876525],[-124.0742203488718,40.015295254894696]],[[-124.06528233413763,40.01486934548628],[-124.06481402997912,40.01488477975033],[-124.06479393972408,40.014525029267304],[-124.06526224157369,40.01450959508333],[-124.06528233413763,40.01486934548628]],[[-124.06713544698702,40.01444784057947],[-124.0666671459315,40.01446328187062],[-124.06664704663942,40.01410353179419],[-124.06711534538606,40.014088090583144],[-124.06713544698702,40.01444784057947]],[[-124.07320321101348,40.013887193151994],[-124.07273491485013,40.01390265746123],[-124.07271478574177,40.01354290851318],[-124.07318307959632,40.01352744428417],[-124.07320321101348,40.013887193151994]],[[-124.07226661848793,40.01391811999367],[-124.07133002516707,40.01394903972823],[-124.07130990298518,40.013589290539564],[-124.07177819743619,40.01357383164086],[-124.07175807314428,40.01321408261854],[-124.07269465683228,40.013183159651284],[-124.07226661848793,40.01391811999367]],[[-124.06664704663942,40.01410353179419],[-124.06617874769422,40.014118971228456],[-124.06615865090954,40.01375922115814],[-124.0666269475459,40.01374378180398],[-124.06664704663942,40.01410353179419]],[[-124.06569035407466,40.01377465873552],[-124.06522205704127,40.01379009453613],[-124.0652019650728,40.01343034439182],[-124.06567025979734,40.0134149086713],[-124.06569035407466,40.01377465873552]],[[-124.07456782182196,40.01312129239567],[-124.07409953087289,40.013136761874705],[-124.07359097326743,40.01243273243262],[-124.07452754612949,40.01240179557231],[-124.07456782182196,40.01312129239567]],[[-124.07175807314428,40.01321408261854],[-124.07128978100206,40.013229541437035],[-124.07124953763218,40.012510043490494],[-124.07171782515687,40.012494584832396],[-124.07175807314428,40.01321408261854]],[[-124.0708214886611,40.013244998478775],[-124.07035319612133,40.01326045374373],[-124.07033307895456,40.01290070456703],[-124.07080136918553,40.01288524938223],[-124.0708214886611,40.013244998478775]],[[-124.06754343671028,40.013353148021515],[-124.06707514277988,40.01336859084911],[-124.06705504177465,40.013008841111386],[-124.06752333339624,40.01299339836389],[-124.06754343671028,40.013353148021515]],[[-124.0652019650728,40.01343034439182],[-124.06426537502827,40.01346121050253],[-124.06422520092198,40.01274171015223],[-124.06516178173128,40.01271084436178],[-124.0652019650728,40.01343034439182]],[[-124.07595254860348,40.01271512508415],[-124.07501597231763,40.012746072765395],[-124.07499583226215,40.01238632447704],[-124.07593240393057,40.01235537695635],[-124.07595254860348,40.01271512508415]],[[-124.07359097326743,40.01243273243262],[-124.07218611248277,40.01247912439757],[-124.07216598647851,40.0121193757139],[-124.07357084033704,40.01207298398964],[-124.07359097326743,40.01243273243262]],[[-124.07124953763218,40.012510043490494],[-124.07078124990873,40.01252550037186],[-124.07074101195136,40.01180600260947],[-124.07120929505737,40.01179054588848],[-124.07124953763218,40.012510043490494]],[[-124.07684882571161,40.01196467444761],[-124.07638054268362,40.0119801525695],[-124.0763603961,40.01162040469419],[-124.0768286768193,40.01160492665262],[-124.07684882571161,40.01196467444761]],[[-124.07448727123277,40.01168229909342],[-124.07355070760552,40.01171323563276],[-124.07353057507287,40.01135348736199],[-124.0744671340828,40.011322550983145],[-124.07448727123277,40.01168229909342]],[[-124.0636966574747,40.01167789026284],[-124.06322837350025,40.011693318476055],[-124.06320829195745,40.011333568528435],[-124.06367657362318,40.011318140395275],[-124.0636966574747,40.01167789026284]],[[-124.07491527402968,40.01094733218471],[-124.07444699713174,40.01096280295893],[-124.07442686037959,40.0106030550208],[-124.07489513496894,40.0105875843268],[-124.07491527402968,40.01094733218471]],[[-124.07249337867339,40.009585675768804],[-124.07202511001545,40.00960113733871],[-124.07198486138662,40.00888164143441],[-124.07245312542749,40.008866180024924],[-124.07249337867339,40.009585675768804]],[[-124.07108857210326,40.00963205514851],[-124.0696837637444,40.00967841853818],[-124.06966365087332,40.00931867014217],[-124.07013191821645,40.00930321753575],[-124.07011180323552,40.008943469305905],[-124.07102821330933,40.00855281093989],[-124.07108857210326,40.00963205514851]],[[-124.07383778310694,40.00846003763421],[-124.07290126063634,40.00849096917599],[-124.07288113220196,40.008131221599164],[-124.07241287297686,40.00814668462488],[-124.07190436651442,40.00744265065735],[-124.07284087592964,40.00741172670333],[-124.0728610039664,40.0077714741083],[-124.07332926068419,40.00775600938615],[-124.07383778310694,40.00846003763421]],[[-124.07379751720318,40.0077405428874],[-124.07332926068419,40.00775600938615],[-124.07330913033906,40.007396262061405],[-124.07377738454959,40.00738079564289],[-124.07379751720318,40.0077405428874]],[[-124.07088738307928,40.006034577461044],[-124.07041913690952,40.00605003289925],[-124.07039902140846,40.00569028552282],[-124.07086726526987,40.00567483016476],[-124.07088738307928,40.006034577461044]],[[-124.06805779912133,40.00576753566447],[-124.06758955406806,40.00578298036308],[-124.06756945261554,40.005423232591696],[-124.06803769536049,40.00540778797318],[-124.06805779912133,40.00576753566447]]]},"properties":{"id":"cdfw-ds3091-7-22-8-1","source":"CDFW ds3091 predicted substrate","source_url":"https://tiledimageservices2.arcgis.com/Uq9r85Potqm3MfRV/arcgis/rest/services/biosds3091_cru/ImageServer","metadata_url":"https://filelib.wildlife.ca.gov/public/BDB/GIS/BIOS/metadata/ds3091.html","source_tile_sha256":"18296972d8531d7c64bfc7da6703077adaf33a7923e57d3176aafaafdcd1d958","source_class":"Predicted hard (rugosity proxy)","display_resolution_m":40,"approx_area_m2":2398400,"fishing_target":false,"exportable":false,"depth_qualified":false,"fish_confirmed":false,"mpa_screened_at":"2026-09-23T20:44:08Z"}},{"type":"Feature","geometry":{"type":"Polygon","coordinates":[[[-124.08531826765162,40.01240525739044],[-124.08527788615739,40.011685764435974],[-124.08434132707444,40.01171678286457],[-124.08432114124375,40.01135703635554],[-124.08525769570946,40.01132601808788],[-124.08521731541195,40.010606525649834],[-124.08615385984555,40.01057550059731],[-124.08658173841219,40.00984049379496],[-124.0879865391166,40.00979393804419],[-124.08796633581491,40.00943419260914],[-124.08983939139277,40.00937209372387],[-124.08981917905679,40.00901234869689],[-124.09028744014371,40.008996819614566],[-124.09026722569898,40.00863707475412],[-124.08933070794235,40.0086681309811],[-124.0893104983141,40.008308386045485],[-124.08884224144472,40.00832391141351],[-124.08841439459819,40.00905892528419],[-124.08747787062781,40.009089967459275],[-124.08743746963911,40.00837047685798],[-124.08696921197146,40.00838599511958],[-124.08694901408481,40.008026249867335],[-124.08788552460376,40.00799521172851],[-124.0878653222999,40.007635466723166],[-124.08739706944856,40.00765098660038],[-124.08737686965257,40.007291241600456],[-124.0864605631473,40.00768202102503],[-124.08642017298827,40.006962530789096],[-124.08548367512249,40.00699355778551],[-124.08546348495884,40.0066338126354],[-124.08593173168313,40.00661830010595],[-124.0858711554639,40.00553906541209],[-124.08727587366558,40.00549251788859],[-124.08725567506676,40.00513277340371],[-124.0877239117601,40.00511725408995],[-124.08764311012715,40.00367827732999],[-124.08577019908743,40.00374034263826],[-124.08575000841043,40.003380598340726],[-124.08668645971304,40.0033495694005],[-124.08666626461928,40.002989825349594],[-124.0871344876633,40.00297430829523],[-124.08709409345813,40.002254820611434],[-124.08805073133439,40.002583525133325],[-124.08801032829611,40.0018640379428],[-124.08894675913929,40.001832991881784],[-124.08892655330348,40.001473248575984],[-124.09079940336291,40.001411135458795],[-124.0903716168666,40.002146152616824],[-124.09083983369798,40.00213062151181],[-124.09092069676419,40.003569594645754],[-124.09138892262806,40.00355406144207],[-124.09142935997548,40.00427354836211],[-124.09189759025587,40.00425801322082],[-124.09187736917418,40.00389826979851],[-124.09234559694676,40.003882732961294],[-124.09183692761005,40.003178783211006],[-124.09230515076644,40.00316324653495],[-124.09228492797587,40.00280350345033],[-124.09275314862445,40.002787965078376],[-124.09271269902656,40.002068479327285],[-124.09318091485937,40.00205293934007],[-124.09267225022772,40.001348993918796],[-124.09358844374603,40.00095817007559],[-124.09352775879782,39.99987894334512],[-124.09399596038357,39.99986340028861],[-124.09395550013473,39.99914391639055],[-124.09301910599478,39.99917500040481],[-124.09305955701232,39.999894484625216],[-124.09259135502703,39.999910024128944],[-124.09265202612792,40.00098925134294],[-124.09218381701923,40.00100478931201],[-124.09216359542711,40.00064504674119],[-124.0907589738265,40.00069164974822],[-124.09073875935776,40.00033190702135],[-124.09214337403469,40.00028530425596],[-124.092123152842,39.99992556185628],[-124.09165495045725,39.99994109780725],[-124.0920827110558,39.99920607731358],[-124.09114631531797,39.9992371471169],[-124.09112609934003,39.99887740481273],[-124.09018970741916,39.99890846734949],[-124.09016949625645,39.99854872496976],[-124.08923310815265,39.99857978024005],[-124.08921290180511,39.998220037784776],[-124.08874470976163,39.99823556267489],[-124.08917248970876,39.997500553130656],[-124.08821591351976,39.99717185845273],[-124.08813511098117,39.995732889867476],[-124.08766693469245,39.995748410641575],[-124.08764673686416,39.99538866862823],[-124.0881149108453,39.99537314793461],[-124.08809471090892,39.99501340608712],[-124.08905125820907,39.995342101218526],[-124.08901084930555,39.99462261793083],[-124.08854268033856,39.99463814201604],[-124.0889704412002,39.993903134984386],[-124.08990676930554,39.99387208180718],[-124.08947901807302,39.99460709206939],[-124.09041535500924,39.99457603501769],[-124.09035472238307,39.99349681145048],[-124.0908228836293,39.9934812805018],[-124.09086330979544,39.99420076263362],[-124.09179964091892,39.99416969508548],[-124.09177942312107,39.993809954138],[-124.09131125996664,39.99382548871966],[-124.09127082958484,39.99310600691944],[-124.09173898812439,39.99309047249886],[-124.09171877092552,39.992730731807164],[-124.09078245826166,39.992761798711044],[-124.09074203369245,39.99204231726126],[-124.0916783371268,39.992011250679454],[-124.09165812052693,39.99165151024343],[-124.09212626963728,39.99163597436879],[-124.0921464885445,39.991995714724304],[-124.09308279078087,39.99196463748541],[-124.09310301450249,39.992324377765],[-124.09216670765142,39.992355455165],[-124.09267530460446,39.99305939832907],[-124.09314346254494,39.993043858579846],[-124.09357116762845,39.99230883640072],[-124.09497562580776,39.99226220165075],[-124.09499585895864,39.992621941693244],[-124.09546401359285,39.992606393143596],[-124.0954437781346,39.99224665318172],[-124.09591193026162,39.9922311029365],[-124.09587145533001,39.991511623429545],[-124.09540330781768,39.99152717351353],[-124.095342603841,39.99044795465005],[-124.09487446305067,39.99046350271609],[-124.09485423109867,39.99010376318461],[-124.09579050786505,39.990072665437594],[-124.0958107444315,39.99043240480788],[-124.09627888482217,39.99041685318955],[-124.09623840727465,39.989697374695325],[-124.09670654285101,39.98968182146212],[-124.09713419225078,39.98894678862145],[-124.09807045317535,39.98891567359702],[-124.09802995876977,39.98819619642843],[-124.09756183302169,39.9882117546674],[-124.09754158842588,39.98785201613001],[-124.0980097118669,39.987836457971696],[-124.09796921866098,39.98711698131319],[-124.09750109983406,39.98713253931023],[-124.09752134403003,39.98749227767764],[-124.09658510116238,39.987523388504854],[-124.09654462219846,39.98680391153257],[-124.09467215252123,39.986866111229475],[-124.09469238267515,39.9872258499955],[-124.09375614202374,39.9872569393488],[-124.09377636776333,39.98761667836096],[-124.09281990057342,39.98728802159788],[-124.09277945892154,39.98656854350634],[-124.09324757513251,39.98655300343092],[-124.09322735229908,39.986193264593126],[-124.09369546600334,39.98617772282221],[-124.0936550163217,39.98545824556257],[-124.09412312521233,39.985442702176734],[-124.0936145674389,39.98473876864253],[-124.09455077579283,39.98470768041712],[-124.09459123390323,39.98542715701489],[-124.09505934239436,39.985411610077044],[-124.09507957405617,39.9857713484227],[-124.09414335226026,39.985802440683536],[-124.09465192256707,39.98650637254841],[-124.09512003797911,39.98649082536883],[-124.09509980591776,39.986131086853305],[-124.09601579505294,39.98574024905779],[-124.09597532270145,39.98502077277374],[-124.09503911093238,39.98505187181628],[-124.09501887967014,39.9846921336404],[-124.09595508682546,39.98466103475903],[-124.09591461567291,39.98394155898425],[-124.09544651680886,39.98395710915176],[-124.09546674997839,39.98431684707731],[-124.0945103184814,39.98398820415885],[-124.09449009012533,39.98362846615698],[-124.09589438039636,39.983581821224114],[-124.09587414531966,39.98322208354882],[-124.09540605106922,39.98323763355515],[-124.09534535395814,39.9821584207963],[-124.09487726642816,39.982173968784956],[-124.094897496292,39.98253370636703],[-124.0925570441126,39.98261142007413],[-124.09253682578245,39.982251682089355],[-124.09206873705429,39.98226721942243],[-124.09202830560633,39.981547743546116],[-124.09156022129199,39.98156327894226],[-124.09151979525583,39.98084380324392],[-124.09105171535525,39.980859336703155],[-124.09062405206453,39.98159434440677],[-124.08873151193757,39.98129671565041],[-124.08822303518951,39.980592761879265],[-124.08775495619912,39.980608282826736],[-124.08732726112638,39.98134327897541],[-124.08639109292194,39.98137431231249],[-124.08635071803162,39.98065483501377],[-124.0854145582566,39.980685860925604],[-124.0853540112559,39.97960664513057],[-124.0844380420446,39.97999740213099],[-124.08437751007911,39.97891818636185],[-124.08484557893178,39.97890267824747],[-124.08486575836095,39.97926241667217],[-124.0858019000816,39.97923139495512],[-124.08582208432318,39.97959113330375],[-124.08629015719116,39.97957561970104],[-124.08624978429414,39.97885614324922],[-124.08765398786265,39.97880959226826],[-124.08767418113116,39.979169330210624],[-124.08954645899051,39.979107237052304],[-124.08952625649583,39.97874749943167],[-124.08999432315547,39.9787319717829],[-124.09003473295742,39.97945144694792],[-124.09099108471776,39.97978012354949],[-124.09095066529055,39.97906064853705],[-124.09141873365817,39.97904511548026],[-124.09091024666154,39.97834117386317],[-124.09184637397114,39.97831010629568],[-124.09186658779886,39.97866984342932],[-124.0923346534608,39.97865430690133],[-124.09231443732655,39.978294569848174],[-124.09278250048236,39.97827903162484],[-124.09270162871573,39.97684008458005],[-124.09223357478567,39.97685562248136],[-124.09219314471281,39.97613614930525],[-124.09125704547941,39.976167219458524],[-124.09127725580332,39.9765269561653],[-124.0908092035809,39.97654248865875],[-124.09076878774538,39.97582301516875],[-124.09123683535508,39.975807482836245],[-124.09117620617927,39.97472827347635],[-124.09070816548848,39.97474380556744],[-124.09072837270793,39.97510354201675],[-124.09026032951134,39.97511907241256],[-124.09024012459818,39.974759335882794],[-124.08930404221915,39.97479039118626],[-124.089243442514,39.973711181620956],[-124.08877540794403,39.97372670636778],[-124.08920304370777,39.97299170899947],[-124.08873501375018,39.97300723358544],[-124.08871481695236,39.97264749732083],[-124.08965087205581,39.972616446534026],[-124.09007849247426,39.971881446683504],[-124.08914244699412,39.97191250069997],[-124.08912224848842,39.97155276476881],[-124.08818620682278,39.97158381152174],[-124.08816601312863,39.97122407551406],[-124.08722997527765,39.971255115003544],[-124.08727035364103,39.97197458742478],[-124.08680232980436,39.97199010466679],[-124.08674176947653,39.97091089592024],[-124.08627375235879,39.970926411145456],[-124.08631412109926,39.971645883719574],[-124.08584609917011,39.97166139732985],[-124.0858057350418,39.97094192459501],[-124.08533771752553,39.97095743626891],[-124.08531753806629,39.970597699947575],[-124.08484952265684,39.97061320976548],[-124.08486969981003,39.97097294616716],[-124.08391349124032,39.970644224074334],[-124.0839538365217,39.97136369728326],[-124.08348581590258,39.97137920193484],[-124.08344547523335,39.97065972856528],[-124.08250944262193,39.970690732220206],[-124.08246911197332,39.96997125886661],[-124.08200109998103,39.969986757870025],[-124.08149276716131,39.96928278176007],[-124.0810247593829,39.96929827705169],[-124.08059706280986,39.97003324422644],[-124.07966103703404,39.970064226252504],[-124.07964088584437,39.96970448922053],[-124.07868471750602,39.96937572687541],[-124.07864442534517,39.96865625291175],[-124.07724041166784,39.968702701017286],[-124.07766813428417,39.96796774614343],[-124.07673213379309,39.967998705899575],[-124.07671199763232,39.96763896889166],[-124.06501198210702,39.968025364574935],[-124.06503206061969,39.96838510358415],[-124.06456405511341,39.9684005364085],[-124.06454397890674,39.96804079731936],[-124.0640759755082,39.96805622828816],[-124.06409604940896,39.96841596745723],[-124.0622039599326,39.9681179344072],[-124.0627120982874,39.96882198944267],[-124.06458413151833,39.96876027558185],[-124.06460420812144,39.96912001483944],[-124.06554022815973,39.96908914709533],[-124.06560047299463,39.97016836489396],[-124.06655659269656,39.97049722884234],[-124.0665967665322,39.97121670764492],[-124.06612874317223,39.971232146435895],[-124.06614882808138,39.97159188604367],[-124.0647447498933,39.97163819200227],[-124.06472467190262,39.97127845215464],[-124.06378862339837,39.9713093137553],[-124.06380869677669,39.97166905376279],[-124.06427672343409,39.971653623770386],[-124.0643168753977,39.972373103878574],[-124.06523285664932,39.97198249831047],[-124.06529309932412,39.97306171837283],[-124.06388899227184,39.97310801463649],[-124.06346110051547,39.97384292427603],[-124.06250495088615,39.97351403558756],[-124.06254508638135,39.974233517179286],[-124.06207704278741,39.9742489406281],[-124.06258522266911,39.97495299910888],[-124.06164912605759,39.974983844550366],[-124.06166918988586,39.97534358580171],[-124.0621372405971,39.975328163888975],[-124.06219744018995,39.97640738791051],[-124.0626654976224,39.97639196398224],[-124.06321384220668,39.97781550418482],[-124.06368190846898,39.977800076385144],[-124.0637019831085,39.97815981799343],[-124.06417005147915,39.97814438833793],[-124.06467827875177,39.97884844005722],[-124.06514635133914,39.97883300669005],[-124.06512626938327,39.978473265152346],[-124.06604232297909,39.9780826519572],[-124.0661025826864,39.97916187609042],[-124.06701863970542,39.97877125546241],[-124.06705882266526,39.97949073815192],[-124.06799497488477,39.979459851562694],[-124.06797487869237,39.979100110335644],[-124.06750680498847,39.97911555443818],[-124.06793468690283,39.97838062813558],[-124.06840275579509,39.978365182417214],[-124.06844295219783,39.97908466445721],[-124.06937909861341,39.97905376737266],[-124.0693388929842,39.97833428565283],[-124.06980696128105,39.97831883460684],[-124.06982706630298,39.97867857534436],[-124.07078331674796,39.97900740842666],[-124.07084364744043,39.98008663092081],[-124.06850324829038,39.980163888152305],[-124.06852334738481,39.98052362955344],[-124.06758718172195,39.980554520174664],[-124.06760727640136,39.98091426182058],[-124.06667110533135,39.98094514549812],[-124.06669119559565,39.981304887388816],[-124.0690316333163,39.98122766447529],[-124.06905173531293,39.981587406050636],[-124.07139217960511,39.98151013833801],[-124.07141229333419,39.98186987959772],[-124.07281656444674,39.98182349741838],[-124.07283668529485,39.982183238522495],[-124.07236859281586,39.98219870110503],[-124.0724088304945,39.982918183727996],[-124.07287692758716,39.98290272098522],[-124.07289704903135,39.983262462343816],[-124.07383324723432,39.983231531369995],[-124.07385337349099,39.98359127265314],[-124.0747895755128,39.98356033441502],[-124.07484996931682,39.98463955829271],[-124.07438186148453,39.984655028540296],[-124.07440199084313,39.98501477008284],[-124.07344564522361,39.98468596370736],[-124.07346576996828,39.985045705410236],[-124.07254966862789,39.98543637558158],[-124.07258990988271,39.98615585973259],[-124.07212179182866,39.986171321420564],[-124.07214191044704,39.98653106370365],[-124.07261003080814,39.98651560193555],[-124.07311839803177,39.987219622892006],[-124.07405464698883,39.98718869015476],[-124.07407477543182,39.987548432372286],[-124.07503116146412,39.98787723451247],[-124.075051294919,39.98823697673973],[-124.07458316401596,39.98825244778912],[-124.07509156242527,39.98895646144939],[-124.07649596778465,39.98891003716322],[-124.07651610875773,39.98926977940507],[-124.07464355865189,39.989331675221855],[-124.07466369059482,39.98969141786962],[-124.07513183072682,39.98967594649945],[-124.07515196517586,39.99003568915215],[-124.07562010741631,39.99002021592561],[-124.07564024437148,39.99037995858326],[-124.07659667463912,39.990708749223636],[-124.07661681660674,39.99106849189115],[-124.07614866784203,39.991083968910694],[-124.07620908801624,39.99216319766515],[-124.07716554426182,39.99249198429662],[-124.07722598066776,39.99357121359253],[-124.07675781594992,39.99358669294997],[-124.07673767258983,39.993226949685805],[-124.07580134717236,39.993257902911445],[-124.07525264040369,39.99183440369318],[-124.0747844864276,39.99184987554457],[-124.07476435329174,39.99149013238577],[-124.0742962014242,39.99150560238075],[-124.07378779291216,39.99080158421681],[-124.07285149741271,39.990832515005074],[-124.07287162092148,39.99119225831418],[-124.07240347056624,39.991207721124184],[-124.07236322836225,39.990488234430856],[-124.07189508242305,39.99050369530439],[-124.07232298695305,39.98976874807819],[-124.0713867041053,39.98979966772852],[-124.07142693628518,39.990519154401724],[-124.07095878994866,39.990534611722886],[-124.07089844889873,39.989455381600436],[-124.07277100536507,39.989393542620334],[-124.07269051649693,39.98795457159747],[-124.0722223869073,39.98797003368615],[-124.0721821482798,39.987250548524855],[-124.07122578333167,39.98692172443998],[-124.07118555512461,39.9862022394683],[-124.07071743647465,39.98621769582806],[-124.0706772136762,39.98549821103607],[-124.07020909944175,39.985513665459564],[-124.07018899064747,39.98515392311093],[-124.06972087852145,39.98516937567829],[-124.0697409850087,39.985529118107024],[-124.0687846536738,39.98520027548485],[-124.06882485761874,39.98591976074756],[-124.06929297475588,39.98590431157217],[-124.06931307933318,39.98626405425091],[-124.06884495988893,39.98627950350638],[-124.06886506235769,39.986639246350165],[-124.06933318410903,39.98662379701463],[-124.0689052678907,39.9873587322928],[-124.07173414001304,39.98762575129542],[-124.07177437442353,39.98834523678709],[-124.07130624212934,39.98836069540364],[-124.07128612713196,39.98800095253513],[-124.0708179969463,39.988016409295476],[-124.0708381096365,39.98837615224408],[-124.06990184405495,39.98840706059656],[-124.069861628102,39.987687574464],[-124.06845724208367,39.987733923191314],[-124.06843714132657,39.98737418001239],[-124.06796901456391,39.98738962595586],[-124.06794891631246,39.98702988278191],[-124.06841704076794,39.98701443691849],[-124.06839694040782,39.98665469390962],[-124.06744060036522,39.98632584061632],[-124.06742050501626,39.985966097617336],[-124.06788862274888,39.985950653770146],[-124.06784842803214,39.98523116818722],[-124.0673803149136,39.98524661187433],[-124.06736022015997,39.984886869130236],[-124.06689210915002,39.984902310961274],[-124.06685192485196,39.98418282556784],[-124.06638381825758,39.98419826546277],[-124.06681174134754,39.983463340513985],[-124.06634363936705,39.9834787802489],[-124.06628337251901,39.9823995530646],[-124.06581527726082,39.98241499078348],[-124.06579519101506,39.98205524847839],[-124.06439091097108,39.982101550739216],[-124.06441099029631,39.98246129328426],[-124.06534718180428,39.98243042672639],[-124.06585545034737,39.9831344756482],[-124.06491925000847,39.98316534607796],[-124.0648991679798,39.98280560344322],[-124.06302677415013,39.98286732267091],[-124.06304684695118,39.98322706562551],[-124.06351494801287,39.98321163840264],[-124.06402320430084,39.983915695247724],[-124.0649594146607,39.98388483160206],[-124.06497949728428,39.98424457449143],[-124.06544760447373,39.98422913992459],[-124.06546768960261,39.984588882818876],[-124.06642399794167,39.98491775101625],[-124.06646417841928,39.98563723690946],[-124.06693229424171,39.985621796694424],[-124.06695238708517,39.98598153968847],[-124.06648426895568,39.98599697998351],[-124.06605632768158,39.986731905065554],[-124.06558820454109,39.986747341968474],[-124.06556811822213,39.986387598564434],[-124.064611794454,39.98605872340296],[-124.0646519576651,39.98677821044602],[-124.06418383392962,39.98679364202065],[-124.06422399331964,39.987513129563766],[-124.06375586477155,39.98752855952226],[-124.0637960203403,39.988248047565506],[-124.06332788697952,39.988263475907814],[-124.06336803872686,39.988982964451374],[-124.06430431447922,39.98895210567074],[-124.06387633385721,39.98968702467321],[-124.06434447624882,39.98967159423485],[-124.0643645574311,39.990031338644606],[-124.06530084623408,39.99000047227937],[-124.06487286950599,39.9907353952651],[-124.06580916714172,39.99070452502748],[-124.06586943383516,39.991783758558924],[-124.06682583843134,39.992112625257214],[-124.06686602684573,39.992832114554666],[-124.06733418881385,39.9928166727389],[-124.06788274825415,39.99424020812485],[-124.06928726006258,39.99419386573033],[-124.0692671534244,39.9938341210981],[-124.07020348902205,39.99380321744725],[-124.07024371172729,39.99452270647658],[-124.07115993969366,39.994132051003085],[-124.07118005576078,39.99449179540015],[-124.07213651988056,39.99482062154072],[-124.0717085837958,39.99555557066043],[-124.07217676223873,39.995540110441034],[-124.07219688371592,39.99589985501928],[-124.07266506426778,39.99588439294344],[-124.07268518825138,39.99624413752694],[-124.07362155337428,39.996213207885916],[-124.0736014247753,39.99585346346278],[-124.07455791770195,39.99618227113964],[-124.07457805111515,39.996542015487755],[-124.07364168217205,39.99657295239445],[-124.07368194036401,39.99729244166786],[-124.07461831853809,39.99726150444035],[-124.07463845254783,39.99762124904483],[-124.0737221993512,39.99801193128309],[-124.07376245913363,39.998731421240336],[-124.0746988557702,39.998700483371174],[-124.07471899057538,39.99906022831765],[-124.0733143883987,39.99910663269743],[-124.07329426051713,39.998746887510336],[-124.07237798595355,39.99913756006865],[-124.07235786268772,39.998777814721194],[-124.07140134561199,39.99844898940422],[-124.07142146406335,39.99880873482646],[-124.07095326445307,39.998824192214535],[-124.07146170156217,39.99952822592762],[-124.07052529291136,39.99955913924793],[-124.07054540734299,39.99991888508713],[-124.07148182060966,39.99988797160652],[-124.07152205930079,40.0006074632211],[-124.07245848100443,40.00057654231414],[-124.07247860526405,40.00093628808953],[-124.07294681812574,40.0009208248912],[-124.07298707185736,40.00164031653843],[-124.0734552891363,40.00162485140324],[-124.07347541860837,40.001984597275154],[-124.07300719902135,40.002000062490524],[-124.07302732638418,40.002359808528276],[-124.07349554827923,40.0023443432327],[-124.07355593848482,40.00342358161957],[-124.07402416710545,40.00340811430691],[-124.0740442998798,40.003767860527084],[-124.07357606895103,40.00378332791998],[-124.07361633047995,40.00450282077808],[-124.07314809473593,40.004518286554884],[-124.07312796618027,40.004158540002734],[-124.07219149871223,40.004189466066336],[-124.07217137497177,40.00382971943959],[-124.07263960649699,40.003814257376234],[-124.07261948064715,40.00345451091543],[-124.0721512514301,40.00346997289859],[-124.07211100494304,40.0027504800738],[-124.07257922954379,40.002735018251],[-124.07255910429029,40.002375272047345],[-124.07162265950622,40.002406193756066],[-124.07164278014349,40.00276594012007],[-124.07023810455262,40.00281230959999],[-124.07021799083967,40.002452562995515],[-124.07068621392722,40.00243710835885],[-124.07066609810485,40.002077361920236],[-124.07160253906767,40.00204644747777],[-124.07158241882784,40.001686701285124],[-124.0701777640098,40.001733070043656],[-124.07019787732541,40.002092816476754],[-124.06832499222116,40.00215461693802],[-124.06834509650302,40.002514363777294],[-124.06787687242237,40.00252980953152],[-124.06744884807003,40.00326474776532],[-124.06791707696553,40.00324930362739],[-124.06793717953494,40.00360905080394],[-124.06840541054007,40.0035936048094],[-124.06838530566247,40.003233857712985],[-124.06885353416084,40.00321841002205],[-124.0688736413466,40.00357815703835],[-124.07074656258645,40.003516348189],[-124.07072644616802,40.003156601493245],[-124.07166290097952,40.0031256865698],[-124.07168302201428,40.00348543310523],[-124.07121479239974,40.00350089153537],[-124.07078679601945,40.00423584183779],[-124.0726798587931,40.00453375055516],[-124.07269998523934,40.00489349727326],[-124.0717635081408,40.004924420104544],[-124.07180375239659,40.00564391411896],[-124.0727201118844,40.00525324407717],[-124.07274023872823,40.00561299096691],[-124.07367672426466,40.0055820607086],[-124.07369685592393,40.005941807523726],[-124.07461320900566,40.00555112334402],[-124.07406443285304,40.004127606833045],[-124.07498076114075,40.00373692041176],[-124.0750613126926,40.00517590550831],[-124.0759977916236,40.0051449576449],[-124.0760179346254,40.00550470397301],[-124.07648617610074,40.00548922729622],[-124.0765063216098,40.00584897362989],[-124.07510158966203,40.00589539857135],[-124.0751217284451,40.00625514523161],[-124.07605822122588,40.006224196886684],[-124.07607836482457,40.0065839434723],[-124.0770350098405,40.00691273437143],[-124.07707530726631,40.007632227650944],[-124.0761387968145,40.00766318374443],[-124.07615894120912,40.00802293067358],[-124.07520228556676,40.00769413273146],[-124.07575111082865,40.00911764767969],[-124.0762193755869,40.00910217197677],[-124.07617908580274,40.00838267768871],[-124.07664734574502,40.00836720036971],[-124.07715590450636,40.00907121524101],[-124.0785606963927,40.00902476681254],[-124.07906927823899,40.009728774118074],[-124.07998565014566,40.009338049024755],[-124.08000581400344,40.00969779574123],[-124.08096251764523,40.01002655689945],[-124.081002855591,40.01074605044091],[-124.08193940361312,40.010715057368515],[-124.08191922992347,40.01035531071552],[-124.08287595083813,40.010684057189415],[-124.08291630804972,40.011403550431865],[-124.08244802991966,40.01141905157055],[-124.08246820651581,40.0117787984013],[-124.08387304723382,40.0117322894138],[-124.08438169933402,40.012436276140846],[-124.08531826765162,40.01240525739044]],[[-124.08385286371177,40.01137254282433],[-124.08338458598043,40.011388047516434],[-124.08336440496635,40.011028300932615],[-124.0838326803891,40.01101279632095],[-124.08385286371177,40.01137254282433]],[[-124.08474904289598,40.01062203551109],[-124.08334422415163,40.01066855443483],[-124.08332404353628,40.0103088080231],[-124.08472885535495,40.010262289340666],[-124.08474904289598,40.01062203551109]],[[-124.08470866801333,40.009902543256246],[-124.08424039991502,40.00991805117996],[-124.0842202150813,40.00955830510111],[-124.08468848087112,40.00954279725785],[-124.08470866801333,40.009902543256246]],[[-124.08377213161732,40.009933557326995],[-124.08330386312025,40.00994906169737],[-124.08328368290358,40.009589315457674],[-124.08375194909213,40.00957381116771],[-124.08377213161732,40.009933557326995]],[[-124.0828154165157,40.00960481797098],[-124.08234714992848,40.009620318707654],[-124.08232697452817,40.00926057239309],[-124.08279523880687,40.00924507173683],[-124.0828154165157,40.00960481797098]],[[-124.0870096083433,40.00910548588187],[-124.08654134585925,40.009121002527834],[-124.08652114988202,40.00876125702324],[-124.08698941005761,40.008745740457755],[-124.0870096083433,40.00910548588187]],[[-124.0851365572102,40.00916754180597],[-124.08466829392832,40.0091830513454],[-124.08464810718492,40.00882330551896],[-124.08511636815835,40.008807796059955],[-124.0851365572102,40.00916754180597]],[[-124.0865009541043,40.00840151160459],[-124.08603269603762,40.00841702631298],[-124.0860125027678,40.00805728089976],[-124.08648075852605,40.00804176627185],[-124.0865009541043,40.00840151160459]],[[-124.08322314344962,40.00851007725439],[-124.08228662432538,40.0085410800219],[-124.0822664495229,40.008181333965226],[-124.0832029640303,40.00815033135852],[-124.08322314344962,40.00851007725439]],[[-124.07807227840414,40.00868050453286],[-124.07760401675048,40.008695987262044],[-124.07758386503251,40.008336240401846],[-124.07805212437768,40.00832075775299],[-124.07807227840414,40.00868050453286]],[[-124.083671220985,40.00813482739025],[-124.0832029640303,40.00815033135852],[-124.08318278481029,40.00779058554858],[-124.08365103945661,40.00777508166072],[-124.083671220985,40.00813482739025]],[[-124.08179819197026,40.00819683260368],[-124.08132993421837,40.00821232946551],[-124.08130976423203,40.00785258333398],[-124.0817780196755,40.00783708655254],[-124.08179819197026,40.00819683260368]],[[-124.07758386503251,40.008336240401846],[-124.07711560548829,40.008351721274096],[-124.07709545627777,40.00799197441955],[-124.07756371351357,40.00797649362761],[-124.07758386503251,40.008336240401846]],[[-124.08552405604811,40.00771304834331],[-124.08505580219935,40.007728559337544],[-124.08501542589042,40.007009068618856],[-124.08548367512249,40.00699355778551],[-124.08552405604811,40.00771304834331]],[[-124.08037325274738,40.00788357156705],[-124.07990499670626,40.00789906301867],[-124.07988483384433,40.00753931673199],[-124.08035308757707,40.00752382536072],[-124.08037325274738,40.00788357156705]],[[-124.08316260578964,40.00743083982457],[-124.08269435325238,40.00744634185542],[-124.08265400042573,40.0067268505042],[-124.08312224834629,40.00671134863418],[-124.08316260578964,40.00743083982457]],[[-124.08175784758001,40.00747734058731],[-124.08128959444491,40.007492837288396],[-124.08126942485704,40.00713309132866],[-124.08173767568374,40.007117594708006],[-124.08175784758001,40.00747734058731]],[[-124.07986467118158,40.00717957053121],[-124.07939641955808,40.00719506004552],[-124.07937625940285,40.006835313850274],[-124.07984450871798,40.00681982441629],[-124.07986467118158,40.00717957053121]],[[-124.07843976017517,40.0068662873885],[-124.07797151026266,40.006881771492736],[-124.07795135723158,40.006522025142424],[-124.07841960483573,40.00650654111848],[-124.07843976017517,40.0068662873885]],[[-124.07795135723158,40.006522025142424],[-124.07748310942837,40.00653750738977],[-124.0774629589047,40.00617776104499],[-124.07793120439958,40.00616227887795],[-124.07795135723158,40.006522025142424]],[[-124.07886769479214,40.00613130921417],[-124.07839944969541,40.00614679493433],[-124.07837929475416,40.00578704883603],[-124.07884753754261,40.00577156319616],[-124.07886769479214,40.00613130921417]],[[-124.08493467566552,40.00557008821174],[-124.08399819506955,40.005601103905214],[-124.0839780126283,40.005241358857134],[-124.08491448860781,40.005210343324535],[-124.08493467566552,40.00557008821174]],[[-124.0835299544725,40.00561660908714],[-124.08306171367614,40.0056321124925],[-124.08302135822593,40.00491262216051],[-124.08348959440582,40.00489711891595],[-124.0835299544725,40.00561660908714]],[[-124.08165699009125,40.00567861204935],[-124.08118874849781,40.005694108348536],[-124.08116857990603,40.005334362818104],[-124.08163681919125,40.005318866599296],[-124.08165699009125,40.00567861204935]],[[-124.08072050670509,40.00570960287117],[-124.08025226471321,40.00572509561725],[-124.08023210073799,40.00536534992611],[-124.07976386085518,40.0053808408153],[-124.07978402252215,40.005740586586775],[-124.07884753754261,40.00577156319616],[-124.0787870669886,40.00469232565711],[-124.08019177338501,40.004645858801176],[-124.08017161000728,40.00428611336742],[-124.08110807532604,40.00425512674155],[-124.0816166484905,40.00495912123502],[-124.0806801743373,40.004990111735374],[-124.08072050670509,40.00570960287117]],[[-124.078359140012,40.00542730282356],[-124.07789089933274,40.005442786606565],[-124.0778707470979,40.00508304059959],[-124.07833898546893,40.00506755689689],[-124.078359140012,40.00542730282356]],[[-124.08442606616764,40.004866107097236],[-124.08395783038641,40.00488161389486],[-124.08393764834388,40.004521869018355],[-124.0844058818169,40.00450636230116],[-124.08442606616764,40.004866107097236]],[[-124.08302135822593,40.00491262216051],[-124.08255312184673,40.004928123628545],[-124.08253294672878,40.00456837851081],[-124.08300118079978,40.00455287712318],[-124.08302135822593,40.00491262216051]],[[-124.08581058103972,40.0044598314905],[-124.08534234816486,40.00447534353723],[-124.08532215939715,40.004115598987795],[-124.08579038996385,40.00410008702151],[-124.08581058103972,40.0044598314905]],[[-124.0787870669886,40.00469232565711],[-124.0783188311249,40.004707811056015],[-124.07829867697997,40.00434806530094],[-124.07876691053548,40.00433257998234],[-124.0787870669886,40.00469232565711]],[[-124.0759776488208,40.00478521140261],[-124.075509411763,40.00480068614232],[-124.07548927146736,40.004440939905564],[-124.07595750621694,40.004425465246086],[-124.0759776488208,40.00478521140261]],[[-124.08532215939715,40.004115598987795],[-124.08485392863105,40.004131109177585],[-124.08483374237089,40.00377136463342],[-124.08530197082885,40.0037558545241],[-124.08532215939715,40.004115598987795]],[[-124.08344923513647,40.00417762908789],[-124.08298100357293,40.00419313217164],[-124.08296082654536,40.00383338730584],[-124.08342905580076,40.00381788430248],[-124.08344923513647,40.00417762908789]],[[-124.08296082654536,40.00383338730584],[-124.08249259709069,40.00384888853268],[-124.08245224824974,40.00312939889749],[-124.08338869772729,40.00309839498887],[-124.08296082654536,40.00383338730584]],[[-124.0801514468287,40.00392636801938],[-124.07921498532964,40.00395734737853],[-124.07919482696651,40.003597601955576],[-124.08011112106904,40.00320687758057],[-124.0801514468287,40.00392636801938]],[[-124.07781029158774,40.0040038030934],[-124.07734205994232,40.00401928477867],[-124.07732191081186,40.00365953903449],[-124.07779014014912,40.00364405742953],[-124.07781029158774,40.0040038030934]],[[-124.08106773993542,40.00353563645264],[-124.08059951199195,40.003551130493136],[-124.08055918201435,40.002831640386454],[-124.08102740534163,40.00281614650666],[-124.08106773993542,40.00353563645264]],[[-124.07919482696651,40.003597601955576],[-124.07872659822648,40.003613088890056],[-124.0786862867138,40.00289359814074],[-124.07915451083764,40.0028781113669],[-124.07919482696651,40.003597601955576]],[[-124.09228492797587,40.00280350345033],[-124.09181670712753,40.00281904004581],[-124.09179648684476,40.00245929696631],[-124.09226470538506,40.00244376045138],[-124.09228492797587,40.00280350345033]],[[-124.08619804137581,40.003005340627496],[-124.08526159429051,40.00303636585385],[-124.08524140632046,40.00267662164732],[-124.0861778487896,40.00264559658183],[-124.08619804137581,40.003005340627496]],[[-124.08479337044876,40.003051875802335],[-124.08432514640762,40.00306738397432],[-124.0843049630537,40.00270763960692],[-124.08477318478678,40.00269213151535],[-124.08479337044876,40.003051875802335]],[[-124.08198402321204,40.00314489818708],[-124.08151579797509,40.00316039570017],[-124.0814754591635,40.002440906086306],[-124.08053901732431,40.00247189546163],[-124.08049868854177,40.00175240586908],[-124.08096690494487,40.00173691223034],[-124.0809870715446,40.00209665690343],[-124.08192350836926,40.00206566413591],[-124.08198402321204,40.00314489818708]],[[-124.07542885177402,40.00336170170984],[-124.07496062375007,40.00337717435204],[-124.07494048655826,40.00301742837806],[-124.0754087122741,40.00300195581611],[-124.07542885177402,40.00336170170984]],[[-124.08664606972502,40.0026300813844],[-124.0861778487896,40.00264559658183],[-124.08615765640283,40.00228585262184],[-124.08662587503021,40.00227033750487],[-124.08664606972502,40.0026300813844]],[[-124.08336851898953,40.00273865046062],[-124.08290029665848,40.002754153222796],[-124.0828801204281,40.002394408699814],[-124.0833483404511,40.00237890601806],[-124.08336851898953,40.00273865046062]],[[-124.08055918201435,40.002831640386454],[-124.08009095848793,40.002847132489734],[-124.08007079610599,40.00248738748458],[-124.08053901732431,40.00247189546163],[-124.08055918201435,40.002831640386454]],[[-124.06978999056172,40.003187509310656],[-124.06932176246059,40.00320296055461],[-124.06930165316528,40.002843213704125],[-124.06976987895827,40.00282776254031],[-124.06978999056172,40.003187509310656]],[[-124.08381656027477,40.00236340155984],[-124.0833483404511,40.00237890601806],[-124.08332816211195,40.00201916166119],[-124.08379637962761,40.00200365728336],[-124.08381656027477,40.00236340155984]],[[-124.07913435307185,40.00251836620108],[-124.07866613125613,40.00253385289463],[-124.0786459759975,40.00217410773421],[-124.07911419550516,40.00215862112098],[-124.07913435307185,40.00251836620108]],[[-124.07538857297311,40.00264221000805],[-124.07445212595879,40.00267315319496],[-124.07441185718585,40.001953661515024],[-124.07394363799654,40.001969130283314],[-124.07437158920838,40.001234170177725],[-124.07390337463515,40.0012496387856],[-124.07339490191305,40.00054561430143],[-124.0743313220264,40.00051467918298],[-124.07435145551797,40.00087442463755],[-124.07481966758435,40.00085895433347],[-124.07485993978008,40.00157844533902],[-124.07532815626362,40.00156297309802],[-124.0749002127714,40.00229793668717],[-124.07536843387103,40.00228246428569],[-124.07538857297311,40.00264221000805]],[[-124.0922242608027,40.001724274710426],[-124.09175604687836,40.00173981106421],[-124.09124739820268,40.0010358599209],[-124.09218381701923,40.00100478931201],[-124.0922242608027,40.001724274710426]],[[-124.08801032829611,40.0018640379428],[-124.08566924769673,40.00194162200759],[-124.08564905801684,40.00158187813846],[-124.08424441418806,40.001628407018686],[-124.08420404927438,40.00090891905474],[-124.08467225946741,40.00089341136528],[-124.08465207500161,40.00053366759215],[-124.08418386711652,40.00054917520121],[-124.08412332183902,39.99946994415401],[-124.08320709626234,39.99986069731808],[-124.08318691931825,39.99950095356045],[-124.08225051600034,39.99953195586134],[-124.08223034387127,39.999172212028505],[-124.08127377705799,39.998843463155076],[-124.08125360994299,39.99848371933258],[-124.0817218051765,39.998468222864176],[-124.0816814669285,39.99774873563636],[-124.08261784756674,39.9977177376919],[-124.08263802120668,39.99807748110234],[-124.08310621353472,39.99806197938523],[-124.08314656602793,39.99878146630181],[-124.08361476277229,39.99876596264757],[-124.08355422740797,39.99768673264208],[-124.08308603758698,39.99770223605517],[-124.08306586183856,39.99734249281058],[-124.08119310979313,39.99740448837803],[-124.08117294347488,39.99704474489745],[-124.0825775008846,39.99699825112744],[-124.0825573278424,39.996638507973344],[-124.0834936938373,39.996607503405784],[-124.08351387149493,39.996967246399116],[-124.08398205650117,39.996951741370474],[-124.08402241702969,39.99767122745265],[-124.08449060645206,39.997655720486875],[-124.08499916623198,39.99835969784718],[-124.08546735987119,39.99834418716787],[-124.08544717218531,39.99798444415437],[-124.08591536331738,39.99796893177916],[-124.0864239390523,39.99867290341834],[-124.08548754775646,39.99870393026687],[-124.08599612448845,39.999407904024466],[-124.08552792412516,39.999423416721434],[-124.08510009611301,40.00015841459957],[-124.08556830129145,40.00014290351812],[-124.08560867925534,40.00086239065709],[-124.0860768888502,40.00084687763836],[-124.0860970804392,40.00120662125579],[-124.08703350364655,40.001175589728156],[-124.08705370005092,40.0015353332703],[-124.08799012707627,40.001504294476014],[-124.08801032829611,40.0018640379428]],[[-124.07677309597632,40.002236036422445],[-124.07630487547351,40.002251514153336],[-124.07628473195423,40.001891768677176],[-124.07675295014899,40.001876291026555],[-124.07677309597632,40.002236036422445]],[[-124.08237155295895,40.00169042065545],[-124.08190333715349,40.00170591962353],[-124.08188316613692,40.001346175196794],[-124.08235137963439,40.0013306763091],[-124.08237155295895,40.00169042065545]],[[-124.08143512114877,40.00172141681516],[-124.08096690494487,40.00173691223034],[-124.08094673854433,40.00137716764288],[-124.08141495244021,40.001361672308064],[-124.08143512114877,40.00172141681516]],[[-124.0795622551381,40.001783387817184],[-124.07909403813757,40.00179887612654],[-124.07907388096909,40.001439131217765],[-124.07860566607748,40.00145461767037],[-124.07809714647904,40.000750612464635],[-124.07762893580532,40.00076609520378],[-124.07764908565171,40.00112584018217],[-124.07671265909126,40.0011568004917],[-124.07667236882939,40.00043731029939],[-124.07854520269048,40.00037538321684],[-124.07852504862626,40.0000156385702],[-124.07899325428602,40.00000015243882],[-124.07901341065813,40.00035989700516],[-124.08088624053778,40.00029793439423],[-124.08090640634079,40.00065767872485],[-124.07903356722937,40.00071964165709],[-124.07905372399968,40.0010793863946],[-124.07952193638418,40.001063898245874],[-124.0795622551381,40.001783387817184]],[[-124.08984276848031,40.001082452511106],[-124.08843813696137,40.00112902911355],[-124.08792952461388,40.0004250645893],[-124.0888659369935,40.000394019172276],[-124.0888861422306,40.00075376222123],[-124.08982255842777,40.00072270953755],[-124.08984276848031,40.001082452511106]],[[-124.08188316613692,40.001346175196794],[-124.08141495244021,40.001361672308064],[-124.08137461562075,40.00064218355074],[-124.08184282470151,40.00062668660019],[-124.08188316613692,40.001346175196794]],[[-124.07579637254823,40.00154749908057],[-124.07532815626362,40.00156297309802],[-124.07530801775827,40.00120322763266],[-124.07577623173486,40.00118775369545],[-124.07579637254823,40.00154749908057]],[[-124.09027055406612,40.00034743772366],[-124.08980234857485,40.0003629666496],[-124.08978213892156,40.000003223847216],[-124.09025034210495,39.999987695001806],[-124.09027055406612,40.00034743772366]],[[-124.0762243025901,40.00081253276258],[-124.07528787945185,40.00084348225294],[-124.07526774134432,40.00048373695884],[-124.07620415986666,40.000452787628966],[-124.0762243025901,40.00081253276258]],[[-124.08931393553856,40.000018750916226],[-124.08884573195596,40.00003427620885],[-124.08882552711799,39.99967453333101],[-124.08929372839272,39.99965900811887],[-124.08931393553856,40.000018750916226]],[[-124.08744112001092,40.00008084142834],[-124.08650471105008,40.00011187602603],[-124.08648451775149,39.999752132745805],[-124.08742092209656,39.999721098309045],[-124.08744112001092,40.00008084142834]],[[-124.08182265428263,40.00026694243028],[-124.0813544475098,40.00028243930046],[-124.08133427959805,39.99992269513579],[-124.08180248406299,39.999907198345966],[-124.08182265428263,40.00026694243028]],[[-124.07526774134432,40.00048373695884],[-124.0747995317848,40.00049920895915],[-124.07477939618413,40.00013946367041],[-124.0752476034357,40.000123991750336],[-124.07526774134432,40.00048373695884]],[[-124.07339490191305,40.00054561430143],[-124.07245848100443,40.00057654231414],[-124.07241823308149,39.99985705102024],[-124.07288643901927,39.99984158806247],[-124.07286631304801,39.99948184262407],[-124.07427092274482,39.999435443332864],[-124.07429105563982,39.99979518853066],[-124.07382285029846,39.99981065681768],[-124.07339490191305,40.00054561430143]],[[-124.09023013034339,39.99962795236549],[-124.08976192946785,39.999643481130384],[-124.08972151115924,39.99892399595333],[-124.09018970741916,39.99890846734949],[-124.09023013034339,39.99962795236549]],[[-124.08086607493395,39.99993819014919],[-124.08039787007067,39.99995368338621],[-124.08035754407629,39.99923419499219],[-124.0808257443238,39.999218701915844],[-124.08086607493395,39.99993819014919]],[[-124.07992966500822,39.99996917484682],[-124.07946145974668,39.99998466453103],[-124.0794413012657,39.99962492013058],[-124.07990950421937,39.999609430526704],[-124.07992966500822,39.99996917484682]],[[-124.08880532247957,39.9993147905387],[-124.08833712331314,39.99933031389394],[-124.08829671925058,39.998610828404914],[-124.08923310815265,39.99857978024005],[-124.08880532247957,39.9993147905387]],[[-124.08786892394717,39.999345835472795],[-124.0874007243817,39.99936135527529],[-124.0873603295504,39.99864186946436],[-124.08782852450024,39.99862634982281],[-124.08786892394717,39.999345835472795]],[[-124.0794413012657,39.99962492013058],[-124.07897309811294,39.99964040795807],[-124.07893278636408,39.9989209192532],[-124.07940098490108,39.99890543158635],[-124.0794413012657,39.99962492013058]],[[-124.07522746572597,39.99976424662742],[-124.07475926078233,39.99977971846726],[-124.07473912557943,39.99941997334967],[-124.07520732821514,39.999404501590064],[-124.07522746572597,39.99976424662742]],[[-124.08691232940917,39.9990171302727],[-124.0864441317526,39.99903264644197],[-124.0864239390523,39.99867290341834],[-124.08689213440107,39.99865738732953],[-124.08691232940917,39.9990171302727]],[[-124.07754833840997,39.99932711614603],[-124.07708013676894,39.99934259678764],[-124.0770599902255,39.99898285215682],[-124.07752818955865,39.9989673715955],[-124.07754833840997,39.99932711614603]],[[-124.07239810941813,39.99949730550168],[-124.07192990558953,39.999512766602855],[-124.07190978443286,39.999153021089654],[-124.07237798595355,39.99913756006865],[-124.07239810941813,39.99949730550168]],[[-124.07893278636408,39.9989209192532],[-124.07846458762796,39.998936405143695],[-124.07844443435998,39.99857666083927],[-124.07891263078822,39.99856117502908],[-124.07893278636408,39.9989209192532]],[[-124.08734013243398,39.998282126687144],[-124.08687193959246,39.99829764447186],[-124.08685174498326,39.99793790169967],[-124.08731993551703,39.99792238399542],[-124.08734013243398,39.998282126687144]],[[-124.08125360994299,39.99848371933258],[-124.08078541451033,39.998499214024626],[-124.08076524990233,39.998139470207285],[-124.0812334430272,39.99812397559557],[-124.08125360994299,39.99848371933258]],[[-124.07657164665673,39.99863858631625],[-124.07610344923349,39.99865406324456],[-124.07608330770366,39.998294318624296],[-124.07655150281907,39.99827884177623],[-124.07657164665673,39.99863858631625]],[[-124.07563525161127,39.998669538396484],[-124.07516705379017,39.99868501177201],[-124.07514691687601,39.99832526699128],[-124.07561511238929,39.99830979369596],[-124.07563525161127,39.998669538396484]],[[-124.08825631598614,39.99789134325786],[-124.08778812585135,39.99790686451482],[-124.08776792682612,39.997547121989015],[-124.08823611465321,39.997531600812565],[-124.08825631598614,39.99789134325786]],[[-124.08685174498326,39.99793790169967],[-124.08591536331738,39.99796893177916],[-124.08589517352314,39.99760918893154],[-124.08542698469884,39.99762470122632],[-124.08540679741172,39.99726495838375],[-124.08587498392829,39.99724944616938],[-124.08583460533681,39.99652996090139],[-124.08677096854103,39.99649893146548],[-124.08679116235241,39.99685867389587],[-124.08632297854236,39.99687418958243],[-124.08636336214805,39.99759367486041],[-124.08683155057354,39.99757815901296],[-124.08685174498326,39.99793790169967]],[[-124.0802970565783,39.99815496304261],[-124.07982886305511,39.99817045410158],[-124.07980870326183,39.99781071020908],[-124.07887232023376,39.99784168683732],[-124.07885216525514,39.9974819428697],[-124.0797683842726,39.997091222680496],[-124.07978854366768,39.997450966402056],[-124.0802567325753,39.99743547550372],[-124.0802970565783,39.99815496304261]],[[-124.07653135918036,39.99791909732171],[-124.07606316637275,39.99793457408954],[-124.07602288430772,39.99721508527647],[-124.0764910724998,39.997199608669156],[-124.07653135918036,39.99791909732171]],[[-124.07512678016076,39.997965522296056],[-124.07465858675643,39.997980993734764],[-124.07463845254783,39.99762124904483],[-124.07510664364435,39.997605777686324],[-124.07512678016076,39.997965522296056]],[[-124.08540679741172,39.99726495838375],[-124.08493861069576,39.99728046882179],[-124.08485787277175,39.99584149798408],[-124.08532605025702,39.99582598786772],[-124.08540679741172,39.99726495838375]],[[-124.0877275293742,39.99682763719379],[-124.08725934596305,39.996843156432995],[-124.08723914984397,39.996483414083045],[-124.08770733094747,39.996467894924315],[-124.0877275293742,39.99682763719379]],[[-124.08117294347488,39.99704474489745],[-124.08070475727325,39.99706023926811],[-124.08068459346185,39.99670049579262],[-124.08115277735577,39.996685001502286],[-124.08117294347488,39.99704474489745]],[[-124.07930019747361,39.99710671172217],[-124.07883201047555,39.99712219898752],[-124.07881185589503,39.99676245519077],[-124.07928004058537,39.99674696800572],[-124.07930019747361,39.99710671172217]],[[-124.07836382327842,39.99713768447651],[-124.07789563588226,39.99715316818919],[-124.0773871531714,39.996449162135804],[-124.07879170151357,39.99640271147948],[-124.07836382327842,39.99713768447651]],[[-124.07602288430772,39.99721508527647],[-124.07508650732684,39.997246033162064],[-124.07506637120821,39.99688628872326],[-124.0760027435736,39.996855340998124],[-124.07602288430772,39.99721508527647]],[[-124.08443005903511,39.99657649173298],[-124.08396187653587,39.99659199845753],[-124.08394169676987,39.996232255630034],[-124.08440987696146,39.996216748985866],[-124.08443005903511,39.99657649173298]],[[-124.0825573278424,39.996638507973344],[-124.08208914454605,39.99665400759266],[-124.08206897401075,39.99629426444363],[-124.08253715499941,39.99627876490468],[-124.0825573278424,39.996638507973344]],[[-124.08206897401075,39.99629426444363],[-124.08160079282288,39.99630976220627],[-124.08158062479446,39.99595001906231],[-124.08204880367467,39.99593452138002],[-124.08206897401075,39.99629426444363]],[[-124.08019624806425,39.99635624483629],[-124.0797280660798,39.99637173549367],[-124.07970790728203,39.99601199202839],[-124.08017608695883,39.99599650145134],[-124.08019624806425,39.99635624483629]],[[-124.08626240462945,39.995794962306135],[-124.08579422754293,39.99581047597506],[-124.08577403894508,39.995450733639956],[-124.08624221372398,39.99543522005143],[-124.08626240462945,39.995794962306135]],[[-124.07970790728203,39.99601199202839],[-124.07923972740612,39.99602748082916],[-124.07921957111512,39.99566773736895],[-124.07968774868337,39.995652248648504],[-124.07970790728203,39.99601199202839]],[[-124.07877154733116,39.996042967853604],[-124.07830336705713,39.99605845310175],[-124.07828321538143,39.99569870948095],[-124.07875139334779,39.995683224313105],[-124.07877154733116,39.996042967853604]],[[-124.0778351865841,39.99607393657359],[-124.07643064397102,39.99612037633119],[-124.07639035927986,39.995400888532956],[-124.07685853573453,39.99538541055055],[-124.07687868028829,39.99574515432672],[-124.077794888047,39.99535444925686],[-124.0778351865841,39.99607393657359]],[[-124.08577403894508,39.995450733639956],[-124.08530586396677,39.99546624545218],[-124.08528567787587,39.99510650312203],[-124.0857538505466,39.99509099139022],[-124.08577403894508,39.995450733639956]],[[-124.08202863353779,39.99557477840179],[-124.08156045696524,39.995590276003696],[-124.08154028933517,39.99523053303052],[-124.0820084636001,39.995215035508934],[-124.08202863353779,39.99557477840179]],[[-124.07921957111512,39.99566773736895],[-124.07875139334779,39.995683224313105],[-124.07871108597818,39.99496373748829],[-124.07917925913027,39.994948250704724],[-124.07921957111512,39.99566773736895]],[[-124.07313324462093,39.995868929091266],[-124.07266506426778,39.99588439294344],[-124.07262481689686,39.995164904032684],[-124.07309299263468,39.99514944034087],[-124.07313324462093,39.995868929091266]],[[-124.0848175050058,39.99512201307757],[-124.08434933193641,39.99513752125682],[-124.08432915066004,39.9947777788512],[-124.08339280853845,39.994808789720125],[-124.08337263207649,39.99444904723905],[-124.08243629377296,39.99448005084215],[-124.08239595067693,39.99376056581453],[-124.08286411531327,39.99374506506183],[-124.08288428906918,39.99410480745263],[-124.08382062235911,39.99407380045776],[-124.08384080092935,39.99443354277311],[-124.08430896958293,39.99441803653092],[-124.08426860802673,39.99369855214629],[-124.08473677186598,39.99368304428863],[-124.08475695485195,39.994042786357895],[-124.08522512079936,39.9940272766436],[-124.08526549198434,39.99474676087725],[-124.08479732142185,39.994762270752354],[-124.0848175050058,39.99512201307757]],[[-124.07639035927986,39.995400888532956],[-124.07592218262626,39.995416364739036],[-124.07588190334604,39.99469687712185],[-124.07541373110875,39.99471235139118],[-124.07490528941828,39.994008336287564],[-124.0758416248614,39.993977389846016],[-124.07586176400429,39.994337133441256],[-124.07632993373507,39.994321657475865],[-124.07639035927986,39.995400888532956]],[[-124.08807451117204,39.994653664324986],[-124.08620183251126,39.994715735798195],[-124.08616145209614,39.99399625188625],[-124.08709778259531,39.993965220023924],[-124.08711797731821,39.99432496177635],[-124.08805431163465,39.99429392264816],[-124.08807451117204,39.994653664324986]],[[-124.08198829386164,39.994855292701466],[-124.08105194974772,39.994886285807645],[-124.08101162009862,39.994166800127296],[-124.08147978764003,39.994151304623024],[-124.08198829386164,39.994855292701466]],[[-124.07871108597818,39.99496373748829],[-124.07824291262708,39.9949792224956],[-124.07822276154843,39.99461947913093],[-124.07726627259987,39.99429070021627],[-124.07722598066776,39.99357121359253],[-124.07769414518665,39.99355573245886],[-124.07767399721155,39.993195989355186],[-124.07814215922393,39.99318050652554],[-124.07818245998818,39.99389999265763],[-124.0791389479417,39.994228764381894],[-124.07871108597818,39.99496373748829]],[[-124.0726046935095,39.99480515970536],[-124.07213651988056,39.99482062154072],[-124.07211639899955,39.99446087721859],[-124.07258457032088,39.9944454154634],[-124.0726046935095,39.99480515970536]],[[-124.08850227684822,39.993918658908655],[-124.08803411229674,39.99393418105663],[-124.08801391315833,39.993574439550414],[-124.08848207540234,39.993558917482886],[-124.08850227684822,39.993918658908655]],[[-124.08756594754577,39.993949701428406],[-124.08709778259531,39.993965220023924],[-124.08707758807188,39.9936054783568],[-124.08754575071482,39.99358995984171],[-124.08756594754577,39.993949701428406]],[[-124.08194795498228,39.99413580734248],[-124.08147978764003,39.994151304623024],[-124.08145962080668,39.993791561991166],[-124.0819277858414,39.993776064790964],[-124.08194795498228,39.99413580734248]],[[-124.07679810326694,39.9943061797342],[-124.07632993373507,39.994321657475865],[-124.07630979228465,39.993961913960845],[-124.07677795950897,39.99394643629944],[-124.07679810326694,39.9943061797342]],[[-124.08988656093723,39.9935123406229],[-124.0894183992918,39.99352786801913],[-124.0893981934305,39.993168126839606],[-124.08986635276847,39.9931525995239],[-124.08988656093723,39.9935123406229]],[[-124.08801391315833,39.993574439550414],[-124.08754575071482,39.99358995984171],[-124.08752555408336,39.993230218340315],[-124.0879937142194,39.993214698129464],[-124.08801391315833,39.993574439550414]],[[-124.08707758807188,39.9936054783568],[-124.0866094252295,39.99362099509565],[-124.08658923321296,39.99326125343333],[-124.08705739374787,39.99324573677492],[-124.08707758807188,39.9936054783568]],[[-124.08614126218768,39.99363651005824],[-124.0852049355059,39.99366753465475],[-124.08518475041178,39.993307792751175],[-124.0861210724786,39.993276768315496],[-124.08614126218768,39.99363651005824]],[[-124.08426860802673,39.99369855214629],[-124.08333227975035,39.99372956253289],[-124.08376008784413,39.99299457402347],[-124.08282376839912,39.99302558053609],[-124.08280359524089,39.99266583840114],[-124.083739910071,39.99263483204926],[-124.08371973249716,39.99227509016028],[-124.08418788730592,39.992259584400394],[-124.08426860802673,39.99369855214629]],[[-124.09080267084565,39.9931215395638],[-124.09033451190686,39.99313707043194],[-124.09031430163026,39.9927773294987],[-124.09078245826166,39.992761798711044],[-124.09080267084565,39.9931215395638]],[[-124.07582148591744,39.99361764633607],[-124.07535332060286,39.993633120364755],[-124.0753331841653,39.993273376859904],[-124.07580134717236,39.993257902911445],[-124.07582148591744,39.99361764633607]],[[-124.0898461447993,39.99279285851013],[-124.08937798776876,39.992808385745356],[-124.08935778230655,39.992448644736335],[-124.08982593702969,39.99243311758161],[-124.0898461447993,39.99279285851013]],[[-124.08656904139582,39.9929015118563],[-124.08563272434267,39.99293253968356],[-124.0855923505363,39.99221305646354],[-124.08512419632551,39.99222856755201],[-124.08516456551703,39.99294805093286],[-124.08469640649203,39.992963560405954],[-124.08463585992601,39.99188433522131],[-124.08416770762393,39.991899842677],[-124.08414752814126,39.99154010103885],[-124.08461567813596,39.99152459366355],[-124.08459549654522,39.99116485219097],[-124.08506364403326,39.991149343119865],[-124.08510401202875,39.99186882598943],[-124.08604031563624,39.99183780219707],[-124.08602012692408,39.991478060880546],[-124.08648827612143,39.9914625464005],[-124.08650846714092,39.991822287636616],[-124.0869766184462,39.991806771299956],[-124.08701700569819,39.992526253867],[-124.08654884977811,39.99254177036452],[-124.08656904139582,39.9929015118563]],[[-124.08188744815718,39.993056579943826],[-124.08095112711851,39.993087572246644],[-124.0809309631901,39.99272782979032],[-124.08184711126971,39.99233709543775],[-124.08188744815718,39.993056579943826]],[[-124.07907848265172,39.993149535537505],[-124.07861032103735,39.99316502191964],[-124.07859016864626,39.992805279061805],[-124.07905832795316,39.99278979275995],[-124.07907848265172,39.993149535537505]],[[-124.07439685755459,39.99330431942809],[-124.07392869395098,39.993319788047806],[-124.07390856463476,39.992960044387644],[-124.07437672593086,39.99294457584813],[-124.07439685755459,39.99330431942809]],[[-124.07205603754882,39.99338164476422],[-124.07158787295145,39.993397104502684],[-124.0715677551728,39.9930373604417],[-124.07203591746264,39.993021900783376],[-124.07205603754882,39.99338164476422]],[[-124.07018337796735,39.99344347306057],[-124.06971521257539,39.99345892569403],[-124.06969510402682,39.993099181312544],[-124.07016326711125,39.99308372875921],[-124.07018337796735,39.99344347306057]],[[-124.06924704698483,39.99347437655122],[-124.06831071520803,39.99350527293682],[-124.06829061358208,39.99314552831508],[-124.06875877726222,39.993130081090484],[-124.06873867352725,39.992770336634095],[-124.06920683470135,39.99275488771334],[-124.06924704698483,39.99347437655122]],[[-124.08280359524089,39.99266583840114],[-124.08233543752696,39.99268133891275],[-124.08229509642302,39.99196185473783],[-124.08182694312475,39.99197735331255],[-124.08180677517895,39.991617611272595],[-124.08274307696153,39.99158661250766],[-124.08280359524089,39.99266583840114]],[[-124.07390856463476,39.992960044387644],[-124.0729722414462,39.99299097613798],[-124.07295211694377,39.992631232402736],[-124.07388843551738,39.99260030081273],[-124.07390856463476,39.992960044387644]],[[-124.0715677551728,39.9930373604417],[-124.07109959268426,39.99305281832379],[-124.0710794774118,39.992693074267926],[-124.07154763759284,39.99267761646599],[-124.0715677551728,39.9930373604417]],[[-124.09542354287622,39.99188691330504],[-124.09448724263744,39.9919180083057],[-124.09446701219353,39.99155826835302],[-124.09540330781768,39.99152717351353],[-124.09542354287622,39.99188691330504]],[[-124.09355094159947,39.99194909620168],[-124.09308279078087,39.99196463748541],[-124.09306256725897,39.991604897291005],[-124.09353071577023,39.991589356087836],[-124.09355094159947,39.99194909620168]],[[-124.08980572945967,39.99207337673832],[-124.0893375770439,39.99208890381255],[-124.0893173719808,39.99172916297396],[-124.08978552208917,39.991713635980226],[-124.08980572945967,39.99207337673832]],[[-124.08091079946082,39.99236808741922],[-124.0799744868554,39.99239907229587],[-124.07991401070672,39.9913198452121],[-124.0803821601868,39.99130435390279],[-124.08042248203495,39.99202383837948],[-124.08089063593069,39.992008345133364],[-124.08091079946082,39.99236808741922]],[[-124.0710794774118,39.992693074267926],[-124.0706113170321,39.992708530293626],[-124.07059120426577,39.992348786242914],[-124.07105936233798,39.99233333029735],[-124.0710794774118,39.992693074267926]],[[-124.06967499567686,39.99273943701636],[-124.06871856999085,39.99241059226299],[-124.0686783635137,39.99169110377652],[-124.06776215293915,39.99208174016961],[-124.06774205441474,39.99172199580886],[-124.06727389956752,39.9917374391607],[-124.06723370772896,39.99101795053477],[-124.06817000799523,39.99098706237509],[-124.06814990775888,39.990627318350036],[-124.06861805528689,39.99061187168599],[-124.06863815783062,39.99097161563096],[-124.0691063074675,39.990956167110625],[-124.06916662321214,39.992035399216554],[-124.0696347795727,39.99201994867976],[-124.06967499567686,39.99273943701636]],[[-124.09446701219353,39.99155826835302],[-124.09351049014073,39.991229616059194],[-124.09344981445068,39.99015039648416],[-124.09391795353311,39.9901348538271],[-124.09387749945729,39.98941537469714],[-124.09434563372557,39.989399830425114],[-124.09446701219353,39.99155826835302]],[[-124.09306256725897,39.991604897291005],[-124.09259441854796,39.991620436717994],[-124.0925741975331,39.99126069652822],[-124.09304234393677,39.9912451571818],[-124.09306256725897,39.991604897291005]],[[-124.0883810711654,39.991760211632915],[-124.08791292045846,39.99177573329813],[-124.08789272251691,39.99141599230332],[-124.08836087091653,39.99140047071858],[-124.0883810711654,39.991760211632915]],[[-124.07948617364617,39.992054819543085],[-124.07901801915318,39.99207030746057],[-124.07899786505176,39.991710564938764],[-124.07946601723735,39.991695077101554],[-124.07948617364617,39.992054819543085]],[[-124.07854986446115,39.992085793601866],[-124.07808170957011,39.992101277966945],[-124.07804141079586,39.991381792687406],[-124.07850956107211,39.99136630848287],[-124.07854986446115,39.992085793601866]],[[-124.07480461976228,39.99220961878857],[-124.07433646327992,39.99222508894395],[-124.07431633225266,39.99186534561973],[-124.0747844864276,39.99184987554457],[-124.07480461976228,39.99220961878857]],[[-124.07340014971881,39.99225602392603],[-124.07293199264008,39.99227148875273],[-124.07291186853513,39.99191174518801],[-124.07338002330641,39.99189628044146],[-124.07340014971881,39.99225602392603]],[[-124.07291186853513,39.99191174518801],[-124.07197555839636,39.99194266935245],[-124.071955439105,39.99158292571262],[-124.07289174462892,39.991552001708484],[-124.07291186853513,39.99191174518801]],[[-124.07103924746283,39.99197358641202],[-124.07057109169807,39.991989042277496],[-124.070550979329,39.99162929839728],[-124.07101913278633,39.99161384261192],[-124.07103924746283,39.99197358641202]],[[-124.09114954323073,39.990947563564305],[-124.0902132532411,39.99097862611065],[-124.0901728352825,39.99025914535168],[-124.08923655372368,39.99029020047143],[-124.08921634965822,39.98993046005865],[-124.08968448823018,39.989914933467325],[-124.0896440760834,39.989195453058095],[-124.09011220984137,39.98917992485162],[-124.09015262660256,39.98989940509987],[-124.0906207647754,39.98988387495629],[-124.09060055398778,39.9895241348701],[-124.09155704052225,39.98985280934071],[-124.09151660991785,39.989133329575495],[-124.09198474287743,39.989117794264594],[-124.0920453960051,39.99019701379848],[-124.09064097576258,39.99024361512759],[-124.09114954323073,39.990947563564305]],[[-124.08974510794691,39.9909941547196],[-124.08927696245318,39.991009681552356],[-124.08925675798868,39.99064994096932],[-124.08972490117513,39.990634414217034],[-124.08974510794691,39.9909941547196]],[[-124.08459549654522,39.99116485219097],[-124.08319105288534,39.99121136874719],[-124.08268256047516,39.990507387380966],[-124.08174627253659,39.990538385663825],[-124.08225475611586,39.991242370903784],[-124.08085030946776,39.99128886081731],[-124.08083014653499,39.99092911878708],[-124.08129829330952,39.99091362400575],[-124.0816857716867,39.98945916082145],[-124.08260187461556,39.9890684217374],[-124.08262204578165,39.98942816302063],[-124.08309018253036,39.98941266145603],[-124.08315070414565,39.9904918855753],[-124.0836188476169,39.99047638199345],[-124.08363902419443,39.99083612345644],[-124.08457531515377,39.990805110803535],[-124.08459549654522,39.99116485219097]],[[-124.07991401070672,39.9913198452121],[-124.07850956107211,39.99136630848287],[-124.07838865568115,39.989207855170015],[-124.07885679191457,39.98919236967094],[-124.07889709753006,39.98991185360743],[-124.07983337862888,39.989880876959674],[-124.07991401070672,39.9913198452121]],[[-124.07335989709279,39.99153653704211],[-124.07289174462892,39.991552001708484],[-124.07287162092148,39.99119225831418],[-124.07333977107791,39.99117679372797],[-124.07335989709279,39.99153653704211]],[[-124.071955439105,39.99158292571262],[-124.07148728604501,39.991598385050374],[-124.07146716925972,39.99123864141561],[-124.07193532001233,39.99122318215801],[-124.071955439105,39.99158292571262]],[[-124.070550979329,39.99162929839728],[-124.06961467181851,39.99166020463931],[-124.06957445690583,39.990940716814116],[-124.07004260614556,39.9909252647414],[-124.07002249667973,39.99056552103667],[-124.07095878994866,39.990534611722886],[-124.07099901830847,39.991254098897045],[-124.07053086715854,39.99126955460226],[-124.070550979329,39.99162929839728]],[[-124.09253375610245,39.99054121640416],[-124.09206561411365,39.99055675381333],[-124.0920453960051,39.99019701379848],[-124.09251353568666,39.99018147646984],[-124.09253375610245,39.99054121640416]],[[-124.08785232723223,39.99069651056926],[-124.08738418324779,39.99071203021692],[-124.0873639882119,39.990352289397165],[-124.08783212988907,39.99033676982995],[-124.08785232723223,39.99069651056926]],[[-124.0780212617072,39.99102205017543],[-124.07755311353935,39.99103753252352],[-124.07753296695702,39.990677790016484],[-124.07800111281756,39.99066230774865],[-124.0780212617072,39.99102205017543]],[[-124.08080998380134,39.99056937684203],[-124.08034183913504,39.990584869766884],[-124.08032167890784,39.99022512782667],[-124.08078982126683,39.990209634982115],[-124.08080998380134,39.99056937684203]],[[-124.07753296695702,39.990677790016484],[-124.07706482089753,39.99069327050814],[-124.07704467682152,39.99033352800601],[-124.07751282057367,39.990318047594606],[-124.07753296695702,39.990677790016484]],[[-124.06676555729811,39.9910333919503],[-124.06629740666884,39.99104883158962],[-124.06627731566202,39.99068908724438],[-124.06674546398392,39.99067364768508],[-124.06676555729811,39.9910333919503]],[[-124.09577027149841,39.98971292615242],[-124.09530213552236,39.98972847583339],[-124.09526166800298,39.98900899735712],[-124.0961979305266,39.988977896541485],[-124.09577027149841,39.98971292615242]],[[-124.09296145264518,39.989806197596415],[-124.09249331547055,39.98982173662065],[-124.09247309545412,39.98946199685655],[-124.09294123032156,39.98944645791287],[-124.09296145264518,39.989806197596415]],[[-124.08921634965822,39.98993046005865],[-124.08874821088676,39.989945984873835],[-124.08872800932805,39.98958624446569],[-124.0891961457923,39.989570719730985],[-124.08921634965822,39.98993046005865]],[[-124.06955434974734,39.99058097302931],[-124.06908620261639,39.99059642324573],[-124.06906609796383,39.990236679465994],[-124.06953424278743,39.99022122932967],[-124.06955434974734,39.99058097302931]],[[-124.06814990775888,39.990627318350036],[-124.06768176003237,39.99064276323791],[-124.06766166230187,39.990283019217976],[-124.06812980772102,39.99026757441016],[-124.06814990775888,39.990627318350036]],[[-124.06627731566202,39.99068908724438],[-124.06580916714172,39.99070452502748],[-124.0657890786407,39.990344780687394],[-124.06625722485362,39.99032934298431],[-124.06627731566202,39.99068908724438]],[[-124.0934093649893,39.989430917193054],[-124.09294123032156,39.98944645791287],[-124.0929007862734,39.98872697880103],[-124.09336891632681,39.98871143824233],[-124.0934093649893,39.989430917193054]],[[-124.08638732401486,39.989663841497325],[-124.08591918635398,39.98967935557524],[-124.08589899883806,39.989319614769606],[-124.08636713419173,39.98930410077209],[-124.08638732401486,39.989663841497325]],[[-124.0807696589314,39.98984989320735],[-124.07983337862888,39.989880876959674],[-124.07979306378435,39.98916139334433],[-124.07932492794897,39.989176882395704],[-124.07930477313253,39.988817140635355],[-124.07883663940535,39.98883262783033],[-124.07881648709512,39.988472886074824],[-124.07786007616129,39.988144113144884],[-124.07783992886338,39.98778437139896],[-124.07877618307172,39.987753402818996],[-124.07875603135852,39.98739366131864],[-124.07828790666099,39.98740914641643],[-124.07822745963664,39.98632992218467],[-124.07869557741293,39.98631443732766],[-124.07873587984433,39.98703391990332],[-124.07920400203575,39.987018433109725],[-124.07918384841349,39.98665869185967],[-124.08058820687233,39.986612221063275],[-124.08062852815847,39.98733170316666],[-124.08203289866805,39.98728521590378],[-124.08207323459328,39.98800469786536],[-124.08160510667497,39.98802019555638],[-124.08162527262918,39.98837993674505],[-124.08209340285465,39.98836443897369],[-124.08213373997488,39.989083921445555],[-124.08026119942068,39.989145902516825],[-124.0807696589314,39.98984989320735]],[[-124.06719351668423,39.990298462249605],[-124.06672537086814,39.990313903505054],[-124.06621704383204,39.98960985471971],[-124.06715332643334,39.989578974305154],[-124.06719351668423,39.990298462249605]],[[-124.09666606148863,39.98896234346951],[-124.0961979305266,39.988977896541485],[-124.09615745457796,39.988258418727845],[-124.09662558092575,39.98824286581712],[-124.09666606148863,39.98896234346951]],[[-124.09151660991785,39.989133329575495],[-124.09104847675862,39.98914886311032],[-124.09102826406304,39.988789123274834],[-124.0914963949151,39.988773589820525],[-124.09151660991785,39.989133329575495]],[[-124.08730340430088,39.98927306744869],[-124.08683526934601,39.989288584998455],[-124.08681507741503,39.98892884443873],[-124.08728321006272,39.9889133269694],[-124.08730340430088,39.98927306744869]],[[-124.07794066734247,39.98958308097921],[-124.07747252840382,39.98959856300628],[-124.07741209164115,39.988519336762174],[-124.07836850547915,39.988848113249155],[-124.07794066734247,39.98958308097921]],[[-124.06904599350982,39.98987693577145],[-124.06857785079501,39.98989238405156],[-124.06855774884683,39.98953264036207],[-124.06902588925435,39.98951719216205],[-124.06904599350982,39.98987693577145]],[[-124.09196452556752,39.98875805459012],[-124.0914963949151,39.988773589820525],[-124.09147618011197,39.988413850150586],[-124.09194430845726,39.988398315000715],[-124.09196452556752,39.98875805459012]],[[-124.09102826406304,39.988789123274834],[-124.09056013301138,39.98880465495302],[-124.09053992282256,39.98844491512205],[-124.09100805156706,39.98842938352436],[-124.09102826406304,39.988789123274834]],[[-124.08400627734231,39.989021911956264],[-124.0835381432993,39.989037416992765],[-124.08349779233595,39.98831793500299],[-124.08396592176462,39.98830243012722],[-124.08400627734231,39.989021911956264]],[[-124.07043030928553,39.98947083690506],[-124.06996216947371,39.989486290433554],[-124.0699219523293,39.98876680379046],[-124.07039008752658,39.98875135042217],[-124.07043030928553,39.98947083690506]],[[-124.06808960824083,39.98954808678592],[-124.06715332643334,39.989578974305154],[-124.06713323160555,39.989219230460606],[-124.06804940955458,39.9888285995022],[-124.06808960824083,39.98954808678592]],[[-124.06621704383204,39.98960985471971],[-124.06528076043715,39.98964072802962],[-124.06526067483857,39.98928098386498],[-124.06619695361886,39.98925011071511],[-124.06621704383204,39.98960985471971]],[[-124.09475307433557,39.988305066803555],[-124.09381681984169,39.988336156640315],[-124.09379659370265,39.98797641745813],[-124.09473284358234,39.98794532778254],[-124.09475307433557,39.988305066803555]],[[-124.09288056454886,39.98836723937268],[-124.0924124366029,39.988382778074744],[-124.09235177954871,39.98730356005831],[-124.09281990057342,39.98728802159788],[-124.09288056454886,39.98836723937268]],[[-124.08632675514357,39.98858461957685],[-124.08585862440428,39.98860013341353],[-124.08583843748642,39.988240392863126],[-124.08630656591855,39.98822487910685],[-124.08632675514357,39.98858461957685]],[[-124.06713323160555,39.989219230460606],[-124.06666509271142,39.98923467147593],[-124.0661567737877,39.9885306229613],[-124.06709304254531,39.98849974302692],[-124.06713323160555,39.989219230460606]],[[-124.06526067483857,39.98928098386498],[-124.06479253515087,39.98929641777567],[-124.06477245205794,39.988936673616195],[-124.06524058943836,39.988921239785476],[-124.06526067483857,39.98928098386498]],[[-124.09660534094411,39.98788312711848],[-124.09613721690343,39.987898679948586],[-124.09611697942874,39.98753894125437],[-124.09658510116238,39.987523388504854],[-124.09660534094411,39.98788312711848]],[[-124.09566909266287,39.98791423100266],[-124.09520096822249,39.987929780280645],[-124.0951605027012,39.98721030265475],[-124.09609674215389,39.9871792026451],[-124.09566909266287,39.98791423100266]],[[-124.09192409154663,39.98803857549637],[-124.09145596550849,39.9880541105657],[-124.09139532289569,39.98697489232117],[-124.09233156092998,39.98694382088952],[-124.09235177954871,39.98730356005831],[-124.09188365832435,39.987319096742695],[-124.09192409154663,39.98803857549637]],[[-124.08864720508818,39.98814728368405],[-124.08817907765314,39.98816280632079],[-124.088158879399,39.98780306625756],[-124.08862700452696,39.98778754370127],[-124.08864720508818,39.98814728368405]],[[-124.08349779233595,39.98831793500299],[-124.08302966270804,39.98833343810265],[-124.08300948983238,39.98797369715502],[-124.08347761715312,39.987958194135686],[-124.08349779233595,39.98831793500299]],[[-124.07741209164115,39.988519336762174],[-124.07694395942528,39.98853481677238],[-124.0769238165428,39.98817507478095],[-124.0773919464515,39.98815959485097],[-124.07741209164115,39.988519336762174]],[[-124.06898568133902,39.988797705198614],[-124.06851754554604,39.988813153238475],[-124.06847734303929,39.98809366645527],[-124.0689454742178,39.98807821857555],[-124.06898568133902,39.988797705198614]],[[-124.09003137871375,39.98774096537593],[-124.08862700452696,39.98778754370127],[-124.08860680416518,39.98742780380349],[-124.08907492678652,39.98741227955158],[-124.0890547243172,39.98705253981931],[-124.09045908406297,39.987005956648595],[-124.09003137871375,39.98774096537593]],[[-124.08722262854481,39.98783410604189],[-124.08675450281855,39.98784962326993],[-124.08673431168518,39.98748988305038],[-124.0872024351043,39.98747436590277],[-124.08722262854481,39.98783410604189]],[[-124.08488199791988,39.987911674421206],[-124.08441387119689,39.98792718276879],[-124.08439369159908,39.987567442147245],[-124.08486181601494,39.987551933880034],[-124.08488199791988,39.987911674421206]],[[-124.08394574427464,39.987942689340294],[-124.08347761715312,39.987958194135686],[-124.08343726738521,39.9872387126562],[-124.08390538989248,39.98722320802152],[-124.08394574427464,39.987942689340294]],[[-124.06568863911126,39.98854606026428],[-124.06522050423648,39.98856149579111],[-124.06520041923295,39.98820175188181],[-124.0656685518005,39.98818631643498],[-124.06568863911126,39.98854606026428]],[[-124.08767055832405,39.98745884697909],[-124.0872024351043,39.98747436590277],[-124.08718224186326,39.9871146258487],[-124.08765036277592,39.98709910700544],[-124.08767055832405,39.98745884697909]],[[-124.0853299402315,39.987536423836744],[-124.08437351220053,39.98720770161077],[-124.0848012714959,39.98647271276667],[-124.08575769180844,39.986801431511715],[-124.0853299402315,39.987536423836744]],[[-124.0885866040029,39.98706806399075],[-124.08765036277592,39.98709910700544],[-124.0876301674272,39.98673936711679],[-124.08856640404011,39.986708324262985],[-124.0885866040029,39.98706806399075]],[[-124.08718224186326,39.9871146258487],[-124.08624599943974,39.987145658207005],[-124.08622581101221,39.98678591807707],[-124.08714185597935,39.986395145995495],[-124.08718224186326,39.9871146258487]],[[-124.08296914467867,39.98725421551482],[-124.08203289866805,39.98728521590378],[-124.08201273100417,39.98692547505054],[-124.08105632596049,39.986596727245676],[-124.08101600085665,39.98587724564281],[-124.07961165683722,39.98592372128566],[-124.07959150150495,39.9855639803708],[-124.07863512525824,39.98523521410144],[-124.07857467489441,39.98415599163957],[-124.0776384668267,39.98418695861456],[-124.0776183217172,39.983827217803224],[-124.07715021969184,39.98384269854649],[-124.07660155747362,39.982419214475165],[-124.07706965047043,39.982403735828775],[-124.07708979247745,39.98276347638096],[-124.07896217170287,39.98270154371483],[-124.07898232313612,39.983061284030875],[-124.07989836012176,39.98267056672595],[-124.08040677093919,39.98337455580286],[-124.08134296739115,39.98334356783703],[-124.08132280422468,39.98298382783755],[-124.08321535790566,39.983281570593576],[-124.0832557032909,39.984001050204476],[-124.08421208418572,39.98432978037756],[-124.08476090947964,39.98575323244931],[-124.08429279659904,39.98576874031464],[-124.08435333300126,39.98684796115926],[-124.08294897240062,39.98689447482223],[-124.08296914467867,39.98725421551482]],[[-124.07735165666898,39.9874401112837],[-124.07688353137456,39.98745559105321],[-124.07686338908884,39.98709584931693],[-124.07733151207611,39.987080369627634],[-124.07735165666898,39.9874401112837]],[[-124.07641540588126,39.98747106904663],[-124.07594728018906,39.987486545263955],[-124.07592714251754,39.98712680336721],[-124.07639526590263,39.98711132723011],[-124.07641540588126,39.98747106904663]],[[-124.06798911301387,39.98774936921484],[-124.06752098374557,39.98776481346226],[-124.06750088760282,39.987405070123245],[-124.06796901456391,39.98738962595586],[-124.06798911301387,39.98774936921484]],[[-124.06658472461366,39.987795696628766],[-124.06611659475007,39.98781113554782],[-124.06609650552886,39.987451391968705],[-124.06656463308525,39.98743595312967],[-124.06658472461366,39.987795696628766]],[[-124.06564846468811,39.98782657269078],[-124.0647122039691,39.98785744164831],[-124.06469212166944,39.98749769782918],[-124.06516024982093,39.987482264318466],[-124.06512008120227,39.9867627770953],[-124.06558820454109,39.986747341968474],[-124.06564846468811,39.98782657269078]],[[-124.09137510909066,39.98661515307631],[-124.09090699208114,39.986630686047576],[-124.09088678078272,39.98627094680715],[-124.09135489548527,39.98625541391642],[-124.09137510909066,39.98661515307631]],[[-124.07545901893361,39.987142277728225],[-124.07499089515083,39.987157750313166],[-124.0749707622924,39.986798008341026],[-124.07543888376807,39.986782535836284],[-124.07545901893361,39.987142277728225]],[[-124.09229112429149,39.986224342806835],[-124.09133468207946,39.985895674841466],[-124.09129425586663,39.98517619694637],[-124.090826148085,39.98519172959559],[-124.0907857272844,39.98447225187909],[-124.09031762391699,39.98448778259132],[-124.09074530728208,39.98375277450207],[-124.09121340583619,39.98373724217485],[-124.09125383045223,39.98445671939087],[-124.09219003618911,39.98442564908645],[-124.09221025341029,39.984785387660715],[-124.09174214833477,39.984800923781435],[-124.09229112429149,39.986224342806835]],[[-124.08995055077894,39.98630200726049],[-124.08948243547773,39.98631753482311],[-124.08897391643477,39.98561358173987],[-124.09037824849649,39.98556699953489],[-124.08995055077894,39.98630200726049]],[[-124.089014319977,39.986333060609674],[-124.0876099722779,39.98637962731311],[-124.08758977732808,39.986019887594374],[-124.08850580534852,39.98562910558949],[-124.089014319977,39.986333060609674]],[[-124.0702895366047,39.986952635703844],[-124.06982141294331,39.98696808867165],[-124.06980130566183,39.98660834590299],[-124.0702694270161,39.9865928930153],[-124.0702895366047,39.986952635703844]],[[-124.08712166333649,39.98603540619635],[-124.08665354914552,39.98605092302226],[-124.08663335900908,39.985691183227644],[-124.08710147089306,39.985675666482145],[-124.08712166333649,39.98603540619635]],[[-124.06699257336736,39.98670102593147],[-124.06652445062367,39.98671646638656],[-124.06650435969047,39.98635672314255],[-124.06697248012705,39.986341282767455],[-124.06699257336736,39.98670102593147]],[[-124.09318690723136,39.98547378717237],[-124.0927187979413,39.98548932700617],[-124.09267835828618,39.98476984976397],[-124.0931464629624,39.984754310091276],[-124.09318690723136,39.98547378717237]],[[-124.08756958257764,39.98566014796062],[-124.08710147089306,39.985675666482145],[-124.08706108660434,39.98495618730852],[-124.08752919367504,39.98494066894784],[-124.08750899952285,39.98458092956882],[-124.0879771040872,39.98456540951256],[-124.08801749720483,39.98528488819465],[-124.08754938802662,39.98530040841178],[-124.08756958257764,39.98566014796062]],[[-124.07773919535825,39.98598566394476],[-124.07727107949111,39.9860011451694],[-124.07725093569395,39.985641403853265],[-124.07771904925407,39.98562592270886],[-124.07773919535825,39.98598566394476]],[[-124.08988993192298,39.985222789566],[-124.0894218235427,39.985238316887184],[-124.08940161996338,39.98487857774505],[-124.08986972603675,39.98486305050434],[-124.08988993192298,39.985222789566]],[[-124.07818716261527,39.98561043978841],[-124.07771904925407,39.98562592270886],[-124.07769890334882,39.98526618155788],[-124.07816701440302,39.9852506987177],[-124.07818716261527,39.98561043978841]],[[-124.07678282193488,39.98565688322163],[-124.07631470797696,39.98567236081394],[-124.07629456899272,39.985312619422295],[-124.07676268064365,39.9852971419102],[-124.07678282193488,39.98565688322163]],[[-124.09033783191062,39.98484752148762],[-124.08986972603675,39.98486305050434],[-124.08984952035003,39.98450331152757],[-124.09031762391699,39.98448778259132],[-124.09033783191062,39.98484752148762]],[[-124.08940161996338,39.98487857774505],[-124.08846540721812,39.984909626898464],[-124.0884452084521,39.984549887680316],[-124.08938141658355,39.98451883868782],[-124.08940161996338,39.98487857774505]],[[-124.07535834509426,39.98534356911837],[-124.0748902328468,39.98535904130237],[-124.07487010098242,39.98499929975508],[-124.0753382109229,39.9849838276513],[-124.07535834509426,39.98534356911837]],[[-124.0884452084521,39.984549887680316],[-124.0879771040872,39.98456540951256],[-124.08795690782753,39.98420567029885],[-124.0870207031132,39.9842367084745],[-124.08704089475908,39.984596447849064],[-124.08563657927156,39.984642992033805],[-124.08559621002053,39.98392351288709],[-124.08653241131734,39.98389248552821],[-124.08647184509464,39.98281326792694],[-124.08693993852351,39.98279775182475],[-124.08691974787456,39.982438012874375],[-124.08598356543098,39.982469043142],[-124.08641128066608,39.98173405108893],[-124.0868793671747,39.98171853522796],[-124.0873878387973,39.98242249507664],[-124.08785592952063,39.98240697550297],[-124.0878155395938,39.98168749817822],[-124.08875171121527,39.98165645402477],[-124.08877191069244,39.98201619248388],[-124.0892399985107,39.982000667662824],[-124.08926020049407,39.98236040612626],[-124.08879211036906,39.982375931027775],[-124.08883251032069,39.983095408369884],[-124.08930060505928,39.983079883307475],[-124.08936121340324,39.98415909971545],[-124.08842500988557,39.98419014854706],[-124.0884452084521,39.984549887680316]],[[-124.09216981916755,39.984065910597025],[-124.09170171870579,39.984081446556715],[-124.09168150419072,39.98372170807164],[-124.09214960234564,39.983706172192456],[-124.09216981916755,39.984065910597025]],[[-124.09029741612291,39.98412804377991],[-124.08982931486283,39.98414357263569],[-124.08980910957517,39.983783833828646],[-124.09027720852838,39.983768305053346],[-124.09029741612291,39.98412804377991]],[[-124.09261770030095,39.9836906345373],[-124.09214960234564,39.983706172192456],[-124.09212938572335,39.98334643387275],[-124.09259748137184,39.983330896298106],[-124.09261770030095,39.9836906345373]],[[-124.09168150419072,39.98372170807164],[-124.09121340583619,39.98373724217485],[-124.09119319382756,39.98337750369412],[-124.09166128987526,39.98336196967142],[-124.09168150419072,39.98372170807164]],[[-124.09025700113341,39.98340856641165],[-124.089788904487,39.98342409510647],[-124.08976869959837,39.983064356469086],[-124.09023679393796,39.98304882785475],[-124.09025700113341,39.98340856641165]],[[-124.08463982821365,39.98359479353522],[-124.08417172917457,39.98361030091834],[-124.08415155196785,39.983250561316],[-124.0846196487001,39.98323505401326],[-124.08463982821365,39.98359479353522]],[[-124.07574591242248,39.983889130120225],[-124.07527780960164,39.983904603759484],[-124.07525767622553,39.98354486263196],[-124.07572577673945,39.9835293890729],[-124.07574591242248,39.983889130120225]],[[-124.09117298201849,39.98301776529821],[-124.09023679393796,39.98304882785475],[-124.09021658694203,39.982689089382674],[-124.09115277040901,39.982658026987096],[-124.09117298201849,39.98301776529821]],[[-124.08976869959837,39.983064356469086],[-124.08930060505928,39.983079883307475],[-124.08928040267692,39.98272014467445],[-124.08974849490923,39.98270461791655],[-124.08976869959837,39.983064356469086]],[[-124.08602393770114,39.98318852144917],[-124.08555584156674,39.98320403407983],[-124.08553565763883,39.982844294803456],[-124.08600375146641,39.98282878225317],[-124.08602393770114,39.98318852144917]],[[-124.08508774523307,39.983219544934535],[-124.0846196487001,39.98323505401326],[-124.08459946938581,39.98287531457611],[-124.08506756361194,39.98285980557775],[-124.08508774523307,39.983219544934535]],[[-124.08368345503636,39.98326606684279],[-124.08321535790566,39.983281570593576],[-124.08270692060097,39.98257759313617],[-124.0836431058343,39.98254658773191],[-124.08368345503636,39.98326606684279]],[[-124.07617373926347,39.983154172855606],[-124.07570564125527,39.98316964811044],[-124.07568550596991,39.98280990723284],[-124.07615360167128,39.98279443205819],[-124.07617373926347,39.983154172855606]],[[-124.07523754304823,39.9831851215893],[-124.07476944464238,39.98320059329218],[-124.07474931397071,39.98284085225422],[-124.07521741006971,39.98282538063152],[-124.07523754304823,39.9831851215893]],[[-124.09113255899912,39.9822982887608],[-124.09066446967218,39.98231382076605],[-124.09062405206453,39.98159434440677],[-124.09109213677803,39.98157881256247],[-124.09113255899912,39.9822982887608]],[[-124.09019638014564,39.98232935099539],[-124.08972829041961,39.9823448794488],[-124.0897080861295,39.98198514106583],[-124.0901761735488,39.98196961269289],[-124.09019638014564,39.98232935099539]],[[-124.08551547391022,39.982484555611876],[-124.0836431058343,39.98254658773191],[-124.08362293153209,39.98218684830366],[-124.08453893263847,39.98179609677352],[-124.08455911135499,39.98215583595627],[-124.08549529038089,39.98212481650509],[-124.08551547391022,39.982484555611876]],[[-124.08130264125731,39.9826240879229],[-124.08083454774453,39.98263958263321],[-124.08081438728304,39.98227984272306],[-124.08128247848903,39.98226434809303],[-124.08130264125731,39.9826240879229]],[[-124.07474931397071,39.98284085225422],[-124.07428121767293,39.98285632210094],[-124.07424096153963,39.982136840119104],[-124.07470905322377,39.98212137043272],[-124.07474931397071,39.98284085225422]],[[-124.08268675091232,39.98221785354725],[-124.0822186603037,39.98223335350513],[-124.08219849312097,39.9818736139207],[-124.08266658142283,39.981858114043135],[-124.08268675091232,39.98221785354725]],[[-124.07987820427387,39.98231082665524],[-124.07847392826746,39.98235728923383],[-124.0784336310094,39.98163780886525],[-124.0793496530415,39.981247096013185],[-124.07938995912865,39.981966575891214],[-124.079858048625,39.98195108666931],[-124.07987820427387,39.98231082665524]],[[-124.07332490092878,39.982527515272814],[-124.07285680634166,39.98254297971145],[-124.07283668529485,39.982183238522495],[-124.07330477757517,39.982167774164],[-124.07332490092878,39.982527515272814]],[[-124.07751759915345,39.982028515019266],[-124.0761133270834,39.98207495071781],[-124.07609319008772,39.981715210174805],[-124.07749745523743,39.981668774716915],[-124.07751759915345,39.982028515019266]],[[-124.07424096153963,39.982136840119104],[-124.07377286965678,39.98215230802954],[-124.07375274419503,39.981792567085684],[-124.07422083377112,39.981777099255424],[-124.07424096153963,39.982136840119104]],[[-124.0784336310094,39.98163780886525],[-124.0779655432229,39.98165329267906],[-124.07794539719904,39.981293552541686],[-124.07841348267881,39.98127806880812],[-124.0784336310094,39.98163780886525]],[[-124.08356240982066,39.98110763052761],[-124.08309432653058,39.981123133796366],[-124.08307415533186,39.98076339462683],[-124.08354223631527,39.980747891438405],[-124.08356240982066,39.98110763052761]],[[-124.07794539719904,39.981293552541686],[-124.07700922564274,39.98132451468103],[-124.07650086195564,39.980620512585006],[-124.07741688156248,39.980229814355035],[-124.07745716800216,39.980949294366475],[-124.07792525137413,39.98093381248906],[-124.07794539719904,39.981293552541686]],[[-124.07560496681671,39.981370944570486],[-124.0751368801437,39.98138641764844],[-124.0751167481592,39.98102667711459],[-124.07558483252544,39.98101120411683],[-124.07560496681671,39.981370944570486]],[[-124.07466879327191,39.98140188895043],[-124.07326453146402,39.981448292200774],[-124.07324440870649,39.98108855134631],[-124.07464866359413,39.981042148336435],[-124.07466879327191,39.98140188895043]],[[-124.08494647807015,39.98070137121767],[-124.0844783976844,39.98071687973382],[-124.08445821976488,39.98035714089005],[-124.08492629784394,39.980341632454255],[-124.08494647807015,39.98070137121767]],[[-124.08260607414931,39.98077889603933],[-124.08166991118675,39.98080989353663],[-124.08162958322683,39.980090414969865],[-124.08209766019434,39.98007491726978],[-124.08260607414931,39.98077889603933]],[[-124.0802656652497,39.9808563764632],[-124.07979758287257,39.980871867220216],[-124.07975727336603,39.98015238801118],[-124.0802253511298,39.980136897414695],[-124.08020519436842,39.979777158017505],[-124.08114134468553,39.9797461716574],[-124.08116150606023,39.980105910894046],[-124.08069342869453,39.980121405042325],[-124.0802656652497,39.9808563764632]],[[-124.0788614175213,39.98090284340649],[-124.07839333454717,39.980918328835756],[-124.07837318661448,39.980558588948114],[-124.0788412672819,39.9805431035991],[-124.0788614175213,39.98090284340649]],[[-124.07324440870649,39.98108855134631],[-124.07277632334652,39.9811040154644],[-124.07226800209578,39.98039999603143],[-124.07320416378754,39.980369069891665],[-124.07324440870649,39.98108855134631]],[[-124.07230823778787,39.98111947780655],[-124.07137206607462,39.981150397163056],[-124.07135195274276,39.98079065607289],[-124.0722881198425,39.98075973687662],[-124.07230823778787,39.98111947780655]],[[-124.07043589356695,39.98118130941577],[-124.06996780701526,39.981196762878234],[-124.06994770060363,39.9808370215478],[-124.07041578484856,39.98082156816543],[-124.07043589356695,39.98118130941577]],[[-124.08445821976488,39.98035714089005],[-124.08352206300906,39.98038815243394],[-124.08348171699421,39.97966867467912],[-124.0839497908585,39.979653169955796],[-124.08445821976488,39.98035714089005]],[[-124.07088386889494,39.98080611300714],[-124.07041578484856,39.98082156816543],[-124.07039567632874,39.98046182699982],[-124.07086375806841,39.9804463719216],[-124.07088386889494,39.98080611300714]],[[-124.06994770060363,39.9808370215478],[-124.06901153151819,39.98086792298472],[-124.06899142991855,39.98050818157895],[-124.06992759439053,39.980477280302125],[-124.06994770060363,39.9808370215478]],[[-124.08256573696272,39.98005941779382],[-124.08209766019434,39.98007491726978],[-124.0820774942064,39.97971517819373],[-124.08254556866817,39.979699678798085],[-124.08256573696272,39.98005941779382]],[[-124.07554456453938,39.98029172346378],[-124.0741403246845,39.980338136648285],[-124.07412019790968,39.97997839620832],[-124.07503622220898,39.97958771582663],[-124.07554456453938,39.98029172346378]],[[-124.07226800209578,39.98039999603143],[-124.07086375806841,39.9804463719216],[-124.07084364744043,39.98008663092081],[-124.07224788454772,39.98004025527092],[-124.07226800209578,39.98039999603143]],[[-124.07926904325514,39.97980813727405],[-124.07880096740001,39.97982362423846],[-124.07876066831398,39.97910414521659],[-124.07922873955587,39.97908865841265],[-124.07926904325514,39.97980813727405]],[[-124.07271596318624,39.98002479316913],[-124.07224788454772,39.98004025527092],[-124.0722277671983,39.97968051459514],[-124.07269584353016,39.979665052573466],[-124.07271596318624,39.98002479316913]],[[-124.08392961584325,39.97929343128573],[-124.08299347252874,39.97932443879581],[-124.08295313232216,39.97860496138831],[-124.08342119946587,39.978589458681874],[-124.08392961584325,39.97929343128573]],[[-124.08205732841758,39.97935543920237],[-124.08112118350996,39.97938643250545],[-124.08108086175596,39.97866695445552],[-124.08199683224579,39.97827622273621],[-124.08197666725341,39.97791648408342],[-124.08150860412537,39.97793198130169],[-124.08146827935091,39.977212504089294],[-124.08240439618199,39.977181508198086],[-124.08242456308264,39.97754124660141],[-124.08289262350597,39.97752574591176],[-124.08291279291221,39.97788548431935],[-124.08244473018239,39.9779009850893],[-124.08295313232216,39.97860496138831],[-124.08248506497928,39.97862046231892],[-124.08205732841758,39.97935543920237]],[[-124.07175969066783,39.97969597484091],[-124.07129161393874,39.97971143331077],[-124.07127150140124,39.97935169255948],[-124.0717395758237,39.97933623416973],[-124.07175969066783,39.97969597484091]],[[-124.07876066831398,39.97910414521659],[-124.07688838135708,39.97916607467354],[-124.07686824133886,39.9788063349687],[-124.07593210128033,39.978837288881515],[-124.07595223668537,39.97919702874674],[-124.0745480181867,39.9792434465374],[-124.07452788970147,39.97888370643166],[-124.07546403095284,39.97885276317409],[-124.0754438980532,39.97849302331334],[-124.07450776141499,39.978523966410584],[-124.0744876333273,39.978164226474135],[-124.07401956701662,39.9781796952788],[-124.07405981877768,39.978899175396606],[-124.07359174765514,39.97891464258569],[-124.07357162398185,39.97855490240432],[-124.0731035549672,39.97857036773739],[-124.07308343379918,39.97821062756052],[-124.07355150050724,39.97819516230761],[-124.07351125415414,39.97747568236799],[-124.07257512976548,39.97750661077752],[-124.07300295111379,39.97677166769921],[-124.0720668355538,39.97680259223658],[-124.07204671999203,39.97644285232249],[-124.07391894109153,39.976380996464925],[-124.07393906587913,39.97674073605855],[-124.07440712296376,39.97672526757447],[-124.07491543924691,39.977429276434904],[-124.07772380406534,39.97733641662106],[-124.07770366042841,39.97697667749972],[-124.078171718229,39.97696119472888],[-124.07766337375126,39.9762571995107],[-124.07859947992779,39.97622623251407],[-124.07857933227476,39.97586649380683],[-124.07904738275822,39.97585100772504],[-124.07906753271769,39.97621074635205],[-124.07953558530858,39.97619525841422],[-124.07957589043721,39.97691473576139],[-124.08051200424781,39.97688375423731],[-124.08053216172353,39.97724349287719],[-124.08100022063674,39.977227999371166],[-124.08104054079821,39.97794747674415],[-124.08010441354678,39.977978462301486],[-124.08006410261127,39.9772589846074],[-124.07959604330001,39.97727447456181],[-124.07961619636177,39.97763421344681],[-124.07868007252934,39.977665188188574],[-124.07870022117709,39.97802492731864],[-124.07916828549929,39.978009440755436],[-124.07918843665252,39.978369179889874],[-124.07825230319607,39.97840015140091],[-124.07876066831398,39.97910414521659]],[[-124.08810185994444,39.97843433394556],[-124.08763379479353,39.97844985441049],[-124.08759340925343,39.97773037894882],[-124.08852953012988,39.97769933656478],[-124.08810185994444,39.97843433394556]],[[-124.08108086175596,39.97866695445552],[-124.08014472527837,39.97869794033395],[-124.08012456931307,39.9783382012754],[-124.08106070117756,39.97830721555751],[-124.08108086175596,39.97866695445552]],[[-124.07265560481397,39.97894557163622],[-124.0721875330954,39.97896103349765],[-124.07214729978703,39.97824155273882],[-124.07261536689244,39.9782260910376],[-124.07265560481397,39.97894557163622]],[[-124.07171946117819,39.97897649358321],[-124.07125138906237,39.97899195189287],[-124.07123127692206,39.97863221131092],[-124.0716993467313,39.978616753081354],[-124.07171946117819,39.97897649358321]],[[-124.09182616034296,39.977950369246614],[-124.09135809909442,39.97796590383778],[-124.09133788797233,39.977606166792825],[-124.09180594691439,39.977590632282144],[-124.09182616034296,39.977950369246614]],[[-124.09089003764635,39.97798143665313],[-124.0904219759987,39.977996967692654],[-124.0904017694895,39.97763723048676],[-124.09086982883069,39.9776216995277],[-124.09089003764635,39.97798143665313]],[[-124.0848052206712,39.978183201651966],[-124.0843371564316,39.97819870960562],[-124.08431697990669,39.977838971354444],[-124.08478504183977,39.97782346348113],[-124.0848052206712,39.978183201651966]],[[-124.08386909199281,39.978214215783424],[-124.08340102735478,39.978229720185396],[-124.08338085544287,39.97786998177356],[-124.08384891777439,39.97785447745191],[-124.08386909199281,39.978214215783424]],[[-124.08899759026896,39.977683812708996],[-124.08852953012988,39.97769933656478],[-124.0884891361615,39.97697986176308],[-124.08895719168773,39.97696433806819],[-124.08899759026896,39.977683812708996]],[[-124.08759340925343,39.97773037894882],[-124.08712534851615,39.97774589747712],[-124.08710515835162,39.97738615979276],[-124.08757321678245,39.97737064134487],[-124.08759340925343,39.97773037894882]],[[-124.07074309727912,39.97828792718723],[-124.07027502937936,39.97830338178499],[-124.07025492224936,39.97794364121216],[-124.07072298784257,39.977928186694484],[-124.07074309727912,39.97828792718723]],[[-124.09178573368541,39.977230895402236],[-124.09084962021457,39.977261962486836],[-124.09082941179798,39.97690222553051],[-124.09176552065598,39.97687115860687],[-124.09178573368541,39.977230895402236]],[[-124.07119105323724,39.97791273040098],[-124.07072298784257,39.977928186694484],[-124.07068276956512,39.97720870596285],[-124.07161889092973,39.9771777919203],[-124.07119105323724,39.97791273040098]],[[-124.06697845753915,39.97805177311159],[-124.06651039035829,39.978067213422335],[-124.06649030187927,39.977707472293886],[-124.06695836675358,39.977692032063125],[-124.06697845753915,39.97805177311159]],[[-124.06510618762569,39.97811352369931],[-124.06463811965156,39.97812895690656],[-124.06461804039883,39.97776921545818],[-124.06508610606639,39.9777537823309],[-124.06510618762569,39.97811352369931]],[[-124.08708496838645,39.977026422192964],[-124.0866169120627,39.977041938784645],[-124.0865967246033,39.97668220118902],[-124.08706477862061,39.97666668467774],[-124.08708496838645,39.977026422192964]],[[-124.08474468477466,39.97710398739322],[-124.08427662745451,39.977119495105825],[-124.08425645152724,39.97675975710838],[-124.08472450654097,39.97674424947613],[-124.08474468477466,39.97710398739322]],[[-124.06883062426678,39.9776302533816],[-124.06836256018612,39.97764570071576],[-124.06834246267931,39.97728595999199],[-124.06881052445344,39.977270512737846],[-124.06883062426678,39.9776302533816]],[[-124.08519256135544,39.97672874006805],[-124.08472450654097,39.97674424947613],[-124.08470432850648,39.976384511643566],[-124.08517238101456,39.976369002315835],[-124.08519256135544,39.97672874006805]],[[-124.07723560242894,39.976992158494745],[-124.07629948583337,39.977023115157316],[-124.07627934931473,39.97666337587994],[-124.07721546129737,39.97663241937775],[-124.07723560242894,39.976992158494745]],[[-124.06834246267931,39.97728595999199],[-124.06787440070674,39.97730140547027],[-124.06785430570487,39.97694166475105],[-124.06832236537092,39.97692621935278],[-124.06834246267931,39.97728595999199]],[[-124.08985289513275,39.9762138113701],[-124.08938484461822,39.97622933845574],[-124.08936464371928,39.975869601511626],[-124.08983269192747,39.97585407450644],[-124.08985289513275,39.9762138113701]],[[-124.0865765373432,39.97632246367792],[-124.08610848543294,39.97633797833303],[-124.08608830067857,39.97597824082607],[-124.08655635028246,39.97596272625135],[-124.0865765373432,39.97632246367792]],[[-124.08470432850648,39.976384511643566],[-124.08423627579917,39.976400019195474],[-124.08421610027031,39.976040281367105],[-124.08468415067124,39.97602477389552],[-124.08470432850648,39.976384511643566]],[[-124.08236406297809,39.97646203164514],[-124.08189600927496,39.97647753031807],[-124.08187584527808,39.976117792088104],[-124.08234389667481,39.97610229349549],[-124.08236406297809,39.97646203164514]],[[-124.07487517984966,39.97670979731456],[-124.07440712296376,39.97672526757447],[-124.07438699586972,39.976365528060974],[-124.07485505044914,39.97635005788123],[-124.07487517984966,39.97670979731456]],[[-124.06551400439885,39.97701886510473],[-124.06504594354266,39.977034299847936],[-124.0650258625782,39.97667455873335],[-124.06549392112788,39.9766591240701],[-124.06551400439885,39.97701886510473]],[[-124.08842854670459,39.975900650194646],[-124.0879604978981,39.975916171872505],[-124.08792011053653,39.97519669775524],[-124.08838815473032,39.97518117623822],[-124.08842854670459,39.975900650194646]],[[-124.0711106082505,39.976473769596346],[-124.07017449571468,39.97650467976693],[-124.07015438957733,39.97614493961706],[-124.07109049750025,39.97611402960662],[-124.0711106082505,39.976473769596346]],[[-124.09028053462401,39.97547880902679],[-124.08981248892165,39.97549433772729],[-124.08979228611528,39.975134601032615],[-124.09026032951134,39.97511907241256],[-124.09028053462401,39.97547880902679]],[[-124.08934444301978,39.97550986465203],[-124.0888763969185,39.975525389801],[-124.08885619872474,39.975165652945435],[-124.08932424251975,39.975150127876915],[-124.08934444301978,39.97550986465203]],[[-124.08606811612347,39.97561850340365],[-124.08560006862665,39.97563401612221],[-124.0855798865772,39.97527427870389],[-124.08604793176768,39.975258766065686],[-124.08606811612347,39.97561850340365]],[[-124.08513202093057,39.975649527065],[-124.08466397303525,39.975665036232],[-124.08464379559842,39.97530529865299],[-124.08511184118746,39.97528978956632],[-124.08513202093057,39.975649527065]],[[-124.08372787664692,39.97569604923867],[-124.08325982815397,39.97571155307837],[-124.08323965763621,39.97535181525834],[-124.0837077038228,39.975336311499],[-124.08372787664692,39.97569604923867]],[[-124.07857933227476,39.97586649380683],[-124.07762308786967,39.975537721859844],[-124.07754251849302,39.974098767572045],[-124.07847859699338,39.97406780153798],[-124.0784987436518,39.97442753982283],[-124.07803070219478,39.97444302380795],[-124.07857933227476,39.97586649380683]],[[-124.0734307638322,39.97603672350383],[-124.07155855116386,39.97609857193769],[-124.07151832564622,39.975379092372],[-124.07105027659543,39.97539454988078],[-124.07103016644086,39.97503481014463],[-124.07290235222693,39.97497296977517],[-124.072922471607,39.97533270919092],[-124.07339051986332,39.97531724457902],[-124.0734307638322,39.97603672350383]],[[-124.07015438957733,39.97614493961706],[-124.0696863353181,39.97616039195856],[-124.06966623168569,39.97580065181315],[-124.07013428363852,39.97578519955174],[-124.07015438957733,39.97614493961706]],[[-124.06500578181203,39.97631481770333],[-124.06406966873084,39.976345681542384],[-124.06402951701911,39.9756261994162],[-124.06449756904593,39.9756107685445],[-124.06500578181203,39.97631481770333]],[[-124.08464379559842,39.97530529865299],[-124.0837077038228,39.975336311499],[-124.08368753119787,39.97497657384379],[-124.08415557487898,39.97496106838899],[-124.08413540014692,39.97460133089858],[-124.08460344132251,39.97458582374836],[-124.08458326448337,39.974226086422746],[-124.08505130315349,39.97421057757712],[-124.08509166164356,39.974930052152125],[-124.08462361836088,39.97494556115842],[-124.08464379559842,39.97530529865299]],[[-124.08043137633526,39.97544480052315],[-124.07996332875506,39.975460291852066],[-124.07994317458082,39.97510055355454],[-124.08041121985465,39.97508506230589],[-124.08043137633526,39.97544480052315]],[[-124.07715503909587,39.97555320253406],[-124.0766869901232,39.97556868143247],[-124.07666685209347,39.9752089425734],[-124.07713489875975,39.9751934637552],[-124.07715503909587,39.97555320253406]],[[-124.06966623168569,39.97580065181315],[-124.06873012718461,39.9758315510086],[-124.06868992974091,39.97511207065124],[-124.06962602501638,39.97508117177596],[-124.06966623168569,39.97580065181315]],[[-124.08696383278165,39.97486799836929],[-124.08602774761117,39.97489902881222],[-124.08598737989601,39.97417955455866],[-124.08645541796837,39.9741640403858],[-124.08696383278165,39.97486799836929]],[[-124.07058222734608,39.97541000561374],[-124.0701141778982,39.97542545957093],[-124.07009407235641,39.97506571967464],[-124.06913787674732,39.97473688212962],[-124.06956571650106,39.97400195235384],[-124.07003375692206,39.97398650049267],[-124.0700739670131,39.97470597986284],[-124.07101005648487,39.97467507049297],[-124.07058222734608,39.97541000561374]],[[-124.08787972397246,39.974477223975875],[-124.08741168419182,39.974492743556326],[-124.08739149351513,39.974133006712904],[-124.08785953098948,39.974117487212865],[-124.08787972397246,39.974477223975875]],[[-124.08366735877213,39.97461683627304],[-124.08319931719817,39.97463233987176],[-124.08317914727785,39.97427260230515],[-124.08364718654552,39.974257098786744],[-124.08366735877213,39.97461683627304]],[[-124.06634968807988,39.97518928676306],[-124.06588163915258,39.975204724658035],[-124.0658615545667,39.9748449841261],[-124.06632960118759,39.97482954631112],[-124.06634968807988,39.97518928676306]],[[-124.06354139154197,39.975281887495896],[-124.0630733414252,39.97529731473607],[-124.06305327067767,39.97493757372444],[-124.06352131848807,39.974922146564204],[-124.06354139154197,39.975281887495896]],[[-124.08551934162438,39.974195066955765],[-124.08505130315349,39.97421057757712],[-124.08503112420732,39.973850840416254],[-124.08549916037197,39.97383532987524],[-124.08551934162438,39.974195066955765]],[[-124.08458326448337,39.974226086422746],[-124.08411522561406,39.974241593492614],[-124.08409505128036,39.973881856171076],[-124.08456308784345,39.97386634918154],[-124.08458326448337,39.974226086422746]],[[-124.08317914727785,39.97427260230515],[-124.08224306814508,39.97430360401471],[-124.08222290303642,39.9739438663719],[-124.08315897755668,39.97391286482298],[-124.08317914727785,39.97427260230515]],[[-124.08083894795271,39.97435009326089],[-124.07990286682927,39.97438107721293],[-124.07988271325199,39.974021339168786],[-124.08081878976287,39.97399035537727],[-124.08083894795271,39.97435009326089]],[[-124.07615853437798,39.97450494199083],[-124.07522244927668,39.97453589042768],[-124.07520231876234,39.97417615158151],[-124.07613839925102,39.97414520330499],[-124.07615853437798,39.97450494199083]],[[-124.08222290303642,39.9739438663719],[-124.08175486547763,39.973959364482766],[-124.08173470287434,39.973599626844134],[-124.08220273812687,39.97358412881356],[-124.08222290303642,39.9739438663719]],[[-124.06911777621525,39.974377142242176],[-124.06864973309098,39.974392590631865],[-124.06862963506369,39.97403285074889],[-124.0690976758816,39.974017402439245],[-124.06911777621525,39.974377142242176]],[[-124.08781914562167,39.97339801394008],[-124.08735111275972,39.97341353327932],[-124.08729054312168,39.97233432376187],[-124.08822659480921,39.97230328379003],[-124.08824678910152,39.97266302005071],[-124.08777876105127,39.97267854100486],[-124.08781914562167,39.97339801394008]],[[-124.08313880803466,39.973553127425234],[-124.08267077318031,39.973568629007254],[-124.08265060616365,39.97320889161362],[-124.08311863871177,39.9731933901119],[-124.08313880803466,39.973553127425234]],[[-124.08033059592239,39.97364611028147],[-124.0798625598737,39.973661601209095],[-124.07982225371404,39.97294212554294],[-124.08029028515028,39.97292663477582],[-124.08024997517415,39.9722071596077],[-124.08071800179906,39.972191667225346],[-124.08075831638752,39.972911142232945],[-124.08122634742575,39.97289564791437],[-124.0812465073247,39.97325538546449],[-124.08031044043682,39.97328637248644],[-124.08033059592239,39.97364611028147]],[[-124.07799041368939,39.97372354716229],[-124.07752237664603,39.97373902921123],[-124.07750223499792,39.973379290934844],[-124.07797026973503,39.973363808966106],[-124.07799041368939,39.97372354716229]],[[-124.0742461117756,39.97384735383304],[-124.07377807314194,39.97386282167599],[-124.07375794994391,39.97350308275831],[-124.07422598627129,39.97348761499547],[-124.0742461117756,39.97384735383304]],[[-124.0756300940611,39.973441201052495],[-124.0751620583299,39.973456674142554],[-124.07514192841181,39.973096935549684],[-124.07560996183676,39.9730814625398],[-124.0756300940611,39.973441201052495]],[[-124.0686095372348,39.973673110950386],[-124.06720542050944,39.97371944498469],[-124.06714514896977,39.97264022537559],[-124.06667711658336,39.97265566626221],[-124.0665967665322,39.97121670764492],[-124.06706478969386,39.97120126707826],[-124.06712505885326,39.9722804856747],[-124.0675930887351,39.97226504309237],[-124.06763327377894,39.97298452241853],[-124.06810130807486,39.972969077900444],[-124.0686095372348,39.973673110950386]],[[-124.08169437826494,39.97288015182007],[-124.08122634742575,39.97289564791437],[-124.08120618772583,39.972535910448634],[-124.08167421625883,39.972520414434626],[-124.08169437826494,39.97288015182007]],[[-124.07795012597956,39.97300407085433],[-124.07748209354867,39.97301955274286],[-124.07742167039406,39.97194033867324],[-124.07788969590639,39.97192485702529],[-124.07795012597956,39.97300407085433]],[[-124.07607799506295,39.973065987754154],[-124.07560996183676,39.9730814625398],[-124.0755898298112,39.97272172411149],[-124.07605786073117,39.97270624940601],[-124.07607799506295,39.973065987754154]],[[-124.07467389478809,39.973112406783876],[-124.07420586096568,39.97312787624233],[-124.07418573585878,39.9727681375736],[-124.074653767375,39.972752668195284],[-124.07467389478809,39.973112406783876]],[[-124.06624925560169,39.97339058534801],[-124.0657812182061,39.973406022843086],[-124.0657611346117,39.97304628273346],[-124.066229169701,39.97303084531833],[-124.06624925560169,39.97339058534801]],[[-124.0830783006634,39.97247391573837],[-124.08261027272766,39.97248941707949],[-124.08259010630832,39.97212967993897],[-124.08305813193793,39.972114178678154],[-124.0830783006634,39.97247391573837]],[[-124.07699392197472,39.972675294667916],[-124.07652589145238,39.97269077292482],[-124.07650575501319,39.97233103474125],[-124.07697378322938,39.97231555656452],[-124.07699392197472,39.972675294667916]],[[-124.07512179869245,39.97273719704124],[-124.074653767375,39.972752668195284],[-124.07463364016056,39.97239292969106],[-124.07510166917187,39.97237745861719],[-124.07512179869245,39.97273719704124]],[[-124.07418573585878,39.9727681375736],[-124.07371770414387,39.972783605176176],[-124.07369758154186,39.97242386651172],[-124.07416561095056,39.97240839898925],[-124.07418573585878,39.9727681375736]],[[-124.07184557529773,39.97284545782927],[-124.07090950968308,39.97287637350146],[-124.07088940091835,39.972516634356445],[-124.07182546192057,39.97248571884441],[-124.07184557529773,39.97284545782927]],[[-124.07650575501319,39.97233103474125],[-124.0760377265982,39.97234651114227],[-124.07601759266399,39.97198677296289],[-124.07648561877282,39.97197129664204],[-124.07650575501319,39.97233103474125]],[[-124.08444203218718,39.97170792750662],[-124.08397400946114,39.97172343401419],[-124.0839538365217,39.97136369728326],[-124.08442185694167,39.97134819085601],[-124.08444203218718,39.97170792750662]],[[-124.08163389284383,39.97180093991681],[-124.08116586892308,39.971816435770286],[-124.08114570982028,39.9714566985576],[-124.08161373143489,39.9714412027844],[-124.08163389284383,39.97180093991681]],[[-124.07742167039406,39.97194033867324],[-124.07695364468285,39.97195581854549],[-124.07693350633515,39.97159608061079],[-124.0774015297402,39.97158060081871],[-124.07742167039406,39.97194033867324]],[[-124.07601759266399,39.97198677296289],[-124.07554956635639,39.97200224750804],[-124.0755294349271,39.97164250933284],[-124.07599745892858,39.97162703486783],[-124.07601759266399,39.97198677296289]],[[-124.07367745913854,39.97206412793162],[-124.07320943183736,39.97207959359825],[-124.07318931193883,39.9717198550224],[-124.07365733693386,39.971704389435864],[-124.07367745913854,39.97206412793162]],[[-124.0685291479036,39.97223415260049],[-124.06806111841856,39.97224959873429],[-124.06804102388801,39.97188985927779],[-124.06850905106688,39.97187441322399],[-124.0685291479036,39.97223415260049]],[[-124.06618899849457,39.97231136551224],[-124.06572096801776,39.972326802767434],[-124.0657008850182,39.971967062910984],[-124.06616891318883,39.971951625735755],[-124.06618899849457,39.97231136551224]],[[-124.07786955294641,39.97156511925098],[-124.07691336818628,39.97123634276045],[-124.0773411089718,39.970501387761146],[-124.07780912525973,39.97048590643398],[-124.07786955294641,39.97156511925098]],[[-124.07459338632792,39.971673452935725],[-124.07412536173025,39.971688922073646],[-124.07410523741812,39.97132918374237],[-124.07457325970965,39.9713137146846],[-124.07459338632792,39.971673452935725]],[[-124.08206158933449,39.97106596826772],[-124.08159357022501,39.97108146573631],[-124.08157340921419,39.97072172877253],[-124.08204142601758,39.970706231384206],[-124.08206158933449,39.97106596826772]],[[-124.07550930369658,39.971282771242],[-124.07504128180248,39.97129824385112],[-124.07502115307683,39.970938505764444],[-124.07548917266483,39.97092303323544],[-124.07550930369658,39.971282771242]],[[-124.07176512298055,39.97140650239598],[-124.07129709949724,39.97142196079961],[-124.07127698922052,39.971062222072064],[-124.07174501039769,39.97104676374849],[-124.07176512298055,39.97140650239598]],[[-124.07221303137631,39.971031303649234],[-124.07174501039769,39.97104676374849],[-124.07172489801343,39.97068702518534],[-124.07219291668594,39.970671565166164],[-124.07221303137631,39.971031303649234]],[[-124.0703409462705,39.97109313339215],[-124.06987292449773,39.97110858638866],[-124.06985282133789,39.97074884750526],[-124.07032084080453,39.970733394588805],[-124.0703409462705,39.97109313339215]],[[-124.0773411089718,39.970501387761146],[-124.076873092485,39.97051686731265],[-124.0768529549326,39.97015712971521],[-124.07732096911333,39.970141650243875],[-124.0773411089718,39.970501387761146]],[[-124.07406498938991,39.97060970733276],[-124.07359697151189,39.97062517445463],[-124.07357685010187,39.970265436296174],[-124.07404486567384,39.97024996925442],[-124.07406498938991,39.97060970733276]],[[-124.06985282133789,39.97074884750526],[-124.06938480167275,39.97076429864605],[-124.06936470101745,39.970404559766955],[-124.0698327183765,39.9703891087062],[-124.06985282133789,39.97074884750526]],[[-124.07778898309525,39.9701261689969],[-124.07732096911333,39.970141650243875],[-124.0773008294537,39.969781912810845],[-124.07776884112958,39.96976643164408],[-124.07778898309525,39.9701261689969]],[[-124.07217280219413,39.970311826767414],[-124.07170478582769,39.97032728670649],[-124.07168467384054,39.96996754831192],[-124.07215268790092,39.96995208845293],[-124.07217280219413,39.970311826767414]],[[-124.0773008294537,39.969781912810845],[-124.07683281757899,39.969797392202004],[-124.07681268042421,39.969437654773074],[-124.07728068999292,39.969422175462114],[-124.0773008294537,39.969781912810845]],[[-124.0712166595816,39.96998300639529],[-124.0702605255976,39.96965417868455],[-124.07068832419009,39.96891924754447],[-124.07164445046192,39.9692480717756],[-124.0712166595816,39.96998300639529]],[[-124.07774869936283,39.96940669437551],[-124.07728068999292,39.969422175462114],[-124.07726055073095,39.96906243819759],[-124.07772855779488,39.969046957191175],[-124.07774869936283,39.96940669437551]],[[-124.06792046087088,39.96973142430972],[-124.06745244733033,39.96974686810779],[-124.06743235649449,39.969387129161476],[-124.06790036772905,39.9693716854434],[-124.06792046087088,39.96973142430972]],[[-124.07585652834634,39.96910887056308],[-124.07492051242943,39.96913981659529],[-124.0749003848961,39.968780079014195],[-124.07583639620107,39.96874913314229],[-124.07585652834634,39.96910887056308]],[[-124.07211245991027,39.969232612076745],[-124.07164445046192,39.9692480717756],[-124.07162433907044,39.96888833363379],[-124.07209234621278,39.96887287401502],[-124.07211245991027,39.969232612076745]],[[-124.07024042092563,39.96929444021835],[-124.0697724106832,39.96930989281464],[-124.06975230851569,39.968950154352626],[-124.07022031645214,39.96893470183637],[-124.07024042092563,39.96929444021835]],[[-124.07630440155545,39.9687336575429],[-124.07583639620107,39.96874913314229],[-124.0758162642546,39.968389395805694],[-124.07628426730301,39.96837392028647],[-124.07630440155545,39.9687336575429]],[[-124.0692843003808,39.96896560509325],[-124.06881629204746,39.96898105405824],[-124.06879619469039,39.968621315520416],[-124.06926420071774,39.96860586663544],[-124.0692843003808,39.96896560509325]],[[-124.07207223271391,39.968513136037494],[-124.0716042278775,39.96852859557621],[-124.07158411688314,39.968168857602855],[-124.07205211941358,39.96815339814421],[-124.07207223271391,39.968513136037494]],[[-124.07066821760908,39.96855950932676],[-124.07020021217711,39.9685749635386],[-124.07018010810059,39.968215225325075],[-124.0706481112266,39.968199771193284],[-124.07066821760908,39.96855950932676]]]},"properties":{"id":"cdfw-ds3091-7-22-8-2","source":"CDFW ds3091 predicted substrate","source_url":"https://tiledimageservices2.arcgis.com/Uq9r85Potqm3MfRV/arcgis/rest/services/biosds3091_cru/ImageServer","metadata_url":"https://filelib.wildlife.ca.gov/public/BDB/GIS/BIOS/metadata/ds3091.html","source_tile_sha256":"18296972d8531d7c64bfc7da6703077adaf33a7923e57d3176aafaafdcd1d958","source_class":"Predicted hard (rugosity proxy)","display_resolution_m":40,"approx_area_m2":6417600,"fishing_target":false,"exportable":false,"depth_qualified":false,"fish_confirmed":false,"mpa_screened_at":"2026-09-23T20:44:08Z"}},{"type":"Feature","geometry":{"type":"Polygon","coordinates":[[[-124.01766821638346,39.993724114162156],[-124.017648364773,39.99336436128709],[-124.01905289145924,39.99331859075969],[-124.01899331703477,39.992239333358576],[-124.01852514859192,39.992254591740085],[-124.01848543790483,39.99153508707451],[-124.0180172738812,39.9915503435215],[-124.01799742113943,39.991190591237604],[-124.01706109711924,39.99122109864457],[-124.01651355349944,39.98979734045191],[-124.0160454002296,39.98981258939848],[-124.01602555769819,39.98945283722463],[-124.01555740653994,39.98946808431591],[-124.01553756651197,39.98910833214825],[-124.01506941746527,39.98912357738425],[-124.01504957994072,39.98876382522274],[-124.01458143300559,39.9887790686035],[-124.01456159798443,39.98841931644817],[-124.01409345316087,39.98843455797369],[-124.014073620643,39.98807480582456],[-124.01360547793107,39.98809004549484],[-124.01358564791647,39.98773029335187],[-124.01311750731611,39.98774553116696],[-124.01309767980476,39.98738577903016],[-124.01262954131599,39.98740101499006],[-124.01260971630782,39.987041262859435],[-124.01214157993067,39.9870564969642],[-124.01163380315816,39.986352224970965],[-124.01069753865457,39.98638268398375],[-124.0107173540418,39.98674243625998],[-124.00980089510897,39.987132640845076],[-124.00984051763224,39.98785214613876],[-124.01030865960279,39.987836920757154],[-124.01032847346534,39.98819667345281],[-124.01079661754763,39.988181446216046],[-124.01081643391332,39.98854119891794],[-124.01128458010741,39.98852596982603],[-124.01130439897628,39.988885722534164],[-124.01177254728209,39.98887049158707],[-124.01179236865421,39.98923024430149],[-124.01226051907179,39.98921501149918],[-124.01228034294718,39.989574764219824],[-124.0127484954765,39.9895595295623],[-124.01276832185522,39.98991928228921],[-124.01323647649629,39.98990404577645],[-124.01374429351664,39.990608312881065],[-124.01468061104984,39.99057783065824],[-124.01472028363882,39.99129733607689],[-124.01567645082248,39.99162659911205],[-124.01571613381759,39.99234610472644],[-124.01618430343667,39.99233085700284],[-124.01673185966342,39.993754619123536],[-124.01766821638346,39.993724114162156]]]},"properties":{"id":"cdfw-ds3091-7-22-9-1","source":"CDFW ds3091 predicted substrate","source_url":"https://tiledimageservices2.arcgis.com/Uq9r85Potqm3MfRV/arcgis/rest/services/biosds3091_cru/ImageServer","metadata_url":"https://filelib.wildlife.ca.gov/public/BDB/GIS/BIOS/metadata/ds3091.html","source_tile_sha256":"0a4105bfd5296f3f1f01bb9c3c728aa90e853b5e7ed1f2e056737258117fd996","source_class":"Predicted hard (rugosity proxy)","display_resolution_m":40,"approx_area_m2":193600,"fishing_target":false,"exportable":false,"depth_qualified":false,"fish_confirmed":false,"mpa_screened_at":"2026-09-23T20:44:08Z"}},{"type":"Feature","geometry":{"type":"Polygon","coordinates":[[[-124.02558743533386,39.99274503213727],[-124.02556754488474,39.99238528077867],[-124.0260357126911,39.99236999567337],[-124.02599592776687,39.991650493370585],[-124.0255277645758,39.99166577831739],[-124.02550787471598,39.99130602721473],[-124.02597603559946,39.99129074234715],[-124.02640440792588,39.99055595407071],[-124.02736061817743,39.99088512638635],[-124.02732082097961,39.9901656252413],[-124.02636462035116,39.98983645277914],[-124.02634472685848,39.989476702261186],[-124.02681287581142,39.98946141423731],[-124.02630494046252,39.98875720148089],[-124.02583679592803,39.98877248757007],[-124.02585668672035,39.989132237996856],[-124.02445224501604,39.98917808584478],[-124.02443236114604,39.98881833518034],[-124.02490050626976,39.98880305441978],[-124.02486073450407,39.98808355350479],[-124.02532887481657,39.98806827112646],[-124.02528909922167,39.98734877071049],[-124.02388469153918,39.98739461204164],[-124.02386481095833,39.987034861723714],[-124.022928542803,39.987065413571905],[-124.02294841876918,39.98742516404819],[-124.02248028208973,39.9874404373872],[-124.02244053496831,39.9867209363614],[-124.02197240270729,39.9867362077659],[-124.02195253174827,39.986376457301496],[-124.02288879145947,39.98634591287464],[-124.02286891608212,39.98598616265359],[-124.02191279041891,39.98565695662788],[-124.02193266098547,39.98601670692215],[-124.0209964051039,39.986047244086116],[-124.02107587087391,39.987486246747075],[-124.02154400814209,39.987470978736646],[-124.02158374681902,39.9881904804195],[-124.02111560493609,39.988205748588214],[-124.0210957378069,39.987845997625094],[-124.02062759803518,39.98786126393848],[-124.02056800474686,39.98678201132243],[-124.02009987170103,39.986797275622266],[-124.02008000997125,39.98643752484132],[-124.01914374790582,39.98646804795426],[-124.01871532639069,39.98720280896802],[-124.02011973362696,39.98715702648826],[-124.02013959574904,39.987516777439396],[-124.01967145789236,39.98753204012128],[-124.01971117811017,39.98825154243715],[-124.02017932058163,39.988236279597054],[-124.02019918329215,39.988596030803606],[-124.02115533978304,39.988925250769995],[-124.02119507541481,39.989644753292495],[-124.02166322652756,39.9896294848072],[-124.02123481183143,39.99036425615589],[-124.02170296755922,39.99034898751229],[-124.02172283836941,39.99070873899268],[-124.02265915385136,39.99067819621841],[-124.02211150491512,39.98925446340012],[-124.02398409738848,39.9891933649083],[-124.02359546854818,39.99064764633906],[-124.02406362560211,39.99063236873497],[-124.02410339088702,39.99135187115981],[-124.02505960118829,39.99168106148792],[-124.02511926502342,39.992760315545496],[-124.02558743533386,39.99274503213727]],[[-124.02593625185399,39.99057124055609],[-124.02453178245966,39.99061708935464],[-124.0245118978042,39.99025733834934],[-124.02542831724098,39.98986702365669],[-124.02593625185399,39.99057124055609]],[[-124.02396421582594,39.988833614164655],[-124.02349607030952,39.98884889137276],[-124.02347619125075,39.9884891406351],[-124.02394433445974,39.988473863506165],[-124.02396421582594,39.988833614164655]],[[-124.02255977868771,39.98887944046031],[-124.02115533978304,39.988925250769995],[-124.02113547226146,39.98856549963652],[-124.02253990424381,39.988519689564306],[-124.02255977868771,39.98887944046031]],[[-124.02347619125075,39.9884891406351],[-124.02300804784542,39.98850441598781],[-124.02298817129038,39.98814466525613],[-124.0234563123883,39.98812938998259],[-124.02347619125075,39.9884891406351]],[[-124.02252002999617,39.98815993875345],[-124.02205188850573,39.98817521047457],[-124.02203201676174,39.98781545966971],[-124.02250015594481,39.98780018802778],[-124.02252002999617,39.98815993875345]]]},"properties":{"id":"cdfw-ds3091-7-22-9-2","source":"CDFW ds3091 predicted substrate","source_url":"https://tiledimageservices2.arcgis.com/Uq9r85Potqm3MfRV/arcgis/rest/services/biosds3091_cru/ImageServer","metadata_url":"https://filelib.wildlife.ca.gov/public/BDB/GIS/BIOS/metadata/ds3091.html","source_tile_sha256":"0a4105bfd5296f3f1f01bb9c3c728aa90e853b5e7ed1f2e056737258117fd996","source_class":"Predicted hard (rugosity proxy)","display_resolution_m":40,"approx_area_m2":177600,"fishing_target":false,"exportable":false,"depth_qualified":false,"fish_confirmed":false,"mpa_screened_at":"2026-09-23T20:44:08Z"}},{"type":"Feature","geometry":{"type":"Polygon","coordinates":[[[-124.0093452923328,39.97885835440943],[-124.0093254858636,39.9784986038438],[-124.01024183875062,39.97810840508425],[-124.01018240726248,39.977029154623274],[-124.01065047962904,39.977013928056664],[-124.01063066721747,39.9766541781513],[-124.00969452690222,39.97668462935081],[-124.00967471929972,39.9763248793723],[-124.01014278724843,39.97630965473939],[-124.0101031680168,39.97559015519413],[-124.00963510468142,39.97560537966928],[-124.00912743192781,39.97490110284623],[-124.00819131350589,39.974931542601574],[-124.00817151380107,39.97457179280963],[-124.00863957080317,39.97455657389877],[-124.00858016594198,39.973477325266806],[-124.00762426896536,39.97314801130711],[-124.00760447254446,39.97278826185904],[-124.00807251820933,39.97277304511821],[-124.00805271967744,39.97241329583348],[-124.00758467631906,39.9724285124955],[-124.00750549337195,39.970989515885954],[-124.00656942452022,39.971019943252],[-124.00654963388479,39.9706601941531],[-124.0060816014722,39.97067540509365],[-124.0060618133385,39.97031565600037],[-124.00699787335564,39.970285232501084],[-124.00697808080467,39.96992548364979],[-124.00229779596948,39.97007752932752],[-124.00231756545705,39.970437278966415],[-124.00184953359329,39.97045247384616],[-124.00190883630798,39.9715317235055],[-124.00237687509095,39.971516528389614],[-124.00241641582288,39.9722360284273],[-124.003352502029,39.9722056325532],[-124.00333272695251,39.971845882649575],[-124.00380076745626,39.97183068212754],[-124.00341182842995,39.97328488277103],[-124.00387987815967,39.973269681934006],[-124.0038601001909,39.97290993185564],[-124.0043281474188,39.97289472932149],[-124.00436770816468,39.97361422940528],[-124.00577186251569,39.97356861067516],[-124.00581143788223,39.97428811062441],[-124.00534338201409,39.974303318801205],[-124.00536316768384,39.97466306898147],[-124.00583122585857,39.97464786072589],[-124.00587080239741,39.97536736118257],[-124.00493467662601,39.97539777623302],[-124.00501381359469,39.97683677879232],[-124.00454574118912,39.9768519839688],[-124.004585306232,39.97757148591402],[-124.00552146007492,39.97754107346993],[-124.00542252586521,39.975742320029816],[-124.00589059095991,39.97572711153784],[-124.00594995781975,39.9768063631115],[-124.00735417269179,39.97676072627076],[-124.00737396895614,39.97712047672819],[-124.00831011584039,39.97709004313031],[-124.00836951964708,39.978169294537764],[-124.00883759971632,39.97815407483834],[-124.00887720784542,39.97887357604257],[-124.0093452923328,39.97885835440943]],[[-124.00975395088325,39.977763879794324],[-124.00928587351196,39.97777910296682],[-124.00926606762948,39.977419352655396],[-124.009734142694,39.97740412956178],[-124.00975395088325,39.977763879794324]],[[-124.00877818898924,39.97707482366748],[-124.00831011584039,39.97709004313031],[-124.00829031496255,39.976730292830574],[-124.00875838580464,39.97671507344659],[-124.00877818898924,39.97707482366748]],[[-124.00829031496255,39.976730292830574],[-124.00782224392492,39.97674551043864],[-124.00776284938453,39.97566625981082],[-124.00823091350205,39.97565104243929],[-124.00825071379336,39.97601079248506],[-124.00918684605519,39.97598035225658],[-124.00920665115542,39.9763401022293],[-124.0082705142802,39.9763705426155],[-124.00829031496255,39.976730292830574]],[[-124.00776284938453,39.97566625981082],[-124.00682672056307,39.975696689226154],[-124.00680692738725,39.9753369390285],[-124.00727498958904,39.97532172528761],[-124.007255194302,39.97496197525339],[-124.00678713440685,39.97497718891545],[-124.00674754903233,39.974257688943155],[-124.00627949355498,39.974272900671714],[-124.00625970346744,39.97391315073361],[-124.00672775663821,39.97389793908386],[-124.00668817243624,39.973178439618934],[-124.00764406558169,39.973507760839674],[-124.00766386239347,39.97386751045678],[-124.00719580961355,39.97388272565825],[-124.0072353992104,39.974602225303784],[-124.00770345660348,39.97458700994464],[-124.00776284938453,39.97566625981082]],[[-124.00713642668416,39.97280347682406],[-124.00666838062838,39.97281869001323],[-124.00664858901592,39.97245894049205],[-124.00711663276522,39.97244372738167],[-124.00713642668416,39.97280347682406]],[[-124.00573228793061,39.972849111064065],[-124.0043281474188,39.97289472932149],[-124.00430836733881,39.972534979406426],[-124.00571250093117,39.97248936138528],[-124.00573228793061,39.972849111064065]],[[-124.00664858901592,39.97245894049205],[-124.00571250093117,39.97248936138528],[-124.00569271412705,39.97212961179099],[-124.00660900637726,39.97173944170311],[-124.00664858901592,39.97245894049205]],[[-124.00282514129914,39.97114158168447],[-124.0023571050178,39.97115677849744],[-124.00233733513983,39.97079702868972],[-124.0028053691148,39.970781831955456],[-124.00282514129914,39.97114158168447]]]},"properties":{"id":"cdfw-ds3091-7-22-9-3","source":"CDFW ds3091 predicted substrate","source_url":"https://tiledimageservices2.arcgis.com/Uq9r85Potqm3MfRV/arcgis/rest/services/biosds3091_cru/ImageServer","metadata_url":"https://filelib.wildlife.ca.gov/public/BDB/GIS/BIOS/metadata/ds3091.html","source_tile_sha256":"0a4105bfd5296f3f1f01bb9c3c728aa90e853b5e7ed1f2e056737258117fd996","source_class":"Predicted hard (rugosity proxy)","display_resolution_m":40,"approx_area_m2":265600,"fishing_target":false,"exportable":false,"depth_qualified":false,"fish_confirmed":false,"mpa_screened_at":"2026-09-23T20:44:08Z"}},{"type":"Feature","geometry":{"type":"Polygon","coordinates":[[[-124.07717999567137,39.96762348998156],[-124.07715985740353,39.96726375313797],[-124.07669186167034,39.967279231967886],[-124.0761835990224,39.966575235266866],[-124.07524761578551,39.96660618372824],[-124.07522748733729,39.96624644681643],[-124.0742713842792,39.96591765102735],[-124.07425126083994,39.9655579141235],[-124.07471924603782,39.96554244457207],[-124.0746789951438,39.96482297117675],[-124.07421101455738,39.964838440567966],[-124.0741908917141,39.96447870391627],[-124.07327505278862,39.964869374023785],[-124.07323481652345,39.96414990048404],[-124.07276683995255,39.964165364388485],[-124.07274672442352,39.96380562766454],[-124.07134280043638,39.96385200848471],[-124.07136290904842,39.964211745448836],[-124.07231897660496,39.96454056340547],[-124.07235920404447,39.96526003743362],[-124.07329517121913,39.96522911091973],[-124.07331528984824,39.96558884789972],[-124.07237931806206,39.9656197745738],[-124.07288753729696,39.96632378649692],[-124.07195155589048,39.96635470994021],[-124.07191133187112,39.965635235247504],[-124.07144334548161,39.96565069414569],[-124.07142323607555,39.96529095684538],[-124.07046716271644,39.964962131778684],[-124.07089493168331,39.964227202251266],[-124.06995897635763,39.9642581105296],[-124.0699187731661,39.963538636205136],[-124.06945079981693,39.96355408752098],[-124.06947089900781,39.963913824721224],[-124.06853494710292,39.963944722186454],[-124.06896272958251,39.9632097998651],[-124.06755881466638,39.96325613759323],[-124.0675989944045,39.96397561254967],[-124.06619506386949,39.96402193477814],[-124.06621514711894,39.96438167262227],[-124.06574716757167,39.96439710989402],[-124.06572708662792,39.964037371969944],[-124.06481120788244,39.96442797911094],[-124.06430307988545,39.963723934812435],[-124.06241111137433,39.96342590588331],[-124.06247130519131,39.96450512108152],[-124.06293928612578,39.96448969623846],[-124.06344740628691,39.96519374651931],[-124.06251143539302,39.9652245983005],[-124.06253150079101,39.96558433703613],[-124.06206351274112,39.96559976034327],[-124.06210363951972,39.96631923822654],[-124.06114759472577,39.9659903406902],[-124.06120777194978,39.96706955837285],[-124.06073977408232,39.96708497667273],[-124.06067960377592,39.9660057587505],[-124.05972356952108,39.96567685024556],[-124.05976367324129,39.966396328927345],[-124.060231666893,39.96638091433834],[-124.06029183087574,39.967460132752535],[-124.06169583139591,39.967413877613374],[-124.06171589337062,39.96777361701351],[-124.06218389545384,39.967758195002695],[-124.0622039599326,39.9681179344072],[-124.06313996811669,39.96808708489893],[-124.06311989902603,39.967727345654204],[-124.06405590180567,39.96769648920327],[-124.0640759755082,39.96805622828816],[-124.06922400198691,39.96788638997245],[-124.06920390291917,39.967526651767216],[-124.06967190183026,39.9675112013467],[-124.06969200320395,39.96787093947191],[-124.07437200445558,39.967716336808294],[-124.07433175578902,39.96699686224352],[-124.07479975021006,39.96698139237162],[-124.07484000348838,39.96770086677616],[-124.07577600095783,39.96766992138508],[-124.07575586960759,39.967310184301],[-124.07622386573836,39.967294709022234],[-124.07624399939448,39.96765444602617],[-124.07717999567137,39.96762348998156]],[[-124.06826790450167,39.96755754728147],[-124.06733190529064,39.967588435693344],[-124.0673118156449,39.96722869725229],[-124.06824781024413,39.96719780900042],[-124.06826790450167,39.96755754728147]],[[-124.06452390289824,39.9676810583144],[-124.06405590180567,39.96769648920327],[-124.06403582830131,39.967336750202584],[-124.06450382708796,39.967321319393626],[-124.06452390289824,39.9676810583144]],[[-124.062651897339,39.96774277121625],[-124.06218389545384,39.967758195002695],[-124.06216383117318,39.96739845568243],[-124.0626318307524,39.96738303197587],[-124.062651897339,39.96774277121625]],[[-124.07433175578902,39.96699686224352],[-124.07386376116928,39.96701233033984],[-124.07384363943983,39.966652593103575],[-124.07431163175374,39.96663712508736],[-124.07433175578902,39.96699686224352]],[[-124.07105578927998,39.96710510163066],[-124.07058779327015,39.967120557297925],[-124.07056768768165,39.966760819501104],[-124.07103568138561,39.966745363913894],[-124.07105578927998,39.96710510163066]],[[-124.06965180065507,39.96715146330566],[-124.06918380404981,39.967166913646174],[-124.06916370537893,39.966807175609276],[-124.06963169967827,39.9667917253488],[-124.06965180065507,39.96715146330566]],[[-124.06403582830131,39.967336750202584],[-124.06356782931648,39.96735217923595],[-124.06354775831619,39.96699244023953],[-124.06401575499513,39.96697701128607],[-124.06403582830131,39.967336750202584]],[[-124.06309983013351,39.9673676064937],[-124.0626318307524,39.96738303197587],[-124.06261176436392,39.96702329281965],[-124.06307976143913,39.96700786741738],[-124.06309983013351,39.9673676064937]],[[-124.07150367489106,39.966729906551095],[-124.07103568138561,39.966745363913894],[-124.07099546619243,39.96602588873273],[-124.07146345508623,39.96601043153005],[-124.07150367489106,39.966729906551095]],[[-124.06682373090625,39.96688440027798],[-124.06635573541669,39.96689983988496],[-124.06633565077932,39.96654010145227],[-124.06680364396301,39.966524661925234],[-124.06682373090625,39.96688440027798]],[[-124.06448375147588,39.96696158055703],[-124.06401575499513,39.96697701128607],[-124.06399568188709,39.966617272453675],[-124.06446367606196,39.96660184180458],[-124.06448375147588,39.96696158055703]],[[-124.06352768751404,39.96663270132723],[-124.06305969294287,39.966648128425206],[-124.06303962464473,39.96628838951716],[-124.06350761691004,39.9662729624991],[-124.06352768751404,39.96663270132723]],[[-124.07425126083994,39.9655579141235],[-124.0737832754434,39.96557338189938],[-124.07376315450855,39.96521364499949],[-124.07423113759933,39.96519817730368],[-124.07425126083994,39.9655579141235]],[[-124.06393546375203,39.965538056461334],[-124.0634674762965,39.96555348509514],[-124.06344740628691,39.96519374651931],[-124.06391539143667,39.965178317965396],[-124.06393546375203,39.965538056461334]],[[-124.06485136114169,39.96514745553092],[-124.06438337638826,39.96516288763593],[-124.06436330196532,39.964803149304004],[-124.06483128441297,39.96478771727892],[-124.06485136114169,39.96514745553092]],[[-124.06808706332514,39.96431990578008],[-124.06761908457106,39.9643353501539],[-124.0675989944045,39.96397561254967],[-124.0680669708529,39.96396016825583],[-124.06808706332514,39.96431990578008]],[[-124.0638752474004,39.96445884122575],[-124.06340726686216,39.96447426961988],[-124.06338719744699,39.9641145312962],[-124.0638551756795,39.964099102982],[-124.0638752474004,39.96445884122575]]]},"properties":{"id":"cdfw-ds3091-7-23-8-1","source":"CDFW ds3091 predicted substrate","source_url":"https://tiledimageservices2.arcgis.com/Uq9r85Potqm3MfRV/arcgis/rest/services/biosds3091_cru/ImageServer","metadata_url":"https://filelib.wildlife.ca.gov/public/BDB/GIS/BIOS/metadata/ds3091.html","source_tile_sha256":"40c377c1015baa09e75bab30a5844256c033fa69e080369dfaafe02e741aa131","source_class":"Predicted hard (rugosity proxy)","display_resolution_m":40,"approx_area_m2":438400,"fishing_target":false,"exportable":false,"depth_qualified":false,"fish_confirmed":false,"mpa_screened_at":"2026-09-23T20:44:08Z"}},{"type":"Feature","geometry":{"type":"Polygon","coordinates":[[[-124.070326436101,39.962443972497034],[-124.07030633309266,39.96208423579269],[-124.07077429682252,39.96206878124596],[-124.07073408679011,39.961349308249105],[-124.06977806824646,39.96102047871435],[-124.06922972181212,39.95959698385827],[-124.06829382524013,39.95962787940361],[-124.06825364103992,39.95890840678076],[-124.06778569706717,39.95892385173039],[-124.0677656075699,39.95856411546467],[-124.06729766570419,39.958579558558974],[-124.06678955446189,39.957875527277956],[-124.06585367896045,39.957906404269956],[-124.06577336142492,39.956467459435444],[-124.06530543259794,39.95648289494876],[-124.06526527962978,39.95576342287387],[-124.06432943060207,39.9557942882549],[-124.06483750357276,39.95649832868673],[-124.06436957434941,39.95651376064938],[-124.0643896465203,39.95687349697214],[-124.06392171479361,39.95688892723936],[-124.06349391858387,39.95762382894743],[-124.06442979145645,39.95759296986881],[-124.06449001034676,39.95867217984192],[-124.06495795340184,39.95865674739986],[-124.06491780266614,39.95793727416052],[-124.06538574091239,39.95792184010291],[-124.0654459742292,39.95900104984787],[-124.06451008370651,39.959031916667165],[-124.06455023102042,39.95975139056907],[-124.06408228085103,39.959766821475434],[-124.0640421381479,39.95904734741372],[-124.06357419239117,39.95906277638489],[-124.0630661137472,39.958358729534645],[-124.06213023046479,39.95838957828057],[-124.06215029209959,39.95874931542142],[-124.06261823614518,39.95873389185628],[-124.06269849388646,39.960172840938306],[-124.06316644695566,39.9601574152783],[-124.06318651419161,39.96051715267853],[-124.0622506032442,39.96054800238285],[-124.06227066606725,39.960907740026684],[-124.06367453910775,39.96086146256743],[-124.06363439982678,39.96014198784288],[-124.06457030497464,39.96011112764579],[-124.06459037912698,39.96047086480635],[-124.0655262880931,39.96043999734774],[-124.06509848721934,39.96117490637762],[-124.06603440501102,39.96114403504848],[-124.06607456853618,39.96186350947723],[-124.06654253174572,39.9618480709896],[-124.06656261611121,39.96220780824993],[-124.06703058142807,39.96219236790689],[-124.06701049475701,39.96183263072653],[-124.06841438260109,39.96178629928454],[-124.06839428921171,39.96142656242804],[-124.0688622491242,39.96141111514315],[-124.06890244071236,39.96213058878011],[-124.06937040503755,39.96211513955976],[-124.06939050343479,39.96247487642413],[-124.070326436101,39.962443972497034]],[[-124.06884215362768,39.96105137845049],[-124.06837419602071,39.961066825655415],[-124.06835410302804,39.96070708896666],[-124.06882205832953,39.96069164184174],[-124.06884215362768,39.96105137845049]],[[-124.06743828021175,39.961097714738955],[-124.06697032200978,39.96111315661757],[-124.06691006437605,39.960033946083264],[-124.06737801566159,39.960018504444534],[-124.06743828021175,39.961097714738955]],[[-124.06648227983884,39.960768859712154],[-124.06601432354583,39.960784297959954],[-124.06599424227886,39.96042456095531],[-124.0664621962664,39.96040912278745],[-124.06648227983884,39.960768859712154]],[[-124.06686989361157,39.95931447281295],[-124.0664019467386,39.95932991251639],[-124.06638186395914,39.958970175927035],[-124.06684980852677,39.95895473630353],[-124.06686989361157,39.95931447281295]],[[-124.06359426133827,39.95942251345372],[-124.06312631307802,39.95943794072938],[-124.06310624643633,39.959078203580674],[-124.06357419239117,39.95906277638489],[-124.06359426133827,39.95942251345372]],[[-124.06638186395914,39.958970175927035],[-124.06591391919329,39.958985613775134],[-124.06589383891746,39.958625877189625],[-124.06636178137796,39.95861043942145],[-124.06638186395914,39.958970175927035]]]},"properties":{"id":"cdfw-ds3091-7-23-8-2","source":"CDFW ds3091 predicted substrate","source_url":"https://tiledimageservices2.arcgis.com/Uq9r85Potqm3MfRV/arcgis/rest/services/biosds3091_cru/ImageServer","metadata_url":"https://filelib.wildlife.ca.gov/public/BDB/GIS/BIOS/metadata/ds3091.html","source_tile_sha256":"40c377c1015baa09e75bab30a5844256c033fa69e080369dfaafe02e741aa131","source_class":"Predicted hard (rugosity proxy)","display_resolution_m":40,"approx_area_m2":195200,"fishing_target":false,"exportable":false,"depth_qualified":false,"fish_confirmed":false,"mpa_screened_at":"2026-09-23T20:44:08Z"}},{"type":"Feature","geometry":{"type":"Polygon","coordinates":[[[-124.00697808080467,39.96992548364979],[-124.00695828844911,39.969565734882835],[-124.00649026315088,39.96958094736277],[-124.00645068363856,39.96886144992439],[-124.00598266275749,39.96887666047098],[-124.00594308863914,39.96815716321235],[-124.00502683786489,39.96854732740793],[-124.00496749140363,39.96746808142671],[-124.00543550345057,39.96745287474666],[-124.00492792807263,39.96674858452731],[-124.00445992044267,39.96676378927415],[-124.00447969970439,39.96712353776048],[-124.0035634540911,39.96751369081267],[-124.00354367924642,39.9671539420846],[-124.00307566872456,39.96716914158311],[-124.00305589638127,39.966809392860576],[-124.00258788797034,39.96682459050468],[-124.00208034448768,39.966120288865895],[-124.00067633133523,39.96616586534484],[-124.00065657110792,39.96580611648153],[-124.00159257545918,39.965775734095274],[-124.00157281081486,39.96541598547352],[-124.00063681107574,39.965446367702434],[-124.0006170512386,39.96508661900752],[-124.00014905338246,39.96510180737984],[-124.00018856863967,39.965821305011175],[-123.99925256311799,39.96585167674342],[-123.99923281000399,39.96549192772837],[-123.99876480925667,39.96550711085234],[-123.9982573118956,39.96480279410859],[-123.99638532462538,39.96486350111637],[-123.9963655859325,39.964503751882184],[-123.99589759093374,39.96451892411644],[-123.99593706390229,39.96523842282611],[-123.99689280431777,39.9655678255916],[-123.99691254590137,39.96592757499976],[-123.99644454187325,39.965942749324],[-123.99648402101289,39.96666224855014],[-123.99695202965326,39.966647074068725],[-123.99697177182155,39.967006823729584],[-123.99790779312985,39.96697646928243],[-123.99794728727593,39.96769596854249],[-123.99841530225004,39.96768078849811],[-123.99839555277332,39.96732103890454],[-123.99933157752415,39.967290673645905],[-123.99935133161325,39.96765042308219],[-123.99981934600231,39.96763523771065],[-123.99939084037653,39.96836992220762],[-123.99985885937807,39.968354736678755],[-124.00036639695301,39.96905904852225],[-124.00083442017689,39.96904385928458],[-124.00081465838882,39.96868410974705],[-124.00128267911136,39.96866891881234],[-124.00134197197973,39.96974816744187],[-124.00087394433835,39.96976335861265],[-124.00089370671174,39.97012310840328],[-124.00370188347051,39.97003193426979],[-124.00368210725914,39.969672184951435],[-124.00415013372937,39.96965698312604],[-124.00416991224704,39.970016732365664],[-124.00697808080467,39.96992548364979]],[[-124.00321408059366,39.96968738500105],[-124.00274605373296,39.9697025832749],[-124.00272628232945,39.969342833883495],[-124.00319430688384,39.969327635688366],[-124.00321408059366,39.96968738500105]],[[-124.00225825757987,39.969358030302864],[-124.00179023263509,39.96937322494647],[-124.00177046603932,39.96901347548201],[-124.00223848867782,39.9689982809171],[-124.00225825757987,39.969358030302864]],[[-124.00175069963872,39.968653726101856],[-124.00128267911136,39.96866891881234],[-124.00126291521214,39.96830916943784],[-124.00173093343328,39.968293976806045],[-124.00175069963872,39.968653726101856]],[[-124.0026669692901,39.96826358621531],[-124.00173093343328,39.968293976806045],[-124.001711167423,39.967934227594554],[-124.00264719866738,39.967903837161224],[-124.0026669692901,39.96826358621531]],[[-124.00311521399681,39.967888639281],[-124.00264719866738,39.967903837161224],[-124.00262742823983,39.96754408819144],[-124.00309544126308,39.96752889038992],[-124.00311521399681,39.967888639281]],[[-124.00028736019632,39.967620050563404],[-123.99981934600231,39.96763523771065],[-123.99977983340679,39.9669157390797],[-124.00024784298847,39.96690055208978],[-124.00028736019632,39.967620050563404]],[[-124.00213964709526,39.96719953525303],[-124.00167163598785,39.967214729424434],[-124.00165187056297,39.96685498046579],[-124.00211987936424,39.96683978637308],[-124.00213964709526,39.96719953525303]],[[-124.00071585237507,39.966885363324145],[-124.00024784298847,39.96690055208978],[-124.00022808467713,39.96654080297933],[-124.0006960917576,39.96652561429237],[-124.00071585237507,39.966885363324145]],[[-123.99740029381918,39.9662721483136],[-123.99693228767985,39.96628732449211],[-123.99691254590137,39.96592757499976],[-123.99738054973457,39.96591239889984],[-123.99740029381918,39.9662721483136]],[[-123.99784855337286,39.96589722102426],[-123.99738054973457,39.96591239889984],[-123.99734106215014,39.965192900324936],[-123.9978090611763,39.96517772260656],[-123.99784855337286,39.96589722102426]]]},"properties":{"id":"cdfw-ds3091-7-23-9-1","source":"CDFW ds3091 predicted substrate","source_url":"https://tiledimageservices2.arcgis.com/Uq9r85Potqm3MfRV/arcgis/rest/services/biosds3091_cru/ImageServer","metadata_url":"https://filelib.wildlife.ca.gov/public/BDB/GIS/BIOS/metadata/ds3091.html","source_tile_sha256":"7c5090ccda9b979a05970c61b0215226f5ca08f0a4b82b79edf5371f9b358a9c","source_class":"Predicted hard (rugosity proxy)","display_resolution_m":40,"approx_area_m2":232000,"fishing_target":false,"exportable":false,"depth_qualified":false,"fish_confirmed":false,"mpa_screened_at":"2026-09-23T20:44:08Z"}},{"type":"Feature","geometry":{"type":"Polygon","coordinates":[[[-123.99527733212634,39.97030526488598],[-123.9952575974292,39.96994551415179],[-123.9947895672531,39.969960682237506],[-123.99476983505716,39.96960093150914],[-123.99430180699258,39.969616097740506],[-123.99379432415105,39.96891176067831],[-123.99285827627331,39.968942083947994],[-123.99281883169535,39.968222582453514],[-123.99141477225615,39.96826805356878],[-123.991395057178,39.9679083027125],[-123.99043931092008,39.96757885682471],[-123.99039989096184,39.96685935521977],[-123.98993187959515,39.966874504841314],[-123.98991217221409,39.966514754086774],[-123.99038018127459,39.96649960454369],[-123.99036047178195,39.96613985395189],[-123.99082847834173,39.966124702711554],[-123.99080876673753,39.96576495228247],[-123.99127677079659,39.96574979934491],[-123.99170534281207,39.96501514434008],[-123.99357733787438,39.96495450835848],[-123.9935970629258,39.96531425814816],[-123.99406506351067,39.965299094635064],[-123.99402560899046,39.964579595296975],[-123.99215362393113,39.964640238067126],[-123.99213390618723,39.964280488210264],[-123.99119791710154,39.96431079878443],[-123.99115849142173,39.9635912990092],[-123.99069050119896,39.96360645147589],[-123.99076934411295,39.96504545167688],[-123.98983334463544,39.96507575191105],[-123.98985305123828,39.96543550232864],[-123.98798104072443,39.96549608180267],[-123.98796134334599,39.96513633107133],[-123.9874933425374,39.96515147142221],[-123.98745395297601,39.964431970055266],[-123.98698595658513,39.96444710847366],[-123.98694657241352,39.96372760728658],[-123.98647858044028,39.96374274377255],[-123.98597121410259,39.963038377318824],[-123.98503523840823,39.96306864109912],[-123.98501555622666,39.96270889048655],[-123.98454757039394,39.9627240196349],[-123.9845278907126,39.96236426902805],[-123.98357224820103,39.96203477116181],[-123.98353289903326,39.96131527005518],[-123.9830649218414,39.961330393563415],[-123.98304524985474,39.960970643057834],[-123.98491714823324,39.960910138684724],[-123.98534575589326,39.960175508176704],[-123.9858137251963,39.96016037602564],[-123.98585309625683,39.96087987584474],[-123.98632106997712,39.96086474176138],[-123.98626200676046,39.95978549239384],[-123.98672997336904,39.95977035677004],[-123.98676935326402,39.96048985610769],[-123.98723732428978,39.960474718551595],[-123.9872176319393,39.96011496891917],[-123.98768560046489,39.96009982966592],[-123.98766590600306,39.95974008019587],[-123.9886018378594,39.95970979651953],[-123.98858213898053,39.959350047290265],[-123.9890501023113,39.95933490286721],[-123.98908950487497,39.96005440125289],[-123.98955747262272,39.96003925489747],[-123.98953776893786,39.959679505741086],[-123.99000573418537,39.95966435768855],[-123.99002544017594,39.960024106766504],[-123.99096137469878,39.95999380517796],[-123.99094166409671,39.95963405625689],[-123.99047369923832,39.9596492078605],[-123.99043428322935,39.95892971011333],[-123.98949836215175,39.95896000768015],[-123.98899099992441,39.95825565591822],[-123.98945895614364,39.958240509954926],[-123.98941955091351,39.95752101256527],[-123.99033574661149,39.95713096721376],[-123.99031603987156,39.956771218885436],[-123.98938014646137,39.95680151551106],[-123.98936044452704,39.95644176710969],[-123.9907642774339,39.95639631974339],[-123.99072486031565,39.95567682366271],[-123.99025692081887,39.95569197440339],[-123.99068544397556,39.95495732791713],[-123.9902175090897,39.95497247850092],[-123.9901978035169,39.954612730675336],[-123.99066573609733,39.95459758016998],[-123.99064602841366,39.95423783250654],[-123.99158188838011,39.95420752632653],[-123.9915621762802,39.953847778903715],[-123.99296595785437,39.95380230655369],[-123.99294623903303,39.953442559449975],[-123.99247831434157,39.953457718596894],[-123.9924585980202,39.953097971498366],[-123.99292652040631,39.95308281242993],[-123.99234030417873,39.9509394906636],[-123.99142419702893,39.951329549286584],[-123.99140448648556,39.95096980253289],[-123.99093657734714,39.950984955804586],[-123.99089716145437,39.95026546239105],[-123.99136506598249,39.950250309276235],[-123.99134535602279,39.94989056277319],[-123.99038984622732,39.949561120494316],[-123.99042925673174,39.95028061373056],[-123.98996135181459,39.9502957632948],[-123.99005986995354,39.952094498239774],[-123.99052778639664,39.95207934828343],[-123.99054749291318,39.95243909544482],[-123.99007957416478,39.952454245479586],[-123.9901189831708,39.95317374021012],[-123.99152275266412,39.95312828430915],[-123.99154246437489,39.95348803156459],[-123.9906066136299,39.953518337430815],[-123.99062632092449,39.953878084926835],[-123.98971016766907,39.954268131584996],[-123.98969046479066,39.95390838384842],[-123.98922253643202,39.95392353064615],[-123.98912403648383,39.95212479282645],[-123.98959195331591,39.95210964642078],[-123.98908463786573,39.95140529828409],[-123.98955255008734,39.95139015203521],[-123.98945404541901,39.94959141753385],[-123.98992194592041,39.94957626990172],[-123.98990224326502,39.94921652333047],[-123.98896644667796,39.94924681666265],[-123.9889270511708,39.94852732345701],[-123.98845915719575,39.94854246730343],[-123.98849854809279,39.949261960665865],[-123.9880306493132,39.94927710289378],[-123.98801095607254,39.948917356092466],[-123.98754305940365,39.94893249646677],[-123.98748398776306,39.94785325632856],[-123.98656789341491,39.948243278067224],[-123.98652852212422,39.94752378457871],[-123.98559274586638,39.9475540522738],[-123.98553370421725,39.94647481219676],[-123.98506582271179,39.94648994314655],[-123.98504614485546,39.94613019654268],[-123.98551402405603,39.946115065671215],[-123.98547466431634,39.945395572870204],[-123.98687828692326,39.945350170074626],[-123.98685860043027,39.9449904240341],[-123.98732647193918,39.9449752862969],[-123.98736584972913,39.94569477830461],[-123.98828190778147,39.94530475130252],[-123.9882425211609,39.944585259774904],[-123.98683891413158,39.94463067807689],[-123.98681922802719,39.944270932202976],[-123.98588349364567,39.94430120203856],[-123.98586381234509,39.943941456091295],[-123.98679954211708,39.94391118641234],[-123.98677985640127,39.94355144070499],[-123.9872477186911,39.94353630328116],[-123.98722803086487,39.94317655773539],[-123.98676017087976,39.943191695080884],[-123.98668143073652,39.9417527134167],[-123.98621357977576,39.9417678486738],[-123.98625294484953,39.94248733949612],[-123.98578508908524,39.942502473134766],[-123.98523852219311,39.94107862305992],[-123.98430282813042,39.9411088808354],[-123.98426348304709,39.940389390052005],[-123.98379564033361,39.94040451612061],[-123.98328846233733,39.93970014965021],[-123.98235278515793,39.93973039259919],[-123.98231346006355,39.939010901854644],[-123.98278129414133,39.93899578142416],[-123.98276162958078,39.93863603625472],[-123.98180630608242,39.938306529941364],[-123.98176698714917,39.937587039704766],[-123.98129916190099,39.93760215627237],[-123.98131881896622,39.937961901427364],[-123.98085099121967,39.937977016298206],[-123.98034385856016,39.937272638854225],[-123.97894038740124,39.93731796702271],[-123.97896003275063,39.937677712485645],[-123.97802437973318,39.937707922546025],[-123.97798509844574,39.93698843139059],[-123.97702981812614,39.936658888428965],[-123.97699054721889,39.93593939745886],[-123.97652273155352,39.93595449588601],[-123.9765030986948,39.93559475044724],[-123.97603528513997,39.935609847021354],[-123.9760549156944,39.93596959253821],[-123.97558709964157,39.93598468741546],[-123.97556747139141,39.93562494182051],[-123.9746318433132,39.935655126093984],[-123.97465146695478,39.93601487184511],[-123.97418365032087,39.93602996139751],[-123.97424251549457,39.937109199382775],[-123.97377469175402,39.93712428739441],[-123.97428175991189,39.93782869178792],[-123.97381393156257,39.93784377995567],[-123.97385317214564,39.93856327284901],[-123.9733853389938,39.93857835939787],[-123.97344419440716,39.93965759959505],[-123.97297635414822,39.93967268460305],[-123.97301558744942,39.94039217863945],[-123.97254774238775,39.94040726202851],[-123.97248889963996,39.939328020864444],[-123.97202106129835,39.93934310224431],[-123.97204067304952,39.93970284929391],[-123.9711049911766,39.93973300688455],[-123.97108538403451,39.939373259678895],[-123.9706175451123,39.93938833573364],[-123.97104617033082,39.93865376551685],[-123.970110501511,39.938683915539286],[-123.97007129779918,39.93796442139754],[-123.96960346770798,39.93797949359023],[-123.96962306716271,39.938339240697566],[-123.9686874017912,39.93836937991388],[-123.9687069968304,39.93872912726019],[-123.96777132607639,39.938759259532326],[-123.96831753442261,39.94018318481184],[-123.96927282153696,39.940512796049816],[-123.96931201873873,39.94123229166701],[-123.96977986976427,39.94121722054751],[-123.9698190723491,39.941936716341495],[-123.97028692779051,39.94192164329088],[-123.97036534450065,39.943360635565476],[-123.96989747984028,39.94337570892808],[-123.96991708219673,39.9437354572829],[-123.96898134768601,39.943765598838624],[-123.96900094562629,39.94412534743269],[-123.96853307577598,39.94414041562582],[-123.96857226762711,39.94485991321986],[-123.96904014208715,39.94484484487077],[-123.96958642081643,39.9462687703109],[-123.97052218720862,39.94623862411276],[-123.97062022019018,39.94803736966472],[-123.97108811462114,39.94802229351267],[-123.97114694364772,39.94910154161136],[-123.97210236043246,39.94943113289035],[-123.97214159035916,39.950150631895255],[-123.97260949804019,39.95013554994904],[-123.97262911559916,39.95049529949877],[-123.97309702539175,39.95048021569916],[-123.97311664544961,39.9508399652544],[-123.97407209392625,39.951169541655666],[-123.97411134423146,39.95188904087179],[-123.97457926266401,39.95187395143378],[-123.97461851835473,39.952593450828225],[-123.97508644120421,39.9525783594586],[-123.97522385836284,39.95509660942874],[-123.9756917971565,39.95508151573679],[-123.97575070004788,39.956160766745896],[-123.97621864556434,39.956145671044055],[-123.97625791973887,39.95686517197956],[-123.97719381941255,39.95683497493679],[-123.97721346140185,39.95719472537398],[-123.97768141325348,39.95717962411119],[-123.977720702425,39.95789912508081],[-123.97818865869402,39.957884021886116],[-123.97822795325266,39.958603523034924],[-123.97869591393908,39.95858841790833],[-123.978735213885,39.95930791923641],[-123.97920317898893,39.959292812177836],[-123.97926213728005,39.960372064565],[-123.98019808074056,39.9603418446518],[-123.98021773850395,39.96070159545904],[-123.97974976456489,39.96071670638166],[-123.97978907606213,39.96143620840466],[-123.9793210973173,39.9614513177082],[-123.97934075105108,39.96181106892402],[-123.97980873210182,39.96179595954224],[-123.97984804476334,39.96251546206957],[-123.98031603023186,39.9625003507557],[-123.98035534828155,39.96321985346292],[-123.98082333816797,39.96320474021687],[-123.98133065591037,39.96390912792583],[-123.9822666439366,39.96387889224242],[-123.9827739803214,39.964583274334714],[-123.9837099764067,39.964553027684104],[-123.98372965264166,39.964912778952446],[-123.9846853336035,39.965242276238364],[-123.9847443778935,39.966321530331214],[-123.9852123867868,39.96630640039932],[-123.98525175523075,39.967025903392404],[-123.9857197685421,39.967010771528045],[-123.98573945536181,39.967370523072645],[-123.98667548601382,39.96734025385995],[-123.9867148694614,39.96805975688848],[-123.98765090856078,39.968029480259254],[-123.98767060518874,39.96838923174317],[-123.98813862675304,39.9683740906865],[-123.98815832588178,39.968733842176334],[-123.98862634955788,39.96871869926549],[-123.98864605118746,39.96907845076124],[-123.98911407697535,39.969063305996166],[-123.9896215156368,39.969767662386154],[-123.99149363451518,39.96970705783728],[-123.99200110065844,39.970411404744155],[-123.99527733212634,39.97030526488598]],[[-123.98989246502758,39.96615500341651],[-123.98942445807866,39.966170151105445],[-123.98940475339285,39.96581040044093],[-123.98987275803565,39.96579525283047],[-123.98989246502758,39.96615500341651]],[[-123.99170534281207,39.96501514434008],[-123.99123734355983,39.96503029889631],[-123.99121763023338,39.96467054879829],[-123.99168562717958,39.96465539432054],[-123.99170534281207,39.96501514434008]],[[-123.98579403995753,39.959800626242085],[-123.98532607296026,39.95981575831479],[-123.98530639022158,39.959456008536854],[-123.98577435491309,39.95944087654249],[-123.98579403995753,39.959800626242085]],[[-123.98671028371312,39.95941060722719],[-123.98624231941028,39.95942574277261],[-123.98622263225444,39.95906599323532],[-123.98669059425157,39.95905085776828],[-123.98671028371312,39.95941060722719]],[[-123.98809447907661,39.959005440714044],[-123.98669059425157,39.95905085776828],[-123.98667090498438,39.958691108393296],[-123.98620294529296,39.95870624378198],[-123.98569561667856,39.95800187858348],[-123.98522766120982,39.958017010264435],[-123.9852670253271,39.9587365092328],[-123.98339518306403,39.958797018828236],[-123.98341485619129,39.95915676875162],[-123.98247892928296,39.95918701305283],[-123.98189297118907,39.95704363284924],[-123.98095707078387,39.95707386555803],[-123.98044980422716,39.95636947955369],[-123.97951391187995,39.95639970129667],[-123.97949425875062,39.95603995141818],[-123.97902631459155,39.95605505954825],[-123.97896736328416,39.95497581018093],[-123.97849942584764,39.95499091630093],[-123.97844048320232,39.95391166745291],[-123.9789084137225,39.95389656156752],[-123.97881016833226,39.95209781555269],[-123.97834224933888,39.952112921047075],[-123.97779575577252,39.95068902883436],[-123.97684029675872,39.950359481390706],[-123.97680102034101,39.949639983780855],[-123.97539730886267,39.949685271992585],[-123.9753580470511,39.948965774248016],[-123.97489014744771,39.94898086661176],[-123.97574741594248,39.947511685934415],[-123.97668319573987,39.94748149295566],[-123.97670283268884,39.94784124121782],[-123.97717072460183,39.94782614198742],[-123.9771314462877,39.94710664570285],[-123.97619567148796,39.94713684207581],[-123.97617603723161,39.94677709390238],[-123.97711180742141,39.946746897685706],[-123.97709216874894,39.946387149751956],[-123.97802793355349,39.946356946590704],[-123.978008290465,39.945997198896684],[-123.97847617027153,39.945982094731406],[-123.97849581566496,39.94634184234726],[-123.9794119293029,39.94595188107529],[-123.9793726298782,39.945232386406396],[-123.97890475506924,39.94524749396569],[-123.97892440237975,39.945607241336646],[-123.97798864757038,39.945637451286025],[-123.97796900486964,39.94527770375873],[-123.9784368800664,39.94526259974979],[-123.97839759063682,39.94454310510155],[-123.97792972004977,39.94455820895417],[-123.97787079427391,39.94347896737209],[-123.97878687527837,39.94308901148961],[-123.97872793800059,39.9420097713756],[-123.97919579206668,39.941994664519946],[-123.97868864745155,39.94129027838231],[-123.97915649690836,39.94127517168298],[-123.97907790891855,39.939836187006925],[-123.97954574896318,39.93982107884523],[-123.97952610014597,39.93946133296217],[-123.9785904244718,39.93949154735419],[-123.9785707804575,39.93913180139791],[-123.97903861608701,39.93911669516758],[-123.97901896996208,39.93875694937253],[-123.97855113663702,39.9387720555247],[-123.97853149301045,39.93841230973454],[-123.97899932403105,39.938397203660514],[-123.97896003275063,39.937677712485645],[-123.97989568499257,39.93764749532529],[-123.97991533514463,39.938007240714875],[-123.98038316327913,39.93799212939403],[-123.98042246877388,39.938711620265934],[-123.98137779132587,39.93904113739057],[-123.98141710720233,39.93976062844802],[-123.9800135888139,39.93980596890848],[-123.98003324012956,39.94016571479644],[-123.98050108209087,39.94015060300648],[-123.98007254334273,39.94088520682172],[-123.98102789279629,39.941214727134884],[-123.98145642385482,39.940480119837844],[-123.98239211102852,39.940449883676095],[-123.98241177425491,39.940809629339235],[-123.98194392846052,39.94082474838585],[-123.98200291239026,39.94190398610889],[-123.98153505948797,39.94191910361515],[-123.98155471888133,39.942278849767405],[-123.98061900788541,39.94230907961103],[-123.98063866286343,39.94266882600294],[-123.9797029464822,39.942699048902554],[-123.97972259704478,39.94305879553408],[-123.98112617823978,39.94301345828738],[-123.9811458359105,39.94337320476754],[-123.98021011069835,39.94340343153022],[-123.97935298045675,39.94487263919698],[-123.98030837891426,39.945202165962286],[-123.98034768755849,39.94592166031836],[-123.98081556639531,39.94590654727712],[-123.98075659680532,39.94482730610266],[-123.98122446853354,39.94481219152088],[-123.98124412717436,39.94517193841746],[-123.98264774810926,39.945126583786404],[-123.98262808255394,39.944766837124554],[-123.98309595350591,39.9447517154421],[-123.98311562136607,39.94511146202571],[-123.98407103996126,39.94544095968919],[-123.98409071281941,39.94580070628293],[-123.98315495766876,39.945830955442936],[-123.98321396357872,39.94691019619401],[-123.98414973255888,39.94687994656434],[-123.9837211910198,39.94761456636125],[-123.9846569688315,39.94758431286798],[-123.98467664515971,39.94794405988382],[-123.98514453607926,39.94792893039604],[-123.9851838939284,39.94864842452139],[-123.98565178926378,39.94863329310173],[-123.98567147078477,39.94899304021131],[-123.98613936823092,39.948977906938076],[-123.98619842087484,39.95005714853281],[-123.98715391822844,39.95038662339908],[-123.98717360763628,39.95074637069122],[-123.98670569905309,39.95076150790676],[-123.9862771604535,39.95149613849545],[-123.98534133309474,39.951526404363285],[-123.98483406277725,39.95082203901578],[-123.98389824347387,39.950852293918416],[-123.98391791693966,39.951212041842446],[-123.98345000469145,39.95122716670908],[-123.98343033353085,39.95086741870675],[-123.98249451306239,39.9508976629575],[-123.98245518054445,39.95017816689048],[-123.98198727462939,39.950193286196345],[-123.98202660253698,39.9509127824199],[-123.98109078090384,39.95094301601872],[-123.98114976038947,39.95202226145048],[-123.98068184236605,39.952037375821625],[-123.98072115838282,39.95275687335077],[-123.98165700345679,39.95272664252015],[-123.98167666636692,39.9530863912537],[-123.98120874162163,39.95310150763497],[-123.98124806341342,39.953821005509674],[-123.98171599276944,39.95380588897191],[-123.98214459091813,39.95307127309707],[-123.98405563663776,39.953730279652206],[-123.9840949868708,39.95444977692236],[-123.98505053229913,39.954779269057525],[-123.98514893530673,39.95657801333425],[-123.98610451340059,39.95690749777371],[-123.98567593260573,39.95764212930347],[-123.98707979092912,39.95759672384276],[-123.9870404095328,39.95687722600456],[-123.98750835730735,39.95686208745678],[-123.98748866459519,39.95650233874182],[-123.98795660986978,39.95648719849696],[-123.9879763048875,39.95684694713353],[-123.9889318992878,39.957176409724276],[-123.98897129951771,39.95789590710302],[-123.98850334540967,39.95791105121242],[-123.98854274180617,39.958630549083516],[-123.98807478289235,39.958645691574226],[-123.98809447907661,39.959005440714044]],[[-123.98889249983574,39.9564569126809],[-123.98795660986978,39.95648719849696],[-123.98744927975407,39.95578284156335],[-123.98838516088678,39.95575255961175],[-123.98889249983574,39.9564569126809]],[[-123.98702071912618,39.956517477211214],[-123.98655277346283,39.95653261390516],[-123.98653308555613,39.956172865117274],[-123.98700102891397,39.956157728501694],[-123.98702071912618,39.956517477211214]],[[-123.98980868497846,39.95606687152393],[-123.98934074278715,39.956082018792166],[-123.98932104124178,39.95572227055844],[-123.98978898112759,39.955707123368626],[-123.98980868497846,39.95606687152393]],[[-123.98698133889611,39.955797979876],[-123.98651339784378,39.95581311641321],[-123.98647402300213,39.95509361925639],[-123.98600608636642,39.95510875386144],[-123.98598640154253,39.95474900533034],[-123.9864543358728,39.95473387080364],[-123.98594703247771,39.95402950851935],[-123.98735082105297,39.95398410008317],[-123.98731143893319,39.95326460407718],[-123.98777936345883,39.95324946453775],[-123.98781875018936,39.95396896038698],[-123.98971016766907,39.954268131584996],[-123.98976927747121,39.955347375297066],[-123.98883340211609,39.95537766774443],[-123.98881370326512,39.95501791959983],[-123.98834576760132,39.95503306308199],[-123.98830637509357,39.95431356688723],[-123.98737051240444,39.95434384821172],[-123.98739020395028,39.954703596424004],[-123.98785813769746,39.95468845657106],[-123.98789752598316,39.955407953090095],[-123.9869616490726,39.95543823133406],[-123.98698133889611,39.955797979876]],[[-123.98547910256397,39.95404464111395],[-123.98501117245596,39.95405977193318],[-123.98499149282577,39.953700023496594],[-123.98545942062842,39.9536848927557],[-123.98547910256397,39.95404464111395]],[[-123.9863952756508,39.953654625947784],[-123.98545942062842,39.9536848927557],[-123.98543973888711,39.95332514448115],[-123.98637558929879,39.9532948778299],[-123.9863952756508,39.953654625947784]],[[-123.9845235648289,39.953715152462095],[-123.98405563663776,39.953730279652206],[-123.98403596181258,39.953370531142674],[-123.98450388769832,39.95335540403087],[-123.9845235648289,39.953715152462095]],[[-123.98731143893319,39.95326460407718],[-123.98637558929879,39.9532948778299],[-123.98633621717772,39.95257538184518],[-123.98727205759084,39.952545108405886],[-123.98731143893319,39.95326460407718]],[[-123.98773997750587,39.95252996902322],[-123.98727205759084,39.952545108405886],[-123.98725236721121,39.952185360695715],[-123.98772028482098,39.95217022139141],[-123.98773997750587,39.95252996902322]],[[-123.9835286912755,39.952666159554504],[-123.98259284775443,39.952696404588075],[-123.98257318042775,39.95233665609467],[-123.98350901933824,39.9523064112177],[-123.9835286912755,39.952666159554504]],[[-123.99146361869931,39.95204904304473],[-123.99099570264525,39.95206419655175],[-123.990975994018,39.95170444955244],[-123.99144390776685,39.951689296123874],[-123.99146361869931,39.95204904304473]],[[-123.98818820223634,39.95215508031177],[-123.98772028482098,39.95217022139141],[-123.98770059233044,39.95181047384326],[-123.98816850744056,39.95179533284199],[-123.98818820223634,39.95215508031177]],[[-123.98257318042775,39.95233665609467],[-123.98210526068132,39.95235177587015],[-123.98208559585407,39.95199202738214],[-123.98255351329523,39.95197690768496],[-123.98257318042775,39.95233665609467]],[[-123.98723267702597,39.95182561306919],[-123.9867647615271,39.951840750519786],[-123.98672538635009,39.95112125536085],[-123.98766120793253,39.951090978997755],[-123.98723267702597,39.95182561306919]],[[-123.98489309758861,39.951901282568826],[-123.98395726445384,39.95193153794131],[-123.98393759059964,39.951571789850085],[-123.98485374085347,39.9511817867832],[-123.98489309758861,39.951901282568826]],[[-123.9909562855853,39.951344702636725],[-123.99048837394714,39.95135985421154],[-123.99046866801417,39.95100010730097],[-123.99093657734714,39.950984955804586],[-123.9909562855853,39.951344702636725]],[[-123.98904524002538,39.95068580407605],[-123.98857733221972,39.95070094839281],[-123.98855763589636,39.95034120133575],[-123.98902554139687,39.950326057097406],[-123.98904524002538,39.95068580407605]],[[-123.98810942421963,39.950716090934264],[-123.98764151602514,39.95073123170038],[-123.98762182431213,39.950371484486595],[-123.98808973020144,39.95035634379882],[-123.98810942421963,39.950716090934264]],[[-123.98855763589636,39.95034120133575],[-123.98808973020144,39.95035634379882],[-123.98805034274822,39.9496368497786],[-123.98851824383289,39.94962170747228],[-123.98855763589636,39.95034120133575]],[[-123.98611968440488,39.94861815990681],[-123.98565178926378,39.94863329310173],[-123.98563210793704,39.94827354607565],[-123.98610000077312,39.94825841295905],[-123.98611968440488,39.94861815990681]],[[-123.97487051913768,39.948621117786644],[-123.97440262164565,39.94863620829698],[-123.97438299583445,39.94827645947726],[-123.97485089102139,39.94826136904504],[-123.97487051913768,39.948621117786644]],[[-123.98510517900706,39.94720943660444],[-123.9846372926975,39.94722456593561],[-123.9846176167577,39.946864819086656],[-123.98508550076231,39.9468496898338],[-123.98510517900706,39.94720943660444]],[[-123.97434374479316,39.947556962088235],[-123.9738758540226,39.947572050589024],[-123.97385623109753,39.94721230194159],[-123.97338834243833,39.94722738858904],[-123.97336872201195,39.94686763994697],[-123.97290083546407,39.946882724741094],[-123.97288121753634,39.946522976104376],[-123.97241333309982,39.94653805904521],[-123.97239371767066,39.94617831041384],[-123.97143834220111,39.94584872210964],[-123.97139912153045,39.945129224951614],[-123.97186699713443,39.9451141458734],[-123.97184738478455,39.944754397497434],[-123.97137951148544,39.944769476497626],[-123.97132068251172,39.94369023163559],[-123.97085281593355,39.94370530862652],[-123.97081360219498,39.94298581231224],[-123.97128146416358,39.94297073547735],[-123.97130107324088,39.94333048351483],[-123.97270466489967,39.94328524212529],[-123.97268504890808,39.94292549432192],[-123.97315291010241,39.942910410386524],[-123.97321176557229,39.94398965381224],[-123.97414750120869,39.943959480147576],[-123.974108254816,39.94323998475946],[-123.97506360816762,39.94356955180279],[-123.97502435294327,39.94285005689358],[-123.97596007320149,39.942819869496354],[-123.9759797053263,39.9431796167531],[-123.97644756746949,39.943164520313665],[-123.97642793303999,39.942804773135045],[-123.9773636521356,39.94277457508707],[-123.97738329117458,39.94313432210943],[-123.97785115273636,39.94311922034461],[-123.97787079427391,39.94347896737209],[-123.976935066347,39.94350916928289],[-123.97697434078457,39.94422866390023],[-123.97603860286326,39.94425885902299],[-123.97607786885673,39.94497835428608],[-123.97560999499574,39.944993449340956],[-123.97564925715456,39.94571294509361],[-123.97518137849003,39.94572803852953],[-123.97520100755514,39.946087786609],[-123.97566888852461,39.946072693094976],[-123.97570815184602,39.946792189347875],[-123.97524026626665,39.94680728301814],[-123.975259895913,39.94716703134784],[-123.97432411956308,39.94719721351892],[-123.97434374479316,39.947556962088235]],[[-123.9846176167577,39.946864819086656],[-123.98414973255888,39.94687994656434],[-123.98413005911821,39.94652019972048],[-123.9845979410121,39.9465050723211],[-123.9846176167577,39.946864819086656]],[[-123.98500678972552,39.94541070358503],[-123.98453891494047,39.945425832524705],[-123.98403169482746,39.94472146675175],[-123.98309595350591,39.9447517154421],[-123.98307628583989,39.944391968941794],[-123.98354415429293,39.944376845562466],[-123.9834851455452,39.94329760679607],[-123.98395300688985,39.943282481876416],[-123.98401202255182,39.94436172040798],[-123.98494775848717,39.94433146477357],[-123.98496743537241,39.94469121096075],[-123.98543530535356,39.94467608040253],[-123.98500678972552,39.94541070358503]],[[-123.97705289198551,39.94566765413464],[-123.97611713562533,39.94569784988247],[-123.97609750214416,39.94533810204259],[-123.97703325389455,39.94530790645103],[-123.97705289198551,39.94566765413464]],[[-123.977481489277,39.94493305847038],[-123.97701361599741,39.94494815885079],[-123.97699397829409,39.94458841133385],[-123.97746184926885,39.94457331103159],[-123.977481489277,39.94493305847038]],[[-123.98260841719271,39.94440709054597],[-123.98214054835145,39.944422210375],[-123.98210122282079,39.9437027173113],[-123.9825690870525,39.94368759763874],[-123.98260841719271,39.94440709054597]],[[-123.98167267931612,39.944437328428876],[-123.98120481008674,39.9444524447076],[-123.98118515183398,39.944092697977624],[-123.98165301875855,39.94407758177713],[-123.98167267931612,39.944437328428876]],[[-123.98492808179613,39.94397171866969],[-123.98446021623032,39.94398684729617],[-123.98444054203824,39.94362710119728],[-123.9849084052993,39.94361197264906],[-123.98492808179613,39.94397171866969]],[[-123.98303695109014,39.9436724761911],[-123.9825690870525,39.94368759763874],[-123.98254942227355,39.943327851310045],[-123.98301728400642,39.94331272994064],[-123.98303695109014,39.9436724761911]],[[-123.98254942227355,39.943327851310045],[-123.98208156034657,39.94334297090433],[-123.9820618980664,39.94298322458064],[-123.98252975768865,39.94296810506459],[-123.98254942227355,39.943327851310045]],[[-123.98486905288821,39.94289248085761],[-123.9844011942366,39.94290760924923],[-123.98436184721164,39.94218811763411],[-123.98482970125391,39.94217298939906],[-123.98486905288821,39.94289248085761]],[[-123.98393333539082,39.942922735865736],[-123.98346547635087,39.94293786070713],[-123.98344580735069,39.94257811470143],[-123.98391366408592,39.9425629899383],[-123.98393333539082,39.942922735865736]],[[-123.9820618980664,39.94298322458064],[-123.98159403825011,39.942998342321566],[-123.9815743784687,39.94263859600288],[-123.98204223598029,39.942623478340174],[-123.9820618980664,39.94298322458064]],[[-123.974108254816,39.94323998475946],[-123.97364039170421,39.9432550723232],[-123.97362077110313,39.94289532467598],[-123.97408863191016,39.94288023719031],[-123.974108254816,39.94323998475946]],[[-123.97783151139265,39.94275947340041],[-123.9773636521356,39.94277457508707],[-123.97734401329042,39.94241482814793],[-123.97781187024277,39.94239972653942],[-123.97783151139265,39.94275947340041]],[[-123.97502435294327,39.94285005689358],[-123.97455649252358,39.9428651479295],[-123.97453686750669,39.94250540052166],[-123.97313329199973,39.94255066274445],[-123.97309405637517,39.941831167710035],[-123.97401014222355,39.94144124774596],[-123.9740297643547,39.94180099498224],[-123.97498509849378,39.942130562317324],[-123.97502435294327,39.94285005689358]],[[-123.97827972700131,39.9423846231558],[-123.97781187024277,39.94239972653942],[-123.97779222928679,39.94203997976165],[-123.97826008374064,39.94202487645616],[-123.97827972700131,39.9423846231558]],[[-123.97779222928679,39.94203997976165],[-123.9773243746391,39.942055081292025],[-123.9773047361816,39.941695334519316],[-123.97777258852462,39.94168023306708],[-123.97779222928679,39.94203997976165]],[[-123.9829189514994,39.94151399993678],[-123.98245110128987,39.941529120914964],[-123.98243143767536,39.941169375085536],[-123.98289928558029,39.94115425418561],[-123.9829189514994,39.94151399993678]],[[-123.97683688364474,39.94171043419646],[-123.97636903091409,39.94172553209849],[-123.97629049745906,39.940286545214356],[-123.97675834097127,39.940271447624816],[-123.97683688364474,39.94171043419646]],[[-123.98383498080784,39.94112400706054],[-123.98336713329113,39.94113913151059],[-123.98332779742603,39.940419640414156],[-123.98379564033361,39.94040451612061],[-123.98383498080784,39.94112400706054]],[[-123.97822079780086,39.94130538330656],[-123.9777529479563,39.94132048645572],[-123.97773330758181,39.94096073992749],[-123.97820115512174,39.94094563685647],[-123.97822079780086,39.94130538330656]],[[-123.98285995432431,39.94043476293265],[-123.98239211102852,39.940449883676095],[-123.9823724479962,39.940090138096096],[-123.98284028898745,39.9400750174309],[-123.98285995432431,39.94043476293265]],[[-123.9819046068109,39.94010525698624],[-123.98143676543155,39.94012037410137],[-123.98141710720233,39.93976062844802],[-123.98188494627715,39.93974551141112],[-123.9819046068109,39.94010525698624]],[[-123.97816187034513,39.940226144205845],[-123.97769402741433,39.94024124712054],[-123.9776547480222,39.93952175464608],[-123.9785904244718,39.93949154735419],[-123.97816187034513,39.940226144205845]],[[-123.97535480985334,39.94031673506827],[-123.97488696575991,39.94033182733263],[-123.97486733979423,39.93997208058514],[-123.9753351815831,39.93995698839887],[-123.97535480985334,39.94031673506827]],[[-123.97486733979423,39.93997208058514],[-123.97439949781166,39.939987170996375],[-123.97437987434421,39.93962742425393],[-123.97484771402225,39.93961233392077],[-123.97486733979423,39.93997208058514]],[[-123.97393165563541,39.940002259632536],[-123.97346381326552,39.940017346493626],[-123.97344419440716,39.93965759959505],[-123.9739120344725,39.939642512812014],[-123.97393165563541,39.940002259632536]],[[-123.97578339279723,39.93958214792937],[-123.97531555350659,39.93959724181259],[-123.97529592562377,39.93923749530942],[-123.9757637626099,39.9392224015043],[-123.97578339279723,39.93958214792937]],[[-123.97808330311811,39.938787159901835],[-123.97714763549875,39.93881736333109],[-123.97712799878553,39.938457617306504],[-123.97806366179597,39.93842741403352],[-123.97808330311811,39.938787159901835]],[[-123.97621196710422,39.93884755966025],[-123.97574413261631,39.93886265516232],[-123.97572450281645,39.93850290890338],[-123.9761923349999,39.93848781347944],[-123.97621196710422,39.93884755966025]],[[-123.97853149301045,39.93841230973454],[-123.97806366179597,39.93842741403352],[-123.97804402066768,39.93806766824827],[-123.97851184957771,39.93805256402742],[-123.97853149301045,39.93841230973454]],[[-123.97525667043926,39.9385180025523],[-123.97432100510383,39.938548184525125],[-123.97430138241104,39.93818843811502],[-123.97523704313758,39.93815825629836],[-123.97525667043926,39.9385180025523]],[[-123.9751977891153,39.937438764039506],[-123.97472996345769,39.937453855679166],[-123.97471033904145,39.93709410959618],[-123.97517816239468,39.93707901803461],[-123.9751977891153,39.937438764039506]],[[-123.97560672808541,39.93634443309336],[-123.97513890953455,39.93635952627374],[-123.97511928339502,39.93599978051777],[-123.97558709964157,39.93598468741546],[-123.97560672808541,39.93634443309336]]]},"properties":{"id":"cdfw-ds3091-7-23-9-2","source":"CDFW ds3091 predicted substrate","source_url":"https://tiledimageservices2.arcgis.com/Uq9r85Potqm3MfRV/arcgis/rest/services/biosds3091_cru/ImageServer","metadata_url":"https://filelib.wildlife.ca.gov/public/BDB/GIS/BIOS/metadata/ds3091.html","source_tile_sha256":"7c5090ccda9b979a05970c61b0215226f5ca08f0a4b82b79edf5371f9b358a9c","source_class":"Predicted hard (rugosity proxy)","display_resolution_m":40,"approx_area_m2":2420800,"fishing_target":false,"exportable":false,"depth_qualified":false,"fish_confirmed":false,"mpa_screened_at":"2026-09-23T20:44:08Z"}},{"type":"Feature","geometry":{"type":"Polygon","coordinates":[[[-123.96404631234651,39.93059048246453],[-123.96400717282692,39.92987099026524],[-123.96447495204762,39.92985593938865],[-123.96490358311233,39.92912139518014],[-123.96583913137229,39.92909128486437],[-123.96581955307279,39.92873153936556],[-123.9653517813433,39.92874659533295],[-123.96531262993162,39.92802710442749],[-123.96435752430011,39.927697465241955],[-123.96429881303347,39.926618229283896],[-123.96383105454741,39.92663327945988],[-123.96425967315454,39.925898739057956],[-123.96566293363162,39.9258535783487],[-123.96568251038565,39.92621332318683],[-123.96661802101193,39.92618320701801],[-123.96663760256658,39.92654295178292],[-123.9661698450463,39.92655801083258],[-123.96622858395828,39.92763724585631],[-123.96669634838986,39.92762218657301],[-123.96671593071741,39.92798193166821],[-123.96578039705341,39.92801204861583],[-123.9657999749665,39.92837179394936],[-123.96626774419896,39.92835673628506],[-123.96628732460908,39.928716481623354],[-123.96720328208418,39.92832661563213],[-123.96714452819012,39.92724738058026],[-123.96667676625553,39.927262441560416],[-123.96665718431446,39.9269026966304],[-123.96712494394525,39.926887635728136],[-123.96706619237015,39.92580840166703],[-123.96753394489656,39.925793339223745],[-123.96751435912097,39.92543359477963],[-123.96704660889826,39.92544865714503],[-123.96698785964196,39.92436942407396],[-123.96790375876628,39.92397955399953],[-123.9678449980075,39.92290032238506],[-123.96831273171865,39.92288525701566],[-123.96829314288209,39.922525513386866],[-123.96782541147441,39.92254057867839],[-123.96772748170783,39.92074186138004],[-123.96819520159843,39.92072679647801],[-123.96815602643782,39.920007310290615],[-123.9676883111539,39.92002237503686],[-123.9676687261668,39.9196626319886],[-123.96813643914741,39.91964756732026],[-123.96856497332718,39.918913015339236],[-123.96809726514635,39.91892808162634],[-123.96803850559418,39.91784885370193],[-123.96757080412975,39.917863917980824],[-123.96755122030201,39.917504175425805],[-123.96661582139987,39.91753429850434],[-123.9665766635366,39.91681481332927],[-123.96562169903868,39.916485186378395],[-123.96556297809036,39.915405959010805],[-123.96603066420575,39.91539090237481],[-123.96645919458264,39.914656359774355],[-123.96552383175704,39.91468647450939],[-123.96548468619612,39.913966990336064],[-123.96452976392506,39.91363735554285],[-123.96449062873431,39.91291787155017],[-123.96355528739348,39.91294797131179],[-123.96359441337258,39.91366745561566],[-123.96312673780683,39.91368250299045],[-123.96308761643355,39.91296301853102],[-123.96261994528065,39.91297806397588],[-123.96260038718636,39.912618321791356],[-123.96306805603638,39.912603276424264],[-123.96302893582093,39.91188379245654],[-123.96256127157659,39.91189883766808],[-123.96254171406116,39.91153909572932],[-123.96207405192668,39.91155413908873],[-123.96205449690697,39.91119439715411],[-123.96109962644364,39.910864736386145],[-123.96152817988897,39.9101302131155],[-123.96012521938273,39.910175326291835],[-123.96010567434551,39.90981558437371],[-123.95963802276047,39.9098306184728],[-123.95961848021877,39.90947087655879],[-123.95866364333214,39.909141197291106],[-123.95905313243989,39.907687200074164],[-123.95858549428517,39.90770223015855],[-123.95860503125783,39.908061971819045],[-123.95766974976502,39.90809202682034],[-123.95759162145127,39.90665306004738],[-123.95667588479256,39.907042849056396],[-123.9566563576082,39.90668310733043],[-123.95618872539772,39.906698128310595],[-123.95616920070849,39.906338386588686],[-123.9552144204231,39.90600868127564],[-123.95529250114502,39.90744764894757],[-123.95624730062106,39.907777353966516],[-123.95628635173301,39.90849683814578],[-123.95722163898711,39.90846679363484],[-123.95724116943731,39.90882653569184],[-123.95770881507802,39.90881151069727],[-123.95776741449271,39.909890737126084],[-123.95872225714116,39.91022042349929],[-123.95876133397756,39.91093990804727],[-123.95829367490602,39.91095493705648],[-123.9583718216806,39.91239390744579],[-123.95790415320498,39.912408934991355],[-123.95796275840101,39.913488163876664],[-123.95655973109167,39.91353323656606],[-123.9565402027424,39.91317349328933],[-123.95747554986879,39.91314344675944],[-123.95696881567558,39.91243898475936],[-123.95788461852507,39.91204919219347],[-123.95784554974344,39.91132970684349],[-123.95689069653498,39.911000013438034],[-123.9568711672315,39.91064027081245],[-123.95733882457843,39.91062524720391],[-123.95728023091573,39.9095460200512],[-123.95681258047699,39.909561043426756],[-123.95677352360394,39.9088415589121],[-123.95630587757793,39.90885658035808],[-123.95632540361547,39.90921632265215],[-123.95585775509414,39.909231342401455],[-123.95583823135928,39.90887160002975],[-123.9549029383442,39.908901634050245],[-123.95486390066286,39.90818214924173],[-123.95439625847175,39.908197163435325],[-123.95437674222251,39.90783742107612],[-123.95390910214151,39.90785243341785],[-123.95394813022726,39.908571918373205],[-123.95441577491353,39.90855690587629],[-123.95398715908307,39.909291403655686],[-123.95351950959895,39.909306414533454],[-123.95346097351204,39.90822718649969],[-123.95254519501356,39.908616945218185],[-123.95256470243719,39.90897668805125],[-123.95303235000358,39.908961680799656],[-123.95309088033734,39.910040909556976],[-123.95168791633644,39.9100859266869],[-123.95164890973783,39.90936644030151],[-123.95069411024745,39.90903669931464],[-123.95071360865278,39.90939644253967],[-123.95024595782168,39.909411440997275],[-123.95028495060389,39.91013092784785],[-123.95075260604041,39.9101159292352],[-123.9507721050228,39.91047567270574],[-123.95030444728347,39.91049067139592],[-123.9503434412197,39.91121015873763],[-123.94987577868241,39.91122515580849],[-123.94995375965156,39.91266413178495],[-123.9508891029568,39.912634135248645],[-123.95092810380716,39.91335362341845],[-123.95279880653239,39.913293608432625],[-123.9527792967992,39.91293386461696],[-123.95324696969642,39.912918856512064],[-123.95326648173253,39.913278600250145],[-123.95373415674021,39.913263590293234],[-123.95375367127174,39.91362333403573],[-123.95328599396113,39.91363834407022],[-123.95330550638224,39.91399808797228],[-123.95377318599584,39.913983077860195],[-123.9538122160216,39.9147025657552],[-123.95472806416807,39.91431279606402],[-123.95476710379101,39.91503228381265],[-123.95523478973604,39.915017268144446],[-123.95521526752522,39.914657524306705],[-123.95617016104822,39.91498723148462],[-123.95574152509401,39.915721738468086],[-123.95763181890581,39.91602139402727],[-123.95765135340268,39.916381137805],[-123.95671596482175,39.91641118573286],[-123.95675502518108,39.91713067384541],[-123.95628732599528,39.917145695302935],[-123.95630685416079,39.917505439560074],[-123.95724225694609,39.917475394715204],[-123.95722272417419,39.917115650613376],[-123.9576904229746,39.917100625606864],[-123.95770995804966,39.91746036963098],[-123.9586648995528,39.91779005808996],[-123.95874306097754,39.91922903471546],[-123.95921077301907,39.919214003919166],[-123.95923031616056,39.919573748203376],[-123.96018529221271,39.919903425342675],[-123.96024393719287,39.920982658469285],[-123.95930849065476,39.921012726162836],[-123.95928894674198,39.920652981549544],[-123.95882122548704,39.92066801265671],[-123.95878214284669,39.91994852352154],[-123.95831442600571,39.91996355269869],[-123.95837304334532,39.921042786758015],[-123.95790531940139,39.92105781439371],[-123.9563849687495,39.918944417410465],[-123.95591725785486,39.91895943748176],[-123.95548859600467,39.919693945507646],[-123.954085447767,39.91973899021637],[-123.95410496576446,39.92009873543723],[-123.95363724699669,39.920113746868616],[-123.9536177313026,39.91975400157014],[-123.95315001464566,39.91976901114935],[-123.95313050144746,39.91940926585554],[-123.9521950721627,39.919439279535034],[-123.95168834523268,39.91873479290652],[-123.95028521310462,39.9187797943274],[-123.95026571430375,39.91842004881489],[-123.9497980055129,39.918435045661866],[-123.94975901309479,39.91771555472836],[-123.95067492074409,39.917325814381634],[-123.95057742099507,39.91552708967188],[-123.9491743498993,39.91557207835205],[-123.94915485743593,39.91521233342384],[-123.94868716898912,39.915227326024116],[-123.94872614950192,39.915946816117625],[-123.94777127707269,39.91561705106194],[-123.94781024875753,39.91633654162967],[-123.94734255282452,39.91635152913897],[-123.94732306918912,39.915991783736565],[-123.94685537536704,39.91600676939391],[-123.9468164132792,39.91528727868052],[-123.94588103427095,39.91531724436189],[-123.94586155812152,39.91495749897341],[-123.94679693252357,39.91492753344695],[-123.9467579715889,39.91420804322598],[-123.94584208216423,39.91459775366698],[-123.94576418025653,39.91315877326171],[-123.94436115175789,39.91320370708148],[-123.94432221577458,39.91248421690632],[-123.94385454383011,39.912499191142594],[-123.94428328055952,39.91176472705901],[-123.94334794569023,39.91179467344754],[-123.94332848297654,39.911434928492],[-123.94286081755676,39.9114498989473],[-123.94235423630508,39.91074537765338],[-123.94282189731112,39.9107304091272],[-123.94280243747627,39.91037066433998],[-123.94327009598754,39.910355694116824],[-123.94328955812522,39.91071543882666],[-123.94422487917733,39.910685492902495],[-123.94420541243404,39.910325748347454],[-123.94467307036925,39.91031077280123],[-123.94416647952359,39.90960625948296],[-123.94556943893633,39.90956132798574],[-123.9455889122038,39.90992107214483],[-123.94652422212398,39.90989110878686],[-123.94650474425096,39.90953136478263],[-123.94603709168969,39.90954634727136],[-123.94601761631158,39.909186603271536],[-123.94508231521817,39.90921656277114],[-123.9450628446376,39.908856818698276],[-123.94412754738129,39.9088867709458],[-123.94408861600712,39.9081672827359],[-123.94362097169629,39.90818225604341],[-123.9436015085999,39.90782251198374],[-123.94453679242423,39.9077925637492],[-123.9445173249146,39.907432819926086],[-123.94543313144268,39.90704312116266],[-123.94539418817335,39.90632363423468],[-123.94492655595165,39.906338612478],[-123.94490708690763,39.905978869059155],[-123.9439718264932,39.90600882006831],[-123.94395236224625,39.90564907657634],[-123.94348473405351,39.90566404934217],[-123.94346527230108,39.90530430585451],[-123.94299764621886,39.90531927676874],[-123.94249110622562,39.9046147588689],[-123.94155586231136,39.90464469151687],[-123.94159476682053,39.90536417886607],[-123.94112713997062,39.905379142683415],[-123.94110768992256,39.905019398890666],[-123.93923718981439,39.90507923610845],[-123.93884731960065,39.90653316818448],[-123.93837968469221,39.90654812158826],[-123.93836024788394,39.90618837708666],[-123.93789261508631,39.9062033286389],[-123.93791204959201,39.90656307321777],[-123.93695734891597,39.90623322642062],[-123.93705450033538,39.90803195090485],[-123.93611921037204,39.908061842361946],[-123.93608035843991,39.907342352014055],[-123.93514507692069,39.907372236065044],[-123.93510623496555,39.90665274573525],[-123.93463859852382,39.90666768494489],[-123.93461918013624,39.90630793982539],[-123.93602208197892,39.906263117105304],[-123.93598323196309,39.90554362757469],[-123.9355156028122,39.905558570101185],[-123.93545733613308,39.90447933618612],[-123.93452209107161,39.90450921545318],[-123.93450267383335,39.90414947082373],[-123.93354802016877,39.90381959813729],[-123.93350919585953,39.903100108977625],[-123.93257396768536,39.90312997343363],[-123.93255456042274,39.902770228821836],[-123.93302217230318,39.902755297558066],[-123.93251574647181,39.90205073984291],[-123.93204813900462,39.9020656691782],[-123.93206754358204,39.90242541370403],[-123.93159993362113,39.90244034134228],[-123.93161933608758,39.902800086026794],[-123.93115172363291,39.90281501196801],[-123.93072290728438,39.90354942605727],[-123.92932005438378,39.90359418837589],[-123.92889121501094,39.90432859646581],[-123.92795596919504,39.90435842590043],[-123.9279753541986,39.90471817160973],[-123.92892999441932,39.905048087657754],[-123.92898816496644,39.90612732505817],[-123.92945579910017,39.90611240729409],[-123.92943640642393,39.90575266148934],[-123.93083930076952,39.90570789778276],[-123.9308587003535,39.90606764335617],[-123.93132633372187,39.906052718495],[-123.93144274906055,39.90821119318897],[-123.93191039605345,39.90819626609068],[-123.93192980158254,39.90855601208206],[-123.93333274832067,39.90851121990978],[-123.93331333588338,39.90815147414991],[-123.93378098211039,39.90813653995434],[-123.93374215320499,39.90741704883434],[-123.93467743587367,39.90738717542911],[-123.93469685483595,39.90774692079382],[-123.9342292112947,39.90776185846079],[-123.93426804518856,39.90848134958998],[-123.93473569333521,39.90846641176861],[-123.93475511287218,39.90882615737871],[-123.93335216094945,39.90887096575149],[-123.93337157376972,39.90923071167498],[-123.93241685871003,39.90890082912832],[-123.93243626692478,39.90926057520619],[-123.93196861321509,39.90927550431027],[-123.9320074256134,39.90999499686589],[-123.93153976710667,39.91000992434995],[-123.93157857566506,39.91072941738736],[-123.93251390169851,39.910699560336234],[-123.93253331087064,39.91105930682348],[-123.93300097590303,39.91104437555916],[-123.93302038756956,39.911404122051124],[-123.93348805471335,39.91138918893523],[-123.9335074688743,39.911748935431966],[-123.93397513812947,39.91173400046448],[-123.9344816453014,39.91243855665308],[-123.93541699206568,39.91240867753722],[-123.93543641601316,39.912768423970974],[-123.93637176661692,39.912738537602955],[-123.93639119536202,39.913098283964196],[-123.93732654980505,39.913068390343945],[-123.93734598334785,39.91342813663266],[-123.93921669914504,39.913368327789875],[-123.93917781382716,39.912648835912776],[-123.93964548769098,39.9126338794206],[-123.93966493255698,39.91299362524085],[-123.94060028431505,39.91296370677862],[-123.9406197339789,39.91332345252619],[-123.94157454403715,39.91365327248643],[-123.94159399869085,39.91401301824337],[-123.94067808412174,39.914402690261014],[-123.94069753455314,39.914762436336694],[-123.94116522165952,39.91474747405723],[-123.94120412770427,39.91546696630016],[-123.94167181922498,39.91545200209147],[-123.94169127483836,39.915811748258704],[-123.94215896847025,39.91579678219819],[-123.94217842657878,39.91615652837019],[-123.94264612232188,39.916141560457795],[-123.94315274387874,39.916846083051695],[-123.94408814361759,39.916816138044794],[-123.94410761151495,39.91717588415362],[-123.94457531339951,39.91716090891097],[-123.94508196067592,39.91786542404823],[-123.94601737269745,39.917835464380545],[-123.94603685038416,39.91819521042615],[-123.94650455840998,39.91818022785304],[-123.94701123140679,39.91888473553336],[-123.9479466557105,39.91885476120445],[-123.94796614318714,39.91921450718681],[-123.94985649558275,39.919514282678776],[-123.94989548992447,39.92023377443464],[-123.95036321023206,39.92021877719995],[-123.95040220995013,39.920938269129934],[-123.95135716395627,39.92126801495984],[-123.95139617404273,39.92198750707356],[-123.95279936720796,39.92194249291063],[-123.95281887945039,39.92230223885825],[-123.95515754239254,39.92222717937263],[-123.95519659049037,39.92294667073878],[-123.95566432710804,39.92293165336243],[-123.9557033805836,39.92365114490285],[-123.95617112161574,39.92363612559652],[-123.9566779259159,39.924340596074984],[-123.95714567116984,39.924325573063946],[-123.95708706935702,39.92324633608147],[-123.95661933101388,39.92326135885945],[-123.95658026870946,39.922541867794536],[-123.95704800244552,39.92252684517193],[-123.95702846927887,39.922167099840735],[-123.95796393156574,39.92213704942699],[-123.95800300730585,39.92285653986098],[-123.95847074276715,39.92284151183676],[-123.9584512024972,39.92248176665629],[-123.95891893546217,39.922466736935135],[-123.95889939308152,39.92210699191475],[-123.95843166242003,39.92212202155818],[-123.95886030889865,39.921387502121085],[-123.9597957604293,39.92135743782125],[-123.9598153070312,39.92171718252146],[-123.9616862169918,39.92165703231554],[-123.9617057730004,39.92201677678707],[-123.96077031379903,39.922046855594765],[-123.96034168268413,39.92278138199341],[-123.96127715148532,39.922751306423876],[-123.96129670576931,39.92311105122028],[-123.96176444218405,39.92309601069577],[-123.96180355593796,39.92381550038025],[-123.96227129676684,39.92380045792554],[-123.96232997575584,39.92487969283712],[-123.96326547065622,39.924849602136895],[-123.9633046001619,39.92556909217907],[-123.96236909604683,39.92559918319054],[-123.96287597387133,39.9263036291],[-123.96147270300789,39.926348758097795],[-123.96151181562793,39.92706824942259],[-123.96197957738292,39.92705320804248],[-123.96196001867264,39.92669346241658],[-123.96336329586829,39.92664832786116],[-123.96338286148989,39.927008073253646],[-123.96385062247275,39.92699302477454],[-123.96387019059118,39.92735277017171],[-123.96293466382478,39.92738286551082],[-123.96297379142564,39.9281023568643],[-123.96203825467177,39.92813244541564],[-123.96205781415402,39.92849219137188],[-123.96346112590689,39.92844705564927],[-123.96344155951302,39.92808730992647],[-123.96437709510856,39.92805721072651],[-123.96394846499587,39.92879175258646],[-123.9630129197987,39.9288218485482],[-123.96303248427482,39.92918159451414],[-123.96350025927386,39.92916654734282],[-123.96353939341311,39.92988603936701],[-123.96307161380622,39.92990108669399],[-123.96309117886153,39.93026083290795],[-123.96404631234651,39.93059048246453]],[[-123.9665984396505,39.92582346233563],[-123.96566293363162,39.9258535783487],[-123.96564335707075,39.92549383359306],[-123.9665592775073,39.925103973218356],[-123.9665984396505,39.92582346233563]],[[-123.96379191927598,39.9259137890783],[-123.96332416520431,39.925928837323916],[-123.9633046001619,39.92556909217907],[-123.96377235192985,39.92555404401128],[-123.96379191927598,39.9259137890783]],[[-123.96470785488654,39.92552394235157],[-123.96424010350476,39.92553899406878],[-123.96422053404805,39.925179249162085],[-123.9646882831262,39.925164197522726],[-123.96470785488654,39.92552394235157]],[[-123.96609152920176,39.92511903195648],[-123.96562378070307,39.92513408891992],[-123.96560420452855,39.924774344329286],[-123.9660719507236,39.924759287443706],[-123.96609152920176,39.92511903195648]],[[-123.9651560320112,39.92514914410868],[-123.9646882831262,39.925164197522726],[-123.96466871155894,39.924804452776385],[-123.96513645814031,39.924789399440186],[-123.9651560320112,39.92514914410868]],[[-123.96420096478447,39.9248195043379],[-123.96326547065622,39.924849602136895],[-123.96324590619298,39.92448985723952],[-123.96418139571395,39.92445975959618],[-123.96420096478447,39.9248195043379]],[[-123.96511688446256,39.92442965485414],[-123.96418139571395,39.92445975959618],[-123.96416182683653,39.9241000149369],[-123.96509731097795,39.92406991035053],[-123.96511688446256,39.92442965485414]],[[-123.96743601795127,39.92399461782801],[-123.96650053574152,39.92402474016102],[-123.96648095553934,39.92366499597346],[-123.96741643314196,39.92363487379623],[-123.96743601795127,39.92399461782801]],[[-123.96369408447617,39.92411506456808],[-123.96322634192276,39.92413011242459],[-123.96320677784558,39.923770367692136],[-123.9636745180954,39.92375531991344],[-123.96369408447617,39.92411506456808]],[[-123.96648095553934,39.92366499597346],[-123.9660132164482,39.9236800544001],[-123.96599363874276,39.92332031021708],[-123.96646137553033,39.9233052518683],[-123.96648095553934,39.92366499597346]],[[-123.96414225815221,39.92374027036007],[-123.9636745180954,39.92375531991344],[-123.96363538591311,39.923035830851376],[-123.96410312136278,39.923020781453666],[-123.96414225815221,39.92374027036007]],[[-123.96271947582214,39.9234256689683],[-123.96225173748981,39.923440713119895],[-123.9622321784058,39.92308096839665],[-123.9626999144346,39.92306592432285],[-123.96271947582214,39.9234256689683]],[[-123.96457085661937,39.923005730281325],[-123.96410312136278,39.923020781453666],[-123.96408355325768,39.922661037124065],[-123.96455128621076,39.922645986029565],[-123.96457085661937,39.923005730281325]],[[-123.96735767987349,39.92255564219527],[-123.96688994807931,39.92257070393756],[-123.96687036634643,39.922210960157436],[-123.96733809583714,39.922195898493044],[-123.96735767987349,39.92255564219527]],[[-123.96451214597289,39.92192649777311],[-123.96404441762674,39.92194154871196],[-123.96402485010086,39.92158180462947],[-123.96449257614356,39.92156675376841],[-123.96451214597289,39.92192649777311]],[[-123.96310896035526,39.92197164526585],[-123.96264123142997,39.92198669088087],[-123.96262167081443,39.92162694656493],[-123.96308939743626,39.92161190102772],[-123.96310896035526,39.92197164526585]],[[-123.95794439398486,39.92177730433356],[-123.95747666524127,39.92179233035005],[-123.95745713015661,39.921432585261265],[-123.95792485659675,39.921417559322485],[-123.95794439398486,39.92177730433356]],[[-123.96353755883571,39.921237109637865],[-123.96306983471031,39.9212521568719],[-123.96305027217737,39.92089241279839],[-123.96351799399935,39.92087736564216],[-123.96353755883571,39.921237109637865]],[[-123.95745713015661,39.921432585261265],[-123.95698940352374,39.921447609425435],[-123.95695033853951,39.920728119339486],[-123.95741806056554,39.92071309533066],[-123.95745713015661,39.921432585261265]],[[-123.96211482795438,39.92092250178705],[-123.96117938295947,39.92095258367735],[-123.96115982983308,39.92059283937503],[-123.96209527022121,39.92056275764028],[-123.96211482795438,39.92092250178705]],[[-123.95650214641313,39.921102886653166],[-123.95603442169826,39.92111790719046],[-123.95599536631312,39.920398416958456],[-123.95646308642115,39.92038339657651],[-123.95650214641313,39.921102886653166]],[[-123.95554717130526,39.92077318071832],[-123.9550794485085,39.92078819762874],[-123.95505992551905,39.92042845239859],[-123.95552764601241,39.92041343556582],[-123.95554717130526,39.92077318071832]],[[-123.9634788649058,39.920157877897694],[-123.96301114769052,39.9201729248983],[-123.96299158573662,39.919813181071646],[-123.96345930064857,39.91979813414884],[-123.9634788649058,39.920157877897694]],[[-123.96114027689963,39.92023309515503],[-123.96067255871955,39.920248133282776],[-123.96065300828235,39.91988838906724],[-123.9611207241591,39.919873351017245],[-123.96114027689963,39.92023309515503]],[[-123.95693080633649,39.92036837441997],[-123.95646308642115,39.92038339657651],[-123.95644355671419,39.92002365166158],[-123.95691127432617,39.92000862958272],[-123.95693080633649,39.92036837441997]],[[-123.96252387063171,39.91982822621989],[-123.96205615533377,39.919843269593564],[-123.96203659817952,39.91948352569362],[-123.96250431117413,39.91946848239771],[-123.96252387063171,39.91982822621989]],[[-123.96764914137295,39.919302889022624],[-123.9671814305024,39.91931795183855],[-123.96716184820502,39.91895820887692],[-123.96762955677232,39.91894314613889],[-123.96764914137295,39.919302889022624]],[[-123.96386831684406,39.91870385493185],[-123.963400609035,39.9187189033958],[-123.96338104554988,39.91835915997586],[-123.96384875105569,39.91834411158975],[-123.96386831684406,39.91870385493185]],[[-123.96197792787447,39.91840429448713],[-123.96151022159671,39.91841933577517],[-123.9614906675175,39.91805959212631],[-123.96195837149203,39.91804455091606],[-123.96197792787447,39.91840429448713]],[[-123.96008755443651,39.918104705110046],[-123.95961984969044,39.91811973922222],[-123.9595807605364,39.9174002515491],[-123.96004846067605,39.917385217592354],[-123.96008755443651,39.918104705110046]],[[-123.9614711136312,39.91769984855963],[-123.961003411767,39.91771488791763],[-123.9609838603768,39.917355144355376],[-123.96145155993783,39.91734010507512],[-123.9614711136312,39.91769984855963]],[[-123.95909351821928,39.91705553994031],[-123.95862581999715,39.91707057027031],[-123.95860628050852,39.91671082648371],[-123.95907397642749,39.916695796231394],[-123.95909351821928,39.91705553994031]],[[-123.95860628050852,39.91671082648371],[-123.95813858439676,39.91672585496155],[-123.95811904740403,39.91636611117935],[-123.95858674121266,39.91635108277923],[-123.95860628050852,39.91671082648371]],[[-123.95905443482849,39.91633605260462],[-123.95858674121266,39.91635108277923],[-123.95856720210955,39.91599133915687],[-123.95763181890581,39.91602139402727],[-123.95761228460165,39.91566165033161],[-123.95807997399682,39.915646623861335],[-123.95850858595688,39.914912108782254],[-123.95897627036042,39.91489707891846],[-123.95905443482849,39.91633605260462]],[[-123.94923282844327,39.91665131362926],[-123.9487651307839,39.916666306539575],[-123.94874564004675,39.916306561287556],[-123.94921333540294,39.91629156845476],[-123.94923282844327,39.91665131362926]],[[-123.96277641698157,39.915856004403935],[-123.96230872721183,39.91587104869656],[-123.9622891698769,39.91551130577816],[-123.96275685734356,39.915496261563305],[-123.96277641698157,39.915856004403935]],[[-123.96554340482714,39.91504621671906],[-123.96507572082167,39.91506127150276],[-123.96505615005456,39.91470152921528],[-123.96552383175704,39.91468647450939],[-123.96554340482714,39.91504621671906]],[[-123.96180192737835,39.91516660530445],[-123.96133424182882,39.91518164589262],[-123.96131468948583,39.91482190298284],[-123.96178237273233,39.9148068624724],[-123.96180192737835,39.91516660530445]],[[-123.95806043758233,39.91528688032544],[-123.95759275049024,39.91530190671803],[-123.95757321657155,39.91494216318654],[-123.95804090136058,39.914927136871626],[-123.95806043758233,39.91528688032544]],[[-123.95757321657155,39.91494216318654],[-123.95710553158979,39.91495718772701],[-123.95708600016684,39.9145974441999],[-123.95755368284557,39.91458241973709],[-123.95757321657155,39.91494216318654]],[[-123.96503657948054,39.91434178700978],[-123.96456889988796,39.91435683986342],[-123.96454933180999,39.913997097662126],[-123.96501700909958,39.913982044886296],[-123.96503657948054,39.91434178700978]],[[-123.96410122010235,39.91437189094263],[-123.9636335401237,39.91438694024744],[-123.96361397665164,39.91402719789053],[-123.96408165432733,39.914012148663524],[-123.96410122010235,39.91437189094263]],[[-123.95893718928312,39.91417759256771],[-123.9584695094856,39.914192622276126],[-123.9584499715391,39.91383287914608],[-123.95891764903365,39.913817849515354],[-123.95893718928312,39.91417759256771]],[[-123.95753414931231,39.91422267636966],[-123.95706646893657,39.914237700754796],[-123.95704693789901,39.91387795739173],[-123.95751461597176,39.91386293308425],[-123.95753414931231,39.91422267636966]],[[-123.9584499715391,39.91383287914608],[-123.95798229385179,39.91384790700237],[-123.95796275840101,39.913488163876664],[-123.95843043378534,39.91347313609806],[-123.9584499715391,39.91383287914608]],[[-123.95517622368139,39.913938036877404],[-123.95424086541692,39.913968065973684],[-123.95422134838986,39.91360832222682],[-123.95513718060796,39.91321854977611],[-123.95517622368139,39.913938036877404]],[[-123.94535492351596,39.91425298838927],[-123.9448872404407,39.91426796656148],[-123.94486776947379,39.913908221264315],[-123.94533545024599,39.913893243169525],[-123.94535492351596,39.91425298838927]],[[-123.94486776947379,39.913908221264315],[-123.94440008850947,39.913923197584644],[-123.94438062003765,39.91356345229203],[-123.94484829869896,39.91354847604913],[-123.94486776947379,39.913908221264315]],[[-123.96215227393479,39.91299310764633],[-123.961684602396,39.91300814954242],[-123.96166504890748,39.912648407202376],[-123.96213271814338,39.91263336538406],[-123.96215227393479,39.91299310764633]],[[-123.95605300303656,39.91282877062025],[-123.95558533129464,39.91284378937155],[-123.95556580793651,39.912484046103465],[-123.9560334773755,39.912469027429815],[-123.95605300303656,39.91282877062025]],[[-123.95184395042736,39.912963875503586],[-123.95137627695277,39.91297887828528],[-123.95133727188137,39.912259390434485],[-123.9508696028202,39.91227439128669],[-123.95085010287599,39.91191464740667],[-123.95178543620011,39.91188464408296],[-123.95184395042736,39.912963875503586]],[[-123.95369512825465,39.91254410305423],[-123.95322745785285,39.91255911285596],[-123.95320794620174,39.9121993692818],[-123.95367561430065,39.91218435955767],[-123.95369512825465,39.91254410305423]],[[-123.94340633498335,39.91287390880585],[-123.94293866035189,39.912888879570694],[-123.94291919936512,39.912529134291894],[-123.94338687169363,39.91251416360444],[-123.94340633498335,39.91287390880585]],[[-123.96162594250913,39.91192892276808],[-123.96115827768604,39.91194396265652],[-123.96113872707905,39.91158422048451],[-123.96160638959931,39.91156918067379],[-123.96162594250913,39.91192892276808]],[[-123.95507861744225,39.912139319739],[-123.95412376614271,39.911809604722116],[-123.95406521910486,39.910730375202434],[-123.9545328776074,39.910715362239955],[-123.95449384260596,39.90999587645809],[-123.95496149631045,39.909980861876484],[-123.95507861744225,39.912139319739]],[[-123.95225310257358,39.911869639759544],[-123.95178543620011,39.91188464408296],[-123.95174642767739,39.91116515687887],[-123.95266224244214,39.910775403443814],[-123.95270125979131,39.91149489017388],[-123.95223359591316,39.91150989619411],[-123.95225310257358,39.911869639759544]],[[-123.95924853386651,39.91128461958282],[-123.9587808726849,39.91129965044408],[-123.95876133397756,39.91093990804727],[-123.95922899285638,39.91092487726373],[-123.95924853386651,39.91128461958282]],[[-123.96014476461278,39.9105350682918],[-123.9596771084223,39.91055010254631],[-123.95965756549501,39.91019036046863],[-123.96012521938273,39.910175326291835],[-123.96014476461278,39.9105350682918]],[[-123.95359756040979,39.910745386390566],[-123.9531299015222,39.91076039580437],[-123.95309088033734,39.910040909556976],[-123.95355853461939,39.91002590029834],[-123.95359756040979,39.910745386390566]],[[-123.93910004549313,39.9112098531422],[-123.93769705038596,39.91125471104466],[-123.93767761569057,39.91089496532499],[-123.93814527861518,39.9108800145425],[-123.93810640519393,39.910160523503386],[-123.93904172125652,39.91013061692444],[-123.93853518606126,39.90942608054407],[-123.93945104958138,39.90903642572444],[-123.9394316068254,39.9086766808051],[-123.93896395829283,39.908691636446896],[-123.93888619839761,39.90725265727827],[-123.93935383771952,39.90723770194566],[-123.93989925516617,39.90866172338899],[-123.9408345512722,39.90863180323383],[-123.94079565251954,39.90791231410443],[-123.94173093864735,39.90788238716135],[-123.94130219903744,39.90861684049476],[-123.94225695056446,39.90894665414907],[-123.94227640732866,39.90930639868625],[-123.94180875534181,39.909321365128626],[-123.94182820999524,39.90968110982498],[-123.94229586428486,39.90966614330525],[-123.94235423630508,39.91074537765338],[-123.94188657510706,39.910760344405176],[-123.94184766484058,39.910040854603174],[-123.94093180151171,39.91043052748909],[-123.94089290084027,39.90971103754146],[-123.9399381454754,39.90938121315486],[-123.93999648237799,39.910460448417496],[-123.93906116247693,39.910490362248474],[-123.93910004549313,39.9112098531422]],[[-123.95636445626843,39.909935807485724],[-123.95589680314168,39.90995082739029],[-123.95587727902162,39.909591084854966],[-123.95634492984561,39.90957606502803],[-123.95636445626843,39.909935807485724]],[[-123.9549419767958,39.9096211191859],[-123.95447432539403,39.909636133689915],[-123.95445480837466,39.90927639100359],[-123.95492245747373,39.90926137657718],[-123.9549419767958,39.9096211191859]],[[-123.94325063404187,39.90999594948886],[-123.9427829778334,39.910010919634644],[-123.94272460005664,39.90893168600974],[-123.94319224935684,39.908916716096066],[-123.94325063404187,39.90999594948886]],[[-123.93715165654694,39.90983067743366],[-123.9366840001474,39.909845624435626],[-123.93666457082448,39.90948587888893],[-123.93713222492126,39.90947093196423],[-123.93715165654694,39.90983067743366]],[[-123.958176460526,39.908796483928434],[-123.95770881507802,39.90881151069727],[-123.95768928232516,39.908451768717924],[-123.95815692547053,39.908436742026744],[-123.958176460526,39.908796483928434]],[[-123.94272460005664,39.90893168600974],[-123.94225695056446,39.90894665414907],[-123.94223749399217,39.908586909693724],[-123.94270514118165,39.908571941631756],[-123.94272460005664,39.90893168600974]],[[-123.93754157819114,39.90837674757972],[-123.9370739311943,39.90839169604698],[-123.93705450033538,39.90803195090485],[-123.93752214502955,39.90801700251484],[-123.93754157819114,39.90837674757972]],[[-123.94219858142343,39.907867421028385],[-123.94173093864735,39.90788238716135],[-123.94171148495352,39.907522642874],[-123.94217912542695,39.907507676818376],[-123.94219858142343,39.907867421028385]],[[-123.93518391964213,39.90809172672183],[-123.93471627398979,39.908106666240315],[-123.93469685483595,39.90774692079382],[-123.93516449818561,39.90773198135255],[-123.93518391964213,39.90809172672183]],[[-123.94311440579796,39.9074777393843],[-123.94264676570842,39.90749270898848],[-123.94262730760127,39.90713296493759],[-123.9430949453882,39.90711799541076],[-123.94311440579796,39.9074777393843]],[[-123.93843799626747,39.90762735558339],[-123.93750271205963,39.90765725753176],[-123.9374638466949,39.90693776781085],[-123.93793148428941,39.90692281787833],[-123.93843799626747,39.90762735558339]],[[-123.94356258298312,39.907103024109674],[-123.9430949453882,39.90711799541076],[-123.94307548517038,39.906758251518944],[-123.94354312046273,39.90674328029523],[-123.94356258298312,39.907103024109674]],[[-123.94169203145161,39.907162898668396],[-123.9412243930889,39.90717786287241],[-123.94118549126595,39.90645837455169],[-123.94165312502348,39.90644341050237],[-123.94169203145161,39.907162898668396]],[[-123.9407373058295,39.90683308102357],[-123.93980203275,39.90686300040557],[-123.93929551290393,39.906158468659434],[-123.94023077715677,39.90612855313518],[-123.9407373058295,39.90683308102357]],[[-123.94303656531069,39.9060387639805],[-123.94256893443149,39.9060537332752],[-123.94254947709211,39.90569398955113],[-123.94301710566879,39.905679020333785],[-123.94303656531069,39.9060387639805]],[[-123.93415154580552,39.90632287718355],[-123.93368391128328,39.90633781276747],[-123.93366449769239,39.90597806757528],[-123.93413212991207,39.90596313206856],[-123.93415154580552,39.90632287718355]],[[-123.93502855335431,39.90521376605626],[-123.93456092612281,39.90522870495706],[-123.93454150850145,39.904868960164315],[-123.93500913343044,39.90485402134068],[-123.93502855335431,39.90521376605626]],[[-123.93358684524397,39.90453908762338],[-123.93311922204289,39.90455402104713],[-123.9330804015726,39.90383453140671],[-123.93354802016877,39.90381959813729],[-123.93358684524397,39.90453908762338]],[[-123.93210635331111,39.903144903000346],[-123.93163873874543,39.903159830792866],[-123.93161933608758,39.902800086026794],[-123.93208694835089,39.90278515831141],[-123.93210635331111,39.903144903000346]]]},"properties":{"id":"cdfw-ds3091-7-23-9-3","source":"CDFW ds3091 predicted substrate","source_url":"https://tiledimageservices2.arcgis.com/Uq9r85Potqm3MfRV/arcgis/rest/services/biosds3091_cru/ImageServer","metadata_url":"https://filelib.wildlife.ca.gov/public/BDB/GIS/BIOS/metadata/ds3091.html","source_tile_sha256":"7c5090ccda9b979a05970c61b0215226f5ca08f0a4b82b79edf5371f9b358a9c","source_class":"Predicted hard (rugosity proxy)","display_resolution_m":40,"approx_area_m2":2752000,"fishing_target":false,"exportable":false,"depth_qualified":false,"fish_confirmed":false,"mpa_screened_at":"2026-09-23T20:44:08Z"}},{"type":"Feature","geometry":{"type":"Polygon","coordinates":[[[-123.91682139710171,39.88020857910593],[-123.91680207360633,39.87984883737838],[-123.91726954179899,39.87983396610841],[-123.9171535910227,39.877675517895376],[-123.91668613663553,39.877690388704686],[-123.91664749250293,39.876970906457544],[-123.91618004252693,39.87698577533977],[-123.91614140375802,39.87626629326093],[-123.91660884913247,39.876251424532235],[-123.91658952773302,39.87589168369022],[-123.91612208465934,39.875906552342165],[-123.9159868563023,39.87338836816144],[-123.91503268881911,39.87305835864106],[-123.91501337603592,39.872698618291984],[-123.91592890414941,39.87230914757456],[-123.91587095371081,39.87122992771],[-123.91540354035432,39.87124479359081],[-123.91485888062564,39.86982069838787],[-123.91392407136391,39.86985042066885],[-123.91390476489518,39.86949068088828],[-123.9143721673209,39.86947582071116],[-123.91435285874222,39.86911608108743],[-123.91388545861682,39.869130941187834],[-123.91431424215597,39.86839660208026],[-123.91337945091607,39.86842632020099],[-123.91334084429234,39.86770684120743],[-123.91287345298738,39.86772169745445],[-123.91289275390383,39.86808143698786],[-123.91242536010836,39.868096291538215],[-123.91250255647597,39.86953525077944],[-123.91203515328898,39.86955010386309],[-123.91207374801377,39.870269584117786],[-123.91302786564763,39.87059961596472],[-123.91306647071588,39.871319096393826],[-123.91259905621709,39.8713339516342],[-123.91261835673623,39.871693692045774],[-123.91308577353547,39.871678836728705],[-123.91316298671723,39.873117798870695],[-123.91363041252828,39.873102941473476],[-123.91421369123964,39.87524652700455],[-123.91516788363371,39.87557654333364],[-123.91477769145588,39.877030371345136],[-123.91524514200337,39.87701550778357],[-123.91528377233097,39.87773499049123],[-123.91575122728966,39.87772012500261],[-123.91588645554278,39.88023831647857],[-123.91682139710171,39.88020857910593]]]},"properties":{"id":"cdfw-ds3091-7-24-9-1","source":"CDFW ds3091 predicted substrate","source_url":"https://tiledimageservices2.arcgis.com/Uq9r85Potqm3MfRV/arcgis/rest/services/biosds3091_cru/ImageServer","metadata_url":"https://filelib.wildlife.ca.gov/public/BDB/GIS/BIOS/metadata/ds3091.html","source_tile_sha256":"b1d32ab9787bacfaa95eaba7d8742cf4f3432017fed0a89b981913f669d6aba5","source_class":"Predicted hard (rugosity proxy)","display_resolution_m":40,"approx_area_m2":212800,"fishing_target":false,"exportable":false,"depth_qualified":false,"fish_confirmed":false,"mpa_screened_at":"2026-09-23T20:44:08Z"}},{"type":"Feature","geometry":{"type":"Polygon","coordinates":[[[-123.91137481070585,39.8659675579394],[-123.9113555178315,39.8656078186562],[-123.91229027379069,39.865578115948466],[-123.91227097650636,39.865218376898525],[-123.911803600922,39.86523322906235],[-123.91174571711073,39.86415401216221],[-123.91266115546563,39.863764567867534],[-123.91260326013733,39.86268535238598],[-123.91213590084323,39.86270020578657],[-123.91209730950878,39.86198072904482],[-123.91162995462426,39.86199558051893],[-123.91159136865046,39.86127610394319],[-123.91112401817547,39.86129095349091],[-123.91106614754071,39.86021173899576],[-123.9101121745873,39.85988169415332],[-123.91009288954574,39.859521956074296],[-123.91056022890216,39.859507110455894],[-123.91052165478996,39.85878763469011],[-123.91005432003294,39.858802480155326],[-123.90999646718963,39.85772326687442],[-123.90952913914148,39.857738110336825],[-123.909490576129,39.85701863506126],[-123.90857520547289,39.85740805411171],[-123.90853665203889,39.85668857868909],[-123.90806933031934,39.856703416602635],[-123.90818497910396,39.85886184428529],[-123.90865231462129,39.85884700591245],[-123.90867159238354,39.85920674406181],[-123.90820425456648,39.8592215825112],[-123.90824280606161,39.859941059202114],[-123.90915821026253,39.859551641991786],[-123.90919677133678,39.86027111853589],[-123.91013145981901,39.860241432312094],[-123.91015074524084,39.860601170550574],[-123.91061809149654,39.86058632470239],[-123.91067595580233,39.861665539666674],[-123.9102086026471,39.86168038574466],[-123.9101893166549,39.86132064726686],[-123.90972196560939,39.86133549149508],[-123.90974124930177,39.86169523004948],[-123.90880654204072,39.861724913339636],[-123.90878726294807,39.86136517463208],[-123.9083199113323,39.861380013540824],[-123.90847413099605,39.864257926049206],[-123.90940887083666,39.86422824523337],[-123.90946672014705,39.865307463282726],[-123.91040147302755,39.86527777491436],[-123.91044004938556,39.865997253707285],[-123.91137481070585,39.8659675579394]],[[-123.91125905631299,39.863809123439395],[-123.91079168954835,39.86382397175024],[-123.91075311087234,39.86310449406963],[-123.91122047303702,39.86308964591204],[-123.91118189052182,39.86237016870412],[-123.91164924789646,39.86235531892653],[-123.91215519679581,39.86305994427719],[-123.9116878350115,39.86307479598119],[-123.91125905631299,39.863809123439395]],[[-123.91028574851745,39.86311934045404],[-123.90981838597244,39.86313418506524],[-123.90979910151958,39.86277444619156],[-123.91026646176465,39.86275960165696],[-123.91028574851745,39.86311934045404]],[[-123.91073382181958,39.862744755349155],[-123.91026646176465,39.86275960165696],[-123.91022788882947,39.86204012430225],[-123.9106952442846,39.86202527814767],[-123.91073382181958,39.862744755349155]],[[-123.90960626744744,39.8591770618437],[-123.90913893001053,39.85919190383929],[-123.9091196499486,39.8588321657665],[-123.90958698508582,39.85881732384748],[-123.90960626744744,39.8591770618437]],[[-123.90954842093285,39.85809784809406],[-123.90908109039496,39.858112689859965],[-123.90906181090324,39.85775295202616],[-123.90952913914148,39.857738110336825],[-123.90954842093285,39.85809784809406]]]},"properties":{"id":"cdfw-ds3091-7-24-9-2","source":"CDFW ds3091 predicted substrate","source_url":"https://tiledimageservices2.arcgis.com/Uq9r85Potqm3MfRV/arcgis/rest/services/biosds3091_cru/ImageServer","metadata_url":"https://filelib.wildlife.ca.gov/public/BDB/GIS/BIOS/metadata/ds3091.html","source_tile_sha256":"b1d32ab9787bacfaa95eaba7d8742cf4f3432017fed0a89b981913f669d6aba5","source_class":"Predicted hard (rugosity proxy)","display_resolution_m":40,"approx_area_m2":174400,"fishing_target":false,"exportable":false,"depth_qualified":false,"fish_confirmed":false,"mpa_screened_at":"2026-09-23T20:44:08Z"}},{"type":"Feature","geometry":{"type":"Polygon","coordinates":[[[-123.91409061308964,39.84678266425095],[-123.91403271009608,39.84570346112755],[-123.91449996017764,39.845688600691],[-123.91442274965438,39.844249664606934],[-123.91395550876803,39.844264524736964],[-123.91391690924539,39.84354505701597],[-123.91344967276628,39.843559915220055],[-123.913430375589,39.843200181401485],[-123.91389760976942,39.84318532327399],[-123.91387831048365,39.84282558961098],[-123.91341107860191,39.84284044766185],[-123.91337248519835,39.84212098041955],[-123.91290525772372,39.84213583654455],[-123.91288596360582,39.84177610296523],[-123.91101706100027,39.841835509432144],[-123.91097849172371,39.8411160418977],[-123.91051127019423,39.841130888929655],[-123.91000548915267,39.840426266663975],[-123.90860383664547,39.84047079134694],[-123.90858456416501,39.8401110574732],[-123.90765013280749,39.84014073157901],[-123.90766940069088,39.84050046560572],[-123.9072021824287,39.840515300076184],[-123.90724071416808,39.84123476851928],[-123.90770793702738,39.84121993389585],[-123.907279246667,39.84195423727801],[-123.90774647412356,39.84193940250163],[-123.9077657429565,39.84229913692294],[-123.90871947551727,39.842629196246385],[-123.9087580233276,39.84334866517783],[-123.90922525940898,39.843333824777346],[-123.90924453589781,39.84369355928504],[-123.91015973100176,39.8433041386583],[-123.91066553347318,39.84400876157488],[-123.90973105306553,39.844038451545515],[-123.90975033223314,39.84439818613472],[-123.91021757483078,39.844383341959215],[-123.91023685648722,39.844743076550955],[-123.91070410119356,39.84472823052618],[-123.91068481723835,39.84436849601099],[-123.91115205945584,39.84435364829003],[-123.91216370786766,39.84576288514616],[-123.91307891334257,39.845373442312884],[-123.91313680197224,39.84645264565866],[-123.91409061308964,39.84678266425095]],[[-123.91403271009608,39.84570346112755],[-123.91356545982427,39.84571831979133],[-123.91354616150575,39.845358585498474],[-123.9140134094787,39.84534372691129],[-123.91403271009608,39.84570346112755]],[[-123.91348826769143,39.8442793830943],[-123.91302102642464,39.84429423967889],[-123.91300173116572,39.84393450562566],[-123.91346897013375,39.84391964911766],[-123.91348826769143,39.8442793830943]],[[-123.91161930148324,39.844338798796336],[-123.91115205945584,39.84435364829003],[-123.91113277339193,39.84399391393047],[-123.91160001312058,39.84397906451335],[-123.91161930148324,39.844338798796336]],[[-123.9101404501055,39.842944404382656],[-123.90967321670283,39.84295924825201],[-123.90963466007777,39.84223977978461],[-123.91010188888309,39.842224936068355],[-123.9101404501055,39.842944404382656]],[[-123.9124573220683,39.84251042463171],[-123.9119900919147,39.84252527728794],[-123.91197080220394,39.8421655434765],[-123.91243803005888,39.84215069089686],[-123.9124573220683,39.84251042463171]],[[-123.90963466007777,39.84223977978461],[-123.90870020189706,39.84226946189915],[-123.90864238217624,39.84119025933107],[-123.90959610421274,39.84152031163306],[-123.90963466007777,39.84223977978461]],[[-123.90862310931587,39.84083052529955],[-123.90815588913499,39.84084536339176],[-123.90813661876314,39.84048562936264],[-123.90860383664547,39.84047079134694],[-123.90862310931587,39.84083052529955]]]},"properties":{"id":"cdfw-ds3091-7-24-9-3","source":"CDFW ds3091 predicted substrate","source_url":"https://tiledimageservices2.arcgis.com/Uq9r85Potqm3MfRV/arcgis/rest/services/biosds3091_cru/ImageServer","metadata_url":"https://filelib.wildlife.ca.gov/public/BDB/GIS/BIOS/metadata/ds3091.html","source_tile_sha256":"b1d32ab9787bacfaa95eaba7d8742cf4f3432017fed0a89b981913f669d6aba5","source_class":"Predicted hard (rugosity proxy)","display_resolution_m":40,"approx_area_m2":182400,"fishing_target":false,"exportable":false,"depth_qualified":false,"fish_confirmed":false,"mpa_screened_at":"2026-09-23T20:44:08Z"}},{"type":"Feature","geometry":{"type":"Polygon","coordinates":[[[-123.8957844025594,39.8545704040954],[-123.89707101700617,39.852367592911556],[-123.8947345332106,39.85244154702192],[-123.8947153259284,39.85208180824764],[-123.89424803090051,39.852096593674574],[-123.89422882610697,39.851736854903436],[-123.89376153318909,39.85175163848117],[-123.89325584025993,39.85104694267686],[-123.89185397359866,39.85109127699619],[-123.8918347808693,39.85073153808204],[-123.89136749390306,39.850746312566436],[-123.89134830366216,39.85038657365543],[-123.89039454830738,39.85005637816904],[-123.89035617796816,39.84933690043894],[-123.89082345611587,39.849322129805124],[-123.89076589512796,39.84824291403319],[-123.89029862387764,39.84825768443848],[-123.89027943955904,39.84789794593017],[-123.88887763157088,39.8479422462804],[-123.88883927729528,39.84722276904455],[-123.88837201218593,39.84723753212998],[-123.88835283763073,39.84687779355474],[-123.88695104806585,39.84692207194566],[-123.88693188059669,39.84656233322127],[-123.8864646193295,39.84657708906315],[-123.88644545434829,39.84621735034185],[-123.8859781951912,39.84623210433482],[-123.88595903269787,39.845872365616586],[-123.88500536070849,39.84554212934076],[-123.88496704586187,39.84482265199575],[-123.88449979533404,39.844837400366046],[-123.88448064049285,39.84447766173618],[-123.88401339207512,39.844492408257636],[-123.88403254461738,39.84485214696357],[-123.88309804261777,39.84488163484024],[-123.8830788946733,39.84452189598228],[-123.88119075904487,39.84422111107532],[-123.88117162067334,39.8438613720715],[-123.88070437553237,39.84387610603156],[-123.88019886322104,39.84317136014465],[-123.87879713989393,39.843215545614285],[-123.87877801358238,39.84285580646788],[-123.8778435350193,39.842885254432055],[-123.87780529215688,39.842165776072704],[-123.87687082203509,39.84219521664226],[-123.87685170548413,39.84183547742931],[-123.87591723920617,39.841864910756215],[-123.87589812744108,39.84150517147048],[-123.87449643350769,39.84154930793784],[-123.87447732882714,39.84118956850354],[-123.8735428698608,39.84121898379987],[-123.873523769966,39.84085924429285],[-123.87305654249913,39.84087394920615],[-123.87255112481391,39.840169173266304],[-123.87161667813389,39.84019857392621],[-123.87159758799844,39.8398388343528],[-123.87113036667485,39.83985353194795],[-123.87062497465116,39.83914874855725],[-123.86922332277923,39.83919282493405],[-123.86920424470121,39.83883308521859],[-123.86826981377693,39.83886246045502],[-123.8682507404841,39.83850272066697],[-123.86778352703857,39.83851740555049],[-123.86727817657759,39.837812609019046],[-123.86587654834086,39.837856647261695],[-123.86583842605623,39.83713716748062],[-123.86490401548652,39.837166517143245],[-123.86439870217758,39.836461709395905],[-123.86348334885528,39.83685078819205],[-123.86346429967497,39.836491048120315],[-123.86299709814205,39.83650571482364],[-123.86249180781779,39.835800899544836],[-123.86155741300725,39.83583022378606],[-123.8610521412581,39.83512540289982],[-123.85965056086268,39.835169370196155],[-123.85963153100808,39.834809629913615],[-123.85867812266646,39.83447919207571],[-123.85864007308831,39.83375971160206],[-123.8577057028571,39.8337890065757],[-123.8576866829459,39.8334292663059],[-123.85579893889695,39.83312809418764],[-123.85583696014555,39.8338475752524],[-123.85536977399919,39.83386221299019],[-123.85591300489104,39.83528653832612],[-123.85780080522503,39.835587709105134],[-123.857819826261,39.835947449847204],[-123.85828702526062,39.83593280279365],[-123.85830604878254,39.83629254353896],[-123.85877324989315,39.836277894637284],[-123.85927850761651,39.83698272538795],[-123.86068012305144,39.83693876227625],[-123.86069915862844,39.837298502880266],[-123.86163357257742,39.83726918512487],[-123.86165261293912,39.83762892565656],[-123.86258703073452,39.837599600659466],[-123.86260607588099,39.83795934111883],[-123.86449397294182,39.83826040978633],[-123.8649992996215,39.83896521794376],[-123.86593373317682,39.83893586752458],[-123.86597185734014,39.83965534809421],[-123.8669062993385,39.83962599028166],[-123.86692536629933,39.83998573053349],[-123.86785981214328,39.839956365478834],[-123.86787888388939,39.840316105658175],[-123.86881333357883,39.840286733361346],[-123.8688324101103,39.84064647346819],[-123.87023409013032,39.84060240150049],[-123.87025317374595,39.84096214145909],[-123.87072040234185,39.840947447182],[-123.87073948844434,39.84130718714379],[-123.87120671915083,39.841292491018265],[-123.87122580774019,39.84165223098322],[-123.87169304055729,39.8416375330092],[-123.87219846012451,39.84234231312624],[-123.8731329340129,39.842312908011316],[-123.87315203236194,39.84267264791012],[-123.8745537486791,39.84262852671475],[-123.87505920272838,39.84333329553213],[-123.87646093057862,39.84328915260863],[-123.87648004558447,39.84364889221358],[-123.8783681469988,39.84394974924042],[-123.87887364702537,39.84465450299043],[-123.88076178431619,39.84495532350815],[-123.8812673144174,39.845660067881475],[-123.88220182712254,39.84563059388313],[-123.88224011513667,39.84635007245707],[-123.88270737580419,39.846335332646674],[-123.88272652239333,39.846695071976384],[-123.8836610477602,39.84666558688505],[-123.88368019913615,39.84702532614191],[-123.88414746383549,39.84701058086097],[-123.88465304086054,39.84771531225434],[-123.88558757851135,39.84768581252397],[-123.88562590097764,39.84840529098379],[-123.88656044706939,39.84837578385767],[-123.88706605684858,39.849080505955605],[-123.88800061100329,39.84905098788781],[-123.88798143780217,39.84869124884025],[-123.888935164402,39.84902146272846],[-123.88897352056796,39.849740940756924],[-123.88944080158213,39.84972617536563],[-123.88945998224789,39.85008591442266],[-123.88899269893452,39.8501006798901],[-123.88906941429123,39.851539637216305],[-123.89000399912302,39.85151010389921],[-123.8900231830335,39.85186984327688],[-123.89049047746508,39.85185507388274],[-123.89052885045206,39.85257455272395],[-123.89193074640794,39.85253023344662],[-123.89243643682019,39.853234935357584],[-123.89337104199718,39.853205376457],[-123.89335184123445,39.85284563729509],[-123.89381914123965,39.852830855261566],[-123.89383834430177,39.85319059434724],[-123.89430564641705,39.8531758104645],[-123.89434405770804,39.853895288721695],[-123.89387675099391,39.85391007275696],[-123.89389595462393,39.854269812081036],[-123.8943632636375,39.85425502796952],[-123.89438246975632,39.854614767296844],[-123.8957844025594,39.8545704040954]]]},"properties":{"id":"cdfw-ds3091-7-24-10-1","source":"CDFW ds3091 predicted substrate","source_url":"https://tiledimageservices2.arcgis.com/Uq9r85Potqm3MfRV/arcgis/rest/services/biosds3091_cru/ImageServer","metadata_url":"https://filelib.wildlife.ca.gov/public/BDB/GIS/BIOS/metadata/ds3091.html","source_tile_sha256":"b73c1aaa72b0ec7cde900f8f0ec7c12955280ab2a93058daa09a546f300925c5","source_class":"Predicted hard (rugosity proxy)","display_resolution_m":40,"approx_area_m2":736000,"fishing_target":false,"exportable":false,"depth_qualified":false,"fish_confirmed":false,"mpa_screened_at":"2026-09-23T20:44:08Z"}},{"type":"Feature","geometry":{"type":"Polygon","coordinates":[[[-123.83411662250383,39.73219487455461],[-123.83365008165882,39.73220942896998],[-123.83363120654978,39.731849707413836],[-123.83269812888652,39.73187881078508],[-123.83226932642796,39.73261280345062],[-123.83180278254798,39.732627350860646],[-123.83184051535824,39.73334679494227],[-123.8313739667084,39.73336134073164],[-123.83139283109992,39.73372106295866],[-123.82999317716013,39.733764689930545],[-123.82997431964499,39.73340496747947],[-123.8290412206747,39.73343404312776],[-123.82898466299534,39.73235487577262],[-123.829451205697,39.73234033905748],[-123.82941349692106,39.731620894674904],[-123.83081311016036,39.73157727435731],[-123.83077538837475,39.73085783071988],[-123.83170845377161,39.73082874195687],[-123.83167072356073,39.730109298915124],[-123.83120419553899,39.730123844032235],[-123.83114366380252,39.72896945000385],[-123.83115385592656,39.72897513052615],[-123.83123163521324,39.72901458920446],[-123.8313197029343,39.72905510899243],[-123.83140167393607,39.72908915111139],[-123.83149402202207,39.72912355641058],[-123.83157955230752,39.72915191874129],[-123.83167544789745,39.72917993712567],[-123.83169232560795,39.72918422472136],[-123.83169938542697,39.7291868923156],[-123.83187104340922,39.729242217182296],[-123.83201520965098,39.72928036480958],[-123.83210461905688,39.72929909199867],[-123.8322034819747,39.729316283840426],[-123.83229466114652,39.72932896023943],[-123.83239504647875,39.72933947201738],[-123.83248730637631,39.72934600435623],[-123.83258850768361,39.72934976484863],[-123.83268115567321,39.72935010338337],[-123.83278240085247,39.729347082480956],[-123.83287473800878,39.72934122444805],[-123.83297527048296,39.72933144363882],[-123.83306660147716,39.72931943256419],[-123.83316565867209,39.72930296477895],[-123.83325529356573,39.72928489116908],[-123.83335209840072,39.72926186809946],[-123.83343936163092,39.72923787013226],[-123.83344547797067,39.7292359535027],[-123.83345493440994,39.729235494442634],[-123.83356316370813,39.7292263170003],[-123.83366091145146,39.72921444822965],[-123.83376757309752,39.72919753216204],[-123.83386346213723,39.729178690946895],[-123.83396760721413,39.72915418627059],[-123.83406080028305,39.72912853773347],[-123.83416153705315,39.72909665442749],[-123.83425122653253,39.72906442034442],[-123.8343476712144,39.729025437357755],[-123.83443307284908,39.72898689961162],[-123.83452438325833,39.728941157865314],[-123.83460475681352,39.728896650847204],[-123.83469013873518,39.72884454921931],[-123.83476478351442,39.72879446120904],[-123.83484350739373,39.728736443479136],[-123.83491177390614,39.728681209046485],[-123.8349831309086,39.72861779835131],[-123.83504442537225,39.728557899737126],[-123.83510781730794,39.72848962838048],[-123.83516160523364,39.72842558651543],[-123.83521646573689,39.7283530634539],[-123.83526228091796,39.72828543450373],[-123.83530814210219,39.72820927823451],[-123.83534558391182,39.728138652218185],[-123.83538203847982,39.728059539232255],[-123.8354107826582,39.727986529659226],[-123.83543752036316,39.72790513285786],[-123.83545731541643,39.727830376036],[-123.83546656617236,39.72779099131468],[-123.83548151750912,39.7277181330156],[-123.83548759138938,39.72768441591995],[-123.83549719700626,39.727622526130176],[-123.83550437315587,39.72755453349826],[-123.83550787200146,39.72749226165143],[-123.83550804587979,39.72746742437749],[-123.83620378324628,39.72744570731794],[-123.8362226698768,39.727805427535266],[-123.83668918210421,39.727790863397274],[-123.83670807121236,39.72815058361392],[-123.83577504198817,39.72817971026956],[-123.83627933088364,39.728884588631914],[-123.83674584998636,39.72887002426956],[-123.83678362950394,39.72958946522181],[-123.83631710581754,39.72960402973373],[-123.83637376961252,39.7306831919428],[-123.83590723886458,39.73069775490911],[-123.83592612487607,39.73105747586869],[-123.83499305823868,39.73108659664092],[-123.83501193985212,39.731446317824265],[-123.8340788678875,39.73147543166607],[-123.83411662250383,39.73219487455461]],[[-123.83629821825765,39.72924430914574],[-123.8358316966772,39.72925887181294],[-123.83585058194527,39.729618592475695],[-123.83631710581754,39.72960402973373],[-123.83629821825765,39.72924430914574]],[[-123.834059990858,39.731115710333206],[-123.83359345688899,39.731130264524374],[-123.8336123316265,39.73148998593198],[-123.8340788678875,39.73147543166607],[-123.834059990858,39.731115710333206]],[[-123.83452652464123,39.73110115437207],[-123.83450764550557,39.73074143318819],[-123.8340411140143,39.73075598907461],[-123.834059990858,39.731115710333206],[-123.83452652464123,39.73110115437207]]]},"properties":{"id":"cdfw-ds3091-7-25-10-1","source":"CDFW ds3091 predicted substrate","source_url":"https://tiledimageservices2.arcgis.com/Uq9r85Potqm3MfRV/arcgis/rest/services/biosds3091_cru/ImageServer","metadata_url":"https://filelib.wildlife.ca.gov/public/BDB/GIS/BIOS/metadata/ds3091.html","source_tile_sha256":"ad65645bb2c1ce8c4210a4805b2eac43488f480a742601cdfe66e89121b0fcd7","source_class":"Predicted hard (rugosity proxy)","display_resolution_m":40,"approx_area_m2":186073,"fishing_target":false,"exportable":false,"depth_qualified":false,"fish_confirmed":false,"mpa_screened_at":"2026-09-23T20:44:08Z"}},{"type":"Feature","geometry":{"type":"Polygon","coordinates":[[[-123.82966777653705,39.718641873405176],[-123.83013423160028,39.71862733421681],[-123.83017194076677,39.71934677282284],[-123.83063840022692,39.71933223171551],[-123.83106714117014,39.71859825053104],[-123.83153359567673,39.718583706033634],[-123.83151473449826,39.71822398706513],[-123.83198118652808,39.71820944087271],[-123.83196232324403,39.71784972205256],[-123.83289522216452,39.71782062450808],[-123.83295182632052,39.71889978074154],[-123.83201891365303,39.71892887873409],[-123.83203777749391,39.719288597775375],[-123.83298956335287,39.71961921859909],[-123.83304617029385,39.72069837593856],[-123.83351263780541,39.720683823914264],[-123.83353150944842,39.7210435431003],[-123.83306503964555,39.72105809519929],[-123.833102778906,39.72177753394222],[-123.83405460198296,39.722108147008456],[-123.8340734766602,39.722467866415094],[-123.83453995525713,39.72245331047773],[-123.83455883241153,39.72281302988357],[-123.83502531311413,39.72279847210172],[-123.83506307256319,39.7235179109855],[-123.8355295576629,39.72350335128437],[-123.83556732243811,39.72422279031432],[-123.83510083275536,39.72423735016496],[-123.83511971313015,39.72459706986559],[-123.83605269689288,39.724567948245024],[-123.83562397099452,39.725301949413904],[-123.83515747443712,39.725316509488785],[-123.8351763553693,39.72567622941136],[-123.83470985633448,39.72569078779115],[-123.83467209923909,39.72497134787049],[-123.83420560460168,39.724985904330936],[-123.83422252321665,39.72530831980855],[-123.83418690150751,39.72528170887689],[-123.83411899977786,39.72523495518559],[-123.83404566899836,39.72518845500467],[-123.83397306297044,39.725146110619015],[-123.83389512150423,39.72510438324637],[-123.83381829715889,39.725066727288095],[-123.83377025831214,39.72504441177124],[-123.83373591516919,39.72502931329682],[-123.83365967157346,39.72499008749629],[-123.83360771331796,39.724964853257745],[-123.83351121425646,39.724920677231424],[-123.83340490360109,39.72487755263443],[-123.83330733663973,39.72484279355126],[-123.83325337076491,39.724824825005456],[-123.8331261283181,39.724785358822324],[-123.83307779767381,39.72477131802092],[-123.83298872163637,39.72474716144668],[-123.83288989004006,39.72472409283349],[-123.83279839585255,39.724706101837704],[-123.83269729686589,39.7246898577486],[-123.83260409865547,39.724678173274036],[-123.83250155863547,39.724668884925606],[-123.83240738490369,39.72466359678897],[-123.83235579445343,39.72466158358671],[-123.83217408547176,39.72465759848439],[-123.83214751408717,39.724657249107274],[-123.83205816785006,39.72465685874968],[-123.83193745689799,39.72466115488629],[-123.83184853734093,39.724667889764795],[-123.83174585873566,39.724679833421625],[-123.83164301171122,39.724673452316104],[-123.8315483475116,39.72467097751829],[-123.83144005304933,39.724672023150696],[-123.83138621857165,39.72467447238527],[-123.83126932855062,39.72468436601608],[-123.83115432269517,39.72470327882178],[-123.83104236830044,39.72473101884035],[-123.83093460169312,39.72476730451468],[-123.83083211669866,39.72481176754992],[-123.83073595354,39.724863956651404],[-123.83064708828,39.724923342104596],[-123.83056642291483,39.724989321151256],[-123.83049477621864,39.72506122410688],[-123.83047291525396,39.72508845182651],[-123.83045478317227,39.724742571778805],[-123.8309212770035,39.72472802955172],[-123.83090241725267,39.72436830917875],[-123.830435925713,39.724382851331164],[-123.83039821135117,39.72366341065772],[-123.83086469830776,39.72364886865461],[-123.83084583911369,39.723289148503476],[-123.82944638456169,39.72333276897941],[-123.82938982871607,39.72225360829753],[-123.82843802484119,39.72192295908935],[-123.82841917803196,39.72156323893443],[-123.82795270389647,39.72157777164083],[-123.82793385956408,39.72121805148516],[-123.82746738753453,39.721232582347206],[-123.82742970400872,39.72051314210816],[-123.82647793165664,39.72018247806671],[-123.8264402584084,39.7194630379721],[-123.82548850420125,39.71913236647657],[-123.82545084122995,39.71841292652622],[-123.8249843866039,39.71842744794316],[-123.8249655576874,39.71806772800402],[-123.82356619957127,39.71811128141319],[-123.82306210754756,39.7174063554236],[-123.82166276095612,39.717449887149726],[-123.82164394863338,39.71709016691014],[-123.82071105456244,39.717119179063644],[-123.82069224700703,39.716759458748825],[-123.8197593567781,39.71678846367482],[-123.81875127409528,39.71537857980847],[-123.81781840071507,39.71540756998208],[-123.8173143827465,39.714702621552824],[-123.81591508448093,39.71474608778605],[-123.8158963011307,39.71438636724251],[-123.8149634392782,39.714415335734635],[-123.81445945567457,39.71371037601387],[-123.81399302886831,39.71372485568729],[-123.81397425523627,39.713365135067086],[-123.81208979104449,39.713063314923964],[-123.81205226303106,39.71234387345674],[-123.81111942571458,39.712372812744086],[-123.81061549324963,39.71166783811458],[-123.80968266398918,39.711696766487684],[-123.80966391208275,39.71133704563998],[-123.80873108666597,39.71136596678652],[-123.80867484579838,39.7102868042387],[-123.80958890630197,39.70989816298329],[-123.809570155318,39.70953844250257],[-123.81003655629586,39.70952397964608],[-123.8100178032057,39.709164259312935],[-123.81096935769803,39.709495048624674],[-123.81098811555412,39.70985476888273],[-123.81192092079948,39.70982583063489],[-123.8119396834216,39.7101855508178],[-123.81240608805811,39.710171078965374],[-123.81244361843765,39.710890519402845],[-123.81384284498385,39.71084709278294],[-123.81388038984673,39.71156653306832],[-123.81483199307402,39.71189729294783],[-123.81485077054892,39.71225701312548],[-123.81625002181394,39.712213559070975],[-123.81628759106322,39.71293299920067],[-123.8172204334793,39.712904020685876],[-123.81772443814413,39.7136089687516],[-123.8186384920732,39.713220259445194],[-123.81861969571683,39.712860539641966],[-123.81908611609282,39.71284604242155],[-123.81906731763053,39.7124863227662],[-123.8195337355307,39.71247182385065],[-123.81951493496254,39.71211210434318],[-123.81998135038688,39.712097603732495],[-123.82001895628987,39.71281704267207],[-123.82095179574692,39.71278803584439],[-123.8204101558816,39.71136366285529],[-123.821342976642,39.71133465308399],[-123.82132416746569,39.71097493409451],[-123.82179057527757,39.71096042662902],[-123.82188463446374,39.71275902193849],[-123.82235105354452,39.712744512331234],[-123.82229461060507,39.71166535514865],[-123.82324625317597,39.71199604991078],[-123.82326507207075,39.71235576882268],[-123.82279865565107,39.712370281894565],[-123.82285510657383,39.71344943929452],[-123.82332152986609,39.713434925999195],[-123.8232838911507,39.712715487808055],[-123.82421672801621,39.71268645620672],[-123.82464549445147,39.71195250030143],[-123.82511190783956,39.711937980225926],[-123.82509307996678,39.71157826168544],[-123.82602590160559,39.71154921637492],[-123.82604473405995,39.71190893476637],[-123.8255783210424,39.711923458380916],[-123.82561598192534,39.712642895533136],[-123.82608239952452,39.71262837176953],[-123.82606356669959,39.71226865323122],[-123.82652998182265,39.712254127772624],[-123.8264923121471,39.7115346910654],[-123.8274251326741,39.71150563513784],[-123.82738745457684,39.710786199022465],[-123.8283202651995,39.71075713631513],[-123.82837679636789,39.7118362901509],[-123.82929077150364,39.711447502048614],[-123.82932846866855,39.712166937860985],[-123.82886205465775,39.712181473936724],[-123.82888090122755,39.71254119202765],[-123.82934731752917,39.712526655877305],[-123.82940386522381,39.71360581036705],[-123.82987028821253,39.713591272223354],[-123.82992684444909,39.71467042715071],[-123.82946041458766,39.71468496551823],[-123.82953581633605,39.71612384008282],[-123.83000225536148,39.716109301416815],[-123.83002110855334,39.716469020167324],[-123.82908822573492,39.716498095878904],[-123.82912592351083,39.717217533899245],[-123.83003996193071,39.716828738991424],[-123.83005881549359,39.71718845788918],[-123.83052526120672,39.71717391722967],[-123.8304686942014,39.71609476098121],[-123.83093513285579,39.71608021877597],[-123.83097284858923,39.716799656052025],[-123.83143929164017,39.716785111927905],[-123.83145815207631,39.71714483060174],[-123.8309917067343,39.71715937480052],[-123.8310105650649,39.71751909362264],[-123.83007766924197,39.71754817686057],[-123.83011537729531,39.71826761502437],[-123.82964892452327,39.71828215413809],[-123.82966777653705,39.718641873405176]],[[-123.82098941155353,39.713507474780144],[-123.82145583558622,39.713492968563095],[-123.82141821519787,39.71277352977621],[-123.82095179574692,39.71278803584439],[-123.82098941155353,39.713507474780144]],[[-123.82963007269501,39.71792243494472],[-123.82916362202862,39.71793697221417],[-123.8291824715657,39.71829669148216],[-123.82964892452327,39.71828215413809],[-123.82963007269501,39.71792243494472]],[[-123.83211323471379,39.72072747467795],[-123.83257970259665,39.72071292619312],[-123.83256083572194,39.72035320693148],[-123.83209437013038,39.72036775534165],[-123.83211323471379,39.72072747467795]],[[-123.83205664152044,39.719648316890364],[-123.8315901803258,39.719662863381444],[-123.83162790435317,39.72038230198206],[-123.83209437013038,39.72036775534165],[-123.83205664152044,39.719648316890364]],[[-123.82811765430478,39.71580772648775],[-123.82765121682857,39.71582225800068],[-123.82767005837978,39.716181977050574],[-123.82813649814699,39.716167445463086],[-123.82811765430478,39.71580772648775]],[[-123.82761353428238,39.71510282012167],[-123.82807996717655,39.71508828875791],[-123.82806112389056,39.714728570003324],[-123.82759469328735,39.7147431012925],[-123.82761353428238,39.71510282012167]],[[-123.82757585247772,39.71438338253689],[-123.82710942398008,39.714397911981905],[-123.82712826249876,39.71475763081211],[-123.82759469328735,39.7147431012925],[-123.82757585247772,39.71438338253689]],[[-123.82335916932216,39.71415436448434],[-123.82289274144807,39.714168877928635],[-123.8229115591629,39.714528597355965],[-123.82337798932797,39.71451408383719],[-123.82335916932216,39.71415436448434]],[[-123.82569130591457,39.71408177071924],[-123.82615773267729,39.714067246657486],[-123.82613889911113,39.71370752782528],[-123.82567247463933,39.71372205181248],[-123.82569130591457,39.71408177071924]],[[-123.82660532339762,39.71369300206848],[-123.82658648772589,39.7133332833843],[-123.8261200657303,39.71334780906653],[-123.82613889911113,39.71370752782528],[-123.82660532339762,39.71369300206848]],[[-123.82705290953615,39.71331875593253],[-123.82707174749878,39.71367847454216],[-123.82800459514502,39.713649414180786],[-123.82798575260064,39.7132896957203],[-123.82891859492352,39.71326062842987],[-123.8288997479828,39.71290091019204],[-123.82750049109295,39.712944508249606],[-123.8274628115128,39.71222507154684],[-123.82792922607985,39.71221054077967],[-123.82791038427702,39.71185082261303],[-123.82697755953917,39.71187988222873],[-123.82658648772589,39.7133332833843],[-123.82705290953615,39.71331875593253]],[[-123.82565364354939,39.713362332979216],[-123.82518722118321,39.71337685512232],[-123.82520604998227,39.713736574030115],[-123.82567247463933,39.71372205181248],[-123.82565364354939,39.713362332979216]],[[-123.8251307358976,39.71229769883983],[-123.8246643202187,39.71231221898984],[-123.82472079863176,39.71339137549586],[-123.82518722118321,39.71337685512232],[-123.8251307358976,39.71229769883983]],[[-123.82427320011234,39.71376561315672],[-123.82380677489955,39.71378013006565],[-123.8238255970111,39.71413984927049],[-123.8242920245148,39.71412533228704],[-123.82427320011234,39.71376561315672]]]},"properties":{"id":"cdfw-ds3091-7-25-10-2","source":"CDFW ds3091 predicted substrate","source_url":"https://tiledimageservices2.arcgis.com/Uq9r85Potqm3MfRV/arcgis/rest/services/biosds3091_cru/ImageServer","metadata_url":"https://filelib.wildlife.ca.gov/public/BDB/GIS/BIOS/metadata/ds3091.html","source_tile_sha256":"ad65645bb2c1ce8c4210a4805b2eac43488f480a742601cdfe66e89121b0fcd7","source_class":"Predicted hard (rugosity proxy)","display_resolution_m":40,"approx_area_m2":1109990,"fishing_target":false,"exportable":false,"depth_qualified":false,"fish_confirmed":false,"mpa_screened_at":"2026-09-23T20:44:08Z"}},{"type":"Feature","geometry":{"type":"Polygon","coordinates":[[[-123.8397846245083,39.724451390969925],[-123.84017549341345,39.722997938278326],[-123.84064197417659,39.72298335918436],[-123.84066088149144,39.72334307776565],[-123.84112736435995,39.72332849682703],[-123.84116518413079,39.72404793406164],[-123.84163167139616,39.72403335120351],[-123.84206032953871,39.723299329640454],[-123.84299329397295,39.723270155374756],[-123.84301221293111,39.72362987365561],[-123.84441166506049,39.72358609875901],[-123.8443548881217,39.72250694481236],[-123.8448213649181,39.72249234986536],[-123.84487814873117,39.723571503587216],[-123.84534463221556,39.72355690664566],[-123.84573538580428,39.722103437052425],[-123.84526891167175,39.72211803546397],[-123.8452310525175,39.721398600316256],[-123.84476458278137,39.72141319680822],[-123.84474565577494,39.72105347927013],[-123.84521212321981,39.721038882853094],[-123.84519319410835,39.72067916546375],[-123.84612612385666,39.72064996747042],[-123.84610719034897,39.720290250304714],[-123.84517426518318,39.72031944814817],[-123.84466994961171,39.71961460985558],[-123.84513640789159,39.71960001373826],[-123.84511747952519,39.71924029664394],[-123.84605039094377,39.71921109925011],[-123.84601252560512,39.71849166558227],[-123.84647897645267,39.71847706438074],[-123.84690755335605,39.717743028336265],[-123.84595572899434,39.7174125156331],[-123.84599359321524,39.71813194885891],[-123.84506069554348,39.718161145803116],[-123.84500391323797,39.717081995625314],[-123.84453747099593,39.717096591218215],[-123.8446320976475,39.718895175590774],[-123.84416564376377,39.71890976978859],[-123.84408995123451,39.71747090184359],[-123.84317597950819,39.71785980135659],[-123.84315706123735,39.717500084331064],[-123.84269061595954,39.71751467292033],[-123.84218634367654,39.71680982561034],[-123.84358566576367,39.716766060291775],[-123.84356674576024,39.71640634356199],[-123.84403318379263,39.71639175165812],[-123.84405210608706,39.71675146831302],[-123.8468318080763,39.716304163073296],[-123.84677500107284,39.71522501489875],[-123.8472414309286,39.71521041083255],[-123.84720355594278,39.714490979233815],[-123.84813640593174,39.714461766092555],[-123.84809852252782,39.71374233508765],[-123.84901241660395,39.71335339992584],[-123.84847022595896,39.711929150160785],[-123.84938409539608,39.711540212651826],[-123.84945988596525,39.712979072292946],[-123.84992630095766,39.712964458059346],[-123.849907350745,39.71260474311395],[-123.85037376326024,39.71259012718585],[-123.85033585881277,39.71187069766531],[-123.85080226656012,39.71185608011774],[-123.8507833123254,39.71149636554257],[-123.85124971759558,39.71148174630055],[-123.85121180510436,39.71076231752034],[-123.85167820560673,39.710747696658885],[-123.85165924735028,39.710387982453824],[-123.85072645074023,39.710417222257234],[-123.85022214994557,39.70971241086451],[-123.84975575575552,39.709727026192596],[-123.84977470447666,39.71008674055108],[-123.84884191095615,39.71011596604895],[-123.84882296681613,39.70975625154052],[-123.84928936137902,39.70974163975127],[-123.84923252320571,39.708662496890625],[-123.84969891071061,39.70864788355689],[-123.84966101494612,39.70792845549935],[-123.8487282489118,39.7079576800975],[-123.84870930589007,39.70759796602864],[-123.84962311992729,39.70720902773469],[-123.8496041726975,39.70684931396215],[-123.84867142040568,39.70687853811045],[-123.84865247794303,39.706518824261146],[-123.84911885189176,39.70650421314664],[-123.84908096294484,39.70578478581737],[-123.84816716382201,39.706173719755206],[-123.84812928440913,39.7054542922724],[-123.84717761447563,39.70512379142345],[-123.84721548435462,39.705843219059744],[-123.8462827439417,39.70587242506493],[-123.84633953641521,39.706951567517464],[-123.84587315905827,39.70696616809077],[-123.84589208796486,39.70732588246288],[-123.8463584676122,39.707311281814654],[-123.84639633056496,39.70803071062863],[-123.84546356192224,39.70805991045535],[-123.84538785508514,39.706621052520944],[-123.84492147964617,39.70663564948063],[-123.84495932811149,39.70735507845122],[-123.84449294790552,39.70736967379135],[-123.84443618235801,39.706290530220556],[-123.8453689288414,39.70626133822028],[-123.84527430041553,39.70446276781403],[-123.84480793871843,39.704477364324404],[-123.84486470834455,39.70555650657348],[-123.84439833959044,39.70557110153916],[-123.84441726088114,39.70593081584329],[-123.84395088965056,39.70594540911452],[-123.8434466849999,39.70524057178184],[-123.84251395076949,39.70526974917822],[-123.84255177484216,39.705989178312194],[-123.8420854028672,39.706003764506065],[-123.84217995485292,39.707802338995485],[-123.84122828125243,39.70747179162952],[-123.84128500037544,39.70855093743097],[-123.84081861180933,39.708565518840494],[-123.84078080345566,39.70784608808335],[-123.84031441928457,39.70786066757383],[-123.84027661625575,39.707141236959934],[-123.83981023647961,39.70715581453145],[-123.83979133753455,39.70679609925951],[-123.84072409232002,39.70676694249674],[-123.84074299584593,39.70712665761906],[-123.84120937525012,39.7071120765088],[-123.8411715638035,39.70639264648694],[-123.8416379384409,39.70637806375695],[-123.84160012315753,39.70565863417738],[-123.84206649302817,39.70564404982768],[-123.8420475833752,39.70528433522243],[-123.84111484802852,39.705313502002845],[-123.84113375310085,39.70567321675774],[-123.84020101242957,39.70570237661043],[-123.8401821119379,39.70534266170594],[-123.83971574361368,39.705357238903495],[-123.83973464181501,39.705716953882785],[-123.83880190002812,39.705746103119445],[-123.83825996464971,39.704321814708095],[-123.83779360245282,39.704336384604055],[-123.83781249093529,39.70469609966307],[-123.83734612626229,39.70471066786446],[-123.83691752976466,39.7054446649328],[-123.83596591063566,39.70511407728372],[-123.83592815180725,39.70439464649481],[-123.83546178868149,39.704409207544224],[-123.83503317503715,39.70514319791201],[-123.8341004386959,39.70517231146296],[-123.83411930922735,39.70553202726585],[-123.83318656756276,39.70556113388879],[-123.83316770161203,39.70520141793657],[-123.83270133279167,39.70521596851936],[-123.83279565294951,39.70701454938532],[-123.83232927249159,39.707029098571994],[-123.83234813478944,39.70738881503937],[-123.83094898543087,39.70743245220696],[-123.83098669684028,39.70815188580924],[-123.83052030876868,39.708166428142185],[-123.83053916246114,39.70852614512781],[-123.83100555282326,39.70851160272024],[-123.83106212188535,39.70959075389295],[-123.83059572465142,39.70960529652437],[-123.8306334337058,39.71032473115531],[-123.83016703170505,39.71033927216653],[-123.83029900320375,39.71285729620859],[-123.83076542123975,39.712842754675044],[-123.83082199010857,39.71392190871365],[-123.83035556519997,39.71393645047108],[-123.83037441956975,39.714296168705566],[-123.8313072737832,39.71426708327187],[-123.83134499224306,39.71498651966291],[-123.83087856064724,39.71500106341382],[-123.83093513285579,39.71608021877597],[-123.83140157132459,39.71606567480112],[-123.83190573450553,39.71677056603412],[-123.83237217718526,39.71675601837071],[-123.83280088561754,39.71602203225889],[-123.8337337608847,39.71599292838268],[-123.83382812034237,39.71779151988496],[-123.83522746621638,39.71774784967786],[-123.83524634553842,39.718107567975125],[-123.83431344389255,39.7181366833656],[-123.83435119392927,39.71885612048008],[-123.83339941184695,39.718525510347234],[-123.83343715309033,39.719244947907946],[-123.83437006922621,39.71921583914787],[-123.83438894470889,39.71957555788941],[-123.8339224844426,39.71959011322899],[-123.83453995525713,39.72245331047773],[-123.83500643366831,39.722438752770636],[-123.83502531311413,39.72279847210172],[-123.83549179363095,39.72278391255007],[-123.83551067555402,39.72314363188027],[-123.83597715817649,39.72312907048409],[-123.83648141418257,39.723833945901234],[-123.83694790101627,39.72381938081595],[-123.83692901184713,39.72345966156221],[-123.83786198037394,39.72343052623181],[-123.83788087412606,39.72379024533597],[-123.8388138464921,39.72376110277678],[-123.83885164372012,39.7244805409076],[-123.8397846245083,39.724451390969925]],[[-123.83972791519629,39.723372234333524],[-123.83926143176964,39.723386809962776],[-123.83924253132912,39.72302709115697],[-123.83970901246428,39.72301251560255],[-123.83972791519629,39.723372234333524]],[[-123.83879494815703,39.723401383822235],[-123.83832846435847,39.723415955911925],[-123.83830956850083,39.72305623695649],[-123.83877605000797,39.72304166494162],[-123.83879494815703,39.723401383822235]],[[-123.84390733430769,39.72288125597283],[-123.8434408548474,39.722895847455234],[-123.84342193397016,39.72253612939708],[-123.84388841113905,39.72252153798959],[-123.84390733430769,39.72288125597283]],[[-123.84250789536833,39.72292502511069],[-123.84204141534956,39.72293961128376],[-123.8420035875296,39.72222017479197],[-123.8424700629656,39.722205588768645],[-123.84250789536833,39.72292502511069]],[[-123.84155602343303,39.72259447732938],[-123.84108954533346,39.72260905988804],[-123.84107063609932,39.72224934152935],[-123.84153711190751,39.72223475904553],[-123.84155602343303,39.72259447732938]],[[-123.84015658857608,39.72263821969608],[-123.83969010991834,39.72265279694545],[-123.83967120755837,39.72229307836222],[-123.84013768392474,39.72227850118768],[-123.84015658857608,39.72263821969608]],[[-123.83967120755837,39.72229307836222],[-123.83920473100603,39.72230765376699],[-123.83918583112346,39.7219479351828],[-123.83965230538442,39.72193335985285],[-123.83967120755837,39.72229307836222]],[[-123.84011877945942,39.72191878275314],[-123.83965230538442,39.72193335985285],[-123.8396334033965,39.72157364141734],[-123.84009987518012,39.721559064392466],[-123.84011877945942,39.72191878275314]],[[-123.84383164275037,39.721442384482934],[-123.84336517245558,39.721456975665696],[-123.84334625232307,39.72109725790288],[-123.84381272032657,39.72108266679501],[-123.84383164275037,39.721442384482934]],[[-123.84289870197459,39.72147156507873],[-123.84243223130743,39.72148615272203],[-123.84241331575757,39.72112643480943],[-123.84287978413339,39.72111184724101],[-123.84289870197459,39.72147156507873]],[[-123.83730104168882,39.72164649999556],[-123.83683456878954,39.721661066401964],[-123.83681568073563,39.72130134759147],[-123.83728215134356,39.72128678125984],[-123.83730104168882,39.72164649999556]],[[-123.83590162243338,39.72169019390554],[-123.83543514897657,39.721704755002705],[-123.83537850599437,39.72062559811984],[-123.83584497257719,39.720611037246925],[-123.83590162243338,39.72169019390554]],[[-123.84241331575757,39.72112643480943],[-123.84194684719559,39.721141020608115],[-123.84192793412312,39.720781302694455],[-123.8423944003938,39.720766716970644],[-123.84241331575757,39.72112643480943]],[[-123.83914803191625,39.72122849823594],[-123.83821509200176,39.72125764328735],[-123.83819619725975,39.72089792477503],[-123.8391291325916,39.72086877987322],[-123.83914803191625,39.72122849823594]],[[-123.84379379808897,39.7207229491809],[-123.84332733237675,39.72073754021387],[-123.8433084126166,39.720377822598635],[-123.84377487603754,39.72036323164056],[-123.84379379808897,39.7207229491809]],[[-123.84192793412312,39.720781302694455],[-123.84146146766635,39.72079588664853],[-123.84140473643936,39.71971673312563],[-123.8418711960224,39.71970214939612],[-123.84192793412312,39.720781302694455]],[[-123.84052853419455,39.72082504924758],[-123.84006206717957,39.7208396278925],[-123.84004316345835,39.720479909753244],[-123.84050962818202,39.720465331183156],[-123.84052853419455,39.72082504924758]],[[-123.8395955999786,39.72085420476772],[-123.8391291325916,39.72086877987322],[-123.83911023345294,39.7205090615843],[-123.83957669854864,39.72049448655365],[-123.8395955999786,39.72085420476772]],[[-123.83679679286756,39.72094162885479],[-123.83633032436511,39.72095619334193],[-123.83629255376916,39.72023675594043],[-123.83675901768903,39.72022219160282],[-123.83674013037856,39.7198624730875],[-123.83767305307826,39.719833339252716],[-123.83769194497125,39.720193057618495],[-123.83722548142308,39.72020762549552],[-123.83679679286756,39.72094162885479]],[[-123.83537850599437,39.72062559811984],[-123.83444557227138,39.72065471455651],[-123.83442669623149,39.720294995593704],[-123.83535962537188,39.720265879306496],[-123.83537850599437,39.72062559811984]],[[-123.84466994961171,39.71961460985558],[-123.84420349114562,39.71962920420322],[-123.84418456736158,39.71926948695906],[-123.84465102353651,39.719254892686344],[-123.84466994961171,39.71961460985558]],[[-123.84280411463014,39.71967297662801],[-123.84233765541933,39.71968756389692],[-123.84231874080008,39.71932784635319],[-123.84278519771969,39.71931325915916],[-123.84280411463014,39.71967297662801]],[[-123.8400053565739,39.71976047369601],[-123.83953889624671,39.719775050346726],[-123.83951999537473,39.71941533235395],[-123.83998645341069,39.71940075577803],[-123.8400053565739,39.71976047369601]],[[-123.84091936892463,39.71937159731714],[-123.83998645341069,39.71940075577803],[-123.83996755043351,39.719041037933756],[-123.84090046136505,39.71901187962254],[-123.84091936892463,39.71937159731714]],[[-123.83905353715274,39.719429907160176],[-123.83858707874482,39.71944448019671],[-123.83856818264121,39.719084762128],[-123.83903463875795,39.719070189166246],[-123.83905353715274,39.719429907160176]],[[-123.83672124325393,39.71950275464596],[-123.83625478391653,39.71951731883405],[-123.83623589926897,39.71915760039146],[-123.83670235631514,39.71914303627812],[-123.83672124325393,39.71950275464596]],[[-123.83950109468871,39.71905561443485],[-123.83903463875795,39.719070189166246],[-123.83901574054909,39.71871047124609],[-123.83948219418869,39.71869589658947],[-123.83950109468871,39.71905561443485]],[[-123.83576944203698,39.719172162735084],[-123.83483652701557,39.71920128211329],[-123.83479877202501,39.71848184500087],[-123.83573167788167,39.718452725921594],[-123.83576944203698,39.719172162735084]],[[-123.84321381660837,39.71857923562865],[-123.84228091211995,39.718608411486855],[-123.84226199805904,39.71824869416424],[-123.8431948979652,39.71821951845579],[-123.84321381660837,39.71857923562865]],[[-123.84134800688706,39.718637580266375],[-123.84088155399151,39.71865216200167],[-123.84086264680404,39.71829244445448],[-123.84132909740845,39.71827786279405],[-123.84134800688706,39.718637580266375]],[[-123.83808283271205,39.71873961525027],[-123.83761637851465,39.718754184597856],[-123.83759748736524,39.71839446652702],[-123.83806393927146,39.718379897254216],[-123.83808283271205,39.71873961525027]],[[-123.84086264680404,39.71829244445448],[-123.84039619601359,39.71830702434524],[-123.84035838677899,39.71758758932221],[-123.84082483298721,39.71757300958114],[-123.84086264680404,39.71829244445448]],[[-123.83853039099182,39.71836532621174],[-123.83806393927146,39.718379897254216],[-123.83802615294803,39.71766046148311],[-123.83849260008611,39.71764589059023],[-123.83853039099182,39.71836532621174]],[[-123.83666458299514,39.71842359976364],[-123.8361981305313,39.71843816372746],[-123.83617924644119,39.71807844550599],[-123.83664569661389,39.71806388161692],[-123.83666458299514,39.71842359976364]],[[-123.83991084261793,39.71796188484318],[-123.83944439374659,39.717976461119825],[-123.83940659404836,39.717257025944846],[-123.83987303833753,39.717242449817824],[-123.83991084261793,39.71796188484318]],[[-123.83895904703827,39.71763131792768],[-123.83849260008611,39.71764589059023],[-123.83847370491216,39.71728617288996],[-123.83894014957323,39.71727160030222],[-123.83895904703827,39.71763131792768]],[[-123.84173881363401,39.71718412761351],[-123.84127237008896,39.71719871081904],[-123.84125346135457,39.71683899364133],[-123.8417199026086,39.71682441051065],[-123.84173881363401,39.71718412761351]],[[-123.83567503304218,39.717373571254015],[-123.83474214093229,39.71740268988491],[-123.83472326427288,39.71704297166026],[-123.83565615180058,39.71701385317881],[-123.83567503304218,39.717373571254015]],[[-123.84078701991452,39.716853575002396],[-123.8403205782884,39.716868154593826],[-123.84030167432215,39.71650843734003],[-123.84076811365722,39.71649385782342],[-123.84078701991452,39.716853575002396]],[[-123.83892125229413,39.7169118827504],[-123.83845480992413,39.71692645526335],[-123.83843591512202,39.71656673771034],[-123.83890235520097,39.71655216527218],[-123.83892125229413,39.7169118827504]],[[-123.83472326427288,39.71704297166026],[-123.83425682023041,39.71705752824653],[-123.83423794604782,39.716697810020754],[-123.8347043877992,39.7166832535092],[-123.83472326427288,39.71704297166026]],[[-123.84310030754168,39.716420933696234],[-123.84263386913699,39.7164355220609],[-123.84261495390169,39.71607580525498],[-123.84308139001541,39.716061216965194],[-123.84310030754168,39.716420933696234]],[[-123.84030167432215,39.71650843734003],[-123.83983523480109,39.71652301508703],[-123.83981633331182,39.71616329783206],[-123.84028277054189,39.716148720159886],[-123.84030167432215,39.71650843734003]],[[-123.83796947485713,39.71658130837886],[-123.83750303440638,39.71659587727778],[-123.83748414437223,39.71623615964882],[-123.83795058253196,39.716221590824695],[-123.83796947485713,39.71658130837886]],[[-123.83657015294723,39.716625009766744],[-123.83563727074477,39.71665413517722],[-123.83561838987477,39.71629441724927],[-123.83655126749514,39.71626529198828],[-123.83657015294723,39.716625009766744]],[[-123.83517082936487,39.71666869522803],[-123.8347043877992,39.7166832535092],[-123.83466663540906,39.715963817428026],[-123.83420019823973,39.715978373790136],[-123.83418132461425,39.715618655785214],[-123.83324845430049,39.715647763051265],[-123.8327442859171,39.714942877792645],[-123.83367714743835,39.71491377436453],[-123.83369601840144,39.71527349229701],[-123.83602818040949,39.715200702385474],[-123.8365323822289,39.71590557428342],[-123.83559950919053,39.71593469939492],[-123.83517082936487,39.71666869522803]],[[-123.84588000278792,39.71597365006501],[-123.84541356779138,39.715988248972366],[-123.84535678196528,39.714909100344066],[-123.845823210089,39.714894501661504],[-123.84588000278792,39.71597365006501]],[[-123.8449471326086,39.716002846110115],[-123.8444806972396,39.71601744147827],[-123.84446177302658,39.71565772504548],[-123.84492820610463,39.71564312975222],[-123.8449471326086,39.716002846110115]],[[-123.83888345829378,39.71619244786757],[-123.83841702050583,39.71620702023095],[-123.83839812607555,39.71584730282515],[-123.83886456157249,39.715832730536576],[-123.83888345829378,39.71619244786757]],[[-123.8439953397623,39.71567231856915],[-123.84259603885255,39.71571608852262],[-123.84257712398949,39.715356371863834],[-123.84304355552128,39.715341783723794],[-123.84302463855343,39.714982067213434],[-123.8439574964767,39.71495288577438],[-123.8439953397623,39.71567231856915]],[[-123.84073030170072,39.71577442368636],[-123.84026386694764,39.7157890030533],[-123.84024496353938,39.71542928602028],[-123.8407113960015,39.71541470672817],[-123.84073030170072,39.71577442368636]],[[-123.83746525452395,39.71587644209347],[-123.83699881846933,39.715891009073246],[-123.83697993109791,39.71553129151669],[-123.83744636486153,39.715516724611696],[-123.83746525452395,39.71587644209347]],[[-123.83837923183117,39.71548758549292],[-123.83791279843929,39.7155021559371],[-123.83787501509018,39.7147827213438],[-123.83834144390016,39.714768151049164],[-123.83837923183117,39.71548758549292]],[[-123.8420917798856,39.7150112415742],[-123.84162535027255,39.715025826100224],[-123.84158753064061,39.71430639285092],[-123.84205395567186,39.7142918084746],[-123.8420917798856,39.7150112415742]],[[-123.84720355594278,39.714490979233815],[-123.84673713066877,39.714505583150114],[-123.8467181957462,39.714145867386044],[-123.84718461872934,39.71413126354471],[-123.84720355594278,39.714490979233815]],[[-123.84533785372906,39.71454938428172],[-123.84487142770998,39.71456398111981],[-123.84483357637797,39.71384454906579],[-123.84529999781533,39.71382995237752],[-123.84533785372906,39.71454938428172]],[[-123.83461000821684,39.71488466385808],[-123.83414357792043,39.7148992199961],[-123.83412470485209,39.71453950221184],[-123.83459113285757,39.71452494614852],[-123.83461000821684,39.71488466385808]],[[-123.83227785487804,39.714957426852315],[-123.83181142365333,39.71497197414241],[-123.83179256203968,39.71461225598476],[-123.83225899097341,39.71459770876933],[-123.83227785487804,39.714957426852315]],[[-123.84438607803644,39.71421886004968],[-123.84345322964901,39.714248044728286],[-123.84388181213961,39.71351402106716],[-123.84294897254325,39.713543201907136],[-123.842930056506,39.713183485764304],[-123.84432930874888,39.713139712074636],[-123.84438607803644,39.71421886004968]],[[-123.83972182865526,39.71436471266065],[-123.83877008075505,39.7140341449849],[-123.83873228972955,39.713314711278805],[-123.83968402809442,39.71364527910678],[-123.83972182865526,39.71436471266065]],[[-123.83692327009867,39.71445213928844],[-123.83599041575957,39.714481267341185],[-123.83597153371329,39.71412154992935],[-123.83688549702833,39.713732704837234],[-123.83692327009867,39.71445213928844]],[[-123.83412470485209,39.71453950221184],[-123.8336582766609,39.71455405650559],[-123.83363940606914,39.714194338720155],[-123.83410583196942,39.714179784501134],[-123.83412470485209,39.71453950221184]],[[-123.83319184828406,39.71456860902975],[-123.83272541972156,39.71458315978433],[-123.83270655371165,39.71422344184956],[-123.83317297998323,39.71420889116964],[-123.83319184828406,39.71456860902975]],[[-123.8476321022082,39.713756942393125],[-123.84669926100993,39.71378615169549],[-123.84668032645997,39.71342643607842],[-123.84761316307664,39.71339722692595],[-123.8476321022082,39.713756942393125]],[[-123.83503868321282,39.71415067075435],[-123.83410583196942,39.714179784501134],[-123.83408695927245,39.71382006686393],[-123.8350198059341,39.713790953266574],[-123.83503868321282,39.71415067075435]],[[-123.83224012725444,39.71423799075989],[-123.83177370061162,39.71425253790067],[-123.83175483936911,39.713892819890106],[-123.83222126372104,39.71387827282398],[-123.83224012725444,39.71423799075989]],[[-123.84574748909814,39.71345563815277],[-123.84481465099128,39.71348483314901],[-123.84477680077656,39.71276540153582],[-123.84524321534151,39.71275080507229],[-123.84574748909814,39.71345563815277]],[[-123.84015044928805,39.71363070195831],[-123.83968402809442,39.71364527910678],[-123.83966512809295,39.71328556244008],[-123.84013154699574,39.71327098536641],[-123.84015044928805,39.71363070195831]],[[-123.83362053566309,39.713834621008274],[-123.83315411186803,39.713849173383075],[-123.8331352439385,39.713489455669986],[-123.83360166544267,39.71347490336988],[-123.83362053566309,39.713834621008274]],[[-123.83175483936911,39.713892819890106],[-123.83128841483165,39.71390736518666],[-123.83126955606559,39.71354764717495],[-123.83173597831221,39.713533101953026],[-123.83175483936911,39.713892819890106]],[[-123.8415308025881,39.71322724352822],[-123.84106438424334,39.713241825910494],[-123.8410454775554,39.71288210954169],[-123.84151189360935,39.71286752723426],[-123.8415308025881,39.71322724352822]],[[-123.8373330307901,39.713358421265404],[-123.83640019056789,39.71338755240876],[-123.83638130678811,39.713027835292124],[-123.8372952542531,39.71263898740458],[-123.8373330307901,39.713358421265404]],[[-123.84804169881977,39.71266318913134],[-123.84757528537249,39.71267779621193],[-123.84755634679993,39.71231808096508],[-123.84802275795646,39.712303473959444],[-123.84804169881977,39.71266318913134]],[[-123.8410454775554,39.71288210954169],[-123.8405790613154,39.7128966900796],[-123.84056015710429,39.71253697370945],[-123.84102657105349,39.71252239324636],[-123.8410454775554,39.71288210954169]],[[-123.83964622827745,39.712925845846826],[-123.83917981147951,39.712940421076176],[-123.83916091414075,39.712580704481596],[-123.8396273286479,39.71256612932705],[-123.83964622827745,39.712925845846826]],[[-123.83871339449566,39.71295499453598],[-123.83824697732587,39.71296956622626],[-123.83822808456871,39.71260984948213],[-123.83869449944767,39.71259527786662],[-123.83871339449566,39.71295499453598]],[[-123.83544847040434,39.713056959207876],[-123.8349820519338,39.71307151851144],[-123.8349254223264,39.7119923669297],[-123.83585824533696,39.71196324700136],[-123.83587712626857,39.71232296397238],[-123.83541071256542,39.71233752489604],[-123.83544847040434,39.713056959207876]],[[-123.84475787594849,39.71240568583941],[-123.84429146348809,39.71242028045855],[-123.84427254113696,39.712060564760634],[-123.84473895130664,39.712045970216394],[-123.84475787594849,39.71240568583941]],[[-123.84056015710429,39.71253697370945],[-123.84009374296907,39.71255155240299],[-123.84007484123472,39.712191836031444],[-123.84054125307917,39.71217725741269],[-123.84056015710429,39.71253697370945]],[[-123.83449675884684,39.712726358703435],[-123.8340303422957,39.712740914393244],[-123.83401147034148,39.71238119704994],[-123.83447788460185,39.71236664143482],[-123.83449675884684,39.712726358703435]],[[-123.83263109152823,39.71278457084549],[-123.83169825675515,39.71281366629933],[-123.83167939625496,39.71245394858268],[-123.83261222644644,39.712424853278144],[-123.83263109152823,39.71278457084549]],[[-123.84753740841369,39.71195836579162],[-123.84707099936155,39.7119729709528],[-123.84705206345238,39.71161325577779],[-123.8475184702138,39.711598650691556],[-123.84753740841369,39.71195836579162]],[[-123.8466045901231,39.71198757434449],[-123.84567177108735,39.712016775819436],[-123.84565284205026,39.71165706041964],[-123.84658565650462,39.71162785909457],[-123.8466045901231,39.71198757434449]],[[-123.85031690686874,39.71151098301513],[-123.84985050122562,39.711525598718225],[-123.84983155175873,39.71116588406643],[-123.85029795511119,39.711151268438336],[-123.85031690686874,39.71151098301513]],[[-123.83305977407677,39.712050585552355],[-123.83212694883808,39.7120796842466],[-123.83210808641826,39.711719966751474],[-123.83304090707546,39.711690868206546],[-123.83305977407677,39.712050585552355]],[[-123.85076435827719,39.71113665104078],[-123.85029795511119,39.711151268438336],[-123.8502790035401,39.71079155393487],[-123.85074540441546,39.71077693661235],[-123.85076435827719,39.71113665104078]],[[-123.84330188525824,39.711370317065516],[-123.84283547911153,39.71138490615154],[-123.84281656419095,39.7110251904492],[-123.84328296804699,39.711010601438026],[-123.84330188525824,39.711370317065516]],[[-123.84143625955487,39.711428662792734],[-123.84096985266389,39.71144324480083],[-123.84042783283421,39.71001896117345],[-123.84182702601929,39.70997521604705],[-123.84143625955487,39.711428662792734]],[[-123.84050344558689,39.711457825039446],[-123.8400370383239,39.71147240350856],[-123.84001813714745,39.71111268735722],[-123.84048454211975,39.7110981089629],[-123.84050344558689,39.711457825039446]],[[-123.836305773527,39.71158896756002],[-123.83583936459112,39.71160353010373],[-123.83582048403105,39.711243813279495],[-123.83628689067622,39.71122925081051],[-123.836305773527,39.71158896756002]],[[-123.83397372699011,39.71166176258362],[-123.83350731712561,39.711676316279835],[-123.83348844801917,39.71131659908209],[-123.83395485559294,39.71130204546056],[-123.83397372699011,39.71166176258362]],[[-123.84421577520064,39.7109814181073],[-123.8437493717169,39.7109960106574],[-123.8437304524011,39.71063629517813],[-123.84419685359423,39.71062170270291],[-123.84421577520064,39.7109814181073]],[[-123.84281656419095,39.7110251904492],[-123.84235016014883,39.711039777690864],[-123.84233124770499,39.71068006198702],[-123.84279764945647,39.71066547482018],[-123.84281656419095,39.7110251904492]],[[-123.831156407366,39.71138934064736],[-123.83068999867866,39.71140388365192],[-123.83067114350219,39.71104416607968],[-123.8311375498988,39.71102962314975],[-123.831156407366,39.71138934064736]],[[-123.84699525684262,39.710534110693004],[-123.84652885676685,39.71054871378496],[-123.84649099120638,39.70982928394529],[-123.84695738670095,39.709814681003195],[-123.84699525684262,39.710534110693004]],[[-123.84559605605646,39.71057791466052],[-123.84512965542193,39.7105925124441],[-123.8451107294204,39.71023279726285],[-123.84557712776433,39.71021819955418],[-123.84559605605646,39.71057791466052]],[[-123.8437304524011,39.71063629517813],[-123.84326405102183,39.71065088588389],[-123.84324513418284,39.71029117040312],[-123.84371153327146,39.71027657977223],[-123.8437304524011,39.71063629517813]],[[-123.83766721995985,39.71082583633474],[-123.8372008161628,39.71084040403744],[-123.83716304222747,39.71012097120425],[-123.83762944144323,39.71010640365108],[-123.83766721995985,39.71082583633474]],[[-123.8451107294204,39.71023279726285],[-123.84464433089025,39.7102473932021],[-123.84462540736554,39.70988767801925],[-123.84509180360509,39.70987308215492],[-123.8451107294204,39.71023279726285]],[[-123.84789017713123,39.70978546981071],[-123.84742378200926,39.70980007629167],[-123.8474048449273,39.70944036163165],[-123.84787123775871,39.709425755225645],[-123.84789017713123,39.70978546981071]],[[-123.84275982054581,39.70994604378224],[-123.84229342337558,39.70996063079938],[-123.84221777694958,39.7085217693037],[-123.84268416495757,39.70850718258598],[-123.84275982054581,39.70994604378224]],[[-123.83949503644757,39.71004811574379],[-123.83902863797533,39.71006269037479],[-123.83900974212395,39.70970297436724],[-123.83947613830557,39.709688399811036],[-123.83949503644757,39.71004811574379]],[[-123.8385622393172,39.710077263236336],[-123.83762944144323,39.71010640365108],[-123.83761055246369,39.70974668741922],[-123.83854334575642,39.709717547154],[-123.8385622393172,39.710077263236336]],[[-123.8366966428259,39.71013553698798],[-123.83623024323853,39.71015010100223],[-123.83621136113085,39.70979038454617],[-123.83667775842761,39.70977582060664],[-123.8366966428259,39.71013553698798]],[[-123.83296544092637,39.7102519995572],[-123.8324990398534,39.71026654941576],[-123.83248017607085,39.70990683236216],[-123.83294657485318,39.709892282578245],[-123.83296544092637,39.7102519995572]],[[-123.84507287797598,39.70951336712031],[-123.84460648402701,39.709527962909746],[-123.84458756087466,39.70916824787354],[-123.84505395253309,39.709153652158996],[-123.84507287797598,39.70951336712031]],[[-123.84367369557059,39.709557149180355],[-123.84320730106316,39.7095717396615],[-123.84316946868793,39.708852309213135],[-123.84363585861425,39.708837718881696],[-123.84361694041529,39.708478003842266],[-123.84408332786498,39.7084634118163],[-123.84412116903009,39.70918284181868],[-123.84365477699936,39.70919743399439],[-123.84367369557059,39.709557149180355]],[[-123.83714415553855,39.70976125489766],[-123.83667775842761,39.70977582060664],[-123.83665887421512,39.709416104298626],[-123.83712526903545,39.70940153866437],[-123.83714415553855,39.70976125489766]],[[-123.84178920701531,39.70925578500299],[-123.84132281405417,39.70927036833158],[-123.8413039071218,39.70891065284464],[-123.8417702977924,39.70889606959089],[-123.84178920701531,39.70925578500299]],[[-123.84085642090696,39.709284949890716],[-123.84039002757378,39.70929952968045],[-123.84035222305724,39.70858009848062],[-123.84081861180933,39.708565518840494],[-123.84085642090696,39.709284949890716]],[[-123.83805805811869,39.709372402087595],[-123.83759166366998,39.7093869712607],[-123.83753499840392,39.70830782322486],[-123.83844888074078,39.70791896784183],[-123.83805805811869,39.709372402087595]],[[-123.84874719211992,39.7083173942396],[-123.84828080653274,39.70833200395956],[-123.84826186561509,39.707972289742486],[-123.8487282489118,39.7079576800975],[-123.84874719211992,39.7083173942396]],[[-123.84548248909702,39.708419625121984],[-123.84501610220588,39.708434222456155],[-123.84499717732155,39.708074507714606],[-123.84546356192224,39.70805991045535],[-123.84548248909702,39.708419625121984]],[[-123.84454971512851,39.70844881802092],[-123.84408332786498,39.7084634118163],[-123.84404548744443,39.70774398210692],[-123.84451187012702,39.70772938846131],[-123.84454971512851,39.70844881802092]],[[-123.84035222305724,39.70858009848062],[-123.83988583411917,39.70859467635128],[-123.83986693443036,39.708234960786484],[-123.8403333210779,39.70822038299061],[-123.84035222305724,39.70858009848062]],[[-123.8338227610114,39.708784027653195],[-123.83335636947213,39.708798580752],[-123.83333750185083,39.708438864140945],[-123.83380389109955,39.70842431111681],[-123.8338227610114,39.708784027653195]],[[-123.84779548213203,39.707986897618085],[-123.84732909846262,39.708001503724326],[-123.8472912263481,39.70728207521008],[-123.84775760543664,39.70726746925373],[-123.84779548213203,39.707986897618085]],[[-123.84311272152088,39.70777316409],[-123.84264633827993,39.70778775242744],[-123.84262742522024,39.70742803745801],[-123.84309380617074,39.70741344919541],[-123.84311272152088,39.70777316409]],[[-123.83982913561057,39.70751552987658],[-123.83936275335807,39.70753010575349],[-123.83934385651753,39.707170390333566],[-123.83981023647961,39.70715581453145],[-123.83982913561057,39.70751552987658]],[[-123.83842998829529,39.70755925219914],[-123.83796360548509,39.70757382276789],[-123.8379258257326,39.706854391552696],[-123.8383922039619,39.70683982113345],[-123.83842998829529,39.70755925219914]],[[-123.83656445593947,39.70761752385778],[-123.83609807238601,39.707632087348955],[-123.8360791915787,39.70727237140579],[-123.8365455728417,39.70725780798932],[-123.83656445593947,39.70761752385778]],[[-123.84354126948062,39.70703914441691],[-123.84307489100667,39.70705373437403],[-123.84303706123683,39.706334304950836],[-123.84350343513002,39.70631971514343],[-123.84354126948062,39.70703914441691]],[[-123.83701195391893,39.7072432428035],[-123.8365455728417,39.70725780798932],[-123.8365266899297,39.70689809219411],[-123.83699306871647,39.706883527083015],[-123.83701195391893,39.7072432428035]],[[-123.8379258257326,39.706854391552696],[-123.83745944731744,39.70686896020253],[-123.8374405600104,39.706509244629956],[-123.83790693613513,39.70649467605485],[-123.8379258257326,39.706854391552696]],[[-123.83419479320968,39.70697089120898],[-123.83372841330859,39.7069854457038],[-123.83369067552695,39.70626601343655],[-123.83462342598176,39.70623690297622],[-123.83419479320968,39.70697089120898]],[[-123.84303706123683,39.706334304950836],[-123.84257068715759,39.706348892988885],[-123.84255177484216,39.705989178312194],[-123.84301814663105,39.70597459034898],[-123.84303706123683,39.706334304950836]],[[-123.84023881397077,39.70642180663886],[-123.83977243877546,39.70643638406078],[-123.83975354020227,39.706076668935204],[-123.84021991310718,39.70606209158806],[-123.84023881397077,39.70642180663886]],[[-123.83785026845773,39.70541553000037],[-123.8373838992041,39.705430098351265],[-123.8373650126403,39.70507038307128],[-123.83783137960361,39.705055814795145],[-123.83785026845773,39.70541553000037]]]},"properties":{"id":"cdfw-ds3091-7-25-10-3","source":"CDFW ds3091 predicted substrate","source_url":"https://tiledimageservices2.arcgis.com/Uq9r85Potqm3MfRV/arcgis/rest/services/biosds3091_cru/ImageServer","metadata_url":"https://filelib.wildlife.ca.gov/public/BDB/GIS/BIOS/metadata/ds3091.html","source_tile_sha256":"ad65645bb2c1ce8c4210a4805b2eac43488f480a742601cdfe66e89121b0fcd7","source_class":"Predicted hard (rugosity proxy)","display_resolution_m":40,"approx_area_m2":2209600,"fishing_target":false,"exportable":false,"depth_qualified":false,"fish_confirmed":false,"mpa_screened_at":"2026-09-23T20:44:08Z"}},{"type":"Feature","geometry":{"type":"Polygon","coordinates":[[[-123.809513903473,39.708459281500474],[-123.80942015408758,39.70666068129614],[-123.80895377125015,39.70667514178953],[-123.80893502421696,39.70631542189423],[-123.80940140476389,39.70630096147501],[-123.80936390666989,39.705581522052384],[-123.81076303346086,39.705538130623545],[-123.810781789287,39.70589785007562],[-123.81124816680544,39.70588338265303],[-123.81167702350974,39.705149474926934],[-123.81121065075673,39.70516394397045],[-123.81119189300921,39.704804224738915],[-123.80932640931371,39.70486208292246],[-123.80930766091231,39.70450236346724],[-123.80884129181766,39.70451682351549],[-123.80880380014892,39.70379738467606],[-123.80833743545061,39.70381184280664],[-123.80831869218319,39.703452123422394],[-123.80736722831168,39.70312131476775],[-123.80725480116871,39.700962999545034],[-123.8095865330499,39.700890711858875],[-123.81009038133216,39.701595686239294],[-123.81148943143532,39.701552286643334],[-123.81150818981229,39.70191200514294],[-123.81244089353883,39.70188306308406],[-123.81240336780866,39.7011636264548],[-123.8114706732429,39.701192568216726],[-123.81143315741163,39.700473131582484],[-123.81096681443223,39.700487599661095],[-123.81094805908353,39.7001278813792],[-123.80954903590877,39.70017127477694],[-123.80997787616795,39.699437375438514],[-123.80904520265845,39.69946629876586],[-123.80906394847784,39.69982601719864],[-123.80859760915638,39.699840476282624],[-123.8085788656271,39.699480757775696],[-123.80344914611736,39.69963969011413],[-123.8034678644555,39.6999994094363],[-123.80393420580401,39.699984969814054],[-123.80402781170784,39.70178356714914],[-123.8044941643231,39.70176912538724],[-123.80455033694635,39.70284828444218],[-123.80548305536585,39.70281939516586],[-123.80550178452265,39.70317911484877],[-123.80645324070748,39.70350993795464],[-123.80647197481349,39.70386965763548],[-123.80600560919338,39.70388410691932],[-123.80608053829893,39.705322986670424],[-123.80654691308065,39.70530853709006],[-123.80656564810823,39.70566825713658],[-123.80565162441047,39.70605687494416],[-123.80568908622516,39.70677631569978],[-123.80708823805632,39.70673296606906],[-123.80710697611177,39.70709268633428],[-123.8066405900618,39.707107138054745],[-123.80669679846247,39.708186299512434],[-123.80716319138419,39.7081718475695],[-123.80718193017707,39.70853156812783],[-123.80764832520507,39.708517114341284],[-123.80762958412156,39.70815739385712],[-123.8090287612273,39.70811402210324],[-123.80904750918269,39.708473742364845],[-123.809513903473,39.708459281500474]],[[-123.81098556996545,39.70084731801595],[-123.81051922451144,39.700861784399535],[-123.81050047126836,39.700502065970475],[-123.81096681443223,39.700487599661095],[-123.81098556996545,39.70084731801595]]]},"properties":{"id":"cdfw-ds3091-7-25-10-4","source":"CDFW ds3091 predicted substrate","source_url":"https://tiledimageservices2.arcgis.com/Uq9r85Potqm3MfRV/arcgis/rest/services/biosds3091_cru/ImageServer","metadata_url":"https://filelib.wildlife.ca.gov/public/BDB/GIS/BIOS/metadata/ds3091.html","source_tile_sha256":"ad65645bb2c1ce8c4210a4805b2eac43488f480a742601cdfe66e89121b0fcd7","source_class":"Predicted hard (rugosity proxy)","display_resolution_m":40,"approx_area_m2":318400,"fishing_target":false,"exportable":false,"depth_qualified":false,"fish_confirmed":false,"mpa_screened_at":"2026-09-23T20:44:08Z"}},{"type":"Feature","geometry":{"type":"Polygon","coordinates":[[[-123.80951153950541,39.699451837986814],[-123.80947404383978,39.69873240148829],[-123.80900771157293,39.69874686211901],[-123.80902645702349,39.69910658040597],[-123.80669478147334,39.699178857392035],[-123.80665731365701,39.69845942014953],[-123.80572465130692,39.69848831826291],[-123.80570592225521,39.698128599602754],[-123.80523959309379,39.698143045931516],[-123.80520214012307,39.69742360868158],[-123.80566846470451,39.69740916250101],[-123.80561227976025,39.69633000739459],[-123.80607859728768,39.696315559667134],[-123.80609732770812,39.69667527788903],[-123.80749628605449,39.696631923869354],[-123.80751502352894,39.6969916419417],[-123.807981344899,39.696977186989336],[-123.80794386555465,39.696257751065716],[-123.80747754876437,39.69627220586982],[-123.80697376234218,39.695567222975704],[-123.80790638694765,39.695538315433204],[-123.80740260144705,39.694833334599245],[-123.807868909078,39.69481888009171],[-123.80785017041964,39.694459162530016],[-123.80878278054898,39.69443024835585],[-123.80876403749546,39.69407053101515],[-123.80783143194567,39.69409944504104],[-123.80781269365598,39.69373972762475],[-123.80827899423332,39.69372527157048],[-123.80824151362752,39.69300583710417],[-123.80777521762957,39.69302029301016],[-123.80775647989284,39.692660575811836],[-123.80729018600024,39.69267502987464],[-123.80678642616138,39.69197004769309],[-123.80587257482297,39.6923586640265],[-123.80577893561716,39.6905600780047],[-123.8048463736489,39.69058896931976],[-123.8048276509394,39.69022925218493],[-123.80436137196857,39.69024369511488],[-123.80479020607291,39.6895098181328],[-123.80385765710506,39.68953870192748],[-123.80335395195176,39.68883370696488],[-123.80242141103714,39.68886257984953],[-123.80245883227246,39.68958201435208],[-123.80106000578353,39.689625310855725],[-123.80109741401799,39.69034474609225],[-123.80018355276147,39.69073331975397],[-123.80016485294736,39.690373601878946],[-123.79923229114102,39.690402450589566],[-123.79919490122272,39.689683014761286],[-123.79824365773457,39.689352138146766],[-123.79816889915557,39.68791326705847],[-123.79770263363517,39.68792768470471],[-123.79766526002739,39.68720824944738],[-123.79719899890192,39.68722266517685],[-123.79665801089716,39.68579820890017],[-123.79619175856143,39.685812620796185],[-123.79617307963618,39.6854529033439],[-123.79570682940597,39.68546731339714],[-123.79572550604198,39.685827030923285],[-123.79432674738152,39.685870250691146],[-123.79434541733335,39.68622996851123],[-123.79387916178993,39.686244371636526],[-123.7939538342762,39.687683243936114],[-123.79442009897701,39.68766884051544],[-123.79445744090067,39.688388276952026],[-123.79492370999668,39.688373871614665],[-123.79503575391247,39.69053218222077],[-123.79550203656181,39.690517774671186],[-123.79553939058238,39.69123721197236],[-123.79600567762719,39.691222802505976],[-123.79602435720268,39.69158252119153],[-123.79695693532028,39.6915536968038],[-123.79699430418111,39.69227313409712],[-123.79792689072215,39.692244302337485],[-123.79796426947692,39.69296373962558],[-123.79843056705108,39.69294932094428],[-123.79848664343125,39.694028477199474],[-123.79943794884045,39.694359352835086],[-123.79951273897584,39.695798228559084],[-123.80044536947355,39.695769377629254],[-123.80001645506775,39.69650324212937],[-123.80094909435714,39.69647438736524],[-123.80096779958849,39.69683410640174],[-123.8014341212471,39.69681967629191],[-123.80149024491513,39.697898833616335],[-123.80195657325964,39.69788440151526],[-123.80199399453856,39.698603839947786],[-123.80246032727906,39.69858940592944],[-123.80247904048468,39.69894912518097],[-123.8034117099935,39.69892025168853],[-123.80344914611736,39.69963969011413],[-123.80951153950541,39.699451837986814]],[[-123.80695502789484,39.695207505120344],[-123.80602240713189,39.69523640543807],[-123.80600367744846,39.69487668750719],[-123.8069362936318,39.69484778733769],[-123.80695502789484,39.695207505120344]],[[-123.80740260144705,39.694833334599245],[-123.8069362936318,39.69484778733769],[-123.80689882565854,39.69412835199054],[-123.80598494794927,39.69451696964905],[-123.80592876055708,39.69343781651081],[-123.80639505958187,39.693423367607025],[-123.80641379081807,39.69378308517299],[-123.8073463928943,39.69375418190991],[-123.80740260144705,39.694833334599245]],[[-123.80551864187102,39.69453141700604],[-123.80505233560855,39.69454586259389],[-123.80503361087312,39.6941861446603],[-123.80549991484581,39.69417169914653],[-123.80551864187102,39.69453141700604]],[[-123.80779395555062,39.69338001028114],[-123.80732765707866,39.69339446449217],[-123.8073089214473,39.69303474714708],[-123.80777521762957,39.69302029301016],[-123.80779395555062,39.69338001028114]],[[-123.80592876055708,39.69343781651081],[-123.80546246134806,39.69345226364552],[-123.80542500858715,39.69273282843518],[-123.80589130321678,39.69271838144866],[-123.80592876055708,39.69343781651081]],[[-123.803913810944,39.69061785355877],[-123.80344752931533,39.690632293024734],[-123.80342881347447,39.69027257566776],[-123.80389509281356,39.690258136275816],[-123.803913810944,39.69061785355877]],[[-123.80251496550582,39.69066116664964],[-123.80204868332497,39.690675600808554],[-123.80202997435266,39.69031588322949],[-123.80249625424398,39.69030144914459],[-123.80251496550582,39.69066116664964]],[[-123.80294382058396,39.68992729593218],[-123.8024775431662,39.689941731712075],[-123.80245883227246,39.68958201435208],[-123.80292510740074,39.6895675786462],[-123.80294382058396,39.68992729593218]]]},"properties":{"id":"cdfw-ds3091-7-26-10-1","source":"CDFW ds3091 predicted substrate","source_url":"https://tiledimageservices2.arcgis.com/Uq9r85Potqm3MfRV/arcgis/rest/services/biosds3091_cru/ImageServer","metadata_url":"https://filelib.wildlife.ca.gov/public/BDB/GIS/BIOS/metadata/ds3091.html","source_tile_sha256":"012d83560c5cb5a725ffee18782bee8844df2f525707aa5762677cd20bad9e71","source_class":"Predicted hard (rugosity proxy)","display_resolution_m":40,"approx_area_m2":812800,"fishing_target":false,"exportable":false,"depth_qualified":false,"fish_confirmed":false,"mpa_screened_at":"2026-09-23T20:44:08Z"}},{"type":"Feature","geometry":{"type":"Polygon","coordinates":[[[-123.81883823768393,39.69916225086833],[-123.8188194439582,39.698802534068],[-123.81835311309418,39.69881703015713],[-123.81831553077728,39.69809759662639],[-123.81926697880652,39.69842831955659],[-123.81921059242342,39.69734917003437],[-123.81967691375786,39.69733467070431],[-123.81963931918047,39.69661523820229],[-123.82010563575028,39.69660073725181],[-123.82008683644911,39.696241021184356],[-123.81868789305454,39.69628451850525],[-123.8186315168688,39.6952053700701],[-123.81909782464913,39.69519087295532],[-123.81907903066717,39.69483115703009],[-123.81814641950118,39.69486014934186],[-123.81809005240278,39.69378100155617],[-123.81902264983049,39.69375200969046],[-123.81900385658797,39.69339229405591],[-123.81807126373963,39.69342128577295],[-123.81805247526127,39.69306157006236],[-123.81851876948824,39.69304707516271],[-123.81848118850675,39.69232764410808],[-123.81894747796963,39.69231314758806],[-123.81892868546655,39.69195343224394],[-123.81846239829324,39.69196792868962],[-123.8179585356417,39.69126299259851],[-123.81889110101496,39.69123400177347],[-123.81885351730271,39.69051457159317],[-123.81931979513308,39.69050007367582],[-123.81930100126476,39.69014035876878],[-123.81976727662081,39.6901258591568],[-123.81980486912127,39.69084528889467],[-123.82073742843656,39.69081628406629],[-123.82071862751494,39.69045656930984],[-123.82118490460574,39.690442064316535],[-123.82112849608212,39.68936292070524],[-123.82066222585962,39.68937742547541],[-123.82062462568068,39.688657996614786],[-123.82109089132443,39.68864349199335],[-123.8210532873065,39.68792406357118],[-123.82151954818664,39.68790955732956],[-123.82150074416579,39.68754984330144],[-123.82243326079262,39.6875208256602],[-123.82239564414871,39.68680139811867],[-123.82286189760616,39.68678688679349],[-123.8228242771238,39.68606745969011],[-123.82329052581781,39.68605294674485],[-123.82325290149717,39.68533352007956],[-123.82278665738147,39.685348032876014],[-123.82276784778783,39.68498831957739],[-123.82230160577625,39.6850028305306],[-123.82232041308079,39.685362543903615],[-123.82092167906892,39.68540606637327],[-123.8209028786318,39.685046352777114],[-123.82043663588047,39.68506085665492],[-123.82039904013914,39.68434142953076],[-123.81993280178114,39.68435593149101],[-123.81995159727025,39.68471564509132],[-123.81948535643828,39.68473014535709],[-123.81946656323825,39.68437043168246],[-123.81853408559803,39.6843994267588],[-123.81855287421983,39.68475914058208],[-123.81808663283341,39.68477363554128],[-123.81806784650071,39.68441392164371],[-123.81760160721863,39.684428414759786],[-123.81762039126222,39.684788128731654],[-123.8166879075656,39.684817109805856],[-123.81666912810024,39.6844573956854],[-123.81620288826399,39.68447188349496],[-123.81625922034674,39.685551026296004],[-123.81672546705045,39.685536538263634],[-123.81674424706992,39.685896252600955],[-123.81583052452525,39.68628494160355],[-123.81584930033569,39.68664465623409],[-123.8163155540917,39.68663016974778],[-123.81635311084514,39.687349599077336],[-123.81588685251062,39.68736408571219],[-123.81586807633083,39.68700437093696],[-123.81540182010087,39.687018855728624],[-123.81489802103772,39.68631390912095],[-123.81398428346515,39.686702584490284],[-123.81394675034277,39.68598315470761],[-123.81301424995686,39.686012107925414],[-123.81303301184731,39.68637182292902],[-123.8120817488328,39.68604105406766],[-123.81210050614479,39.68640076921967],[-123.81163425301676,39.68641523971166],[-123.81159674315575,39.68569580933156],[-123.81113049442173,39.68571027790628],[-123.81114924697079,39.686069993134346],[-123.8106829957631,39.68608446001434],[-123.81072049683605,39.686803890835805],[-123.81025424086543,39.68681835609526],[-123.8102917380975,39.687537787354515],[-123.80982547736389,39.68755225099334],[-123.80932172837103,39.68684728130737],[-123.80885547184725,39.68686174126007],[-123.8088929553435,39.68758117296422],[-123.80842669405676,39.68759563129625],[-123.80844543379206,39.687955347331055],[-123.80891169736812,39.68794088892487],[-123.8089491819704,39.688660321063466],[-123.80941544994087,39.688645860740074],[-123.80943419480796,39.689005576843876],[-123.80896792454809,39.689020037241434],[-123.80898666731011,39.68937975349185],[-123.80945293985941,39.68936529302017],[-123.80902415338723,39.69009918621016],[-123.80995670745934,39.69007026320119],[-123.80997545535344,39.69042997952081],[-123.80950917612006,39.69044444198393],[-123.80952792190907,39.6908041584502],[-123.8090616402018,39.69081861921847],[-123.80904289670232,39.69045890267806],[-123.80764405734298,39.6905022741464],[-123.80766279397388,39.6908619909092],[-123.80812907623417,39.69084753544797],[-123.80814781533891,39.69120725220923],[-123.80768153078905,39.691221707744575],[-123.80770026778856,39.69158142465252],[-123.80816655462799,39.69156696904304],[-123.80773774234044,39.69230085868611],[-123.8086703249934,39.69227194540159],[-123.80863284128307,39.69155251166455],[-123.8100317001422,39.691509128914795],[-123.81005044877395,39.69186884552458],[-123.8105167369811,39.69185438099575],[-123.81053548808687,39.69221409760393],[-123.81100177839917,39.69219963123188],[-123.81102053197904,39.69255934783852],[-123.8114868243965,39.69254487962323],[-123.81150558045047,39.69290459622825],[-123.81103928574335,39.692919064517724],[-123.81105803969214,39.693278781269576],[-123.81059174251091,39.693293247864176],[-123.81061049435446,39.69365296476287],[-123.81014419469908,39.69366742966255],[-123.80971538994082,39.69440132710524],[-123.81066675099196,39.694732115894915],[-123.8106292463825,39.69401268173419],[-123.81156184971935,39.693983746479155],[-123.81158060651131,39.694343463374786],[-123.81204691019272,39.694328993019425],[-123.81206566945896,39.694688709913535],[-123.81301704487798,39.69501948056541],[-123.81303580909285,39.69537919745646],[-123.81256949891122,39.695393671572724],[-123.81214070836921,39.69612757821714],[-123.8116743932388,39.69614204894358],[-123.81165563552427,39.695782331684335],[-123.8107230092896,39.69581126768136],[-123.81074176242444,39.696170985089],[-123.81120807792387,39.696156517900874],[-123.81124558932673,39.696875952786066],[-123.8117119092214,39.69686148368035],[-123.81174942594215,39.69758091870831],[-123.81221575023216,39.69756644768501],[-123.81178694340099,39.69830035402761],[-123.81271960095634,39.6982714099149],[-123.8127008375547,39.69791169236729],[-123.81409981563338,39.697868263151996],[-123.81413735636116,39.69858769787458],[-123.81367102593958,39.69860217619737],[-123.81417489782753,39.6993071328886],[-123.8146412326445,39.69929265264806],[-123.81462245952895,39.69893293517886],[-123.8150887918712,39.698918453243365],[-123.81510756727678,39.699278170638294],[-123.81604023598723,39.69924920131108],[-123.8160214560016,39.69888948406475],[-123.8164877877897,39.69887499682166],[-123.81650657006536,39.69923471399366],[-123.81883823768393,39.69916225086833]],[[-123.81499491761375,39.697119867361764],[-123.81452859672129,39.69713434892586],[-123.81450982471375,39.69677463189373],[-123.81497614331631,39.69676015040391],[-123.81499491761375,39.697119867361764]],[[-123.81682263260723,39.696342490165186],[-123.81542368533155,39.69638595033413],[-123.81540490911365,39.696026233596136],[-123.81587122276709,39.69601174871658],[-123.81629997519484,39.6952778291073],[-123.81536735723192,39.69530680033837],[-123.8153485815681,39.6949470838186],[-123.81488227459937,39.6949615667062],[-123.81482595558526,39.693882417360214],[-123.81435965530108,39.693896898255886],[-123.81434088495539,39.69353718187832],[-123.81525470601932,39.69314850231001],[-123.81531103079453,39.694227650997156],[-123.81626241489283,39.694558396437614],[-123.8161872965056,39.69311953197038],[-123.81572100135482,39.693134018024715],[-123.81570222450947,39.69277430201525],[-123.8161685173706,39.692759816035185],[-123.81611218107395,39.69168066866522],[-123.81564589508159,39.69169515442244],[-123.8160746244664,39.69096123744808],[-123.81654090569495,39.69094675007043],[-123.81663481004703,39.69274532828607],[-123.81710110253871,39.6927308387679],[-123.81713867015202,39.69345027041371],[-123.81667237308103,39.69346476008049],[-123.81717623850439,39.694169702350095],[-123.81670993685402,39.6941841921655],[-123.81672871901766,39.694543908317],[-123.81766132671306,39.6945149267685],[-123.81768011364093,39.69487464284406],[-123.8167662838992,39.69526334083809],[-123.81682263260723,39.696342490165186]],[[-123.81402473639356,39.69642939458079],[-123.8135584197116,39.696443872458055],[-123.8135396526531,39.696084155422994],[-123.81400596704523,39.69606967761999],[-123.81402473639356,39.69642939458079]],[[-123.81773647553342,39.695953791507044],[-123.817270162619,39.695968283463124],[-123.8172513774265,39.69560856709509],[-123.81771768805112,39.69559407521332],[-123.81773647553342,39.695953791507044]],[[-123.81540490911365,39.696026233596136],[-123.8149385952755,39.69604071670656],[-123.81491982153213,39.69568099996704],[-123.81538613308045,39.69566651693089],[-123.81540490911365,39.696026233596136]],[[-123.8135396526531,39.696084155422994],[-123.81307333807639,39.69609863145685],[-123.81305457349232,39.69573891442028],[-123.81352088577923,39.69572443846068],[-123.8135396526531,39.696084155422994]],[[-123.81445350979914,39.69569548123404],[-123.81398719788149,39.69570996073193],[-123.8139684289024,39.6953502439166],[-123.81443473853022,39.69533576449298],[-123.81445350979914,39.69569548123404]],[[-123.8139684289024,39.6953502439166],[-123.81350211908993,39.695364721571096],[-123.81299828084767,39.694659763747055],[-123.81439719654637,39.69461633122904],[-123.8139684289024,39.6953502439166]],[[-123.81389335483226,39.69391137738249],[-123.81342705417882,39.69392585474],[-123.81340828841252,39.693566138213924],[-123.81387458677627,39.69355166093065],[-123.81389335483226,39.69391137738249]],[[-123.81340828841252,39.693566138213924],[-123.8129419898642,39.69358061372811],[-123.8129232265722,39.69322089720047],[-123.81338952283082,39.69320642176051],[-123.81340828841252,39.693566138213924]],[[-123.81478841049916,39.69316298482623],[-123.8138558189049,39.69319194455149],[-123.81383705121814,39.69283222824495],[-123.81290446346475,39.692861180745446],[-123.81288570054184,39.69250146436309],[-123.81381828371597,39.69247251201105],[-123.81379951639843,39.69211279584972],[-123.81426580541898,39.69209831709438],[-123.81430334481793,39.69281774934111],[-123.81476963823312,39.69280326866821],[-123.81478841049916,39.69316298482623]],[[-123.8129232265722,39.69322089720047],[-123.81245693012897,39.693235370871335],[-123.81243816931118,39.692875654342124],[-123.81290446346475,39.692861180745446],[-123.8129232265722,39.69322089720047]],[[-123.81570222450947,39.69277430201525],[-123.81523593146363,39.69278878622626],[-123.81521715709259,39.69242907021513],[-123.8156834478488,39.6924145860784],[-123.81570222450947,39.69277430201525]],[[-123.81243816931118,39.692875654342124],[-123.81197187497308,39.692890126169736],[-123.81195311662945,39.69253040963891],[-123.81241940867793,39.69251593788553],[-123.81243816931118,39.692875654342124]],[[-123.81519838290622,39.69206935427656],[-123.81473209425494,39.69208383656999],[-123.81471332254281,39.691724120629765],[-123.81517960890453,39.69170963841062],[-123.81519838290622,39.69206935427656]],[[-123.81240064822921,39.69215622150149],[-123.81193435847037,39.692170693180685],[-123.8119156004958,39.691810976795075],[-123.81238188796505,39.69179650519011],[-123.81240064822921,39.69215622150149]],[[-123.81146806852702,39.69218516309082],[-123.81100177839917,39.69219963123188],[-123.81096427179288,39.691480198236476],[-123.81143055734154,39.69146573024377],[-123.81146806852702,39.69218516309082]],[[-123.81471332254281,39.691724120629765],[-123.81331446234991,39.69176755667307],[-123.81329569769112,39.691407840582706],[-123.81376198231713,39.69139336374486],[-123.81374321555339,39.69103364780125],[-123.81467577967251,39.69100468896703],[-123.81471332254281,39.691724120629765]],[[-123.81096427179288,39.691480198236476],[-123.81049798605974,39.69149466446015],[-123.81047923532284,39.691134947997085],[-123.81094551876643,39.691120481847605],[-123.81096427179288,39.691480198236476]],[[-123.81840602876171,39.69088878286971],[-123.81793974827221,39.6909032773234],[-123.81790217408756,39.69018384699085],[-123.81836844999812,39.690169352685814],[-123.81840602876171,39.69088878286971]],[[-123.81047923532284,39.691134947997085],[-123.81001295169486,39.69114941237756],[-123.80999420343193,39.69078969591291],[-123.81046048477039,39.690775231606615],[-123.81047923532284,39.691134947997085]],[[-123.80908038388563,39.69117833583145],[-123.80861409970443,39.69119279490485],[-123.80859535831014,39.690833078217736],[-123.8090616402018,39.69081861921847],[-123.80908038388563,39.69117833583145]],[[-123.82071862751494,39.69045656930984],[-123.82025235023923,39.69047107253415],[-123.82023355179197,39.69011135777583],[-123.82069982677824,39.69009685462588],[-123.82071862751494,39.69045656930984]],[[-123.81605584643968,39.690601521948345],[-123.81558956731591,39.69061600748274],[-123.81557079176339,39.69025629198124],[-123.81603706859765,39.690241806521136],[-123.81605584643968,39.690601521948345]],[[-123.81930100126476,39.69014035876878],[-123.81883472572386,39.69015485661178],[-123.81881593432985,39.6897951417029],[-123.81928220758131,39.68978064393424],[-123.81930100126476,39.69014035876878]],[[-123.81463823754079,39.69028525759444],[-123.81323940482221,39.69032869274683],[-123.8132206409017,39.689968976946595],[-123.81461946675188,39.68992554201693],[-123.81463823754079,39.69028525759444]],[[-123.81974848064792,39.6897661443966],[-123.81928220758131,39.68978064393424],[-123.8192634140827,39.68942092917218],[-123.8197296848599,39.68940642970889],[-123.81974848064792,39.6897661443966]],[[-123.81508574166602,39.68991106016906],[-123.81461946675188,39.68992554201693],[-123.8146006961476,39.689565826511895],[-123.81506696877231,39.68955134473831],[-123.81508574166602,39.68991106016906]],[[-123.81739832912562,39.68947890933568],[-123.81693205742442,39.68949339995416],[-123.81691327555768,39.68913368489298],[-123.8173795449695,39.68911919434882],[-123.81739832912562,39.68947890933568]],[[-123.81553324121235,39.68953686119573],[-123.81506696877231,39.68955134473831],[-123.81504819606323,39.689191629380005],[-123.81551446621388,39.6891771459117],[-123.81553324121235,39.68953686119573]],[[-123.81226933025508,39.68963820884526],[-123.81180305652292,39.68965268000501],[-123.81178429983986,39.68929296412711],[-123.81225057128256,39.68927849304158],[-123.81226933025508,39.68963820884526]],[[-123.81040423421962,39.6896960828703],[-123.80993795974965,39.689710546954096],[-123.80991921222436,39.68935083077951],[-123.81038548440489,39.68933636676987],[-123.81040423421962,39.6896960828703]],[[-123.8164470059611,39.689148173668165],[-123.81551446621388,39.6891771459117],[-123.81547691677088,39.688457715561],[-123.8164094473606,39.688428743614566],[-123.8164470059611,39.689148173668165]],[[-123.81458192572795,39.689206111079365],[-123.81411565520803,39.689220591009736],[-123.8140968872624,39.68886087557539],[-123.8145631554929,39.68884639571927],[-123.81458192572795,39.689206111079365]],[[-123.81922582764004,39.68870149986544],[-123.81875956125677,39.68871599741111],[-123.81874077060208,39.688356282792036],[-123.81920703469599,39.688341785320716],[-123.81922582764004,39.68870149986544]],[[-123.81782702793579,39.68874498719557],[-123.81736076099811,39.68875947943439],[-123.81734197721148,39.68839976459238],[-123.81780824185981,39.68838527242789],[-123.81782702793579,39.68874498719557]],[[-123.8140968872624,39.68886087557539],[-123.81363061884728,39.688875353662596],[-123.81361185337563,39.68851563822647],[-123.81407811950137,39.68850116021351],[-123.8140968872624,39.68886087557539]],[[-123.82058702624143,39.68793856804388],[-123.82012076499142,39.68795307074766],[-123.81961691401405,39.687248143103766],[-123.82054942754178,39.68721913976256],[-123.82058702624143,39.68793856804388]],[[-123.8182557181428,39.68801106387349],[-123.8177894559686,39.688025557732615],[-123.81777067026215,39.68766584310976],[-123.81823693014704,39.687651349324945],[-123.8182557181428,39.68801106387349]],[[-123.81592440542424,39.68808351547983],[-123.81499187904386,39.688112483739836],[-123.81497310707337,39.687752768671295],[-123.81588685251062,39.68736408571219],[-123.81592440542424,39.68808351547983]],[[-123.81497310707337,39.687752768671295],[-123.81450684589555,39.68776725007362],[-123.81446930708705,39.687047820005226],[-123.81493556368628,39.68703333875138],[-123.81497310707337,39.687752768671295]],[[-123.8195981195201,39.686888428922984],[-123.8191318647682,39.686902927865894],[-123.81911307274835,39.6865432136831],[-123.819579325211,39.68652871481453],[-123.8195981195201,39.686888428922984]],[[-123.81819935470992,39.686931920445005],[-123.81773309940358,39.686946414081206],[-123.81771431425145,39.68658669967548],[-123.81818056726856,39.68657220611357],[-123.81819935470992,39.686931920445005]],[[-123.81724806104963,39.68660119146846],[-123.816781807663,39.68661568149256],[-123.8167630272741,39.68625596701059],[-123.81722927837147,39.68624147706076],[-123.81724806104963,39.68660119146846]],[[-123.81165300822398,39.68677495501021],[-123.81118675262225,39.68678942380747],[-123.81116799970431,39.68642970843473],[-123.81163425301676,39.68641523971166],[-123.81165300822398,39.68677495501021]],[[-123.8228242771238,39.68606745969011],[-123.82189177918079,39.686096480274024],[-123.82187297379546,39.68573676668205],[-123.82280546716014,39.68570774624691],[-123.8228242771238,39.68606745969011]],[[-123.81862803055503,39.686197996598025],[-123.81816178001196,39.686212491854484],[-123.81814299294015,39.68585277766775],[-123.81860924119404,39.685838282485584],[-123.81862803055503,39.686197996598025]],[[-123.82047423236132,39.685780284068215],[-123.82000798484678,39.68579478632587],[-123.81998918880306,39.685435072508724],[-123.82045543402845,39.685420570325434],[-123.82047423236132,39.685780284068215]],[[-123.81812420605311,39.6854930635533],[-123.81765795990364,39.685507556892276],[-123.81763917549056,39.68514784277583],[-123.81810541935089,39.68513334951115],[-123.81812420605311,39.6854930635533]]]},"properties":{"id":"cdfw-ds3091-7-26-10-2","source":"CDFW ds3091 predicted substrate","source_url":"https://tiledimageservices2.arcgis.com/Uq9r85Potqm3MfRV/arcgis/rest/services/biosds3091_cru/ImageServer","metadata_url":"https://filelib.wildlife.ca.gov/public/BDB/GIS/BIOS/metadata/ds3091.html","source_tile_sha256":"012d83560c5cb5a725ffee18782bee8844df2f525707aa5762677cd20bad9e71","source_class":"Predicted hard (rugosity proxy)","display_resolution_m":40,"approx_area_m2":1020800,"fishing_target":false,"exportable":false,"depth_qualified":false,"fish_confirmed":false,"mpa_screened_at":"2026-09-23T20:44:08Z"}},{"type":"Feature","geometry":{"type":"Polygon","coordinates":[[[-123.80741923214678,39.68618567864531],[-123.80740049791154,39.68582596282415],[-123.80786674812047,39.68581150840051],[-123.80829552107062,39.68507762107911],[-123.80924675443363,39.68540841906395],[-123.80917178344582,39.683969557977434],[-123.80870554523565,39.68398401733709],[-123.80868680523864,39.683624302172],[-123.8105517478169,39.683566454416905],[-123.81057049697029,39.68392616928545],[-123.80963802147167,39.683955096848955],[-123.81014175359488,39.68466006405379],[-123.81105548606985,39.68427141771706],[-123.81066424550326,39.68572474471211],[-123.81157798850192,39.68533609424998],[-123.81152172564725,39.68425694943903],[-123.81245420424862,39.68422800757645],[-123.81247296292732,39.68458772229281],[-123.81340544536894,39.68455877320645],[-123.81336791903964,39.683839344142825],[-123.81476662758334,39.683795907692236],[-123.81478539752297,39.68415562196523],[-123.8152516356241,39.684141139536464],[-123.81521409135127,39.68342171121119],[-123.8147478578283,39.68343619349148],[-123.8142440897425,39.68273124566953],[-123.81377786042839,39.68274572426371],[-123.8137966252362,39.68310543846853],[-123.81284540124655,39.682774676145684],[-123.81280788134059,39.68205524765576],[-123.81327410644579,39.68204077274759],[-123.81277036217266,39.68133581945446],[-123.814169023201,39.6812923898688],[-123.81411272523283,39.68021324877559],[-123.81316153742253,39.67988248945423],[-123.81273284374271,39.68061639154165],[-123.81180041129025,39.680645335458166],[-123.81178165692975,39.68028562146157],[-123.81086797809998,39.68067427229967],[-123.81083047871893,39.67995484408187],[-123.81036426642491,39.67996930970119],[-123.81034551929983,39.67960959562627],[-123.81081172930499,39.67959513008108],[-123.81120293415886,39.678141807781024],[-123.80933813039,39.678199665238054],[-123.80931938876422,39.67783995137499],[-123.8088531896499,39.67785441124338],[-123.80881571152864,39.67713498358494],[-123.80741712681223,39.67717835213345],[-123.80739839489405,39.6768186381899],[-123.80648473608015,39.67720725565574],[-123.80652219131433,39.67792668405502],[-123.80605599109458,39.677941133311286],[-123.80601854043786,39.677221704763895],[-123.80555234461137,39.677236152103355],[-123.80557106755896,39.67759586641508],[-123.80510486925965,39.67761031205988],[-123.80514231112973,39.67832974104743],[-123.80467610806883,39.67834418507158],[-123.8046573893305,39.67798447046783],[-123.80419118837428,39.67799891264927],[-123.80461995240609,39.67726504147621],[-123.8041537560273,39.67727948350962],[-123.8041163244166,39.67656005465783],[-123.80365013243113,39.67657449477455],[-123.80372498723395,39.67801335306203],[-123.8032587859096,39.67802779170607],[-123.80329620983773,39.678747221429724],[-123.8042473382752,39.67907805689871],[-123.80432220738685,39.68051691690663],[-123.80338977287853,39.68054579699963],[-123.8034459129115,39.68162494320672],[-123.80297968851445,39.68163938082206],[-123.80290484466099,39.68020051906083],[-123.80243862923565,39.6802149546114],[-123.80245733763408,39.68057467001754],[-123.80057376569455,39.68027267912615],[-123.80014494344108,39.68100653745694],[-123.80061116436403,39.680992110602276],[-123.80064856376912,39.681711542366926],[-123.80156230984669,39.681322967284906],[-123.80161842351596,39.68240211481278],[-123.80301711154532,39.68235881213553],[-123.80303582333681,39.68271852790054],[-123.80350205460093,39.68270409006315],[-123.80346462662392,39.681984658753336],[-123.80393085312593,39.68197021929519],[-123.80394956931143,39.68232993483996],[-123.80534825457995,39.68228660563055],[-123.80532953152743,39.68192689030788],[-123.80719443348468,39.68186909356162],[-123.8072506306629,39.682948238857385],[-123.8077168625587,39.68293378502656],[-123.80777306826235,39.684012930749844],[-123.80685932157675,39.684401552621],[-123.80687805278582,39.68476126822703],[-123.8073442963114,39.68474681579459],[-123.80695297946436,39.686200131374136],[-123.80741923214678,39.68618567864531]],[[-123.81290168248931,39.68385381942201],[-123.81243544575443,39.68386829293237],[-123.81239792931954,39.683148863860886],[-123.81286416147628,39.68313439049892],[-123.81290168248931,39.68385381942201]],[[-123.81196920883508,39.683882764673896],[-123.81150297173126,39.68389723464659],[-123.81148421799972,39.683537519926375],[-123.81195045281446,39.683523050027866],[-123.81196920883508,39.683882764673896]],[[-123.8109992317425,39.683192273333894],[-123.81053299884796,39.68320673962058],[-123.81051425006338,39.68284702489646],[-123.80956304427704,39.682516237214884],[-123.80999178089311,39.68178234537848],[-123.81139045210871,39.68173894740829],[-123.8109992317425,39.683192273333894]],[[-123.81006676576898,39.683221204138434],[-123.80960053250564,39.6832356668875],[-123.80958178829918,39.682875952015095],[-123.81004801927347,39.68286148934018],[-123.81006676576898,39.683221204138434]],[[-123.81236041362261,39.68242943507822],[-123.81189418585944,39.682443906523005],[-123.81187543057669,39.682084192165746],[-123.81234165605088,39.68206972079515],[-123.81236041362261,39.68242943507822]],[[-123.8090593324942,39.681811268514686],[-123.80859310801824,39.681825727429626],[-123.80857436912707,39.68146601269766],[-123.80904059131407,39.68145155385685],[-123.8090593324942,39.681811268514686]],[[-123.80299839993786,39.68199909644271],[-123.80253217306776,39.68201353236327],[-123.80251346393334,39.68165381666863],[-123.80297968851445,39.68163938082206],[-123.80299839993786,39.68199909644271]],[[-123.80950681331674,39.68143709324728],[-123.80904059131407,39.68145155385685],[-123.80902185031827,39.681091839271154],[-123.80948807003202,39.681077378735694],[-123.80950681331674,39.68143709324728]],[[-123.80437836115348,39.681596062669605],[-123.80391213712453,39.681610503822554],[-123.8038934213072,39.68125078842206],[-123.80435964304718,39.68123634734316],[-123.80437836115348,39.681596062669605]],[[-123.8136840391577,39.68094715432206],[-123.81321782110383,39.68096163077641],[-123.81319905969222,39.680601916930264],[-123.81366527545723,39.680587440550106],[-123.8136840391577,39.68094715432206]],[[-123.80995428956142,39.68106291643146],[-123.80948807003202,39.681077378735694],[-123.80945058401554,39.68035794992888],[-123.80991679896712,39.68034348777292],[-123.80995428956142,39.68106291643146]],[[-123.80762319007124,39.68113521026489],[-123.80622452816598,39.68117856533968],[-123.80618707419424,39.680459135495525],[-123.8057208577686,39.68047358350146],[-123.80568340911132,39.679754153797575],[-123.80521719707929,39.679768599886636],[-123.8051984753157,39.67940888506878],[-123.80613089461795,39.67937999127],[-123.80611216846086,39.679020276672276],[-123.80657837554693,39.67900582719385],[-123.80659710399283,39.6793655417175],[-123.80706331318352,39.67935109039629],[-123.8071007752056,39.680070519511624],[-123.80803320218969,39.680041611266645],[-123.80805193805482,39.68040132578426],[-123.80711950649297,39.680430234177415],[-123.80762319007124,39.68113521026489]],[[-123.80249475498292,39.681294101046134],[-123.80202853250677,39.681308535049915],[-123.80200982602932,39.680948819425545],[-123.80247604621648,39.68093438549576],[-123.80249475498292,39.681294101046134]],[[-123.80154360565817,39.680963251586576],[-123.80107738510306,39.68097768197882],[-123.80105868338744,39.68061796627866],[-123.80152490165362,39.680603535960394],[-123.80154360565817,39.680963251586576]],[[-123.81038301373437,39.680329023848195],[-123.80991679896712,39.68034348777292],[-123.80989805394653,39.67998377355177],[-123.81036426642491,39.67996930970119],[-123.81038301373437,39.680329023848195]],[[-123.80943184128378,39.67999823563361],[-123.80849941540535,39.68002715449105],[-123.80848067743563,39.67966744011964],[-123.80894688817818,39.67965298164938],[-123.80890940821396,39.67893355327092],[-123.80986056445838,39.6792643453257],[-123.80943184128378,39.67999823563361]],[[-123.8103267723591,39.67924988162339],[-123.80986056445838,39.6792643453257],[-123.80982307570763,39.678544917387775],[-123.81075548216957,39.67851598851099],[-123.8103267723591,39.67924988162339]],[[-123.8084619396502,39.67930772582025],[-123.80799573101221,39.67932218244768],[-123.80797699569989,39.67896246814625],[-123.80844320204908,39.67894801159295],[-123.8084619396502,39.67930772582025]],[[-123.80751078916646,39.67897692293083],[-123.8070445824488,39.6789913759467],[-123.80702585189829,39.67863166156914],[-123.80749205632715,39.67861720862735],[-123.80751078916646,39.67897692293083]],[[-123.80842446463218,39.678588297437656],[-123.80795826057181,39.67860275391687],[-123.80793952562796,39.67824303975948],[-123.80840572739959,39.67822858335437],[-123.80842446463218,39.678588297437656]],[[-123.80562723750651,39.678675009782225],[-123.80516103234093,39.678689455649156],[-123.80514231112973,39.67832974104743],[-123.80560851400654,39.67831529525453],[-123.80562723750651,39.678675009782225]],[[-123.80792079086838,39.67788332567411],[-123.80745459120124,39.67789778023646],[-123.80743585891464,39.67753806614895],[-123.80790205629305,39.67752361166071],[-123.80792079086838,39.67788332567411]]]},"properties":{"id":"cdfw-ds3091-7-26-10-3","source":"CDFW ds3091 predicted substrate","source_url":"https://tiledimageservices2.arcgis.com/Uq9r85Potqm3MfRV/arcgis/rest/services/biosds3091_cru/ImageServer","metadata_url":"https://filelib.wildlife.ca.gov/public/BDB/GIS/BIOS/metadata/ds3091.html","source_tile_sha256":"012d83560c5cb5a725ffee18782bee8844df2f525707aa5762677cd20bad9e71","source_class":"Predicted hard (rugosity proxy)","display_resolution_m":40,"approx_area_m2":468800,"fishing_target":false,"exportable":false,"depth_qualified":false,"fish_confirmed":false,"mpa_screened_at":"2026-09-23T20:44:08Z"}},{"type":"Feature","geometry":{"type":"Polygon","coordinates":[[[-123.8408064215625,39.663888482694816],[-123.8412347356249,39.663154489775096],[-123.8421669334878,39.66312532280079],[-123.84218583283187,39.663485028583544],[-123.84265193377229,39.66347044236928],[-123.84261413069466,39.66275103102453],[-123.84121584104199,39.662794783914244],[-123.84119694664486,39.66243507812469],[-123.84259522943462,39.66239132545908],[-123.84257632836041,39.66203161996489],[-123.8435085113825,39.662002442829376],[-123.8434328906436,39.66056362216269],[-123.84250072592194,39.660592798700414],[-123.8424818257769,39.6602330935623],[-123.8420157454248,39.660247679104145],[-123.84199684775307,39.65988797396248],[-123.84291010163562,39.6594990963389],[-123.84287229807144,39.65877968671011],[-123.84240622705497,39.65879427372129],[-123.8423684288089,39.65807486422749],[-123.84190236218139,39.658089449321125],[-123.84188346562439,39.65772974460613],[-123.84234952996461,39.6577151595872],[-123.8422928345465,39.65663604609262],[-123.8418267770682,39.656650630887476],[-123.84186456925323,39.65737003996222],[-123.84095133638668,39.65775890933964],[-123.84089466155432,39.656679795172884],[-123.84042860351877,39.656694374663424],[-123.84040971456672,39.65633467000855],[-123.8399436586327,39.65634924765633],[-123.83990588586019,39.65562983841028],[-123.83943983431499,39.65564441414067],[-123.83959091156319,39.658522053426594],[-123.8391248415339,39.65853662798602],[-123.83920037546443,39.65997544963341],[-123.83826821654931,39.66000459404487],[-123.8382870959211,39.660364299783836],[-123.83733605689171,39.66003373138353],[-123.83737380667083,39.66075314323115],[-123.8383059754785,39.660724005594005],[-123.83836261526453,39.661803123451726],[-123.83882870625263,39.66178855175692],[-123.83884758884018,39.66214825777734],[-123.83838149556446,39.66216282954677],[-123.83841925672125,39.66288224195061],[-123.83888535457228,39.662867670031886],[-123.83886647161341,39.66250796386898],[-123.8393325669911,39.66249339025663],[-123.8392947970551,39.661773978293866],[-123.8402080888383,39.66138512033789],[-123.84024586755335,39.662104531859484],[-123.83977977483464,39.66211910893368],[-123.83981754971732,39.6628385208896],[-123.83935145223764,39.662853096344875],[-123.83937033766986,39.663212802504425],[-123.8398364374372,39.6631982269745],[-123.83985532534282,39.6635579331307],[-123.8408064215625,39.663888482694816]],[[-123.84302351678843,39.66165732693302],[-123.84255742747203,39.66167191454194],[-123.84253852676949,39.66131220919023],[-123.84300461379833,39.66129762165603],[-123.84302351678843,39.66165732693302]],[[-123.84115915840792,39.66171566675931],[-123.84069306834832,39.6617302472953],[-123.84063639424883,39.66065113055744],[-123.84110247744577,39.660636550245485],[-123.84115915840792,39.66171566675931]],[[-123.84207243955483,39.66132679495621],[-123.84160635215437,39.66134137895396],[-123.84158745621275,39.660981673524034],[-123.84205354132568,39.660967089600994],[-123.84207243955483,39.66132679495621]],[[-123.83927591236561,39.66141427241937],[-123.83880982385074,39.661428845807755],[-123.83879094163451,39.66106913992984],[-123.8392570278618,39.661054566616095],[-123.83927591236561,39.66141427241937]],[[-123.84018919975938,39.661025414683934],[-123.83972311390343,39.661039991534125],[-123.83970422729776,39.660680285876694],[-123.84017031086616,39.66066570910117],[-123.84018919975938,39.661025414683934]],[[-123.84153076950267,39.65990255766143],[-123.84106469106648,39.659917139592224],[-123.84104579815548,39.659557434372324],[-123.8415118743042,39.65954285251624],[-123.84153076950267,39.65990255766143]],[[-123.84059861244457,39.659931719754816],[-123.84013253363689,39.65994629814919],[-123.84009475715045,39.65922688748184],[-123.84056083138321,39.659212309236786],[-123.84059861244457,39.659931719754816]],[[-123.84009475715045,39.65922688748184],[-123.83962868273197,39.659241463958736],[-123.83959091156319,39.658522053426594],[-123.84005698140683,39.65850747709902],[-123.84009475715045,39.65922688748184]],[[-123.84194015585267,39.658808858964335],[-123.8414740844646,39.658823442439214],[-123.84145518982342,39.658463737507375],[-123.84192125892415,39.658449154107174],[-123.84194015585267,39.658808858964335]],[[-123.84050416118414,39.65813319399318],[-123.84003809381358,39.65814777201426],[-123.84001920640603,39.657788067000574],[-123.84048527148921,39.65777348905416],[-123.84050416118414,39.65813319399318]]]},"properties":{"id":"cdfw-ds3091-7-26-10-4","source":"CDFW ds3091 predicted substrate","source_url":"https://tiledimageservices2.arcgis.com/Uq9r85Potqm3MfRV/arcgis/rest/services/biosds3091_cru/ImageServer","metadata_url":"https://filelib.wildlife.ca.gov/public/BDB/GIS/BIOS/metadata/ds3091.html","source_tile_sha256":"012d83560c5cb5a725ffee18782bee8844df2f525707aa5762677cd20bad9e71","source_class":"Predicted hard (rugosity proxy)","display_resolution_m":40,"approx_area_m2":204800,"fishing_target":false,"exportable":false,"depth_qualified":false,"fish_confirmed":false,"mpa_screened_at":"2026-09-23T20:44:08Z"}},{"type":"Feature","geometry":{"type":"Polygon","coordinates":[[[-123.823639786931,39.67487283927595],[-123.82362097583582,39.674513128289895],[-123.82266981915403,39.674182443662644],[-123.82265101300568,39.67382273267143],[-123.82311718369553,39.6738082204866],[-123.82307956737682,39.67308879886828],[-123.82261340126375,39.67310331090439],[-123.82210962854028,39.67239839954317],[-123.82350811314936,39.67235486388106],[-123.82352692313465,39.672714574436476],[-123.82445924985922,39.67268554167032],[-123.82444043529726,39.67232583126368],[-123.8249065960937,39.67231131230217],[-123.82486896294822,39.671591891852835],[-123.82440280672837,39.671606410665525],[-123.82483133054289,39.670872471690224],[-123.82389902707118,39.670901507249546],[-123.8238802157225,39.670541797126944],[-123.82434636526263,39.670527280305926],[-123.82432755181074,39.67016757032934],[-123.82386140455878,39.67018208707597],[-123.82380497217751,39.66910295735282],[-123.824271112565,39.669088440829306],[-123.82425229985309,39.66872873113915],[-123.82471843776749,39.668714212921586],[-123.82475606795253,39.66943363222474],[-123.82522221025815,39.66941911208993],[-123.82520339278499,39.66905940247696],[-123.82615449431424,39.669390066515014],[-123.82611685040052,39.66867064765828],[-123.82565071304123,39.66868517118115],[-123.82607920722712,39.66795122908779],[-123.82561307444395,39.66796575246183],[-123.82557543658687,39.66724633402864],[-123.82510930819468,39.66726085548548],[-123.8250340438529,39.6658220191793],[-123.82408299377,39.66549134714606],[-123.82451148497739,39.664757411867555],[-123.82356045109455,39.66442673599124],[-123.82352283524057,39.66370731839172],[-123.82445504719215,39.663678285807435],[-123.82443623496701,39.66331857726344],[-123.82490233837758,39.66330405839318],[-123.82484589594883,39.662224933412205],[-123.82389489347143,39.66189426060505],[-123.82387608445877,39.661534552343184],[-123.82434217661584,39.661520035613044],[-123.82383846698826,39.66081513603316],[-123.82337237922154,39.660829650846345],[-123.8234287988418,39.66190877564126],[-123.82296270402725,39.661923288909236],[-123.82242140153828,39.66049896689681],[-123.82195531550448,39.660513476330955],[-123.8219929143043,39.66123289309317],[-123.8210419376147,39.66090219838864],[-123.82107952763364,39.66162161559054],[-123.82154562089995,39.661607109469976],[-123.8215644184743,39.66196681810349],[-123.82063222718152,39.66199582872498],[-123.82061343418252,39.66163611994286],[-123.82014734054663,39.66165062252693],[-123.82012855002004,39.661290913741766],[-123.82059464136829,39.661276411231995],[-123.82055705629419,39.66055699402396],[-123.8196060948787,39.66022628833238],[-123.82003460015845,39.659492370884365],[-123.81863635931916,39.65953586669017],[-123.81861757676366,39.65917615810949],[-123.81954973293283,39.659147162822336],[-123.81951215922584,39.65842774617145],[-123.81904608580857,39.6584422445506],[-123.81854244838823,39.65773732449817],[-123.81807637917653,39.65775181919249],[-123.81811393841998,39.65847123600438],[-123.81764786444874,39.658485729078976],[-123.81761030978016,39.657766312118646],[-123.81714424019921,39.65778080327661],[-123.81710669084394,39.657061386452256],[-123.81664062565322,39.657075875693636],[-123.81662185353984,39.65671616731386],[-123.81615579045193,39.65673065471291],[-123.81619333028846,39.65745007169193],[-123.81572726244124,39.657464557471194],[-123.81576479844105,39.65818397488293],[-123.81623087086318,39.65816948895529],[-123.81626841217609,39.65888890650313],[-123.81673448898863,39.65887441865889],[-123.81675326220943,39.65923412746532],[-123.81628718310938,39.65924861538376],[-123.81632472552961,39.65996803335854],[-123.81537379089836,39.659637295016196],[-123.81541132453742,39.66035671343012],[-123.81494523802102,39.66037119626646],[-123.81490770895716,39.65965177770417],[-123.81302462424264,39.65934998130286],[-123.81304337934762,39.65970969077384],[-123.81164513020414,39.659753107009735],[-123.81166387863077,39.66011281677427],[-123.81212996415053,39.66009834638976],[-123.81216746613205,39.660817765984284],[-123.81076919529394,39.66086117227775],[-123.81078793969826,39.66122088240418],[-123.80985575364268,39.661249811240054],[-123.8098370138137,39.660890100965446],[-123.81030310464595,39.66087563750574],[-123.81026562096548,39.66015621731837],[-123.80979953470849,39.6601706806299],[-123.8102281380221,39.65943679741588],[-123.80929597447424,39.65946572197443],[-123.80925850141809,39.65874630206038],[-123.80879242394292,39.658760761539185],[-123.80922102909882,39.65802688243093],[-123.8082888831143,39.65805579932414],[-123.80827015180593,39.65769608946803],[-123.80873622260279,39.65768163197955],[-123.80871748919114,39.657321922268586],[-123.8082514206817,39.657336379682995],[-123.80821395898575,39.65661696032626],[-123.80774789486703,39.65663141582442],[-123.80778535198812,39.65735083532925],[-123.80685321404856,39.657379741317214],[-123.80683448997083,39.65702003138122],[-123.80592107537264,39.65740864023247],[-123.80590235586978,39.65704893014846],[-123.80543628854318,39.657063376879826],[-123.80551115850902,39.658502217938455],[-123.80504508184845,39.65851666319758],[-123.80506379751246,39.65887637371407],[-123.80413163906425,39.65890525907562],[-123.80415035033714,39.659264969811204],[-123.80135385685254,39.65935158390214],[-123.80137255458379,39.65971129515254],[-123.80090646940519,39.659725724719436],[-123.80092516503265,39.66008543611497],[-123.79999298954876,39.66011429009185],[-123.80001168078473,39.66047400170637],[-123.79954559047945,39.660488426116295],[-123.7995642796115,39.66084813787594],[-123.7990981868348,39.6608625605915],[-123.79866946353884,39.661596405567366],[-123.79680507155828,39.66165407226434],[-123.79682374751505,39.662013784680966],[-123.796357646773,39.6620281970083],[-123.7963202996186,39.66130877209868],[-123.79585420326846,39.661323182510074],[-123.79587287446613,39.66168289500303],[-123.79494067663963,39.6617117106685],[-123.79495934344533,39.662071423380375],[-123.79449324196898,39.66208582863444],[-123.79447457745107,39.66172611584878],[-123.79400847807898,39.66174051926075],[-123.79402714030911,39.66210023212019],[-123.79309493643892,39.662129033786734],[-123.79307627878435,39.66176932077977],[-123.79214407875594,39.66179811522554],[-123.79210677314823,39.66107868913053],[-123.79117458153725,39.66110747620814],[-123.79115593358394,39.660747763120106],[-123.79068983979116,39.66076215393275],[-123.79063390389442,39.659683014875085],[-123.79156607757054,39.659654231923774],[-123.79154742806298,39.659294519194454],[-123.79201351233836,39.65928012514014],[-123.79195755805311,39.65820098760048],[-123.79242363528233,39.65818659199911],[-123.7924049819331,39.65782687970195],[-123.79193890699143,39.657841275229586],[-123.79188295490671,39.65676213854374],[-123.7909508181983,39.65679092385211],[-123.79091352687513,39.65607149945552],[-123.79044746282082,39.656085889310035],[-123.7903915340731,39.65500675302707],[-123.79132364827396,39.65497797199205],[-123.79175240645999,39.654244155431016],[-123.79365393056746,39.65490598846207],[-123.79361661362938,39.65418656566059],[-123.79454871611354,39.65415776016665],[-123.79453005334511,39.653798049019876],[-123.79592819883334,39.65375482773946],[-123.79594686846362,39.65411453866488],[-123.7964129188799,39.65410012796139],[-123.79643159098104,39.654459838884],[-123.79689764350107,39.654445426338604],[-123.79740104973982,39.655150433788],[-123.79879921937119,39.655107179795706],[-123.7987805354662,39.654747469100236],[-123.7992465893553,39.6547330476404],[-123.79932133522682,39.65617189055297],[-123.79978739808166,39.656157467029544],[-123.79980608729626,39.65651717786144],[-123.80027215225475,39.65650275249596],[-123.80070082963444,39.65576890406514],[-123.80256506859604,39.655711178440235],[-123.80262117741312,39.65679030960573],[-123.80308724355609,39.65677587355735],[-123.80306853814575,39.65641616317174],[-123.80353460181739,39.656401725429134],[-123.80351589430357,39.6560420151885],[-123.80304983291934,39.656056452857165],[-123.80301242301822,39.65533703244119],[-123.80347847982772,39.65532259492038],[-123.80345977286568,39.65496288489285],[-123.80485793532867,39.654919561943544],[-123.80487664915269,39.655279271749215],[-123.80534270522638,39.65526482715591],[-123.80530527318776,39.65454540776351],[-123.80670342658095,39.654502063818725],[-123.8066659815548,39.653782645154166],[-123.80619993518228,39.65379709475587],[-123.80618121523253,39.65343738545602],[-123.80571517096317,39.65345183321566],[-123.80567773619016,39.65273241468077],[-123.80472694371201,39.65240159529091],[-123.80511812403432,39.65094831505779],[-123.80465209540691,39.650962758763534],[-123.804223485806,39.65169661897112],[-123.80329141848316,39.65172549783824],[-123.80327271336017,39.65136578852001],[-123.80234064987594,39.651394660167135],[-123.80232194951098,39.65103495077194],[-123.80278797905794,39.6510205159063],[-123.80276927658979,39.65066080665584],[-123.80649748804808,39.65054526467358],[-123.80647876746757,39.6501855560855],[-123.80787683686732,39.65014219889202],[-123.80737336416132,39.64943723639006],[-123.80877141873471,39.64939386903267],[-123.80875268727162,39.64903416102693],[-123.80782065564735,39.64906307421846],[-123.8078019289422,39.64870336613545],[-123.80640388698588,39.64874672244101],[-123.80590043806946,39.64804175446115],[-123.804968417958,39.64807064599327],[-123.80498713057366,39.64843035437875],[-123.80452111795512,39.64844479756684],[-123.80448369748147,39.647725380718725],[-123.8035516808401,39.6477542614953],[-123.80357038641121,39.648113970031865],[-123.80310437552781,39.648128407842144],[-123.80308567224355,39.6477686992317],[-123.80215365449894,39.64779756940062],[-123.80213495597229,39.647437860713005],[-123.80166894911109,39.647452293071666],[-123.80124033015578,39.64818614140379],[-123.80028961680408,39.64785528852308],[-123.80030830636701,39.64821499757686],[-123.79984229419703,39.64822942301147],[-123.79941365237266,39.648963265293254],[-123.79801560048796,39.6490065261284],[-123.79805295803015,39.64972594546955],[-123.79758693579403,39.64974036235959],[-123.79760561255354,39.65010007221014],[-123.79853766141628,39.650071236514385],[-123.79855634293348,39.650430946288076],[-123.79809031630691,39.65044536509379],[-123.79810899572074,39.65080507501212],[-123.79671090787807,39.65084832104253],[-123.79672958061425,39.65120803125314],[-123.79533148425817,39.651251261592634],[-123.79535015031657,39.651610972095426],[-123.79488411554371,39.651625378746274],[-123.79492144363675,39.652344800112054],[-123.79445540410607,39.65235920514237],[-123.794436742255,39.65199949435028],[-123.79303862942379,39.65204269861155],[-123.79301997461764,39.651682987669126],[-123.79255393892758,39.65169738547971],[-123.79212520370113,39.65243120377285],[-123.79165916307,39.65244559819472],[-123.79164051494202,39.65208588696026],[-123.7907084377041,39.652114670352354],[-123.79074572499462,39.65283409318699],[-123.7902796815263,39.6528484823783],[-123.79026104007664,39.65248877085185],[-123.7897949987123,39.65250315820139],[-123.78981363787473,39.65286286980152],[-123.78841550582064,39.65290602146262],[-123.78845277097172,39.65362544531764],[-123.7889188197475,39.65361106305138],[-123.78901199726769,39.65540962356278],[-123.78947805729696,39.65539523916012],[-123.7895153341624,39.656114663714526],[-123.78860183890366,39.656503143577446],[-123.7887509185609,39.659380846387045],[-123.78921700393609,39.65936646294224],[-123.78925428025798,39.66008588920912],[-123.78972037002526,39.6600715038487],[-123.78973901074879,39.660431217015315],[-123.78927291869378,39.660445602449414],[-123.78931019611522,39.66116502914381],[-123.78746443759545,39.66158226753543],[-123.78752032819808,39.662661409209676],[-123.7879864347127,39.6626470304068],[-123.78802370060613,39.663366458399075],[-123.7884898115133,39.66335207768053],[-123.78906775177029,39.66549598000015],[-123.78953387603872,39.66548159530277],[-123.78955251722371,39.665841309613576],[-123.79001864359687,39.66582692307408],[-123.79052206185885,39.66653196330742],[-123.79145432284074,39.66650318109142],[-123.79147297372802,39.666862895321856],[-123.7933561628663,39.667165023380655],[-123.79292734504503,39.6678988509702],[-123.79339348386304,39.66788445160915],[-123.79341214463663,39.66824416583078],[-123.79436309183197,39.668575075801385],[-123.79440042344956,39.66929450430748],[-123.79486657086981,39.66928009934584],[-123.79490390779814,39.66999952799083],[-123.79443775580137,39.67001393310007],[-123.79445642225262,39.67037364760387],[-123.79305795829615,39.6704168525419],[-123.79307661806595,39.67077656733875],[-123.79400893213045,39.67074776566769],[-123.79406492627113,39.671826910045745],[-123.7945310898932,39.671812506336],[-123.79447508888741,39.67073336217935],[-123.79587355805681,39.67069014110314],[-123.7958922317402,39.671049855528835],[-123.79682454817836,39.6710210324877],[-123.79684322662207,39.671380746837414],[-123.797309386854,39.671366332590175],[-123.79725334520887,39.670287189977714],[-123.79678719184193,39.67030160400336],[-123.79676851394922,39.66994188986871],[-123.79770081592282,39.6699130601966],[-123.79766345153541,39.66919363243769],[-123.79719730521694,39.66920804801029],[-123.79717862558701,39.668848334164416],[-123.79811091346379,39.66881950139848],[-123.79816696663406,39.669898642707764],[-123.79863311716159,39.66988422345044],[-123.79861443029951,39.66952450968293],[-123.79954672622674,39.66949566601054],[-123.79950934390097,39.66877623898597],[-123.79997548701247,39.66876181464486],[-123.80001287391465,39.66948124152161],[-123.80094516873899,39.669452387238266],[-123.80051641363272,39.670186242279655],[-123.80191486877136,39.67014295245282],[-123.80148611934496,39.67087681116995],[-123.80241843137217,39.670847945684066],[-123.80292200367805,39.6715529371377],[-123.8038356108021,39.67116434743218],[-123.80385432375485,39.67152406074476],[-123.80480536080904,39.671854890513906],[-123.80482407870659,39.6722146038219],[-123.80389175021241,39.67224348758504],[-123.80443277882871,39.67366790083342],[-123.80489895213753,39.673653457771536],[-123.80532768360173,39.67291958597075],[-123.80626002014505,39.67289069130016],[-123.8062412950141,39.67253097807074],[-123.8057751291229,39.67254542621627],[-123.80571896170002,39.671466286736354],[-123.80618512072611,39.67145183881294],[-123.80668873348596,39.67215681507301],[-123.80762105977078,39.672127910087255],[-123.80765852357891,39.67284733603002],[-123.80859085828047,39.67281842367377],[-123.8086095950377,39.673178136604626],[-123.8090757644005,39.67316367769956],[-123.80903828649352,39.67244425205779],[-123.80950445109525,39.67242979153236],[-123.80954193357906,39.67314921702593],[-123.8100081025733,39.67313475458373],[-123.80997061551268,39.672415329238376],[-123.81043677974583,39.67240086517584],[-123.81045552547236,39.672760577738515],[-123.81138785796233,39.67273164415951],[-123.81133160760557,39.671652507131476],[-123.8117977667089,39.671638037911585],[-123.81177901467045,39.67127832578648],[-123.81271132774727,39.671249382189416],[-123.81273008436237,39.67160909416619],[-123.81366240127802,39.6715801433467],[-123.8136811626542,39.671939855246855],[-123.81228268013905,39.67198327904582],[-123.81142535912213,39.67345106920363],[-123.81237645546157,39.67378184073521],[-123.81233894477926,39.673062415844164],[-123.81466978237431,39.67299003289052],[-123.81468854906534,39.673349744929226],[-123.81375621000399,39.673378703564765],[-123.81377497230265,39.673738415823635],[-123.81424114421404,39.67372393731597],[-123.81427867394191,39.67444336190075],[-123.81474485024569,39.67442888147609],[-123.81476361767493,39.67478859380198],[-123.81616215234426,39.67474514169375],[-123.81618092682362,39.6751048538688],[-123.81664710696603,39.67509036622127],[-123.81662833019817,39.674730654120445],[-123.81802686265186,39.674687180789],[-123.81752312321633,39.67398224997895],[-123.8165907772164,39.67401123013428],[-123.8165720010025,39.67365151824892],[-123.81703817180636,39.673637029129786],[-123.81698183740731,39.67255789412709],[-123.81651567346863,39.67257238302348],[-123.8164968979933,39.672212671425186],[-123.8169630596436,39.67219818260302],[-123.81690672746042,39.67111904846109],[-123.81783903647727,39.67109006595674],[-123.81785781826355,39.671449777117175],[-123.81739166155918,39.671464269327856],[-123.81746678139805,39.67290311498372],[-123.81793294725574,39.67288862247598],[-123.81789538239023,39.67216919965315],[-123.81836154348653,39.672154705525394],[-123.8184178979269,39.67323383964446],[-123.81888406570357,39.67321934352534],[-123.81890285317488,39.673579054967576],[-123.82030136226145,39.67353555577596],[-123.8203201567828,39.67389526706708],[-123.8222036459908,39.67419695415327],[-123.82270743200559,39.674901865860434],[-123.823639786931,39.67487283927595]],[[-123.81567720229953,39.67439991532096],[-123.81521102636489,39.67441439928281],[-123.81470731594091,39.6737094570397],[-123.81610583001401,39.67366600559947],[-123.81567720229953,39.67439991532096]],[[-123.82216603845586,39.673477532093926],[-123.82076753158734,39.673521052508285],[-123.82074873496241,39.67316134136327],[-123.82214723496577,39.67311782117193],[-123.82216603845586,39.673477532093926]],[[-123.8165720010025,39.67365151824892],[-123.81610583001401,39.67366600559947],[-123.81608705627318,39.673306293711654],[-123.81655322497325,39.673291806435344],[-123.8165720010025,39.67365151824892]],[[-123.82028256792489,39.673175844556624],[-123.81935023329545,39.67320484563765],[-123.8193126543303,39.67248542311701],[-123.82024497980629,39.67245642233322],[-123.82028256792489,39.673175844556624]],[[-123.82166226746601,39.672772618746336],[-123.82072993852232,39.672801630290024],[-123.82071114226707,39.67244191928851],[-123.81976002566695,39.672111212530986],[-123.81970365229442,39.67103207972596],[-123.82110211221719,39.67098857148364],[-123.82115850618426,39.67206770361981],[-123.8220908256049,39.672038688836395],[-123.82166226746601,39.672772618746336]],[[-123.81606828271694,39.67294658189561],[-123.81513594933978,39.67297555099411],[-123.81511718054492,39.67261583910136],[-123.81604950934533,39.67258687015133],[-123.81606828271694,39.67294658189561]],[[-123.8137186859601,39.672659279262305],[-123.81232018971477,39.67270270350629],[-123.8123014348347,39.67234299124019],[-123.81369992421492,39.67229956721873],[-123.8137186859601,39.672659279262305]],[[-123.82255698503788,39.672024178791915],[-123.8220908256049,39.672038688836395],[-123.8220720228544,39.671678978201314],[-123.82253817999911,39.6716644682312],[-123.82255698503788,39.672024178791915]],[[-123.81882770439809,39.67214020962911],[-123.81836154348653,39.672154705525394],[-123.81834275904252,39.67179499429583],[-123.81880891766575,39.67178049847383],[-123.81882770439809,39.67214020962911]],[[-123.8164968979933,39.672212671425186],[-123.81603073615835,39.67222715847877],[-123.81552703289526,39.67152222048545],[-123.81645934759649,39.67149324844368],[-123.8164968979933,39.672212671425186]],[[-123.81463224954594,39.67227060902835],[-123.81416608697269,39.67228508900782],[-123.81414732312363,39.671925377110135],[-123.81461348340856,39.671910897204874],[-123.81463224954594,39.67227060902835]],[[-123.8109029437946,39.672386399344745],[-123.81043677974583,39.67240086517584],[-123.81041803420362,39.672041152684876],[-123.81088419596404,39.672026686927936],[-123.8109029437946,39.672386399344745]],[[-123.82393665032352,39.6716209277097],[-123.82347049373368,39.67163544298538],[-123.82343287505783,39.670916022376446],[-123.82389902707118,39.670901507249546],[-123.82393665032352,39.6716209277097]],[[-123.82300433695886,39.67164995649254],[-123.82253817999911,39.6716644682312],[-123.82251937514525,39.67130475774215],[-123.82298552981673,39.67129024607787],[-123.82300433695886,39.67164995649254]],[[-123.8080872226369,39.67211345494157],[-123.80762105977078,39.672127910087255],[-123.807602328143,39.67176819722349],[-123.80806848872078,39.671753742151864],[-123.8080872226369,39.67211345494157]],[[-123.82251937514525,39.67130475774215],[-123.82158706524753,39.67133377576522],[-123.82156826515511,39.67097406519919],[-123.82203441790816,39.67095955714625],[-123.82153066552486,39.67025464428207],[-123.82246296169318,39.67022562670504],[-123.82251937514525,39.67130475774215]],[[-123.81879013111816,39.67142078739024],[-123.81832397478321,39.67143528313797],[-123.81830519070863,39.67107557205181],[-123.81877134475532,39.67106107637837],[-123.81879013111816,39.67142078739024]],[[-123.81086544831786,39.67166697458284],[-123.81039928884577,39.67168144026568],[-123.81038054367225,39.67132172791818],[-123.810846700856,39.671307262309476],[-123.81086544831786,39.67166697458284]],[[-123.80900080932359,39.67172482670299],[-123.8085346491143,39.67173928531169],[-123.80851591309408,39.67137957266779],[-123.80898207101505,39.67136511413318],[-123.80900080932359,39.67172482670299]],[[-123.81970365229442,39.67103207972596],[-123.81923749861726,39.67104657893641],[-123.81921871015089,39.67068686807049],[-123.81968486153983,39.67067236893435],[-123.81970365229442,39.67103207972596]],[[-123.81410979597912,39.67120595352992],[-123.81364364008634,39.671220431518286],[-123.81362487907911,39.67086071976152],[-123.81409103268363,39.670846241847364],[-123.81410979597912,39.67120595352992]],[[-123.81317748400903,39.671234907738096],[-123.81271132774727,39.671249382189416],[-123.81269257131662,39.67088967028432],[-123.81315872529011,39.67087519590718],[-123.81317748400903,39.671234907738096]],[[-123.80711743822584,39.67142293766046],[-123.80665127956806,39.67143738912096],[-123.80663255288533,39.671077676252516],[-123.8070987092548,39.67106322486606],[-123.80711743822584,39.67142293766046]],[[-123.80571896170002,39.671466286736354],[-123.80525280248983,39.671480732891254],[-123.80519664358883,39.67040159383467],[-123.80614767212143,39.67073241299961],[-123.80571896170002,39.671466286736354]],[[-123.82061716376333,39.670643365356554],[-123.82015101274396,39.6706578680297],[-123.8201322198859,39.670298157383996],[-123.82059836861706,39.67028365478516],[-123.82061716376333,39.670643365356554]],[[-123.81735410274783,39.670744846930155],[-123.81688795043532,39.67075933722384],[-123.81685039693905,39.67003991496425],[-123.81731654467508,39.67002542481908],[-123.81735410274783,39.670744846930155]],[[-123.81548949239007,39.670802797493856],[-123.81502333933915,39.67081728071352],[-123.81500457165166,39.670457569251],[-123.81547072241436,39.670443086105536],[-123.81548949239007,39.670802797493856]],[[-123.80989564360326,39.67097647940849],[-123.80942948833915,39.670990941406025],[-123.80941074811085,39.670631229053676],[-123.80987690108667,39.67061676713022],[-123.80989564360326,39.67097647940849]],[[-123.80756486544011,39.6710487717111],[-123.8070987092548,39.67106322486606],[-123.80707998046795,39.67070351214332],[-123.80754613436496,39.67068905906245],[-123.80756486544011,39.6710487717111]],[[-123.81593687299247,39.67042860119159],[-123.81547072241436,39.670443086105536],[-123.81545195262318,39.670083374788916],[-123.81591810091307,39.67006888994917],[-123.81593687299247,39.67042860119159]],[[-123.8112753589082,39.670573370748805],[-123.81080920648537,39.67058783797779],[-123.8107904595766,39.67022812591947],[-123.81125660971118,39.67021365876461],[-123.8112753589082,39.670573370748805]],[[-123.81034305387819,39.670602303438244],[-123.80987690108667,39.67061676713022],[-123.8098581587544,39.67025705492366],[-123.81032430925764,39.6702425913058],[-123.81034305387819,39.670602303438244]],[[-123.80381689803336,39.670804634191285],[-123.80335074266361,39.670819073124086],[-123.80333203236718,39.670459359880915],[-123.80379818544864,39.67044492102211],[-123.80381689803336,39.670804634191285]],[[-123.82197801187544,39.66988042610106],[-123.82151186598703,39.66989493393099],[-123.82149306663405,39.669535223651515],[-123.82195921023433,39.66952071589592],[-123.82197801187544,39.66988042610106]],[[-123.82104571991374,39.669909439992445],[-123.8205795736556,39.669923944285436],[-123.820560778879,39.669564233857315],[-123.82102692284896,39.669549729638646],[-123.82104571991374,39.669909439992445]],[[-123.81778269222647,39.67001093290543],[-123.81731654467508,39.67002542481908],[-123.81729776591574,39.66966571387099],[-123.81776391117891,39.66965122203158],[-123.81778269222647,39.67001093290543]],[[-123.81638424901838,39.67005440334096],[-123.81591810091307,39.67006888994917],[-123.81589932901831,39.6697091787784],[-123.81636547483541,39.6696946922444],[-123.81638424901838,39.67005440334096]],[[-123.8107904595766,39.67022812591947],[-123.81032430925764,39.6702425913058],[-123.81030556482145,39.669882879244994],[-123.81077171285216,39.669868413932775],[-123.8107904595766,39.67022812591947]],[[-123.8098581587544,39.67025705492366],[-123.80939200806682,39.67027151677301],[-123.80937326820707,39.669911804564016],[-123.80983941660641,39.669897342788744],[-123.8098581587544,39.67025705492366]],[[-123.80845970613886,39.67030043516624],[-123.80799355489853,39.6703148917101],[-123.80797482190351,39.669955179278844],[-123.80844097085561,39.66994072280904],[-123.80845970613886,39.67030043516624]],[[-123.80752740347397,39.67032934648545],[-123.80706125186524,39.67034379949231],[-123.80704252344673,39.66998408691292],[-123.80750867276721,39.66996963398013],[-123.80752740347397,39.67032934648545]],[[-123.80519664358883,39.67040159383467],[-123.80473049105949,39.670416037999],[-123.80471177408224,39.67005632504947],[-123.80517792432333,39.67004188095916],[-123.80519664358883,39.67040159383467]],[[-123.80426433834609,39.67043048039481],[-123.80379818544864,39.67044492102211],[-123.80377947304791,39.6700852079246],[-123.80424562365708,39.67007076737129],[-123.80426433834609,39.67043048039481]],[[-123.79680586991829,39.670661318209696],[-123.79633971407937,39.67067573054069],[-123.7963210382913,39.670316016260514],[-123.79678719184193,39.67030160400336],[-123.79680586991829,39.670661318209696]],[[-123.8191623458603,39.66960773590253],[-123.81869620115124,39.66962223304738],[-123.81867741571205,39.66926252239366],[-123.81914355813298,39.669248025323114],[-123.8191623458603,39.66960773590253]],[[-123.81450089045956,39.66975262776951],[-123.81403474390422,39.669767107229596],[-123.81401598134674,39.6694073958336],[-123.81448212561389,39.669392916447705],[-123.81450089045956,39.66975262776951]],[[-123.81123786069851,39.669853946852044],[-123.81077171285216,39.669868413932775],[-123.81075296631205,39.66950870201771],[-123.8112191118702,39.6694942350111],[-123.81123786069851,39.669853946852044]],[[-123.80704252344673,39.66998408691292],[-123.80657637394206,39.66999853807723],[-123.80655764799592,39.66963882549541],[-123.80702379521234,39.66962437440517],[-123.80704252344673,39.66998408691292]],[[-123.80238102011643,39.670128518973506],[-123.80191486877136,39.67014295245282],[-123.80189616570766,39.66978323913106],[-123.80236231476447,39.6697688057257],[-123.80238102011643,39.670128518973506]],[[-123.82380497217751,39.66910295735282],[-123.82333883160506,39.66911747210788],[-123.82283507933738,39.66841256533952],[-123.82376735151485,39.66838353789531],[-123.82380497217751,39.66910295735282]],[[-123.82147426746596,39.669175513443626],[-123.82100812596897,39.669190019356435],[-123.82098932927387,39.668830309145804],[-123.82145546848271,39.66881580330732],[-123.82147426746596,39.669175513443626]],[[-123.82054198428719,39.66920452350078],[-123.82007584242056,39.669219025876686],[-123.82005705030167,39.66885931551745],[-123.82052318988018,39.668844813215856],[-123.82054198428719,39.66920452350078]],[[-123.81960970036914,39.66923352648415],[-123.81914355813298,39.669248025323114],[-123.81912477059036,39.66888831481531],[-123.8195909105384,39.668873816050606],[-123.81960970036914,39.66923352648415]],[[-123.81867741571205,39.66926252239366],[-123.8182112731064,39.66927701769574],[-123.81817370735843,39.6685575964546],[-123.81863984538782,39.668543101301076],[-123.81867741571205,39.66926252239366]],[[-123.81774513031606,39.669291511229346],[-123.81681284418134,39.66932049299121],[-123.81677529216216,39.66860107130454],[-123.81770756914433,39.66857208983969],[-123.81774513031606,39.669291511229346]],[[-123.81401598134674,39.6694073958336],[-123.8135498368951,39.66942187345104],[-123.81353107681029,39.66906216205248],[-123.81399721897377,39.66904768450923],[-123.81401598134674,39.6694073958336]],[[-123.81261754743842,39.669450823380494],[-123.81215140243341,39.669465295692504],[-123.81213264921313,39.66910558407146],[-123.81259879192994,39.6690911118336],[-123.81261754743842,39.669450823380494]],[[-123.8093545285316,39.669552092426606],[-123.80888838223622,39.66956655235928],[-123.80886964503323,39.66920684021943],[-123.80933578904043,39.66919238036086],[-123.8093545285316,39.669552092426606]],[[-123.80842223575655,39.66958101052348],[-123.8079560890927,39.6695954669192],[-123.80793735646608,39.6692357546312],[-123.80840350084178,39.66922129830955],[-123.80842223575655,39.66958101052348]],[[-123.80329461232627,39.66973993360955],[-123.80282846363737,39.669754370551885],[-123.80280975618109,39.66939465744971],[-123.80327590258179,39.66938022058133],[-123.80329461232627,39.66973993360955]],[[-123.82098932927387,39.668830309145804],[-123.82052318988018,39.668844813215856],[-123.82050439565799,39.66848510300252],[-123.82097053276357,39.668470599006774],[-123.82098932927387,39.668830309145804]],[[-123.81632792702328,39.6689752702661],[-123.81539564435714,39.66900424126872],[-123.81537687530427,39.668644530238524],[-123.81630915339413,39.66861555938434],[-123.81632792702328,39.6689752702661]],[[-123.79721598503055,39.66956776192777],[-123.79535138876712,39.669625406828565],[-123.79533271810648,39.66926569261572],[-123.79719730521694,39.66920804801029],[-123.79721598503055,39.66956776192777]],[[-123.82516575839377,39.66833998346576],[-123.82469962295247,39.66835450337737],[-123.82468080832247,39.66799479390468],[-123.82514694147571,39.66798027406747],[-123.82516575839377,39.66833998346576]],[[-123.82423348732617,39.66836902152055],[-123.82376735151485,39.66838353789531],[-123.82374854146096,39.66802382827385],[-123.82421467498422,39.66800931197348],[-123.82423348732617,39.66836902152055]],[[-123.82283507933738,39.66841256533952],[-123.82236894297124,39.668427076408975],[-123.82235013978155,39.66806736656447],[-123.82281627385963,39.668052855569364],[-123.82283507933738,39.66841256533952]],[[-123.81537687530427,39.668644530238524],[-123.81491073598248,39.66865901301294],[-123.81489196940227,39.66829930198011],[-123.81535810643594,39.668284819279904],[-123.81537687530427,39.668644530238524]],[[-123.80512176763122,39.66896274276245],[-123.80465562425479,39.66897718663073],[-123.80463690801375,39.66861747396772],[-123.80510304910202,39.66860303017343],[-123.80512176763122,39.66896274276245]],[[-123.80372333694982,39.6690060690619],[-123.80325719302131,39.66902050762477],[-123.80323848364478,39.66866079473978],[-123.80370462528512,39.66864635625089],[-123.80372333694982,39.6690060690619]],[[-123.801858760132,39.6690638127025],[-123.80139261546773,39.669078244191454],[-123.80137391524397,39.66871853101066],[-123.80184005762003,39.66870409959563],[-123.801858760132,39.6690638127025]],[[-123.79906188938847,39.669150375109],[-123.79859574362119,39.66916479598705],[-123.79855837081578,39.66844536881012],[-123.79902451200668,39.668430948079845],[-123.79906188938847,39.669150375109]],[[-123.82328240775277,39.66803834280581],[-123.82281627385963,39.668052855569364],[-123.82275985853586,39.66697372668803],[-123.82322598556493,39.66695921414756],[-123.82328240775277,39.66803834280581]],[[-123.8218840055186,39.668081875791174],[-123.82141787107079,39.668096383249434],[-123.82139907264208,39.6677366733278],[-123.82186520480187,39.66772216594387],[-123.8218840055186,39.668081875791174]],[[-123.8209517364381,39.66811088893928],[-123.82048560162062,39.66812539286071],[-123.82044801410024,39.66740597279171],[-123.82091414434164,39.66739146901891],[-123.8209517364381,39.66811088893928]],[[-123.81768878883547,39.668212379252225],[-123.81722265272482,39.66822687079462],[-123.81716631977045,39.66714773923869],[-123.81807979622059,39.66675904460382],[-123.81809857807879,39.66711875483093],[-123.81856470695594,39.667104259974444],[-123.81860227580246,39.667823680494685],[-123.81765122877181,39.6674929582919],[-123.81768878883547,39.668212379252225]],[[-123.81442583218404,39.668313782911895],[-123.81395969478132,39.66832826207524],[-123.81394093296184,39.66796855096558],[-123.81440706807646,39.66795407187643],[-123.81442583218404,39.668313782911895]],[[-123.82466199387748,39.66763508450353],[-123.82419586282724,39.66764960249794],[-123.82415823906827,39.66693018376142],[-123.82462436554249,39.66691566591576],[-123.82466199387748,39.66763508450353]],[[-123.82233133677676,39.66770765679149],[-123.82186520480187,39.66772216594387],[-123.82184640426998,39.66736245616809],[-123.82231253395688,39.66734794709007],[-123.82233133677676,39.66770765679149]],[[-123.8158054723132,39.667910623998374],[-123.81485443679544,39.667579880129125],[-123.81528303280817,39.66684597616077],[-123.81621528801742,39.666817006048724],[-123.81623406072356,39.667176716572804],[-123.81670019033932,39.66716222878994],[-123.81671896551809,39.667521939311314],[-123.81578670152592,39.66755091325705],[-123.8158054723132,39.667910623998374]],[[-123.80927957167245,39.668113244593144],[-123.8088134345297,39.66812770422947],[-123.80879469806369,39.66776799237597],[-123.80926083291833,39.66775353281373],[-123.80927957167245,39.668113244593144]],[[-123.8055504693729,39.668228872167255],[-123.80508433075686,39.668243317655985],[-123.80504689461873,39.66752389283584],[-123.80551302865855,39.66750944749512],[-123.8055504693729,39.668228872167255]],[[-123.82184640426998,39.66736245616809],[-123.82138027439825,39.667376963477714],[-123.82134267846509,39.66665754399199],[-123.82180880376083,39.66664303683102],[-123.82184640426998,39.66736245616809]],[[-123.81998188367405,39.6674204747961],[-123.81951575306306,39.66743497503209],[-123.81949696415612,39.66707526495627],[-123.81996309247907,39.66706076479458],[-123.81998188367405,39.6674204747961]],[[-123.81345603831579,39.66762331717405],[-123.81298990512029,39.66763779265217],[-123.81297114824588,39.66727808153725],[-123.81343727915332,39.667263606133275],[-123.81345603831579,39.66762331717405]],[[-123.80413333938775,39.66791249073426],[-123.8036672025077,39.66792693084364],[-123.80364849139497,39.667567218247356],[-123.80411462598691,39.66755277821196],[-123.80413333938775,39.66791249073426]],[[-123.80320106544364,39.667941369184575],[-123.80273492819565,39.66795580575707],[-123.80271622165918,39.66759609301285],[-123.80318235661905,39.667581656514336],[-123.80320106544364,39.667941369184575]],[[-123.79853968468872,39.66808565532906],[-123.79760740633208,39.66811449133648],[-123.79758872496507,39.667754777779244],[-123.7985209987454,39.66772594191958],[-123.79853968468872,39.66808565532906]],[[-123.82415823906827,39.66693018376142],[-123.82369211240908,39.66694469983868],[-123.823673303095,39.66658499050329],[-123.82413942746624,39.66657047450039],[-123.82415823906827,39.66693018376142]],[[-123.82042922061727,39.66704626286449],[-123.81996309247907,39.66706076479458],[-123.8199443014689,39.666701054864554],[-123.8204104273191,39.66668655300876],[-123.82042922061727,39.66704626286449]],[[-123.81716631977045,39.66714773923869],[-123.81670019033932,39.66716222878994],[-123.81668141534514,39.666802518340106],[-123.81714754248829,39.66678802886307],[-123.81716631977045,39.66714773923869]],[[-123.81297114824588,39.66727808153725],[-123.81250501715402,39.6672925551728],[-123.81248626275207,39.666932844055246],[-123.81295239155592,39.66691837049384],[-123.81297114824588,39.66727808153725]],[[-123.80970822673078,39.66737935984924],[-123.80924209434848,39.66739382110583],[-123.80922335596286,39.667034109469455],[-123.80968948605712,39.66701964828697],[-123.80970822673078,39.66737935984924]],[[-123.823673303095,39.66658499050329],[-123.82274105379774,39.66661401720392],[-123.82272224924453,39.666254307791284],[-123.82365449396592,39.66622528123937],[-123.823673303095,39.66658499050329]],[[-123.82134267846509,39.66665754399199],[-123.8208765529845,39.66667204938457],[-123.82085775758313,39.666312339674626],[-123.82132388077576,39.66629783435638],[-123.82134267846509,39.66665754399199]],[[-123.81528303280817,39.66684597616077],[-123.81481690492673,39.66686045856421],[-123.81479813926916,39.66650074788903],[-123.8152642648626,39.66648626555979],[-123.81528303280817,39.66684597616077]],[[-123.81435077686076,39.66687493919923],[-123.81341852017533,39.66690389516405],[-123.81339976138177,39.66654418426633],[-123.81433201349118,39.66651522844986],[-123.81435077686076,39.66687493919923]],[[-123.81202013376381,39.666947315848226],[-123.8106217456928,39.66699072061671],[-123.81060300062735,39.666631009274155],[-123.81200138183429,39.66658760472805],[-123.81202013376381,39.666947315848226]],[[-123.8082910952216,39.6670630265292],[-123.80782496457464,39.667077482406455],[-123.80780623323741,39.66671777061941],[-123.80827236159631,39.66670331481622],[-123.8082910952216,39.6670630265292]],[[-123.80362978046624,39.667207505722615],[-123.80316364797842,39.66722194391563],[-123.80314493952176,39.66686223138846],[-123.80361106972151,39.66684779326943],[-123.80362978046624,39.667207505722615]],[[-123.82085775758313,39.666312339674626],[-123.81899326296472,39.66637034326387],[-123.81897447689997,39.66601063332823],[-123.81988792954695,39.665621925503316],[-123.81990672000282,39.66598163521893],[-123.8208389623666,39.66595263003614],[-123.82085775758313,39.666312339674626]],[[-123.81759489006124,39.66641382738776],[-123.81712876539073,39.66642831855894],[-123.81710998847782,39.66606860832628],[-123.81757611086036,39.66605411722934],[-123.81759489006124,39.66641382738776]],[[-123.81666264053561,39.66644280796175],[-123.81573039027151,39.66647178146217],[-123.81612142725548,39.665018454500434],[-123.8165875431435,39.66500396716292],[-123.81662509147033,39.66572338741945],[-123.81709121174956,39.6657088981651],[-123.81666264053561,39.66644280796175]],[[-123.81479813926916,39.66650074788903],[-123.81433201349118,39.66651522844986],[-123.81429448730557,39.66579580716551],[-123.81522672952511,39.66576684457222],[-123.81479813926916,39.66650074788903]],[[-123.81339976138177,39.66654418426633],[-123.81293363505038,39.66655865952197],[-123.81291487872927,39.66619894862155],[-123.8133810027727,39.66618447344009],[-123.81339976138177,39.66654418426633]],[[-123.81246750853455,39.666573133009216],[-123.81200138183429,39.66658760472805],[-123.81198263008919,39.666227893679356],[-123.81244875450143,39.666213422034645],[-123.81246750853455,39.666573133009216]],[[-123.80034815446078,39.66694882296567],[-123.79988202297376,39.6669632487057],[-123.79984463864493,39.666243822830815],[-123.80031076555584,39.66622939723859],[-123.80034815446078,39.66694882296567]],[[-123.82316956504147,39.66588008613268],[-123.82223732452611,39.66590910899918],[-123.8221809193943,39.66482998118123],[-123.82171480572296,39.66484448973893],[-123.82167720780177,39.66412507140199],[-123.82356045109455,39.66442673599124],[-123.82357925929892,39.664786444898034],[-123.82264703288074,39.664815470855174],[-123.82266583669436,39.66517517998207],[-123.82313195228377,39.665160667813346],[-123.82316956504147,39.66588008613268]],[[-123.81291487872927,39.66619894862155],[-123.81244875450143,39.666213422034645],[-123.81243000065272,39.665853711131554],[-123.8128961225926,39.66583923779261],[-123.81291487872927,39.66619894862155]],[[-123.80871975404195,39.66632914567719],[-123.80825362815527,39.666343603174724],[-123.80823489489839,39.66598389160469],[-123.8087010184971,39.66596943418125],[-123.80871975404195,39.66632914567719]],[[-123.80499074179191,39.66644475614212],[-123.80452461443221,39.66645919949239],[-123.8045058994794,39.66609948733018],[-123.80497202455108,39.66608504405387],[-123.80499074179191,39.66644475614212]],[[-123.80405848688847,39.666473641074276],[-123.80312623124902,39.66650251893279],[-123.80310752316028,39.66614280654862],[-123.80403977422367,39.66611392883805],[-123.80405848688847,39.666473641074276]],[[-123.81336224434804,39.66582476268529],[-123.8128961225926,39.66583923779261],[-123.81287736664036,39.66547952703515],[-123.81334348610785,39.665465052002],[-123.81336224434804,39.66582476268529]],[[-123.81243000065272,39.665853711131554],[-123.8114977562198,39.665882652504315],[-123.8114790071314,39.665522941524415],[-123.81241124698842,39.66549400029995],[-123.81243000065272,39.665853711131554]],[[-123.80776877111549,39.665998347259766],[-123.8073026471484,39.666012801146444],[-123.80728391865169,39.66565308949982],[-123.8077500403308,39.66563863568718],[-123.80776877111549,39.665998347259766]],[[-123.79984463864493,39.666243822830815],[-123.79937851155023,39.666258246654635],[-123.79932244329945,39.665179108156785],[-123.80027337738619,39.665509971797476],[-123.79984463864493,39.666243822830815]],[[-123.79891238427174,39.666272668710036],[-123.79844625680951,39.66628708899703],[-123.79840888694396,39.665567662964804],[-123.79887500983014,39.66555324282557],[-123.79891238427174,39.666272668710036]],[[-123.82033525597426,39.6652477143005],[-123.8198691392758,39.66526221585913],[-123.81985034918947,39.664902506286346],[-123.82031646360002,39.66488800480201],[-123.82033525597426,39.6652477143005]],[[-123.8147418434036,39.66542161629226],[-123.81334348610785,39.665465052002],[-123.81332472805212,39.66510534139009],[-123.81285861087254,39.6651198163491],[-123.81282109989014,39.6644003951913],[-123.81373456512303,39.66401173347801],[-123.81377208488804,39.66473115419642],[-123.81423819941082,39.664716675774834],[-123.8147418434036,39.66542161629226]],[[-123.80681779678842,39.665667541544046],[-123.80635167474105,39.665681991819895],[-123.80631422745189,39.664962568444814],[-123.80678034492337,39.664948118317014],[-123.80681779678842,39.665667541544046]],[[-123.80215656803227,39.66581196472498],[-123.8012243200734,39.665840828140446],[-123.80072080344019,39.66513583204522],[-123.80165304261486,39.66510697246227],[-123.80215656803227,39.66581196472498]],[[-123.8212486918668,39.66485899652831],[-123.82078257782582,39.66487350154934],[-123.8207637833485,39.664513792196544],[-123.82122989510162,39.66449928724983],[-123.8212486918668,39.66485899652831]],[[-123.8179858896998,39.66496049454019],[-123.81751977436568,39.66497498718279],[-123.81750099590339,39.664615277310126],[-123.81796710894966,39.66460078474178],[-123.8179858896998,39.66496049454019]],[[-123.81146025822736,39.66516323061596],[-123.81099414031021,39.66517769850151],[-123.81097539387844,39.66481798759037],[-123.81144150950766,39.66480351977894],[-123.81146025822736,39.66516323061596]],[[-123.80866354796005,39.665250011403735],[-123.80726519033915,39.665293377924606],[-123.80724646221073,39.66493366642084],[-123.80817869623301,39.66490475732342],[-123.80814123137706,39.66418533482636],[-123.80767511903382,39.664199790111155],[-123.80765638916998,39.66384007889565],[-123.80858860909657,39.66381116670583],[-123.80866354796005,39.665250011403735]],[[-123.80540071093324,39.665351175195134],[-123.80493459062156,39.665365620091826],[-123.80489715742817,39.66464619641556],[-123.80582938871576,39.66461730514985],[-123.80540071093324,39.665351175195134]],[[-123.81936544698038,39.66455729642668],[-123.81843322181126,39.66458629040509],[-123.81839565628928,39.66386687117088],[-123.81656876925697,39.66464425714177],[-123.81653122203771,39.66392483731369],[-123.81558023504718,39.66359409981971],[-123.81556146647462,39.66323438993566],[-123.81602757110801,39.66321990473751],[-123.81599002994098,39.6625004853318],[-123.8164561298143,39.662485998513745],[-123.81647490259328,39.66284570810677],[-123.81832052746154,39.6624280335587],[-123.81789198779572,39.66316194626184],[-123.81882419503172,39.663132956414145],[-123.81880541062937,39.66277324712103],[-123.8192715116826,39.66275874961897],[-123.81932787230708,39.66383787748955],[-123.81886176439055,39.663852375214375],[-123.81936544698038,39.66455729642668]],[[-123.81190762495252,39.66478905019914],[-123.81144150950766,39.66480351977894],[-123.81142276097232,39.664443809013335],[-123.81188887412932,39.664429339507656],[-123.81190762495252,39.66478905019914]],[[-123.81050927806488,39.66483245363345],[-123.81004316206705,39.66484691790817],[-123.81002442039537,39.66448720692024],[-123.81049053410534,39.664472742719624],[-123.81050927806488,39.66483245363345]],[[-123.80957704588491,39.66486138041451],[-123.80911092951851,39.664875841152515],[-123.80909219242263,39.66451613001642],[-123.80955830650115,39.6645016693525],[-123.80957704588491,39.66486138041451]],[[-123.80211916192641,39.6650925400182],[-123.80165304261486,39.66510697246227],[-123.80163434212574,39.66474726014209],[-123.80210045914932,39.66473282777199],[-123.80211916192641,39.6650925400182]],[[-123.80072080344019,39.66513583204522],[-123.8002546835771,39.66515025918413],[-123.80021729651031,39.664430834171746],[-123.80068341179755,39.66441640718065],[-123.80072080344019,39.66513583204522]],[[-123.79932244329945,39.665179108156785],[-123.79885632288499,39.66519352999053],[-123.79883763612355,39.66483381722696],[-123.79930375425008,39.66481939546709],[-123.79932244329945,39.665179108156785]],[[-123.79839020228677,39.6652079500559],[-123.79792408150482,39.66522236835287],[-123.79790539931932,39.66486265544157],[-123.7983715178133,39.66484823721845],[-123.79839020228677,39.6652079500559]],[[-123.81468554919863,39.66434248533841],[-123.81421943714821,39.66435696545413],[-123.81418191317644,39.66363754502683],[-123.8146480206512,39.66362306505944],[-123.81468554919863,39.66434248533841]],[[-123.81235498710191,39.66441486823366],[-123.81188887412932,39.664429339507656],[-123.81185137303596,39.66370991833886],[-123.81231748143288,39.663695447213115],[-123.81235498710191,39.66441486823366]],[[-123.81002442039537,39.66448720692024],[-123.80955830650115,39.6645016693525],[-123.80953956730161,39.66414195836189],[-123.81000567890797,39.664127496003715],[-123.81002442039537,39.66448720692024]],[[-123.80303269264478,39.664703957726665],[-123.80256657598902,39.664718393633514],[-123.80254787110793,39.66435868153267],[-123.80301398547577,39.66434424569976],[-123.80303269264478,39.664703957726665]],[[-123.82352283524057,39.66370731839172],[-123.82305672898737,39.66372183203142],[-123.8230003134566,39.662642705944194],[-123.82346641284653,39.66262819252756],[-123.82352283524057,39.66370731839172]],[[-123.82259062254927,39.663736343902784],[-123.82165840911844,39.663765362340584],[-123.82163961061994,39.66340565335053],[-123.82257181947523,39.66337663506137],[-123.82259062254927,39.663736343902784]],[[-123.8132684549915,39.66402620998291],[-123.81280234467556,39.66404068471947],[-123.81278358964542,39.66368097431902],[-123.81324969767353,39.663666499656614],[-123.8132684549915,39.66402620998291]],[[-123.80720900650638,39.6642142436276],[-123.80674289379482,39.664228695375705],[-123.8067241685067,39.66386898401212],[-123.8071902789304,39.66385453233807],[-123.80720900650638,39.6642142436276]],[[-123.80208175655615,39.664373115597215],[-123.80161564182048,39.664387547893384],[-123.8015969416991,39.664027835716055],[-123.80206305414688,39.664013403493804],[-123.80208175655615,39.664373115597215]],[[-123.82163961061994,39.66340565335053],[-123.82117350591504,39.66342015984266],[-123.82113591404806,39.66270074192791],[-123.82160201417747,39.6626862355844],[-123.82163961061994,39.66340565335053]],[[-123.81418191317644,39.66363754502683],[-123.81371580551722,39.66365202322588],[-123.81369704609585,39.663292313045126],[-123.81416315146728,39.66327783492023],[-123.81418191317644,39.66363754502683]],[[-123.81185137303596,39.66370991833886],[-123.81138526445469,39.66372438769628],[-123.81136651647238,39.663364677144834],[-123.81183262276583,39.66335020786152],[-123.81185137303596,39.66370991833886]],[[-123.80066471625197,39.66405669485549],[-123.80019860325265,39.66407112177267],[-123.80017991017878,39.663711409445014],[-123.80064602089021,39.66369698260173],[-123.80066471625197,39.66405669485549]],[[-123.79786803549942,39.66414322983319],[-123.7974019213976,39.66415764614022],[-123.79736456288822,39.66343822066981],[-123.79783067241428,39.663423804510494],[-123.79786803549942,39.66414322983319]],[[-123.81369704609585,39.663292313045126],[-123.81183262276583,39.66335020786152],[-123.81181387268009,39.66299049745553],[-123.81274608013833,39.66296155373224],[-123.8127273256614,39.66260184354582],[-123.81319342682615,39.66258736910586],[-123.81369704609585,39.663292313045126]],[[-123.80670544340273,39.663509272719956],[-123.80623933508275,39.663523722551666],[-123.80622061245074,39.663164011256825],[-123.80668671848288,39.66314956149915],[-123.80670544340273,39.663509272719956]],[[-123.80017991017878,39.663711409445014],[-123.79971379928354,39.66372583451994],[-123.79969510868133,39.663366122189764],[-123.80016121728872,39.66335169718873],[-123.80017991017878,39.663711409445014]],[[-123.82020371323486,39.66272974931004],[-123.81973761255111,39.66274425034866],[-123.81971882375798,39.66238454127537],[-123.82018492215401,39.662370040311025],[-123.82020371323486,39.66272974931004]],[[-123.8057545062345,39.66317845924619],[-123.8052883998342,39.66319290546721],[-123.80526968196185,39.66283319409569],[-123.80573578607437,39.66281874794868],[-123.8057545062345,39.66317845924619]],[[-123.80389007952908,39.66323623352034],[-123.80342397239272,39.663250672668056],[-123.80340526367166,39.662890961000635],[-123.80387136852018,39.66287652192686],[-123.80389007952908,39.66323623352034]],[[-123.82298150864946,39.66228299739106],[-123.82251541136233,39.66229750896509],[-123.82249660902778,39.66193780040892],[-123.82296270402725,39.661923288909236],[-123.82298150864946,39.66228299739106]],[[-123.81226122431222,39.66261631621749],[-123.81132902106079,39.66264525625592],[-123.81129152638655,39.66192583565231],[-123.81175762352898,39.6619113666655],[-123.81226122431222,39.66261631621749]],[[-123.80853240688317,39.66273203393188],[-123.8080663038754,39.6627464906888],[-123.80804757246045,39.662386779832765],[-123.80851367318043,39.66237232314992],[-123.80853240688317,39.66273203393188]],[[-123.80526968196185,39.66283319409569],[-123.80480357766531,39.6628476384744],[-123.80519481231292,39.66139434932293],[-123.80426262183786,39.661423235720164],[-123.80465385961367,39.65996994947737],[-123.80511994560852,39.65995550569056],[-123.80513866200859,39.660315216491796],[-123.80560475010707,39.66030077086273],[-123.80564218803457,39.66102019253093],[-123.80610828052433,39.6610057449856],[-123.80612700205185,39.661365455852575],[-123.80566090727442,39.66137990347189],[-123.80571706609828,39.66245903672252],[-123.80525096427355,39.66247348279555],[-123.80526968196185,39.66283319409569]],[[-123.80293915863915,39.66290539830606],[-123.80247305342273,39.662919833843155],[-123.80245434946123,39.662560122099194],[-123.80292045238984,39.66254568663604],[-123.80293915863915,39.66290539830606]],[[-123.82016613125793,39.66201033138333],[-123.8197000351496,39.6620248322734],[-123.81968124672595,39.6616651233427],[-123.82014734054663,39.66165062252693],[-123.82016613125793,39.66201033138333]],[[-123.81923393885654,39.66203933139519],[-123.81830174571627,39.66206832433392],[-123.81828296415567,39.661708615180466],[-123.81921515272057,39.66167962239023],[-123.81923393885654,39.66203933139519]],[[-123.81736955183734,39.66209731019958],[-123.81643735721993,39.66212628899208],[-123.81641858481011,39.661766579541705],[-123.81735077485214,39.66173760089764],[-123.81736955183734,39.66209731019958]],[[-123.81317467024589,39.66222765906492],[-123.81270857136887,39.662242133430745],[-123.81268981726073,39.661882423386984],[-123.81315591385001,39.66186794909528],[-123.81317467024589,39.66222765906492]],[[-123.79592888916062,39.6627620329098],[-123.79546278347576,39.662776441848116],[-123.79544411401515,39.662416729067395],[-123.79591021741219,39.662402320202894],[-123.79592888916062,39.6627620329098]],[[-123.81641858481011,39.661766579541705],[-123.8159524895122,39.66178106621135],[-123.81587741086926,39.66034222882554],[-123.81634349701658,39.66032774245272],[-123.81641858481011,39.661766579541705]],[[-123.81268981726073,39.661882423386984],[-123.81175762352898,39.6619113666655],[-123.81173887418063,39.66155165654473],[-123.81265230959765,39.66116300351323],[-123.81268981726073,39.661882423386984]],[[-123.81035933154875,39.66195476832113],[-123.8098932338534,39.661969232003095],[-123.80987449365593,39.66160952158593],[-123.81034058906354,39.66159505797805],[-123.81035933154875,39.66195476832113]],[[-123.8094271359738,39.661983693916774],[-123.80849493966191,39.662012612439256],[-123.80847620632758,39.661652901799904],[-123.80938966033848,39.66126427300558],[-123.8094271359738,39.661983693916774]],[[-123.80196954485888,39.662214844047476],[-123.80057124128143,39.66225813430035],[-123.80055254683877,39.66189842240333],[-123.8019508435529,39.6618551323722],[-123.80196954485888,39.662214844047476]],[[-123.81360325175577,39.661493763211126],[-123.8131371576386,39.66150823919693],[-123.81311840161156,39.66114852936983],[-123.81358449344108,39.66113405345818],[-123.81360325175577,39.661493763211126]],[[-123.81173887418063,39.66155165654473],[-123.81127277932592,39.66156612545744],[-123.81125403244963,39.66120641533386],[-123.81172012501665,39.661191946495244],[-123.81173887418063,39.66155165654473]],[[-123.80661182064455,39.661710717329214],[-123.80614572376346,39.66172516679081],[-123.80612700205185,39.661365455852575],[-123.80659309664522,39.661351006464976],[-123.80661182064455,39.661710717329214]],[[-123.80334913861213,39.661811826426394],[-123.80288304044298,39.66182626350996],[-123.80286433474542,39.661466552053874],[-123.80333043062687,39.66145211504425],[-123.80334913861213,39.661811826426394]],[[-123.8182454015885,39.660989197087304],[-123.81777931160437,39.66100369068153],[-123.81774175435105,39.660284272724844],[-123.81867392498421,39.66025528406507],[-123.81865514205936,39.659895575342034],[-123.81912122481137,39.65988107843406],[-123.81915879542093,39.66060049580286],[-123.81822662058191,39.66062948814759],[-123.8182454015885,39.660989197087304]],[[-123.80799137932061,39.66130764769252],[-123.80752528527961,39.66132210238494],[-123.80750655688901,39.660962391740036],[-123.80797264864232,39.660947937121655],[-123.80799137932061,39.66130764769252]],[[-123.80379652632435,39.66143767626634],[-123.80333043062687,39.66145211504425],[-123.80331172282553,39.661092403733406],[-123.8037778162353,39.66107796502945],[-123.80379652632435,39.66143767626634]],[[-123.80146604599771,39.66150985247299],[-123.80099994938072,39.66152428240945],[-123.80098125301798,39.66116457072894],[-123.80144734734723,39.661150140866404],[-123.80146604599771,39.66150985247299]],[[-123.81403182466826,39.66075986617072],[-123.81356573531082,39.66077434377649],[-123.813546977365,39.660414634166024],[-123.8140130644348,39.6604001566344],[-123.81403182466826,39.66075986617072]],[[-123.80937092279719,39.66090456265687],[-123.80890483159642,39.66091902258007],[-123.80888609652702,39.66055931222856],[-123.80935218544009,39.66054485237944],[-123.80937092279719,39.66090456265687]],[[-123.80098125301798,39.66116457072894],[-123.80051515850488,39.66117899882322],[-123.80047777090624,39.660459575528165],[-123.80094386084394,39.66044514758171],[-123.80098125301798,39.66116457072894]],[[-123.81727566875749,39.66029876440239],[-123.81680958297932,39.66031325431165],[-123.8167720356148,39.659593836342935],[-123.81723811681783,39.65957934658207],[-123.81727566875749,39.66029876440239]],[[-123.813546977365,39.660414634166024],[-123.81308089011077,39.66042910992941],[-123.81306213463698,39.66006940031601],[-123.81352821960363,39.66005492462679],[-123.813546977365,39.660414634166024]],[[-123.80888609652702,39.66055931222856],[-123.80842000742969,39.66057377030943],[-123.80840127483211,39.660214059955074],[-123.8088673616418,39.660199601948264],[-123.80888609652702,39.66055931222856]],[[-123.81818905912267,39.659910070481786],[-123.81772297600132,39.659924563853316],[-123.8172193411249,39.659219637778676],[-123.81815149840203,39.659190653100765],[-123.81818905912267,39.659910070481786]],[[-123.80931471127863,39.65982543203821],[-123.80884862694077,39.65983989173922],[-123.80882989242396,39.65948018160137],[-123.80929597447424,39.65946572197443],[-123.80931471127863,39.65982543203821]],[[-123.80791645771247,39.65986880583649],[-123.80745037282207,39.65988326023278],[-123.80743164516801,39.659523549872794],[-123.80789772777082,39.65950909555054],[-123.80791645771247,39.65986880583649]],[[-123.80465385961367,39.65996994947737],[-123.80418777343479,39.659984391495954],[-123.80415035033714,39.659264969811204],[-123.80461643194079,39.659250527940564],[-123.80465385961367,39.65996994947737]],[[-123.80882989242396,39.65948018160137],[-123.80789772777082,39.65950909555054],[-123.80787899801334,39.65914938533578],[-123.80881115809134,39.659120471534685],[-123.80882989242396,39.65948018160137]],[[-123.80743164516801,39.659523549872794],[-123.8069655623811,39.65953800242679],[-123.80694683719875,39.659178292063984],[-123.80741291769812,39.65916383958399],[-123.80743164516801,39.659523549872794]],[[-123.81720056561659,39.65885992904645],[-123.81673448898863,39.65887441865889],[-123.8167157159524,39.658514709923615],[-123.81718179029289,39.658500220385385],[-123.81720056561659,39.65885992904645]],[[-123.80694683719875,39.659178292063984],[-123.80648075651527,39.65919274277575],[-123.80642458893547,39.65811361189223],[-123.80689066275636,39.658099161402504],[-123.80694683719875,39.659178292063984]],[[-123.80599595522459,39.658847481279636],[-123.80552987646053,39.65886192838096],[-123.80551115850902,39.658502217938455],[-123.80597723498552,39.658487770911144],[-123.80599595522459,39.658847481279636]],[[-123.80023476943451,39.65578333105101],[-123.79976870905081,39.65579775626871],[-123.79973133154034,39.65507833496018],[-123.80019738734933,39.65506390989021],[-123.80023476943451,39.65578333105101]],[[-123.80161425148634,39.65538033439475],[-123.80114819394136,39.655394764842995],[-123.80112949841599,39.6550350544459],[-123.80159555367361,39.65502062407153],[-123.80161425148634,39.65538033439475]],[[-123.80390711813854,39.65458873579529],[-123.80344106608756,39.654603174936334],[-123.80342235949334,39.65424346505079],[-123.80388840925703,39.6542290259837],[-123.80390711813854,39.65458873579529]],[[-123.80250896143387,39.65463204791405],[-123.80204290883123,39.65464648175074],[-123.80202420909885,39.65428677164344],[-123.80249025941421,39.65427233788066],[-123.80250896143387,39.65463204791405]],[[-123.79829579995943,39.654402178093676],[-123.79782974799028,39.65441659594343],[-123.79781106902725,39.65405688524228],[-123.79827711870911,39.65404246746634],[-123.79829579995943,39.654402178093676]],[[-123.80480179496054,39.65384043295246],[-123.804335747852,39.653854875481805],[-123.80431703705112,39.653495165886085],[-123.80478308187246,39.65348072343068],[-123.80480179496054,39.65384043295246]],[[-123.80200550955033,39.653927061607114],[-123.80153946133838,39.65394149352786],[-123.80152076426094,39.653581783488576],[-123.80198681018564,39.65356735164171],[-123.80200550955033,39.653927061607114]],[[-123.80152076426094,39.653581783488576],[-123.80105471815243,39.65359621356734],[-123.80103602354603,39.6532365035251],[-123.80150206736732,39.65322207352023],[-123.80152076426094,39.653581783488576]],[[-123.79453005334511,39.653798049019876],[-123.79406400448204,39.653812452577164],[-123.79400802413927,39.65273331934135],[-123.79494010795848,39.65270451090128],[-123.79495877246373,39.653064221761426],[-123.79542481638532,39.653049814815496],[-123.79544348336127,39.65340952567281],[-123.79451139076014,39.653438337944124],[-123.79453005334511,39.653798049019876]],[[-123.79777371165211,39.65333746405286],[-123.7973076663611,39.653351879913046],[-123.79728899023624,39.6529921693509],[-123.79775503324,39.65297775356454],[-123.79777371165211,39.65333746405286]],[[-123.80334753495555,39.652804626218156],[-123.80288149415682,39.65281906322143],[-123.8028627907693,39.65245935361665],[-123.80332882928084,39.65244491668729],[-123.80334753495555,39.652804626218156]],[[-123.80194941200779,39.65284793192375],[-123.80148337065751,39.65286236362282],[-123.80146467413151,39.65250265379632],[-123.80193071319461,39.65248822217116],[-123.80194941200779,39.65284793192375]],[[-123.79169645987596,39.65316502087641],[-123.79123041448705,39.653179413677606],[-123.79121176827961,39.652819702227575],[-123.7916778113813,39.652805309500096],[-123.79169645987596,39.65316502087641]],[[-123.8028627907693,39.65245935361665],[-123.8023967520739,39.65247378877793],[-123.80237805115739,39.652114079170126],[-123.80284408756566,39.65209964408276],[-123.8028627907693,39.65245935361665]],[[-123.79913447605934,39.652574785401114],[-123.79866843589373,39.652589206417886],[-123.79863107083898,39.651869786091154],[-123.79909710643027,39.65185536522209],[-123.79913447605934,39.652574785401114]],[[-123.80097994082956,39.65215737382391],[-123.80051390368604,39.65217180183906],[-123.80049521210194,39.65181209200658],[-123.80096124695834,39.65179766406529],[-123.80097994082956,39.65215737382391]],[[-123.80235935042474,39.6517543696332],[-123.80189331611975,39.651768802878614],[-123.80187461785805,39.651409093338636],[-123.80234064987594,39.651394660167135],[-123.80235935042474,39.6517543696332]],[[-123.80049521210194,39.65181209200658],[-123.80002917706179,39.65182651817978],[-123.80001048794854,39.6514668083443],[-123.80047652070157,39.65145238224494],[-123.80049521210194,39.65181209200658]],[[-123.79863107083898,39.651869786091154],[-123.79816503506402,39.65188420519216],[-123.79814635509929,39.651524495061295],[-123.7986123885871,39.651510076034114],[-123.79863107083898,39.651869786091154]],[[-123.80001048794854,39.6514668083443],[-123.79954445501177,39.65148123267562],[-123.79952576836935,39.65112152283713],[-123.79999179901903,39.65110709857967],[-123.80001048794854,39.6514668083443]],[[-123.80276927658979,39.65066080665584],[-123.80183722188615,39.65068967447126],[-123.80179982664949,39.649970255887126],[-123.80226584951917,39.649955823011226],[-123.80276927658979,39.65066080665584]],[[-123.79904105336435,39.65077623548503],[-123.79857502463436,39.65079065613259],[-123.79855634293348,39.650430946288076],[-123.79902236937643,39.650416525714355],[-123.79904105336435,39.65077623548503]],[[-123.80647876746757,39.6501855560855],[-123.80601274396618,39.650200004947344],[-123.8059940258567,39.6498402963561],[-123.8064600470711,39.64982584756825],[-123.80647876746757,39.6501855560855]],[[-123.80554672028082,39.650214452041176],[-123.80508069641145,39.65022889736702],[-123.80506198287597,39.649869188627854],[-123.80552800445834,39.64985474337598],[-123.80554672028082,39.650214452041176]],[[-123.8046146723581,39.65024334092487],[-123.80414864812082,39.6502577827147],[-123.80412993915932,39.64989807382763],[-123.80459596110961,39.64988363211174],[-123.8046146723581,39.65024334092487]],[[-123.80133380359601,39.64998468699503],[-123.80086778035871,39.64999911633494],[-123.8008490875901,39.6496394070013],[-123.8013151085404,39.649624977735265],[-123.80133380359601,39.64998468699503]],[[-123.79900368557216,39.65005681601451],[-123.79853766141628,39.650071236514385],[-123.7985189800827,39.649711526811494],[-123.79898500195158,39.64969710638545],[-123.79900368557216,39.65005681601451]],[[-123.80178112930687,39.64961054670126],[-123.8013151085404,39.649624977735265],[-123.80129641366855,39.64926526854627],[-123.80176243214808,39.64925083758613],[-123.80178112930687,39.64961054670126]],[[-123.8008490875901,39.6496394070013],[-123.80038306645606,39.64965383449933],[-123.8003643761582,39.64929412516257],[-123.80083039500526,39.649279697738415],[-123.8008490875901,39.6496394070013]],[[-123.80595659018981,39.649120879385904],[-123.80549057336532,39.649135326257834],[-123.80547185809482,39.6487756178049],[-123.80593787263236,39.648761171006925],[-123.80595659018981,39.649120879385904]],[[-123.80407381337842,39.648818947591],[-123.80360779810508,39.648833387317104],[-123.80357038641121,39.648113970031865],[-123.8040363971107,39.648099530453635],[-123.80407381337842,39.648818947591]]]},"properties":{"id":"cdfw-ds3091-7-26-10-5","source":"CDFW ds3091 predicted substrate","source_url":"https://tiledimageservices2.arcgis.com/Uq9r85Potqm3MfRV/arcgis/rest/services/biosds3091_cru/ImageServer","metadata_url":"https://filelib.wildlife.ca.gov/public/BDB/GIS/BIOS/metadata/ds3091.html","source_tile_sha256":"012d83560c5cb5a725ffee18782bee8844df2f525707aa5762677cd20bad9e71","source_class":"Predicted hard (rugosity proxy)","display_resolution_m":40,"approx_area_m2":4136000,"fishing_target":false,"exportable":false,"depth_qualified":false,"fish_confirmed":false,"mpa_screened_at":"2026-09-23T20:44:08Z"}},{"type":"Feature","geometry":{"type":"Polygon","coordinates":[[[-123.78780042645612,39.650042708640584],[-123.78778179790775,39.649682997312766],[-123.78869521238558,39.64929452505869],[-123.78867657962944,39.64893481401975],[-123.7882105605865,39.648949195328655],[-123.78817330019771,39.64822977331572],[-123.78863931466672,39.648215392154064],[-123.78903079207747,39.646762166636336],[-123.79182681905927,39.6466758336991],[-123.79184546672444,39.64703554379809],[-123.79231147286679,39.64702114871375],[-123.79274017453146,39.64628733202893],[-123.79367217675205,39.64625853331543],[-123.79369083338118,39.646618243048934],[-123.79460417823904,39.64622972753024],[-123.79466016239766,39.64730885650031],[-123.7951261697265,39.64729445073459],[-123.79510750586999,39.64693474108098],[-123.79557351072849,39.646920333621075],[-123.79551751339935,39.64584120530548],[-123.79598351121395,39.64582679629891],[-123.79596484351778,39.64546708707543],[-123.79689683402292,39.645438263906186],[-123.79693417874583,39.64615768212872],[-123.79740017829658,39.646143267744655],[-123.79741885322018,39.64650297688807],[-123.79835085634457,39.646474142668644],[-123.7983321768474,39.646114433672835],[-123.79879817584737,39.646100013985055],[-123.79883553959894,39.64681943189966],[-123.79976754619511,39.64679058692503],[-123.7997114871225,39.64571146060211],[-123.8001774832847,39.64569703568445],[-123.8001961717453,39.646056744314286],[-123.80114686130992,39.64638759758033],[-123.80110947505794,39.64566818054548],[-123.80157547066894,39.64565375032413],[-123.8015941659898,39.64601345873237],[-123.80252616123394,39.64598459283826],[-123.80248876162904,39.64526517638793],[-123.80340204289085,39.64487659574635],[-123.80338333897458,39.644516887845434],[-123.80153808057852,39.644934333719455],[-123.80196667750369,39.644200485703315],[-123.80103470475902,39.644229347322884],[-123.80107208954095,39.64494876379303],[-123.79967411532586,39.644992043406546],[-123.79963674426396,39.64427262649329],[-123.7991707570649,39.64428704934771],[-123.79920812355341,39.64500646640863],[-123.79874213159734,39.64502088764282],[-123.79872345054794,39.64466117900326],[-123.79779147065825,39.64469001602039],[-123.79777279436586,39.64433030730378],[-123.79592750867597,39.64474766884019],[-123.79590884153033,39.644387959828435],[-123.79497686401149,39.64441677548355],[-123.79495820162266,39.644057066394836],[-123.79356024082858,39.64410027639727],[-123.7935975520695,39.64481969508765],[-123.79313156019793,39.64483409503348],[-123.7931129067725,39.64447438557931],[-123.79219957590477,39.644862889621514],[-123.79169629053585,39.64415786498372],[-123.79076431428965,39.64418664866973],[-123.79074567266427,39.64382693898824],[-123.79027968655295,39.64384132810576],[-123.79016785436845,39.64168307105565],[-123.79063382676017,39.641668682380036],[-123.79061518641747,39.641308973192004],[-123.79294503419455,39.64123700366518],[-123.79240446888386,39.639812566236785],[-123.79287042892686,39.6397981690906],[-123.79337369562658,39.64050318717576],[-123.79430562394158,39.64047438374972],[-123.79432428220953,39.640834092207434],[-123.79479024837839,39.64081968776904],[-123.7952935405959,39.64152469839455],[-123.79575951097085,39.64151029027308],[-123.79570351503848,39.64043116535237],[-123.7971014044842,39.640387931045105],[-123.79712007647083,39.64074763906032],[-123.79620681338156,39.64113617208028],[-123.79622548116232,39.641495880383836],[-123.79669145117029,39.641481468726774],[-123.79671012142104,39.64184117702701],[-123.79624414912655,39.641855588757835],[-123.79630015412033,39.64293471430253],[-123.79769809103212,39.64289147314261],[-123.79771676659017,39.643251181577156],[-123.7986487281867,39.64322234515048],[-123.79863004805544,39.64286263686357],[-123.7990960262917,39.64284821607228],[-123.79911470870952,39.64320792428538],[-123.7995806890487,39.64319350165246],[-123.80000929540594,39.642459661191296],[-123.8009412460196,39.64243080738167],[-123.80092255482295,39.6420710996049],[-123.80138852756767,39.642056670122216],[-123.80189189185187,39.64276165420032],[-123.80097862896416,39.64315022314666],[-123.80101601264366,39.643869639193625],[-123.80194798081504,39.6438407777218],[-123.80191058798914,39.64312136197032],[-123.80237656722596,39.643106928730404],[-123.8028799482513,39.64381190917859],[-123.80381191495222,39.643783033564006],[-123.80388673939612,39.645221864730956],[-123.80481872365476,39.64519298145361],[-123.8048000126946,39.644833273703874],[-123.8043340229439,39.64484771615258],[-123.80472517069313,39.64339444341049],[-123.80519115111338,39.64337999948969],[-123.80522857631945,39.644099414347465],[-123.80569456112896,39.644084968510924],[-123.80567584614734,39.64372526112073],[-123.80660781064118,39.64369636429208],[-123.80658909127035,39.64333665712032],[-123.80565713134966,39.643365553801054],[-123.80563841673597,39.64300584655189],[-123.80610439450174,39.64299139916938],[-123.80606696125317,39.642271985030355],[-123.80513501468381,39.642300877731735],[-123.8051163029085,39.641941170620036],[-123.80420306737871,39.64232976336193],[-123.80416565315801,39.64161034891322],[-123.80463162232952,39.641595907129876],[-123.80459420427141,39.64087649311068],[-123.80366227489034,39.64090537461392],[-123.80362486671348,39.640185960580645],[-123.80409082692312,39.64017152086072],[-123.80407212082409,39.63981181402353],[-123.80360616290083,39.63982625366955],[-123.80358745927201,39.63946654682881],[-123.80125767833015,39.63953871817332],[-123.80122029448735,39.63881930396405],[-123.80168624647061,39.638804873378334],[-123.80170494058646,39.63916458037397],[-123.80261814988586,39.63877600690373],[-123.80258075306024,39.638056593418895],[-123.80211480601707,39.63807102739231],[-123.8020961101662,39.637711320681426],[-123.80116422010111,39.637740183177414],[-123.80118291137947,39.63809989003602],[-123.80025101600695,39.63812874560892],[-123.80023232930111,39.637769038602634],[-123.79976638362561,39.63778346366371],[-123.79978506804517,39.63814317074382],[-123.79885317157067,39.63817201571048],[-123.79883449172362,39.63781230848275],[-123.79836854549723,39.637826728240725],[-123.79879713258036,39.63709289423806],[-123.79784657436511,39.6367620245266],[-123.79792127436173,39.638200853606314],[-123.79887185160132,39.6385317230085],[-123.79844325684184,39.6392655578686],[-123.79751134554782,39.63929439267173],[-123.79747399865366,39.63857497742205],[-123.79700804730399,39.638589392024464],[-123.79698937641854,39.63822968443129],[-123.7974553254819,39.638215269902666],[-123.797417979689,39.63749585507473],[-123.79695203519817,39.637510269455824],[-123.79693336486325,39.63715056207347],[-123.79600147990354,39.63717938538507],[-123.79598281432459,39.63681967792545],[-123.79551687385573,39.636834086855984],[-123.7955728642843,39.63791320966678],[-123.79464096907881,39.637942022667154],[-123.79413770778271,39.63723701079598],[-123.79273987676652,39.63728021129339],[-123.7932431248951,39.63798522890989],[-123.79184527906136,39.63802841924321],[-123.79182663369194,39.63766871097973],[-123.79229258020021,39.63765431604334],[-123.79225528543867,39.63693489987452],[-123.79318716876033,39.63690610499335],[-123.79316851708205,39.63654639716169],[-123.7927025777991,39.63656079541243],[-123.79313121427549,39.635826981708966],[-123.79219934467102,39.63585577614804],[-123.7926279820639,39.63512196449303],[-123.79169612123742,39.63515075510211],[-123.79119290749807,39.63444573227454],[-123.791658833614,39.63443133976877],[-123.79164019007713,39.63407163220733],[-123.79257203718713,39.63404284204021],[-123.79255338926144,39.633683134696184],[-123.79301931025549,39.633668737034895],[-123.79303796046719,39.634028444305244],[-123.7939698064774,39.633999643532455],[-123.79400711659504,39.63471905798872],[-123.79307526144058,39.634747859056276],[-123.79309391220224,39.635107566537016],[-123.79449170151719,39.635064362063154],[-123.79447304389724,39.63470465480349],[-123.79493897101607,39.634690249850635],[-123.7949576309221,39.6350499570366],[-123.79588948918169,39.635021141680554],[-123.79631808469121,39.63428731749173],[-123.79585216040873,39.63430172767373],[-123.79583349629739,39.63394202077553],[-123.7949016517542,39.63397083568921],[-123.79486433322593,39.63325142180817],[-123.79439841525122,39.63326582646617],[-123.79441707213768,39.63362553344536],[-123.79395115169362,39.63363993640945],[-123.79393249709318,39.63328022935658],[-123.79160290355316,39.633352217294735],[-123.79156561776213,39.63263280266249],[-123.78970195791966,39.63269036060716],[-123.78968332444282,39.632330653101604],[-123.78921741131026,39.632345038095195],[-123.7890497388323,39.629107673033005],[-123.79184509144446,39.62902134053336],[-123.79186373470192,39.62938104704097],[-123.79232962844853,39.629366652031166],[-123.79229233754536,39.62864723923316],[-123.79275822653727,39.62863284260316],[-123.79273957907483,39.628273136382646],[-123.79320546559777,39.62825873805883],[-123.79324276527728,39.628978150422405],[-123.79415589241327,39.62858964210829],[-123.7941745469161,39.62894934817766],[-123.7946404374605,39.62893494440407],[-123.7946590944324,39.62929465046965],[-123.79512498707916,39.629280244854876],[-123.7956282031795,39.62998524951865],[-123.796094100031,39.62997084022142],[-123.79607543583506,39.62961113423719],[-123.79700722441618,39.629582310487685],[-123.79702589318367,39.62994201632447],[-123.7979576856024,39.629913185357516],[-123.79797635912495,39.63027289111671],[-123.79890815538113,39.630244052932206],[-123.79885212164957,39.62916493630698],[-123.79790166613596,39.628834068499394],[-123.79736109596546,39.627409662851115],[-123.7968952156642,39.627424076934616],[-123.79691388333086,39.627783782352154],[-123.79596345451134,39.62745289979931],[-123.79594479159935,39.62709319430417],[-123.7964106699819,39.62707878382926],[-123.79639200496774,39.626719078477606],[-123.79592612887079,39.6267334888788],[-123.79588880396388,39.62601407823746],[-123.79542293225462,39.6260284867238],[-123.79540427236182,39.62566878143406],[-123.79447253296424,39.625697592957096],[-123.79449118828599,39.62605729839424],[-123.79402531602665,39.62607170157834],[-123.7939880101375,39.625352290626466],[-123.79259040597285,39.625395489132316],[-123.79257176015972,39.625035783540035],[-123.79396935746789,39.624992585255185],[-123.7939507049816,39.62463287995358],[-123.79301897819701,39.62466168043021],[-123.79298168291606,39.6239422697415],[-123.79344754182914,39.62392787053418],[-123.7934661916634,39.624287575770026],[-123.79439791351051,39.62425877190598],[-123.79441656809897,39.624618477064196],[-123.79532963462434,39.62422996097246],[-123.79583281797906,39.624934962798605],[-123.79771494650932,39.625237016845574],[-123.7976962755559,39.62487731206395],[-123.79816213949141,39.62486289496184],[-123.79808744837091,39.62342407682725],[-123.79715573859964,39.62345290867416],[-123.79713707084898,39.623093204167176],[-123.79667121797351,39.623107617365896],[-123.7966898834388,39.6234673219466],[-123.79529231685581,39.623510551159846],[-123.7952736582466,39.62315084635804],[-123.79434195084517,39.623179656849416],[-123.79436060488364,39.62353936179862],[-123.79389474862253,39.623553764466976],[-123.79387609686945,39.6231940594441],[-123.79247853384263,39.62323725662415],[-123.7924598891289,39.62287755144997],[-123.79152818409892,39.622906340586],[-123.7915468242419,39.62326604590743],[-123.78966477184099,39.62296389765],[-123.78970203402706,39.62368330895136],[-123.78877031765788,39.623712077173614],[-123.78878894445472,39.62407178307596],[-123.78832308371011,39.6240861646096],[-123.78830445919871,39.62372645863371],[-123.78737274173128,39.623755216251794],[-123.78733550239915,39.623035804214815],[-123.78686964796178,39.62305018022573],[-123.78683241393227,39.62233076832029],[-123.78636656388264,39.622345142416805],[-123.7858262660689,39.62092069118228],[-123.78396289987472,39.62097816164989],[-123.78401870786277,39.622057280100165],[-123.78448455654147,39.62204291491379],[-123.78450316185513,39.6224026211296],[-123.78403731089107,39.62241698638944],[-123.78364586454401,39.62387017602945],[-123.78459619116599,39.624201153253345],[-123.7846334041703,39.62492056659065],[-123.78509927094949,39.624906199049015],[-123.78511788001143,39.62526590574876],[-123.78558374889327,39.62525153636622],[-123.78556513754582,39.62489182973997],[-123.78651548610821,39.62522279229893],[-123.78653410220966,39.62558249884786],[-123.78606823140814,39.625596871838724],[-123.78610545958873,39.62631628529298],[-123.78657133496141,39.62630191215504],[-123.78658995161172,39.62666161891332],[-123.78754032778387,39.62699257386904],[-123.78755894937137,39.62735228061984],[-123.78616130323168,39.62739540599781],[-123.78617991814521,39.62775511303903],[-123.78664580266043,39.627740739606985],[-123.78670165535586,39.62881986092934],[-123.7862357639835,39.628834234582],[-123.78625437962883,39.629193941902756],[-123.78578848578776,39.62920831386146],[-123.7857698724282,39.62884860646718],[-123.78483808876882,39.62887734493504],[-123.78487530652781,39.6295967600876],[-123.78534120302051,39.62958239159039],[-123.78535981446014,39.62994209919807],[-123.78489391568164,39.62995646776879],[-123.78493113453798,39.63067588334099],[-123.78539703788819,39.630661514623256],[-123.78549009965948,39.63246005441112],[-123.78595601425634,39.63244568355818],[-123.78599324481739,39.63316509981656],[-123.78552732564853,39.633179470816565],[-123.78560177982197,39.6346183044686],[-123.78606770813508,39.63460393317444],[-123.78608632442194,39.63496364168923],[-123.78562039382271,39.63497801305694],[-123.78563900800641,39.63533772171548],[-123.78657087359419,39.63530897706531],[-123.78664535044814,39.6367478118129],[-123.7871112921123,39.636733436542066],[-123.78712991406957,39.63709314533094],[-123.78666397011915,39.63710752067533],[-123.7866825899732,39.637467229608056],[-123.78714853620987,39.6374528541901],[-123.78716715853322,39.63781256311952],[-123.78670121001024,39.63782693861105],[-123.7867198302303,39.63818664768432],[-123.78718578103962,39.63817227211919],[-123.78720440372905,39.6385319811892],[-123.78673845063342,39.638546356827895],[-123.78675707121955,39.63890606604179],[-123.78722302660154,39.638891690329544],[-123.78724164965709,39.63925139954016],[-123.78677569198871,39.63926577532601],[-123.78685017689568,39.640704613166555],[-123.78731614370983,39.64069023708639],[-123.78733476768066,39.641049946648934],[-123.78593685982962,39.64109306980677],[-123.78601133010505,39.64253190964424],[-123.78554535130911,39.642546280788835],[-123.78556396704887,39.642905990997946],[-123.78602994813144,39.64289161977979],[-123.78604856634084,39.643251329985866],[-123.78651454952704,39.643236956926295],[-123.78655179106823,39.64395637740285],[-123.78701777864471,39.64394200242824],[-123.78709227307058,39.64538084393377],[-123.78662627634718,39.645395219202705],[-123.78664489812455,39.64575492982917],[-123.78573151694177,39.64614338605471],[-123.7857687522644,39.64686280795517],[-123.78530274584456,39.646877178214645],[-123.78535859334046,39.647956311816145],[-123.78582460662105,39.64794194133596],[-123.78591770087608,39.64974049838527],[-123.78780042645612,39.650042708640584]],[[-123.79274017453146,39.64628733202893],[-123.79227417314611,39.64630172873381],[-123.7922555235608,39.64594201884981],[-123.79272152265933,39.64592762221864],[-123.79274017453146,39.64628733202893]],[[-123.80064347926319,39.64568260899891],[-123.8001774832847,39.64569703568445],[-123.80015879500777,39.64533732712523],[-123.80062478869955,39.64532290051354],[-123.80064347926319,39.64568260899891]],[[-123.797847500637,39.645769142593714],[-123.7973815035566,39.64578355867188],[-123.79736282900016,39.645423849669726],[-123.79782882379384,39.645409433665385],[-123.797847500637,39.645769142593714]],[[-123.79505151540125,39.6458556125441],[-123.79458551721972,39.64587001801482],[-123.79456685638384,39.64551030857007],[-123.79365352030634,39.645898823652566],[-123.7940448857588,39.64444558406717],[-123.79497686401149,39.64441677548355],[-123.79505151540125,39.6458556125441]],[[-123.79318752157452,39.64591322381954],[-123.79272152265933,39.64592762221864],[-123.79270287097056,39.64556791247897],[-123.79316886759895,39.645553514153605],[-123.79318752157452,39.64591322381954]],[[-123.7982948184039,39.64539501589311],[-123.79782882379384,39.645409433665385],[-123.79781014713424,39.64504972480759],[-123.79827613945758,39.64503530710917],[-123.7982948184039,39.64539501589311]],[[-123.79596484351778,39.64546708707543],[-123.79549884798995,39.64548149600821],[-123.79548018276404,39.645121786781544],[-123.79594617600513,39.6451073779225],[-123.79596484351778,39.64546708707543]],[[-123.802805145042,39.64237307854867],[-123.80233917056208,39.64238751340863],[-123.80232047250583,39.64202780585347],[-123.80278644469924,39.64201337106739],[-123.802805145042,39.64237307854867]],[[-123.79907734405752,39.64248850792967],[-123.79861136810784,39.64250292864713],[-123.79857400876347,39.6417835124257],[-123.79950595133307,39.64175466951822],[-123.79907734405752,39.64248850792967]],[[-123.80183580454266,39.641682531313144],[-123.8013698342682,39.64169696248974],[-123.80135114115251,39.64133725492767],[-123.8018171091405,39.64132282382494],[-123.80183580454266,39.641682531313144]],[[-123.79997192234241,39.6417402454128],[-123.79950595133307,39.64175466951822],[-123.79948726736332,39.64139496166079],[-123.79995323608617,39.64138053762918],[-123.79997192234241,39.6417402454128]],[[-123.79857400876347,39.6417835124257],[-123.7981080372032,39.64179793122773],[-123.79808936009294,39.64143822314885],[-123.79717609353199,39.64182676352839],[-123.79712007647083,39.64074763906032],[-123.798517971124,39.640704388621764],[-123.79857400876347,39.6417835124257]],[[-123.80274904456516,39.6412939563161],[-123.8018171091405,39.64132282382494],[-123.80179841392209,39.64096311640716],[-123.80273034477382,39.64093424904609],[-123.80274904456516,39.6412939563161]],[[-123.79948726736332,39.64139496166079],[-123.79902129845682,39.64140938392458],[-123.79898393564119,39.64068996827336],[-123.79944989997479,39.640675546157205],[-123.79948726736332,39.64139496166079]],[[-123.80040051626628,39.64100640419046],[-123.79993455001357,39.64102082991602],[-123.7999158641247,39.64066112227325],[-123.80038182809096,39.64064669662155],[-123.80040051626628,39.64100640419046]],[[-123.80131375547235,39.64061784001481],[-123.80084779187351,39.64063226920206],[-123.80082910159544,39.640272561777344],[-123.80129506290787,39.64025813266395],[-123.80131375547235,39.64061784001481]],[[-123.79246041570029,39.64089169228322],[-123.79152848134568,39.64092048171438],[-123.79150983679651,39.64056077281449],[-123.79244176657818,39.640531983530686],[-123.79246041570029,39.64089169228322]],[[-123.80222698498149,39.64022926913388],[-123.80176102403655,39.64024370178279],[-123.80174232936945,39.63988399457617],[-123.80220828802797,39.63986956200113],[-123.80222698498149,39.64022926913388]],[[-123.80036314009931,39.64028698912298],[-123.79989717841949,39.64030141470086],[-123.79985980756004,39.63958199976719],[-123.80032576466712,39.63956757433698],[-123.80036314009931,39.64028698912298]],[[-123.7975486931762,39.64001380820275],[-123.79708273268108,39.64002822310027],[-123.79706406106152,39.63966851522581],[-123.79753001927023,39.639654100402076],[-123.7975486931762,39.64001380820275]],[[-123.80030707722653,39.639207867049485],[-123.79984112240585,39.63922229240586],[-123.7998224374353,39.63886258511487],[-123.80028838996967,39.638848159832314],[-123.80030707722653,39.639207867049485]],[[-123.79937516740148,39.63923671599453],[-123.79890921221347,39.63925113781542],[-123.79889053181559,39.6388914303768],[-123.79935648471725,39.63887700862971],[-123.79937516740148,39.63923671599453]],[[-123.7965794335196,39.63932322040392],[-123.79564752075736,39.639352041065145],[-123.79561019215393,39.638632625225355],[-123.7951442400703,39.638647032756865],[-123.79512557833007,39.6382873248687],[-123.79652342717165,39.63824409719222],[-123.7965420957708,39.63860380485912],[-123.7960761440541,39.6386182159261],[-123.7965794335196,39.63932322040392]],[[-123.79471560726127,39.63938085465538],[-123.79424965023809,39.63939525879887],[-123.79423099270373,39.63903555062261],[-123.79469694744056,39.639021146552835],[-123.79471560726127,39.63938085465538]],[[-123.79285177806828,39.63943846062289],[-123.79238582031167,39.63945285769539],[-123.79236717192278,39.63909314922435],[-123.79283312739301,39.63907875222553],[-123.79285177806828,39.63943846062289]],[[-123.79329908267995,39.63906435345897],[-123.79283312739301,39.63907875222553],[-123.79279582659247,39.6383593356418],[-123.7932617773067,39.63834493702261],[-123.79329908267995,39.63906435345897]],[[-123.79421233535275,39.638675842516705],[-123.79374638271888,39.638690244745035],[-123.79372772783762,39.63833053663572],[-123.79419367818517,39.63831613448108],[-123.79421233535275,39.638675842516705]],[[-123.7969707057166,39.63786997690842],[-123.79650475875597,39.637884389595584],[-123.79648609052381,39.63752468206922],[-123.79695203519817,39.637510269455824],[-123.7969707057166,39.63786997690842]],[[-123.79178934350291,39.636949294663566],[-123.79132340138392,39.63696368768491],[-123.79128611650036,39.63624427150241],[-123.79175205404695,39.63622987862836],[-123.79178934350291,39.636949294663566]],[[-123.7922179914103,39.63621548398666],[-123.79175205404695,39.63622987862836],[-123.79173340959386,39.635870170716096],[-123.79219934467102,39.63585577614804],[-123.7922179914103,39.63621548398666]],[[-123.79540489795149,39.63467584313017],[-123.79493897101607,39.634690249850635],[-123.79492031129342,39.63433054273486],[-123.79538623594279,39.6343161360881],[-123.79540489795149,39.63467584313017]],[[-123.7984235815365,39.62989876722278],[-123.7979576856024,39.629913185357516],[-123.79793901226341,39.62955347966824],[-123.79840490591175,39.629539061607275],[-123.7984235815365,39.62989876722278]],[[-123.79747311843153,39.62956789596172],[-123.79700722441618,39.629582310487685],[-123.79698855583217,39.62922260472082],[-123.79745444756179,39.62920819026858],[-123.79747311843153,39.62956789596172]],[[-123.79559087954256,39.629265837472595],[-123.79512498707916,39.629280244854876],[-123.79510632782153,39.628920538862985],[-123.7955722179992,39.62890613155442],[-123.79559087954256,39.629265837472595]],[[-123.79650399780428,39.62887731163484],[-123.79603810799344,39.628891722478365],[-123.79601944434778,39.62853201670383],[-123.7964853318729,39.628517605934015],[-123.79650399780428,39.62887731163484]],[[-123.79505035114892,39.627841421306634],[-123.79458446764491,39.627855826626615],[-123.79456581140644,39.62749612084051],[-123.79503169262479,39.627481715594236],[-123.79505035114892,39.627841421306634]],[[-123.79365270008692,39.62788463196423],[-123.7927022846998,39.627553724151184],[-123.79313086843815,39.62681991416988],[-123.79359674563526,39.62680551437329],[-123.79361539693585,39.62716522016711],[-123.79454715535132,39.62713641512425],[-123.79456581140644,39.62749612084051],[-123.79363404841972,39.62752492603075],[-123.79365270008692,39.62788463196423]],[[-123.79225504737516,39.62792782671466],[-123.79178916277141,39.6279422214299],[-123.79177052024683,39.62758251520181],[-123.79223640256494,39.62756812056021],[-123.79225504737516,39.62792782671466]],[[-123.79132327798442,39.627956614377666],[-123.79085739301426,39.62797100555796],[-123.79082011729092,39.6272515928771],[-123.79173323574732,39.626863102955085],[-123.79177052024683,39.62758251520181],[-123.79130463774551,39.62759690807594],[-123.79132327798442,39.627956614377666]],[[-123.79547891303338,39.62710760301163],[-123.79501303428403,39.62712200995165],[-123.79499437612665,39.62676230437887],[-123.79546025259042,39.62674789751255],[-123.79547891303338,39.62710760301163]],[[-123.79313086843815,39.62681991416988],[-123.79266499105779,39.62683431219905],[-123.79262769814882,39.626114900526154],[-123.79355944358399,39.62608610299502],[-123.79313086843815,39.62681991416988]],[[-123.79262769814882,39.626114900526154],[-123.79216182515634,39.626129296640606],[-123.79214318126226,39.625769590835155],[-123.7926090519692,39.62575519479436],[-123.79262769814882,39.626114900526154]],[[-123.79257176015972,39.625035783540035],[-123.7921058940238,39.62505017943354],[-123.79208725067937,39.62469047383734],[-123.79255311452982,39.624676078017465],[-123.79257176015972,39.625035783540035]],[[-123.79253446908317,39.62431637256461],[-123.7920686075182,39.62433076831084],[-123.79203132174544,39.62361135746693],[-123.79249717873958,39.623596961867975],[-123.79253446908317,39.62431637256461]],[[-123.79158410507745,39.62398545675928],[-123.7911182454315,39.623999848897135],[-123.79109960720756,39.62364014336278],[-123.7915654645681,39.62362575129852],[-123.79158410507745,39.62398545675928]]]},"properties":{"id":"cdfw-ds3091-7-26-10-6","source":"CDFW ds3091 predicted substrate","source_url":"https://tiledimageservices2.arcgis.com/Uq9r85Potqm3MfRV/arcgis/rest/services/biosds3091_cru/ImageServer","metadata_url":"https://filelib.wildlife.ca.gov/public/BDB/GIS/BIOS/metadata/ds3091.html","source_tile_sha256":"012d83560c5cb5a725ffee18782bee8844df2f525707aa5762677cd20bad9e71","source_class":"Predicted hard (rugosity proxy)","display_resolution_m":40,"approx_area_m2":2179200,"fishing_target":false,"exportable":false,"depth_qualified":false,"fish_confirmed":false,"mpa_screened_at":"2026-09-23T20:44:08Z"}},{"type":"Feature","geometry":{"type":"Polygon","coordinates":[[[-123.79380063533867,39.6037412922213],[-123.79475074661579,39.60407218713997],[-123.79476939779471,39.60443188819856],[-123.79523513222891,39.60441748236548],[-123.79521647876581,39.604057781380504],[-123.79614794251604,39.60402896456099],[-123.79620391716035,39.60510806728048],[-123.7966696556131,39.605093655999454],[-123.79668831647872,39.60545335696999],[-123.79622257574175,39.60546776832469],[-123.79624123450645,39.60582746943776],[-123.79577549130191,39.60584187909924],[-123.79575683482146,39.6054821779125],[-123.79342812747093,39.60555419934811],[-123.79340948259502,39.60519449786208],[-123.79201226283911,39.605237689299884],[-123.79251528373884,39.605942697256154],[-123.79158379421504,39.60597148654166],[-123.79160243032013,39.60633118845983],[-123.79113668299925,39.60634558052579],[-123.79111804917851,39.60598587853405],[-123.79065230395888,39.606000268759516],[-123.79022381724347,39.60673406156474],[-123.78975806708911,39.60674844840348],[-123.78977669442294,39.60710815075372],[-123.78931094180118,39.607122535899066],[-123.78934819244911,39.60784194095357],[-123.78748516185712,39.607899464453574],[-123.78741069784341,39.6064606534441],[-123.78646058874754,39.606129701277446],[-123.78644197795289,39.605769998619394],[-123.787373466934,39.605741248353056],[-123.78735485175362,39.60538154591089],[-123.78782059368555,39.60536716820084],[-123.78778335930497,39.60464776367014],[-123.78873345515036,39.60497870532727],[-123.7886589695788,39.60353989740469],[-123.78912469954085,39.603525514761536],[-123.78910607632119,39.60316581302645],[-123.7886403486433,39.60318019559611],[-123.78854724670977,39.601381687584656],[-123.78901296296728,39.601367305382574],[-123.78899434084533,39.60100760405999],[-123.78852862687185,39.60102198618857],[-123.78851000721686,39.600662284861166],[-123.7875785832891,39.60069104367097],[-123.78755996838498,39.600331342265264],[-123.78895709715036,39.60028820162092],[-123.78845414934943,39.599583181291024],[-123.78798844432885,39.59959756135883],[-123.78819810125903,39.5992385103142],[-123.79170148894038,39.5992394448263],[-123.79171407937068,39.599482471347244],[-123.79217978292732,39.599468077145424],[-123.79219842030486,39.599827777678556],[-123.79266412596232,39.599813381636416],[-123.7926454863009,39.59945368117683],[-123.79311118949131,39.5994392834415],[-123.79322764295722,39.599239820653935],[-123.79868151483635,39.59924100864723],[-123.79869961348524,39.599266372811535],[-123.79916531429312,39.59925195210855],[-123.79918398592888,39.59961165153715],[-123.79778687610344,39.59965490856691],[-123.79780554107096,39.600014608285164],[-123.79873695237244,39.59998577188469],[-123.79877429199328,39.6007051712324],[-123.79830858186641,39.6007195904634],[-123.79834591765298,39.60143899023317],[-123.79788020277476,39.60145340784477],[-123.79789886865917,39.601813107906395],[-123.79836458582139,39.6017986902211],[-123.79842059142702,39.602877790597255],[-123.79795486741264,39.602892208503626],[-123.79797353403059,39.60325190884019],[-123.79750780754874,39.60326632505343],[-123.79748914321489,39.602906624643175],[-123.7965576942693,39.602935451621775],[-123.79605465510835,39.60223046140459],[-123.7955889347454,39.60224487032953],[-123.79557028009779,39.60188516983085],[-123.7946574934697,39.60227368287895],[-123.79467614373245,39.6026333835936],[-123.79374469715573,39.60266218922298],[-123.79380063533867,39.6037412922213]],[[-123.79312983143663,39.59979898382748],[-123.79359553672782,39.59978458425181],[-123.7935768924986,39.599424883939406],[-123.79311118949131,39.5994392834415],[-123.79312983143663,39.59979898382748]],[[-123.79733983514515,39.600029023835276],[-123.79737716106247,39.60074842362508],[-123.79784287155613,39.600734007927635],[-123.79780554107096,39.600014608285164],[-123.79733983514515,39.600029023835276]],[[-123.79370740594968,39.60194278756794],[-123.79324168695464,39.601957187585214],[-123.79327897359256,39.60267658938744],[-123.79374469715573,39.60266218922298],[-123.79370740594968,39.60194278756794]],[[-123.79288781618351,39.604129792509205],[-123.79335354906637,39.604115393817196],[-123.79333490492316,39.603755692606555],[-123.79286917432448,39.60377009122498],[-123.79288781618351,39.604129792509205]],[[-123.79283189115583,39.60305068886293],[-123.79236616494227,39.60306508556731],[-123.79240344354264,39.60378448807655],[-123.79286917432448,39.60377009122498],[-123.79283189115583,39.60305068886293]],[[-123.79186316524591,39.60236007812361],[-123.79139744323433,39.60237447114717],[-123.79143471196579,39.60309387367557],[-123.79236616494227,39.60306508556731],[-123.79186316524591,39.60236007812361]],[[-123.79232888707442,39.60234568333321],[-123.79279460871979,39.60233128677599],[-123.79322304391044,39.601597486787185],[-123.792291609939,39.60162628137408],[-123.79232888707442,39.60234568333321]],[[-123.79272004604532,39.600892483426925],[-123.79178862084365,39.60092127418593],[-123.7918258926786,39.60164067601732],[-123.792291609939,39.60162628137408],[-123.79272004604532,39.600892483426925]],[[-123.7969674337846,39.60184193797658],[-123.79743315131356,39.60182752382489],[-123.79741448771317,39.60146782368959],[-123.79694877246821,39.60148223776763],[-123.7969674337846,39.60184193797658]],[[-123.79693011133517,39.601122537627354],[-123.79646439819089,39.601136949864916],[-123.79648305703994,39.601496650078836],[-123.79694877246821,39.60148223776763],[-123.79693011133517,39.601122537627354]],[[-123.79644573952511,39.600777249719684],[-123.79598002848151,39.60079166011681],[-123.79599868486328,39.60115136033571],[-123.79646439819089,39.601136949864916],[-123.79644573952511,39.600777249719684]],[[-123.795961372283,39.6004319599666],[-123.79549566334003,39.6004463685233],[-123.79551431725456,39.60080606874718],[-123.79598002848151,39.60079166011681],[-123.795961372283,39.6004319599666]],[[-123.79504860584439,39.60082047561075],[-123.7950672576582,39.601180175976914],[-123.79553297135237,39.6011657690397],[-123.79551431725456,39.60080606874718],[-123.79504860584439,39.60082047561075]],[[-123.79601734142832,39.60151106062329],[-123.79603599817669,39.60187076097958],[-123.79650171607231,39.60185635036148],[-123.79648305703994,39.601496650078836],[-123.79601734142832,39.60151106062329]],[[-123.79458289425095,39.60083488070755],[-123.79365147051449,39.60086368560081],[-123.79415447714925,39.601568685133074],[-123.79462019349388,39.60155428165582],[-123.79458289425095,39.60083488070755]],[[-123.79543970269594,39.599367268263634],[-123.79497400042142,39.59938167483271],[-123.79501130276644,39.60010107508445],[-123.79547700960872,39.60008666836813],[-123.79543970269594,39.599367268263634]],[[-123.79450829796367,39.599396079635],[-123.79404259532272,39.599410482670585],[-123.79406124183585,39.599770182909396],[-123.7945269467607,39.599755779800205],[-123.79450829796367,39.599396079635]]]},"properties":{"id":"cdfw-ds3091-7-27-10-1","source":"CDFW ds3091 predicted substrate","source_url":"https://tiledimageservices2.arcgis.com/Uq9r85Potqm3MfRV/arcgis/rest/services/biosds3091_cru/ImageServer","metadata_url":"https://filelib.wildlife.ca.gov/public/BDB/GIS/BIOS/metadata/ds3091.html","source_tile_sha256":"6d6b7b3c61ab5c57aa3a619be0c72dd01513d37d8e45d840336f95cd6196101f","source_class":"Predicted hard (rugosity proxy)","display_resolution_m":40,"approx_area_m2":520201,"fishing_target":false,"exportable":false,"depth_qualified":false,"fish_confirmed":false,"mpa_screened_at":"2026-09-23T20:44:08Z"}},{"type":"Feature","geometry":{"type":"Polygon","coordinates":[[[-123.84493831859908,39.52937316577684],[-123.84490056224105,39.52865380830284],[-123.84443531903372,39.52866840196568],[-123.84434094277698,39.526870009054655],[-123.84387571078052,39.52688460058069],[-123.84385683836405,39.526524922120444],[-123.84339160846154,39.526539511807286],[-123.84341047859883,39.52689919034191],[-123.84154954802034,39.52695753173816],[-123.8419770545282,39.52622359158648],[-123.84383796613281,39.5261652437256],[-123.84333499916077,39.52546047659584],[-123.84240455247489,39.5254896502289],[-123.84242341749844,39.52584932871602],[-123.84195819159864,39.52586391295964],[-123.84192046629491,39.52514455590209],[-123.84285090879294,39.52511538594734],[-123.84281317511349,39.52439602944854],[-123.8423479585151,39.52441061515963],[-123.84232909423213,39.52405093693388],[-123.84418995039857,39.523992583798105],[-123.84417107718477,39.52363290593505],[-123.84463628848442,39.52361831331351],[-123.84413333131282,39.52291355040476],[-123.84366812438586,39.522928141112786],[-123.84370586569992,39.523647496791796],[-123.84277544217464,39.52367667321099],[-123.84275657598292,39.52331699519016],[-123.8432217855592,39.5233024079373],[-123.8432029172737,39.52294273005607],[-123.84273770997638,39.52295731723459],[-123.84269997851868,39.52223796151921],[-123.84363038381255,39.522208785694794],[-123.84405784179143,39.521474840127084],[-123.84310857862364,39.521144341628485],[-123.8431463135282,39.52186369680387],[-123.84268111306754,39.52187828375938],[-123.84260565311433,39.52043957337194],[-123.84307084445972,39.52042498671379],[-123.84305197765545,39.520065309354166],[-123.84212159933713,39.52009448075716],[-123.84219704943465,39.52153319118118],[-123.84173185088261,39.521547774532905],[-123.84171299035943,39.521188096754834],[-123.84124779390113,39.52120267826752],[-123.84167526986825,39.5204687413942],[-123.84072603047142,39.520138224626486],[-123.84066946535037,39.5190591918237],[-123.84020428219456,39.51907376936125],[-123.83970139881288,39.51836898996066],[-123.83830586135281,39.51841270624575],[-123.83832470444474,39.518772384022704],[-123.83785952264286,39.51878695266267],[-123.8378218412012,39.51806759702538],[-123.83735666377177,39.51808216375222],[-123.83733782560692,39.51772248595696],[-123.8378030007577,39.51770791930432],[-123.83776532042536,39.51698856405731],[-123.83730014983178,39.517003130561484],[-123.83726247479602,39.51628377542607],[-123.8367973085747,39.516298340017215],[-123.83677847361263,39.51593866247278],[-123.83770880131338,39.515909531674296],[-123.83772764083251,39.516269209070316],[-123.83865797235084,39.51624007106502],[-123.83869566105793,39.51695942575508],[-123.83962600095079,39.51693028039439],[-123.83960715194767,39.51657060316538],[-123.8400723193381,39.51655602791237],[-123.84009117061977,39.51691570506711],[-123.8405563401038,39.51690112797524],[-123.84059404777928,39.51762048233124],[-123.84105922163545,39.517605903326185],[-123.84104036542662,39.51724622618996],[-123.84197070802665,39.51721706303456],[-123.84200842974376,39.517936417074836],[-123.84247360532336,39.51792183270158],[-123.84249246873817,39.51828150974496],[-123.84344169205652,39.5186120125157],[-123.84340395592726,39.5178926586612],[-123.84386913095149,39.51787806899403],[-123.84329075198296,39.515734598658085],[-123.84282559044487,39.51574918611465],[-123.84280672604726,39.51538950960057],[-123.84189526681337,39.51577835573403],[-123.84185754731712,39.515059002473514],[-123.84278786183478,39.515029833151374],[-123.8427689978074,39.51467015676711],[-123.8418386878466,39.51469932594064],[-123.84180096946069,39.5139799730696],[-123.8390100624785,39.51406743734962],[-123.8390477535235,39.514786791111874],[-123.83811744060284,39.51481593205248],[-123.83854491066744,39.51408200855373],[-123.837149454125,39.51412571157879],[-123.83718712694265,39.51484506593484],[-123.83627564467231,39.51523387018272],[-123.83623798059878,39.51451451540007],[-123.83670313561251,39.51449995294449],[-123.8366843015745,39.514140275724735],[-123.83389338239132,39.51422762354473],[-123.83391220275878,39.51458730120952],[-123.83344704663665,39.51460185307772],[-123.83342822854763,39.514242175338794],[-123.8329630745193,39.5142567253683],[-123.83298189032989,39.51461640318134],[-123.83251673383847,39.514630951520424],[-123.83249792030632,39.514271273633234],[-123.83063730160862,39.51432944904743],[-123.83020975093714,39.51506334506979],[-123.83067491062985,39.515048805479495],[-123.83117768445437,39.51575362066825],[-123.83257317554258,39.5157099855715],[-123.8326296189082,39.51678902020721],[-123.83309478907071,39.51677447142341],[-123.83311360617378,39.51713414969116],[-123.83264843373267,39.517148698549114],[-123.83266724874176,39.51750837695605],[-123.83175570938488,39.51789714814649],[-123.8317745202059,39.51825682683173],[-123.83270487931384,39.51822773396502],[-123.83272369487683,39.51858741256711],[-123.83179333121151,39.51861650558207],[-123.83181214240173,39.518976184397495],[-123.83134695801344,39.51899072833208],[-123.83140338585538,39.52006976539133],[-123.83093819444626,39.520084307783534],[-123.83095700181727,39.52044398700768],[-123.83235258232732,39.52040035431456],[-123.83237139671938,39.520760033381514],[-123.8314410053396,39.52078912375656],[-123.83147862556218,39.521508482382515],[-123.8319438259021,39.52149393792912],[-123.83198145142083,39.52221329666767],[-123.83244665613394,39.52219875030129],[-123.83201907767808,39.52293265566719],[-123.83386109131729,39.522514779784146],[-123.83387991365406,39.522874459019945],[-123.83296831399892,39.5232632403225],[-123.83302476899755,39.524342279062424],[-123.8339740281086,39.52467285617828],[-123.8339175588817,39.523593817687384],[-123.83438277197192,39.52357926396528],[-123.83445807376009,39.52501798178711],[-123.83352762916256,39.525047088059864],[-123.83354645051327,39.525406767827015],[-123.8340116751835,39.5253922154989],[-123.83403049899805,39.525751895257265],[-123.83449572576271,39.52573734109012],[-123.83451455204113,39.52609702083969],[-123.83497978090014,39.526082464833515],[-123.83499860964254,39.5264421445743],[-123.83685953234715,39.526383902604266],[-123.8368972086198,39.52710326168839],[-123.83736244339221,39.52708869663528],[-123.83734360288425,39.52672901713473],[-123.83780883519253,39.526714450391],[-123.83784652095179,39.52743380930901],[-123.83691604703348,39.52746294132862],[-123.83648848262044,39.52819686431638],[-123.83741896602558,39.5281677355296],[-123.8379218946895,39.52887252793063],[-123.83885238610226,39.5288433882574],[-123.8388900831981,39.529562747664166],[-123.84073222428043,39.52914476710542],[-123.84112203295108,39.52769147068398],[-123.84158727061693,39.52767688959843],[-123.84160613219288,39.52803656862677],[-123.8430018509174,39.52799281455779],[-123.84298298250374,39.527633135752495],[-123.843448219429,39.527618547607425],[-123.8434670901219,39.52797822633836],[-123.84393232914121,39.52796363635406],[-123.84397007564112,39.52868299386362],[-123.8435048320633,39.52869758399665],[-123.8435237033118,39.529057262924056],[-123.8444541948408,39.529028080744304],[-123.84447307083315,39.52938775958847],[-123.84493831859908,39.52937316577684]],[[-123.84024812183391,39.528799665510704],[-123.83931763153117,39.52882881577341],[-123.83929878098141,39.52846913624258],[-123.84022926672561,39.52843998612846],[-123.84024812183391,39.528799665510704]],[[-123.83929878098141,39.52846913624258],[-123.83883353783182,39.52848370865229],[-123.83881468974636,39.528124029112675],[-123.8392799306167,39.52810945677727],[-123.83929878098141,39.52846913624258]],[[-123.84021041180235,39.52808030681173],[-123.8392799306167,39.52810945677727],[-123.83926108043697,39.5277497773774],[-123.8401915570641,39.52772062756047],[-123.84021041180235,39.52808030681173]],[[-123.83834944869105,39.52813859968322],[-123.83788420745077,39.52815316848886],[-123.83784652095179,39.52743380930901],[-123.83831175763356,39.52741924065189],[-123.83834944869105,39.52813859968322]],[[-123.84065679510013,39.52770605000467],[-123.8401915570641,39.52772062756047],[-123.84017270251091,39.527360948374664],[-123.8406379382677,39.52734637089316],[-123.84065679510013,39.52770605000467]],[[-123.84110317383944,39.52733179164681],[-123.8406379382677,39.52734637089316],[-123.84061908162037,39.52698669184714],[-123.84108431491289,39.52697211267508],[-123.84110317383944,39.52733179164681]],[[-123.83966976257622,39.526656165767434],[-123.83920453100777,39.52667073957061],[-123.83912913435874,39.5252320234107],[-123.83866391172181,39.52524659515194],[-123.83864506530108,39.52488691620115],[-123.83771462403053,39.52491605424062],[-123.83769578235287,39.52455637520668],[-123.8386262190653,39.52452723731569],[-123.83860737301448,39.52416755849556],[-123.83907258881426,39.524152986977114],[-123.8390914371441,39.52451266572299],[-123.83955665503791,39.524498092365484],[-123.83953780442906,39.52413841369389],[-123.84046823510363,39.52410926183304],[-123.84048709027056,39.524468940356066],[-123.84095230760931,39.524454361704166],[-123.8409900230564,39.52517371879756],[-123.84052480115953,39.52518829759808],[-123.84054365688161,39.525547976317135],[-123.84100888105753,39.525533397442295],[-123.8415118261642,39.52623817413961],[-123.84011613996161,39.5262819112099],[-123.84009728614859,39.52592223228581],[-123.83963205932343,39.525936807705264],[-123.83966976257622,39.526656165767434]],[[-123.83827406731591,39.52669988188239],[-123.83780883519253,39.526714450391],[-123.8377899925903,39.52635477103012],[-123.83825522243448,39.52634020259577],[-123.83827406731591,39.52669988188239]],[[-123.83870160511815,39.52596595324965],[-123.83823637773801,39.52598052337459],[-123.83821753322651,39.525620844218786],[-123.83868275832751,39.52560627416813],[-123.83870160511815,39.52596595324965]],[[-123.8363754663684,39.52603878622591],[-123.83497978090014,39.526082464833515],[-123.83494212396975,39.52536310554812],[-123.83589140494793,39.52569366799966],[-123.83585373927068,39.524974309141825],[-123.83631896073794,39.52495974806375],[-123.8363754663684,39.52603878622591]],[[-123.83821753322651,39.525620844218786],[-123.83775230794059,39.525635412504634],[-123.8377334658931,39.52527573333993],[-123.83819868889991,39.525261165128356],[-123.83821753322651,39.525620844218786]],[[-123.83678418202034,39.52494518522087],[-123.83631896073794,39.52495974806375],[-123.83630012589748,39.524600068807096],[-123.83676534490081,39.524585506038434],[-123.83678418202034,39.52494518522087]],[[-123.84232909423213,39.52405093693388],[-123.84186387972763,39.52406552080584],[-123.84184501790877,39.52370584257107],[-123.84231023013426,39.52369125877342],[-123.84232909423213,39.52405093693388]],[[-123.84093345016335,39.52409468325544],[-123.84046823510363,39.52410926183304],[-123.84044938012173,39.52374958337533],[-123.84091459290248,39.523735004872016],[-123.84093345016335,39.52409468325544]],[[-123.84044938012173,39.52374958337533],[-123.83998416715595,39.52376416011386],[-123.83996531463808,39.52340448164717],[-123.84043052532489,39.523389904982935],[-123.84044938012173,39.52374958337533]],[[-123.83951895400514,39.523778735087596],[-123.83905374066939,39.52379330829657],[-123.83903489270946,39.52343362968131],[-123.83950010376627,39.52341905654661],[-123.83951895400514,39.523778735087596]],[[-123.83858852714862,39.52380787974073],[-123.83812331344292,39.52382244942012],[-123.83810447004099,39.52346277065636],[-123.8385696814677,39.523448201051224],[-123.83858852714862,39.52380787974073]],[[-123.83903489270946,39.52343362968131],[-123.8385696814677,39.523448201051224],[-123.83855083597173,39.52308852242698],[-123.83901604493452,39.52307395113132],[-123.83903489270946,39.52343362968131]],[[-123.84087687893589,39.52301564830107],[-123.84041167071305,39.52303022665578],[-123.84039281628628,39.5226705483939],[-123.83946240384344,39.52269969966047],[-123.83944355415953,39.52234002131529],[-123.8403551079878,39.5219511920659],[-123.84037396204452,39.52231087019729],[-123.84083916570951,39.52229629199116],[-123.84087687893589,39.52301564830107]],[[-123.8422536389514,39.52261222468369],[-123.84178843356275,39.52262680825838],[-123.84176957248428,39.522267130284675],[-123.84223477559405,39.52225254678432],[-123.8422536389514,39.52261222468369]],[[-123.83760157673817,39.52275798101652],[-123.83713636949955,39.52277254694362],[-123.83711753121023,39.5224128682272],[-123.83758273616992,39.52239830237432],[-123.83760157673817,39.52275798101652]],[[-123.84130436918942,39.522281712020295],[-123.84083916570951,39.52229629199116],[-123.8408203093739,39.52193661393406],[-123.84128551057492,39.52192203403749],[-123.84130436918942,39.522281712020295]],[[-123.83944355415953,39.52234002131529],[-123.8385131455346,39.52236916537432],[-123.83849430059344,39.52200948694584],[-123.83942470466059,39.521980343035324],[-123.83944355415953,39.52234002131529]],[[-123.8408014532233,39.521576935942164],[-123.83940585534661,39.52162066482059],[-123.8393870062176,39.52126098667109],[-123.84078259725779,39.52121725801549],[-123.8408014532233,39.521576935942164]],[[-123.83847545583721,39.521649808582566],[-123.8375450555881,39.521678945285615],[-123.83752621557453,39.521319266839086],[-123.83845661126593,39.52129013028453],[-123.83847545583721,39.521649808582566]],[[-123.83333942581402,39.521450293980536],[-123.83287422602803,39.52146484372812],[-123.83285540898785,39.52110516460493],[-123.83332060649496,39.521090614931474],[-123.83333942581402,39.521450293980536]],[[-123.83285540898785,39.52110516460493],[-123.83239021129604,39.52111971251366],[-123.83237139671938,39.520760033381514],[-123.83283659213231,39.520745485546925],[-123.83285540898785,39.52110516460493]],[[-123.8398145011553,39.52052705626228],[-123.83934930851454,39.52054163056756],[-123.83933045994044,39.52018195261356],[-123.83979565030245,39.52016737838255],[-123.8398145011553,39.52052705626228]],[[-123.8388841156888,39.52055620310812],[-123.8379537294825,39.52058534289514],[-123.83791604619196,39.519865986606774],[-123.83838123483001,39.5198514177441],[-123.83840007866162,39.52021109578148],[-123.83886526939351,39.52019652507988],[-123.8388841156888,39.52055620310812]],[[-123.837488536102,39.52059991014159],[-123.83702334253663,39.52061447562334],[-123.83700450535649,39.52025479729813],[-123.83746969664307,39.520240231890604],[-123.837488536102,39.52059991014159]],[[-123.84026084047946,39.52015280238686],[-123.83979565030245,39.52016737838255],[-123.83977679963456,39.51980770056795],[-123.8402419875328,39.51979312464654],[-123.84026084047946,39.52015280238686]],[[-123.83933045994044,39.52018195261356],[-123.83886526939351,39.52019652507988],[-123.83884642328316,39.51983684711674],[-123.83931161155134,39.51982227472468],[-123.83933045994044,39.52018195261356]],[[-123.83514373836181,39.52031304128118],[-123.8346785461512,39.52032759786517],[-123.83464089513315,39.51960824066821],[-123.83510608278624,39.51959368423258],[-123.83514373836181,39.52031304128118]],[[-123.83421335375581,39.52034215268448],[-123.83374816117572,39.520356705739076],[-123.8337293401319,39.51999702695969],[-123.83419453043322,39.51998247397925],[-123.83421335375581,39.52034215268448]],[[-123.83605528979103,39.519924244410575],[-123.83559010022874,39.51993880444979],[-123.83557127025456,39.519579126032234],[-123.83603645753811,39.51956456606722],[-123.83605528979103,39.519924244410575]],[[-123.8402231347712,39.519433446971334],[-123.83975794915168,39.51944802281849],[-123.83973909885377,39.51908834513412],[-123.84020428219456,39.51907376936125],[-123.8402231347712,39.519433446971334]],[[-123.839273915328,39.519102919142334],[-123.83880873161725,39.51911749138586],[-123.8387898860617,39.51875781361808],[-123.83925506749375,39.51874324144879],[-123.839273915328,39.519102919142334]],[[-123.83741317937553,39.51916119752847],[-123.83694799492518,39.51917576271332],[-123.83692915848445,39.51881608464862],[-123.83599879358667,39.51884520957587],[-123.83601762546998,39.519204887788995],[-123.83555244046518,39.51921944767983],[-123.83551478144074,39.518500091170296],[-123.83691032222853,39.51845640664897],[-123.83689148615748,39.51809672871444],[-123.83735666377177,39.51808216375222],[-123.83741317937553,39.51916119752847]],[[-123.83276132655675,39.51930676996656],[-123.83229614025895,39.51932131750461],[-123.8322773266054,39.51896163869823],[-123.83274251062447,39.518947091234295],[-123.83276132655675,39.51930676996656]],[[-123.83551478144074,39.518500091170296],[-123.8345655953139,39.518169527055726],[-123.83452794651267,39.517450170639904],[-123.8349931204936,39.5174356146493],[-123.83497429409147,39.5170759366131],[-123.8354394656091,39.51706137893203],[-123.83551478144074,39.518500091170296]],[[-123.83642630835836,39.51811129191199],[-123.83596113037441,39.5181258533449],[-123.83594229904546,39.517766175327004],[-123.83640747475079,39.517751613968294],[-123.83642630835836,39.51811129191199]],[[-123.83687265027126,39.51773705084495],[-123.83640747475079,39.517751613968294],[-123.83638864132801,39.51739193608964],[-123.83685381456988,39.51737737304049],[-123.83687265027126,39.51773705084495]],[[-123.83359759799654,39.51747927732726],[-123.83313242346149,39.51749382802396],[-123.83311360617378,39.51713414969116],[-123.83357877843024,39.51711959906861],[-123.83359759799654,39.51747927732726]],[[-123.83636980809004,39.517032258276],[-123.83590463694198,39.517046819486325],[-123.83588580616738,39.51668714166353],[-123.8363509750369,39.516672580527384],[-123.83636980809004,39.517032258276]],[[-123.84239815351516,39.51648312517832],[-123.84146782039949,39.516512291565746],[-123.8414489624672,39.51615261469882],[-123.84237929102586,39.51612344846],[-123.84239815351516,39.51648312517832]],[[-123.83681614372159,39.51665801762663],[-123.8363509750369,39.516672580527384],[-123.83633214216853,39.51631290284376],[-123.8367973085747,39.516298340017215],[-123.83681614372159,39.51665801762663]],[[-123.83495546787405,39.516716258641964],[-123.83449029845028,39.516730814484234],[-123.83445265112674,39.516011458588565],[-123.83352232083928,39.51604056468269],[-123.83348468336865,39.51532120875032],[-123.83394984404771,39.51530665673382],[-123.8339686649692,39.515666334593405],[-123.83443382774206,39.515651780738175],[-123.83441500454207,39.51529210295277],[-123.83534532497669,39.515262990096915],[-123.83536415273366,39.51562266773399],[-123.83675963883536,39.515578984993304],[-123.83677847361263,39.51593866247278],[-123.83584814517258,39.51596778621288],[-123.83586697557759,39.516327463905704],[-123.83491781599345,39.51599690289459],[-123.83495546787405,39.516716258641964]],[[-123.83402512884177,39.516745368561914],[-123.83355995904859,39.51675992087498],[-123.8335411398516,39.516400242746336],[-123.83400630736622,39.51638569050741],[-123.83402512884177,39.516745368561914]],[[-123.84051863316839,39.51618177387925],[-123.84005346824142,39.5161963508226],[-123.84003461732972,39.51583667379778],[-123.84049977997816,39.51582209692872],[-123.84051863316839,39.51618177387925]],[[-123.8335411398516,39.516400242746336],[-123.83307597215232,39.51641479322063],[-123.83305715541854,39.51605511508284],[-123.83352232083928,39.51604056468269],[-123.8335411398516,39.516400242746336]],[[-123.84003461732972,39.51583667379778],[-123.83863912827466,39.51588039381746],[-123.83860144067707,39.51516103951719],[-123.8390665993234,39.51514646809038],[-123.83908544530821,39.5155061451338],[-123.840015766603,39.51547699683794],[-123.84003461732972,39.51583667379778]],[[-123.83303833886941,39.51569543701006],[-123.83257317554258,39.5157099855715],[-123.83255436145659,39.51535030748953],[-123.83301952250494,39.51533575900221],[-123.83303833886941,39.51569543701006]],[[-123.83999691606124,39.51511731994302],[-123.8395317577848,39.51513189489899],[-123.83951290970646,39.51477221799475],[-123.83997806570449,39.514757643113036],[-123.83999691606124,39.51511731994302]],[[-123.83581048491689,39.515248431022094],[-123.83534532497669,39.515262990096915],[-123.83532649740448,39.51490331252475],[-123.83579165506619,39.514888753524126],[-123.83581048491689,39.515248431022094]],[[-123.83486133955799,39.514917869760815],[-123.83439618152681,39.5149324252323],[-123.83437735869623,39.51457274757674],[-123.83484251444897,39.514558192179415],[-123.83486133955799,39.514917869760815]]]},"properties":{"id":"cdfw-ds3091-7-27-10-2","source":"CDFW ds3091 predicted substrate","source_url":"https://tiledimageservices2.arcgis.com/Uq9r85Potqm3MfRV/arcgis/rest/services/biosds3091_cru/ImageServer","metadata_url":"https://filelib.wildlife.ca.gov/public/BDB/GIS/BIOS/metadata/ds3091.html","source_tile_sha256":"6d6b7b3c61ab5c57aa3a619be0c72dd01513d37d8e45d840336f95cd6196101f","source_class":"Predicted hard (rugosity proxy)","display_resolution_m":40,"approx_area_m2":1043200,"fishing_target":false,"exportable":false,"depth_qualified":false,"fish_confirmed":false,"mpa_screened_at":"2026-09-23T20:44:08Z"}},{"type":"Feature","geometry":{"type":"Polygon","coordinates":[[[-123.8413358187595,39.51399455486095],[-123.84083295934103,39.513289781979076],[-123.839902666127,39.51331893644204],[-123.83988381669505,39.51295925993642],[-123.84081410535241,39.512930105622004],[-123.8407952515488,39.512570429329756],[-123.84126039332166,39.51255584960005],[-123.84124153742476,39.51219617344692],[-123.84031125825055,39.512225330993274],[-123.84023585473888,39.510786626434346],[-123.83837533062267,39.510844919165315],[-123.8384695399098,39.51264330151072],[-123.83800439702726,39.5126578706534],[-123.83798555707838,39.51229819398052],[-123.83705527531534,39.51232732682391],[-123.83703644010787,39.511967650067426],[-123.83750157880353,39.51195308460218],[-123.83746390438652,39.511233731431965],[-123.8360685014146,39.51127742208909],[-123.83608733169598,39.51163709886435],[-123.8356221947242,39.51165165896195],[-123.83556571126903,39.510572628607854],[-123.83510058094718,39.510587186718475],[-123.83506293079041,39.50986783332448],[-123.83366755238572,39.50991149662472],[-123.83368637053724,39.51027117351176],[-123.83322124175487,39.510285724490394],[-123.83271848578207,39.50958091969871],[-123.83180704526123,39.50996968965609],[-123.83175061925193,39.50889065849385],[-123.8312854988438,39.5089052021183],[-123.83126669282122,39.50854552511951],[-123.83173181095128,39.50853098156912],[-123.83169419490356,39.507811627913625],[-123.83215930829299,39.507797082747004],[-123.83217811850263,39.50815675946834],[-123.83310834928383,39.50812766369369],[-123.83314597936906,39.5088470170339],[-123.83407621852412,39.508817913905155],[-123.83409503839985,39.509177590524004],[-123.83456015997851,39.509163036238846],[-123.834578982317,39.50952271284826],[-123.83550922947647,39.5094935988364],[-123.83552805655592,39.509853275362175],[-123.83785368261209,39.50978045908404],[-123.83783484414201,39.50942078292916],[-123.8382999665207,39.50940621445445],[-123.83828112595735,39.50904653843846],[-123.83781600585677,39.509061106839],[-123.83779716775636,39.50870143081349],[-123.83826228557888,39.50868686248716],[-123.83822460537648,39.507967510778485],[-123.8372943786588,39.50799664536992],[-123.83727554339089,39.507636969464116],[-123.83632648996286,39.507306420860075],[-123.8362888294629,39.50658706907474],[-123.83675393417182,39.50657250648671],[-123.83673510192102,39.50621283076507],[-123.83440958791876,39.50628562569085],[-123.83442840877989,39.50664530178326],[-123.83396330314743,39.50665985554947],[-123.83394448456423,39.50630017938293],[-123.83347938102509,39.50631473131067],[-123.83346056490444,39.50595505513457],[-123.83251155044792,39.505624477289025],[-123.83249273925227,39.5052648010938],[-123.83388802992245,39.50522115127063],[-123.83439076724227,39.505925949662995],[-123.83625116970192,39.505867717547666],[-123.83623234009853,39.505508041880944],[-123.83716253566422,39.50547891538556],[-123.83706836764033,39.50368053876106],[-123.83660328133892,39.50369510252005],[-123.83610053804757,39.50299031401951],[-123.83517037363207,39.50301943241944],[-123.83513272667656,39.50230008188523],[-123.83466764874717,39.50231463829056],[-123.8346864698549,39.50267431359959],[-123.83236106605018,39.50274706953278],[-123.83193360017216,39.503480967127096],[-123.83146851411752,39.50349551140476],[-123.83143090323632,39.50277615955616],[-123.83050073968451,39.502805242522456],[-123.83046313865212,39.50208589063525],[-123.83092821596486,39.50207135018234],[-123.83135568368793,39.5013374566317],[-123.83182075607643,39.50132291279841],[-123.83183956296442,39.50168258835891],[-123.83323478585565,39.501638946051365],[-123.83321597213472,39.50127927071309],[-123.83228582828039,39.50130836720086],[-123.8322670192993,39.500948691778795],[-123.83412729715924,39.5008904920427],[-123.83414611525077,39.501250167168386],[-123.83554132854012,39.5012064986196],[-123.83557897894285,39.5019258486193],[-123.83604405422521,39.50191128875963],[-123.8360063992672,39.501191938908214],[-123.8364714698096,39.501177377432604],[-123.83643381103529,39.50045802798683],[-123.83596874504805,39.50047258931414],[-123.83594991821555,39.500112914613574],[-123.83455472597835,39.50015658778787],[-123.83453590616313,39.4997969129292],[-123.83546602995084,39.49976779939211],[-123.83544720576523,39.49940812474597],[-123.8340520266392,39.49945179218295],[-123.83447944782522,39.498717888738774],[-123.83401439248686,39.49873244263871],[-123.83397675907288,39.498013093351375],[-123.83351170810482,39.498027645338944],[-123.83349289395214,39.497667970717515],[-123.83254398660377,39.49733739454662],[-123.83246875079566,39.49589869636653],[-123.833380012912,39.495509924336204],[-123.83336120005126,39.49515025016374],[-123.83241232587696,39.49481967340469],[-123.83283973647394,39.49408577743932],[-123.83189087842455,39.49375519682584],[-123.83185326839588,39.49303584874105],[-123.83092322856248,39.49306493476554],[-123.83090442837909,39.492705260671066],[-123.8299555969174,39.49237466531286],[-123.82952816742933,39.493108550572046],[-123.82859812575204,39.4931376189562],[-123.82869207250609,39.49493599223898],[-123.82915710482283,39.49492145855897],[-123.82919468936922,39.49564080817251],[-123.83014355966299,39.49597140997914],[-123.8301623569517,39.49633108479818],[-123.82969731589458,39.49634562230241],[-123.8297537020351,39.497424647366394],[-123.83021874992431,39.49741010964011],[-123.8297912937174,39.49814399772992],[-123.83025634616145,39.4981294598556],[-123.83029394313624,39.49884881032796],[-123.83215416928765,39.49879064059673],[-123.83217297716163,39.499150315633045],[-123.83077780099232,39.499193945799895],[-123.83081540362869,39.499913296509675],[-123.83128046709133,39.499898754736805],[-123.83133687926207,39.500977781061515],[-123.82994166782265,39.50102140175383],[-123.82988527615012,39.49994237476278],[-123.82893635563362,39.49961177027593],[-123.82901152594091,39.50105047339422],[-123.82854645472345,39.50106500656807],[-123.82856524548356,39.50142468258245],[-123.82810017180415,39.50143921406605],[-123.82759752571502,39.50073439152503],[-123.82713245622222,39.50074891933219],[-123.8271888080038,39.50182794804126],[-123.82623987524336,39.50149732235801],[-123.82627743453986,39.502216675319715],[-123.82720759229957,39.502187624406346],[-123.82722637677963,39.502547300835815],[-123.82631499457338,39.50293602853895],[-123.82635255534392,39.503655382015886],[-123.8254036027034,39.50332474954523],[-123.82544115473125,39.50404410344689],[-123.82637133600556,39.50401505885102],[-123.82640889788163,39.50473441271474],[-123.8268739927981,39.504719887622386],[-123.8268927762904,39.505079564576995],[-123.82596258171749,39.50510861314531],[-123.82601891963267,39.50618764484015],[-123.82555381523606,39.50620216669968],[-123.82512626107473,39.50693604187671],[-123.8255913702115,39.506921521633636],[-123.8256101479756,39.50728119919751],[-123.82700548111447,39.50723762766006],[-123.82708062134995,39.50867633767403],[-123.82615038121713,39.50870538772192],[-123.82613160043799,39.508345709973476],[-123.82566648237328,39.50836023227679],[-123.82523891675444,39.50909410867311],[-123.82616916218058,39.509065065535],[-123.82618794332829,39.50942474341279],[-123.82709940686962,39.50903601533915],[-123.8271181925736,39.50939569306894],[-123.82758331691977,39.509381165250346],[-123.82715576453454,39.51011504872266],[-123.82762089343706,39.51010052075609],[-123.82765847069172,39.510819876520706],[-123.82812360396633,39.510805346641604],[-123.8281987698011,39.51224405865203],[-123.8291290540233,39.51221499300816],[-123.82916664716038,39.51293434910607],[-123.83007813854074,39.51254559817468],[-123.83011574116013,39.51326495410604],[-123.83058088946068,39.513250414886116],[-123.83061849737479,39.51396977092878],[-123.83015334451746,39.51398431029685],[-123.83017214647286,39.51434398848959],[-123.83435853605035,39.5142130699861],[-123.83433971358916,39.51385339246034],[-123.83527001579624,39.51382428019777],[-123.83528884281425,39.51418395757519],[-123.83621914883919,39.5141548381061],[-123.8362003172644,39.51379516087702],[-123.83666546772133,39.513780598569824],[-123.8366843015745,39.514140275724735],[-123.83761460649067,39.51411114566832],[-123.83804207747966,39.513377224193654],[-123.83850722491883,39.513362654902544],[-123.8390100624785,39.51406743734962],[-123.8399403655458,39.51403828964777],[-123.83992151574394,39.513678613012466],[-123.84038666472179,39.513664036588985],[-123.84040551680202,39.51402371315004],[-123.8413358187595,39.51399455486095]],[[-123.83713061799344,39.5137660344981],[-123.83666546772133,39.513780598569824],[-123.83664663405294,39.51342092147983],[-123.83711178204668,39.51340635748229],[-123.83713061799344,39.5137660344981]],[[-123.83387456220854,39.51386794594481],[-123.83340941064327,39.51388249766477],[-123.83339059292356,39.51352282005562],[-123.83385574221046,39.51350826840982],[-123.83387456220854,39.51386794594481]],[[-123.83897237217316,39.51334808384689],[-123.83850722491883,39.513362654902544],[-123.83848838232188,39.51300297817421],[-123.83895352729786,39.51298840719279],[-123.83897237217316,39.51334808384689]],[[-123.83571633751109,39.5134500441813],[-123.835251188963,39.51346460288522],[-123.83523236231447,39.51310492563751],[-123.83569750858419,39.513090367007756],[-123.83571633751109,39.5134500441813]],[[-123.83662780056936,39.513061244454676],[-123.83616265466917,39.51307580661348],[-123.83612499281301,39.512356452609296],[-123.83659013415657,39.51234189059886],[-123.83662780056936,39.513061244454676]],[[-123.82959419585778,39.512200457539464],[-123.8291290540233,39.51221499300816],[-123.82911025773141,39.51185531505642],[-123.82957539728757,39.51184077966177],[-123.82959419585778,39.512200457539464]],[[-123.82911025773141,39.51185531505642],[-123.82864511799083,39.511869848686565],[-123.82862632416165,39.51151017072562],[-123.82909146162395,39.51149563716951],[-123.82911025773141,39.51185531505642]],[[-123.83327769048273,39.51136475576237],[-123.83281255468111,39.511379305198886],[-123.8327937405321,39.511019627969375],[-123.8332588740555,39.51100507860698],[-123.83327769048273,39.51136475576237]],[[-123.83234741869487,39.51139385287093],[-123.831882282524,39.511408398778485],[-123.83186347293147,39.51104872140076],[-123.83232860682408,39.511034175567296],[-123.83234741869487,39.51139385287093]],[[-123.82955659890183,39.511481101848894],[-123.82909146162395,39.51149563716951],[-123.82905386996234,39.510776281590005],[-123.82951900268371,39.51076174641748],[-123.82955659890183,39.511481101848894]],[[-123.83418914054842,39.51097597458872],[-123.83372400739428,39.51099052748009],[-123.83370518887345,39.51063085046355],[-123.83417031974936,39.51061629764632],[-123.83418914054842,39.51097597458872]],[[-123.83046807014642,39.51109234831423],[-123.83000293551572,39.511106887089774],[-123.82996533511006,39.510387531935976],[-123.83043046518432,39.51037299330858],[-123.83046807014642,39.51109234831423]],[[-123.83549040258174,39.509133922375305],[-123.83502528137248,39.509148480189296],[-123.83500645694055,39.50878880371874],[-123.83547157587175,39.50877424597891],[-123.83549040258174,39.509133922375305]],[[-123.8359366946182,39.50875968647467],[-123.83547157587175,39.50877424597891],[-123.83545274934646,39.50841456964715],[-123.83591786581486,39.50840001021705],[-123.8359366946182,39.50875968647467]],[[-123.83082037825112,39.50891974397834],[-123.83035525747395,39.50893428407395],[-123.83031765472565,39.50821492984473],[-123.83078277094663,39.50820038989724],[-123.83082037825112,39.50891974397834]],[[-123.83405739883305,39.508458237350965],[-123.83359228162591,39.50847278972342],[-123.83357346439756,39.50811311315977],[-123.83403857932663,39.50809856086142],[-123.83405739883305,39.508458237350965]],[[-123.82985253832015,39.50822946802781],[-123.82938742173023,39.50824400444647],[-123.82936862518889,39.50788432728075],[-123.82983373950076,39.507869790936134],[-123.82985253832015,39.50822946802781]],[[-123.83541509685004,39.507695217177556],[-123.83494998475302,39.50770977469494],[-123.8349311610599,39.507350098482924],[-123.83539627087893,39.50733554103967],[-123.83541509685004,39.507695217177556]],[[-123.83169419490356,39.507811627913625],[-123.83122908132961,39.50782617131584],[-123.83121027586058,39.50746649451097],[-123.83167538715652,39.50745195118284],[-123.83169419490356,39.507811627913625]],[[-123.83076396757114,39.50784071295368],[-123.8302988536282,39.507855252827106],[-123.8302612519867,39.507135898985695],[-123.8307263613736,39.50712135926038],[-123.83076396757114,39.50784071295368]],[[-123.83586138051326,39.50732098183207],[-123.83539627087893,39.50733554103967],[-123.83537744509252,39.50697586496641],[-123.83584255244887,39.506961305832945],[-123.83586138051326,39.50732098183207]],[[-123.83400094086774,39.50737920807625],[-123.8335358304947,39.507393760226336],[-123.83351701382021,39.50703408385652],[-123.83398212191527,39.50701953178055],[-123.83400094086774,39.50737920807625]],[[-123.827954491624,39.50756824840503],[-123.82748937885259,39.507582777618026],[-123.82747059179218,39.50722310028546],[-123.82793570228554,39.507208571146464],[-123.827954491624,39.50756824840503]],[[-123.83305190554051,39.507048634168115],[-123.83258679707625,39.50706318271533],[-123.83208406930001,39.50635837650773],[-123.83347938102509,39.50631473131067],[-123.83305190554051,39.507048634168115]],[[-123.83212168842739,39.507077729498164],[-123.8307263613736,39.50712135926038],[-123.8307075585516,39.506761682510664],[-123.83210287877144,39.50671805297066],[-123.83212168842739,39.507077729498164]],[[-123.82933103265947,39.50716497314317],[-123.82886592271922,39.507179507575316],[-123.82882833548344,39.50646015354809],[-123.82787933537631,39.5061295397584],[-123.82782297012615,39.50505050895135],[-123.82828806676753,39.505035978492],[-123.82832564797242,39.50575533215085],[-123.82879074898521,39.50574079977913],[-123.82880954214214,39.506100476631325],[-123.82973974817043,39.506071406446836],[-123.8297585460676,39.50643108321553],[-123.82929344086772,39.50644561926399],[-123.82933103265947,39.50716497314317]],[[-123.82745180491605,39.506863423017535],[-123.82698669651636,39.506877950318135],[-123.82696791210257,39.50651827304078],[-123.82743301822428,39.506503745814186],[-123.82745180491605,39.506863423017535]],[[-123.82652158793235,39.50689247585436],[-123.82605647916405,39.5069069996262],[-123.82601891963267,39.50618764484015],[-123.82648402384503,39.50617312121628],[-123.82652158793235,39.50689247585436]],[[-123.83115386056053,39.506387464483936],[-123.83068875591404,39.506402005825485],[-123.83066995346097,39.506042329204895],[-123.83113505582953,39.506027787937384],[-123.83115386056053,39.506387464483936]],[[-123.83623234009853,39.505508041880944],[-123.83576724203857,39.50552260248213],[-123.8357484148978,39.50516292680579],[-123.8362135106799,39.50514836627875],[-123.83623234009853,39.505508041880944]],[[-123.83667860627729,39.505133803987384],[-123.8362135106799,39.50514836627875],[-123.83619468144602,39.50478869074103],[-123.83665977476554,39.50477412852383],[-123.83667860627729,39.505133803987384]],[[-123.83572958794176,39.50480325119389],[-123.83526449425278,39.50481780988245],[-123.83522684545045,39.5040984587039],[-123.83569193458379,39.50408390016363],[-123.83572958794176,39.50480325119389]],[[-123.83199002471109,39.5045599951611],[-123.83152493182304,39.504574539661014],[-123.8315061257367,39.50421486351114],[-123.83197121634691,39.50420031908531],[-123.83199002471109,39.5045599951611]],[[-123.83012965205191,39.50461816257483],[-123.82966455842595,39.50463270001745],[-123.8296457614509,39.50427302357138],[-123.83011085279904,39.50425848620279],[-123.83012965205191,39.50461816257483]],[[-123.83615702353246,39.504069339859065],[-123.83569193458379,39.50408390016363],[-123.83567310818188,39.50372422474518],[-123.83613819485277,39.50370966451477],[-123.83615702353246,39.504069339859065]],[[-123.83243630677264,39.50418577289517],[-123.83197121634691,39.50420031908531],[-123.83193360017216,39.503480967127096],[-123.83239868604231,39.50346642108511],[-123.83243630677264,39.50418577289517]],[[-123.8333288572289,39.503437323708276],[-123.83286377172789,39.50345187327882],[-123.83284495936181,39.50309219754455],[-123.83331004258507,39.503077648048084],[-123.8333288572289,39.503437323708276]],[[-123.82960816805405,39.503553670872606],[-123.8291430810771,39.50356820632883],[-123.82912428693305,39.503208530002105],[-123.82958937163225,39.50319399461989],[-123.82960816805405,39.503553670872606]],[[-123.82867799391575,39.50358274002073],[-123.82821290657003,39.50359727194837],[-123.82819411698154,39.50323759547362],[-123.82865920204947,39.503223063620005],[-123.82867799391575,39.50358274002073]],[[-123.83005445614702,39.50317945747341],[-123.82958937163225,39.50319399461989],[-123.82957057539484,39.502834318431624],[-123.83003565763188,39.50281978135917],[-123.83005445614702,39.50317945747341]],[[-123.82772903172925,39.50325212556296],[-123.82726394629262,39.503266653888005],[-123.82724516144397,39.50290697732971],[-123.82771024460283,39.50289244907865],[-123.82772903172925,39.50325212556296]],[[-123.82860282755686,39.50214403480431],[-123.82767267090298,39.50217309630325],[-123.82765388432954,39.501813420012155],[-123.82858403642804,39.5017843586612],[-123.82860282755686,39.50214403480431]],[[-123.8304443384126,39.501726214788235],[-123.82904911220078,39.50176982533933],[-123.82903031897865,39.5014101493346],[-123.83042553835753,39.50136653900559],[-123.8304443384126,39.501726214788235]],[[-123.83457354597822,39.500516262710825],[-123.83410847925231,39.50053081698131],[-123.83408966153,39.50017114198424],[-123.83455472597835,39.50015658778787],[-123.83457354597822,39.500516262710825]],[[-123.83364341234177,39.50054536948757],[-123.83317834524665,39.50055992022961],[-123.83315953207945,39.50020024508433],[-123.83362459689702,39.50018569441639],[-123.83364341234177,39.50054536948757]],[[-123.8340708439923,39.49981146705145],[-123.83360578163688,39.49982601940951],[-123.8335869665613,39.4994663444669],[-123.8340520266392,39.49945179218295],[-123.8340708439923,39.49981146705145]],[[-123.83312190629879,39.499480894986654],[-123.83219178522012,39.499509990733635],[-123.83217297716163,39.499150315633045],[-123.83310309368528,39.49912122003422],[-123.83312190629879,39.499480894986654]],[[-123.83356815167032,39.49910666958856],[-123.83310309368528,39.49912122003422],[-123.83308428125636,39.498761545146046],[-123.83354933696388,39.49874699477446],[-123.83356815167032,39.49910666958856]],[[-123.83207893963684,39.4973519410936],[-123.8316138924854,39.49736648587642],[-123.83159508781132,39.497006811087054],[-123.8320601326854,39.49699226637828],[-123.83207893963684,39.4973519410936]],[[-123.83204132591845,39.496632591727135],[-123.83018115442485,39.49669075968132],[-123.8301623569517,39.49633108479818],[-123.83202251933602,39.49627291714013],[-123.83204132591845,39.496632591727135]],[[-123.83194729485113,39.49483421943324],[-123.83148226364082,39.49484876369773],[-123.83142585404582,39.493769740868196],[-123.83189087842455,39.49375519682584],[-123.83194729485113,39.49483421943324]],[[-123.82962213695521,39.49490692311488],[-123.82915710482283,39.49492145855897],[-123.82913831282613,39.49456178384833],[-123.8296033426813,39.49454724847823],[-123.82962213695521,39.49490692311488]],[[-123.83051460319454,39.49415849802127],[-123.83004957598534,39.494173036845496],[-123.830030779803,39.49381336241094],[-123.8291007293858,39.493842434619175],[-123.82908193794218,39.49348276010065],[-123.8304770064599,39.49343914936424],[-123.83051460319454,39.49415849802127]]]},"properties":{"id":"cdfw-ds3091-7-28-10-1","source":"CDFW ds3091 predicted substrate","source_url":"https://tiledimageservices2.arcgis.com/Uq9r85Potqm3MfRV/arcgis/rest/services/biosds3091_cru/ImageServer","metadata_url":"https://filelib.wildlife.ca.gov/public/BDB/GIS/BIOS/metadata/ds3091.html","source_tile_sha256":"35eb43d1737f76c7ea514ce2d8c955444fe66bf400446a8ebfb67c9e823f9685","source_class":"Predicted hard (rugosity proxy)","display_resolution_m":40,"approx_area_m2":1289600,"fishing_target":false,"exportable":false,"depth_qualified":false,"fish_confirmed":false,"mpa_screened_at":"2026-09-23T20:44:08Z"}},{"type":"Feature","geometry":{"type":"Polygon","coordinates":[[[-123.83167895301668,39.480792427219484],[-123.83166015227303,39.4804327555136],[-123.8311952123183,39.48044729858102],[-123.83113881802264,39.47936828362199],[-123.8320686840899,39.479339196167444],[-123.83204988180758,39.47897952478925],[-123.83158495114239,39.47899406932436],[-123.83104483121714,39.47756992662484],[-123.83150975296192,39.47755538414938],[-123.83152855223047,39.477915055348106],[-123.83243959589831,39.477526293907516],[-123.8324019888098,39.47680695199605],[-123.83147215497792,39.4768360419419],[-123.83145335626249,39.47647637093311],[-123.8319182709945,39.476461826916],[-123.8318994701874,39.476102156044504],[-123.83282929454613,39.476073062867435],[-123.83281048937128,39.47571339220722],[-123.83234557956015,39.475727939603544],[-123.83232677684576,39.475368268932534],[-123.83137816324437,39.475037687530644],[-123.83141575938471,39.4757570291054],[-123.83095084902044,39.47577157121091],[-123.83096964509109,39.476131242167135],[-123.83003981925744,39.47616032123533],[-123.83002102773888,39.475800650131156],[-123.83093205313412,39.47541190031794],[-123.83087566658119,39.4743328880184],[-123.82903484592643,39.47475070862028],[-123.82946217337333,39.474016832003805],[-123.827602573382,39.474074960147995],[-123.82756501549989,39.473355618022104],[-123.82661644938982,39.473025000101195],[-123.82665399779995,39.473744342396365],[-123.82711889616648,39.47372981660669],[-123.82715644986502,39.47444915900673],[-123.82762135259928,39.47443463130569],[-123.82764013200077,39.474794302526604],[-123.82717522699049,39.47480883030155],[-123.82719400430014,39.47516850165955],[-123.82626418917513,39.475197552066504],[-123.82630173524271,39.47591689526787],[-123.82583682285194,39.47593141797373],[-123.82585559388582,39.47629108974317],[-123.82632050855267,39.476276566963435],[-123.82633928204673,39.47663623872227],[-123.82587436510379,39.476650761575904],[-123.82637682958726,39.47735558242991],[-123.82544698641266,39.47738462666905],[-123.82550329544723,39.478463643148785],[-123.8245734378791,39.47849268077655],[-123.82459220337296,39.478852353210925],[-123.82226754485089,39.478924916785125],[-123.82228629914742,39.47928458965215],[-123.82275123349609,39.47927008039087],[-123.82325368591094,39.47997491499482],[-123.82511343894011,39.47991685266702],[-123.82509467061776,39.47955718011629],[-123.82555960613861,39.479542660198916],[-123.82557837673727,39.47990233267576],[-123.82604331435033,39.47988781092081],[-123.82654580263423,39.480592632250634],[-123.82701074443169,39.480578106820424],[-123.82699196663577,39.480218434438385],[-123.82745690597271,39.48020390731837],[-123.82747568604498,39.4805635796265],[-123.828386784094,39.48017484778721],[-123.82842435352813,39.4808941921712],[-123.8288892968651,39.480879659612135],[-123.82881414962851,39.47944097139376],[-123.82927908367593,39.479426437366776],[-123.82924150661064,39.47870709378602],[-123.8297064359213,39.47869255814328],[-123.82974401753907,39.47941190157613],[-123.83020895121791,39.47939736402177],[-123.83022774457955,39.47975703575931],[-123.82976280862441,39.479771573387644],[-123.82980039134802,39.48049091720099],[-123.83026533185578,39.480476379424736],[-123.83028412577039,39.48083605135259],[-123.83167895301668,39.480792427219484]],[[-123.82836799965328,39.47981517569038],[-123.82790306296107,39.47982970626389],[-123.82786549918494,39.479110362112664],[-123.82833043132459,39.47909583168705],[-123.82836799965328,39.47981517569038]],[[-123.82509467061776,39.47955718011629],[-123.82462973491285,39.479571698269936],[-123.82461096905088,39.47921202570873],[-123.82507590247951,39.47919750762894],[-123.82509467061776,39.47955718011629]],[[-123.83065508925888,39.47902315310355],[-123.83019015804061,39.47903769234761],[-123.83017136504762,39.478678020736865],[-123.83063629398967,39.47866348156678],[-123.83065508925888,39.47902315310355]],[[-123.8260057687845,39.479168466178294],[-123.82507590247951,39.47919750762894],[-123.82505713452531,39.47883783520502],[-123.8259869962778,39.47880879390214],[-123.8260057687845,39.479168466178294]],[[-123.82831164743655,39.47873615978046],[-123.82784671757318,39.478750690132166],[-123.82780915490227,39.478031346361284],[-123.82827408021323,39.47801681615746],[-123.82831164743655,39.47873615978046]],[[-123.83013377961461,39.47795867770548],[-123.82920393028246,39.47798775045879],[-123.82918514239475,39.477628078890206],[-123.83009619491882,39.47723933492748],[-123.83013377961461,39.47795867770548]],[[-123.83149095387773,39.47719571301399],[-123.83102603440909,39.47721025541546],[-123.83100723778541,39.47685058426938],[-123.83147215497792,39.4768360419419],[-123.83149095387773,39.47719571301399]],[[-123.82963127489722,39.477253872038034],[-123.82916635469132,39.47726840738496],[-123.82914756717216,39.47690873594302],[-123.82961248510192,39.47689420067006],[-123.82963127489722,39.477253872038034]],[[-123.82870143430117,39.47728294096822],[-123.82823651372678,39.47729747278786],[-123.82819894797719,39.476578129671516],[-123.82866386399932,39.47656359799978],[-123.82870143430117,39.47728294096822]],[[-123.83100723778541,39.47685058426938],[-123.83054232040855,39.47686512483324],[-123.83052352624533,39.476505453676495],[-123.83098844134608,39.47649091318661],[-123.83100723778541,39.47685058426938]],[[-123.82957490606412,39.47617485812399],[-123.82910999268658,39.47618939324906],[-123.82909120572016,39.47582972199697],[-123.82955611682165,39.47581518694588],[-123.82957490606412,39.47617485812399]],[[-123.83002102773888,39.475800650131156],[-123.82955611682165,39.47581518694588],[-123.82953732776348,39.475455515831],[-123.83000223640464,39.47544097909024],[-123.83002102773888,39.475800650131156]],[[-123.82909120572016,39.47582972199697],[-123.82862629443443,39.4758442552845],[-123.8286075099283,39.475484584021736],[-123.82907241893801,39.47547005080816],[-123.82909120572016,39.47582972199697]],[[-123.82769647131028,39.47587331656867],[-123.82723155947191,39.47588784456535],[-123.82721278179393,39.475528173080846],[-123.82767769135626,39.47551364515806],[-123.82769647131028,39.47587331656867]],[[-123.82814260073438,39.475499115471706],[-123.82767769135626,39.47551364515806],[-123.82764013200077,39.474794302526604],[-123.82810503682686,39.47477977298807],[-123.82814260073438,39.475499115471706]],[[-123.8290536323401,39.47511037968259],[-123.82858872560642,39.47512491282223],[-123.82856994146876,39.47476524168596],[-123.82903484592643,39.47475070862028],[-123.8290536323401,39.47511037968259]]]},"properties":{"id":"cdfw-ds3091-7-28-10-2","source":"CDFW ds3091 predicted substrate","source_url":"https://tiledimageservices2.arcgis.com/Uq9r85Potqm3MfRV/arcgis/rest/services/biosds3091_cru/ImageServer","metadata_url":"https://filelib.wildlife.ca.gov/public/BDB/GIS/BIOS/metadata/ds3091.html","source_tile_sha256":"35eb43d1737f76c7ea514ce2d8c955444fe66bf400446a8ebfb67c9e823f9685","source_class":"Predicted hard (rugosity proxy)","display_resolution_m":40,"approx_area_m2":313600,"fishing_target":false,"exportable":false,"depth_qualified":false,"fish_confirmed":false,"mpa_screened_at":"2026-09-23T20:44:08Z"}},{"type":"Feature","geometry":{"type":"Polygon","coordinates":[[[-123.81988665408811,39.47791841693937],[-123.81897553902164,39.47830708513698],[-123.81901301519524,39.479026431713834],[-123.81806441429883,39.47869574663826],[-123.81808314792497,39.47905542010589],[-123.8178435766848,39.479062887535925],[-123.81784356516589,39.47834237320401],[-123.81804568085647,39.47833607323404],[-123.81802694759782,39.47797639989318],[-123.81784355940654,39.47798211613775],[-123.8178435421288,39.476901345337616],[-123.81797074892421,39.476897380250804],[-123.81791455190412,39.475818361178305],[-123.8178435248516,39.475820575135074],[-123.81784346150614,39.47185775616503],[-123.81956806202894,39.471803984842154],[-123.81953058410215,39.471084641089874],[-123.81999546702109,39.471070142343756],[-123.82001420816842,39.471429814114586],[-123.82047909317936,39.47141531353118],[-123.82051658057703,39.472134657114594],[-123.82098146995585,39.47212015462016],[-123.82101896264058,39.47283949830848],[-123.82192999896408,39.4724508160057],[-123.82194874995017,39.47281048773385],[-123.82241364332913,39.472795979801234],[-123.82239489006717,39.47243630814687],[-123.82285978098633,39.47242179852452],[-123.82291604815163,39.47350081345555],[-123.82245115040475,39.473515323299345],[-123.82246990421844,39.47387499514314],[-123.82339970408015,39.473845973544364],[-123.8234184626297,39.474205645303705],[-123.82388336456056,39.474191131785126],[-123.82386460373505,39.473831460099625],[-123.82479440249287,39.47380242791946],[-123.82481316787032,39.474162099457274],[-123.82527806924917,39.47414758064798],[-123.82531560510812,39.47486692376549],[-123.82436702959295,39.47453628817783],[-123.82440455671599,39.475255631717204],[-123.82535314170333,39.475586267135874],[-123.82539067903485,39.476305610759276],[-123.82492576399981,39.47632013001176],[-123.82494453066556,39.47667980199224],[-123.82540944797672,39.47666528266589],[-123.82544698641266,39.47738462666905],[-123.82451714250173,39.47741366385358],[-123.82447961317037,39.47669431955496],[-123.82401469549113,39.476708835354025],[-123.82358729785464,39.47744269398352],[-123.82312237525511,39.477457206402995],[-123.82261994134946,39.47675237216947],[-123.8221550229343,39.476766880914],[-123.82213626992528,39.47640720849049],[-123.82167135360237,39.47642171539757],[-123.82124393419292,39.47715556574658],[-123.82077901294993,39.47717006927397],[-123.82079775949825,39.47752974204553],[-123.82033283579521,39.47754424388306],[-123.82031409152306,39.47718457103772],[-123.81938424811786,39.47721356927423],[-123.81988665408811,39.47791841693937]],[[-123.82490699751813,39.47596045809457],[-123.82444208457511,39.475974975509565],[-123.82446084878072,39.476334647500614],[-123.82492576399981,39.47632013001176],[-123.82490699751813,39.47596045809457]],[[-123.81936550858188,39.476853896344686],[-123.81843566899386,39.47688288737906],[-123.8184544039775,39.477242560456126],[-123.81938424811786,39.47721356927423],[-123.81936550858188,39.476853896344686]],[[-123.82308485958065,39.47673786166128],[-123.82354977762787,39.476723349389495],[-123.8235310177905,39.476363677187436],[-123.82306610201937,39.47637818938542],[-123.82308485958065,39.47673786166128]],[[-123.82349349866764,39.475644332973204],[-123.8239584097026,39.47562981915928],[-123.8239396481411,39.4752701472209],[-123.8234747393822,39.47528466096097],[-123.82343722136324,39.47456531712625],[-123.82297231697241,39.47457982895506],[-123.82295356051486,39.4742201570587],[-123.82155885306673,39.47426368174223],[-123.82150260528135,39.47318466576801],[-123.82103770925872,39.47319917024732],[-123.82061030228816,39.47393301717788],[-123.82107520304655,39.47391851431455],[-123.82109395021624,39.47427818644292],[-123.82016414396371,39.47430719055355],[-123.81973672179656,39.475041034852524],[-123.82068528296605,39.4753717063658],[-123.82072277440805,39.47609105133922],[-123.82118768882265,39.47607654803318],[-123.82115019282848,39.475357203207345],[-123.82161510250704,39.47534269828529],[-123.82163385268827,39.475702370592785],[-123.82256367604582,39.475673355310214],[-123.82260118606429,39.47639269981977],[-123.82306610201937,39.47637818938542],[-123.82349349866764,39.475644332973204]],[[-123.82014540134597,39.47394751827763],[-123.81968050021995,39.473962017613815],[-123.8196992405617,39.47432168996348],[-123.82016414396371,39.47430719055355],[-123.82014540134597,39.47394751827763]],[[-123.81964302008782,39.47324267310398],[-123.81917812332992,39.47325717052908],[-123.81921559891013,39.473976515186415],[-123.81968050021995,39.473962017613815],[-123.81964302008782,39.47324267310398]],[[-123.82010791666194,39.473228173915324],[-123.82008917459564,39.47286850182893],[-123.81962428029745,39.47288300094381],[-123.81964302008782,39.47324267310398],[-123.82010791666194,39.473228173915324]],[[-123.81878816917984,39.47471035605304],[-123.81832326295051,39.474724850245956],[-123.8183607308967,39.47544419570393],[-123.81929055227579,39.475415205259516],[-123.81878816917984,39.47471035605304]],[[-123.819586801268,39.4721636568129],[-123.81865702122386,39.472192649457085],[-123.81867575609493,39.47255232163847],[-123.81960554069083,39.47252332884679],[-123.819586801268,39.4721636568129]]]},"properties":{"id":"cdfw-ds3091-7-28-10-3","source":"CDFW ds3091 predicted substrate","source_url":"https://tiledimageservices2.arcgis.com/Uq9r85Potqm3MfRV/arcgis/rest/services/biosds3091_cru/ImageServer","metadata_url":"https://filelib.wildlife.ca.gov/public/BDB/GIS/BIOS/metadata/ds3091.html","source_tile_sha256":"35eb43d1737f76c7ea514ce2d8c955444fe66bf400446a8ebfb67c9e823f9685","source_class":"Predicted hard (rugosity proxy)","display_resolution_m":40,"approx_area_m2":254713,"fishing_target":false,"exportable":false,"depth_qualified":false,"fish_confirmed":false,"mpa_screened_at":"2026-09-23T20:44:08Z"}},{"type":"Feature","geometry":{"type":"Polygon","coordinates":[[[-123.82952769929143,39.45744297254737],[-123.82859810974053,39.45747204039985],[-123.82910046903817,39.45817684321318],[-123.8281708700192,39.458205907834895],[-123.82766851945307,39.45750110119972],[-123.82579057065487,39.4571995332893],[-123.82575303917803,39.45648019677206],[-123.82528824984672,39.45649471725318],[-123.82530701321826,39.45685438555439],[-123.82437742945403,39.45688342137485],[-123.82480469941873,39.45614956765855],[-123.82385636820703,39.45581893125976],[-123.82383761221186,39.455459262924386],[-123.82337282896935,39.45547377613161],[-123.82335407543285,39.45511410778488],[-123.82288929428128,39.45512861915522],[-123.82234951883659,39.45370445540902],[-123.82141997381235,39.4537334687442],[-123.82143871751451,39.45409313713654],[-123.82190349239322,39.45407863127673],[-123.82197847813867,39.455517305174645],[-123.82292679698851,39.455847956058676],[-123.8229455486179,39.456207624603984],[-123.82341033659397,39.456193113012326],[-123.82342909068207,39.45655278154631],[-123.82389388074911,39.456538268117725],[-123.82391263729599,39.456897936640345],[-123.82251825971856,39.45694147185804],[-123.8225557597145,39.45766080953336],[-123.8216261646439,39.4576898244911],[-123.82112388048658,39.456984991207385],[-123.82065908704168,39.456999494130855],[-123.82064034641908,39.45663982509189],[-123.82017555506535,39.456654326178494],[-123.82015681690139,39.45629465712825],[-123.82108639487535,39.45626565333936],[-123.82106765234538,39.45590598449902],[-123.82013807892116,39.45593498814049],[-123.82008186608275,39.45485598155156],[-123.81915230557259,39.45488497769826],[-123.81920850476202,39.45596398472941],[-123.81874371740696,39.4559784803792],[-123.81881864313138,39.457417157589504],[-123.81787032251428,39.45708647464553],[-123.8178432171294,39.456565888607756],[-123.8178431442648,39.45200517847536],[-123.81783754676445,39.45191699902659],[-123.81782081098223,39.45182966839722],[-123.81779309803534,39.45174402712312],[-123.81775467469105,39.451660899477496],[-123.81770591079776,39.45158108553773],[-123.81764727572411,39.451505353485196],[-123.81757933384038,39.45143443221212],[-123.81750273908588,39.451369004306684],[-123.81741822867433,39.45130969948383],[-123.81732661599827,39.451257088525104],[-123.81722878280053,39.45121167778535],[-123.81712567068783,39.451173904319994],[-123.81701827206896,39.45114413167893],[-123.816907620604,39.451122646407846],[-123.81679478125649,39.45110965529075],[-123.81668084004505,39.45110528335991],[-123.81385068304756,39.45110422487786],[-123.8137330652139,39.45110879443678],[-123.81361664775406,39.451122546940375],[-123.81350262467377,39.45114534133999],[-123.81339216542402,39.45117694385108],[-123.81337342145734,39.45118404826835],[-123.81336917779585,39.45110244244363],[-123.81290442008472,39.451116915905686],[-123.81288571897832,39.450757246748125],[-123.81379652419588,39.45036862925991],[-123.81372170414109,39.44892995408885],[-123.81463248224811,39.44854133074243],[-123.81461377332742,39.448181662314326],[-123.81507851210905,39.44816718238898],[-123.8145389394788,39.446742989222635],[-123.81500366916302,39.44672850959167],[-123.8149475388795,39.445649505645086],[-123.8167877096661,39.445231902811706],[-123.81676899102504,39.44487223530987],[-123.81583955568323,39.44490120617597],[-123.81582084177404,39.44454153858892],[-123.81489141024676,39.444570502256404],[-123.81487270106932,39.444210834584055],[-123.8144079873047,39.44422531369995],[-123.81437057404835,39.44350597839391],[-123.81344115506553,39.4435349310429],[-123.81342245326063,39.44317526333562],[-123.81295774576829,39.44318973694231],[-123.81292034725661,39.44247040156627],[-123.81384975296166,39.44244145288425],[-123.81381234608712,39.44172211804984],[-123.8133476478743,39.44173659312515],[-123.81332894698605,39.44137692572711],[-123.8151690198404,39.44095934810155],[-123.81555886630699,39.43950619886649],[-123.81602354995934,39.439491715418846],[-123.81596741021521,39.43841271584595],[-123.81736143960717,39.438369255589095],[-123.81739887956265,39.43908858813437],[-123.81832824066834,39.439059605521834],[-123.8188303752784,39.439764443921824],[-123.81929505992004,39.439749948061504],[-123.81931378963553,39.44010961425557],[-123.82024316291572,39.440080617099376],[-123.8202244286525,39.43972095105262],[-123.82068911274327,39.43970644990411],[-123.82018696067698,39.43900161914426],[-123.8197222809502,39.43901611838271],[-123.81970354951171,39.43865645244742],[-123.81923887187511,39.438670949849524],[-123.81922014289401,39.43831128390226],[-123.8196848182568,39.43829678657383],[-123.81966608718552,39.43793712076187],[-123.8192014140965,39.43795161801666],[-123.8191639570522,39.43723228643043],[-123.81962862559377,39.43721778932293],[-123.81957243458318,39.43613879262662],[-123.81862438553595,39.4358081190475],[-123.81866183656439,39.436527450288175],[-123.818197172203,39.436541943723064],[-123.81806611273066,39.43402428494238],[-123.81760146410083,39.43403877609929],[-123.81756402473593,39.4333194454255],[-123.81709938046959,39.43333393467263],[-123.81700579663526,39.431535608695356],[-123.81605781861657,39.43120491600763],[-123.81602039582715,39.430485585874905],[-123.81509114238466,39.43051455085414],[-123.81510984914107,39.430874216036955],[-123.81371596078228,39.43091765050764],[-123.81373466090203,39.43127731597239],[-123.81327002880917,39.43129179067779],[-123.81276800557015,39.43058693245839],[-123.81090949282012,39.43064480601667],[-123.81129936883481,39.42919167780052],[-123.81176398802081,39.42917721058613],[-123.81178267813121,39.42953687603827],[-123.81271192050015,39.42950793617508],[-123.81313914773283,39.42877413319776],[-123.81360376391275,39.428759659007],[-123.81362246293281,39.429119324103844],[-123.81501631719254,39.42907589073618],[-123.81503502321554,39.429435555673706],[-123.81689350208782,39.429377619548056],[-123.81693093286988,39.430096949018505],[-123.81787890051122,39.430427634766474],[-123.81789762090744,39.43078729950782],[-123.82161463965319,39.430671312102085],[-123.82211674843273,39.43137613408622],[-123.82304601000877,39.43134711579004],[-123.823027264239,39.4309874517362],[-123.82442114840507,39.430943911294236],[-123.82492328600266,39.431648721867866],[-123.82538791805322,39.431634202952225],[-123.82542543324504,39.43235353062946],[-123.82637346830647,39.4326841509988],[-123.82641099369509,39.433403478749476],[-123.82873420618482,39.43333083826362],[-123.82875298052217,39.43369050186212],[-123.82782369153131,39.43371956349174],[-123.82786123166422,39.43443889116837],[-123.82832588079859,39.43442436108723],[-123.82830710836667,39.434064697291994],[-123.82970104784523,39.43402109669456],[-123.82927395567825,39.434754959346286],[-123.82973860653404,39.43474042390357],[-123.82975738615451,39.4351000876003],[-123.83068669186086,39.435071011279405],[-123.83070547621254,39.43543067488994],[-123.82931151055628,39.43547428694896],[-123.82933028827138,39.43583395084259],[-123.83025960344008,39.43580487775149],[-123.82983250647736,39.43653874300256],[-123.83078061546043,39.43686932994756],[-123.83079940073273,39.4372289938659],[-123.83126406695125,39.43721445261834],[-123.83128285468136,39.43757411652438],[-123.83081818618918,39.437588657845836],[-123.83087454366333,39.43866765015543],[-123.83182268484633,39.43899822938533],[-123.83184147577104,39.43935789352576],[-123.83137679609439,39.4393724369793],[-123.83139558492951,39.43973210125529],[-123.83278963022828,39.43968846538488],[-123.83282722209402,39.44040779367861],[-123.83236253596434,39.44042234087927],[-123.83238132989973,39.440782005192624],[-123.83332950518994,39.44111257310802],[-123.8333483040416,39.441472237397065],[-123.83381299662439,39.44145768644916],[-123.83385059942839,39.44217701506476],[-123.83477999313672,39.4421479075849],[-123.83435290446391,39.442881790921156],[-123.83530111576853,39.44321234392222],[-123.83487402611227,39.443946229466285],[-123.83440931798026,39.443960784457374],[-123.83442812285438,39.44432044909318],[-123.83396341226396,39.44433500239543],[-123.83398221504835,39.44469466716714],[-123.83444692791286,39.44468011379094],[-123.8344657331557,39.44503977855057],[-123.83539516287986,39.44501066636174],[-123.83537635308882,39.444651001750046],[-123.83723520122781,39.44459275651443],[-123.83725402011527,39.44495242083014],[-123.83585987746537,39.444996107623105],[-123.83593512757022,39.44643476639339],[-123.83547040388807,39.44644932542799],[-123.83545159335941,39.4460896605685],[-123.8345221499903,39.44611877320114],[-123.83454095597057,39.44647843820861],[-123.83407623173525,39.446492991954614],[-123.8341138397004,39.447212322303486],[-123.83316558205354,39.446881759449354],[-123.8331843815798,39.44724142480269],[-123.83225492272197,39.44727052025034],[-123.83221733295082,39.44655118930994],[-123.83082315692774,39.44659481881626],[-123.83132546312714,39.44729960864643],[-123.83179019301667,39.447285065329844],[-123.83180898590437,39.447644730967],[-123.83227371788395,39.44763018581358],[-123.83184657223248,39.448364062427466],[-123.83231130876071,39.448349517126196],[-123.8323489003745,39.44906884868711],[-123.83143820957089,39.449457603843875],[-123.8314757931926,39.4501769360732],[-123.83054629647101,39.4502060186002],[-123.83011911854568,39.45093989014066],[-123.82965436517544,39.45095442714452],[-123.82967314853309,39.45131409377238],[-123.82920839270416,39.45132862908713],[-123.8292271739714,39.451688295851085],[-123.82876241568381,39.45170282947672],[-123.82926473705828,39.45240762956569],[-123.8297294997109,39.452393094029276],[-123.82974828380517,39.45275276090607],[-123.82881875376657,39.452781830363634],[-123.82883753349573,39.45314149745047],[-123.82837276592561,39.453156029608564],[-123.8283539884711,39.452796362447856],[-123.82742445732784,39.45282542132721],[-123.82740568460666,39.45246575408107],[-123.82694092103357,39.452480280802355],[-123.82695969148011,39.45283994812233],[-123.82603015923262,39.45286899642345],[-123.8260489253139,39.45322866395339],[-123.82790799817138,39.45317056000364],[-123.82792677353532,39.45353022730047],[-123.83118015987063,39.45342847699394],[-123.83168251628547,39.45413326778199],[-123.83214728939028,39.4541187230608],[-123.83216608577895,39.454478389879476],[-123.83263086097416,39.45446384332128],[-123.8322036791092,39.45519772370386],[-123.8340816030226,39.455499193010844],[-123.83410040924763,39.4558588597831],[-123.83363562550642,39.45587341192641],[-123.83367323396,39.45659274580611],[-123.83274365682519,39.45662184509929],[-123.83224127317663,39.455917057777725],[-123.83177648869808,39.455931602868624],[-123.83175769384702,39.455571935726574],[-123.83129291145899,39.45558647898042],[-123.83127411906698,39.45522681182678],[-123.83036334613017,39.45561556019882],[-123.83030698315545,39.45453655848155],[-123.82984220703901,39.45455109622438],[-123.82987977762178,39.45527043078799],[-123.82941499677167,39.45528496691555],[-123.82939621366296,39.454925299528654],[-123.82846665595979,39.45495436634669],[-123.82803942958489,39.455688232390536],[-123.82991734894128,39.45598976560113],[-123.82997370730197,39.457068768288934],[-123.82950891507768,39.45708330478598],[-123.82952769929143,39.45744297254737]],[[-123.81884910272002,39.44012411018955],[-123.81886783034523,39.44048377651903],[-123.81933251953464,39.44046928051138],[-123.81931378963553,39.44010961425557],[-123.81884910272002,39.44012411018955]],[[-123.82306475596226,39.43170677990525],[-123.82399402135002,39.431677754411595],[-123.82397527084989,39.431318090443824],[-123.82304601000877,39.43134711579004],[-123.82306475596226,39.43170677990525]],[[-123.82834465341455,39.43478402494396],[-123.8288093046384,39.434769493026415],[-123.82879052974897,39.43440982924351],[-123.82832588079859,39.43442436108723],[-123.82834465341455,39.43478402494396]],[[-123.82936784425377,39.43655327881449],[-123.82938662252106,39.43691294289281],[-123.82985128701827,39.43689840700703],[-123.82983250647736,39.43653874300256],[-123.82936784425377,39.43655327881449]],[[-123.83234374221318,39.44006267662762],[-123.83187905817309,39.44007722199165],[-123.83189784965043,39.440436886317215],[-123.83236253596434,39.44042234087927],[-123.83234374221318,39.44006267662762]],[[-123.83195422518764,39.4415158796643],[-123.83249409738104,39.44293999237021],[-123.8329587994282,39.442925444652126],[-123.83290240803655,39.441846451006995],[-123.83336710307753,39.44183190174792],[-123.8333483040416,39.441472237397065],[-123.83195422518764,39.4415158796643]],[[-123.83448453858287,39.44539944337213],[-123.833555103573,39.44542854865754],[-123.8335363026941,39.44506888368806],[-123.83307158718684,39.44508343361256],[-123.8330903857916,39.445443098655964],[-123.83262566782588,39.44545764689157],[-123.83260687149527,39.44509798177421],[-123.8316774395594,39.44512707280903],[-123.83169623134171,39.44548673807421],[-123.83216094967592,39.44547219336432],[-123.8321985383416,39.44619152393276],[-123.83312798355396,39.4461624289287],[-123.83314678271161,39.44652209415803],[-123.83361150731558,39.44650754393777],[-123.83357390463622,39.44578821368898],[-123.8345221499903,39.44611877320114],[-123.83448453858287,39.44539944337213]],[[-123.8316586479613,39.444767407605774],[-123.83119393399114,39.444781950405016],[-123.83121272331512,39.44514161568217],[-123.8316774395594,39.44512707280903],[-123.8316586479613,39.444767407605774]],[[-123.83080436914119,39.446235153217344],[-123.830339645706,39.44624969278649],[-123.83035843121833,39.44660935845928],[-123.83082315692774,39.44659481881626],[-123.83080436914119,39.446235153217344]],[[-123.83138183552,39.4483786059658],[-123.83140062668609,39.44873827186307],[-123.8318653656729,39.4487237282508],[-123.83184657223248,39.448364062427466],[-123.83138183552,39.4483786059658]],[[-123.83004397785881,39.44950122454651],[-123.82957923358644,39.44951576125481],[-123.82956045114955,39.44915609493775],[-123.82909570896743,39.44917062980922],[-123.82952288682816,39.44843676248996],[-123.8281286733758,39.448480361372354],[-123.8281662240509,39.44919969426335],[-123.82863096660121,39.44918516291774],[-123.82866852256146,39.449904495909486],[-123.82913326947653,39.44988996265323],[-123.82915205000724,39.45024962916843],[-123.83054629647101,39.4502060186002],[-123.83004397785881,39.44950122454651]],[[-123.82820377546226,39.44991902740282],[-123.82822255144409,39.45027869406574],[-123.8286873008177,39.45026416249858],[-123.82866852256146,39.449904495909486],[-123.82820377546226,39.44991902740282]],[[-123.82844787758472,39.4545946988744],[-123.8279831007317,39.45460922956493],[-123.82800187683199,39.45496889711107],[-123.82846665595979,39.45495436634669],[-123.82844787758472,39.4545946988744]],[[-123.82949013104815,39.456723637087066],[-123.82902534091457,39.45673817174706],[-123.82904412266923,39.457097839519896],[-123.82950891507768,39.45708330478598],[-123.82949013104815,39.456723637087066]],[[-123.82900655934405,39.45637850403668],[-123.82854177130116,39.45639303685969],[-123.82856055059682,39.45675270464396],[-123.82902534091457,39.45673817174706],[-123.82900655934405,39.45637850403668]],[[-123.82809576009494,39.45676723577772],[-123.82811453729984,39.45712690369831],[-123.82857933007661,39.45711237249067],[-123.82856055059682,39.45675270464396],[-123.82809576009494,39.45676723577772]],[[-123.82841032138694,39.45387536411683],[-123.82794554908338,39.453889894659625],[-123.8279643248155,39.4542495620811],[-123.82842909939379,39.454235031464464],[-123.82841032138694,39.45387536411683]],[[-123.82510062624915,39.45289803767243],[-123.8246358594815,39.452912555652354],[-123.82467337818005,39.45363189121734],[-123.82513814949704,39.45361737308983],[-123.82510062624915,39.45289803767243]],[[-123.82417109252992,39.452927071869226],[-123.82370632539444,39.45294158632304],[-123.82372508010242,39.45330125422198],[-123.82418984951258,39.45328673969437],[-123.82417109252992,39.452927071869226]],[[-123.82824132760996,39.45063836079086],[-123.82777657577776,39.45065289066891],[-123.82779534985322,39.451012557530056],[-123.82826010395992,39.45099802757816],[-123.82824132760996,39.45063836079086]],[[-123.82355629434996,39.45006424537269],[-123.82309154522716,39.45007875747333],[-123.82312904733611,39.450798092485165],[-123.8235938010079,39.45078358023697],[-123.82355629434996,39.45006424537269]],[[-123.8198382962215,39.45018029281447],[-123.81937354562865,39.450194790811274],[-123.81939227839517,39.45055445887587],[-123.81985703126254,39.45053996080538],[-123.8198382962215,39.45018029281447]],[[-123.82772025465574,39.4495738904585],[-123.82725550946287,39.449588418352036],[-123.82727428071173,39.449948085100516],[-123.82773902817902,39.44993355713315],[-123.82772025465574,39.4495738904585]],[[-123.82260804741628,39.44973360032457],[-123.82214330020032,39.44974810882553],[-123.82216204643008,39.45010777638569],[-123.82262679592054,39.45009326781099],[-123.82260804741628,39.44973360032457]],[[-123.82768270816132,39.448854557295604],[-123.82675322668922,39.44888361102438],[-123.8267719952956,39.44924327772243],[-123.8277014813165,39.44921422384597],[-123.82768270816132,39.448854557295604]],[[-123.81885260447793,39.44913028300324],[-123.81838786034123,39.44914477725307],[-123.81840658800789,39.44950444527854],[-123.81887133441904,39.44948995095502],[-123.81885260447793,39.44913028300324]],[[-123.83045236154244,39.44840768775373],[-123.82998762427736,39.4484222260033],[-123.83000640862036,39.44878189212226],[-123.83047114815979,39.4487673537988],[-123.83045236154244,39.44840768775373]],[[-123.82115758127703,39.44869811778854],[-123.8206928403331,39.44871262077944],[-123.82071157918828,39.44907228837434],[-123.82117632240664,39.44905778530974],[-123.82115758127703,39.44869811778854]],[[-123.8276451624031,39.44813522438111],[-123.82718042630779,39.44814975197931],[-123.82719919682053,39.448509418479325],[-123.82766393519017,39.448494890807304],[-123.8276451624031,39.44813522438111]],[[-123.82671569002845,39.44816427781456],[-123.82625095356514,39.44817880188689],[-123.82626971952917,39.44853846853458],[-123.82673445826683,39.44852394438842],[-123.82671569002845,39.44816427781456]],[[-123.82576745341215,39.447833657536904],[-123.82530271885524,39.44784817800961],[-123.82534024150189,39.44856751153809],[-123.8258049806075,39.4485529909178],[-123.82576745341215,39.447833657536904]],[[-123.82299779317184,39.448280421031356],[-123.82253305523736,39.448294931000284],[-123.82255180300639,39.44865459823819],[-123.82301654321526,39.44864008819552],[-123.82299779317184,39.448280421031356]],[[-123.83134425374055,39.4476592743575],[-123.83087952139252,39.44767381598511],[-123.83089830991581,39.448033481832134],[-123.83136304453818,39.44801894013062],[-123.83134425374055,39.4476592743575]],[[-123.82247681303303,39.447215929659045],[-123.82154735025873,39.447244943865705],[-123.82204957180818,39.447949771956736],[-123.82297904331226,39.4479207539293],[-123.82247681303303,39.447215929659045]],[[-123.83084194489847,39.44695448447718],[-123.8303772169148,39.44696902419409],[-123.83039600279545,39.447328689990954],[-123.8308607330534,39.44731415020015],[-123.83084194489847,39.44695448447718]],[[-123.82758884514605,39.44705622547492],[-123.82712411587367,39.4470707528516],[-123.82714288583438,39.447430419165464],[-123.82760761738105,39.44741589171495],[-123.82758884514605,39.44705622547492]],[[-123.82080153472086,39.44186444666899],[-123.8217309296383,39.441835438199455],[-123.82174967182544,39.4421951043958],[-123.82221437128257,39.442180597443155],[-123.82225186075601,39.44289992987393],[-123.82271656457745,39.44288542101104],[-123.82273531186385,39.443245087245494],[-123.82180589948915,39.4432741033559],[-123.82184338551698,39.44399343630531],[-123.82137867450584,39.44400794186372],[-123.8214536396698,39.44544660880042],[-123.82098891937831,39.44546111289083],[-123.82100765885441,39.445820779853584],[-123.82240182600032,39.44577726207262],[-123.8224205724828,39.446136928876236],[-123.82288529677149,39.446122419349756],[-123.82286654801476,39.4457627526199],[-123.82333126984538,39.4457482414043],[-123.82336877209114,39.446467574778524],[-123.82290404571202,39.44648208614161],[-123.82292279483637,39.44684175299549],[-123.8238522519593,39.44681272835889],[-123.82381474479739,39.44609339500819],[-123.82427946853457,39.446078880193106],[-123.82426071295518,39.44571921368449],[-123.82519015532948,39.44569017891323],[-123.82520891545731,39.446049845274274],[-123.82567363864283,39.44603532517057],[-123.8256548762408,39.4456756588833],[-123.82611959696816,39.445661137090525],[-123.82608206816754,39.444941804849535],[-123.82654678416262,39.4449272814415],[-123.82660308446204,39.44600627967452],[-123.82753252954532,39.445977227126996],[-123.82757007309512,39.446696559296925],[-123.82803479990919,39.446682030231194],[-123.82805357423439,39.44704169633534],[-123.82898303185888,39.44701263276751],[-123.82941019828314,39.446278766636134],[-123.82987492208663,39.44626423059276],[-123.82985613903269,39.44590456490805],[-123.82892669578999,39.44593363508422],[-123.82890791746854,39.44557396931375],[-123.83030207523383,39.44553036162682],[-123.83026450549829,39.44481103071499],[-123.82935385649624,39.44519976954633],[-123.82931629622551,39.444480438462875],[-123.82836809549688,39.44414983892594],[-123.82833054542705,39.44343050791854],[-123.82786583926438,39.44344503808259],[-123.82790338478605,39.44416436923766],[-123.82743867389122,39.44417889778656],[-123.82738236270693,39.44309990092529],[-123.82691765845027,39.44311442748992],[-123.82693642638696,39.44347409312226],[-123.82554230569106,39.44351766246073],[-123.82556106698954,39.44387732837637],[-123.82509635744896,39.44389184803735],[-123.8245941344077,39.44318703387101],[-123.82366472350344,39.44321606408388],[-123.82364597166894,39.44285639799691],[-123.82318126821507,39.44287091038538],[-123.82316251883843,39.442511244286514],[-123.8226978174748,39.44252575483845],[-123.82264157726958,39.44144675669171],[-123.821247492542,39.44149027710736],[-123.8212287529963,39.44113061096092],[-123.82029936680729,39.441159615610154],[-123.82080153472086,39.44186444666899]],[[-123.82784706677958,39.44308537259788],[-123.8278282944788,39.44272570717501],[-123.82736359268017,39.44274023542859],[-123.82738236270693,39.44309990092529],[-123.82784706677958,39.44308537259788]],[[-123.82457537802512,39.44282736793157],[-123.82455662182642,39.44246770205398],[-123.82362722001825,39.442496731971794],[-123.82364597166894,39.44285639799691],[-123.82457537802512,39.44282736793157]],[[-123.82310627181124,39.44143224636096],[-123.82308752316978,39.44107258050938],[-123.82262283090202,39.441087090766416],[-123.82264157726958,39.44144675669171],[-123.82310627181124,39.44143224636096]],[[-123.8202806319931,39.440799949378146],[-123.81981594089704,39.44081444898494],[-123.81983467343727,39.44117411529064],[-123.82029936680729,39.441159615610154],[-123.8202806319931,39.440799949378146]],[[-123.8354139728553,39.445370331035384],[-123.83494925581128,39.44538488808519],[-123.83496806369698,39.445744552894745],[-123.83543278301516,39.44572999577096],[-123.8354139728553,39.445370331035384]],[[-123.8311563558958,39.444062620036455],[-123.83069164628967,39.44407716092507],[-123.83071043297114,39.444436826152284],[-123.83117514485139,39.44442228518977],[-123.8311563558958,39.444062620036455]],[[-123.83065407347918,39.443357830656296],[-123.83018936823697,39.44337236963434],[-123.8302081522761,39.44373203481167],[-123.83067285979234,39.443717495759756],[-123.83065407347918,39.443357830656296]],[[-123.83202939514963,39.44295453832552],[-123.83156469273403,39.442969082518054],[-123.83158348341107,39.443328747411826],[-123.83204818810069,39.4433142031454],[-123.83202939514963,39.44295453832552]],[[-123.82920361983174,39.44232244669804],[-123.82873892085924,39.44233698016613],[-123.82875769752398,39.44269664537947],[-123.82922239877047,39.442682111837534],[-123.82920361983174,39.44232244669804]],[[-123.81474174196268,39.44169316261089],[-123.81476044985631,39.44205282985005],[-123.81429574973619,39.442067308524486],[-123.81433316152552,39.442786643335474],[-123.8152625706785,39.44275768392949],[-123.81528128139637,39.44311735128063],[-123.81714010659735,39.44305941102061],[-123.81663796567568,39.44235456453105],[-123.81803206955593,39.44231109655673],[-123.81845931812758,39.44157727034397],[-123.81474174196268,39.44169316261089]],[[-123.81892401432238,39.44156277587812],[-123.81890528614639,39.44120310936332],[-123.81844059222557,39.44121760375552],[-123.81845931812758,39.44157727034397],[-123.81892401432238,39.44156277587812]],[[-123.83057893006813,39.44191917086107],[-123.83011423392193,39.4419337095436],[-123.83013301722448,39.442293374473536],[-123.83059771564467,39.442278835717126],[-123.83057893006813,39.44191917086107]],[[-123.82779075042933,39.44200637651481],[-123.82732605317867,39.44202090462076],[-123.82734482283742,39.442380569993766],[-123.82827422170267,39.44235151187144],[-123.82821789963468,39.44127251638078],[-123.82775320711592,39.44128704610185],[-123.82779075042933,39.44200637651481]],[[-123.82771566453853,39.44056771593605],[-123.82725097638357,39.44058224374671],[-123.82728851441314,39.44130157406015],[-123.82775320711592,39.44128704610185],[-123.82771566453853,39.44056771593605]],[[-123.8281803525095,39.440553186362635],[-123.82816157922299,39.440193521446176],[-123.82862626473609,39.440178990183874],[-123.8285699391592,39.43909999602634],[-123.82762181131521,39.43876939160184],[-123.82758427131385,39.43805006230001],[-123.82665492665309,39.438079115125326],[-123.82667369201431,39.43843877989301],[-123.82713836671041,39.438424254287895],[-123.8271946707191,39.439503248739626],[-123.82765935205256,39.4394887211504],[-123.82767812269721,39.4398483860172],[-123.82674875529868,39.43987743958056],[-123.82676752157967,39.440237104656724],[-123.82769689352588,39.440208050945756],[-123.82771566453853,39.44056771593605],[-123.8281803525095,39.440553186362635]],[[-123.82819912598008,39.440912851340826],[-123.8286638160409,39.44089831993087],[-123.82864504029648,39.44053865502652],[-123.8281803525095,39.440553186362635],[-123.82819912598008,39.440912851340826]],[[-123.8263028353306,39.440251628868126],[-123.82632159952168,39.44061129407986],[-123.82678628804459,39.440596769794645],[-123.82676752157967,39.440237104656724],[-123.8263028353306,39.440251628868126]],[[-123.82544850195735,39.44171933381043],[-123.82498380606091,39.441733853028744],[-123.82500256416586,39.44209351870892],[-123.82546726233628,39.44207899941683],[-123.82544850195735,39.44171933381043]],[[-123.82450035433345,39.44138870479216],[-123.82355221525371,39.44105806848962],[-123.82312502063651,39.441791912274326],[-123.8240731672734,39.44212255200479],[-123.82450035433345,39.44138870479216]],[[-123.82961197608668,39.44122891664115],[-123.82914728412008,39.44124345165044],[-123.82916606250657,39.44160311660451],[-123.82963075674708,39.44158858152136],[-123.82961197608668,39.44122891664115]],[[-123.81985340616114,39.44153378165812],[-123.81938871033356,39.4415482796495],[-123.8194074409671,39.44190794615248],[-123.81987213906865,39.441893448087434],[-123.81985340616114,39.44153378165812]],[[-123.8174924826627,39.4408869205777],[-123.81702779046518,39.44090140960799],[-123.81704650936177,39.44126107635553],[-123.81751120383323,39.441246587251634],[-123.8174924826627,39.4408869205777]],[[-123.82535470282124,39.439921006705234],[-123.8248900182943,39.43993552555469],[-123.82490877547987,39.44029519092598],[-123.82537346228068,39.44028067200276],[-123.82535470282124,39.439921006705234]],[[-123.82485250447476,39.439216194997265],[-123.82438782431159,39.439230711936474],[-123.8244065788556,39.43959037725811],[-123.8248712612926,39.43957586024514],[-123.82485250447476,39.439216194997265]],[[-123.82669245755946,39.438798444722366],[-123.82622778040567,39.43881296863859],[-123.826246543861,39.43917263360342],[-123.82671122328858,39.439158109613395],[-123.82669245755946,39.438798444722366]],[[-123.82574434207028,39.4384678258152],[-123.82527966682241,39.43848234613227],[-123.82531718445406,39.439201676295355],[-123.82578186424949,39.43918715583073],[-123.82574434207028,39.4384678258152]],[[-123.82390439187817,39.438885561779344],[-123.82343971362116,39.43890007511939],[-123.82345846343375,39.439259740526786],[-123.82392314396458,39.439245227113005],[-123.82390439187817,39.438885561779344]],[[-123.83039108443076,39.4383225256971],[-123.8299264110229,39.43833706364096],[-123.82994519248429,39.43869672795352],[-123.83040986816589,39.438682189935804],[-123.83039108443076,39.4383225256971]],[[-123.82892195783975,39.436927477015956],[-123.82845729297443,39.43694200937645],[-123.82847606687848,39.43730167366403],[-123.82894073401748,39.437287141229696],[-123.82892195783975,39.436927477015956]],[[-123.82514836090371,39.4359646925031],[-123.82561302023585,39.4359501727024],[-123.82559426070935,39.435590508218354],[-123.8251296036508,39.4356050279453],[-123.82514836090371,39.4359646925031]],[[-123.8250920896965,39.43488569901427],[-123.82555674220795,39.43487117943487],[-123.82553798323308,39.43451151513539],[-123.82507333299513,39.43452603464105],[-123.82505457647764,39.43416637032933],[-123.82412527999723,39.43419540390539],[-123.82466494640838,39.43561954590962],[-123.8251296036508,39.4356050279453],[-123.8250920896965,39.43488569901427]],[[-123.82408777660766,39.433476075171384],[-123.82362313263867,39.4334905891681],[-123.82360438349299,39.43313092481957],[-123.82269384414944,39.43351961187382],[-123.82273133389819,39.43423894105014],[-123.82412527999723,39.43419540390539],[-123.82408777660766,39.433476075171384]],[[-123.8274153504148,39.43481308349129],[-123.826950698639,39.43482761012109],[-123.82696946461833,39.435187274260734],[-123.82743411866771,39.43517274755714],[-123.8274153504148,39.43481308349129]],[[-123.82323347781238,39.434943759705966],[-123.8227688243819,39.4349582704724],[-123.82278756989936,39.435317935275805],[-123.8232522256034,39.435303424435666],[-123.82323347781238,39.434943759705966]],[[-123.82224794213825,39.43389378521396],[-123.82131864799975,39.43392279749166],[-123.82182077618305,39.434627621828156],[-123.82228542770747,39.43461311466063],[-123.82224794213825,39.43389378521396]],[[-123.8213373861455,39.43428246233163],[-123.82087273652725,39.43429696590031],[-123.82089147258314,39.43465663087544],[-123.82135612447493,39.43464212723311],[-123.8213373861455,39.43428246233163]],[[-123.81946005751891,39.433980800896144],[-123.81899540943971,39.4339952973408],[-123.81901413621794,39.434354962549065],[-123.81947878657067,39.434340466030754],[-123.81946005751891,39.433980800896144]],[[-123.82083526496636,39.43357763613448],[-123.8199059742729,39.4336066376894],[-123.81992470541455,39.43396630268888],[-123.82085400065499,39.43393730098665],[-123.82083526496636,39.43357763613448]],[[-123.82221045730385,39.43317445601319],[-123.8212811722592,39.43320346799613],[-123.82129991003764,39.43356313271316],[-123.8222291996292,39.433534120582834],[-123.82221045730385,39.43317445601319]],[[-123.82033315343202,39.43287280812594],[-123.81986851254035,39.432887307874815],[-123.81988724331482,39.433246972751384],[-123.82035188647993,39.43323247292886],[-123.82033315343202,39.43287280812594]]]},"properties":{"id":"cdfw-ds3091-7-28-10-4","source":"CDFW ds3091 predicted substrate","source_url":"https://tiledimageservices2.arcgis.com/Uq9r85Potqm3MfRV/arcgis/rest/services/biosds3091_cru/ImageServer","metadata_url":"https://filelib.wildlife.ca.gov/public/BDB/GIS/BIOS/metadata/ds3091.html","source_tile_sha256":"35eb43d1737f76c7ea514ce2d8c955444fe66bf400446a8ebfb67c9e823f9685","source_class":"Predicted hard (rugosity proxy)","display_resolution_m":40,"approx_area_m2":3216770,"fishing_target":false,"exportable":false,"depth_qualified":false,"fish_confirmed":false,"mpa_screened_at":"2026-09-23T20:44:08Z"}},{"type":"Feature","geometry":{"type":"Polygon","coordinates":[[[-123.83466171764073,39.430983792243254],[-123.83464291503905,39.43062413003481],[-123.83417829121623,39.43063868405268],[-123.83414069111218,39.4299193596719],[-123.83323024742006,39.43030812443213],[-123.83319265677733,39.429588799878296],[-123.83272803922137,39.42960334838705],[-123.83270924644948,39.42924368612817],[-123.8322446309825,39.42925823280059],[-123.83174243943269,39.42855345308106],[-123.83267166145826,39.42852436179417],[-123.83269045386177,39.42888402393056],[-123.83315506687143,39.42886947556958],[-123.8331362721948,39.428509813507084],[-123.83406549311523,39.42848071164566],[-123.83402789522228,39.42776138799994],[-123.8326340772038,39.42780503770509],[-123.83261528535284,39.427445375752335],[-123.83354449300327,39.427416277859095],[-123.83352569679043,39.42705661611532],[-123.83447369991681,39.427387172916255],[-123.8344360985833,39.42666784978548],[-123.83490069721765,39.42665329481831],[-123.83486309207525,39.42593397207995],[-123.83532768597944,39.42591941549826],[-123.8353088814117,39.42555975429469],[-123.83437969796496,39.4255888655479],[-123.83480668574373,39.42485498843074],[-123.834342098474,39.42486954302834],[-123.83430449972,39.4241502207531],[-123.83383991681175,39.42416477344057],[-123.83382111998394,39.423805112320615],[-123.83291075044261,39.42419387352857],[-123.83287316606246,39.423474551054156],[-123.83240858714726,39.423489098306945],[-123.83190643349552,39.42278432127163],[-123.83051270872949,39.42282794672621],[-123.83093971911065,39.42209408409303],[-123.82582943282502,39.422253926158895],[-123.82584819009529,39.422613588228664],[-123.82538361523864,39.42262810882563],[-123.82536486024114,39.42226844668212],[-123.8170025223222,39.42252951474914],[-123.81754196475246,39.423953679895476],[-123.81940030283914,39.42389570588698],[-123.8189731666014,39.42462952893149],[-123.81804398846643,39.42465851623013],[-123.81854602182248,39.42536335075242],[-123.81761683422877,39.42539233482072],[-123.81718967144955,39.42612615218777],[-123.81626047366325,39.42615512597613],[-123.81624176247115,39.42579546181018],[-123.81484797123538,39.42583890905414],[-123.81482926704565,39.42547924472871],[-123.81343548097908,39.425522675890626],[-123.81345417834982,39.42588234043661],[-123.81159578527028,39.425940224273106],[-123.81161447373209,39.4262998891742],[-123.8106852715472,39.42632882066502],[-123.81070395564606,39.426688485774186],[-123.80979342791835,39.42707707567951],[-123.80981210783722,39.42743674105799],[-123.81120593239643,39.42739335109151],[-123.81118724565823,39.427033685933424],[-123.81536868898556,39.42690342152444],[-123.81538739618166,39.42726308602098],[-123.81631660833987,39.427234118840865],[-123.81633532026554,39.427593783251496],[-123.81679992834269,39.427579296944245],[-123.81683735729045,39.428298625802014],[-123.81778530128234,39.42862931197947],[-123.81782274042345,39.42934864091038],[-123.82014583305131,39.42927616347304],[-123.82012710202304,39.42891649934505],[-123.82059171772474,39.42890199864383],[-123.82057298460687,39.42854233465076],[-123.82150221091311,39.42851332810828],[-123.82148347343255,39.42815366432375],[-123.82334191474853,39.42809563038427],[-123.82337940807848,39.42881495742506],[-123.82428988542357,39.428426266182285],[-123.82430863672671,39.42878592958588],[-123.82477325077517,39.42877141302261],[-123.82527537689013,39.42947622139294],[-123.8262046131606,39.429447179159204],[-123.82622337410793,39.42980684245161],[-123.82715261418927,39.4297777930205],[-123.82717137986693,39.43013745622667],[-123.82810062375898,39.43010839959812],[-123.82811939416703,39.43046806271802],[-123.82951326544499,39.430424464335196],[-123.82949448821725,39.43006480143675],[-123.82995910933528,39.43005026519135],[-123.82999666852129,39.430769590901896],[-123.83046129400175,39.430755052746356],[-123.8304800761441,39.43111471561978],[-123.83140933109924,39.43108563387354],[-123.83139054441034,39.43072597114782],[-123.83092591929808,39.43074051282833],[-123.83088835101915,39.43002118741316],[-123.83135297158493,39.43000664588037],[-123.83133418544844,39.42964698333859],[-123.83179880355691,39.429632440117196],[-123.83181759196661,39.42999210258512],[-123.83228221216412,39.4299775575274],[-123.83230100303116,39.43033721998273],[-123.8327656253177,39.43032267308867],[-123.83326783879967,39.43102744923115],[-123.83466171764073,39.430983792243254]],[[-123.82945693431385,39.42934547582374],[-123.82899231755817,39.42936001015902],[-123.82897354315571,39.4290003473706],[-123.82943815763824,39.42898581310912],[-123.82945693431385,39.42934547582374]],[[-123.82806308349481,39.42938907354223],[-123.82759846618713,39.42940360259017],[-123.82757969860418,39.429043939580325],[-123.82804431363866,39.429029410606205],[-123.82806308349481,39.42938907354223]],[[-123.83129661372779,39.42892765843886],[-123.83083199998154,39.42894219975008],[-123.83081321667052,39.42858253731824],[-123.83127782814366,39.42856799608087],[-123.83129661372779,39.42892765843886]],[[-123.83218826059132,39.42817924616982],[-123.83172365175955,39.42819379085818],[-123.83170486427058,39.427834128696496],[-123.83216947082927,39.427819584081995],[-123.83218826059132,39.42817924616982]],[[-123.82148347343255,39.42815366432375],[-123.82101886264438,39.42816816840256],[-123.8210001276206,39.42780850460562],[-123.82146473613564,39.42779400060047],[-123.82148347343255,39.42815366432375]],[[-123.82008964051718,39.428197171272835],[-123.81962502917821,39.428211670064336],[-123.8196063009738,39.42785200604646],[-123.82007091003965,39.42783750732858],[-123.82008964051718,39.428197171272835]],[[-123.83261528535284,39.427445375752335],[-123.83215068125136,39.42745992205537],[-123.8321318918576,39.427100260089965],[-123.83259649368604,39.42708571386079],[-123.83261528535284,39.427445375752335]],[[-123.83120268764826,39.4271293472611],[-123.83027348270247,39.42715842738265],[-123.83025470258495,39.42679876518299],[-123.83118390298466,39.4267696852091],[-123.83120268764826,39.4271293472611]],[[-123.82562744693344,39.427303722246585],[-123.82516284234507,39.427318242039746],[-123.82514408723092,39.426958579028465],[-123.82560868954626,39.42694405930903],[-123.82562744693344,39.427303722246585]],[[-123.82884212749047,39.42648270956596],[-123.82837752873549,39.42649724154835],[-123.82835875807801,39.426137579175744],[-123.82882335456,39.42612304726715],[-123.82884212749047,39.42648270956596]],[[-123.82971499257127,39.42537465404385],[-123.828785809251,39.42540372285292],[-123.82876703687249,39.42504406073747],[-123.8296962156469,39.425014992076],[-123.82971499257127,39.42537465404385]]]},"properties":{"id":"cdfw-ds3091-7-28-10-5","source":"CDFW ds3091 predicted substrate","source_url":"https://tiledimageservices2.arcgis.com/Uq9r85Potqm3MfRV/arcgis/rest/services/biosds3091_cru/ImageServer","metadata_url":"https://filelib.wildlife.ca.gov/public/BDB/GIS/BIOS/metadata/ds3091.html","source_tile_sha256":"35eb43d1737f76c7ea514ce2d8c955444fe66bf400446a8ebfb67c9e823f9685","source_class":"Predicted hard (rugosity proxy)","display_resolution_m":40,"approx_area_m2":1160000,"fishing_target":false,"exportable":false,"depth_qualified":false,"fish_confirmed":false,"mpa_screened_at":"2026-09-23T20:44:08Z"}},{"type":"Feature","geometry":{"type":"Polygon","coordinates":[[[-123.82896880055047,39.41999426511171],[-123.82898757262615,39.42035392629958],[-123.82991669194082,39.42032485603243],[-123.82989791531993,39.419965194992166],[-123.83082702935336,39.419936117823745],[-123.83132915315541,39.42064089829469],[-123.83086459186956,39.420655439669886],[-123.83088337340372,39.4210151006843],[-123.83181250033664,39.42098601602401],[-123.83185007304787,39.42170533794021],[-123.83138550512813,39.42171988129916],[-123.83140428948718,39.422079542422516],[-123.81746709821114,39.42251502594713],[-123.81744838203439,39.42215536261257],[-123.81651923461867,39.42218433830715],[-123.81601724246899,39.42147949658345],[-123.8155526728482,39.42149397987792],[-123.81553396631259,39.42113431643204],[-123.81599853366062,39.42111983321112],[-123.81597982503564,39.42076016989974],[-123.8155152599603,39.42077465304711],[-123.81545914200336,39.419695663257826],[-123.81592370026074,39.419681180331025],[-123.81588628466082,39.41896185425631],[-123.81495717705317,39.418990818053544],[-123.81493847407337,39.41863115496042],[-123.81447392226721,39.418645634142216],[-123.81441782124504,39.41756664500723],[-123.81348873071815,39.41759559764321],[-123.81347003528893,39.41723593457284],[-123.81300549202314,39.41725040817409],[-123.81296810625925,39.41653108206867],[-123.81387848636571,39.41614247058335],[-123.81385978939687,39.41578280782945],[-123.81480755834646,39.41611351501101],[-123.81477015550247,39.41539418985792],[-123.8152346866732,39.41537970957556],[-123.8151785769647,39.414300722521645],[-123.81471405261098,39.4143152025835],[-123.81467665159956,39.41359587803717],[-123.81514117140873,39.41358139812233],[-123.81512246890564,39.41322173601358],[-123.81465795136872,39.413236215854944],[-123.81462055145677,39.41251689167229],[-123.81554957725855,39.41248793052153],[-123.8155308730331,39.41212826866803],[-123.81506636249603,39.41214275005094],[-123.81501025773568,39.41106376463328],[-123.81593926499382,39.41103480054649],[-123.81590185364827,39.41031547753133],[-123.81636635245827,39.410300992991935],[-123.81629152287856,39.40886234798125],[-123.81675601241727,39.40884786197393],[-123.8167747218092,39.40920752306243],[-123.81816819614116,39.409164054248095],[-123.81818691253237,39.40952371517638],[-123.81911589904736,39.409494727009864],[-123.8190971781122,39.40913506622869],[-123.81956166882262,39.40912056957606],[-123.81952422295872,39.40840124834208],[-123.81905973679221,39.40841574484759],[-123.81904101640737,39.40805608424763],[-123.81950550030197,39.408041587815696],[-123.8194493334324,39.40696260659872],[-123.82223619205351,39.40687559233124],[-123.82221745649971,39.40651593248782],[-123.82175298279347,39.40653043919689],[-123.82167805150094,39.4050918001317],[-123.82121358669814,39.40510630478444],[-123.82117612669646,39.40438698546621],[-123.8207116662535,39.404401488209906],[-123.82063675753876,39.40296285000147],[-123.82156566006829,39.402933843340996],[-123.82149073611701,39.40149520668379],[-123.82054312577363,39.40116455359438],[-123.82048694891614,39.400085576471184],[-123.81953936128704,39.39975491583925],[-123.81948320025907,39.39867593899503],[-123.81901877560958,39.3986904352763],[-123.81898134038386,39.39797111753297],[-123.8208577463174,39.398272780973514],[-123.82128471039029,39.39753896083115],[-123.82033715203478,39.397208306783064],[-123.82029970464886,39.39648898996045],[-123.81983529399362,39.3965034893238],[-123.81977913110389,39.39542451431828],[-123.81885032287005,39.39545350731881],[-123.81879417525741,39.394374532410616],[-123.81784666895456,39.39404385959339],[-123.81780924758024,39.39332454311239],[-123.81734485644797,39.39333903300596],[-123.81777182693912,39.39260522687041],[-123.81823621334617,39.39259073536228],[-123.81773440703114,39.39188591086731],[-123.82052069547233,39.39179893627751],[-123.82001887264038,39.39109412141714],[-123.81955449605024,39.39110861967733],[-123.8195357776544,39.39074896217871],[-123.81907140315174,39.39076345860387],[-123.81905268721009,39.39040380109134],[-123.8185883147949,39.39041829568146],[-123.81856960130735,39.39005863815507],[-123.81810523097964,39.3900731309102],[-123.81853217488222,39.38933932328104],[-123.81946090590462,39.38931033278035],[-123.8194421884256,39.38895067557974],[-123.81804909842916,39.38899415846803],[-123.81797425759451,39.387555529379],[-123.81888425198504,39.3871668861598],[-123.81884682395159,39.386447572385315],[-123.81977551827701,39.38641857953794],[-123.81975679999417,39.386058922886896],[-123.820704211869,39.386389579644955],[-123.82064804394743,39.38531061031131],[-123.81970064624572,39.384979953290355],[-123.81968192869626,39.384620296876946],[-123.82059187767636,39.38423164151228],[-123.82055443441256,39.3835123292764],[-123.82148309094369,39.38348332351448],[-123.82146436504615,39.383123667632624],[-123.82051699188227,39.382793017277855],[-123.82049827089222,39.3824333613675],[-123.82003394916259,39.382447861385906],[-123.82001523062615,39.382088205461336],[-123.82094386936147,39.382059203810286],[-123.82092514646786,39.381699548092044],[-123.82046082946215,39.381714049724664],[-123.82042338876556,39.38099473831884],[-123.82135201351261,39.38096573358637],[-123.8213707383097,39.38132538911263],[-123.82183505267834,39.381310884030945],[-123.82177887202677,39.38023191785048],[-123.82224317940143,39.38021741122816],[-123.82218699359025,39.37913844580098],[-123.82079409134725,39.379181959722345],[-123.82122094506833,39.3784481465599],[-123.82029235210317,39.378477150263066],[-123.82031107107633,39.378836805522134],[-123.81984677204863,39.3788513048054],[-123.81982805534555,39.37849164947284],[-123.81889946128041,39.378520642608756],[-123.81888074930073,39.37816098718831],[-123.81934504415491,39.37814649157443],[-123.81927018898897,39.3767078707774],[-123.82018004211426,39.3763192199494],[-123.82016132442445,39.375959565103784],[-123.82201844606193,39.375901552711255],[-123.82198099307321,39.375182243785154],[-123.8210524417007,39.3752112532096],[-123.82103372002112,39.374851598687975],[-123.82056944632964,39.37486610068501],[-123.8199928734651,39.37272267414667],[-123.82092139379412,39.372693672795705],[-123.82090267339801,39.37233401868645],[-123.82136693101783,39.3723195154429],[-123.82138565368365,39.37267916947866],[-123.82231417291258,39.37265015756136],[-123.82227671868564,39.371930849842784],[-123.82320522810227,39.371901831175414],[-123.82316776553044,39.37118252398632],[-123.82270351545307,39.37119703405345],[-123.82268478671192,39.37083738047357],[-123.8231490345197,39.37082287047998],[-123.82313030369238,39.37046321703244],[-123.82266605815417,39.370477726952466],[-123.82264732977985,39.37011807349014],[-123.82355708340378,39.36972939877963],[-123.82357581613374,39.37008905203611],[-123.82496854428858,39.37004550664767],[-123.82493106539512,39.369326200634774],[-123.82446682739932,39.3693407173781],[-123.82444809049733,39.368981064386176],[-123.82537656176648,39.36895202928568],[-123.82539530320742,39.369311682130466],[-123.82585954083615,39.3692971618652],[-123.82584079712575,39.36893750909399],[-123.82630503230149,39.36892298714135],[-123.82530159783813,39.36751341849333],[-123.82344469087646,39.367571480473515],[-123.82342595943062,39.367211827627855],[-123.82249750938783,39.367240847905315],[-123.82246005612375,39.36652154209572],[-123.8229242766982,39.36650703298451],[-123.82290554807196,39.366147380241124],[-123.82244132976679,39.36616188927882],[-123.82242260359324,39.36580223652053],[-123.821958387374,39.36581674372382],[-123.82197711127829,39.36617639655564],[-123.82104867375118,39.36620540582654],[-123.82102995438547,39.36584575284775],[-123.8205657376162,39.36586025476836],[-123.8205283039732,39.36514094883947],[-123.82006409155917,39.365155448852256],[-123.82000794927694,39.36407649017757],[-123.81954374348726,39.36409098820909],[-123.8194876096617,39.36301202984051],[-123.81854050477702,39.362681367360906],[-123.81852179858966,39.36232171459985],[-123.81805760359599,39.36233620698168],[-123.8180201963089,39.36161690148804],[-123.81848438676448,39.36160240925306],[-123.81842827040046,39.36052345167079],[-123.8193753469576,39.36085411468124],[-123.81935663714819,39.360494462359064],[-123.81982082024724,39.36047996506207],[-123.81983953232563,39.36083961731079],[-123.82030371751043,39.36082511817956],[-123.82028500316306,39.36046546600429],[-123.82121336844497,39.360436462606486],[-123.82123208733024,39.36079611463484],[-123.82216045641685,39.360767104047056],[-123.8221979038132,39.36148640798489],[-123.82312628124235,39.36145739006001],[-123.82314500975359,39.36181704196947],[-123.8240733909872,39.361788016854426],[-123.82403592507218,39.361068713387986],[-123.82496429649606,39.361039681523984],[-123.82498303389981,39.36139933308093],[-123.82544722160553,39.36138481443422],[-123.8254097424436,39.3606655115258],[-123.82448137592453,39.36069454676423],[-123.82446264115666,39.36033489525045],[-123.82307009680905,39.36037843468184],[-123.82301391402616,39.35929947982872],[-123.8239609954433,39.35963010715534],[-123.82397972757539,39.35998975862602],[-123.82444390657224,39.35997524379501],[-123.82487061222943,39.35924142461438],[-123.8239235317294,39.35891080438893],[-123.82390480014759,39.358551153093124],[-123.82299518679862,39.35893982832761],[-123.82293900621626,39.357860874173895],[-123.8236192510241,39.357570204779044],[-123.82365113939447,39.35757148561315],[-123.83268726973164,39.357571509326455],[-123.83270522276082,39.35791542597381],[-123.83084856426824,39.357973600032594],[-123.8308860953123,39.35869290035824],[-123.83179566384977,39.358304166510926],[-123.83181443400125,39.358663816555534],[-123.83274277195503,39.35863472571004],[-123.8327615468279,39.35899437566552],[-123.83368988858392,39.35896527762985],[-123.83370866817822,39.35932492749618],[-123.83463701373633,39.359295822270276],[-123.8346557980522,39.35965547204745],[-123.83651249603636,39.35959724017213],[-123.8365500833708,39.3603165393113],[-123.8356405150767,39.360705308870045],[-123.83569688439705,39.361784258633854],[-123.83384013048747,39.36184247819314],[-123.83387769280236,39.36256177891748],[-123.83294930566804,39.36259087842737],[-123.83296808256327,39.36295052902458],[-123.83250388645126,39.36296507621204],[-123.83254143625518,39.36368437772919],[-123.83348861708761,39.36401493199748],[-123.83346983737167,39.36365528129864],[-123.83439823775251,39.36362617782483],[-123.83436066979601,39.36290687689741],[-123.83482486517242,39.36289232266675],[-123.83532663739763,39.36359706730774],[-123.83486243766704,39.36361162344667],[-123.83488122419033,39.36397127392433],[-123.83580962800566,39.36394215973811],[-123.83631141685049,39.36464690069188],[-123.83677562283634,39.36463233904915],[-123.83675682686862,39.364272688749644],[-123.8376852337499,39.364243560329285],[-123.83725862705911,39.364977425929816],[-123.83586600229407,39.36502111107935],[-123.83588479409157,39.36538076164344],[-123.8354205831993,39.36539531991204],[-123.83543937291162,39.365754970608414],[-123.83636779905052,39.36572585216287],[-123.83638659348529,39.366085502770254],[-123.83499394719325,39.36612917801861],[-123.83501273500433,39.36648882890588],[-123.83733382258374,39.36641602765201],[-123.83690719976433,39.36714989278459],[-123.83783564295284,39.36712076318343],[-123.83785444493176,39.367480413803754],[-123.83739022116022,39.3674949795586],[-123.83740902105392,39.36785463031132],[-123.8364617730649,39.36752410578556],[-123.83648056841993,39.3678837566859],[-123.8355521150497,39.367912876016796],[-123.83553332423331,39.3675532249689],[-123.83506909954149,39.3675677819192],[-123.83508788808854,39.36792743304087],[-123.83415943361425,39.367956541806244],[-123.8346612340507,39.36866129087083],[-123.8355896972345,39.36863217828856],[-123.83560848860293,39.3689918295124],[-123.83469880789393,39.36938059367232],[-123.8347175950915,39.36974024516111],[-123.83378911755521,39.36976935114212],[-123.83375155242177,39.36905004792825],[-123.83282308322748,39.36907914657049],[-123.83286063928311,39.369798450079294],[-123.8323963998712,39.36981299690641],[-123.83289819607434,39.37051775382301],[-123.83243395212342,39.37053230079758],[-123.83245272852537,39.370891952831286],[-123.8342909268235,39.37047410233337],[-123.83432849796759,39.37119340586963],[-123.835256993292,39.37116429577656],[-123.83527578367914,39.3715239474853],[-123.83574003333487,39.3715093897235],[-123.8357964124092,39.37258834498126],[-123.83486789929603,39.37261745918655],[-123.83484911062645,39.37225780722759],[-123.83345634638562,39.37230146510652],[-123.83347512824628,39.37266111728674],[-123.83254661329336,39.372690213881675],[-123.83256539079865,39.37304986626824],[-123.83581520580206,39.37294799685149],[-123.835833999379,39.37330764878059],[-123.83258416848781,39.37340951871366],[-123.83260294636091,39.373769171217944],[-123.83399573894152,39.373725523020305],[-123.83401452380771,39.374085175362254],[-123.8330859910651,39.37411427606926],[-123.83310477157576,39.37447392861762],[-123.834052094092,39.374804480222885],[-123.83407087951011,39.37516413274159],[-123.8331423331489,39.375193233891096],[-123.83316111421134,39.37555288661629],[-123.83408966511219,39.37552378531927],[-123.83366295697022,39.37625764232808],[-123.8355012826791,39.37583977258069],[-123.83552007545873,39.37619942505495],[-123.83644863359874,39.376170305851616],[-123.83648622878967,39.37688961068194],[-123.83695051212328,39.37687504829098],[-123.83689411280342,39.37579609135546],[-123.83782266529906,39.37576696173307],[-123.83787907823807,39.3768459182256],[-123.83878883457925,39.37645712904021],[-123.83880764361618,39.376816781115686],[-123.83927192602893,39.37680220991902],[-123.83981146440675,39.378226245262425],[-123.84120433722562,39.378182514935524],[-123.84122315853357,39.37854216693678],[-123.84029457229867,39.37857132239699],[-123.83990553873964,39.38002450696815],[-123.84036984121367,39.38000993158422],[-123.84038865890318,39.380369584028855],[-123.84131726783845,39.38034042782959],[-123.84133609025251,39.38070008018555],[-123.83994316976278,39.38074381206437],[-123.83992435415905,39.38038415948666],[-123.83946004923064,39.38039873318325],[-123.8390709894774,39.38185191637558],[-123.83767804579212,39.38189562250067],[-123.83817997524247,39.38260036183284],[-123.83957293199636,39.38255664998071],[-123.83999961767968,39.38182277015253],[-123.84092824514475,39.38179361688447],[-123.84146785231299,39.38321764833512],[-123.84193217466554,39.38320306700225],[-123.84196982716848,39.383922372573274],[-123.8433628067414,39.383878617563205],[-123.84328747522996,39.38244000754567],[-123.84375179230432,39.38242541931558],[-123.84377062717569,39.382785071657075],[-123.84469926531138,39.38275588976514],[-123.84468042589954,39.38239623757159],[-123.84560905875668,39.38236704878257],[-123.84562790270894,39.382726700828115],[-123.84655653936818,39.38269750484602],[-123.84657538804548,39.3830571568028],[-123.84748517528898,39.382668301818846],[-123.84757944322442,39.38446656145521],[-123.84711511400502,39.38448116421963],[-123.84713396587577,39.38484081639887],[-123.84620530234231,39.384870016791844],[-123.84616760786673,39.38415071219658],[-123.84570328036375,39.38416530960306],[-123.84574097029866,39.38488461434635],[-123.84483114636119,39.38527345678009],[-123.84484998724933,39.385633109448136],[-123.84577866097193,39.38560391932706],[-123.84581635238361,39.38632322454523],[-123.84490651102111,39.386712067808595],[-123.84492535264748,39.38707172071421],[-123.84306796666054,39.387130081004],[-123.84314329868297,39.388568694404974],[-123.84221458641814,39.38859786457328],[-123.84223341534373,39.38895751822021],[-123.84362649027608,39.38891376010371],[-123.84364532619804,39.389273413588214],[-123.84410968641043,39.38925882395253],[-123.84414736334915,39.389978130952244],[-123.84368299859543,39.38999272073588],[-123.8437018350709,39.39035237439906],[-123.84463056893523,39.390323192922295],[-123.84464941013664,39.39068284649703],[-123.84418504102604,39.39069743819016],[-123.84424155892548,39.39177639949407],[-123.8451514665607,39.391387560222746],[-123.8452079991922,39.39246652144039],[-123.8438148577988,39.39251029762987],[-123.84377718281806,39.391790989647724],[-123.84284843004967,39.39182016467053],[-123.84288609594715,39.39253947294864],[-123.84335047696524,39.392524886170015],[-123.84336931246158,39.392884540324545],[-123.84290492917263,39.39289912717717],[-123.84294259617707,39.393618435813366],[-123.84247820816186,39.39363302105242],[-123.8425911999775,39.39579094883876],[-123.8435388402322,39.3961214304036],[-123.84357651510001,39.3968407399678],[-123.84264769837596,39.39686991353925],[-123.84262886539197,39.39651025857922],[-123.84123564573548,39.396554005502296],[-123.84121681974925,39.39619435038023],[-123.83935920004299,39.39625265465254],[-123.83939683403109,39.39697196554808],[-123.8403256533374,39.39694281663941],[-123.8403632971475,39.39766212747868],[-123.84082771106638,39.397647550234005],[-123.84084653551919,39.39800720566954],[-123.84038211932913,39.398021782988174],[-123.84040094169518,39.39838143855756],[-123.84086536015644,39.398366861164995],[-123.8409971377812,39.40088445131195],[-123.8405327034209,39.40089902922223],[-123.84058917549822,39.401977997550205],[-123.83964147292868,39.401647492212014],[-123.83967911244775,39.402366804906684],[-123.8392146684486,39.40238137782754],[-123.8387125938318,39.40167663599623],[-123.83780252457916,39.40206542934642],[-123.83776490360023,39.40134611618051],[-123.83730046567808,39.40136068183258],[-123.83731927380397,39.4017203384594],[-123.83639039286403,39.40174946462609],[-123.83637158928099,39.40138980785149],[-123.83544271214699,39.401418926823396],[-123.83594475361353,39.40212368197536],[-123.83687363946486,39.40209455918441],[-123.83689244568782,39.4024542160053],[-123.83642800058281,39.40246877835554],[-123.83646560903854,39.403188092325465],[-123.83741331719759,39.40351862249498],[-123.83743212642916,39.40387827948252],[-123.83789658025171,39.40386371331311],[-123.83746974544518,39.40459759363805],[-123.83793420381089,39.40458302732081],[-123.83797182810733,39.405302341569346],[-123.83702409440797,39.404971815435445],[-123.83700528689516,39.40461215819348],[-123.83654082816086,39.40462672098707],[-123.83652202310392,39.40426706373141],[-123.83559310962582,39.40429618388534],[-123.8351662492789,39.4050300563344],[-123.83609517221191,39.4050009394086],[-123.83659724443721,39.405705693115365],[-123.83566831278603,39.40573481386036],[-123.83524144482604,39.40646868708683],[-123.8357059154714,39.40645412920935],[-123.8357247170904,39.40681378697424],[-123.83665366237189,39.40678466578588],[-123.83715575215757,39.407489417816215],[-123.83762022888118,39.40747485266952],[-123.83765785158329,39.408194168030285],[-123.83812233266619,39.40817960097382],[-123.83814114656555,39.40853925867082],[-123.83721217967175,39.40856839116965],[-123.83717456114468,39.407849075540355],[-123.83622679815753,39.40751854282395],[-123.83626440722875,39.40823785862816],[-123.83487096121591,39.408281533368786],[-123.83488975921234,39.40864119158309],[-123.83628321204073,39.408597516620816],[-123.83632082221749,39.40931683278723],[-123.83678531066892,39.4093022707948],[-123.83680411830561,39.409661928894714],[-123.83773309919937,39.40963279947621],[-123.83778953684691,39.41071177369494],[-123.83825403383317,39.41069720612095],[-123.83827284902301,39.411056864240834],[-123.83687935069527,39.41110056189863],[-123.83689815925344,39.41146022030077],[-123.8364336571702,39.41147478273664],[-123.83637723886463,39.410395807489905],[-123.83544824777739,39.41042492663227],[-123.83542944658802,39.41006526818983],[-123.83403596539145,39.41010893346699],[-123.83407355432254,39.41082825085558],[-123.83500255105905,39.41079914213731],[-123.83550465245091,39.411503902322394],[-123.83596915490268,39.411489343410516],[-123.83610078816075,39.41400695495495],[-123.83426151002827,39.41442484142922],[-123.83429910337959,39.41514416027097],[-123.83383457746937,39.415158712873506],[-123.8333324671127,39.414453944576756],[-123.83286794537868,39.41446849350741],[-123.83288673514552,39.41482815311952],[-123.83102863727942,39.414886331516676],[-123.83052655572565,39.41418155180885],[-123.82913299347517,39.414225161375754],[-123.8296350619474,39.414929946812606],[-123.83009958724206,39.41491541014272],[-123.83011836355935,39.41527507025845],[-123.82872478030657,39.41531867520315],[-123.8287435499909,39.4156783356009],[-123.82827901959978,39.41569286713206],[-123.82777695892919,39.4149880758712],[-123.82731243271489,39.41500260373061],[-123.82729367021523,39.414642943232934],[-123.82682914608935,39.414657469256504],[-123.82681038604579,39.41429780874572],[-123.82634586400835,39.41431233293349],[-123.82630834901721,39.413593011946375],[-123.8258438313404,39.41360753422461],[-123.82582507639273,39.41324787374824],[-123.82536056080437,39.41326239419071],[-123.82534180831266,39.41290273370121],[-123.8248772948127,39.41291725230793],[-123.82485854477692,39.41255759180534],[-123.82346500999124,39.41260113683212],[-123.8234462669556,39.41224147616907],[-123.82298175726517,39.41225598758025],[-123.82296301668534,39.41189632690404],[-123.82249850908339,39.41191083647956],[-123.82247977095929,39.41155117579027],[-123.82201526544584,39.41156568353012],[-123.82203400129782,39.41192534429304],[-123.82064047683971,39.41196885716127],[-123.82069666504782,39.41304784047593],[-123.81837408653153,39.41312032778612],[-123.81841152353233,39.4138396510347],[-123.81932184144159,39.41345099959507],[-123.81935928789825,39.414170322670564],[-123.81982381041823,39.414155824987766],[-123.81986126215337,39.41487514815863],[-123.81939673508882,39.41488964598861],[-123.81941545895931,39.41524930773863],[-123.82036324604826,39.41557997183283],[-123.8203445174496,39.415220310169325],[-123.82080904641946,39.41520580874151],[-123.82084650834504,39.415925131981965],[-123.8190070953342,39.416342789715074],[-123.81896965122056,39.41562346576439],[-123.81804058708474,39.415652452908134],[-123.81805930450507,39.41601211500027],[-123.81713023509081,39.41604109524262],[-123.8171676613921,39.41676041990329],[-123.81670312186503,39.41677490752833],[-123.8172050884269,39.41747974480697],[-123.8176696323155,39.41746525527265],[-123.81768834838046,39.417824917742095],[-123.81861744015237,39.41779593323976],[-123.81863616094577,39.41815559562286],[-123.82002980404516,39.418112105432215],[-123.82004853183963,39.418471767655305],[-123.82051308144493,39.418457267327106],[-123.82049435137793,39.41809760517763],[-123.82142344549283,39.41806859938189],[-123.82140471106439,39.41770893744044],[-123.82279834404223,39.41766541575142],[-123.82337535186643,39.41980887579046],[-123.82291079427253,39.41982338698652],[-123.82294827915197,39.42054271121837],[-123.82434196501835,39.42049917190142],[-123.82436071455157,39.42085883388762],[-123.82482527841222,39.4208443171838],[-123.82480652660635,39.4204846552713],[-123.82620021026763,39.42044109480751],[-123.82618145182767,39.42008143317705],[-123.82525233411583,39.42011047510105],[-123.82523358040491,39.419750813384034],[-123.82614393549919,39.41936211009882],[-123.8261251776107,39.419002448650986],[-123.82658972937313,39.41898792526686],[-123.82657096939593,39.418628263953565],[-123.82751883234647,39.418958873212034],[-123.82755636194265,39.419678195726064],[-123.82709180600281,39.41969272278208],[-123.82711056880417,39.42005238420417],[-123.82896880055047,39.41999426511171]],[[-123.81947962356705,39.38966999004055],[-123.81994399107396,39.38965549207446],[-123.81992527114083,39.3892958348878],[-123.81946090590462,39.38931033278035],[-123.81947962356705,39.38966999004055]],[[-123.81890296627675,39.387526543136296],[-123.81936732034289,39.38751204737276],[-123.81934860378057,39.3871523904698],[-123.81888425198504,39.3871668861598],[-123.81890296627675,39.387526543136296]],[[-123.82203717283139,39.3762612072628],[-123.82250145505219,39.37624669968828],[-123.82248272601282,39.375887045210284],[-123.82201844606193,39.375901552711255],[-123.82203717283139,39.3762612072628]],[[-123.83082979902183,39.357613949957134],[-123.830365636208,39.35762848899647],[-123.83038439918569,39.357988139145604],[-123.83084856426824,39.357973600032594],[-123.83082979902183,39.357613949957134]],[[-123.83159426394762,39.3633538161813],[-123.8315754936757,39.36299416530454],[-123.83064710016495,39.363023247353844],[-123.8306658658987,39.36338289837793],[-123.82973746711474,39.36341197353133],[-123.82975622849409,39.363771624761185],[-123.82882782443706,39.36380069301858],[-123.82840113182799,39.36453452758303],[-123.82793692480199,39.36454905745692],[-123.82791817213182,39.36418940581554],[-123.82698976206727,39.364218460133536],[-123.82700851019912,39.364578111922114],[-123.82608009486188,39.36460715934392],[-123.82611758259955,39.365326463390964],[-123.8270647556962,39.36565706763896],[-123.82708350456244,39.36601671966166],[-123.828011937319,39.36598766460758],[-123.82799318391429,39.3656280127321],[-123.82938582486405,39.36558441716525],[-123.82932954532895,39.36450546255274],[-123.83116760157209,39.364087660236244],[-123.83118637012628,39.36444731136206],[-123.83211478142228,39.36441822520168],[-123.83254143625518,39.36368437772919],[-123.83159426394762,39.3633538161813]],[[-123.83890169156417,39.37861504237853],[-123.83892050170645,39.378974694808306],[-123.83984909358708,39.37894554976738],[-123.83981146440675,39.378226245262425],[-123.83890169156417,39.37861504237853]],[[-123.83888288160614,39.37825539000784],[-123.83841858992945,39.378269959738795],[-123.83843739761751,39.37862961218334],[-123.83890169156417,39.37861504237853],[-123.83888288160614,39.37825539000784]],[[-123.83845620548979,39.378989264686986],[-123.83849382178698,39.37970856987159],[-123.83895812254373,39.37969399984519],[-123.83892050170645,39.378974694808306],[-123.83845620548979,39.378989264686986]],[[-123.83944123608131,39.380039080590834],[-123.83897693323874,39.380053652452325],[-123.83899574411797,39.38041330511861],[-123.83946004923064,39.38039873318325],[-123.83944123608131,39.380039080590834]],[[-123.8448876695793,39.38635241496234],[-123.84442332790029,39.38636700752885],[-123.84438565011119,39.38564770186665],[-123.84392131278854,39.385662292523826],[-123.84397782293765,39.38674125132822],[-123.84490651102111,39.386712067808595],[-123.8448876695793,39.38635241496234]],[[-123.84349464398872,39.38639618737781],[-123.84163727395183,39.386454525939335],[-123.84213927256012,39.387159250580574],[-123.84306796666054,39.387130081004],[-123.84349464398872,39.38639618737781]],[[-123.84282959737766,39.39146051062097],[-123.8419008484129,39.39148967844983],[-123.84191967654333,39.39184933264732],[-123.84284843004967,39.39182016467053],[-123.84282959737766,39.39146051062097]],[[-123.84186319270535,39.39077037023368],[-123.84139882248782,39.39078495135797],[-123.8413799971814,39.39042529726538],[-123.84045126073458,39.39045445408165],[-123.84048890244883,39.39117376262221],[-123.84095327530592,39.39115918494693],[-123.84097209871035,39.39151883923271],[-123.8419008484129,39.39148967844983],[-123.84186319270535,39.39077037023368]],[[-123.8424593768383,39.39327336663048],[-123.84199499090953,39.39328795003399],[-123.84201381996219,39.3936476045299],[-123.84247820816186,39.39363302105242],[-123.8424593768383,39.39327336663048]],[[-123.84214562849586,39.39616518767439],[-123.84212679815194,39.39580553276011],[-123.84119799394745,39.395834695317994],[-123.84121681974925,39.39619435038023],[-123.84214562849586,39.39616518767439]],[[-123.84117916833006,39.395475040315574],[-123.84071476822217,39.39548961887815],[-123.84073359156852,39.39584927395453],[-123.84119799394745,39.395834695317994],[-123.84117916833006,39.395475040315574]],[[-123.83509105667873,39.40359142654553],[-123.83462660402238,39.40360598207023],[-123.83466419541094,39.404325296992],[-123.83559310962582,39.40429618388534],[-123.83509105667873,39.40359142654553]],[[-123.8346078086043,39.4032463246996],[-123.83414335803532,39.403260878388664],[-123.83416215118184,39.40362053583314],[-123.83462660402238,39.40360598207023],[-123.8346078086043,39.4032463246996]],[[-123.83364132608462,39.40255611545971],[-123.83224798634988,39.40259976022779],[-123.8322667700421,39.40295941784727],[-123.8331956679257,39.402930322949395],[-123.83321445634499,39.403289980481375],[-123.83414335803532,39.403260878388664],[-123.83364132608462,39.40255611545971]],[[-123.8322292028417,39.40224010266841],[-123.83176475816684,39.40225464732706],[-123.83178353940353,39.402614304960245],[-123.83224798634988,39.40259976022779],[-123.8322292028417,39.40224010266841]],[[-123.83275000522369,39.40330452888503],[-123.83276879155555,39.40366418655101],[-123.8332332449484,39.40364963807351],[-123.83321445634499,39.403289980481375],[-123.83275000522369,39.40330452888503]],[[-123.83183988421764,39.40369327822053],[-123.83182110242893,39.40333362040695],[-123.83135665075551,39.403348163525195],[-123.83139420997381,39.40406747936015],[-123.83278757807145,39.40402384427716],[-123.83276879155555,39.40366418655101],[-123.83183988421764,39.40369327822053]],[[-123.83280636477141,39.40438350206347],[-123.83327082270745,39.40436895343834],[-123.83325203373587,39.40400929572585],[-123.83278757807145,39.40402384427716],[-123.83280636477141,39.40438350206347]],[[-123.83369769815717,39.40363508783423],[-123.83371648921623,39.40399474541274],[-123.83418094451248,39.4039801933378],[-123.83416215118184,39.40362053583314],[-123.83369769815717,39.40363508783423]],[[-123.83431250298277,39.40649779755616],[-123.83433129778656,39.40685745554266],[-123.83526024417331,39.40682834492559],[-123.83524144482604,39.40646868708683],[-123.83431250298277,39.40649779755616]],[[-123.83386682431693,39.40687200820836],[-123.83388561703308,39.40723166632902],[-123.83435009277447,39.40721711358947],[-123.83433129778656,39.40685745554266],[-123.83386682431693,39.40687200820836]],[[-123.83446286656947,39.40937506313746],[-123.8335150960912,39.40904450918425],[-123.83349630472624,39.40868485068801],[-123.83303181952925,39.408699400199126],[-123.83306939789954,39.409418717399696],[-123.83260490797464,39.40943326529655],[-123.83262369516402,39.40979292406128],[-123.83355267937354,39.40976382635797],[-123.83357147129091,39.41012348503543],[-123.83403596539145,39.41010893346699],[-123.83446286656947,39.40937506313746]],[[-123.83492735575778,39.40936050819283],[-123.83490855739296,39.40900084985775],[-123.83444407047656,39.40901540472852],[-123.83446286656947,39.40937506313746],[-123.83492735575778,39.40936050819283]],[[-123.8329754533546,39.40762042485108],[-123.8320652800366,39.40800917668118],[-123.83208406421777,39.40836883527818],[-123.83113631744156,39.408038263074644],[-123.83117387690054,39.408757580624226],[-123.8316383628338,39.40874303816085],[-123.8316571451112,39.4091026969524],[-123.83258612096937,39.40907360659221],[-123.8325673341482,39.4087139479483],[-123.83303181952925,39.408699400199126],[-123.8329754533546,39.40762042485108]],[[-123.83504014981493,39.41151845947228],[-123.83505894946917,39.411878118230526],[-123.83552345437724,39.411863561006754],[-123.83550465245091,39.411503902322394],[-123.83504014981493,39.41151845947228]],[[-123.83379698866256,39.41443939388403],[-123.8337781945354,39.41407973448024],[-123.83331367525774,39.41409428509911],[-123.8333324671127,39.414453944576756],[-123.83379698866256,39.41443939388403]],[[-123.82911422225428,39.41386550129437],[-123.82864970340843,39.413880034218764],[-123.82866847235708,39.414239694373904],[-123.82913299347517,39.414225161375754],[-123.82911422225428,39.41386550129437]],[[-123.82863093464371,39.413520374124225],[-123.82816641788614,39.41353490521277],[-123.82818518437867,39.41389456538108],[-123.82864970340843,39.413880034218764],[-123.82863093464371,39.413520374124225]],[[-123.82628959179735,39.4132333515437],[-123.82625207790903,39.41251403092016],[-123.82578756704876,39.41252855297726],[-123.82582507639273,39.41324787374824],[-123.82628959179735,39.4132333515437]],[[-123.82437528578546,39.41221244806058],[-123.82435653838927,39.411852787605376],[-123.82342752410362,39.411881815566524],[-123.8234462669556,39.41224147616907],[-123.82437528578546,39.41221244806058]],[[-123.82062174780405,39.41160919617751],[-123.8201572415564,39.41162369686925],[-123.82017596831992,39.41198335792662],[-123.82064047683971,39.41196885716127],[-123.82062174780405,39.41160919617751]],[[-123.82013851497638,39.4112640358724],[-123.81920950647476,39.41129303182264],[-123.81922822851057,39.411652692966676],[-123.8201572415564,39.41162369686925],[-123.82013851497638,39.4112640358724]],[[-123.81919078462239,39.4109333707391],[-123.81826177993115,39.41096235949412],[-123.81828049723934,39.4113220207248],[-123.81920950647476,39.41129303182264],[-123.81919078462239,39.4109333707391]],[[-123.82289205210832,39.419463724961915],[-123.82149838504246,39.41950724775573],[-123.82151712038888,39.4198669100013],[-123.82291079427253,39.41982338698652],[-123.82289205210832,39.419463724961915]],[[-123.82616269357152,39.419721771607506],[-123.82662724987908,39.419707248075895],[-123.8266084895342,39.419347586640946],[-123.82614393549919,39.41936211009882],[-123.82616269357152,39.419721771607506]],[[-123.82664601040784,39.420066909571716],[-123.82666477112045,39.420426571128424],[-123.8271293317894,39.42041204568712],[-123.82711056880417,39.42005238420417],[-123.82664601040784,39.420066909571716]],[[-123.83043758910675,39.421389301520236],[-123.8299730229075,39.42140383951859],[-123.82999180026442,39.42176350080246],[-123.83045636873636,39.421748962730305],[-123.83043758910675,39.421389301520236]],[[-123.82852301269286,39.42036845878982],[-123.82805845257559,39.42038298951781],[-123.82807722028996,39.42074265091411],[-123.82714809495846,39.42077170723095],[-123.82716685831146,39.4211313688357],[-123.8285605528508,39.42108778149577],[-123.82852301269286,39.42036845878982]],[[-123.82246497657023,39.420197558579495],[-123.82107129531781,39.42024107652856],[-123.8210900287588,39.42060073896955],[-123.82201915432265,39.42057172861845],[-123.82203789249257,39.42093139097304],[-123.82250245727174,39.420916883080466],[-123.82246497657023,39.420197558579495]],[[-123.82060673453314,39.4202555789871],[-123.82014217356489,39.420270079683426],[-123.82016090246056,39.420629742271664],[-123.82062546570145,39.42061524150175],[-123.82060673453314,39.4202555789871]],[[-123.8187297676648,39.419953908450715],[-123.81826520823516,39.41996840202448],[-123.81828392785674,39.420328064846245],[-123.81874848955901,39.4203135711989],[-123.8187297676648,39.419953908450715]],[[-123.82103382898661,39.419521751829244],[-123.81964015971765,39.419565253476435],[-123.81965888597361,39.41992491601652],[-123.82105256206042,39.419881414148435],[-123.82103382898661,39.419521751829244]],[[-123.83236584902365,39.41376372148588],[-123.83283036639736,39.413749174465],[-123.8328115771829,39.41338951503473],[-123.83234706208137,39.41340406198176],[-123.83236584902365,39.41376372148588]],[[-123.83230948874905,39.41268474315522],[-123.83184497800774,39.41269928819255],[-123.83188254679574,39.413418607166754],[-123.83234706208137,39.41340406198176],[-123.83230948874905,39.41268474315522]],[[-123.82719986047472,39.41284464165388],[-123.82673534770991,39.412859167308774],[-123.82675410701816,39.41321882757713],[-123.82721862205513,39.41320430184851],[-123.82719986047472,39.41284464165388]],[[-123.827589319484,39.41139147435896],[-123.82712481599151,39.41140600148097],[-123.82714357683655,39.41176566143339],[-123.82760808260116,39.411751134237655],[-123.827589319484,39.41139147435896]],[[-123.82619580845501,39.411435050438925],[-123.82573130441106,39.411449572274904],[-123.82575005843987,39.41180923244848],[-123.8262145647559,39.41179471053881],[-123.82619580845501,39.411435050438925]],[[-123.82662279572067,39.410701206970145],[-123.8261582964046,39.4107157304207],[-123.82617705233791,39.411075390399574],[-123.82664155392602,39.41106086687532],[-123.82662279572067,39.410701206970145]],[[-123.82290679604759,39.41081734523866],[-123.82244229526191,39.41083185459323],[-123.82246103301878,39.41119151516151],[-123.82292553607654,39.41117700573331],[-123.82290679604759,39.41081734523866]],[[-123.82658527986138,39.40998188734126],[-123.82612078508934,39.40999641064438],[-123.82613954065509,39.4103560705023],[-123.82660403769913,39.410341547125476],[-123.82658527986138,39.40998188734126]],[[-123.83072816851687,39.40913178026482],[-123.83026367994371,39.40914631927809],[-123.83028245558937,39.40950597835145],[-123.83074694643446,39.40949143926438],[-123.83072816851687,39.40913178026482]],[[-123.83529784342045,39.40754766078406],[-123.83483336577561,39.40756221712127],[-123.83485216340365,39.40792187521486],[-123.83531664332033,39.407907318803765],[-123.83529784342045,39.40754766078406]],[[-123.83436888794657,39.40757677169658],[-123.83390440993337,39.40759132450999],[-123.8339232030178,39.407950982751295],[-123.83438768330281,39.407936429864016],[-123.83436888794657,39.40757677169658]],[[-123.83202771222638,39.40728985966825],[-123.83204649603947,39.40764951814455],[-123.83251097478906,39.40763497237877],[-123.83293787682531,39.4069011082541],[-123.83340235066318,39.40688655911216],[-123.83336477032674,39.40616724290408],[-123.8324358315539,39.40619633913074],[-123.83200892859732,39.40693020125229],[-123.83106120073171,39.406599628699645],[-123.83104242201425,39.40623997025667],[-123.83057795179968,39.40625451044157],[-123.8305967282454,39.406614168958335],[-123.82966778272086,39.40664324419005],[-123.82968655480701,39.40700290291464],[-123.83061550487508,39.40697382753537],[-123.83063428168877,39.40733348617275],[-123.83202771222638,39.40728985966825]],[[-123.82964901081864,39.406283585525735],[-123.8287200691019,39.40631265356238],[-123.82873883646062,39.406672312374205],[-123.82966778272086,39.40664324419005],[-123.82964901081864,39.406283585525735]],[[-123.8301698044749,39.407348024817104],[-123.83018857920075,39.4077076835886],[-123.83065305868642,39.40769314487046],[-123.83063428168877,39.40733348617275],[-123.8301698044749,39.407348024817104]],[[-123.82970532707708,39.40736256169958],[-123.82924084949535,39.40737709682012],[-123.82925961967753,39.40773675573914],[-123.82972409953109,39.40772222054483],[-123.82970532707708,39.40736256169958]],[[-123.83427491392769,39.40577848176399],[-123.83381044727325,39.405793034208145],[-123.83382923943702,39.40615269214794],[-123.83429370836315,39.40613813962993],[-123.83427491392769,39.40577848176399]],[[-123.83518504788941,39.405389713932145],[-123.83472058387498,39.40540426982615],[-123.83473938039798,39.40576392755797],[-123.83520384668408,39.40574937159012],[-123.83518504788941,39.405389713932145]],[[-123.83054039946016,39.405535193588875],[-123.83007593360506,39.40554973186435],[-123.83009470741113,39.40590939033432],[-123.83055917553794,39.40589485198507],[-123.83054039946016,39.405535193588875]],[[-123.82636020014405,39.40566597464107],[-123.82589573263424,39.40568049705975],[-123.82591448599484,39.406040156193306],[-123.82637895577639,39.406025633700935],[-123.82636020014405,39.40566597464107]],[[-123.83423732560918,39.40505916621285],[-123.83377286349808,39.405073718509314],[-123.83379165529361,39.40543337632862],[-123.83425611967635,39.405418823958314],[-123.83423732560918,39.40505916621285]],[[-123.83284393872357,39.405102817816704],[-123.83191501321276,39.40513191007674],[-123.83193379592159,39.4054915681913],[-123.83286272597576,39.405462475783665],[-123.83284393872357,39.405102817816704]],[[-123.82773483930711,39.4052627380353],[-123.8277536015708,39.40562239681378],[-123.8282180683454,39.40560786734762],[-123.82819930381002,39.405248208642874],[-123.82773483930711,39.4052627380353]],[[-123.82866376812908,39.40523367748858],[-123.82864500150589,39.404874018917816],[-123.82818053945853,39.404888549998375],[-123.82819930381002,39.405248208642874],[-123.82866376812908,39.40523367748858]],[[-123.82816177529085,39.404528891414095],[-123.82769731533126,39.40454342065908],[-123.82771607722728,39.40490307931707],[-123.82818053945853,39.404888549998375],[-123.82816177529085,39.404528891414095]],[[-123.82587697945739,39.405320837986444],[-123.8263414446955,39.405306315641454],[-123.82632268943068,39.40494665670208],[-123.82585822646429,39.40496117897338],[-123.82587697945739,39.405320837986444]],[[-123.82583947365491,39.404601520020584],[-123.82537501277643,39.40461604045636],[-123.82539376331412,39.404975699482854],[-123.82585822646429,39.40496117897338],[-123.82583947365491,39.404601520020584]],[[-123.82535626242245,39.40425638149008],[-123.82628517945238,39.40422733900406],[-123.82630393434967,39.40458699782296],[-123.82723285518787,39.40455794814221],[-123.82719533649056,39.40383863085938],[-123.8262476702091,39.403508021546806],[-123.82622891586308,39.403148362908446],[-123.82530001246273,39.40317740495238],[-123.82487305573324,39.40391124111056],[-123.82440859903062,39.40392575787532],[-123.82491055171421,39.404630559130275],[-123.82537501277643,39.40461604045636],[-123.82535626242245,39.40425638149008]],[[-123.83187744834714,39.40441259402824],[-123.83141298985896,39.40442713736788],[-123.83143176992812,39.40478679543582],[-123.83189623068792,39.404772252022376],[-123.83187744834714,39.40441259402824]],[[-123.8340306030229,39.401102934984344],[-123.83457021832066,39.40252701013876],[-123.83503466416248,39.40251245483564],[-123.8349782733037,39.40143348366675],[-123.83451383427625,39.40144803874834],[-123.83449503996307,39.40108838173836],[-123.8340306030229,39.401102934984344]],[[-123.83495947671909,39.401073826730595],[-123.83494068031867,39.40071416985454],[-123.83447624583403,39.40072872478842],[-123.83449503996307,39.40108838173836],[-123.83495947671909,39.401073826730595]],[[-123.82665585460379,39.40241452229492],[-123.82619140772229,39.402429045812184],[-123.82621016170081,39.402788704330256],[-123.82667461085383,39.40277418073929],[-123.82665585460379,39.40241452229492]],[[-123.82435236325149,39.402846781076185],[-123.82528126284356,39.402817746226816],[-123.82526251340812,39.402458087561385],[-123.8243336183591,39.40248712226343],[-123.82435236325149,39.402846781076185]],[[-123.8243148736504,39.40212746351083],[-123.82385042812192,39.402141978145515],[-123.82386917055914,39.40250163697176],[-123.8243336183591,39.40248712226343],[-123.8243148736504,39.40212746351083]],[[-123.8284761101712,39.40163709448924],[-123.82801166856784,39.401651624906215],[-123.82803043126479,39.40201128300923],[-123.8284948751396,39.401996752518514],[-123.8284761101712,39.40163709448924]],[[-123.82708278480973,39.401680680454874],[-123.826618342655,39.40169520558654],[-123.82663709853749,39.40205486391067],[-123.82710154296373,39.4020403387053],[-123.82708278480973,39.401680680454874]],[[-123.83124397751637,39.40119021746369],[-123.83077953928789,39.40120475837747],[-123.83079831542969,39.4015644159779],[-123.83126275592959,39.40154987499036],[-123.83124397751637,39.40119021746369]],[[-123.8265808314412,39.400975889118534],[-123.82611639364562,39.40099041234106],[-123.82613514688917,39.4013500706187],[-123.82659958695622,39.40133554732249],[-123.8265808314412,39.400975889118534]],[[-123.82518751750322,39.40101945350086],[-123.82472307915651,39.401033971438125],[-123.82474182558575,39.40139362993678],[-123.8252062662039,39.401379111925856],[-123.82518751750322,39.40101945350086]],[[-123.82286532393312,39.40109202556962],[-123.82240088466828,39.401106534698094],[-123.82241961974024,39.40146619356492],[-123.82288406127655,39.40145168436282],[-123.82286532393312,39.40109202556962]],[[-123.8404950562915,39.4001797173038],[-123.8400306262895,39.400194293304466],[-123.84004944749066,39.40055394930763],[-123.84051387976399,39.40053937323302],[-123.8404950562915,39.4001797173038]],[[-123.83585074797642,39.400325398033225],[-123.83586954873543,39.40068505470154],[-123.83633398266754,39.40067049448247],[-123.83631517963715,39.400310837888],[-123.83585074797642,39.400325398033225]],[[-123.8367796111137,39.40029627598108],[-123.8367608059962,39.39993661952051],[-123.836296376791,39.399951181353565],[-123.83631517963715,39.400310837888],[-123.8367796111137,39.40029627598108]],[[-123.83352858691019,39.40039817233346],[-123.83354737631238,39.40075782937102],[-123.83401181116524,39.40074327796059],[-123.83399301949169,39.400383620996855],[-123.83352858691019,39.40039817233346]],[[-123.83445745188908,39.40036906789853],[-123.83443865812829,39.40000941106867],[-123.83397422800223,39.400023964093144],[-123.83399301949169,39.400383620996855],[-123.83445745188908,39.40036906789853]],[[-123.82932991661973,39.40016939744344],[-123.82886548446974,39.400183931088975],[-123.82890301766248,39.40090324657964],[-123.82936745435524,39.40088871278662],[-123.82932991661973,39.40016939744344]],[[-123.835367517828,39.39998029973454],[-123.8349030880702,39.399994856282476],[-123.83492188410234,39.40035451303848],[-123.83538631613146,39.4003399564167],[-123.835367517828,39.39998029973454]],[[-123.84045740989974,39.399460405625405],[-123.83999298444034,39.39947498147816],[-123.84001180527274,39.39983463736131],[-123.84047623300341,39.3998200614346],[-123.84045740989974,39.399460405625405]],[[-123.83858089312176,39.399159042421275],[-123.83811646919622,39.39917361115335],[-123.83815409250629,39.39989292345109],[-123.8386185209744,39.39987835457119],[-123.83858089312176,39.399159042421275]],[[-123.83304536719785,39.40005306485696],[-123.83350979769209,39.400038515355924],[-123.83393664557565,39.399304650465766],[-123.83300779385654,39.399333750934325],[-123.83304536719785,39.40005306485696]],[[-123.83298900746196,39.39897409406295],[-123.83252458359763,39.39898864158087],[-123.83254336772089,39.39934829852603],[-123.83300779385654,39.399333750934325],[-123.83298900746196,39.39897409406295]],[[-123.8325621520282,39.39970795553117],[-123.83209772343722,39.399722501435],[-123.83211650565723,39.40008215857392],[-123.83258093651958,39.4000676125963],[-123.8325621520282,39.39970795553117]],[[-123.82836352422133,39.3994791475748],[-123.82697023974504,39.399522732213626],[-123.82695148287745,39.3991630743835],[-123.82648705662243,39.39917759899932],[-123.82652456599871,39.399896914866964],[-123.82791785784039,39.39985333529218],[-123.82793661961824,39.40021299309489],[-123.82840105213593,39.4001984629728],[-123.82836352422133,39.3994791475748]],[[-123.82931114802778,39.399809739861915],[-123.82977557772253,39.39979520452837],[-123.82975680704314,39.39943554708057],[-123.82929237961974,39.39945008234037],[-123.82931114802778,39.399809739861915]],[[-123.82927361139556,39.39909042487882],[-123.8288091860596,39.39910495830317],[-123.82882795201246,39.39946461583845],[-123.82929237961974,39.39945008234037],[-123.82927361139556,39.39909042487882]],[[-123.82602263018369,39.39919212185343],[-123.82416492259178,39.3992501956528],[-123.82466684097078,39.39995499630249],[-123.82559570385214,39.399925959108174],[-123.82602263018369,39.39919212185343]],[[-123.82418366583137,39.399609853924915],[-123.8237192362029,39.399624368044115],[-123.82373797735477,39.39998402644989],[-123.8242024092546,39.399969512257066],[-123.82418366583137,39.399609853924915]],[[-123.83484670107866,39.398915886374375],[-123.83438227795064,39.398930440939054],[-123.83440107115906,39.399290097588946],[-123.83486549655835,39.39927554295041],[-123.83484670107866,39.398915886374375]],[[-123.83064811144597,39.398687156855296],[-123.83018368893298,39.398701695490985],[-123.83020246151585,39.39906135274505],[-123.83066688630014,39.399046814035586],[-123.83064811144597,39.398687156855296]],[[-123.83991770295471,39.398036358545134],[-123.83945328639588,39.39805093234045],[-123.83947210421951,39.39841058805773],[-123.83993652304953,39.39839601418849],[-123.83991770295471,39.398036358545134]],[[-123.82459185929432,39.39851636362854],[-123.82412743666346,39.398530879288536],[-123.82414617953582,39.39889053744068],[-123.82461060443798,39.39887602170706],[-123.82459185929432,39.39851636362854]],[[-123.83806003561332,39.39809464315643],[-123.83852445272517,39.3980800746461],[-123.83850563962827,39.3977204188409],[-123.83804122478763,39.397734987277325],[-123.83806003561332,39.39809464315643]],[[-123.83798479341621,39.39665601999938],[-123.83752038520471,39.39667058645246],[-123.8375768097627,39.397749553952096],[-123.83804122478763,39.397734987277325],[-123.83798479341621,39.39665601999938]],[[-123.83246823233193,39.39790967110515],[-123.83200381509728,39.39792421664],[-123.83202259639727,39.39828387347908],[-123.83248701590313,39.39826932787045],[-123.83246823233193,39.39790967110515]],[[-123.83430710695808,39.39749181493899],[-123.83337827831953,39.3975209181927],[-123.83339706624912,39.39788057475047],[-123.83432589943006,39.39785147134911],[-123.83430710695808,39.39749181493899]],[[-123.82550195450258,39.398127669152224],[-123.8259663743112,39.39811314828084],[-123.82594762272112,39.397753490543195],[-123.82548320518374,39.39776801134094],[-123.82550195450258,39.398127669152224]],[[-123.8254644560486,39.39740835358959],[-123.82500004059877,39.39742287255199],[-123.8250187874627,39.39778253037701],[-123.82548320518374,39.39776801134094],[-123.8254644560486,39.39740835358959]],[[-123.8305730138687,39.39724852873348],[-123.83010860044061,39.397263067074135],[-123.83012737228785,39.39762272408845],[-123.8305917879871,39.39760818567405],[-123.8305730138687,39.39724852873348]],[[-123.82916100591176,39.39693248136858],[-123.8286965942032,39.39694701435054],[-123.82871535905299,39.397306671526195],[-123.82917977303273,39.397292138470505],[-123.82916100591176,39.39693248136858]],[[-123.83844920144338,39.39664145178466],[-123.8389136092863,39.39662688180832],[-123.83887598020905,39.39590757088468],[-123.83934038332545,39.395892999294524],[-123.83932156679224,39.39553334399637],[-123.83839276491723,39.39556248526718],[-123.83837395311045,39.39520282988099],[-123.83790955416751,39.3952173978001],[-123.83844920144338,39.39664145178466]],[[-123.83789074481602,39.39485774239984],[-123.83696195091945,39.39488687280551],[-123.8369055375964,39.39380790652002],[-123.83644114718467,39.39382246885888],[-123.83647875134058,39.39454177980384],[-123.83601435620272,39.39455634052886],[-123.83595795705806,39.39347737397946],[-123.83504797484453,39.39386614530611],[-123.8345459984445,39.393161389302],[-123.83408161165393,39.39317594268544],[-123.83406282157515,39.39281628705284],[-123.83359843687141,39.3928308386009],[-123.83317162324163,39.393564700007566],[-123.83410040191681,39.39353559837776],[-123.83411919236377,39.39389525412981],[-123.8345835836962,39.39388070059875],[-123.83462116968428,39.39460001213446],[-123.8341567738099,39.394614565813164],[-123.83417556480909,39.39497422174451],[-123.83371116647959,39.39498877373544],[-123.83369237775143,39.39462911773028],[-123.83276358508229,39.39465821627977],[-123.83270723362797,39.39357924818014],[-123.83224284383031,39.39359379459115],[-123.83226162519345,39.39395345063839],[-123.83179723294083,39.39396799536161],[-123.8318347916771,39.394687307782924],[-123.8322991884717,39.394672762912144],[-123.83231797038681,39.395032419138694],[-123.83092477263803,39.395076048687585],[-123.83094354792397,39.39543570519525],[-123.83047914603544,39.39545024492877],[-123.82997720265918,39.394745469650154],[-123.82904840704681,39.39477454001423],[-123.82854648202269,39.39406975910017],[-123.82808208829894,39.394084289730806],[-123.82806332737455,39.39372463301991],[-123.827598935738,39.393739161815276],[-123.82756141898248,39.39301984842533],[-123.82663264424194,39.39304890043662],[-123.82665139798591,39.393408557249074],[-123.82618700806911,39.39342308068604],[-123.82614950530673,39.39270376697352],[-123.82568511974809,39.392718288501605],[-123.82570386876651,39.39307794540169],[-123.8247750925564,39.39310698332053],[-123.82475634807983,39.39274732627316],[-123.82382757567711,39.39277635699853],[-123.82384631561179,39.393136014193146],[-123.82338192686409,39.39315052698709],[-123.82341940274223,39.393869841702724],[-123.82295500926901,39.39388435288233],[-123.82291753793282,39.39316503801949],[-123.8219887595197,39.39319405479959],[-123.82156182774818,39.39392787585166],[-123.82109743354091,39.39394237998493],[-123.82111616040028,39.39430203780034],[-123.82158055687856,39.39428753359349],[-123.82163674537054,39.395366507177755],[-123.82254681718004,39.394977835263695],[-123.82256555140302,39.39533749303776],[-123.82349435670135,39.39530847185129],[-123.82351309565007,39.395668129537945],[-123.82444190475633,39.39563910115778],[-123.82486881769363,39.39490526945352],[-123.82581636673422,39.39523588805687],[-123.82579761661373,39.394876230798204],[-123.82626201579826,39.39486170882815],[-123.82676392430805,39.395566499378944],[-123.8272283276673,39.39555197373832],[-123.82720957054987,39.39519231664087],[-123.8290671730647,39.39513419675706],[-123.82956911036327,39.39583897589969],[-123.83049791923426,39.39580990157001],[-123.83051669261698,39.39616955827109],[-123.83142672736957,39.39578082019383],[-123.83140794962858,39.39542116370012],[-123.83187235114924,39.395406620443374],[-123.83237431723616,39.396111388177204],[-123.832838722931,39.39609684124968],[-123.8328762929595,39.39681615409361],[-123.83334070301254,39.39680160525684],[-123.83332191563514,39.39644194887875],[-123.833786323233,39.39642739835417],[-123.83374874448815,39.39570808592516],[-123.83558755668935,39.39529021097179],[-123.83556875869296,39.39493055520216],[-123.83603315628596,39.39491599616486],[-123.83607075700498,39.39563530761623],[-123.83653515895587,39.39562074666963],[-123.83657276495377,39.396340058212544],[-123.83750157738726,39.39631093073901],[-123.83744515504034,39.395231963957634],[-123.83790955416751,39.3952173978001],[-123.83789074481602,39.39485774239984]],[[-123.83402524196977,39.392096975966716],[-123.83356086180777,39.39211152736718],[-123.83350450059264,39.391032560964106],[-123.83257575334149,39.391061658037714],[-123.83207381984126,39.39035689285238],[-123.83160945029726,39.390371436837924],[-123.83162822773383,39.39073109242181],[-123.83116385573513,39.39074563471962],[-123.83114508056931,39.39038597906196],[-123.83021634056168,39.39041505822563],[-123.8297144341266,39.38971028358626],[-123.83017879986474,39.38969574679412],[-123.8301412599033,39.388976435600924],[-123.82919377216231,39.38864585147417],[-123.82917500718253,39.388286195879026],[-123.8287106501594,39.38830072885341],[-123.82869188763405,39.387941073244065],[-123.82822753269777,39.387955604383336],[-123.82826505339096,39.38867491580895],[-123.82780069372964,39.388689445334144],[-123.82830257481929,39.389394227472714],[-123.82737384623012,39.38942328505641],[-123.82683446678635,39.38799918723258],[-123.82637011111512,39.38801371132614],[-123.82633260932177,39.38729439954921],[-123.82586825800806,39.387308921734046],[-123.82592450416178,39.38838788970964],[-123.82546014585255,39.388402410353976],[-123.82495829882278,39.38769761689908],[-123.8240295903688,39.38772664908609],[-123.82401085091696,39.38736699285925],[-123.8235464986852,39.387381506236984],[-123.82397337256393,39.38664768058396],[-123.82258032894157,39.38669121499142],[-123.82215344088884,39.38742503580174],[-123.82168908792308,39.38743954213381],[-123.82172654430408,39.38815885538284],[-123.82126218661361,39.388173360100595],[-123.82135581942318,39.389971644632936],[-123.8218201884672,39.38995713954736],[-123.82185764741673,39.39067645363028],[-123.82278639403751,39.390647437880375],[-123.82280512832911,39.39100709486408],[-123.82326950363502,39.39099258427329],[-123.8232507670726,39.39063292736318],[-123.82371513992416,39.39061841508447],[-123.8237338787574,39.390978071920976],[-123.82466262845142,39.39094904193184],[-123.82468137200988,39.39130869868075],[-123.82514574885231,39.391294180970284],[-123.82510825737738,39.39057486767935],[-123.82603700142808,39.39054582726846],[-123.8260557516153,39.39090548373684],[-123.82652012563594,39.39089096081549],[-123.82650137317793,39.39053130442077],[-123.82743011612651,39.39050225344092],[-123.82744887312609,39.39086190968828],[-123.82837761988128,39.39083285151509],[-123.82839638160624,39.39119250767472],[-123.82886075697894,39.391177975872175],[-123.82887952115851,39.39153763201775],[-123.82934389861825,39.39152309837999],[-123.82932513216785,39.39116344230813],[-123.83071825663144,39.39111983104695],[-123.83073702989428,39.391479486897616],[-123.83305891167593,39.39140676586349],[-123.83309648146174,39.3921260770061],[-123.83263210093168,39.39214062488353],[-123.83265088382976,39.392500280618115],[-123.83172211767594,39.392529371235916],[-123.8317408962162,39.392889027177766],[-123.83359843687141,39.3928308386009],[-123.83402524196977,39.392096975966716]],[[-123.83253818920132,39.39034234710537],[-123.83251940740719,39.389982691728584],[-123.8320550403179,39.38999723740182],[-123.83207381984126,39.39035689285238],[-123.83253818920132,39.39034234710537]],[[-123.83298377431252,39.38996814429387],[-123.83296499043168,39.38960848905047],[-123.83250062579708,39.38962303641141],[-123.83251940740719,39.389982691728584],[-123.83298377431252,39.38996814429387]],[[-123.83060562091622,39.388961897194775],[-123.83064316541905,39.3896812082405],[-123.83110753078945,39.389666667925425],[-123.83103243343668,39.38822804636712],[-123.83056807714892,39.388242586387236],[-123.8301412599033,39.388976435600924],[-123.83060562091622,39.388961897194775]],[[-123.83112630558742,39.39002632346387],[-123.83159067304462,39.39001178131359],[-123.83157189597593,39.389652125848876],[-123.83110753078945,39.389666667925425],[-123.83112630558742,39.39002632346387]],[[-123.82963936402184,39.3882716611432],[-123.82962059695527,39.387912005681244],[-123.82915624238656,39.387926540343365],[-123.82917500718253,39.388286195879026],[-123.82963936402184,39.3882716611432]],[[-123.82542265277434,39.38768309816346],[-123.8254039065107,39.38732344215747],[-123.82493955482973,39.38733796081948],[-123.82495829882278,39.38769761689908],[-123.82542265277434,39.38768309816346]],[[-123.82793200604972,39.39120703771576],[-123.82795076568765,39.39156669400872],[-123.828415143515,39.39155216389402],[-123.82839638160624,39.39119250767472],[-123.82793200604972,39.39120703771576]],[[-123.82802580607712,39.393005319777345],[-123.82800704570408,39.39264566324565],[-123.82754266088037,39.392660191819935],[-123.82756141898248,39.39301984842533],[-123.82802580607712,39.393005319777345]],[[-123.83562515323457,39.3960095226905],[-123.83516074864426,39.396024080187736],[-123.83519834138392,39.396743392293466],[-123.83566275051649,39.39672883464851],[-123.83562515323457,39.3960095226905]],[[-123.82774901011095,39.3966164177664],[-123.82728460012213,39.39663094538971],[-123.82730335797459,39.39699060272657],[-123.8277677702346,39.396976075029535],[-123.82774901011095,39.3966164177664]],[[-123.82449813633079,39.39671807413511],[-123.82403372505607,39.396732589426904],[-123.82405246701033,39.39709224727938],[-123.82451688055623,39.39707773191396],[-123.82449813633079,39.39671807413511]],[[-123.8230486908216,39.39568264108559],[-123.82258428580953,39.39569715087163],[-123.82262175517319,39.39641646671895],[-123.82355057409826,39.396387445090824],[-123.8230486908216,39.39568264108559]],[[-123.8415870856949,39.39438149556477],[-123.84112269258445,39.39439607566706],[-123.84116034289708,39.395115385372954],[-123.8420891380175,39.39508622311092],[-123.8415870856949,39.39438149556477]],[[-123.83881953797555,39.39482860494781],[-123.83883835186909,39.395188260200285],[-123.8393027504434,39.39517368875799],[-123.83928393427888,39.39481403357944],[-123.83881953797555,39.39482860494781]],[[-123.83974833039782,39.394799460449484],[-123.83972951214666,39.3944398054046],[-123.83926511829867,39.39445437846064],[-123.83928393427888,39.39481403357944],[-123.83974833039782,39.394799460449484]],[[-123.83924630250281,39.3940947234016],[-123.83878191074145,39.39410929462216],[-123.83874428424454,39.393389984535524],[-123.8377967008225,39.39305946629485],[-123.83833633004971,39.39448351928801],[-123.83926511829867,39.39445437846064],[-123.83924630250281,39.3940947234016]],[[-123.84063947668083,39.39405099917058],[-123.84017508547254,39.39406557567582],[-123.84021272633247,39.39478488555794],[-123.84067712208271,39.39477030890483],[-123.84063947668083,39.39405099917058]],[[-123.84060183201653,39.393331689675335],[-123.84013744535005,39.39334626603269],[-123.84015626531911,39.39370592082439],[-123.84062065425647,39.393691344393105],[-123.84060183201653,39.393331689675335]],[[-123.84149295178602,39.39258322271537],[-123.84056418808979,39.39261238041893],[-123.84054536640298,39.392252725880255],[-123.8400809865491,39.392267302015824],[-123.84011862556538,39.39298661130071],[-123.84104739417215,39.39295745697229],[-123.84106621849861,39.39331711155643],[-123.84153060479629,39.393302531675985],[-123.84149295178602,39.39258322271537]],[[-123.83917104116257,39.392656103762846],[-123.83963542365598,39.3926415310764],[-123.8395977895501,39.39192222176303],[-123.83913341159837,39.39193679430165],[-123.83911459709275,39.391577139660555],[-123.83818584517799,39.391606279305485],[-123.83775908451487,39.392340156270905],[-123.83870665848487,39.392670674687764],[-123.83872547127257,39.393030329581784],[-123.83918985622115,39.393015758582955],[-123.83917104116257,39.392656103762846]],[[-123.83684912593125,39.392728940772194],[-123.83638474233229,39.392743502889466],[-123.83640354376557,39.39310315815288],[-123.83686792963543,39.39308859596174],[-123.83684912593125,39.392728940772194]],[[-123.83545597458182,39.39277262183943],[-123.83499159043038,39.392787178672116],[-123.83501038505098,39.393146834157044],[-123.8354747714733,39.39313227725053],[-123.83545597458182,39.39277262183943]],[[-123.82518324106177,39.392013494499885],[-123.8247188596776,39.39202801235761],[-123.82473760378691,39.39238766928555],[-123.82520198744197,39.39237315135417],[-123.82518324106177,39.392013494499885]],[[-123.83679271592395,39.3916499755616],[-123.8372570925262,39.391635411904396],[-123.83723828728803,39.39127575702739],[-123.83677391295659,39.391290320610715],[-123.83679271592395,39.3916499755616]],[[-123.83673630757443,39.390571010887854],[-123.83582636549954,39.390959787453944],[-123.83584516374115,39.391319442492915],[-123.83677391295659,39.391290320610715],[-123.83673630757443,39.390571010887854]],[[-123.83487882657312,39.39062924701552],[-123.83395008496778,39.39065835451046],[-123.83398766310063,39.391377665119315],[-123.83538078885718,39.39133400079176],[-123.83487882657312,39.39062924701552]],[[-123.83998689223462,39.39046902984757],[-123.83905815468167,39.39049817609502],[-123.83907696863439,39.390857830557245],[-123.84000571072882,39.39082868416197],[-123.83998689223462,39.39046902984757]],[[-123.84321863365719,39.39000730875809],[-123.8422899032272,39.390036479518145],[-123.84230873289059,39.39039613340325],[-123.84323746786197,39.39036696249525],[-123.84321863365719,39.39000730875809]],[[-123.83346692736941,39.390313250326905],[-123.83300255837736,39.39032779959688],[-123.83302134262621,39.39068745495947],[-123.833485713889,39.3906729056157],[-123.83346692736941,39.390313250326905]],[[-123.83807298926334,39.38944835182408],[-123.83857497413102,39.39015309210001],[-123.83903934091325,39.390138521692414],[-123.83900171392926,39.38941921306586],[-123.83807298926334,39.38944835182408]],[[-123.83946607598583,39.3894046410446],[-123.83944726049963,39.389044986894575],[-123.83898290071373,39.38905955884194],[-123.83900171392926,39.38941921306586],[-123.83946607598583,39.3894046410446]],[[-123.8353056060786,39.389895380698285],[-123.83437687392436,39.38992449142093],[-123.83439566480138,39.39028414650254],[-123.83532440149706,39.39025503563228],[-123.8353056060786,39.389895380698285]],[[-123.84176905666403,39.388972100736176],[-123.8413046977999,39.38898668149072],[-123.84134234712184,39.38970598925893],[-123.84180671052727,39.389691408356484],[-123.84176905666403,39.388972100736176]],[[-123.83760862665396,39.38946291856101],[-123.83714426386038,39.389477483536496],[-123.83716306817749,39.38983713811548],[-123.83762743324176,39.38982257306614],[-123.83760862665396,39.38946291856101]],[[-123.83576997187954,39.389880822694785],[-123.83623433749636,39.38986626292982],[-123.83621553772063,39.38950660820313],[-123.8357511743745,39.38952116789425],[-123.83576997187954,39.389880822694785]],[[-123.83573237705359,39.389161513153255],[-123.83526801579403,39.389176071009096],[-123.83528681084424,39.389535725823926],[-123.8357511743745,39.38952116789425],[-123.83573237705359,39.389161513153255]],[[-123.83619673812906,39.38914695353596],[-123.83615913949835,39.38842764438025],[-123.83569478296417,39.38844220384988],[-123.83573237705359,39.389161513153255],[-123.83619673812906,39.38914695353596]],[[-123.83387493091068,39.38921973400797],[-123.83341056891477,39.389234284818016],[-123.83344814103384,39.38995359509768],[-123.83391250757111,39.389939044140036],[-123.83387493091068,39.38921973400797]],[[-123.84173140353847,39.388252793353956],[-123.84126704921555,39.388267373960595],[-123.84128587341553,39.38862702769589],[-123.84175023000904,39.38861244701529],[-123.84173140353847,39.388252793353956]],[[-123.84080269470824,39.38828195280583],[-123.84033834001656,39.38829652988968],[-123.84035715967534,39.38865618377283],[-123.84082151663762,39.38864160661507],[-123.84080269470824,39.38828195280583]],[[-123.83987398514054,39.38831110521208],[-123.83940963008018,39.388325678773086],[-123.83942844519774,39.38868533280405],[-123.83989280252871,39.388670759169145],[-123.83987398514054,39.38831110521208]],[[-123.83757101403106,39.388743609729374],[-123.83896408768248,39.38869990467752],[-123.83894527483551,39.388340250572654],[-123.83755220799591,39.388383955402865],[-123.83757101403106,39.388743609729374]],[[-123.837533402145,39.38802430113586],[-123.83706904843392,39.38803886581588],[-123.83708785201425,39.38839852015674],[-123.83755220799591,39.388383955402865],[-123.837533402145,39.38802430113586]],[[-123.83799775567185,39.38800973469441],[-123.83797894773458,39.38765008056076],[-123.8375145964783,39.38766464692833],[-123.837533402145,39.38802430113586],[-123.83799775567185,39.38800973469441]],[[-123.83290863989318,39.38852952367758],[-123.83244428207057,39.388544070817176],[-123.83246306312877,39.3889037259557],[-123.83292742322202,39.38888917874232],[-123.83290863989318,39.38852952367758]],[[-123.831979924064,39.388558616195354],[-123.83151556587347,39.38857315981209],[-123.83153434239034,39.38893281509813],[-123.83199870285154,39.38891827140763],[-123.831979924064,39.388558616195354]],[[-123.84219575767699,39.38823821098588],[-123.84266011163105,39.38822362685641],[-123.84262245016092,39.387504320007984],[-123.84169375115059,39.38753348620971],[-123.84219575767699,39.38823821098588]],[[-123.84167492523326,39.387173832726816],[-123.841210577722,39.387188413111645],[-123.84122940136878,39.38754806666849],[-123.84169375115059,39.38753348620971],[-123.84167492523326,39.387173832726816]],[[-123.83983635091715,39.387591797476425],[-123.83937200039794,39.387606370889614],[-123.83939081514691,39.387966024801614],[-123.83985516793669,39.38795145131452],[-123.83983635091715,39.387591797476425]],[[-123.835638393211,39.387363240341124],[-123.83565718961127,39.38772289478455],[-123.83658589341312,39.38769377437925],[-123.83656709247173,39.3873341200835],[-123.835638393211,39.387363240341124]],[[-123.83703144182586,39.38731955731259],[-123.8370126387981,39.38695990315014],[-123.83654829171452,39.386974465847224],[-123.83656709247173,39.3873341200835],[-123.83703144182586,39.38731955731259]],[[-123.83652949114145,39.386614811670384],[-123.8360651461442,39.38662937253222],[-123.83608394444674,39.386989026782906],[-123.83654829171452,39.386974465847224],[-123.83652949114145,39.386614811670384]],[[-123.83604634802577,39.38626971834097],[-123.83558200511489,39.386284277367594],[-123.83560080096281,39.38664393163267],[-123.8360651461442,39.38662937253222],[-123.83604634802577,39.38626971834097]],[[-123.83467211004773,39.38667304454941],[-123.8346909015387,39.387032699021574],[-123.83561959699486,39.387003585957174],[-123.83560080096281,39.38664393163267],[-123.83467211004773,39.38667304454941]],[[-123.83465331874079,39.38631339013672],[-123.83418897527763,39.38632794387922],[-123.83420776431406,39.38668759836574],[-123.83467211004773,39.38667304454941],[-123.83465331874079,39.38631339013672]],[[-123.83374341839634,39.386702150420646],[-123.8337622053463,39.38706180504039],[-123.83422655353452,39.38704725291168],[-123.83420776431406,39.38668759836574],[-123.83374341839634,39.386702150420646]],[[-123.83331664183746,39.38743601016069],[-123.83285229101064,39.38745055884038],[-123.8328710737875,39.38781021372662],[-123.8333354268849,39.38779566497314],[-123.83331664183746,39.38743601016069]],[[-123.82728006674414,39.387625005606694],[-123.82729882227387,39.3879846613776],[-123.8277631775777,39.387970133761186],[-123.82774441977733,39.387610478063955],[-123.82728006674414,39.387625005606694]],[[-123.8282087726268,39.387595948759774],[-123.8281900127396,39.38723629319574],[-123.82772566216074,39.38725082242623],[-123.82774441977733,39.387610478063955],[-123.8282087726268,39.387595948759774]],[[-123.83976108468225,39.38615318271864],[-123.8397799009645,39.38651283631895],[-123.84024424448786,39.38649826136609],[-123.84022542593513,39.38613860783969],[-123.83976108468225,39.38615318271864]],[[-123.8406897670037,39.386124031199394],[-123.84067094636487,39.385764377806346],[-123.84020660756674,39.38577895437274],[-123.84022542593513,39.38613860783969],[-123.8406897670037,39.386124031199394]],[[-123.83833044142887,39.38547758932157],[-123.83740176634642,39.3855067229317],[-123.8374205709079,39.385866376782595],[-123.83788491081167,39.38585181078433],[-123.83792252502813,39.38657111851659],[-123.83838686928863,39.38655655060924],[-123.83833044142887,39.38547758932157]],[[-123.83743937565356,39.38622603069286],[-123.83697503329515,39.38624059500359],[-123.83699383595453,39.38660024904717],[-123.83745818058345,39.38658568466257],[-123.83743937565356,39.38622603069286]],[[-123.83370584504854,39.38598284135951],[-123.83324150348778,39.385997391505455],[-123.8332602877992,39.38635704608009],[-123.83372463163043,39.38634249586034],[-123.83370584504854,39.38598284135951]],[[-123.82720504646235,39.3861863831179],[-123.82581201350719,39.386229954293775],[-123.8258307614905,39.38658961004773],[-123.8272238012572,39.3865460386509],[-123.82720504646235,39.3861863831179]],[[-123.84250947017743,39.385346400889354],[-123.84204513438726,39.385360984427194],[-123.842063961653,39.38572063753907],[-123.84252829971356,39.38570605392728],[-123.84250947017743,39.385346400889354]],[[-123.83647309052722,39.3855358494964],[-123.83600875234136,39.38555041013674],[-123.83602755009152,39.38591006420915],[-123.8364918905478,39.385895503495],[-123.83647309052722,39.3855358494964]],[[-123.8355444139714,39.385564969015704],[-123.83508007541731,39.38557952613332],[-123.83509886862657,39.38593918035339],[-123.8355632094511,39.385924623161955],[-123.8355444139714,39.385564969015704]],[[-123.83275837988609,39.385652285301035],[-123.83322271936038,39.38563773699021],[-123.83320393541696,39.38527808253436],[-123.83273959821312,39.385292630771396],[-123.83275837988609,39.385652285301035]],[[-123.83270203541908,39.384573321890315],[-123.8317921463054,39.38496206734372],[-123.83181092325357,39.38532172196145],[-123.83273959821312,39.385292630771396],[-123.83270203541908,39.384573321890315]],[[-123.83134658549787,39.38533626491443],[-123.83088224755828,39.38535080610607],[-123.83090102014948,39.38571046093068],[-123.8313653603595,39.38569591966531],[-123.83134658549787,39.38533626491443]],[[-123.8262388580526,39.38549612114749],[-123.82577451809154,39.385510642964114],[-123.82579326570755,39.38587029859925],[-123.8262576079391,39.385855776708965],[-123.8262388580526,39.38549612114749]],[[-123.82486458069354,39.385899337095644],[-123.82532892329236,39.38588481872813],[-123.82531017794683,39.38552516301937],[-123.8248458376185,39.38553968131327],[-123.82486458069354,39.385899337095644]],[[-123.82482709472706,39.385180025590316],[-123.82389841806058,39.38520905674678],[-123.8239171564111,39.38556871261694],[-123.8248458376185,39.38553968131327],[-123.82482709472706,39.385180025590316]],[[-123.84154314897525,39.38465626001017],[-123.84107881735703,39.38467083987749],[-123.8410976397132,39.38503049301849],[-123.84156197360178,39.38501591307726],[-123.84154314897525,39.38465626001017]],[[-123.8345969459244,39.38523442725511],[-123.83552561867579,39.385205314928854],[-123.8355068235643,39.384845660901384],[-123.83457815535375,39.38487477308002],[-123.8345969459244,39.38523442725511]],[[-123.83454057476457,39.3841554649079],[-123.83407624492395,39.38417001820761],[-123.83411382097236,39.38488932652732],[-123.83457815535375,39.38487477308002],[-123.83454057476457,39.3841554649079]],[[-123.84291731147026,39.38425285705445],[-123.84245298267564,39.384267442131765],[-123.84247181165846,39.384627094991615],[-123.84293614272343,39.384612509840345],[-123.84291731147026,39.38425285705445]],[[-123.84011251848969,39.383980687928435],[-123.83964819085915,39.38399526236394],[-123.83968582139632,39.38471456891141],[-123.84015015356755,39.38469999432811],[-123.84011251848969,39.383980687928435]],[[-123.83641669157032,39.384456887856935],[-123.83595236019569,39.384471448275775],[-123.83597115739344,39.384831102170054],[-123.83643549103847,39.38481654167741],[-123.83641669157032,39.384456887856935]],[[-123.82947046704034,39.38503476412644],[-123.82993480326107,39.385020228292596],[-123.82991603557848,39.384660573439305],[-123.82945170162817,39.38467510919945],[-123.82947046704034,39.38503476412644]],[[-123.8294329363998,39.384315454331805],[-123.82896860453607,39.38432998825691],[-123.82898736749404,39.384689643198236],[-123.82945170162817,39.38467510919945],[-123.8294329363998,39.384315454331805]],[[-123.83732654994245,39.38406810812185],[-123.83686222120647,39.38408267198949],[-123.83688102276082,39.38444232567677],[-123.83734535376716,39.3844277617353],[-123.83732654994245,39.38406810812185]],[[-123.8331100184597,39.383479811145605],[-123.83264569260773,39.383494359013795],[-123.8326644733609,39.383854013246655],[-123.83312880148317,39.38383946530469],[-123.8331100184597,39.383479811145605]],[[-123.8284667516647,39.38362521056869],[-123.8280024239742,39.38363974082376],[-123.82802118202387,39.383999395793765],[-123.82848551198475,39.38398486546502],[-123.8284667516647,39.38362521056869]],[[-123.83912742543167,39.38293087544013],[-123.83866310424345,39.38294544613138],[-123.83868191432646,39.383305099345314],[-123.83914623778495,39.38329052858019],[-123.83912742543167,39.38293087544013]],[[-123.83634149553914,39.383018273168354],[-123.83587717324579,39.38303283329187],[-123.83589596970708,39.38339248694889],[-123.83636029427073,39.383377926751535],[-123.83634149553914,39.383018273168354]],[[-123.83216258827294,39.38314925087342],[-123.8316982643234,39.383163795145265],[-123.83171704035198,39.38352344946631],[-123.8321813665718,39.38350890512071],[-123.83216258827294,39.38314925087342]],[[-123.82984096668638,39.38322195461962],[-123.82985973363367,39.38358160923556],[-123.83032406058902,39.38356707193522],[-123.83030529137142,39.383207417393],[-123.82984096668638,39.38322195461962]],[[-123.83076961587263,39.383192878405055],[-123.83075084456856,39.38283322399585],[-123.83028652233766,39.38284776291009],[-123.83030529137142,39.383207417393],[-123.83076961587263,39.383192878405055]],[[-123.82519770972945,39.38336723001389],[-123.82473338302361,39.383381747866096],[-123.82475212499712,39.38374140329224],[-123.82521645397334,39.383726885366436],[-123.82519770972945,39.38336723001389]],[[-123.82796490842601,39.382920431061706],[-123.8275005850924,39.382934959408125],[-123.8275193405043,39.38329461433316],[-123.82798366610822,39.383280085913064],[-123.82796490842601,39.382920431061706]],[[-123.8358395808755,39.382313526155706],[-123.83537526293856,39.3823280843703],[-123.83539405676142,39.38268773798256],[-123.83585837696859,39.38267317969415],[-123.8358395808755,39.382313526155706]],[[-123.83398230802337,39.382371748446445],[-123.83351798935023,39.38238629961594],[-123.83353677409204,39.38274595352337],[-123.83400109503543,39.382731402280086],[-123.83398230802337,39.382371748446445]],[[-123.832589351452,39.38241539667107],[-123.83212503222697,39.38242994255671],[-123.832143810158,39.38278959668542],[-123.8326081316533,39.38277505072603],[-123.832589351452,39.38241539667107]],[[-123.83166071281798,39.38244448668108],[-123.83119639322511,39.382459029044156],[-123.83121516661559,39.38281868332035],[-123.83167948847876,39.382804140883536],[-123.83166071281798,39.38244448668108]],[[-123.82935787732437,39.38287683545463],[-123.82982219992292,39.382862300063],[-123.82980343334329,39.382502645565665],[-123.82933911301502,39.382517180883596],[-123.82935787732437,39.38287683545463]],[[-123.82932034888944,39.382157526371806],[-123.82885603064763,39.382172059854746],[-123.82887479250294,39.382531714440205],[-123.82933911301502,39.382517180883596],[-123.82932034888944,39.382157526371806]],[[-123.8284104718071,39.38254624623559],[-123.82842923157588,39.382905900953986],[-123.828893554542,39.38289136908495],[-123.82887479250294,39.382531714440205],[-123.8284104718071,39.38254624623559]],[[-123.8316231620482,39.38172517845392],[-123.83115884699582,39.38173972066953],[-123.83117762001854,39.382099374827206],[-123.83164193734115,39.382084832537856],[-123.8316231620482,39.38172517845392]],[[-123.82698000325243,39.38187052135284],[-123.82651568636227,39.38188504595575],[-123.82653443668254,39.38224470085023],[-123.82699875584296,39.38223017617369],[-123.82698000325243,39.38187052135284]],[[-123.83901455518145,39.38077295784407],[-123.83808593986313,39.38080209657885],[-123.83812355346222,39.38152140250279],[-123.83858786575382,39.381506833868286],[-123.83901455518145,39.38077295784407]],[[-123.83344285222286,39.3809476845786],[-123.83297854244658,39.380962233691754],[-123.83301610610191,39.38168154123949],[-123.83348042041857,39.381666991978804],[-123.83344285222286,39.3809476845786]],[[-123.83762163192766,39.38081666330441],[-123.83715732380801,39.38083122826871],[-123.83717612597516,39.381190881348786],[-123.83764043636496,39.38117631631062],[-123.83762163192766,39.38081666330441]],[[-123.8292828211897,39.38143821752601],[-123.82974713470725,39.38142368242917],[-123.82972836886285,39.38106402816882],[-123.82926405761549,39.38107856319197],[-123.8292828211897,39.38143821752601]],[[-123.82924529422507,39.38071890891712],[-123.82878098506411,39.38073344210533],[-123.82879974618436,39.381093096453846],[-123.82926405761549,39.38107856319197],[-123.82924529422507,39.38071890891712]],[[-123.8260138737393,39.38118025903881],[-123.8255495610223,39.38119477997188],[-123.82556830643483,39.38155443489515],[-123.82603262142206,39.38153991388846],[-123.8260138737393,39.38118025903881]],[[-123.83667421579133,39.380486138377066],[-123.83620990957351,39.38050069974508],[-123.83622870701625,39.38086035291362],[-123.8366930155042,39.38084579147179],[-123.83667421579133,39.380486138377066]],[[-123.83156683727275,39.3806462165574],[-123.83110252903091,39.38066075855182],[-123.831121301502,39.38102041253185],[-123.831585612014,39.3810058704637],[-123.83156683727275,39.3806462165574]],[[-123.82831667571939,39.38074797353229],[-123.82785236619091,39.380762503198],[-123.8278711227708,39.38112215769389],[-123.82833543456945,39.38110762795449],[-123.82831667571939,39.38074797353229]],[[-123.83713852182503,39.38047157524783],[-123.83760282767454,39.38045701035736],[-123.83758402360561,39.38009735746951],[-123.83711972002617,39.38011192228613],[-123.83713852182503,39.38047157524783]],[[-123.83804832700083,39.38008279089167],[-123.838029520846,39.3797231381368],[-123.83756521972083,39.379737704640796],[-123.83758402360561,39.38009735746951],[-123.83804832700083,39.38008279089167]],[[-123.8371009184115,39.37975226938359],[-123.836636616918,39.37976683236514],[-123.83665541626262,39.38012648534153],[-123.83711972002617,39.38011192228613],[-123.8371009184115,39.37975226938359]],[[-123.83479819936719,39.38018471995096],[-123.83433389468318,39.380199274200244],[-123.83435268286131,39.38055892760482],[-123.83481698981545,39.38054437328174],[-123.83479819936719,39.38018471995096]],[[-123.83431510668903,39.37983962085487],[-123.83338650130916,39.37986872392224],[-123.83342406840099,39.3805880309673],[-123.83388837572316,39.380573480166674],[-123.83431510668903,39.37983962085487]],[[-123.82599512624016,39.38082060424836],[-123.82645943650334,39.380806081627654],[-123.82644068691768,39.380446426970046],[-123.82597637892466,39.38046094951713],[-123.82599512624016,39.38082060424836]],[[-123.82640318829726,39.379727117832374],[-123.82547458120817,39.37975616087081],[-123.82551207074802,39.38047547030298],[-123.82597637892466,39.38046094951713],[-123.82640318829726,39.379727117832374]],[[-123.82543709240268,39.3790368516753],[-123.82590139149883,39.379022331183926],[-123.82592013807987,39.37938198567852],[-123.82684874026152,39.37935293926487],[-123.82688624305487,39.38007224813693],[-123.8278148535823,39.38004319438386],[-123.82783360979477,39.38040284876134],[-123.82829791705306,39.3803883191693],[-123.82827915857047,39.38002866486548],[-123.83060068075487,39.37995599085509],[-123.83058191110547,39.379596336978864],[-123.83197481539992,39.379552711659116],[-123.8319935918596,39.37991236531416],[-123.8324578951934,39.37989781994474],[-123.83240155955586,39.37881885937821],[-123.83193726303226,39.378833404526425],[-123.83189971140023,39.37811409763017],[-123.83097112688144,39.37814318234809],[-123.83100866943343,39.378862489539245],[-123.82915148002962,39.3789206384305],[-123.82913271774187,39.3785609845106],[-123.82773983056954,39.37860457746544],[-123.82723802861385,39.37789979667619],[-123.82632819326007,39.37828850026682],[-123.82630944495985,39.377928846023195],[-123.82538086057137,39.377957888325454],[-123.82536211699475,39.3775982339937],[-123.82445227544856,39.37798692358299],[-123.82443353641195,39.37762726910404],[-123.82304066416125,39.37767080856072],[-123.82305939638783,39.378030463260394],[-123.82259510300065,39.37804497296382],[-123.82263256346415,39.37876428268757],[-123.82309686139145,39.378749772837025],[-123.82311559416844,39.379109427714006],[-123.82357989418234,39.379094916028706],[-123.82356115913525,39.378735261225266],[-123.82448975407236,39.37870623271816],[-123.82406293151341,39.37944005737115],[-123.82452723343037,39.37942554208981],[-123.82458345384397,39.38050450659092],[-123.8250477623878,39.380489989327565],[-123.8250102773882,39.37977067974819],[-123.82547458120817,39.37975616087081],[-123.82543709240268,39.3790368516753]],[[-123.83247667410711,39.38025747358521],[-123.83294097952708,39.3802429263808],[-123.83292219834327,39.37988327281409],[-123.8324578951934,39.37989781994474],[-123.83247667410711,39.38025747358521]],[[-123.83286585589552,39.37880431246882],[-123.83282829518343,39.37808500586754],[-123.83236400338377,39.37809955262943],[-123.83240155955586,39.37881885937821],[-123.83286585589552,39.37880431246882]],[[-123.83334893495325,39.379149417113766],[-123.8328846365275,39.37916396585812],[-123.83290341734339,39.37952361930653],[-123.83336771803921,39.37950907048844],[-123.83334893495325,39.379149417113766]],[[-123.83797310348663,39.37864418022697],[-123.83750880917158,39.378658746509416],[-123.83752761250383,39.37901839916078],[-123.83799190908891,39.37900383280448],[-123.83797310348663,39.37864418022697]],[[-123.83516854303616,39.378371898542646],[-123.83474182912664,39.379105760313536],[-123.83567042432209,39.37907664697407],[-123.8356328360018,39.3783573411399],[-123.83658021998899,39.37868787379078],[-123.83654262295693,39.37796856837007],[-123.83561404211778,39.37799768831146],[-123.83559524841785,39.377638035542084],[-123.83513095999213,39.37765259279722],[-123.83514975142211,39.37801224564041],[-123.83468546054239,39.37802680120817],[-123.83466667138235,39.377667148291195],[-123.83373809361078,39.377696253995694],[-123.83423995655268,39.37840100806458],[-123.83516854303616,39.378371898542646]],[[-123.83700691310031,39.37795400575764],[-123.83698811259049,39.37759435320968],[-123.83652382471706,39.37760891574832],[-123.83654262295693,39.37796856837007],[-123.83700691310031,39.37795400575764]],[[-123.83702571379425,39.37831365836463],[-123.83795429806857,39.37828452770857],[-123.83793549283466,39.377924875249256],[-123.83700691310031,39.37795400575764],[-123.83702571379425,39.37831365836463]],[[-123.8333113693332,39.37843011054178],[-123.83333015205125,39.378789763798224],[-123.83425874381075,39.37876066117348],[-123.83423995655268,39.37840100806458],[-123.8333113693332,39.37843011054178]],[[-123.83930954919525,39.37752151409927],[-123.83884526224271,39.37753608544367],[-123.8388640718323,39.37789573769624],[-123.83932836105478,39.377881166277966],[-123.83930954919525,39.37752151409927]],[[-123.83416480936047,39.37696239621972],[-123.83370052492255,39.37697694804384],[-123.83371930917468,39.377336600990226],[-123.83418359588252,39.37732204909234],[-123.83416480936047,39.37696239621972]],[[-123.83230767050502,39.37702059294932],[-123.83184338533134,39.37703513772885],[-123.83186216050373,39.377394790970236],[-123.83232644794735,39.377380246116964],[-123.83230767050502,39.37702059294932]],[[-123.83000500889057,39.377452952771684],[-123.83046929706964,39.37743841496306],[-123.83045052870705,39.377078761500535],[-123.82998624279794,39.37709329923547],[-123.83000500889057,39.377452952771684]],[[-123.83091481443233,39.37706422200447],[-123.83089604398364,39.37670456867468],[-123.83043176052828,39.376719108097035],[-123.83045052870705,39.377078761500535],[-123.83091481443233,39.37706422200447]],[[-123.82996747688911,39.37673364575827],[-123.82950319306613,39.376748181658364],[-123.82952195670504,39.37710783520923],[-123.82998624279794,39.37709329923547],[-123.82996747688911,39.37673364575827]],[[-123.82673623628916,39.37719501406753],[-123.82627194891029,39.377209537713185],[-123.82629069684326,39.37756919183865],[-123.82675498649208,39.37755466811937],[-123.82673623628916,39.37719501406753]],[[-123.8332174585024,39.376631845145674],[-123.83275317596646,39.376646393373754],[-123.8327719554948,39.377006046408646],[-123.83323624030065,39.37699149810681],[-123.8332174585024,39.376631845145674]],[[-123.83227011617208,39.376301286791104],[-123.83180583553819,39.37631583142316],[-123.8318246103428,39.37667548454648],[-123.83228889324658,39.3766609398407],[-123.83227011617208,39.376301286791104]],[[-123.82623445359522,39.376490229639366],[-123.82577017057261,39.37650475137662],[-123.82578891586843,39.37686440545763],[-123.82625320116095,39.37684988364675],[-123.82623445359522,39.376490229639366]],[[-123.832696838485,39.375567434623136],[-123.83223256257473,39.37558198086888],[-123.83225133928146,39.37594163380048],[-123.83271561746157,39.37592708748102],[-123.832696838485,39.375567434623136]],[[-123.82991118026536,39.37565468568079],[-123.82944690325203,39.375669221359836],[-123.82946566633962,39.376028874733684],[-123.82992994562281,39.376014338980966],[-123.82991118026536,39.37565468568079]],[[-123.83080219449776,39.37490630291074],[-123.82940937762811,39.374949914789056],[-123.82939061509181,39.37459026159212],[-123.82848083212951,39.37497898056911],[-123.82849959030996,39.37533863397233],[-123.83082096402728,39.37526595594557],[-123.83080219449776,39.37490630291074]],[[-123.82753353243895,39.37464838581315],[-123.82799780337773,39.37463385739955],[-123.8279790478345,39.37427420404056],[-123.82751477916551,39.37428873238052],[-123.82753353243895,39.37464838581315]],[[-123.8279415372991,39.37355489749932],[-123.82840580124491,39.37354036754554],[-123.82790402749843,39.37283559119362],[-123.82743976790834,39.37285011923904],[-123.82745852044715,39.373209772436084],[-123.82651124817725,39.37287917004672],[-123.82652999617667,39.37323882339102],[-123.82560147117171,39.373267867301685],[-123.82562021481526,39.373627520852075],[-123.82701300885647,39.373583952123624],[-123.82705051031284,39.37430325895941],[-123.82751477916551,39.37428873238052],[-123.8279415372991,39.37355489749932]],[[-123.82977982790902,39.37313711423019],[-123.82885130547542,39.37316618279572],[-123.82888882472234,39.37388548892455],[-123.82935309057044,39.37387095537499],[-123.82977982790902,39.37313711423019]],[[-123.8311913810612,39.373453150840525],[-123.83211990619616,39.37342406451701],[-123.83208235554105,39.37270475953758],[-123.83117261018108,39.37309349817396],[-123.8311913810612,39.373453150840525]],[[-123.8311538394848,39.37273384556624],[-123.83068958118093,39.37274838593901],[-123.83070834960752,39.37310803862042],[-123.83117261018108,39.37309349817396],[-123.8311538394848,39.37273384556624]],[[-123.83024408885018,39.37312257730583],[-123.83026285519088,39.3734822301198],[-123.83072711821794,39.373467691360695],[-123.83070834960752,39.37310803862042],[-123.83024408885018,39.37312257730583]],[[-123.83297331186365,39.3719563620156],[-123.83250905883449,39.37197090928509],[-123.83252783597197,39.37233056155397],[-123.83299209127075,39.37231601421075],[-123.83297331186365,39.3719563620156]],[[-123.8269380081473,39.37214533915866],[-123.82695675804914,39.372504992311605],[-123.8274210155532,39.37249046610087],[-123.82740226338173,39.372130813021556],[-123.8269380081473,39.37214533915866]],[[-123.82786651843247,39.37211628512339],[-123.82784776417499,39.37175663217652],[-123.82738351139388,39.37177116000104],[-123.82740226338173,39.372130813021556],[-123.82786651843247,39.37211628512339]],[[-123.83158055222451,39.37199999854097],[-123.83204480562145,39.37198545479353],[-123.83202603093744,39.371625802509755],[-123.83156177981013,39.37164034618346],[-123.83158055222451,39.37199999854097]],[[-123.83154300757957,39.371280693884785],[-123.83107875853798,39.37129523572379],[-123.83109752849894,39.37165488809618],[-123.83156177981013,39.37164034618346],[-123.83154300757957,39.371280693884785]],[[-123.83369520610118,39.367971093547546],[-123.83323097840415,39.367985643527945],[-123.83324975805773,39.36834529500325],[-123.8337139880241,39.368330744949105],[-123.83369520610118,39.367971093547546]],[[-123.83271041947395,39.36692123745213],[-123.83224619821716,39.36693578368955],[-123.8322649727804,39.36729543513637],[-123.83272919630652,39.36728088882527],[-123.83271041947395,39.36692123745213]],[[-123.8340279494186,39.36543898415264],[-123.83309952597845,39.36546808484207],[-123.83308074779606,39.36510843383551],[-123.83122390778607,39.365166613789235],[-123.83126144618102,39.365885916450516],[-123.83217110180273,39.365497178488056],[-123.83218987563056,39.36585682970058],[-123.8340467323233,39.36579863507027],[-123.8340279494186,39.36543898415264]],[[-123.83031425124535,39.365555344649664],[-123.82985003814656,39.3655698817879],[-123.82986880062825,39.365929533368806],[-123.83033301599629,39.36591499615692],[-123.83031425124535,39.365555344649664]],[[-123.8315379536833,39.36227486372636],[-123.83107376155786,39.36228940548406],[-123.83109252919316,39.36264905631761],[-123.8315567235876,39.36263451448624],[-123.8315379536833,39.36227486372636]],[[-123.8328929760855,39.361511926986125],[-123.83242878904953,39.36152647387878],[-123.83244756312419,39.36188612437451],[-123.83291175242915,39.36187157740814],[-123.8328929760855,39.361511926986125]],[[-123.83517633368206,39.36071986617977],[-123.83471215210345,39.36073442172874],[-123.83473093715507,39.361094071739146],[-123.83519512100261,39.36107951611644],[-123.83517633368206,39.36071986617977]],[[-123.8328554239498,39.360792626317206],[-123.83287419992573,39.3611522766225],[-123.8333383845089,39.36113772804279],[-123.83331960626406,39.36077807781119],[-123.8328554239498,39.360792626317206]],[[-123.83378378839443,39.360763527544464],[-123.83374622791854,39.36004422740371],[-123.83328205032595,39.36005877752303],[-123.83331960626406,39.36077807781119],[-123.83378378839443,39.360763527544464]],[[-123.83233492143366,39.35972822227547],[-123.83094239325649,39.359771851283625],[-123.83144410691867,39.36047661080269],[-123.8319082875155,39.36046206765262],[-123.83233492143366,39.35972822227547]],[[-123.82908568644774,39.359829998644365],[-123.82906692935804,39.359470347983034],[-123.82860275446548,39.359484880347786],[-123.82864026429084,39.36020418187596],[-123.82956862296777,39.36017511509126],[-123.82954986342548,39.35981546444526],[-123.82908568644774,39.359829998644365]],[[-123.83001404021955,39.35980092848545],[-123.8299952785921,39.35944127797139],[-123.82953110406689,39.35945581385758],[-123.82954986342548,39.35981546444526],[-123.83001404021955,39.35980092848545]],[[-123.82990147321048,39.35764302627517],[-123.82897314666432,39.35767209555049],[-123.82899190283575,39.35803174592052],[-123.82992023391938,39.358002676497925],[-123.82990147321048,39.35764302627517]]]},"properties":{"id":"cdfw-ds3091-7-29-10-1","source":"CDFW ds3091 predicted substrate","source_url":"https://tiledimageservices2.arcgis.com/Uq9r85Potqm3MfRV/arcgis/rest/services/biosds3091_cru/ImageServer","metadata_url":"https://filelib.wildlife.ca.gov/public/BDB/GIS/BIOS/metadata/ds3091.html","source_tile_sha256":"5b8444e66a6ac3efdc32c0f5e0002a7d1314c2a204c92b444cda93587b1f600b","source_class":"Predicted hard (rugosity proxy)","display_resolution_m":40,"approx_area_m2":8907826,"fishing_target":false,"exportable":false,"depth_qualified":false,"fish_confirmed":false,"mpa_screened_at":"2026-09-23T20:44:08Z"}},{"type":"Feature","geometry":{"type":"Polygon","coordinates":[[[-123.83130268089319,39.339947550405824],[-123.83083862977149,39.33996209111867],[-123.83085739055309,39.34032173821274],[-123.82992928322346,39.340350814504916],[-123.82991052697719,39.33999116726365],[-123.8294464753046,39.340005702695784],[-123.829985553064,39.34142975657363],[-123.83044961362376,39.34141521908689],[-123.83048713230438,39.34213451393973],[-123.83095119721597,39.34211997454549],[-123.83096781566046,39.34243853447433],[-123.82771404331076,39.342438590838],[-123.82768399315353,39.34186206544242],[-123.82584647309154,39.34227981106605],[-123.82582773633717,39.341920162875255],[-123.82443554179893,39.34196371746685],[-123.82445427174991,39.34232336587813],[-123.82538240616107,39.34229433109705],[-123.82538992020268,39.34243857811333],[-123.82399544633869,39.342438549284715],[-123.82399020426928,39.34233788062822],[-123.82352613660531,39.34235239361802],[-123.82353062171765,39.34243853614289],[-123.82111056210958,39.34243843918664],[-123.82099402706484,39.34244297690186],[-123.82087866805279,39.34245655586791],[-123.82076564998745,39.34247903896252],[-123.82065611414615,39.342510199148045],[-123.82055154509206,39.34254957924349],[-123.82027765782594,39.34245393525791],[-123.82025894828526,39.34209428618555],[-123.81933081437805,39.342123282093056],[-123.8197574674269,39.34138948690061],[-123.81929340491732,39.34140398382743],[-123.81925599618903,39.34068468579195],[-123.82016540332917,39.34029604168691],[-123.82014669488738,39.33993639295974],[-123.81968264163181,39.33995089135324],[-123.81966393564085,39.33959124261013],[-123.81641557359958,39.33969268156399],[-123.81639688366535,39.33933303236479],[-123.8173249834855,39.33930405875445],[-123.8172689011748,39.3382251119416],[-123.81634081496036,39.33825408511192],[-123.81632212575794,39.33789443614246],[-123.81771424800237,39.33785097396664],[-123.81769555218025,39.337491325274584],[-123.81674878429797,39.33716065289061],[-123.81617261872441,39.335017246451514],[-123.81710066412408,39.33498827460106],[-123.81711935639778,39.33534792296519],[-123.81758338109057,39.33533343432644],[-123.81801001216635,39.33459964754989],[-123.81611655660521,39.33393830126279],[-123.81654319422832,39.33320452007782],[-123.81559648676199,39.33287383943425],[-123.81557780257076,39.33251419125073],[-123.81511379528484,39.332528672262576],[-123.81508117608136,39.331900707242454],[-123.81667932683526,39.33190173391845],[-123.81679318345958,39.331897468722104],[-123.81690595157991,39.33188456946077],[-123.81701654400527,39.331863160495715],[-123.81712389452284,39.331833448229744],[-123.817226968178,39.331795719117224],[-123.8173247712533,39.33175033690186],[-123.81741636084934,39.3316977391097],[-123.81750085397572,39.3316384328304],[-123.81757743606397,39.3315729898282],[-123.81764536882062,39.33150204102896],[-123.81770399734481,39.33142627043718],[-123.81775275644122,39.331346408541016],[-123.81779117606835,39.3312632252696],[-123.81781888586903,39.331177522569874],[-123.81783561873955,39.33109012667492],[-123.81784121340344,39.331001880138345],[-123.81784120329388,39.330361942880415],[-123.81828705309623,39.330988677815284],[-123.81967904335674,39.330945193418344],[-123.81975385991146,39.332383782940994],[-123.8188258484501,39.332412774885846],[-123.81932725911368,39.33311757504436],[-123.818863248757,39.33313207028348],[-123.818881949185,39.33349171806806],[-123.81982867939553,39.333822373378055],[-123.81984738472426,39.3341820211303],[-123.82075670826258,39.33379337380584],[-123.82125814686594,39.334498166500985],[-123.82172216537624,39.3344836621678],[-123.82175959508815,39.33520295737131],[-123.82222361794999,39.33518845113118],[-123.82218618370337,39.334469156074505],[-123.82311421980793,39.334440138607604],[-123.82313294137431,39.33479978596045],[-123.82359696141907,39.334785274513386],[-123.82357823758535,39.334425627233976],[-123.82404225517948,39.334411114100256],[-123.82406098128054,39.33477076130618],[-123.82498902045357,39.33474172961145],[-123.82549050612127,39.33544650526669],[-123.82595452978411,39.33543198487204],[-123.82597326550467,39.33579163195584],[-123.82643729125152,39.33577710972756],[-123.8264560294229,39.336136756795135],[-123.82692005725372,39.3361222327332],[-123.82649350631591,39.33685605110218],[-123.82695753868163,39.33684152689322],[-123.82701376219934,39.33792046856324],[-123.8274778011841,39.33790594237354],[-123.82749654499112,39.33826558963806],[-123.82842462694519,39.338236531830965],[-123.8284058786031,39.33787688471352],[-123.82886991703731,39.337862353243246],[-123.82888866764694,39.338222000287146],[-123.8298167484998,39.33819293191888],[-123.8297979933551,39.33783328502212],[-123.83165414378739,39.33777512745768],[-123.83172920174852,39.339213714211425],[-123.83126515534572,39.339228256537254],[-123.83130268089319,39.339947550405824]],[[-123.818417936378,39.33350621162047],[-123.81843663472175,39.333865859535614],[-123.81890064979608,39.33385136590986],[-123.818881949185,39.33349171806806],[-123.818417936378,39.33350621162047]],[[-123.81938336774877,39.33419651834963],[-123.81940207099328,39.33455616623249],[-123.81986609023612,39.334541668939785],[-123.81984738472426,39.3341820211303],[-123.81938336774877,39.33419651834963]],[[-123.82550923957446,39.33580615242397],[-123.82552797321098,39.33616579963856],[-123.82599200140864,39.33615127909691],[-123.82597326550467,39.33579163195584],[-123.82550923957446,39.33580615242397]],[[-123.82602947376678,39.336870573550975],[-123.82604821022096,39.337230220864015],[-123.82651224503755,39.337215698341694],[-123.82649350631591,39.33685605110218],[-123.82602947376678,39.336870573550975]],[[-123.826010737496,39.33651092629528],[-123.82554670703092,39.336525446910414],[-123.82556544103424,39.336885094239605],[-123.82602947376678,39.336870573550975],[-123.826010737496,39.33651092629528]],[[-123.83124639284748,39.33886860968909],[-123.83078234852861,39.338883150181104],[-123.83080110875926,39.33924279710288],[-123.83126515534572,39.339228256537254],[-123.83124639284748,39.33886860968909]],[[-123.83076358848159,39.338523503316765],[-123.83029954624665,39.338538041974985],[-123.83031830402608,39.338897688912915],[-123.83078234852861,39.338883150181104],[-123.83076358848159,39.338523503316765]],[[-123.82055461693037,39.33884294718937],[-123.82009057066088,39.33885744712291],[-123.82010927855325,39.33921709567773],[-123.82057332709034,39.339202595670784],[-123.82055461693037,39.33884294718937]],[[-123.82044235981661,39.33668505750617],[-123.81997832715238,39.336699556999335],[-123.81999703394601,39.33705920520983],[-123.8204610688777,39.33704470564328],[-123.82044235981661,39.33668505750617]],[[-123.82409843403259,39.33549005588981],[-123.82363440963638,39.335504569243916],[-123.82365313401995,39.33586421669511],[-123.82411716068356,39.33584970326754],[-123.82409843403259,39.33549005588981]],[[-123.82317038505688,39.33551908083789],[-123.82224233534811,39.3355480987454],[-123.82226105292946,39.335907746416915],[-123.82318910717306,39.33587872836252],[-123.82317038505688,39.33551908083789]]]},"properties":{"id":"cdfw-ds3091-7-29-10-2","source":"CDFW ds3091 predicted substrate","source_url":"https://tiledimageservices2.arcgis.com/Uq9r85Potqm3MfRV/arcgis/rest/services/biosds3091_cru/ImageServer","metadata_url":"https://filelib.wildlife.ca.gov/public/BDB/GIS/BIOS/metadata/ds3091.html","source_tile_sha256":"5b8444e66a6ac3efdc32c0f5e0002a7d1314c2a204c92b444cda93587b1f600b","source_class":"Predicted hard (rugosity proxy)","display_resolution_m":40,"approx_area_m2":902587,"fishing_target":false,"exportable":false,"depth_qualified":false,"fish_confirmed":false,"mpa_screened_at":"2026-09-23T20:44:08Z"}},{"type":"Feature","geometry":{"type":"Polygon","coordinates":[[[-123.81074861298376,39.32005678340817],[-123.81028468339359,39.32007124601777],[-123.81032199383006,39.32079053992225],[-123.8112498618939,39.32076161265058],[-123.81128718212686,39.32148090648904],[-123.81034064932216,39.32115018695947],[-123.81035930499682,39.321509834053394],[-123.80989536615792,39.32152429519586],[-123.80987671274984,39.32116464802877],[-123.80941277599494,39.32117910733826],[-123.80937547425948,39.32045981302787],[-123.80751974354716,39.32051763208278],[-123.80755702715028,39.321236926978195],[-123.80802096463515,39.32122247470792],[-123.80803960897696,39.32158212216757],[-123.80943142713649,39.32153875457849],[-123.80946872996716,39.3222580492291],[-123.80900478622992,39.32227250699822],[-123.80902343565245,39.32263215448174],[-123.81041527311636,39.32258877567544],[-123.810452586109,39.323308070373855],[-123.81138048590537,39.32327914207775],[-123.81139758528512,39.32360868754607],[-123.80834685586292,39.323608905825445],[-123.8082247607961,39.32361390430322],[-123.80810402115246,39.32362882986041],[-123.80798597633931,39.32365351692301],[-123.8078719358724,39.32368769162904],[-123.80776316485051,39.32373097486655],[-123.8076608699223,39.323782886478654],[-123.80756263420567,39.32383868013352],[-123.80754362301406,39.32385048251613],[-123.80750370982814,39.32386447773593],[-123.80741208728249,39.32390472430596],[-123.80733388600439,39.32394675944329],[-123.80723882544186,39.32393974182337],[-123.80713430694433,39.323939346611674],[-123.80712428280461,39.32393965881516],[-123.80722357197436,39.323768911921086],[-123.80627702798947,39.32343816059337],[-123.80629566435924,39.323797808685924],[-123.80583171027807,39.323812254428546],[-123.80579444225434,39.32309295815406],[-123.80533049252422,39.32310740199065],[-123.80575717496009,39.32237366210668],[-123.8043653388228,39.32241698789845],[-123.80432808585782,39.3216976916397],[-123.80340020325464,39.3217265664095],[-123.80289902304345,39.32102170468459],[-123.80243508581945,39.32103613752388],[-123.80241646904125,39.32067648930088],[-123.80148859857982,39.320705349554046],[-123.8014699865169,39.32034570124173],[-123.80100605327952,39.32036012865562],[-123.80143276293754,39.319626404787066],[-123.80048629836323,39.3192956092748],[-123.80044908494254,39.318576312868046],[-123.80135831796449,39.31818781255726],[-123.80133970717658,39.317828164641305],[-123.8003932661772,39.31749736868227],[-123.80037466028624,39.317137720733456],[-123.80128387590563,39.31674922123269],[-123.8012652658462,39.316389573542885],[-123.8003374490506,39.316418425005445],[-123.80028163356273,39.31533948183714],[-123.80074553525276,39.31532505720459],[-123.80072692818804,39.31496540966771],[-123.80211862536686,39.31492212543094],[-123.80208139818656,39.314202830964334],[-123.80161750384146,39.31421726065695],[-123.80156167123553,39.3131383191611],[-123.80202555878223,39.31312388968743],[-123.80200694601177,39.31276424270786],[-123.80247083111027,39.312749811547555],[-123.80248944614684,39.313109458454115],[-123.80341722032948,39.313080590708694],[-123.80391835136379,39.31378544774077],[-123.8057739149422,39.31372768351178],[-123.80575528367848,39.31336803700362],[-123.80482750678605,39.313396922491286],[-123.80480888023683,39.31303727589342],[-123.8043449937833,39.313051715924786],[-123.80428912202743,39.31197277625014],[-123.80521688115596,39.31194389486597],[-123.8052355094244,39.3123035412218],[-123.80662715354802,39.31226020572954],[-123.80660851848157,39.31190055959289],[-123.80753627578687,39.31187166061292],[-123.80757355516629,39.31259095265027],[-123.80803743807739,39.312576500374746],[-123.80800015416595,39.31185720848356],[-123.80846403236262,39.31184275459463],[-123.80844538841454,39.31148310880661],[-123.80798151248389,39.311497562622435],[-123.8079628709842,39.311137916817565],[-123.8088906181312,39.31110900757253],[-123.8088533266154,39.31038971642403],[-123.80979971416737,39.310720445833134],[-123.81022628009003,39.30998669452796],[-123.8111540118167,39.30995776812621],[-123.81111669873715,39.3092384780463],[-123.81018897607385,39.30926740415548],[-123.8105782225914,39.30781436220224],[-123.8101143702316,39.30782882408458],[-123.81007706840552,39.30710953438594],[-123.81054091623388,39.30709507264985],[-123.81050361060642,39.30637578332179],[-123.8095759238299,39.30640470474201],[-123.80953862799498,39.30568541534576],[-123.81093014429227,39.30564203101499],[-123.81087418151829,39.30456309799884],[-123.80992786840076,39.30423237783375],[-123.80990921922134,39.303872733516755],[-123.80944539160083,39.3038871928354],[-123.80942674486934,39.303527548501265],[-123.8080352677097,39.303570915681675],[-123.8080539076447,39.303930560235045],[-123.80759007929456,39.30394501251618],[-123.80755280413788,39.30322572331921],[-123.80708898013634,39.30324017369483],[-123.80710761535802,39.30359981833841],[-123.80617996227696,39.303628713957636],[-123.80660652317857,39.30289497765041],[-123.807070345097,39.30288052910719],[-123.80705171024,39.302520884575465],[-123.80658789058698,39.30253533304564],[-123.80655062595078,39.30181604400379],[-123.80562299515948,39.301844935373964],[-123.80512192917561,39.30114008916356],[-123.80419430635233,39.30116896968575],[-123.80421292688793,39.30152861443206],[-123.80374911293762,39.30154305212715],[-123.8032480669776,39.300838198334205],[-123.80415706582772,39.30044968036066],[-123.80413844583866,39.300090035781835],[-123.80506605507004,39.300061155697655],[-123.80510330429153,39.30078044461909],[-123.80604955126995,39.30111120160414],[-123.80601229262275,39.3003919128631],[-123.80554848619734,39.30040635737644],[-123.80552985941243,39.30004671301661],[-123.80643883641723,39.29965817821872],[-123.80642020546632,39.299298534116545],[-123.80920299832182,39.29921182085057],[-123.8092216428641,39.299571464514436],[-123.81014924355394,39.29954254587215],[-123.8101678928091,39.2999021894456],[-123.8106316951456,39.299887727412454],[-123.81105818991078,39.299153976821344],[-123.81152198735185,39.29913951141588],[-123.81154064322018,39.29949915471421],[-123.81246824208506,39.299470218479264],[-123.81244958168632,39.29911057532721],[-123.81476856432717,39.299038204318514],[-123.81426742979315,39.29833339648712],[-123.81473122142573,39.298318918913225],[-123.81471255024903,39.297959276294165],[-123.8151763394338,39.297944797034276],[-123.81521368650014,39.298664082181716],[-123.81614127338213,39.29863511809141],[-123.81617863023997,39.29935440316894],[-123.81710622545165,39.2993254317488],[-123.81705017684807,39.298246504655395],[-123.81751396738427,39.29823201652616],[-123.81749528261689,39.29787237434636],[-123.81703149434577,39.297886862402365],[-123.81701281202629,39.29752722020504],[-123.81792169718867,39.297138600485034],[-123.81790301070464,39.2967789585455],[-123.81836679181492,39.2967644671908],[-123.81842285861063,39.297843392956665],[-123.81888664633324,39.297828899623006],[-123.81890533789596,39.29818854158304],[-123.81983291732271,39.29815954949153],[-123.8197768295928,39.297080624218026],[-123.82072309495464,39.29741126708495],[-123.82029670676175,39.29814505080694],[-123.82122428509093,39.2981160481601],[-123.8212055822028,39.29775640656647],[-123.82166936882786,39.29774190267753],[-123.8216880739811,39.29810154419784],[-123.82261565121233,39.298072530995704],[-123.82304201583949,39.297338739210865],[-123.82398829920763,39.297669356844786],[-123.8240818834319,39.29946756316988],[-123.82361808639652,39.29948207622162],[-123.82363680152557,39.2998417177272],[-123.82458311978614,39.30017233113227],[-123.82460183981183,39.30053197260264],[-123.82367423233299,39.30056100090562],[-123.82369294801137,39.300920642578504],[-123.82462056002073,39.30089161412881],[-123.82465800098794,39.301610897348525],[-123.82512181124844,39.301596380337976],[-123.8251405342721,39.301956021958205],[-123.82143002893822,39.302072109369036],[-123.82141132403709,39.30171246716196],[-123.82001988831254,39.30175597069243],[-123.8200385864177,39.302115613119454],[-123.81957477187827,39.302130110850946],[-123.81907357018987,39.30142532173182],[-123.81860975981526,39.301439815798126],[-123.81866583374261,39.3025187437387],[-123.81820201638912,39.30253323626552],[-123.8181646381187,39.30181395076941],[-123.81770082511305,39.30182844139037],[-123.81727438113352,39.30256221604114],[-123.81681056323147,39.302576703289944],[-123.81682924584477,39.30293634634158],[-123.81590160496154,39.30296531570765],[-123.8159202832268,39.30332495896164],[-123.81731175107375,39.30328150205381],[-123.81733043631809,39.30364114514401],[-123.81779426083357,39.30362665591612],[-123.81822070579858,39.30289287909737],[-123.8186845254175,39.30287838649731],[-123.81872190931591,39.303597672182235],[-123.81966825382118,39.30392832419073],[-123.8197056478789,39.304647609918135],[-123.82016947827633,39.30463311167357],[-123.82011338066773,39.303554183386275],[-123.81964955706671,39.303568681410944],[-123.81959346790097,39.30248975340711],[-123.82005728470578,39.30247525560231],[-123.8200946818308,39.30319454073571],[-123.82055850298343,39.303180041025],[-123.82061460683944,39.30425896892452],[-123.82107843460544,39.30424446723451],[-123.82109713852223,39.30460410990628],[-123.82156096837068,39.30458960638355],[-123.82152355618915,39.303870321242655],[-123.82245120627506,39.303841309212466],[-123.82248862751848,39.304560594060014],[-123.82295245681775,39.304546085259176],[-123.82291503104342,39.30382680055831],[-123.82384268003082,39.30379777797199],[-123.82386139735733,39.304157420147725],[-123.8243252238418,39.30414290614215],[-123.82428778484103,39.3034236219934],[-123.82708944571678,39.30369614350026],[-123.82666308461864,39.30442995151513],[-123.8276094755532,39.304760542185754],[-123.82764694773648,39.30547982575432],[-123.82811078181695,39.30546529738008],[-123.82818573744571,39.3069038648954],[-123.82772189430297,39.306918393563464],[-123.82768442065307,39.30619910954687],[-123.82722058185819,39.3062136363086],[-123.82683167278824,39.307666730156015],[-123.82590397615705,39.30769577546991],[-123.825922704561,39.308055417968234],[-123.82638655523392,39.30804089611759],[-123.82642401712303,39.3087601811357],[-123.82596016191869,39.30877470313324],[-123.8259414331482,39.30841506052266],[-123.8245498732329,39.30845861573814],[-123.82451242983589,39.30773933024493],[-123.82356601448008,39.307408715155084],[-123.82352858124476,39.30668942970487],[-123.82306473853524,39.30670394070528],[-123.8230460244579,39.30634429799087],[-123.82213705256694,39.306732957427826],[-123.82209963365774,39.30601367176163],[-123.82163579493019,39.30602817733707],[-123.82161708801576,39.30566853451469],[-123.82068941454264,39.3056975402407],[-123.82070811692593,39.306057183209724],[-123.8202442776493,39.30607168350696],[-123.82028167843366,39.306790969759774],[-123.81933529431662,39.306460322068105],[-123.81935399026902,39.306819965369144],[-123.81796245665011,39.30686344558747],[-123.81792507852194,39.30614415860173],[-123.81746123814779,39.306158648342425],[-123.81744255162359,39.30579900486038],[-123.81605103620093,39.30584246330621],[-123.81608839583849,39.306561750765844],[-123.81655223902673,39.30654726623018],[-123.81657092138532,39.30690690997084],[-123.81610707593146,39.306921394579746],[-123.81614443666568,39.30764068237578],[-123.81660828665093,39.30762619762039],[-123.81662696955794,39.3079858415293],[-123.816163117307,39.30800032635793],[-123.81620047913796,39.30871961449064],[-123.81666433592044,39.30870512951551],[-123.81664565264778,39.308345485494335],[-123.81757336113273,39.308316510412155],[-123.81672038683531,39.309784061916],[-123.81766680198214,39.310114730347095],[-123.81770417960199,39.31083401871439],[-123.8181680494309,39.31081952802116],[-123.81813066727929,39.31010023980043],[-123.81859453239355,39.31008574749425],[-123.81857583932624,39.30972610354146],[-123.81811197647784,39.30974059577435],[-123.8180372151009,39.30830202023187],[-123.81850106888622,39.3082875282921],[-123.81848237673348,39.30792788462013],[-123.81942877590808,39.30825853913414],[-123.81944747277521,39.30861818271567],[-123.82037518359677,39.30858918637318],[-123.8209138552206,39.3100132595706],[-123.82186029218151,39.31034389558028],[-123.82143384032204,39.31107768758321],[-123.82096996950806,39.31109219066651],[-123.82098867463661,39.311451834477595],[-123.82191642061335,39.3114228264048],[-123.82199126108567,39.312861401625156],[-123.82245514286326,39.312846894655955],[-123.82206610448749,39.3142999777466],[-123.8239403871283,39.31460158201598],[-123.82351393133241,39.31533538270233],[-123.82397782842308,39.31532086994061],[-123.82403399173928,39.31639980225075],[-123.82449789544528,39.31638528750918],[-123.8244604485189,39.315665999392806],[-123.82492434750928,39.3156514830384],[-123.82546315903176,39.3170755407955],[-123.82640970739537,39.317406142662975],[-123.82598325998025,39.318139952904176],[-123.82644717428445,39.31812543075666],[-123.82646590800398,39.318485074888294],[-123.82600199143344,39.31849959710926],[-123.82602072306999,39.318859241370916],[-123.82648464190684,39.318844719076495],[-123.82654084471552,39.319923651980496],[-123.82561299326014,39.319952695250365],[-123.82511161213341,39.3192479251457],[-123.82464769048029,39.319262442234375],[-123.82410887872582,39.317838379454834],[-123.82318105263417,39.31786740424626],[-123.8231623351453,39.31750775971366],[-123.82269842409097,39.31752226939641],[-123.82266099419527,39.316802980354],[-123.82219708749034,39.31681748813031],[-123.82217837508344,39.316457843620434],[-123.8212505656567,39.31648685374727],[-123.82126927353113,39.31684649840387],[-123.82080536627691,39.316861000901135],[-123.82030405233877,39.3161562120886],[-123.8198401492509,39.31617071091983],[-123.81982144854122,39.31581106615615],[-123.81889364634893,39.31584005839297],[-123.81887495035461,39.31548041353906],[-123.8184110512502,39.31549490694469],[-123.81844843888935,39.31621419685553],[-123.81937624598004,39.316185207991396],[-123.81987755121929,39.316890000616645],[-123.8203414588396,39.31687550163873],[-123.8203788660726,39.31759479141481],[-123.82084277804246,39.31758029053053],[-123.82041627403775,39.318314081416986],[-123.81995235735224,39.31832858068825],[-123.81997105934302,39.318688225847495],[-123.8195071402081,39.318702723432395],[-123.81952584011555,39.31906236872155],[-123.81859799676394,39.31909135875878],[-123.81856060619758,39.31837206794374],[-123.81902452343212,39.31835757395164],[-123.81900582615701,39.31799792870229],[-123.81807799603766,39.31802691478016],[-123.8175767003002,39.31732211441059],[-123.81664887814858,39.31735108963708],[-123.81663019275385,39.316991444190826],[-123.81570237440339,39.31702041223196],[-123.81572105526556,39.31738005782473],[-123.81618496679849,39.31736557461074],[-123.81622233360396,39.31808486581938],[-123.81575841753836,39.31809934917987],[-123.81577709894898,39.31845899494224],[-123.81390275144797,39.3181572650247],[-123.81394009632105,39.318876557191956],[-123.81533185976127,39.318833122508494],[-123.81583314427785,39.31953793256885],[-123.81676099435731,39.31950896350197],[-123.81677968103217,39.31986860934414],[-123.8163157538174,39.319883094830736],[-123.8163531231828,39.320602386831574],[-123.81446004313004,39.31994101917948],[-123.81403346170174,39.32067478860062],[-123.8131055958299,39.32070373698976],[-123.81308692692129,39.3203440904483],[-123.81215906485161,39.32037303165189],[-123.81214040065866,39.320013385020694],[-123.81167647161634,39.32002785290962],[-123.81165780987253,39.31966820626188],[-123.81072995577293,39.31969713661407],[-123.81074861298376,39.32005678340817]],[[-123.80890926416279,39.31146865323122],[-123.80983701511185,39.31143973680172],[-123.80981836454836,39.31108009128928],[-123.8088906181312,39.31110900757253],[-123.80890926416279,39.31146865323122]],[[-123.81037550345569,39.3128638582677],[-123.81083938753794,39.31284939536146],[-123.8108580435461,39.31320904100914],[-123.81178581569502,39.31318010977157],[-123.81128461334602,39.312475285177456],[-123.81082073171235,39.31248974977012],[-123.81078342060881,39.3117704587564],[-123.80983701511185,39.31143973680172],[-123.81037550345569,39.3128638582677]],[[-123.80944773474359,39.31289277880134],[-123.80946638395356,39.313252424668406],[-123.81039415719779,39.3132235039885],[-123.81037550345569,39.3128638582677],[-123.80944773474359,39.31289277880134]],[[-123.8118044764179,39.31353975532929],[-123.81226836448454,39.31352528699795],[-123.81224970149557,39.3131656415134],[-123.81178581569502,39.31318010977157],[-123.8118044764179,39.31353975532929]],[[-123.81098610870906,39.30672096453538],[-123.81193245862376,39.30705167688489],[-123.81195111850835,39.30741132141361],[-123.81241496787219,39.307396852566555],[-123.81245229272061,39.30811614164601],[-123.81291614643328,39.308101670893166],[-123.81287881705344,39.30738238196004],[-123.81334266605204,39.30736790959407],[-123.81332399937037,39.30700826528487],[-123.81237764375423,39.30667756371152],[-123.81235898196915,39.306317919368105],[-123.81189513940231,39.306332387995674],[-123.81185782091119,39.30561309933071],[-123.81093014429227,39.30564203101499],[-123.81098610870906,39.30672096453538]],[[-123.80606818086699,39.301470846058415],[-123.80653199390612,39.301456399566696],[-123.80651336204375,39.30109675518544],[-123.80604955126995,39.30111120160414],[-123.80606818086699,39.301470846058415]],[[-123.80875784224554,39.29958592119665],[-123.80877648470498,39.29994556498939],[-123.80924028758879,39.29993110823406],[-123.8092216428641,39.299571464514436],[-123.80875784224554,39.29958592119665]],[[-123.81795907070516,39.29785788453111],[-123.81797775773767,39.29821752663767],[-123.81844154790822,39.29820303498996],[-123.81842285861063,39.297843392956665],[-123.81795907070516,39.29785788453111]],[[-123.81588292687904,39.30260567250957],[-123.81541910842869,39.302620154480365],[-123.81543778424579,39.30297979775167],[-123.81590160496154,39.30296531570765],[-123.81588292687904,39.30260567250957]],[[-123.82065201032506,39.30497825447065],[-123.82018817784511,39.30499275454791],[-123.82022557753162,39.305712040464584],[-123.82068941454264,39.3056975402407],[-123.82065201032506,39.30497825447065]],[[-123.81599499811543,39.30476353253697],[-123.8155311660723,39.30477801494707],[-123.81556852008211,39.30549730221701],[-123.81510468332513,39.305511783014154],[-123.81512335833858,39.30587142680636],[-123.81605103620093,39.30584246330621],[-123.81599499811543,39.30476353253697]],[[-123.81573662217272,39.308734097706264],[-123.81575530109662,39.30909374193008],[-123.81621916032766,39.309079258641205],[-123.81620047913796,39.30871961449064],[-123.81573662217272,39.308734097706264]],[[-123.82160221346263,39.31431448324964],[-123.82162092250475,39.314674127494285],[-123.82208481579572,39.31465962191788],[-123.82206610448749,39.3142999777466],[-123.82160221346263,39.31431448324964]],[[-123.82358880705567,39.31677395952237],[-123.82357008785007,39.31641431523267],[-123.82264227952216,39.31644333591751],[-123.82266099419527,39.316802980354],[-123.82358880705567,39.31677395952237]],[[-123.81388407928553,39.31779761902591],[-123.81342016457238,39.317812093514576],[-123.81343883446849,39.3181717395866],[-123.81390275144797,39.3181572650247],[-123.81388407928553,39.31779761902591]],[[-123.81297491730628,39.31818621238878],[-123.81299358511869,39.31854585859057],[-123.81345750454729,39.31853138571516],[-123.81343883446849,39.3181717395866],[-123.81297491730628,39.31818621238878]],[[-123.81071129874466,39.31933748987659],[-123.8102473736874,39.31935195233988],[-123.81026602844922,39.31971159915052],[-123.81072995577293,39.31969713661407],[-123.81071129874466,39.31933748987659]],[[-123.80659187709628,39.32054653105151],[-123.80612794359723,39.32056097789619],[-123.806165213601,39.32128027323016],[-123.80662915163316,39.32126582623932],[-123.80659187709628,39.32054653105151]],[[-123.80520007605203,39.32058986630615],[-123.80566400991582,39.32057542298105],[-123.80564537745403,39.32021577532601],[-123.80518144585679,39.320230218578025],[-123.80520007605203,39.32058986630615]],[[-123.80516281584387,39.319870570906595],[-123.80469888633081,39.319885012325756],[-123.80471751407721,39.32024466007025],[-123.80518144585679,39.320230218578025],[-123.80516281584387,39.319870570906595]],[[-123.81304958965214,39.319624797535376],[-123.8125856632416,39.31963926887064],[-123.81260432951836,39.31999891537199],[-123.81306825819534,39.31998444396353],[-123.81304958965214,39.319624797535376]],[[-123.80423495663544,39.319899451985144],[-123.80377102675779,39.31991388988476],[-123.8037896499712,39.32027353777534],[-123.80425358211535,39.32025909980268],[-123.80423495663544,39.319899451985144]],[[-123.8139587690317,39.31923620336044],[-123.81349484525302,39.31925067814199],[-123.81351351587998,39.319610324440355],[-123.81397744192508,39.31959584958557],[-123.8139587690317,39.31923620336044]],[[-123.80744517853024,39.31907904297184],[-123.80698125446196,39.3190934930437],[-123.80701853207262,39.31981278763212],[-123.80748246067382,39.31979833741407],[-123.80744517853024,39.31907904297184]],[[-123.80885559742036,39.31939532917119],[-123.80931952302524,39.31938087198717],[-123.80930087297887,39.319021225086864],[-123.80883694964044,39.319035682197736],[-123.80885559742036,39.31939532917119]],[[-123.80881830204302,39.318676035280895],[-123.80789045935153,39.31870494407714],[-123.8079091024161,39.31906459114023],[-123.80883694964044,39.319035682197736],[-123.80881830204302,39.318676035280895]],[[-123.80692533941402,39.31801455158561],[-123.80646142196257,39.31802899967845],[-123.8064800578631,39.31838864684769],[-123.80694397758094,39.31837419868173],[-123.80692533941402,39.31801455158561]],[[-123.80553358651255,39.318057890584946],[-123.80460575033321,39.31808677445252],[-123.80462437716814,39.318446421913976],[-123.80555221788029,39.3184175379003],[-123.80553358651255,39.318057890584946]],[[-123.8082984458903,39.31761154992846],[-123.8078345312525,39.317626003227375],[-123.80785317376973,39.31798565012073],[-123.80831709067392,39.3179711967487],[-123.8082984458903,39.31761154992846]],[[-123.8184858272603,39.31693348699226],[-123.81802191890804,39.31694797893145],[-123.81804061110167,39.31730762415781],[-123.8185045217202,39.317293132145345],[-123.8184858272603,39.31693348699226]],[[-123.81200975642243,39.31749586018729],[-123.81247366941729,39.31748139105096],[-123.81243633960382,39.316762098896795],[-123.81150852249668,39.31679103511703],[-123.81200975642243,39.31749586018729]],[[-123.81148986239648,39.31643138897834],[-123.81102595583525,39.31644585437577],[-123.81104461366918,39.31680550058762],[-123.81150852249668,39.31679103511703],[-123.81148986239648,39.31643138897834]],[[-123.8110632716857,39.317165146855984],[-123.8105993604093,39.317179610640046],[-123.81061801634208,39.31753925703808],[-123.81108192988479,39.31752479318087],[-123.8110632716857,39.317165146855984]],[[-123.81380939246306,39.316359035596015],[-123.81290024788342,39.31674762814712],[-123.81291891496512,39.317107274122755],[-123.81384673550885,39.31707832719795],[-123.81380939246306,39.316359035596015]],[[-123.81566501322746,39.31630112121589],[-123.81520110831052,39.31631560245045],[-123.81516375239826,39.31559631151379],[-123.81423595108092,39.31562526841092],[-123.81425462441325,39.31598491399747],[-123.81379072121425,39.315999389879764],[-123.81429197162608,39.31670420533998],[-123.815683693724,39.31666076669568],[-123.81566501322746,39.31630112121589]],[[-123.80870642029072,39.31651815496758],[-123.8082425126343,39.31653260980686],[-123.8082611568705,39.31689225645755],[-123.80872506679323,39.31687780154514],[-123.80870642029072,39.31651815496758]],[[-123.8077786047954,39.31654706288647],[-123.80731469677409,39.31656151420638],[-123.80733333647773,39.31692116100327],[-123.80779724676532,39.316906709610265],[-123.8077786047954,39.31654706288647]],[[-123.8226048507253,39.31572404721394],[-123.822140950819,39.31573855477011],[-123.82215966285968,39.316098199167044],[-123.82262356503215,39.31608369153748],[-123.8226048507253,39.31572404721394]],[[-123.81239901052102,39.31604280696861],[-123.81193510659128,39.31605727581222],[-123.8119537687751,39.31641692182124],[-123.8124176749711,39.316402452904455],[-123.81239901052102,39.31604280696861]],[[-123.81052473850384,39.315741025612915],[-123.81006083610995,39.31575548734468],[-123.81007948904623,39.31611513358988],[-123.81054339370635,39.31610067178499],[-123.81052473850384,39.315741025612915]],[[-123.81373470856411,39.314920453069774],[-123.81282558138346,39.3153090448094],[-123.81284424773446,39.31566869055914],[-123.81377205014815,39.315639744219986],[-123.81373470856411,39.314920453069774]],[[-123.80911438255326,39.31542475919417],[-123.80865048187806,39.31543921557379],[-123.80866912783314,39.31579886198191],[-123.80913303077457,39.31578440552917],[-123.80911438255326,39.31542475919417]],[[-123.80588570635335,39.31588556374522],[-123.80681351424288,39.31585667019615],[-123.8067948773527,39.31549702349561],[-123.80586707399566,39.31552591689854],[-123.80588570635335,39.31588556374522]],[[-123.80584844182032,39.31516627010835],[-123.80492064226635,39.31519515632648],[-123.80493926990927,39.31555480326277],[-123.80586707399566,39.31552591689854],[-123.80584844182032,39.31516627010835]],[[-123.81885625454326,39.315120768741615],[-123.81932015119855,39.31510627364967],[-123.81930145330402,39.31474662898193],[-123.81883755891486,39.31476112400059],[-123.81885625454326,39.315120768741615]],[[-123.81876277823082,39.3133225456003],[-123.8178163168508,39.312991885166575],[-123.81787238794423,39.31407081915289],[-123.81833627816705,39.3140563278001],[-123.81837366434274,39.3147756172596],[-123.81883755891486,39.31476112400059],[-123.81876277823082,39.3133225456003]],[[-123.81651808422524,39.31483357269933],[-123.8160541887387,39.31484805716015],[-123.81607287077017,39.31520770234088],[-123.81653676852288,39.31519321780679],[-123.81651808422524,39.31483357269933]],[[-123.81000487839633,39.31467654894775],[-123.8095409826185,39.31469100870044],[-123.80957828304601,39.31541030105487],[-123.81004218335623,39.31539584115592],[-123.81000487839633,39.31467654894775]],[[-123.82069313537357,39.31470313336822],[-123.82115702903069,39.314688631311064],[-123.82113832225467,39.31432898699308],[-123.82067443086366,39.314343488976895],[-123.82069313537357,39.31470313336822]],[[-123.8206557265368,39.31398384464191],[-123.81972794773786,39.314012843184024],[-123.81974664753254,39.31437248766566],[-123.82067443086366,39.314343488976895],[-123.8206557265368,39.31398384464191]],[[-123.8118604596822,39.31461869234064],[-123.81139656463462,39.31463315913188],[-123.81141522382177,39.31499280498829],[-123.81187912113553,39.314978338123886],[-123.8118604596822,39.31461869234064]],[[-123.81093266940442,39.314647624163484],[-123.81046877399164,39.31466208743545],[-123.81048742864648,39.31502173343817],[-123.81095132632542,39.31500727009306],[-123.81093266940442,39.314647624163484]],[[-123.82152737912499,39.31287590683473],[-123.82106349698122,39.312890410284766],[-123.82108220302501,39.313250054377335],[-123.82154608743478,39.31323555085396],[-123.82152737912499,39.31287590683473]],[[-123.8159607813235,39.31304983210237],[-123.8154968969846,39.31306431443734],[-123.81551557583597,39.313423959409405],[-123.81597946244091,39.3134094770012],[-123.8159607813235,39.31304983210237]],[[-123.80900249705768,39.31326688236896],[-123.80853860997932,39.3132813383099],[-123.80855725483963,39.31364098437956],[-123.80902114418406,39.31362652836552],[-123.80900249705768,39.31326688236896]],[[-123.820562207648,39.312185623812354],[-123.82009832967016,39.31220012359656],[-123.82011703081588,39.312559767723165],[-123.8205809110597,39.31254526786563],[-123.820562207648,39.312185623812354]],[[-123.81777893703632,39.31227259612402],[-123.81824281592894,39.31225810513766],[-123.81822412403007,39.31189846077414],[-123.8177602474034,39.31191295168721],[-123.81777893703632,39.31227259612402]],[[-123.8177415579534,39.311553307306674],[-123.81727768340978,39.3115677963869],[-123.81729637059385,39.3119274408407],[-123.8177602474034,39.31191295168721],[-123.8177415579534,39.311553307306674]],[[-123.81590473906809,39.31197089774384],[-123.8154408615272,39.31198537985909],[-123.81545953983021,39.31234502466219],[-123.81592341963709,39.31233054247372],[-123.81590473906809,39.31197089774384]],[[-123.81310280429119,39.311698118928895],[-123.81356668047977,39.311683645684695],[-123.81354801160606,39.311324000701305],[-123.81308413768345,39.3113384738723],[-123.81306547125837,39.31097882887197],[-123.81213772739704,39.31100776978895],[-123.81171117462958,39.3117415281041],[-123.81217505136607,39.311727060138594],[-123.81221237606559,39.31244635071337],[-123.81314013805465,39.312417409210944],[-123.81310280429119,39.311698118928895]],[[-123.81449443230882,39.31165469391761],[-123.81403055648563,39.311669170680936],[-123.81404922780798,39.31202881564741],[-123.81451310589715,39.312014338810854],[-123.81449443230882,39.31165469391761]],[[-123.82048739583138,39.31074704816205],[-123.82002352691723,39.31076154765293],[-123.82004222733096,39.31112119155448],[-123.82050609851102,39.31110669199027],[-123.82048739583138,39.31074704816205]],[[-123.81584869845787,39.31089196389193],[-123.81538482771481,39.31090644578746],[-123.8154035054695,39.31126609042174],[-123.81586737847847,39.31125160845298],[-123.81584869845787,39.31089196389193]],[[-123.82043128889055,39.30966811701479],[-123.81996742677393,39.30968261628572],[-123.8199861266387,39.3100422600186],[-123.82044999102115,39.310027760674345],[-123.82043128889055,39.30966811701479]],[[-123.8157739802033,39.30945338621004],[-123.81531011852368,39.30946786781264],[-123.81532879554732,39.30982751222204],[-123.81579265949279,39.309813030546216],[-123.8157739802033,39.30945338621004]],[[-123.81343600220022,39.30916613198195],[-123.81297214187285,39.30918060471383],[-123.8130094730791,39.309899894208456],[-123.81347333793813,39.309885421330215],[-123.81343600220022,39.30916613198195]],[[-123.81204442067019,39.30920954489906],[-123.81158055979495,39.30922401235244],[-123.8116178774062,39.309943302286065],[-123.81208174281312,39.309928834686374],[-123.81204442067019,39.30920954489906]],[[-123.82675674288,39.30622816131094],[-123.82629290371851,39.306242684553865],[-123.82631163365504,39.3066023267545],[-123.8267754750821,39.30658780343813],[-123.82675674288,39.30622816131094]],[[-123.81881537226263,39.3053958873736],[-123.8183515367854,39.30541038048657],[-123.81831415558908,39.304691094095574],[-123.81785032446001,39.304705585302635],[-123.81790638973217,39.30578451519293],[-123.81837022765787,39.30577002376608],[-123.8184076099515,39.30648931049317],[-123.81887145222551,39.30647481716035],[-123.81881537226263,39.3053958873736]],[[-123.8197617403376,39.305726538929086],[-123.8192979029606,39.30574103563415],[-123.81931659854713,39.306100678823114],[-123.81978043818971,39.30608618204472],[-123.8197617403376,39.305726538929086]],[[-123.82393626849486,39.30559598941017],[-123.82440010404135,39.30558147511107],[-123.8243813837167,39.30522183278487],[-123.82391755043578,39.30523634701057],[-123.82393626849486,39.30559598941017]],[[-123.82389883255983,39.304876704667],[-123.82343500136126,39.30489121705994],[-123.8234537169717,39.30525085947691],[-123.82391755043578,39.30523634701057],[-123.82389883255983,39.304876704667]],[[-123.81738649314808,39.30472007475028],[-123.81692266165334,39.304734562438576],[-123.81696002925642,39.305453849269114],[-123.81742386528227,39.30543936143435],[-123.81738649314808,39.30472007475028]],[[-123.82525287626122,39.3041138728529],[-123.82478905014311,39.30412839037722],[-123.8248077721837,39.30448803246209],[-123.82527160056728,39.3044735148644],[-123.82525287626122,39.3041138728529]],[[-123.81734912174525,39.30400078829014],[-123.8168852947815,39.30401527583192],[-123.816903978126,39.304374919107275],[-123.81736780735527,39.30436043149225],[-123.81734912174525,39.30400078829014]],[[-123.81317467249227,39.3041311128288],[-123.81224701509322,39.30416005448426],[-123.81226567578274,39.30451969849159],[-123.8131933377128,39.30449075668981],[-123.81317467249227,39.3041311128288]],[[-123.81176452787838,39.30381487864845],[-123.8113007009879,39.303829345004566],[-123.81131935696384,39.30418898910221],[-123.81178318611981,39.30417452267293],[-123.81176452787838,39.30381487864845]],[[-123.8149552897956,39.30263463469184],[-123.8144914709798,39.30264911314397],[-123.81454748538671,39.30372804356481],[-123.81501131099881,39.30371356489309],[-123.8149552897956,39.30263463469184]],[[-123.8140463210022,39.30302323332766],[-123.81358249955565,39.30303770833428],[-123.81360116649374,39.30339735195427],[-123.81406499020572,39.30338287687445],[-123.8140463210022,39.30302323332766]],[[-123.81306268500421,39.30197325083755],[-123.8125988699886,39.301987722106],[-123.812617531848,39.302347365704605],[-123.813081349129,39.30233289436301],[-123.81306268500421,39.30197325083755]],[[-123.81118876896552,39.30167148159322],[-123.81072495548503,39.30168594575124],[-123.8107622608983,39.30240523347769],[-123.81122607890953,39.30239076917342],[-123.81118876896552,39.30167148159322]],[[-123.8093521597679,39.30208897172395],[-123.80888834329217,39.30210342891775],[-123.8089069870285,39.30246307310132],[-123.80937080576962,39.302448615834415],[-123.8093521597679,39.30208897172395]],[[-123.80749689277059,39.302146789943194],[-123.80751552971064,39.30250643434596],[-123.80797934899898,39.30249198235708],[-123.80796070979348,39.30213233802737],[-123.80749689277059,39.302146789943194]],[[-123.80842452663401,39.302117884352235],[-123.80840588534552,39.301758240151486],[-123.80794207077035,39.301772693753556],[-123.80796070979348,39.30213233802737],[-123.80842452663401,39.302117884352235]],[[-123.81582689372802,39.30152674325061],[-123.81489927023677,39.30155570499364],[-123.81491794324035,39.30191534817051],[-123.81584557126229,39.301886386281076],[-123.81582689372802,39.30152674325061]],[[-123.82091010758926,39.3010076857048],[-123.82044630021166,39.30102218673503],[-123.82039020129581,39.299943260343774],[-123.81992640053099,39.299957759394815],[-123.8199637950948,39.30067704374643],[-123.81949998961657,39.30069154118476],[-123.81951868490762,39.30105118351758],[-123.81998249265112,39.30103668600594],[-123.82000119039036,39.30139632832127],[-123.82092880985908,39.301367327873514],[-123.82091010758926,39.3010076857048]],[[-123.81719964344686,39.30112364468632],[-123.81721832759428,39.301483287441236],[-123.81768213851745,39.30146879865283],[-123.81766345210471,39.30110915597116],[-123.81719964344686,39.30112364468632]],[[-123.81812726057971,39.30109466549671],[-123.81810857208453,39.3007350229441],[-123.81764476587477,39.30074951334531],[-123.81766345210471,39.30110915597116],[-123.81812726057971,39.30109466549671]],[[-123.81439811728865,39.30085089689362],[-123.81347050176251,39.300879847788075],[-123.81348916760479,39.3012394910728],[-123.81441678766153,39.30121054003202],[-123.81439811728865,39.30085089689362]],[[-123.80879512734684,39.30030520883789],[-123.80833132201536,39.30031966390698],[-123.80790479327122,39.3010534053735],[-123.80885105636683,39.30138414071827],[-123.80879512734684,39.30030520883789]],[[-123.81669847139024,39.30041884615334],[-123.81623466689736,39.30043333120346],[-123.81625334614867,39.30079297399318],[-123.81671715290682,39.30077848886986],[-123.81669847139024,39.30041884615334]],[[-123.81807119564264,39.30001573800633],[-123.81760739396339,39.30003022826102],[-123.81762607982769,39.30038987077527],[-123.81808988377216,39.300375380447306],[-123.81807119564264,39.30001573800633]],[[-123.81712490868509,39.29968507422474],[-123.816197308943,39.29971404579134],[-123.81621598782881,39.30007368846951],[-123.81714359210133,39.30004471675645],[-123.81712490868509,39.29968507422474]],[[-123.82035280293334,39.29922397636183],[-123.81942521028155,39.29925297241149],[-123.81944390484095,39.29961261452116],[-123.82037150202311,39.299583618324924],[-123.82035280293334,39.29922397636183]],[[-123.81801513235115,39.298936811017924],[-123.81755133746748,39.29895130105288],[-123.8175700227833,39.29931094339982],[-123.81803381993215,39.29929645329161],[-123.81801513235115,39.298936811017924]],[[-123.823561942108,39.29840315203937],[-123.82309815168492,39.29841766311184],[-123.82311686399954,39.29877730452354],[-123.82358065668774,39.29876279337775],[-123.823561942108,39.29840315203937]]]},"properties":{"id":"cdfw-ds3091-7-30-10-1","source":"CDFW ds3091 predicted substrate","source_url":"https://tiledimageservices2.arcgis.com/Uq9r85Potqm3MfRV/arcgis/rest/services/biosds3091_cru/ImageServer","metadata_url":"https://filelib.wildlife.ca.gov/public/BDB/GIS/BIOS/metadata/ds3091.html","source_tile_sha256":"a2d18dd1bdd128343f1c226e9950bbac11f049f3fbc7e0011ef1da22a1e4625d","source_class":"Predicted hard (rugosity proxy)","display_resolution_m":40,"approx_area_m2":3199412,"fishing_target":false,"exportable":false,"depth_qualified":false,"fish_confirmed":false,"mpa_screened_at":"2026-09-23T20:44:08Z"}},{"type":"Feature","geometry":{"type":"Polygon","coordinates":[[[-123.79977820927772,39.296623459789515],[-123.79931442540213,39.29663788063002],[-123.7993516166171,39.29735717018724],[-123.79844263060976,39.29774565189005],[-123.79846122214175,39.29810529695367],[-123.79799742865987,39.298119712808],[-123.79803460773911,39.29883900324813],[-123.79757080954495,39.298853417488935],[-123.79764516082491,39.30029199932993],[-123.79625373796797,39.30033523237087],[-123.79621657555609,39.29961594090171],[-123.79668037882628,39.299601531793044],[-123.79666179562776,39.299241886215],[-123.79619799462282,39.299256295250814],[-123.79614225291384,39.298177358632785],[-123.79660604712308,39.29816294981547],[-123.7965317183288,39.2967243687296],[-123.79699550329563,39.296709958444396],[-123.79695833545912,39.295990668381236],[-123.79601219528854,39.29565984180735],[-123.7964016499379,39.29420685397215],[-123.79593788064447,39.29422126198838],[-123.79588214656987,39.29314232770765],[-123.79493604789567,39.29281149323105],[-123.79491747494578,39.29245184849179],[-123.7953812332782,39.292437444357844],[-123.79536265824514,39.29207779974685],[-123.79675392535749,39.29203457700879],[-123.79677250718504,39.29239422140136],[-123.79723626479044,39.29237981023097],[-123.79762567787625,39.29092682064666],[-123.79853458390029,39.290538346213694],[-123.7995364546734,39.291948084036875],[-123.80046396299026,39.291919238973435],[-123.80050116306435,39.29263852664828],[-123.80189243776374,39.29259524542245],[-123.80231897744027,39.29186152773741],[-123.8027827305977,39.29184709553067],[-123.80276411950972,39.29148745214104],[-123.80322787022031,39.29147301824814],[-123.80315341863022,39.29003444553559],[-123.80408090138742,39.2900055730562],[-123.80411813587708,39.29072485900982],[-123.80458188151185,39.290710419985636],[-123.80452602325659,39.2896314913571],[-123.80498976191522,39.28961705079275],[-123.80497114059646,39.289257408100305],[-123.80311619392765,39.289315159511624],[-123.80296730240023,39.286438017628484],[-123.80250358339407,39.28645245050033],[-123.80246636686165,39.28573316543625],[-123.80200265220232,39.28574759640332],[-123.80198404647356,39.28538795388117],[-123.80244775886848,39.28537352298703],[-123.80241054342822,39.28465423825407],[-123.80101941928363,39.28469752522233],[-123.80144592185891,39.28396381318786],[-123.80190962537847,39.28394938434425],[-123.80140871693189,39.28324452860443],[-123.8018724159229,39.28323009990659],[-123.80185381146808,39.28287045777039],[-123.80278120437563,39.2828415952439],[-123.80276259557438,39.2824819533086],[-123.8032262894909,39.28246751947998],[-123.80318906790609,39.28174823592036],[-123.80365275711223,39.28173380047871],[-123.80359691930794,39.28065487577069],[-123.80406060153963,39.28064043878901],[-123.8039861446265,39.27920187357301],[-123.80352247145099,39.27921631026299],[-123.80348524861478,39.2784970278387],[-123.8025579107735,39.2785258956507],[-123.80201982525894,39.27710176185373],[-123.80155616493899,39.27711619107129],[-123.80151896239802,39.27639690872218],[-123.80198261819022,39.27638247965035],[-123.80196401492883,39.27602283863086],[-123.80150036140043,39.2760372676298],[-123.80144455949926,39.27495834468138],[-123.80049866973698,39.27462755594697],[-123.80044288360104,39.27354863321821],[-123.79997924537311,39.27356305643113],[-123.80001643142114,39.27428233834129],[-123.79955278848398,39.2742967599412],[-123.79951560696331,39.27357747788538],[-123.7990519683717,39.273591897581014],[-123.79901479210565,39.27287261559832],[-123.79994206005244,39.272843774739734],[-123.79940406676505,39.271419633029936],[-123.79894044175504,39.27143405228865],[-123.79897761656677,39.27215333383424],[-123.79851398684785,39.27216775147997],[-123.79853257226281,39.2725273924075],[-123.79806894009853,39.27254180836741],[-123.79803177397758,39.27182252642138],[-123.79756814615874,39.2718369404771],[-123.79758672686476,39.2721965814956],[-123.7971230966006,39.27221099386549],[-123.79716025403063,39.27293027621194],[-123.79678216965578,39.272942028007726],[-123.79678412137149,39.27289268239118],[-123.79678174318254,39.2728135635827],[-123.79677159800322,39.27271397007823],[-123.79674728257915,39.272615862793835],[-123.79673539734044,39.27257906324191],[-123.79670086473848,39.2724913670665],[-123.79665500583005,39.27240685239174],[-123.79659829686831,39.27232639684751],[-123.7965313267717,39.27225083590931],[-123.79645479100729,39.27218095422297],[-123.796369484368,39.27211747745718],[-123.79635629748049,39.27210949490828],[-123.79633275656613,39.272020757255746],[-123.79629736840573,39.27193346721383],[-123.79625073482262,39.27184941642092],[-123.79619333809487,39.27176947405041],[-123.79617021909519,39.27174380901444],[-123.79615868787835,39.27152053091042],[-123.79754956563444,39.271477299513215],[-123.79704878392104,39.27077242982803],[-123.797512405131,39.27075801774926],[-123.79745666573872,39.26967909551252],[-123.79836531007183,39.269290626025004],[-123.79834672629269,39.26893098558858],[-123.79929253311191,39.269261790139836],[-123.79925535668193,39.268542509612686],[-123.79971896340253,39.26852808917793],[-123.79970037319687,39.268168449068845],[-123.7992367687396,39.26818286943079],[-123.79921818097908,39.267823229303374],[-123.79968178317301,39.267808809014234],[-123.7996446036707,39.26708952906832],[-123.80010820115628,39.26707510716631],[-123.80014538518515,39.267794386966585],[-123.80060898701545,39.267779963160436],[-123.80055320445504,39.26670104376012],[-123.80101679931367,39.26668661841397],[-123.80109118547773,39.268125177431905],[-123.802036994278,39.26845596062629],[-123.80211140218664,39.26989452015057],[-123.80257501686962,39.26988008887323],[-123.80250059990742,39.26844152964041],[-123.80296420535488,39.268427096896026],[-123.80294559930586,39.26806745729688],[-123.80199979141518,39.26773668119099],[-123.80198119025667,39.267377041555],[-123.80244478909616,39.26736261078772],[-123.80240758279834,39.26664333182469],[-123.80333477087851,39.26661446530615],[-123.80337198622932,39.267333743977666],[-123.80383558452293,39.26731930793494],[-123.80381697449329,39.26695966864485],[-123.80474416600799,39.266930791429694],[-123.80476278056416,39.26729043057397],[-123.80522637831173,39.26727598925577],[-123.80565273789396,39.266542268236606],[-123.80657992342573,39.266513377099535],[-123.80615357326059,39.26724710134394],[-123.80568997587721,39.267261546179114],[-123.80570859514194,39.26762118523194],[-123.8061721947886,39.267606740323835],[-123.80620943839097,39.26832601844695],[-123.80713664619111,39.26829712306351],[-123.80717389957529,39.269016401112616],[-123.80810111570011,39.26898749840328],[-123.8081197471922,39.26934713736361],[-123.80951057680286,39.269303769891735],[-123.80949193852071,39.26894413115038],[-123.80995554576302,39.268929671882375],[-123.8104564386231,39.269634488101005],[-123.8095292152673,39.26966340868758],[-123.80954785391403,39.27002304753792],[-123.81049372515247,39.27035376556414],[-123.81051236869065,39.2707134043775],[-123.8114209568326,39.270324837651295],[-123.81145825314508,39.27104411504039],[-123.81006739177072,39.27108750471004],[-123.81004875031365,39.27072786576911],[-123.80773065569434,39.27080014634882],[-123.80774928583405,39.27115978565474],[-123.8086765287555,39.271130878552576],[-123.80869516360441,39.27149051776709],[-123.81008603341009,39.27144714370553],[-123.8101046752318,39.271806782755625],[-123.81103192538436,39.27177785777563],[-123.8106055891167,39.27251159926279],[-123.81106921862887,39.27249713574743],[-123.81108786552471,39.27285677481526],[-123.81016060179083,39.27288570023346],[-123.81017924434181,39.27324533950199],[-123.81110651260288,39.27321641393772],[-123.81160744569063,39.27392122678043],[-123.8106801687398,39.27395015615416],[-123.8106615235605,39.27359051684934],[-123.81019788707518,39.273604978825205],[-123.81021652999084,39.27396461820306],[-123.80975289105953,39.2739790784933],[-123.80977153189387,39.27433871799888],[-123.81069881410146,39.27430979551366],[-123.81071745964552,39.274669434927866],[-123.8102538163692,39.274683897122834],[-123.81029110347694,39.27540317626149],[-123.81075475128067,39.27538871392044],[-123.8107361053719,39.27502907439681],[-123.81166339590477,39.27500014458478],[-123.811682046341,39.275359783962315],[-123.81214569359754,39.27534531634524],[-123.81212704089764,39.274985677040775],[-123.81305433033597,39.274956736676785],[-123.81303567329108,39.27459709757317],[-123.81349931547285,39.27458262482629],[-123.81403760485632,39.276006706478725],[-123.81496490641703,39.27597775160677],[-123.8145385850428,39.27671150818335],[-123.81500224025942,39.27669702972179],[-123.81507691013519,39.2781355866095],[-123.8155405742246,39.27812110609666],[-123.81555924441393,39.278480745382566],[-123.81465057736877,39.27886934428276],[-123.81466924339543,39.27922898382467],[-123.81420557214906,39.27924346103942],[-123.81422423609432,39.27960310070935],[-123.813296888526,39.27963205000876],[-123.81337152802045,39.28107060982281],[-123.8142802290255,39.28068202004876],[-123.81426156453254,39.28032238021402],[-123.81472524257087,39.28030790277989],[-123.81522625865126,39.28101270301888],[-123.81568994085251,39.28099822192089],[-123.81570861250283,39.28135786164614],[-123.81617229678551,39.28134337871619],[-123.81619097088254,39.28170301842328],[-123.81665465724664,39.28168853366133],[-123.81667333379046,39.282048173350255],[-123.81713702223601,39.28203368675631],[-123.81715570122664,39.28239332642705],[-123.81669201051699,39.282407813094174],[-123.81672936451808,39.28312709274716],[-123.81580197349402,39.283156061097586],[-123.81582064624021,39.283515701153],[-123.81628434410777,39.28350121778406],[-123.81632169467656,39.28422049791383],[-123.81585799228053,39.284234981429115],[-123.81587666557469,39.28459462164984],[-123.816340370235,39.284580138061344],[-123.8163590459761,39.28493977826403],[-123.8158953390515,39.284954261925684],[-123.81593268655311,39.2856735426428],[-123.81500526309858,39.28570250498203],[-123.81550631862072,39.286407305776045],[-123.8150426022734,39.28642178621252],[-123.81509861240534,39.28750070847233],[-123.81463488908206,39.28751518736932],[-123.81465355722683,39.28787482830622],[-123.81418983145649,39.28788930551742],[-123.81415249987847,39.28717002355256],[-123.8132250568479,39.28719897240548],[-123.81365145213572,39.286465216968324],[-123.81318773505798,39.28647969036905],[-123.81316907443683,39.28612004943364],[-123.81270535944097,39.286134521002296],[-123.81272401779772,39.28649416201081],[-123.81226030035494,39.286508631893646],[-123.81227895662977,39.286868273030464],[-123.81274267633698,39.28685380307452],[-123.81279865304988,39.28793272659714],[-123.81233492654927,39.287947196772414],[-123.81231626972695,39.287587555469855],[-123.81138882070718,39.287616490397276],[-123.81096239616376,39.28835023832153],[-123.8104986666687,39.28836470153395],[-123.80999764580916,39.287659879596106],[-123.80953392047832,39.287674339144424],[-123.80949663455476,39.28695505582805],[-123.80858783074557,39.28734361113223],[-123.8085691924039,39.286983969355596],[-123.80810547105497,39.28699842348091],[-123.80812410713217,39.28735806533059],[-123.80766038333644,39.28737251776998],[-123.80764174952374,39.28701287584726],[-123.80671430591447,39.28704177530308],[-123.80675156466424,39.28776105949577],[-123.80628783805723,39.28777550673124],[-123.80728981983364,39.289185179258105],[-123.80775355513433,39.28917072821261],[-123.80773492041017,39.288811086013496],[-123.80958985073147,39.28875326453348],[-123.80960849451395,39.28911290644044],[-123.80914475994255,39.28912736452201],[-123.80920068559044,39.29020629079411],[-123.81014681491523,39.290537014488876],[-123.81016546187435,39.29089665659957],[-123.80970171616217,39.2909111168055],[-123.80972036103898,39.291270759044664],[-123.80879286453798,39.29129967432546],[-123.80921932783781,39.29056593299554],[-123.80829184003089,39.29059484446599],[-123.80834775427898,39.291673771840976],[-123.80881150506775,39.29165931676614],[-123.80883014577987,39.29201895926229],[-123.80836639272633,39.2920334144102],[-123.80844094833922,39.29347198524166],[-123.8075134235666,39.2935008908445],[-123.80753205839595,39.29386053383718],[-123.8070682934713,39.29387498407296],[-123.80704966090684,39.29351534100723],[-123.80658589806477,39.293529789410826],[-123.80662315884622,39.29424907574386],[-123.80569562355576,39.29427796756572],[-123.80571424969001,39.294637610961594],[-123.80756932860156,39.29457981998922],[-123.8075506934076,39.29422017688543],[-123.80801446041482,39.294205724817495],[-123.80805173551494,39.29492501093454],[-123.80944304903208,39.29488164373756],[-123.80940576034246,39.29416235805886],[-123.80986952662022,39.29414789895436],[-123.8099068198397,39.2948671844869],[-123.81037059046488,39.29485272347709],[-123.81031464411458,39.293773795480874],[-123.81124217122817,39.2937448686224],[-123.81127947767214,39.29446415360529],[-123.8121883552723,39.29407557704487],[-123.81222567114088,39.29479486184637],[-123.81131678484608,39.29518343881037],[-123.81135409275001,39.2959027242378],[-123.81089031569485,39.29591718898522],[-123.81085301232088,39.29519790341158],[-123.80992546672309,39.295226827336535],[-123.80994411378889,39.29558647024173],[-123.81040788894398,39.295572009085774],[-123.81044518815293,39.29629129491679],[-123.81090896765555,39.29627683185546],[-123.81094627212443,39.29699611776284],[-123.8104824880917,39.297010580970394],[-123.81050113833477,39.297370224080666],[-123.80910977834658,39.297413603367346],[-123.80860870913594,39.296708772861585],[-123.80814492645617,39.29672322720005],[-123.80816356519146,39.297082870620045],[-123.80723599475472,39.29711177416543],[-123.80721736054956,39.29675213059935],[-123.80628979391373,39.296781026961796],[-123.80632705344598,39.29750031444176],[-123.80493568853475,39.29754364622944],[-123.8048984425931,39.296824358311454],[-123.80395225596759,39.29649359306035],[-123.80393363798234,39.296133949094546],[-123.80346985801017,39.296148385694956],[-123.80345124247212,39.29578874171184],[-123.80205990825803,39.295832040739114],[-123.80207851700098,39.2961916849411],[-123.80161473630042,39.296206114504734],[-123.80159612982251,39.29584647022981],[-123.80020479342387,39.29588974814681],[-123.79977820927772,39.296623459789515]],[[-123.80164778732177,39.269908949669365],[-123.80166638749029,39.27026858975957],[-123.80213000461863,39.2702541601679],[-123.80211140218664,39.26989452015057],[-123.80164778732177,39.269908949669365]],[[-123.80298281158588,39.26878673654962],[-123.80344641911472,39.26877230197385],[-123.80342781062039,39.26841266239311],[-123.80296420535488,39.268427096896026],[-123.80298281158588,39.26878673654962]],[[-123.80290838775372,39.267348178261955],[-123.80292699343883,39.267707817752196],[-123.8033905941777,39.267693383395056],[-123.80337198622932,39.267333743977666],[-123.80290838775372,39.267348178261955]],[[-123.80908423969927,39.270037505266416],[-123.80910287626487,39.270397144244285],[-123.80956649274303,39.270382686442794],[-123.80954785391403,39.27002304753792],[-123.80908423969927,39.270037505266416]],[[-123.80982745549083,39.27541763684389],[-123.80984609705449,39.27577727656836],[-123.81030974730433,39.27576281591294],[-123.81029110347694,39.27540317626149],[-123.80982745549083,39.27541763684389]],[[-123.81216434647992,39.275704955704434],[-123.81309164497317,39.27567601504813],[-123.81307298756334,39.2753163758351],[-123.81214569359754,39.27534531634524],[-123.81216434647992,39.275704955704434]],[[-123.81170069695965,39.27571942339459],[-123.81171934776069,39.27607906288164],[-123.81218299954473,39.276064595118434],[-123.81216434647992,39.275704955704434],[-123.81170069695965,39.27571942339459]],[[-123.81311030256549,39.276035654315955],[-123.81357395380218,39.27602118127667],[-123.8135552939461,39.275661542081956],[-123.81309164497317,39.27567601504813],[-123.81311030256549,39.276035654315955]],[[-123.81264665114635,39.27605012559655],[-123.8126653066574,39.276409764992195],[-123.81312896034034,39.27639529363852],[-123.81311030256549,39.276035654315955],[-123.81264665114635,39.27605012559655]],[[-123.8140749296436,39.27672598488622],[-123.81409359231102,39.277085624172166],[-123.81455724997403,39.27707114739617],[-123.8145385850428,39.27671150818335],[-123.8140749296436,39.27672598488622]],[[-123.8136299344655,39.27710009918946],[-123.81370457790516,39.278538657173954],[-123.8141682448062,39.278524181864235],[-123.81409359231102,39.277085624172166],[-123.8136299344655,39.27710009918946]],[[-123.81327822910868,39.27927241019258],[-123.81281455731472,39.27928688213102],[-123.81283321446807,39.27964652202031],[-123.813296888526,39.27963205000876],[-123.81327822910868,39.27927241019258]],[[-123.81290784490636,39.28108508212677],[-123.81294516122054,39.281804362509845],[-123.81340884886279,39.28178989005968],[-123.81337152802045,39.28107060982281],[-123.81290784490636,39.28108508212677]],[[-123.81363278925016,39.286105576106046],[-123.8136141265472,39.285745935298976],[-123.81315041399824,39.285760408553436],[-123.81316907443683,39.28612004943364],[-123.81363278925016,39.286105576106046]],[[-123.81407783891358,39.28573146028557],[-123.8140591741288,39.28537181960683],[-123.81359546402678,39.28538629454708],[-123.8136141265472,39.285745935298976],[-123.81407783891358,39.28573146028557]],[[-123.8113701685963,39.28725684900377],[-123.8109064460772,39.28727131375593],[-123.8109250959236,39.287630955222525],[-123.81138882070718,39.287616490397276],[-123.8113701685963,39.28725684900377]],[[-123.80779082512954,39.28989001277691],[-123.8073270852996,39.289904463968455],[-123.80734571830601,39.29026410640664],[-123.80873694404282,39.290220747335795],[-123.80869966462448,39.28950146295294],[-123.80775355513433,39.28917072821261],[-123.80779082512954,39.28989001277691]],[[-123.80627116442103,39.2964213833053],[-123.80580738309477,39.29643582877471],[-123.80582601032245,39.296795472504236],[-123.80628979391373,39.296781026961796],[-123.80627116442103,39.2964213833053]],[[-123.80018619392305,39.29553010370875],[-123.79972241702458,39.2955445260898],[-123.79974101426033,39.29590417060074],[-123.80020479342387,39.29588974814681],[-123.80018619392305,39.29553010370875]],[[-123.80996276103713,39.29594611320254],[-123.80903520564966,39.29597503038313],[-123.80905384855029,39.2963346735457],[-123.8099814084678,39.29630575621896],[-123.80996276103713,39.29594611320254]],[[-123.80853414695821,39.29527020003021],[-123.80760659953643,39.295299106363494],[-123.80810764953263,39.29600394052698],[-123.80857142768232,39.29598948633465],[-123.80853414695821,39.29527020003021]],[[-123.80578875604937,39.29607618510086],[-123.80625253511056,39.29606173970448],[-123.80623390598237,39.29570209615927],[-123.80577012918617,39.29571654148265],[-123.80578875604937,39.29607618510086]],[[-123.80573287600652,39.294997254413005],[-123.80482395289614,39.29538578314325],[-123.8048425750471,39.29574542685189],[-123.80577012918617,39.29571654148265],[-123.80573287600652,39.294997254413005]],[[-123.80946169365052,39.29524128666025],[-123.80899792039557,39.295255744224804],[-123.80901656293142,39.29561538727618],[-123.80948033845137,39.295600929638546],[-123.80946169365052,39.29524128666025]],[[-123.8043229385929,39.29468093571973],[-123.8047867091408,39.29466649589285],[-123.8047680875364,39.29430685235099],[-123.80430431925345,39.294321292104904],[-123.8043229385929,39.29468093571973]],[[-123.80428570009614,39.29396164854564],[-123.80382193389597,39.29397608646744],[-123.80384055078837,39.29433573009968],[-123.80430431925345,39.294321292104904],[-123.80428570009614,39.29396164854564]],[[-123.80337678214109,39.294350166335285],[-123.80339539695068,39.29470981009606],[-123.80385916786285,39.29469537378748],[-123.80384055078837,39.29433573009968],[-123.80337678214109,39.294350166335285]],[[-123.80098352405432,39.29298374517985],[-123.80051976337434,39.29299817056892],[-123.8005383638663,39.29335781454507],[-123.80100212681116,39.29334338908312],[-123.80098352405432,39.29298374517985]],[[-123.80686334528737,39.28991891340096],[-123.80639960509289,39.289933361074425],[-123.80641823356999,39.290293003658654],[-123.80688197602912,39.290278555912174],[-123.80686334528737,39.28991891340096]],[[-123.80532313913383,39.28708511129457],[-123.80485941650927,39.28709955310712],[-123.80487803673509,39.28745919546777],[-123.80534176162416,39.28744475358224],[-123.80532313913383,39.28708511129457]],[[-123.80758584917928,39.28593395041057],[-123.80712213425905,39.28594840079893],[-123.80715939644425,39.28666768451421],[-123.8076231158933,39.28665323397981],[-123.80758584917928,39.28593395041057]],[[-123.80387612471583,39.28604950426707],[-123.80341240833822,39.28606394058391],[-123.80343102122431,39.28642358299769],[-123.80389473986634,39.28640914660793],[-123.80387612471583,39.28604950426707]],[[-123.81174062179326,39.28544417671896],[-123.81266804327505,39.285415239150865],[-123.81264938546585,39.285055598307885],[-123.81172196851276,39.28508453572978],[-123.81174062179326,39.28544417671896]],[[-123.81168466249913,39.28436525391689],[-123.81122095827749,39.284379719843315],[-123.81125825976251,39.285099001802365],[-123.81172196851276,39.28508453572978],[-123.81168466249913,39.28436525391689]],[[-123.8056937405351,39.28527245747795],[-123.80523002941482,39.285286900684596],[-123.8052486509943,39.2856465426962],[-123.80571236437898,39.28563209941657],[-123.8056937405351,39.28527245747795]],[[-123.81400318086999,39.28429289790146],[-123.81353947756085,39.284307372622315],[-123.81355813953361,39.284667013208775],[-123.81402184510702,39.284652538414775],[-123.81400318086999,39.28429289790146]],[[-123.81025625758872,39.28368936438861],[-123.81027490334661,39.284049005376474],[-123.81073860566883,39.28403454304091],[-123.81071995764667,39.28367490212612],[-123.81025625758872,39.28368936438861]],[[-123.81118365752221,39.28366043810474],[-123.81116500741824,39.283300797318134],[-123.81070130980692,39.28331526126641],[-123.81071995764667,39.28367490212612],[-123.81118365752221,39.28366043810474]],[[-123.81485591370419,39.28282538226592],[-123.81531960740867,39.282810902561],[-123.81530093729194,39.28245126254252],[-123.81483724585166,39.28246574217429],[-123.81485591370419,39.28282538226592]],[[-123.81481857818171,39.28210610213773],[-123.81435488882295,39.28212057993752],[-123.81437355422878,39.28248022004722],[-123.81483724585166,39.28246574217429],[-123.81481857818171,39.28210610213773]],[[-123.81014438687137,39.281531519617964],[-123.80968070021615,39.28154597968327],[-123.80971798519745,39.28226526119939],[-123.81018167638096,39.282250800988],[-123.81014438687137,39.281531519617964]],[[-123.81199913166837,39.281473661768494],[-123.81153544574275,39.281488128869086],[-123.81155409719874,39.2818477693074],[-123.81201778538848,39.281833302133705],[-123.81199913166837,39.281473661768494]],[[-123.81476257626744,39.281027182358066],[-123.814298893701,39.28104165993847],[-123.81431755855907,39.28140129988314],[-123.81478124338959,39.28138682222964],[-123.81476257626744,39.281027182358066]],[[-123.81242550599053,39.28073991248977],[-123.81196182477557,39.28075438120302],[-123.81198047813072,39.28111402145826],[-123.81244416160979,39.28109955267192],[-123.81242550599053,39.28073991248977]],[[-123.81057078003595,39.28079777678994],[-123.81010709809128,39.280812238467966],[-123.81012574239013,39.28117187901547],[-123.8105894265989,39.281157417264374],[-123.81057078003595,39.28079777678994]],[[-123.80964341596423,39.28082669838719],[-123.80917973365486,39.28084115654761],[-123.80919837342553,39.28120079724118],[-123.809662057999,39.28118633900773],[-123.80964341596423,39.28082669838719]],[[-123.80591532864548,39.28058267327411],[-123.80545164714223,39.280597117291066],[-123.80547026861798,39.28095675851364],[-123.80593395238533,39.28094231442373],[-123.80591532864548,39.28058267327411]],[[-123.8105334874572,39.28007849600592],[-123.81006981004064,39.28009295753785],[-123.81008845397477,39.28045259797543],[-123.81055213365538,39.28043813637044],[-123.8105334874572,39.28007849600592]],[[-123.80864150295972,39.27941705043236],[-123.80817782934184,39.27943150478308],[-123.80819646385525,39.279791145402896],[-123.80866013973711,39.27977669097916],[-123.80864150295972,39.27941705043236]],[[-123.81140489065903,39.278970647340124],[-123.8109412203992,39.27898511217043],[-123.81095986831421,39.279344752297106],[-123.81142354083799,39.279330287393734],[-123.81140489065903,39.278970647340124]],[[-123.80676817985557,39.27911521649877],[-123.80630450777275,39.2791296637414],[-123.80632313304794,39.27948930459824],[-123.80678680739474,39.27947485728262],[-123.80676817985557,39.27911521649877]],[[-123.81277724355553,39.27856760251719],[-123.81231357610697,39.27858207255068],[-123.81233223063137,39.278941712403224],[-123.81279590034389,39.27892724229665],[-123.81277724355553,39.27856760251719]],[[-123.80810329311088,39.27799294285294],[-123.80763962836654,39.27800739515289],[-123.80767689158965,39.2787266761542],[-123.80814056086182,39.278712223708254],[-123.80810329311088,39.27799294285294]],[[-123.8094942862502,39.277949575400626],[-123.80951292682627,39.27830921558181],[-123.80997659310535,39.278294756173864],[-123.80995795026533,39.27793511606574],[-123.8094942862502,39.277949575400626]],[[-123.81042161409816,39.2779206549721],[-123.81084798356012,39.27718691236017],[-123.80990202283938,39.27685619607041],[-123.80995795026533,39.27793511606574],[-123.81042161409816,39.2779206549721]],[[-123.80437535456412,39.27774887107861],[-123.80391169062646,39.27776330923566],[-123.80393030385338,39.27812295023765],[-123.80439397005497,39.27810851200769],[-123.80437535456412,39.27774887107861]],[[-123.81220165279198,39.27642423458718],[-123.81173799874415,39.276438702423455],[-123.81175664991005,39.27679834202005],[-123.81222030622168,39.2767838741107],[-123.81220165279198,39.27642423458718]],[[-123.80712007676372,39.2769429243846],[-123.80758373489866,39.27692847406235],[-123.80756510410714,39.2765688338085],[-123.80710144823605,39.27658328405775],[-123.80712007676372,39.2769429243846]],[[-123.80708281989058,39.27622364378573],[-123.80661916610111,39.2762380922033],[-123.80663779218278,39.27659773254832],[-123.80710144823605,39.27658328405775],[-123.80708281989058,39.27622364378573]],[[-123.80847378016571,39.27618028798078],[-123.80801012692291,39.27619474167445],[-123.80802875979602,39.27655438180054],[-123.80849241530261,39.276539928033856],[-123.80847378016571,39.27618028798078]],[[-123.81123704725692,39.27573388932604],[-123.81077339737179,39.27574835349883],[-123.8107920436453,39.276107993131994],[-123.8112556957942,39.27609352888618],[-123.81123704725692,39.27573388932604]],[[-123.80426366544262,39.2755910266555],[-123.80380001508802,39.275605464375005],[-123.80381862722265,39.27596510504809],[-123.80428227984105,39.27595066725567],[-123.80426366544262,39.2755910266555]],[[-123.80979017291054,39.27469835755916],[-123.80932652926958,39.274712816236814],[-123.80934516820484,39.27507245592485],[-123.80980881410954,39.275057997174166],[-123.80979017291054,39.27469835755916]],[[-123.80420782333977,39.274512105183426],[-123.80328053603094,39.274540978426316],[-123.80329914535572,39.274900619008065],[-123.804226437192,39.27487174561935],[-123.80420782333977,39.274512105183426]],[[-123.80509787370731,39.27376394448985],[-123.80463423503542,39.273778385362085],[-123.80465285078722,39.274138025615706],[-123.80511649172277,39.27412358467055],[-123.80509787370731,39.27376394448985]],[[-123.80550565245237,39.272670581863814],[-123.80554289210008,39.27338986180594],[-123.80600652814412,39.27337541748936],[-123.8059692839692,39.27265613769314],[-123.80550565245237,39.272670581863814]],[[-123.80643291530389,39.272641691763845],[-123.80641429122605,39.27228205202065],[-123.80595066215491,39.27229649787698],[-123.8059692839692,39.27265613769314],[-123.80643291530389,39.272641691763845]],[[-123.80459700407802,39.27305910501893],[-123.80413336975133,39.27307354398668],[-123.80415198287537,39.27343318420384],[-123.80461561946568,39.27341874516316],[-123.80459700407802,39.27305910501893]],[[-123.80320610055185,39.273102416646296],[-123.80274246567912,39.27311685033818],[-123.80276107201225,39.27347649077403],[-123.80322470914862,39.273462057009276],[-123.80320610055185,39.273102416646296]],[[-123.80828743882093,39.27258389046057],[-123.80782380821498,39.272598343424306],[-123.80784243926574,39.27295798300322],[-123.80830607213528,39.272943529966504],[-123.80828743882093,39.27258389046057]],[[-123.80732292039902,39.271893515489495],[-123.80685929395578,39.271907964790074],[-123.80687792011503,39.2722676044057],[-123.80734154882181,39.27225315503214],[-123.80732292039902,39.271893515489495]],[[-123.8063770436168,39.27156277269807],[-123.80591341907277,39.27157721840852],[-123.80593204052279,39.27193685811545],[-123.80639566733035,39.27192241233207],[-123.8063770436168,39.27156277269807]],[[-123.80313166798477,39.27166385574081],[-123.80266804216635,39.271678289141136],[-123.80268664777158,39.27203792935846],[-123.80315027585355,39.27202349588526],[-123.80313166798477,39.27166385574081]],[[-123.80448531557536,39.270901265300665],[-123.80355807390256,39.270930140602616],[-123.80405891907563,39.27163498366441],[-123.80452254434802,39.27162054498833],[-123.80448531557536,39.270901265300665]],[[-123.80587617671908,39.27085793915842],[-123.80541255651993,39.2708723829644],[-123.8054311753422,39.2712320226351],[-123.80589479780487,39.27121757875617],[-123.80587617671908,39.27085793915842]],[[-123.80261222644242,39.27059936881672],[-123.80214860723255,39.27061380023981],[-123.80216721002841,39.270973440366234],[-123.80263083150177,39.270959008870285],[-123.80261222644242,39.27059936881672]],[[-123.80352085491197,39.27021086084159],[-123.80305723832949,39.270225295708904],[-123.80307584547035,39.27058493563504],[-123.80353946431626,39.27057050069482],[-123.80352085491197,39.27021086084159]],[[-123.8081383788665,39.269706776378435],[-123.80767476636844,39.26972122875831],[-123.80769339596152,39.27008086790062],[-123.808157010723,39.27006641544776],[-123.8081383788665,39.269706776378435]],[[-123.7997933260433,39.269966650159034],[-123.79932971026908,39.26998107088504],[-123.79934829912038,39.27034071133943],[-123.79981191715805,39.27032629054059],[-123.7997933260433,39.269966650159034]],[[-123.8058016941971,39.26941938131283],[-123.80533808305165,39.26943382482707],[-123.80535670114558,39.26979346427962],[-123.80582031455444,39.26977902069245],[-123.8058016941971,39.26941938131283]],[[-123.80530084741004,39.26871454608548],[-123.80483724060927,39.26872898769533],[-123.80485585607568,39.26908862711181],[-123.80531946513982,39.269074185429005],[-123.80530084741004,39.26871454608548]]]},"properties":{"id":"cdfw-ds3091-7-30-10-2","source":"CDFW ds3091 predicted substrate","source_url":"https://tiledimageservices2.arcgis.com/Uq9r85Potqm3MfRV/arcgis/rest/services/biosds3091_cru/ImageServer","metadata_url":"https://filelib.wildlife.ca.gov/public/BDB/GIS/BIOS/metadata/ds3091.html","source_tile_sha256":"a2d18dd1bdd128343f1c226e9950bbac11f049f3fbc7e0011ef1da22a1e4625d","source_class":"Predicted hard (rugosity proxy)","display_resolution_m":40,"approx_area_m2":2995940,"fishing_target":false,"exportable":false,"depth_qualified":false,"fish_confirmed":false,"mpa_screened_at":"2026-09-23T20:44:08Z"}},{"type":"Feature","geometry":{"type":"Polygon","coordinates":[[[-123.79443363456417,39.26509021059566],[-123.79489722046894,39.265075808473334],[-123.7948786547126,39.264716168180556],[-123.79395148724785,39.264744970521335],[-123.79393292619936,39.26438533013746],[-123.79439650775939,39.26437092991899],[-123.7943408189137,39.26329200931122],[-123.79343222743158,39.26368044784726],[-123.79339511113128,39.26296116731414],[-123.79478582865437,39.262917967531074],[-123.7947115710756,39.261479407987906],[-123.7956572657277,39.26181023958138],[-123.79563869707941,39.2614505999223],[-123.79656582235691,39.26142178482326],[-123.79613940181302,39.26215547247881],[-123.79706653577911,39.262126653572146],[-123.79704796016034,39.26176701407709],[-123.79751152460796,39.26175260205896],[-123.79754868055306,39.26247188095773],[-123.79847581795511,39.26244305135531],[-123.79897655663346,39.26314791259557],[-123.79944012940616,39.263133493252845],[-123.79945871706677,39.2634931326009],[-123.79992229192075,39.26347871142698],[-123.79995947231342,39.264197990140325],[-123.7994958929333,39.26421241145984],[-123.79960742489563,39.26637024934005],[-123.79868023843213,39.26639908757742],[-123.79875457860335,39.26783764783402],[-123.79782737330663,39.26786647961977],[-123.79786453542944,39.26858576036582],[-123.7969558971597,39.26897422600891],[-123.7969744741486,39.269333866663686],[-123.79604724929132,39.2693626849634],[-123.79612154095608,39.270801248709844],[-123.7956579192011,39.27081565551287],[-123.79568703821518,39.271379561965595],[-123.79124736151233,39.26843969242547],[-123.79115547328921,39.2683847586286],[-123.79105697131017,39.26833721964688],[-123.79095284082129,39.268297550973074],[-123.7908441233606,39.26826614937923],[-123.790731906341,39.26824332894825],[-123.79061731217489,39.268229317932885],[-123.79050148704864,39.26822425647292],[-123.79038558945948,39.26822819519364],[-123.79027077862936,39.26824109469952],[-123.79015820291153,39.268262825968215],[-123.79004898830566,39.26829317164098],[-123.78994422719681,39.26833182819636],[-123.78984496742983,39.26837840898581],[-123.78975220182963,39.26843244810065],[-123.78966685827115,39.268493405031585],[-123.78958979039874,39.268560670074606],[-123.78952176908781,39.26863357042884],[-123.78950952015857,39.26864991930534],[-123.78950103317855,39.26848529081353],[-123.78855528039102,39.26815441060419],[-123.78898181137085,39.26742074747031],[-123.7885182095282,39.26743512716835],[-123.78846260459348,39.26635620242287],[-123.78892619964623,39.26634182294263],[-123.78890766276729,39.265982181542206],[-123.78844406997777,39.26599656094984],[-123.78840700129011,39.265277278166934],[-123.789334177635,39.26524851788358],[-123.78931563903666,39.26488887671884],[-123.78838846721816,39.26491763685701],[-123.78835139961805,39.26419835440016],[-123.7888149810916,39.2641839753555],[-123.78875937426146,39.26310505229522],[-123.78783222471166,39.26313380819062],[-123.78733159292942,39.26242890129637],[-123.78686802222762,39.262443274702925],[-123.78684949639465,39.262083633609556],[-123.78731306483347,39.26206926027555],[-123.78727600918506,39.261349978396545],[-123.78681244527223,39.26136435158545],[-123.78679391998277,39.26100471065469],[-123.78633035815173,39.26101908201267],[-123.78631183530635,39.26065944106352],[-123.7858482755571,39.260673810590596],[-123.78581123493555,39.25995452870972],[-123.78627479015897,39.259940159327705],[-123.78621922379637,39.258861237129885],[-123.78531064415958,39.25924961452397],[-123.78532916175477,39.25960925540164],[-123.78393850124341,39.259652347505174],[-123.78390147981122,39.25893306536896],[-123.78297438094994,39.25896178435644],[-123.78295587503099,39.258602143224486],[-123.78341942228928,39.25858778468238],[-123.78336389882986,39.25750886182841],[-123.78475451915388,39.25746577630469],[-123.78471749084285,39.25674649510711],[-123.7838089293983,39.25713486097466],[-123.78377191050012,39.256415579595156],[-123.78423544382001,39.25640121797137],[-123.78421693237975,39.25604157743506],[-123.78375340132251,39.256055938986364],[-123.78371638351027,39.25533665793069],[-123.78466194973407,39.25566757371569],[-123.78508844714075,39.25493392820755],[-123.78555197086706,39.25491956159906],[-123.78553345336312,39.25455992149601],[-123.78599697464583,39.25454555320183],[-123.78603401435993,39.25526483331683],[-123.78742459069682,39.25522171744989],[-123.78740606396147,39.25486207758304],[-123.78786958678225,39.25484770218352],[-123.78779547260238,39.25340914354526],[-123.78733195883169,39.25342351865461],[-123.78738753740728,39.254502437770114],[-123.78692401666792,39.25451681133889],[-123.78642345223263,39.25381190339512],[-123.78688696862807,39.25379753172959],[-123.78686844487983,39.25343789200577],[-123.78592289739062,39.253106993618566],[-123.78590437852951,39.25274735385735],[-123.78497735840803,39.25277608796249],[-123.78499587274422,39.25313572786868],[-123.78360533441698,39.25317881605763],[-123.78358682686813,39.252819175933986],[-123.78312331599288,39.25283353507484],[-123.78310481088748,39.25247389493259],[-123.78403182793213,39.252445175037636],[-123.7840133184828,39.25208553509412],[-123.78354981231338,39.2520998958482],[-123.78351279848245,39.2513806159776],[-123.78304929665683,39.25139497482862],[-123.7830122880744,39.250675695028185],[-123.78208529292978,39.25070440716607],[-123.78202979498681,39.249625487433796],[-123.78249328586267,39.24961113246121],[-123.78247478464787,39.24925149273029],[-123.78201129603423,39.24926584763045],[-123.78199279726252,39.24890620788078],[-123.78245628361393,39.24889185305307],[-123.78240078159746,39.24781293434331],[-123.7819373020326,39.24782728895374],[-123.78186331092473,39.24638873113496],[-123.78139984022745,39.24640308369771],[-123.78138134516466,39.24604344430453],[-123.78045440775173,39.24607214401121],[-123.78041742721675,39.2453528650959],[-123.78088089148956,39.24533851626635],[-123.78086239923122,39.24497887696139],[-123.78039893722041,39.24499322571855],[-123.78036195777004,39.2442739471243],[-123.7794165573238,39.24394299971355],[-123.77980606594926,39.24249009806676],[-123.77934261941029,39.24250444280141],[-123.77930565153781,39.241785164665814],[-123.77743340705152,39.2414828861695],[-123.77741493261409,39.24112324694578],[-123.77602461688707,39.24116624863959],[-123.77600614941548,39.24080660925231],[-123.77507927588489,39.24083526811421],[-123.77457891801764,39.24013031586006],[-123.77504235053026,39.24011598921046],[-123.77500542589758,39.23939671051994],[-123.78010312186217,39.23923900294672],[-123.78012160896648,39.239598641469875],[-123.78058503705006,39.2395842937984],[-123.78056654768412,39.23922465534761],[-123.78659106691283,39.23903797659699],[-123.78662810462792,39.23975725166862],[-123.78709153244054,39.23974287931502],[-123.78705449020224,39.23902360438836],[-123.79122529165653,39.23889417540912],[-123.79126237460363,39.2396134490301],[-123.79218922642431,39.23958466740849],[-123.79261555554608,39.23885100077549],[-123.79400581780374,39.23880781032167],[-123.79404292788979,39.23952708307143],[-123.79357950279545,39.239541481792415],[-123.793598055849,39.23990111831977],[-123.79498833737259,39.23985791666546],[-123.79500689739237,39.24021755302821],[-123.7959337553575,39.240188742990874],[-123.795970884988,39.24090801558553],[-123.79504401797627,39.24093682591349],[-123.79506257854038,39.2412964624361],[-123.79459914250063,39.241310865035956],[-123.79454346813763,39.2402319554101],[-123.79361660908388,39.24026075490043],[-123.7936908238373,39.241699301755965],[-123.79274539652756,39.241368457856794],[-123.79272684727191,39.24100882097102],[-123.79226341258692,39.24102321470897],[-123.79228195958088,39.24138285166734],[-123.79181852245287,39.24139724372004],[-123.79183706736642,39.241756880804346],[-123.79089164765298,39.24142602255181],[-123.79083602757028,39.24034711118335],[-123.7912994582758,39.24033272286413],[-123.79128091634908,39.239973085920454],[-123.79081748790522,39.239987474167116],[-123.79078040911881,39.23926820029448],[-123.7903169850169,39.23928258663817],[-123.7903540592801,39.24000186065592],[-123.78989063047375,39.2400162453869],[-123.79042820998113,39.24144040933089],[-123.7895013340938,39.24146917761545],[-123.78948280067011,39.24110954022162],[-123.78577530796875,39.24122454246486],[-123.78573827785213,39.24050526667701],[-123.78527484497313,39.24051963390206],[-123.7853118705663,39.24123890983485],[-123.78484843298287,39.241253275446965],[-123.78486694378921,39.24161291356584],[-123.78392155727315,39.241282001397586],[-123.78394006355597,39.24164163966136],[-123.78347662316796,39.2416560000723],[-123.78297617926125,39.24095108196145],[-123.78204930662778,39.240979793704234],[-123.78210479833521,39.24205870936464],[-123.78303168453924,39.24202999718736],[-123.78306868896232,39.24274927427145],[-123.78353213631665,39.24273491540111],[-123.78355064106135,39.243094553950854],[-123.78401409049661,39.243080193250144],[-123.78397707666443,39.24236091634897],[-123.78583085450128,39.24230345654669],[-123.78586788642805,39.24302273286815],[-123.78495950053549,39.24341110496074],[-123.78497801242767,39.24377074339997],[-123.78403259768409,39.243439831780826],[-123.78406961260187,39.24415910900254],[-123.78360615638097,39.244173469920575],[-123.78362466184934,39.24453310868405],[-123.78408812033219,39.24451874769356],[-123.78412513633566,39.2452380252361],[-123.78458859916148,39.245223662342724],[-123.78462562041274,39.24594293995436],[-123.7855710699906,39.24627384734497],[-123.78599750387409,39.24554020167641],[-123.78875975644736,39.245094317193896],[-123.78926028395352,39.245799212882275],[-123.78972374931136,39.24578483050617],[-123.78974228509071,39.24614446859461],[-123.78927881747084,39.24615885104326],[-123.78929735116937,39.246518489257774],[-123.78837041086202,39.246547249026236],[-123.78838894021763,39.246906887439415],[-123.78885241272397,39.24689250836164],[-123.78888947650289,39.247611785203645],[-123.79027990650718,39.24756863698688],[-123.78977935719304,39.24686374493207],[-123.79070630093722,39.24683497447048],[-123.79113268686282,39.24610131070071],[-123.79205962047116,39.24607252998151],[-123.79207816774185,39.24643216776053],[-123.79346857358033,39.24638898327902],[-123.79350568223796,39.24710825856198],[-123.7930422092824,39.2471226552924],[-123.79309786684313,39.24820156883652],[-123.79356134658497,39.2481871718882],[-123.79352423683889,39.24746789628379],[-123.79445118672986,39.247439097403635],[-123.79443262760479,39.247079459827134],[-123.79489610001603,39.24706505782268],[-123.7948589777862,39.246345782975666],[-123.7953224454919,39.246331379358566],[-123.7953038823872,39.24597174208805],[-123.79624938035886,39.24630256685045],[-123.79623081273016,39.245942929725295],[-123.79669427762934,39.24592852090695],[-123.79673141759228,39.246647795065414],[-123.79763978129769,39.246259334903414],[-123.79814040181228,39.246964194567724],[-123.79628651616088,39.2470218412614],[-123.79632365268903,39.247741115886605],[-123.79678712889839,39.24772670670476],[-123.79676855828147,39.247367069438084],[-123.79769550563131,39.24733824594582],[-123.79819613402175,39.24804310571336],[-123.79773265609508,39.248057520241936],[-123.79776980728533,39.24877679475248],[-123.79591587566563,39.24883443586829],[-123.79593444248451,39.24919407349484],[-123.79686141318186,39.249165256307634],[-123.79687998470664,39.24952489384244],[-123.79734347204514,39.24951048253904],[-123.79732489825814,39.24915084507693],[-123.79778838315286,39.24913643208821],[-123.79780695920205,39.24949606947758],[-123.79873393297092,39.2494672380805],[-123.79923458579938,39.25017209424818],[-123.79969807675404,39.25015767400899],[-123.79971666239706,39.25051731126841],[-123.80018015543226,39.25050288919838],[-123.80014297980347,39.249783614878766],[-123.80060646813247,39.24976919119621],[-123.80058787832851,39.249409554189704],[-123.80105136421358,39.249395128821895],[-123.80106995627973,39.2497547657556],[-123.80153344424518,39.24974033855693],[-123.8015706334473,39.2504596124398],[-123.80203412575538,39.250445183337455],[-123.80201552880119,39.25008554644199],[-123.80294250834741,39.25005668310873],[-123.80297971148653,39.25077595666208],[-123.8034432055113,39.250761522212706],[-123.80346180961592,39.25112115899711],[-123.8043701930151,39.25073264803968],[-123.80401834028446,39.25290490708077],[-123.8035548328677,39.25291934372533],[-123.8035734380638,39.25327898083232],[-123.80171939752827,39.25333671012056],[-123.8017379938566,39.25369634757272],[-123.80127448100568,39.25371077557222],[-123.80131166968292,39.25443005078364],[-123.8022387042528,39.25440119273521],[-123.80181238098828,39.255134897919824],[-123.80273942424446,39.25510603606372],[-123.80272082266377,39.2547463985418],[-123.80318434175653,39.25473196504932],[-123.80322154962485,39.25545124000138],[-123.80229450220739,39.25548010551952],[-123.80235030179878,39.25655901878905],[-123.80188677102949,39.25657344912931],[-123.80183097822582,39.25549453564131],[-123.80136745406242,39.25550896400489],[-123.80140464455786,39.25622823975527],[-123.80094111568751,39.256242666506274],[-123.80095970894537,39.25660230453517],[-123.80003264613399,39.25663115290813],[-123.8000698241446,39.25735042941908],[-123.7991241669847,39.25701963262224],[-123.79910558259557,39.256659994248174],[-123.79771498592504,39.25670324307151],[-123.79769640850549,39.25634360453318],[-123.79676934767542,39.25637242814543],[-123.79626867626939,39.25566755996297],[-123.79673220243166,39.25565315093964],[-123.79665791412334,39.2542145971751],[-123.7961943970112,39.25422900590757],[-123.7961758276506,39.25386936752845],[-123.79478528201233,39.253912582958705],[-123.79476671962067,39.25355294441533],[-123.79430320630735,39.25356734596973],[-123.79387680872745,39.254301023197286],[-123.7943403267472,39.254286623255695],[-123.79435888723935,39.25464626197947],[-123.7934504026419,39.25503469917283],[-123.7934689589719,39.25539433814976],[-123.79439600876812,39.255365539588745],[-123.79441456980474,39.255725178474236],[-123.7948780966932,39.255710776483745],[-123.79493378767988,39.25678969324587],[-123.79539732117468,39.25677528927907],[-123.79543445393212,39.25749456724497],[-123.79497091591196,39.257508971357154],[-123.79495235170518,39.257149332274516],[-123.79402527964568,39.25717813507876],[-123.7940438393271,39.25753777430678],[-123.79358030076246,39.2575521731442],[-123.79356174334372,39.25719253384351],[-123.79263467019541,39.25722132609824],[-123.79306109709252,39.2564876522653],[-123.792134032632,39.25651644071292],[-123.79205983337447,39.25507788360983],[-123.79159630992254,39.25509227490576],[-123.79163340466337,39.25581155349468],[-123.79070634816514,39.2558403311024],[-123.79072489128235,39.25619997062301],[-123.79026136049862,39.25621435686216],[-123.79076197806079,39.25691924982613],[-123.78937137158977,39.256962403704435],[-123.7893899084629,39.25732204360478],[-123.79031698415024,39.25729327596564],[-123.79035406749118,39.258012555637976],[-123.79081760958834,39.2579981690358],[-123.79083615379353,39.258357808880405],[-123.79129969797212,39.25834342044732],[-123.79135533846411,39.25942234008763],[-123.79181888924973,39.25940794967836],[-123.79185598834357,39.26012722956376],[-123.79231954347348,39.26011283725088],[-123.79237520026341,39.261191757267014],[-123.79191163834479,39.26120614979784],[-123.791930188708,39.261565789984196],[-123.79239375288957,39.261551397380714],[-123.7924494118566,39.262630318046995],[-123.79154081855988,39.263018742407354],[-123.79155936756707,39.26337838293746],[-123.79248651874177,39.26334959876232],[-123.7925236263527,39.26406887969468],[-123.79298720619407,39.26405448482417],[-123.79302431905704,39.26477376582837],[-123.79209715014035,39.264802554101635],[-123.79211570231772,39.26516219483056],[-123.79350646221008,39.26511900956496],[-123.79307998971257,39.2658526877421],[-123.79354358068827,39.265838290749755],[-123.79359925976686,39.26691721293473],[-123.7940628573508,39.26690281396582],[-123.79400717148248,39.26582389199894],[-123.79493435252627,39.26579508922191],[-123.79443363456417,39.26509021059566]],[[-123.78725748163265,39.26099033753834],[-123.7872389542614,39.2606306967343],[-123.78677539487444,39.260645069778086],[-123.78679391998277,39.26100471065469],[-123.78725748163265,39.26099033753834]],[[-123.7882589861919,39.25339476667777],[-123.7882404558374,39.25303512722543],[-123.78777694451034,39.25304950402037],[-123.78779547260238,39.25340914354526],[-123.7882589861919,39.25339476667777]],[[-123.78827751672762,39.25375440618396],[-123.78874103239842,39.25374002748573],[-123.78872249960025,39.25338038805209],[-123.7882589861919,39.25339476667777],[-123.78827751672762,39.25375440618396]],[[-123.7887595653778,39.254099666973254],[-123.78922308312993,39.25408528644427],[-123.7892601541574,39.254804565435755],[-123.78972367625332,39.254790183003415],[-123.7901501180904,39.254056520111774],[-123.78968660070079,39.25407090415712],[-123.7896680631964,39.253711264814754],[-123.78874103239842,39.25374002748573],[-123.7887595653778,39.254099666973254]],[[-123.78974221430148,39.255149822507455],[-123.79066926247465,39.255121052223025],[-123.79065071990136,39.25476141286419],[-123.78972367625332,39.254790183003415],[-123.78974221430148,39.255149822507455]],[[-123.78775841659946,39.25268986454928],[-123.78729490735365,39.252704239513534],[-123.78731343300211,39.25306387905716],[-123.78777694451034,39.25304950402037],[-123.78775841659946,39.25268986454928]],[[-123.77976909355316,39.24177082007587],[-123.77975060762618,39.24141118116049],[-123.77928716787262,39.241425525678046],[-123.77930565153781,39.241785164665814],[-123.77976909355316,39.24177082007587]],[[-123.79319028177555,39.240994425475215],[-123.79317173043958,39.24063478871539],[-123.7927082981976,39.240649184138576],[-123.79272684727191,39.24100882097102],[-123.79319028177555,39.240994425475215]],[[-123.78796252226068,39.247640541891364],[-123.78792546753014,39.2469212647592],[-123.7874619946615,39.246935640320956],[-123.78749904486787,39.24765491759818],[-123.78703556729393,39.247669291546984],[-123.78705409040664,39.24802893033853],[-123.78751757024273,39.248014556317194],[-123.78753609579873,39.24837419508982],[-123.78707261370047,39.248388569183675],[-123.78709113717542,39.24874820808248],[-123.78801810571511,39.248719457991676],[-123.78803663389557,39.24907909679905],[-123.78850012015587,39.249064719044014],[-123.78888947650289,39.247611785203645],[-123.78796252226068,39.247640541891364]],[[-123.78744346983001,39.24657600176271],[-123.78697999904233,39.24659037549396],[-123.78699852161175,39.246950014124714],[-123.7874619946615,39.246935640320956],[-123.78744346983001,39.24657600176271]],[[-123.7870170443623,39.24730965280907],[-123.78655356886935,39.24732402492733],[-123.78657208953886,39.24768366373776],[-123.78703556729393,39.247669291546984],[-123.7870170443623,39.24730965280907]],[[-123.78651652807355,39.24660474746719],[-123.78605305692369,39.246619117682414],[-123.78609009319534,39.24733839528756],[-123.78655356886935,39.24732402492733],[-123.78651652807355,39.24660474746719]],[[-123.79072484178435,39.24719461257443],[-123.79118831564662,39.247180224634036],[-123.7911697725374,39.24682058660268],[-123.79070630093722,39.24683497447048],[-123.79072484178435,39.24719461257443]],[[-123.7912624898965,39.2486187772953],[-123.79128103391223,39.248978415594664],[-123.79267148834302,39.24893524013628],[-123.79309786684313,39.24820156883652],[-123.7912624898965,39.2486187772953]],[[-123.80019874351926,39.25086252643871],[-123.80066223863496,39.250848102537816],[-123.8006436482857,39.25048846537024],[-123.80018015543226,39.25050288919838],[-123.80019874351926,39.25086252643871]],[[-123.79973524822181,39.25087694858153],[-123.79975383422827,39.251236585948384],[-123.800217331788,39.2512221637328],[-123.80019874351926,39.25086252643871],[-123.79973524822181,39.25087694858153]],[[-123.80084815212524,39.25444447717062],[-123.80086674447409,39.25480411492996],[-123.80133026429428,39.25478968847018],[-123.80131166968292,39.25443005078364],[-123.80084815212524,39.25444447717062]],[[-123.79300543380161,39.25540873479296],[-123.79302398805048,39.25576837389642],[-123.79348751548336,39.25575397718059],[-123.7934689589719,39.25539433814976],[-123.79300543380161,39.25540873479296]],[[-123.79352462905064,39.25647325540411],[-123.79350607217626,39.256113616265374],[-123.79304254248078,39.256128013053875],[-123.79306109709252,39.2564876522653],[-123.79352462905064,39.25647325540411]],[[-123.78935283489791,39.25660276385811],[-123.78842576753622,39.25663152417389],[-123.78838870374685,39.25591224435281],[-123.78792517431948,39.2559266217282],[-123.78794370386095,39.25628626168432],[-123.78701663993739,39.256315011305524],[-123.78699811492122,39.255955371204315],[-123.78653458495036,39.25596974330502],[-123.78707221607277,39.25739393193307],[-123.78798076348741,39.25700554175848],[-123.78799929357244,39.257365181876544],[-123.78846283205047,39.2573508042109],[-123.78844429970275,39.25699116416539],[-123.78937137158977,39.256962403704435],[-123.78935283489791,39.25660276385811]],[[-123.79089178749712,39.259436728738606],[-123.79091033242767,39.25979636879953],[-123.7913738856575,39.25978198007593],[-123.79135533846411,39.25942234008763],[-123.79089178749712,39.259436728738606]],[[-123.79087324274792,39.259077088731786],[-123.7904096938624,39.25909147555182],[-123.7904282363488,39.259451115631265],[-123.79089178749712,39.259436728738606],[-123.79087324274792,39.259077088731786]],[[-123.7949529188273,39.26615472967774],[-123.7954165113401,39.26614032557882],[-123.79539794277585,39.2657806851957],[-123.79493435252627,39.26579508922191],[-123.7949529188273,39.26615472967774]],[[-123.79586153284383,39.26576627941103],[-123.79584296219797,39.26540663915504],[-123.7953793743932,39.26542104486698],[-123.79539794277585,39.2657806851957],[-123.79586153284383,39.26576627941103]],[[-123.79174486761622,39.26697479122545],[-123.79128126912494,39.266989181401904],[-123.7913183667851,39.26770846385734],[-123.79224557263949,39.267679681455306],[-123.79218991284152,39.266600758289755],[-123.79172631679494,39.266615150152035],[-123.79174486761622,39.26697479122545]],[[-123.79170776615511,39.26625550913302],[-123.79124417219036,39.26626989916415],[-123.79126272056696,39.26662954025581],[-123.79172631679494,39.266615150152035],[-123.79170776615511,39.26625550913302]],[[-123.79122562399517,39.26591025812686],[-123.7907620321123,39.265924646326845],[-123.79078057804425,39.2662842874368],[-123.79124417219036,39.26626989916415],[-123.79122562399517,39.26591025812686]],[[-123.79079912415757,39.26664392860112],[-123.79033552756681,39.26665831518793],[-123.79037261581098,39.267377597825096],[-123.79083621692834,39.267363211092984],[-123.79079912415757,39.26664392860112]],[[-123.79165211532404,39.265176586402205],[-123.79118852814896,39.26519097621537],[-123.79120707598136,39.26555061714395],[-123.79167066541964,39.2655362272581],[-123.79165211532404,39.265176586402205]],[[-123.79116998049794,39.264831335341164],[-123.79163356540985,39.26481694560063],[-123.79161501567707,39.264457304853366],[-123.79207859814441,39.26444291342706],[-123.7920414946968,39.2637236322408],[-123.79113288574004,39.26411205375569],[-123.79116998049794,39.264831335341164]],[[-123.79111433863314,39.26375241304439],[-123.79065076032924,39.26376680080856],[-123.79066930517301,39.264126441592495],[-123.79113288574004,39.26411205375569],[-123.79111433863314,39.26375241304439]],[[-123.79015009722664,39.263061905264095],[-123.78924148645633,39.26345031260313],[-123.7892600243295,39.263809953550606],[-123.79065076032924,39.26376680080856],[-123.79015009722664,39.263061905264095]],[[-123.78927856238393,39.26416959455238],[-123.78929710061965,39.264529235608464],[-123.79068785019814,39.264486082430714],[-123.79066930517301,39.264126441592495],[-123.78927856238393,39.26416959455238]],[[-123.79669583839033,39.263939262557],[-123.79671441283597,39.26429890245024],[-123.79717799330643,39.26428449168124],[-123.79715941659772,39.263924851860736],[-123.79669583839033,39.263939262557]],[[-123.79762299462341,39.26391043940605],[-123.7976044158333,39.26355079971259],[-123.79714084007067,39.263565212094505],[-123.79715941659772,39.263924851860736],[-123.79762299462341,39.26391043940605]],[[-123.79105869840075,39.262673491236185],[-123.79198584088603,39.26264471086844],[-123.79196728997863,39.2622850705195],[-123.79057658276766,39.262328238215574],[-123.79052095150057,39.261249316840214],[-123.79005738885648,39.26126370233763],[-123.79013155518996,39.26270226457034],[-123.79107724496352,39.26303313178467],[-123.79105869840075,39.262673491236185]],[[-123.78874083901393,39.26274541138367],[-123.7892044112539,39.262731030870945],[-123.78918587392462,39.26237139008624],[-123.78872230394767,39.26238577052636],[-123.78874083901393,39.26274541138367]],[[-123.78866669983638,39.2613068482797],[-123.7877395729167,39.26133560344932],[-123.78777663309108,39.26205488518319],[-123.78872230394767,39.26238577052636],[-123.78866669983638,39.2613068482797]],[[-123.78913026302435,39.26129246805737],[-123.78911172642015,39.26093282748949],[-123.7886481654951,39.26094720763921],[-123.78866669983638,39.2613068482797],[-123.78913026302435,39.26129246805737]],[[-123.7904467790165,39.25981075576479],[-123.789983225424,39.25982514097175],[-123.78996468501913,39.2594655007656],[-123.78905611769513,39.259853906110685],[-123.78909318999722,39.26057318697573],[-123.79048386489588,39.26053003619421],[-123.7904467790165,39.25981075576479]],[[-123.7885554965074,39.25914900524893],[-123.78809194671553,39.25916338327743],[-123.78811047788774,39.25952302371983],[-123.78857402994248,39.25950864561875],[-123.7885554965074,39.25914900524893]],[[-123.78901904611807,39.25913462546211],[-123.78948259554747,39.25912024391698],[-123.78944552016982,39.25840096362995],[-123.788981975266,39.25841534502989],[-123.78901904611807,39.25913462546211]],[[-123.78896344011186,39.25805570489487],[-123.78849989728957,39.25807008446396],[-123.78851843018096,39.25842972467156],[-123.788981975266,39.25841534502989],[-123.78896344011186,39.25805570489487]],[[-123.78566307969324,39.257077403350074],[-123.78519954239107,39.257091770393615],[-123.78521805889983,39.257451410946906],[-123.78568159846472,39.25743704383084],[-123.78566307969324,39.257077403350074]],[[-123.79293121862035,39.25397017891803],[-123.79294977214353,39.25432981780591],[-123.7934132905262,39.254315421380696],[-123.79339473474052,39.25395578256545],[-123.79293121862035,39.25397017891803]],[[-123.79385825067925,39.253941384454706],[-123.79382113512727,39.253222107131116],[-123.79335762371346,39.25323650509653],[-123.79339473474052,39.25395578256545],[-123.79385825067925,39.253941384454706]],[[-123.79751064430047,39.25274722211481],[-123.79754779568837,39.25346649816755],[-123.79801130773076,39.25345208430604],[-123.79797415181801,39.25273280839878],[-123.79751064430047,39.25274722211481]],[[-123.79843765915392,39.25271839292461],[-123.79838191986009,39.251639479685416],[-123.79791841931127,39.25165389494137],[-123.79797415181801,39.25273280839878],[-123.79843765915392,39.25271839292461]],[[-123.79285700634173,39.252531623904915],[-123.7923934990899,39.252546018208776],[-123.79241204962506,39.252905656953935],[-123.79287555913925,39.25289126257745],[-123.79285700634173,39.252531623904915]],[[-123.79699141766874,39.2516827201789],[-123.79606441529982,39.251711538384],[-123.79610155202386,39.252430814550266],[-123.7965650578238,39.252416406181354],[-123.79699141766874,39.2516827201789]],[[-123.79929033648683,39.251251006405866],[-123.79882683856367,39.251265425105274],[-123.79886400207252,39.25198470029124],[-123.79932750452032,39.251970281446326],[-123.79929033648683,39.251251006405866]],[[-123.7863493673762,39.25237334453272],[-123.78727638188636,39.25234460002375],[-123.78725785660019,39.25198496058775],[-123.78633084661486,39.25201370495168],[-123.7863493673762,39.25237334453272]],[[-123.78631232603458,39.25165406542443],[-123.78584882303265,39.25166843489668],[-123.78586734135054,39.25202807449646],[-123.78633084661486,39.25201370495168],[-123.78631232603458,39.25165406542443]],[[-123.79695427262168,39.25096344451852],[-123.79649077605262,39.25097785435471],[-123.79650934622306,39.25133749223073],[-123.79697284505441,39.25132308232184],[-123.79695427262168,39.25096344451852]],[[-123.79554521690554,39.25064703078511],[-123.79508172205412,39.25066143527431],[-123.79511884863966,39.25138071140879],[-123.79604584721015,39.251351900381536],[-123.79554521690554,39.25064703078511]],[[-123.7923007491349,39.250747825289686],[-123.79183725301345,39.250762217472236],[-123.7918558003794,39.25112185602115],[-123.79231929876316,39.251107463765976],[-123.7923007491349,39.250747825289686]],[[-123.79369123641096,39.25070463819342],[-123.79415473180683,39.25069023897847],[-123.79413617331082,39.25033060084649],[-123.79506315903359,39.25030179728766],[-123.79504459619457,39.2499421593547],[-123.79550808652151,39.24992775501085],[-123.7954338279316,39.24848920410653],[-123.79497034665343,39.24850360815966],[-123.79493322297179,39.24778433288397],[-123.79586017629815,39.24775552331041],[-123.7958230442941,39.247036248539835],[-123.7940062689195,39.24781313542547],[-123.79402482614537,39.24817277318183],[-123.79448830552435,39.248158372717434],[-123.79452542504468,39.24887764824572],[-123.79361701256471,39.24926608569699],[-123.79369123641096,39.25070463819342]],[[-123.79589730902826,39.24847479829538],[-123.79587874257244,39.24811516077609],[-123.7954152637379,39.248129566514564],[-123.7954338279316,39.24848920410653],[-123.79589730902826,39.24847479829538]],[[-123.79359845705669,39.24890644770707],[-123.79313497279057,39.24892084480069],[-123.79315352603638,39.24928048286325],[-123.79361701256471,39.24926608569699],[-123.79359845705669,39.24890644770707]],[[-123.78442129042209,39.25099225329152],[-123.78534828828175,39.2509635234276],[-123.78573771692756,39.24951059842688],[-123.78482925023528,39.24989897064938],[-123.78481073752823,39.249539331227076],[-123.78434724755705,39.24955369499007],[-123.78442129042209,39.25099225329152]],[[-123.78432873729327,39.24919405554897],[-123.78386524940332,39.249208417481405],[-123.78388375740487,39.24956805699497],[-123.78434724755705,39.24955369499007],[-123.78432873729327,39.24919405554897]],[[-123.79875251372613,39.24982687537806],[-123.7982890246703,39.24984129202836],[-123.79830760334495,39.25020092945237],[-123.79877109466301,39.25018651272931],[-123.79875251372613,39.24982687537806]],[[-123.7912995781093,39.249338053947696],[-123.79083609067419,39.249352442323676],[-123.79085463279031,39.249712080802986],[-123.79131812248764,39.249697692354424],[-123.7912995781093,39.249338053947696]],[[-123.79035406338514,39.24900719044334],[-123.78989057784968,39.24902157523059],[-123.7899091152601,39.249381213801406],[-123.79037260305778,39.249366828941575],[-123.79035406338514,39.24900719044334]],[[-123.79120685893713,39.24753986271893],[-123.79124394606208,39.24825913904956],[-123.79170742652934,39.248244749133356],[-123.79167033488017,39.247525472947935],[-123.79120685893713,39.24753986271893]],[[-123.79213381064189,39.24751108141892],[-123.7921152628272,39.24715144347922],[-123.79165178932756,39.24716583493563],[-123.79167033488017,39.247525472947935],[-123.79213381064189,39.24751108141892]],[[-123.79076192402249,39.24791388894302],[-123.79029844545477,39.24792827527056],[-123.79031698458364,39.24828791360785],[-123.79078046541348,39.24827352720773],[-123.79076192402249,39.24791388894302]],[[-123.78879681841445,39.24581359350041],[-123.78833335269424,39.24582797236054],[-123.78835188168755,39.246187610666624],[-123.78881534966978,39.24617323173395],[-123.78879681841445,39.24581359350041]],[[-123.78364316749865,39.24489274750102],[-123.78317970657292,39.244907106806],[-123.7831982101412,39.2452667457489],[-123.78366167332888,39.245252386371476],[-123.78364316749865,39.24489274750102]],[[-123.78019555919104,39.24103719609535],[-123.78021404719904,39.24139683488502],[-123.78114092580249,39.241368137060455],[-123.78112243327098,39.24100849841555],[-123.78019555919104,39.24103719609535]],[[-123.78158587003979,39.24099414693883],[-123.78156737542736,39.24063450841964],[-123.78110394092027,39.24064885982396],[-123.78112243327098,39.24100849841555],[-123.78158587003979,39.24099414693883]],[[-123.78900083373559,39.240764284241536],[-123.78946426742763,39.24074990288114],[-123.78940866878727,39.23967099117944],[-123.7889452418802,39.239685372322214],[-123.78900083373559,39.240764284241536]],[[-123.78892671162403,39.23932573512234],[-123.78846328679742,39.23934011443474],[-123.78848181479196,39.239699751707164],[-123.7889452418802,39.239685372322214],[-123.78892671162403,39.23932573512234]],[[-123.7871285754031,39.24046215445473],[-123.78666514306715,39.240476526953344],[-123.78668366255836,39.24083616467565],[-123.787147097156,39.24082179210453],[-123.7871285754031,39.24046215445473]],[[-123.78386603951016,39.24020308692627],[-123.78293917664696,39.24023180541083],[-123.78295767786368,39.24059144365948],[-123.78388454525022,39.24056272503008],[-123.78386603951016,39.24020308692627]],[[-123.78106695676124,39.23992958280074],[-123.78060352659676,39.239943932302445],[-123.78062201632422,39.24030357085976],[-123.78108544875036,39.240289221285686],[-123.78106695676124,39.23992958280074]],[[-123.77780446583806,39.239670353459694],[-123.77687760732219,39.2396990259507],[-123.77691455040942,39.240418304169516],[-123.77830485148245,39.24037529236231],[-123.77780446583806,39.239670353459694]]]},"properties":{"id":"cdfw-ds3091-7-30-10-3","source":"CDFW ds3091 predicted substrate","source_url":"https://tiledimageservices2.arcgis.com/Uq9r85Potqm3MfRV/arcgis/rest/services/biosds3091_cru/ImageServer","metadata_url":"https://filelib.wildlife.ca.gov/public/BDB/GIS/BIOS/metadata/ds3091.html","source_tile_sha256":"a2d18dd1bdd128343f1c226e9950bbac11f049f3fbc7e0011ef1da22a1e4625d","source_class":"Predicted hard (rugosity proxy)","display_resolution_m":40,"approx_area_m2":2909265,"fishing_target":false,"exportable":false,"depth_qualified":false,"fish_confirmed":false,"mpa_screened_at":"2026-09-23T20:44:08Z"}},{"type":"Feature","geometry":{"type":"Polygon","coordinates":[[[-123.79400581780374,39.23880781032167],[-123.79398726303279,39.23844817402662],[-123.79445068116105,39.23843377376572],[-123.79443212430998,39.23807413759652],[-123.79396870844322,39.23808853778479],[-123.79395015403506,39.23772890159616],[-123.79441356764029,39.23771450148049],[-123.79437645484518,39.23699522940795],[-123.7934681882831,39.23738366374593],[-123.79344963649915,39.237024027591],[-123.79250427034798,39.23669318249603],[-123.79248572344954,39.23633354630217],[-123.79294912855308,39.23631915175023],[-123.79289348216153,39.235240243705086],[-123.79196668534136,39.235269030615676],[-123.79198522943453,39.2356286667228],[-123.7905950260607,39.235671834123536],[-123.790613563551,39.236031470501466],[-123.79015015980256,39.23604585619215],[-123.79013162457363,39.23568621974165],[-123.78966822290538,39.235700603602055],[-123.7896867558729,39.236060240125084],[-123.78875994747013,39.236089002717726],[-123.78874141902537,39.235729366049654],[-123.787351211847,39.23577249653807],[-123.78733269036748,39.235412859705576],[-123.78686928987392,39.23542723294708],[-123.78685077083684,39.23506759609519],[-123.78777756712017,39.23503884799943],[-123.78779609067998,39.23539848470632],[-123.78872289076173,39.23536972943467],[-123.78870436267924,39.23501009287278],[-123.79102134840687,39.234938174296204],[-123.79100280919889,39.23457853815008],[-123.79053941467703,39.234592925308256],[-123.79096573132658,39.2338592660169],[-123.792355900237,39.2338160944316],[-123.79233735478896,39.23345645866229],[-123.79326412863368,39.2334276689622],[-123.7932455788445,39.233068033391014],[-123.79463573146798,39.23302483587622],[-123.79461717507655,39.232665200575866],[-123.79508055666045,39.23265079796158],[-123.79506199818924,39.23229116278683],[-123.79413523936239,39.23231996611249],[-123.79363475684553,39.23161509451244],[-123.79317138150097,39.23162949163597],[-123.79274509976194,39.232363157918705],[-123.79228171953251,39.23237755167218],[-123.79226317480958,39.2320179161147],[-123.79087303981711,39.23206108661151],[-123.79085450205888,39.23170145088931],[-123.7913178783098,39.231687062553895],[-123.79174417036218,39.23095340146544],[-123.79267091291342,39.230924616296775],[-123.79265236665451,39.23056498102354],[-123.79311573539712,39.230550585875385],[-123.79307863890114,39.229831315632694],[-123.79261527468056,39.2298457106357],[-123.79263382057688,39.2302053458032],[-123.792170453914,39.23021973912119],[-123.79215191027869,39.22986010388112],[-123.79122518093122,39.22988888509919],[-123.79118810324829,39.22916961448736],[-123.79165146349068,39.22915522490221],[-123.79167000450249,39.22951486010917],[-123.79257818343173,39.22912644045925],[-123.79207773754997,39.22842156344913],[-123.79022431430565,39.2284791176942],[-123.79018724711601,39.22775984721462],[-123.78926054345045,39.22778861350178],[-123.78927907243289,39.22814824886022],[-123.78837088816277,39.22853664381844],[-123.78833383906043,39.22781737275881],[-123.7869437811175,39.22786049846279],[-123.78737009461159,39.227126853847146],[-123.78598004914791,39.22716996857117],[-123.78648042810781,39.2278748701824],[-123.78509036799298,39.22791797479588],[-123.78516440361537,39.229356519155296],[-123.78470104083807,39.229370884134404],[-123.78464552063284,39.22829197556836],[-123.7837188081014,39.228320699819385],[-123.78370030624997,39.22796106359148],[-123.78323695197392,39.22797542300825],[-123.78366330308965,39.227241791294],[-123.78273660340032,39.22727050808043],[-123.78279209484657,39.228349417040164],[-123.78186538086852,39.22837812723071],[-123.78188387385697,39.22873776380093],[-123.78142051433582,39.22875211633223],[-123.78145749633296,39.229471389775895],[-123.77960403835316,39.22952878290411],[-123.77962252057868,39.229888419994595],[-123.77869578598266,39.22991710615777],[-123.77867730827923,39.22955746892268],[-123.77775057748282,39.22958614791085],[-123.77773210448206,39.22922651058399],[-123.77680537748546,39.22925518239721],[-123.77678690918731,39.22889554497863],[-123.77586018599065,39.22892420961696],[-123.77535990163275,39.228219264187494],[-123.77443318639727,39.22824791799138],[-123.77441472994548,39.22788828037],[-123.77395137431809,39.227902604563354],[-123.77391446647755,39.227183329334515],[-123.77437781758307,39.22716900528557],[-123.77435936167244,39.2268093678225],[-123.77528605882048,39.22678071459648],[-123.77526759856853,39.22642107733061],[-123.7738775593585,39.22646405431668],[-123.77345111519165,39.22719765162591],[-123.77206106025191,39.227240607954776],[-123.7721163951519,39.22831952174362],[-123.77257975376165,39.22830520450832],[-123.77261664911846,39.22902448048718],[-123.77354337484104,39.22899584045505],[-123.77359873279502,39.23007475438647],[-123.7745070140086,39.229686469005124],[-123.77452547136247,39.23004610689066],[-123.77545220920823,39.230017452364386],[-123.77548913350164,39.2307367280052],[-123.7763974129108,39.23034842845711],[-123.7764343466096,39.231067703914654],[-123.77736109657813,39.23103903489384],[-123.77737956822062,39.23139867255743],[-123.77784294519518,39.231384335338284],[-123.77782447129155,39.231024697746996],[-123.77828784582441,39.231010358842504],[-123.77830632198918,39.23136999636148],[-123.77921459434828,39.23098167576063],[-123.77925155590302,39.23170095056228],[-123.77878817720911,39.23171529312666],[-123.77880665599629,39.23207493067919],[-123.77973341772584,39.2320462436481],[-123.77980735277077,39.23348479380935],[-123.78027074240946,39.23347044736795],[-123.78028922888369,39.23383008496844],[-123.7788990526417,39.2338731192366],[-123.7789175325127,39.2342327571071],[-123.77845413780939,39.23424709842008],[-123.77850957172225,39.235326012566965],[-123.77897297320962,39.235311671037],[-123.77899145380326,39.23567130911981],[-123.77806464612502,39.23569999056661],[-123.77810159880848,39.23641926718089],[-123.77763819017555,39.2364336054123],[-123.77765666452673,39.23679324387143],[-123.77672984219612,39.236821915205546],[-123.7767483122049,39.23718155386247],[-123.777211725722,39.237167219002],[-123.77723019817289,39.2375268576398],[-123.77817550634288,39.23785782104725],[-123.77823093889029,39.23893673700561],[-123.77776751442654,39.23895107574324],[-123.7777490389917,39.238591436964896],[-123.77682219404565,39.23862010902207],[-123.77684066495725,39.238979747945024],[-123.77591381476567,39.23900841311547],[-123.77593228133458,39.23936805223626],[-123.78612764344241,39.23905234704781],[-123.78609061097463,39.238333072044185],[-123.7856271918463,39.238347440592236],[-123.78559016462565,39.23762816565651],[-123.7851267498394,39.23764253230186],[-123.78510823876205,39.23728289484132],[-123.786961887775,39.237225418003185],[-123.78701744868818,39.23830432967468],[-123.78796281086714,39.23863521745919],[-123.78838917663053,39.23790156587743],[-123.7874623445264,39.23793031864869],[-123.78744382196052,39.23757068149736],[-123.78790723584159,39.23755630606312],[-123.7878887111953,39.23719666903748],[-123.7883521226338,39.23718229191799],[-123.7883706495416,39.23754192887111],[-123.78883406306048,39.23752754992131],[-123.7888155338912,39.23716791304071],[-123.78976088955481,39.2374987867484],[-123.7897238223515,39.236779513330454],[-123.79018723080398,39.23676512925244],[-123.79068771532441,39.23747001654439],[-123.79022430253022,39.23748440252528],[-123.79024283866515,39.23784403924147],[-123.7888525924109,39.23788718685511],[-123.7888896516552,39.23860646088227],[-123.7884262313517,39.23862084004964],[-123.788444758984,39.23898047721558],[-123.79122529165653,39.23889417540912],[-123.79120675045485,39.23853453867846],[-123.79167016967111,39.238520148964305],[-123.79168871313435,39.23887978562237],[-123.79400581780374,39.23880781032167]],[[-123.78425544047265,39.23875017345464],[-123.78379201835894,39.23876453504392],[-123.7837735135234,39.23840489720645],[-123.78423693337554,39.2383905356896],[-123.78425544047265,39.23875017345464]],[[-123.79350529239511,39.2381029362153],[-123.79304187616562,39.238117332888024],[-123.79302332628043,39.23775769655414],[-123.79348674024843,39.237743299954026],[-123.79350529239511,39.2381029362153]],[[-123.785163772537,39.238361807382496],[-123.78421842645935,39.23803089797779],[-123.78418141316973,39.237311622713754],[-123.7851267498394,39.23764253230186],[-123.785163772537,39.238361807382496]],[[-123.7916330832885,39.23780087580781],[-123.79116966859529,39.2378152653768],[-123.79113258746075,39.23709599228786],[-123.791595997631,39.23708160286401],[-123.79157745507416,39.23672196647185],[-123.79250427034798,39.23669318249603],[-123.79254136468874,39.23741245504316],[-123.79161454036912,39.23744123930933],[-123.7916330832885,39.23780087580781]],[[-123.78375500886875,39.238045259422215],[-123.78329159109728,39.23805961910883],[-123.78327308888508,39.237699981305354],[-123.78373650439504,39.23768562169116],[-123.78375500886875,39.238045259422215]],[[-123.78282817314494,39.23807397703764],[-123.78236475501171,39.238088333208665],[-123.7823462573226,39.23772869526038],[-123.78280967319427,39.23771433916176],[-123.78282817314494,39.23807397703764]],[[-123.78190133669769,39.23810268762189],[-123.78143791820283,39.238117040277324],[-123.78141942503679,39.23775740218424],[-123.78188284127009,39.2377430496012],[-123.78190133669769,39.23810268762189]],[[-123.78141942503679,39.23775740218424],[-123.78049259202784,39.23778610207692],[-123.78047410356562,39.23742646389231],[-123.78140093205153,39.237397764144355],[-123.78141942503679,39.23775740218424]],[[-123.78371800010218,39.237325984013296],[-123.78325458685374,39.237340343555076],[-123.78323608500328,39.23698070585795],[-123.78369949599023,39.23696634638861],[-123.78371800010218,39.237325984013296]],[[-123.785534625152,39.23654925365178],[-123.78507121715019,39.23656362007973],[-123.7850527066157,39.236203982778676],[-123.78551611235609,39.23618961642316],[-123.785534625152,39.23654925365178]],[[-123.78690632849124,39.23614650681015],[-123.78644292329386,39.2361608784389],[-123.78642440615609,39.23580124140833],[-123.78688780909206,39.23578686985206],[-123.78690632849124,39.23614650681015]],[[-123.78366248830899,39.2362470712987],[-123.78273567520007,39.236275788189964],[-123.78271717615364,39.23591615057989],[-123.78364398473971,39.23588743383345],[-123.78366248830899,39.2362470712987]],[[-123.78642440615609,39.23580124140833],[-123.7859610030391,39.23581561120687],[-123.78546057505413,39.23511070505597],[-123.78407037764275,39.23515379819726],[-123.78403336724763,39.234434523783236],[-123.78310657711422,39.234463243465804],[-123.78306957648789,39.23374396897434],[-123.78494164720864,39.23404616008729],[-123.78544206298209,39.234751068039756],[-123.78635033941514,39.234362693816976],[-123.78642440615609,39.23580124140833]],[[-123.78549759974113,39.23582997924766],[-123.78503419626217,39.235844345530715],[-123.78501568608958,39.23548470833586],[-123.78547908730714,39.23547034212527],[-123.78549759974113,39.23582997924766]],[[-123.78264318177624,39.23447760067052],[-123.78217978625742,39.234491956117544],[-123.78216129037645,39.234132318700496],[-123.78262468363395,39.23411796332587],[-123.78264318177624,39.23447760067052]],[[-123.79139203947472,39.23312560547018],[-123.79046526870233,39.23315438096378],[-123.79044673266165,39.23279474501017],[-123.79137349891165,39.23276596966166],[-123.79139203947472,39.23312560547018]],[[-123.7923002644367,39.23273718728257],[-123.79183688176481,39.23275157935093],[-123.79181833912178,39.232391943667984],[-123.79228171953251,39.23237755167218],[-123.7923002644367,39.23273718728257]],[[-123.78859319798754,39.23285227461529],[-123.7881298138662,39.23286665262243],[-123.78811128931267,39.23250701635917],[-123.78857467117281,39.23249263842456],[-123.78859319798754,39.23285227461529]],[[-123.78488611994777,39.23296724945773],[-123.78442273437841,39.23298161340355],[-123.78438572163154,39.232262339770585],[-123.7848491026785,39.23224797596964],[-123.78488611994777,39.23296724945773]],[[-123.79089157775658,39.232420722386664],[-123.78996481566655,39.23244949407477],[-123.78994628224942,39.23208985815454],[-123.79087303981711,39.23206108661151],[-123.79089157775658,39.232420722386664]],[[-123.78764790727143,39.232521392536164],[-123.78718452504917,39.23253576695547],[-123.78716600519904,39.232176130600195],[-123.78762938516016,39.23216175625337],[-123.78764790727143,39.232521392536164]],[[-123.78672114264583,39.232550139617146],[-123.78625776006152,39.23256451052114],[-123.78623924473376,39.23220487402092],[-123.7867026250569,39.23219050318938],[-123.78672114264583,39.232550139617146]],[[-123.7857943772962,39.23257887966749],[-123.7853309943499,39.232593247056194],[-123.78529397292013,39.231873973818914],[-123.78620221462124,39.23148560117937],[-123.78623924473376,39.23220487402092],[-123.78577586422962,39.23221924309482],[-123.7857943772962,39.23257887966749]],[[-123.78855614453916,39.232133002286744],[-123.78809276494019,39.23214738014888],[-123.78807424074881,39.23178774399155],[-123.78853761808664,39.231773366201935],[-123.78855614453916,39.232133002286744]],[[-123.78716600519904,39.232176130600195],[-123.7867026250569,39.23219050318938],[-123.78668410764901,39.231830866814605],[-123.78714748552997,39.231816494297895],[-123.78716600519904,39.232176130600195]],[[-123.78345895899494,39.23229106209951],[-123.78299557740532,39.23230542062749],[-123.78297707808679,39.23194578367323],[-123.78344045741521,39.23193142521767],[-123.78345895899494,39.23229106209951]],[[-123.79085450205888,39.23170145088931],[-123.78853761808664,39.231773366201935],[-123.78851909181519,39.23141373017002],[-123.78944584142529,39.2313849694629],[-123.788945410189,39.230680078935194],[-123.78987215039247,39.23065131500291],[-123.78990921595863,39.2313705864729],[-123.79083596448181,39.231341815220034],[-123.79085450205888,39.23170145088931]],[[-123.78483059431524,39.231888339305065],[-123.78436721552944,39.23190270303358],[-123.78434870960827,39.231543066349516],[-123.78481208613292,39.23152870269341],[-123.78483059431524,39.231888339305065]],[[-123.78851909181519,39.23141373017002],[-123.78759234148075,39.231442483846656],[-123.78757381991261,39.23108284772267],[-123.78850056572483,39.23105409419103],[-123.78851909181519,39.23141373017002]],[[-123.79128079881468,39.23096779141336],[-123.79035405517607,39.23099656603636],[-123.7903169854501,39.23027729481722],[-123.79078035283787,39.2302629085296],[-123.79128079881468,39.23096779141336]],[[-123.78757381991261,39.23108284772267],[-123.78711044673491,39.23109722185206],[-123.78709192760891,39.230737585708496],[-123.78755529852552,39.230723211651586],[-123.78757381991261,39.23108284772267]],[[-123.78848203981559,39.23069445826492],[-123.78755529852552,39.230723211651586],[-123.78753677731949,39.230363575633405],[-123.78844498854033,39.2299751865714],[-123.78848203981559,39.23069445826492]],[[-123.78753677731949,39.230363575633405],[-123.78659152332446,39.23003268573441],[-123.78655449086165,39.22931341367246],[-123.78749973545052,39.22964430375563],[-123.78753677731949,39.230363575633405]],[[-123.77873274193136,39.23063638078663],[-123.77780599756852,39.23066506020862],[-123.77776905066415,39.22994578529057],[-123.7782324184137,39.229931446602976],[-123.77873274193136,39.23063638078663]],[[-123.79029845085886,39.22991765928694],[-123.78890835439164,39.229960807386654],[-123.78887129931869,39.22924153604956],[-123.7893346604669,39.22922715525225],[-123.78935319017381,39.22958679082188],[-123.79027991644881,39.22955802380952],[-123.79029845085886,39.22991765928694]],[[-123.78842646317433,39.22961555080392],[-123.78796309940294,39.22962992815857],[-123.78794457647902,39.229270292371446],[-123.78840793798939,39.22925591508928],[-123.78842646317433,39.22961555080392]],[[-123.7837928173156,39.22975924525904],[-123.78286608597286,39.229787963059],[-123.78284758792006,39.229428326475066],[-123.78377431474077,39.22939960881989],[-123.7837928173156,39.22975924525904]],[[-123.78887129931869,39.22924153604956],[-123.78840793798939,39.22925591508928],[-123.78838941298557,39.22889627942745],[-123.78885277205387,39.22888190046023],[-123.78887129931869,39.22924153604956]],[[-123.78609112862718,39.22932778392431],[-123.78562776621172,39.22934215241858],[-123.78559074351676,39.228622880278145],[-123.78605410141023,39.22860851192875],[-123.78609112862718,39.22932778392431]],[[-123.78792605373613,39.22891065663712],[-123.7874626943057,39.22892503208922],[-123.78744417400482,39.228565396335235],[-123.78790753117431,39.22855102095562],[-123.78792605373613,39.22891065663712]],[[-123.7837558123468,39.22903997243357],[-123.78329245128786,39.22905433206754],[-123.78327395133572,39.228694695661645],[-123.78373731013367,39.22868033610006],[-123.7837558123468,39.22903997243357]],[[-123.78236572862752,39.229083046062755],[-123.78190236702616,39.22909740042399],[-123.78188387385697,39.22873776380093],[-123.78234723319733,39.22872340951207],[-123.78236572862752,39.229083046062755]],[[-123.78976095804163,39.22849350186159],[-123.78929760159645,39.22850788427144],[-123.78927907243289,39.22814824886022],[-123.78974242661714,39.2281338665229],[-123.78976095804163,39.22849350186159]],[[-123.78698081665428,39.22857976995731],[-123.78605410141023,39.22860851192875],[-123.78603558807322,39.22824887601022],[-123.78696229879539,39.228220134183665],[-123.78698081665428,39.22857976995731]],[[-123.78327395133572,39.228694695661645],[-123.78281059235694,39.228709053465636],[-123.78279209484657,39.228349417040164],[-123.7832554515644,39.22833505930855],[-123.78327395133572,39.228694695661645]]]},"properties":{"id":"cdfw-ds3091-7-31-10-1","source":"CDFW ds3091 predicted substrate","source_url":"https://tiledimageservices2.arcgis.com/Uq9r85Potqm3MfRV/arcgis/rest/services/biosds3091_cru/ImageServer","metadata_url":"https://filelib.wildlife.ca.gov/public/BDB/GIS/BIOS/metadata/ds3091.html","source_tile_sha256":"7b0f09ed60e6c42982c19a1f35ddaba6a05c1128bef23b74e5f28a885f512962","source_class":"Predicted hard (rugosity proxy)","display_resolution_m":40,"approx_area_m2":1323200,"fishing_target":false,"exportable":false,"depth_qualified":false,"fish_confirmed":false,"mpa_screened_at":"2026-09-23T20:44:08Z"}},{"type":"Feature","geometry":{"type":"Polygon","coordinates":[[[-123.77956707444406,39.228809508881696],[-123.77954859276052,39.228449871949735],[-123.78047530854582,39.228421179334816],[-123.78043833667687,39.22770190591859],[-123.77997498339643,39.22771625296016],[-123.7799564999939,39.2273566162589],[-123.78088320185226,39.227327920562885],[-123.78086471410863,39.226968284059026],[-123.78132806250588,39.22695393364707],[-123.78129108303902,39.22623466094226],[-123.78175442673383,39.22622030891748],[-123.78177291863774,39.22657994517116],[-123.7826996100068,39.22655123570435],[-123.78268111358125,39.22619159959541],[-123.78360779970549,39.226162883243326],[-123.78403413662282,39.22542925080555],[-123.78449747471127,39.22541488838057],[-123.78453448510639,39.2261341598612],[-123.78546116978379,39.22610542944908],[-123.7854796797743,39.22646506512359],[-123.78594302410245,39.22645069720885],[-123.78636933940636,39.22571705653004],[-123.78729601811466,39.22568831220283],[-123.78731453696737,39.226047947534866],[-123.78916790125483,39.2259904375007],[-123.78966830273053,39.22669532569569],[-123.79013164769019,39.22668094189089],[-123.79009458231205,39.22596167193868],[-123.79103979976477,39.22629253415139],[-123.79100272570584,39.22557326459467],[-123.79192940079226,39.22554448511782],[-123.79194794225263,39.22590411972475],[-123.79241128178478,39.225889727277576],[-123.79239273806363,39.22553009274318],[-123.79331941206262,39.22550130272149],[-123.79281898373377,39.22479642984541],[-123.79328231612119,39.22478203410097],[-123.79370854858975,39.22404836833422],[-123.79417187609324,39.224033969220045],[-123.79419042813204,39.22439360325357],[-123.79558041633645,39.22435039514865],[-123.79559897533858,39.22471002901697],[-123.79654420146082,39.225040848456885],[-123.7965256377559,39.224681214681205],[-123.79745229944747,39.224652393315665],[-123.79741516353938,39.2239331262127],[-123.79787848959165,39.22391871303908],[-123.79785991964924,39.22355907963914],[-123.79693327188441,39.22358790408366],[-123.79691470664467,39.223228270591],[-123.79923131339244,39.2231561966624],[-123.79919416085177,39.22243693056132],[-123.79965747713563,39.22242251064877],[-123.80008363238147,39.221688823378585],[-123.79962032080017,39.221703244903146],[-123.799583165191,39.2209839793675],[-123.79726662716601,39.22105605990309],[-123.79721092902014,39.21997716090306],[-123.79630288744863,39.22036561347285],[-123.79628432610227,39.22000598038001],[-123.79582102437122,39.220020387482506],[-123.79532060935169,39.219315526508765],[-123.79441256596637,39.21970396491509],[-123.79439401402423,39.219344331636684],[-123.79346741797153,39.21937312973531],[-123.79344887073138,39.219013496364155],[-123.79254082119373,39.219401920804664],[-123.79257790717628,39.220121187994444],[-123.79118799708812,39.22016436185373],[-123.79120653356998,39.22052399574485],[-123.79074322758446,39.220538383589115],[-123.79068762546362,39.21945948185544],[-123.79022432607817,39.21947386772481],[-123.7902799214178,39.220552769676026],[-123.78981661507004,39.22056715400557],[-123.78983514495168,39.22092678816671],[-123.78890852719195,39.220955551698715],[-123.78892705273374,39.22131518605732],[-123.78939036396466,39.2213008050975],[-123.78896410436055,39.22203445493193],[-123.7880374723135,39.222063211869326],[-123.78801895093062,39.221703577260804],[-123.78755563689612,39.22171795302095],[-123.78753711795476,39.22135831839247],[-123.78846374132179,39.22132956525974],[-123.78844521804048,39.22096993082867],[-123.78751859919443,39.220998683816475],[-123.78750008061508,39.22063904929296],[-123.7884266949402,39.22061029645009],[-123.78885295165287,39.21987664893776],[-123.78609164615304,39.2203225306887],[-123.78612866956797,39.2210418001179],[-123.78659197962442,39.22102742977481],[-123.7861656937066,39.22176106975702],[-123.78570237894819,39.22177543848761],[-123.78568386904895,39.221415803569386],[-123.78292248659946,39.22186161396581],[-123.78290399026339,39.2215019786132],[-123.78151404842984,39.22154504241034],[-123.78149555905614,39.22118540689315],[-123.78288549410811,39.221142343313076],[-123.7828669981336,39.22078270806545],[-123.78333030719557,39.220768350096336],[-123.78334880543058,39.221127985271615],[-123.78381211657226,39.22111362547276],[-123.78379361607676,39.220753990369886],[-123.78425692477713,39.22073962888605],[-123.78427542753313,39.22109926391655],[-123.78520204891232,39.22107053553197],[-123.78514652762405,39.21999163103233],[-123.7846832238063,39.22000599588609],[-123.78466471933237,39.21964636108535],[-123.78373811567512,39.219675085376046],[-123.78371961590287,39.21931545048297],[-123.78325631606343,39.21932980991991],[-123.78327481357528,39.219689444885354],[-123.78188490619112,39.219732512869264],[-123.78138462660854,39.21902759489191],[-123.77999473061836,39.21907064135368],[-123.78001321212668,39.219430276773075],[-123.77910508654402,39.21981860138861],[-123.77906813238839,39.21909933020818],[-123.7781415334361,39.21912801203334],[-123.77816000590282,39.219487647741914],[-123.77769670389543,39.21950198609075],[-123.77767823368916,39.219142350309916],[-123.77628833336527,39.21918535459558],[-123.7762698701207,39.218825718650386],[-123.77532481497992,39.21849474320577],[-123.77528789843439,39.21777547128847],[-123.77482460664618,39.21778979873214],[-123.77480615090433,39.21743016277982],[-123.77341628123847,39.21747313435035],[-123.7733978324579,39.21711349823382],[-123.77154467942053,39.21717076877028],[-123.77100764259647,39.21574653662513],[-123.77286076019065,39.215689274272215],[-123.77287920598981,39.21604891025169],[-123.77334248719797,39.21603459019812],[-123.773842669406,39.21673954021442],[-123.77476923996171,39.21671089103221],[-123.77478769534285,39.21707052687985],[-123.77525098261044,39.217056199580604],[-123.77575119004221,39.2177611420875],[-123.7766777727166,39.21773247841361],[-123.77669623768018,39.218092114129405],[-123.7776228241534,39.21806344328181],[-123.77764129381814,39.218423078905445],[-123.77810458904435,39.218408740773405],[-123.77806764537468,39.217689469723005],[-123.7785309358997,39.217675129978204],[-123.7790311789551,39.218380059237354],[-123.77949447363964,39.218365715833365],[-123.77947599493353,39.21800608049883],[-123.78132916282415,39.217948689598906],[-123.78134765057159,39.218308324644184],[-123.78227423795353,39.21827961850569],[-123.78229273040236,39.218639253458676],[-123.7827560260826,39.21862489768111],[-123.7827375313734,39.218265262800486],[-123.78320082461256,39.21825090533795],[-123.78318232782381,39.21789127058208],[-123.78409040811056,39.21750291597105],[-123.78412741054848,39.218222185141],[-123.78459070324521,39.218207822406555],[-123.78460920699573,39.21856745699767],[-123.78553579636734,39.218538726112044],[-123.78555430481941,39.21889836061075],[-123.78694419430114,39.218855250885184],[-123.78696270971518,39.219214885219],[-123.787889306319,39.219186136470455],[-123.78787078638422,39.21882650228157],[-123.78877885346886,39.218438112657054],[-123.78876032937546,39.218078478717835],[-123.78829703830708,39.21809285726799],[-123.788278516655,39.21773322330868],[-123.7887418054631,39.217718844830955],[-123.78872328173178,39.21735921099642],[-123.78825999518395,39.21737358940166],[-123.78822295278485,39.21665432174461],[-123.78914951665857,39.216625563466714],[-123.78916804228804,39.21698519712415],[-123.78963132621357,39.216970815276824],[-123.78961279832386,39.21661118169187],[-123.79007607980809,39.21659679815976],[-123.790094609958,39.21695643167222],[-123.79148446010464,39.21691327031489],[-123.79146592317412,39.216553637019935],[-123.79239248451235,39.21652485414042],[-123.7923554021541,39.21580558799746],[-123.790965573436,39.2158487592457],[-123.79094703930907,39.21548912603505],[-123.79141031346948,39.215474737448694],[-123.79183651069783,39.21474108113057],[-123.79368958672208,39.21468350276438],[-123.79363394583403,39.21360460506448],[-123.79317068387992,39.21361900207418],[-123.79318922840133,39.21397863466121],[-123.79272596400597,39.21399302998627],[-123.79222561960786,39.21328815814214],[-123.79131763425143,39.213676572541196],[-123.79126202889428,39.21259767422275],[-123.79079877281421,39.21261206222902],[-123.79078024031736,39.21225242948796],[-123.79031698631613,39.21226681566459],[-123.790354046971,39.21298608134382],[-123.78896427032113,39.21302922976566],[-123.788927223226,39.21230996365158],[-123.78800071359413,39.212338720190466],[-123.78803775164938,39.21305798659434],[-123.78711123225371,39.213086736394324],[-123.78761152630118,39.21379162913026],[-123.78670351038446,39.21418000930737],[-123.78620322239337,39.213475112735466],[-123.78666648480353,39.213460742156],[-123.78662945994628,39.21274147521324],[-123.78709271765557,39.21272710302144],[-123.78707420323833,39.212367469700716],[-123.78614769215883,39.212396212182306],[-123.78612918244244,39.21203657876886],[-123.78520267515928,39.21206531407702],[-123.78518417014362,39.211705680570844],[-123.7847209184907,39.211720045516806],[-123.78477642730036,39.21279894640877],[-123.78384990989235,39.21282767146349],[-123.78427616715278,39.21209404235656],[-123.78334965842308,39.21212276360748],[-123.78336815457976,39.2124823974552],[-123.78290489768382,39.212496755517286],[-123.78292339176126,39.212856389489495],[-123.78201536264538,39.213244734655845],[-123.78199687290721,39.212885100486794],[-123.78153361320915,39.2128994533497],[-123.7810333834361,39.21219453598446],[-123.77964361627605,39.212237578324675],[-123.77962513837973,39.21187794395049],[-123.77775365333561,39.21157567423691],[-123.77771671652512,39.21085640517093],[-123.77910645873274,39.210813384783826],[-123.77912493382743,39.21117301907402],[-123.78144117852844,39.21110128292473],[-123.78145966510324,39.21146091690553],[-123.78192291576148,39.21144656433192],[-123.78190442692676,39.21108693042346],[-123.78283092318135,39.211058220149496],[-123.78284941653588,39.2114178539133],[-123.783312666652,39.21140349606827],[-123.78329417103757,39.21104386237681],[-123.78422066620774,39.21101514156006],[-123.78423916634198,39.211374775106805],[-123.78516566530878,39.21134604711677],[-123.78514716065479,39.210986413714785],[-123.78607365437851,39.210957678841],[-123.78605514538563,39.21059804563581],[-123.78651838971632,39.21058367563563],[-123.78694460738369,39.20985003791374],[-123.78648136775354,39.20986440952622],[-123.78642583616599,39.208785510752094],[-123.78596260313425,39.20879988039028],[-123.78594409522657,39.208440247497116],[-123.78501763313997,39.208468981357484],[-123.78499912993256,39.208109348371494],[-123.78409117033013,39.20849770818957],[-123.78407267164214,39.208138075058855],[-123.78360944222578,39.20815243576695],[-123.78357244991146,39.20743316951663],[-123.78266449112272,39.20782151861615],[-123.78271996684921,39.2089004186594],[-123.78225673237121,39.20891477424094],[-123.78221975289232,39.20819550734884],[-123.78129329243323,39.20822421295144],[-123.78131177756288,39.208583846516156],[-123.78038531186179,39.20861254523509],[-123.78040379265258,39.208972178996326],[-123.77994055727137,39.20898652579246],[-123.77944036934763,39.208281603071875],[-123.78036683125161,39.20825291152581],[-123.78034835082201,39.20789327786847],[-123.78081157924342,39.207878929532114],[-123.78123783812805,39.20714531256899],[-123.77938494215876,39.207202701822006],[-123.77932951659476,39.2061238010393],[-123.77886629892993,39.20613814374317],[-123.77890324460616,39.206857411024274],[-123.7784400222416,39.206871752115624],[-123.77842155157283,39.20651211837687],[-123.77795833128742,39.206526457638944],[-123.77792139501062,39.20580719017261],[-123.77745817906391,39.20582152753319],[-123.77695803642011,39.20511659558892],[-123.77788445945566,39.20508792291367],[-123.77838461077684,39.205792851055016],[-123.77977425699251,39.205749823160176],[-123.77971882681622,39.20467092321647],[-123.78018203508176,39.20465657728765],[-123.78068220547516,39.205361495890074],[-123.78114541789861,39.20534714630272],[-123.78110845107113,39.20462788015906],[-123.78157165879492,39.2046135289593],[-123.78162711608564,39.20569242803561],[-123.78301675850886,39.20564936324362],[-123.7834429825045,39.204915739274824],[-123.78436940048357,39.20488701740388],[-123.78438789980426,39.20524664999535],[-123.78577753219562,39.205203553794505],[-123.785740520178,39.20448428909756],[-123.78620372609448,39.204469920328066],[-123.78624074263112,39.20518918488025],[-123.78670395288573,39.205174814208995],[-123.78668544226751,39.204815181979384],[-123.78761185771509,39.20478643551076],[-123.78763037285236,39.20514606759555],[-123.78809358256429,39.20513169165335],[-123.78851975296378,39.204398050126116],[-123.78805654795174,39.204412427680424],[-123.78751928474264,39.20298827586344],[-123.78661140160324,39.20337665357881],[-123.78659289188936,39.20301702160806],[-123.78564799329833,39.202686128261114],[-123.78607417391292,39.20195249602571],[-123.78561098381218,39.20196686428857],[-123.78559247934034,39.2016072323798],[-123.78468460306831,39.20199559554353],[-123.7846476033426,39.201276331488245],[-123.78372123091292,39.20130505542623],[-123.7836842409473,39.20058579128817],[-123.78229469450302,39.20062886358455],[-123.78225771881556,39.19990959921908],[-123.78133136265306,39.19993830500977],[-123.781349845888,39.20029793731128],[-123.77951559673765,39.200714960741514],[-123.77955254603633,39.20143422618079],[-123.77908935792493,39.20144856970234],[-123.77905241314484,39.200729304118596],[-123.77858922937153,39.20074364573877],[-123.77808911039666,39.20003871993592],[-123.77718121388666,39.200427027054666],[-123.7771258257223,39.1993481283544],[-123.77758900099998,39.199333792293714],[-123.77760746580026,39.19969342507001],[-123.7785338203328,39.19966474753362],[-123.77851535101415,39.19930511490177],[-123.77897852575053,39.19929077357052],[-123.77899699732839,39.19965040613014],[-123.77992335077812,39.199621718052605],[-123.77990487468189,39.19926208563746],[-123.77944170030648,39.19927643048241],[-123.77942322664994,39.19891679804662],[-123.77849688187595,39.198945482321506],[-123.7779967760015,39.198240556673326],[-123.7756809325985,39.1983122271096],[-123.77566247755635,39.19795259425078],[-123.774736143451,39.197981249983144],[-123.77471769310738,39.19762161703153],[-123.77379136279917,39.19765026559231],[-123.77377291715398,39.1972906325479],[-123.7765518923607,39.197204666216706],[-123.77657035156038,39.19756429882817],[-123.7770335157228,39.1975499648853],[-123.77701505426404,39.197190332346004],[-123.77840453889175,39.197147320193146],[-123.77838607083623,39.196787687922],[-123.77931238850113,39.19675900451388],[-123.77929391610803,39.196399372438655],[-123.77975707241073,39.19638502817163],[-123.77977554706284,39.19674466017464],[-123.7811650216649,39.196701616616174],[-123.78118350327459,39.19706124845386],[-123.78212830959954,39.19739217556437],[-123.78207285121634,39.19631328048493],[-123.78068338447464,39.19635633436728],[-123.78062794804755,39.19527743910039],[-123.78016479888274,39.19529178666418],[-123.77966470185771,39.19458686892799],[-123.77873841166127,39.194615554982924],[-123.77870147373898,39.19389629135628],[-123.77779365620943,39.1942846020275],[-123.77777519185624,39.193924970095445],[-123.77638576767923,39.19396797502876],[-123.77636731028298,39.193608342931476],[-123.77542257841606,39.193277371768836],[-123.7753856735604,39.19255810754229],[-123.77629348250122,39.19216981505564],[-123.77627502600657,39.1918101832149],[-123.77581189780632,39.19182451424624],[-123.77577498987543,39.191105250574225],[-123.77531186601232,39.191119579704576],[-123.7753487694258,39.1918388435209],[-123.77347781133926,39.19153651083055],[-123.77305156550294,39.19227009588982],[-123.77258843378236,39.19228441469653],[-123.77256999535773,39.191924782278754],[-123.77162530216671,39.19159378196728],[-123.77160686861981,39.19123414950786],[-123.77253311904893,39.19120551759702],[-123.77295936388762,39.19047193467397],[-123.7743487240876,39.19042896879541],[-123.77433027752905,39.19006933692226],[-123.7734040420932,39.190097982453715],[-123.77334871705045,39.189019086708655],[-123.77057004707456,39.18910497984641],[-123.77058847502377,39.18946461214272],[-123.76919913082932,39.18950753521342],[-123.76921755218268,39.18986716777702],[-123.7687544348326,39.189881472026016],[-123.76869917808823,39.18880257427273],[-123.76823606733403,39.188816876549076],[-123.76773612850424,39.18811191186766],[-123.76586529639373,39.1878094629929],[-123.7658837010376,39.18816909580467],[-123.76542059372139,39.18818338739743],[-123.76549420506055,39.189621919443695],[-123.76503108853016,39.18963620956762],[-123.76501268768432,39.18927657640739],[-123.76408645860154,39.18930515124148],[-123.76414164812645,39.1903840513074],[-123.76367852653951,39.19039833630527],[-123.76371531593732,39.19111760341581],[-123.76278906318943,39.191146168429235],[-123.76282584427105,39.191865436032394],[-123.76328897525238,39.19185115426021],[-123.76330736832149,39.1922107880668],[-123.76377050138191,39.192196504466],[-123.763752106054,39.19183687073131],[-123.76467836711805,39.19180829840347],[-123.76475196757862,39.19324683307452],[-123.76567824599417,39.19321825314428],[-123.76525191270298,39.19395181148733],[-123.76756762908273,39.19388033898289],[-123.7675860435603,39.194239972449836],[-123.7708280547474,39.194139836656525],[-123.77086491586728,39.194859102736004],[-123.7718096475412,39.19519010938306],[-123.77182808306925,39.19554974240715],[-123.77136493047838,39.1955640565925],[-123.77140179755686,39.19628332293909],[-123.7709386402679,39.19629763551181],[-123.77101236754983,39.19773616911098],[-123.7724018659852,39.19769322525735],[-123.7724203050333,39.198052858569596],[-123.77336508468751,39.19838385362505],[-123.77340197272117,39.19910312021881],[-123.7724756232585,39.19913175881562],[-123.77245718366994,39.19877212534873],[-123.77062292217127,39.19918901492692],[-123.77069664617936,39.20062755046394],[-123.77115983075835,39.200613238783056],[-123.77121513243334,39.201692140761736],[-123.7698255578222,39.20173507118234],[-123.76988084078374,39.20281397427491],[-123.7708072375943,39.20278535531896],[-123.7708625357332,39.20386425844463],[-123.77180738297226,39.20419526636283],[-123.7718442586971,39.204914535187335],[-123.7732338921518,39.20487158173639],[-123.77325233706317,39.20523121600998],[-123.77232591042113,39.2052598535452],[-123.7723627917462,39.20597912253643],[-123.7718995736357,39.20599343881278],[-123.77191801230889,39.20635307345829],[-123.77238123267904,39.20633875710982],[-123.7724549982124,39.20777729592237],[-123.77291822744105,39.20776297752833],[-123.7730104497114,39.20956115185206],[-123.77393693022576,39.20953250907122],[-123.77397382943502,39.21025177887609],[-123.77490031826763,39.21022312877812],[-123.77491877266245,39.21058276361423],[-123.77445552607644,39.21059708961397],[-123.77447397839171,39.21095672457434],[-123.77493722723761,39.210942398502425],[-123.77451088356321,39.211675994651294],[-123.77497413692899,39.211661668435006],[-123.77501104734179,39.212380938576],[-123.77547430504718,39.21236661045813],[-123.77549276278411,39.212726245534625],[-123.7764377446111,39.213057218867164],[-123.77647467002711,39.21377648899206],[-123.77693793623145,39.21376215531379],[-123.77651159616485,39.214495759325715],[-123.77512178290876,39.21453875025059],[-123.77514023946786,39.214898385712374],[-123.77421369187495,39.21492703768719],[-123.77419523983612,39.21456740208101],[-123.77236059452531,39.2149843205499],[-123.7723421515271,39.21462468465505],[-123.77095233340278,39.2146676281346],[-123.77093389736523,39.21430799207558],[-123.77047062655687,39.21432230298216],[-123.77050749429183,39.21504157529668],[-123.7709707696205,39.21502726424586],[-123.7709892060184,39.21538690040937],[-123.77008108271819,39.21577515725798],[-123.7701179473739,39.21649443013485],[-123.77058123192363,39.21648012055283],[-123.77063653703915,39.217559030044164],[-123.7710998281896,39.21754471848847],[-123.7711367036882,39.218263991600196],[-123.77159999917916,39.218249678142904],[-123.77165532055977,39.21932858798698],[-123.7721186226517,39.21931427255592],[-123.77217395243581,39.22039318265536],[-123.77311901778462,39.220724182748604],[-123.77315591461134,39.221443456226886],[-123.77361922972543,39.22142913509066],[-123.77363768066984,39.22178877183641],[-123.77456431487813,39.22176012414735],[-123.77458277052403,39.2221197608012],[-123.77504608961823,39.222105434248334],[-123.77554632940746,39.22281037911455],[-123.77647297573617,39.22278171693278],[-123.77650990637598,39.22350099003056],[-123.77743656102537,39.22347232053004],[-123.77747350142988,39.22419159354914],[-123.7779368330052,39.22417725601817],[-123.77801072502362,39.22561580239891],[-123.77706557485254,39.225284839462894],[-123.7771025125408,39.22600411315307],[-123.77663916930057,39.22601844753044],[-123.77665763615462,39.22637808452683],[-123.77573094461103,39.226406748153536],[-123.77574940712387,39.22676638534716],[-123.77528605882048,39.22678071459648],[-123.77532297986573,39.22749998928646],[-123.77578633269091,39.227485659892665],[-123.77580479574515,39.227845297244535],[-123.77626815065078,39.22783096602092],[-123.77628661614642,39.228190603353355],[-123.77721332993814,39.22816193548893],[-123.77717639008357,39.22744266116597],[-123.77763974218675,39.22742832474199],[-123.7776766865632,39.22814759892039],[-123.7781400430077,39.22813326059428],[-123.77864035341418,39.22883819461098],[-123.77956707444406,39.228809508881696]],[[-123.77951162993533,39.22773059824419],[-123.77904827629358,39.22774494177064],[-123.77902979741287,39.22738530492475],[-123.77949314879372,39.2273709614706],[-123.77951162993533,39.22773059824419]],[[-123.77673150537595,39.227816633039765],[-123.77626815065078,39.22783096602092],[-123.77624968533563,39.2274713287413],[-123.77671303779984,39.22745699583241],[-123.77673150537595,39.227816633039765]],[[-123.77993801677202,39.22699697961036],[-123.77947466783273,39.22701132474974],[-123.77945618705239,39.22665168808163],[-123.77991953373083,39.22663734301457],[-123.77993801677202,39.22699697961036]],[[-123.77901131871279,39.22702566813158],[-123.77854796941224,39.22704000975588],[-123.77852949315366,39.226680372943164],[-123.77899284019334,39.22666603139117],[-123.77901131871279,39.22702566813158]],[[-123.7780846199311,39.22705434962267],[-123.77762127026936,39.2270686877319],[-123.77760279853251,39.22670905077461],[-123.77806614593337,39.22669471273765],[-123.7780846199311,39.22705434962267]],[[-123.789631241874,39.225976055598444],[-123.78916790125483,39.2259904375007],[-123.78914937335901,39.22563080245861],[-123.78961271171741,39.22561642062885],[-123.789631241874,39.225976055598444]],[[-123.79100272570584,39.22557326459467],[-123.79053938789086,39.22558765169688],[-123.79052085339389,39.225228016924966],[-123.79098418894813,39.225213629895286],[-123.79100272570584,39.22557326459467]],[[-123.7900760498947,39.2256020370416],[-123.78961271171741,39.22561642062885],[-123.78959418174195,39.22525678571192],[-123.79005751765848,39.22524240219717],[-123.7900760498947,39.2256020370416]],[[-123.78868603481949,39.2256451825309],[-123.78822269609893,39.225659560845685],[-123.7877223155134,39.224954667041885],[-123.7886489840926,39.2249259124597],[-123.78868603481949,39.2256451825309]],[[-123.79050231907809,39.22486838220574],[-123.7900389856034,39.22488276740543],[-123.79002045372944,39.224523132666285],[-123.79048378494345,39.224508747539126],[-123.79050231907809,39.22486838220574]],[[-123.78447896978504,39.22505525271926],[-123.78401563395735,39.225069615071845],[-123.78399713147269,39.224709979390795],[-123.78446046503967,39.2246956171106],[-123.78447896978504,39.22505525271926]],[[-123.7969704029083,39.224307171226734],[-123.79650707423245,39.22432158095814],[-123.7964885108904,39.22396194728767],[-123.79695183730564,39.2239475376289],[-123.7969704029083,39.224307171226734]],[[-123.78955712233433,39.22453751603601],[-123.78909379075809,39.224551897648276],[-123.78907526358662,39.22419226281675],[-123.78953859290218,39.22417788127699],[-123.78955712233433,39.22453751603601]],[[-123.78863045900077,39.224566277503065],[-123.78770379494296,39.224595031940304],[-123.78768527455357,39.224235396891345],[-123.78861193409,39.22420664259907],[-123.78863045900077,39.224566277503065]],[[-123.79370854858975,39.22404836833422],[-123.79278189303884,39.22407716129027],[-123.79276334796326,39.22371752709158],[-123.79368999899287,39.22368873428069],[-123.79370854858975,39.22404836833422]],[[-123.79139190835309,39.22412033754351],[-123.79092857976211,39.22413472611305],[-123.79091004372911,39.22377509162417],[-123.79137337005946,39.22376070312718],[-123.79139190835309,39.22412033754351]],[[-123.79046525098995,39.22414911292513],[-123.79000192203664,39.224163497979795],[-123.78998339052494,39.22380386334587],[-123.79044671721759,39.22378947836375],[-123.79046525098995,39.22414911292513]],[[-123.78768527455357,39.224235396891345],[-123.78675861429306,39.22426414415382],[-123.78672158309995,39.22354487392389],[-123.78718490879938,39.2235305013163],[-123.78768527455357,39.224235396891345]],[[-123.78258863416517,39.22439341984094],[-123.78212530213567,39.22440777501889],[-123.78210680905549,39.224048139153574],[-123.78257013882428,39.22403378404798],[-123.78258863416517,39.22439341984094]],[[-123.7950799741775,39.223645531883655],[-123.79461664929731,39.22365993444008],[-123.79459809536056,39.22330030058434],[-123.79506141798015,39.2232858981005],[-123.7950799741775,39.223645531883655]],[[-123.79091004372911,39.22377509162417],[-123.79044671721759,39.22378947836375],[-123.79040965021636,39.223070209398735],[-123.79133629401574,39.22304143445228],[-123.79091004372911,39.22377509162417]],[[-123.78952006365114,39.22381824657059],[-123.78813008194325,39.223861385700054],[-123.78811155965523,39.22350175082879],[-123.78950153458122,39.22345861191678],[-123.78952006365114,39.22381824657059]],[[-123.78764823431783,39.22351612695126],[-123.78718490879938,39.2235305013163],[-123.78711083954238,39.222091961777146],[-123.78805599387739,39.22242284653038],[-123.78809303754825,39.22314211601009],[-123.78762971447145,39.2231564920601],[-123.78764823431783,39.22351612695126]],[[-123.78486827849278,39.22360234677996],[-123.78440495188875,39.223616710600396],[-123.78438644786681,39.22325707520218],[-123.78484977221022,39.22324271145417],[-123.78486827849278,39.22360234677996]],[[-123.79874941830535,39.222810981813446],[-123.79828609939786,39.22282539828391],[-123.79826752773938,39.22246576511431],[-123.79873084438633,39.2224513487165],[-123.79874941830535,39.222810981813446]],[[-123.79643282195293,39.222883046591754],[-123.79550618214179,39.22291186020126],[-123.79548762404661,39.222552226595795],[-123.7950243061295,39.222566630691816],[-123.79498719500432,39.221847363493296],[-123.79545050840035,39.221832959542475],[-123.7954690661328,39.22219259304288],[-123.79593238160797,39.22217818726208],[-123.79643282195293,39.222883046591754]],[[-123.78670306777485,39.22318523888782],[-123.78623974415508,39.22319960966554],[-123.78622123127154,39.22283997460959],[-123.78668455263072,39.222825603904326],[-123.78670306777485,39.22318523888782]],[[-123.79919416085177,39.22243693056132],[-123.79873084438633,39.2224513487165],[-123.79871227064885,39.222091715672086],[-123.79917558485376,39.22207729758959],[-123.79919416085177,39.22243693056132]],[[-123.79871227064885,39.222091715672086],[-123.7982489562624,39.222106131997215],[-123.79823038496694,39.221746498932625],[-123.79869369709289,39.22173208268017],[-123.79871227064885,39.222091715672086]],[[-123.78573939928945,39.22249470848167],[-123.78527607982903,39.22250907559968],[-123.78525757182852,39.22214944050398],[-123.78572088902837,39.222135073458375],[-123.78573939928945,39.22249470848167]],[[-123.79915700903732,39.221717664670344],[-123.79869369709289,39.22173208268017],[-123.79867512371847,39.22137244974074],[-123.79913843340242,39.221358031803604],[-123.79915700903732,39.221717664670344]],[[-123.7820143463658,39.222249960615876],[-123.78155102771943,39.22226431360224],[-123.78153253798428,39.221904677980014],[-123.78199585437008,39.22189032506601],[-123.7820143463658,39.222249960615876]],[[-123.78106922141777,39.221919029136615],[-123.78060590467057,39.22193337853582],[-123.78058741963723,39.221573742821455],[-123.7810507341239,39.2215593934946],[-123.78106922141777,39.221919029136615]],[[-123.77921595334502,39.22197641618898],[-123.77875263587528,39.22199075855856],[-123.77873415988418,39.221631122554975],[-123.77919747509335,39.2216167802577],[-123.77921595334502,39.22197641618898]],[[-123.79031698588317,39.22127203790574],[-123.78985367501446,39.2212864223803],[-123.78983514495168,39.22092678816671],[-123.79029845355991,39.22091240376466],[-123.79031698588317,39.22127203790574]],[[-123.79585814272455,39.22073965386584],[-123.7953948362913,39.220754059356196],[-123.79537627928435,39.2203944260657],[-123.79583958345721,39.22038002064793],[-123.79585814272455,39.22073965386584]],[[-123.79261499388373,39.22084045539393],[-123.79215168618136,39.220854848582796],[-123.79213314499746,39.22049521478428],[-123.79259645043939,39.220480821667955],[-123.79261499388373,39.22084045539393]],[[-123.78149555905614,39.22118540689315],[-123.78056893478455,39.221214107159604],[-123.78055045011256,39.220854471550254],[-123.78147706986312,39.22082577142846],[-123.78149555905614,39.22118540689315]],[[-123.79305975570009,39.220466426794275],[-123.79259645043939,39.220480821667955],[-123.79257790717628,39.220121187994444],[-123.79304121017657,39.220106793193324],[-123.79305975570009,39.220466426794275]],[[-123.7828669981336,39.22078270806545],[-123.78240368889084,39.22079706427715],[-123.78238519535758,39.22043742900966],[-123.78284850233986,39.220423072870304],[-123.7828669981336,39.22078270806545]],[[-123.78377511576207,39.22039435531949],[-123.78331180914135,39.22040871497357],[-123.78329331126794,39.22004907990327],[-123.78375661562819,39.22003472032154],[-123.78377511576207,39.22039435531949]],[[-123.78099527332637,39.220480486883524],[-123.78053196562124,39.220494835993385],[-123.78051348131055,39.22013520048898],[-123.78097678675522,39.22012085145141],[-123.78099527332637,39.220480486883524]],[[-123.77728880662814,39.2205952305562],[-123.77682549747834,39.22060956560708],[-123.77680703125148,39.22024992952441],[-123.77727033814075,39.22023559454574],[-123.77728880662814,39.2205952305562]],[[-123.78005017568522,39.220149547769175],[-123.77958686987927,39.22016389329202],[-123.77956839027013,39.21980425769543],[-123.78003169381564,39.21978991224489],[-123.78005017568522,39.220149547769175]],[[-123.7772518698339,39.21987595858775],[-123.77678856520508,39.219890293494146],[-123.77677009933915,39.21953065751638],[-123.77723340170753,39.21951632268225],[-123.7772518698339,39.21987595858775]],[[-123.77584349406096,39.21955932191262],[-123.77538019115121,39.21957365147471],[-123.77536173224706,39.21921401533266],[-123.77582503289636,39.2191996858428],[-123.77584349406096,39.21955932191262]],[[-123.78551728809616,39.21817909166573],[-123.78505399576113,39.218193457914786],[-123.78503548993113,39.21783382344844],[-123.78549878000587,39.217819457271794],[-123.78551728809616,39.21817909166573]],[[-123.77484306256841,39.218149434736816],[-123.77437976833947,39.21816376049537],[-123.77436131467756,39.21780412441848],[-123.77482460664618,39.21778979873214],[-123.77484306256841,39.218149434736816]],[[-123.78362711975359,39.21751727680345],[-123.78316383121586,39.21753163587852],[-123.78314533478866,39.21717200122731],[-123.78360862106612,39.21715764222459],[-123.78362711975359,39.21751727680345]],[[-123.7877781894253,39.21702833212247],[-123.78685161994514,39.21705708000166],[-123.7868331056168,39.216697445981964],[-123.78775967057648,39.21666869824763],[-123.7877781894253,39.21702833212247]],[[-123.78638833493366,39.21707145130534],[-123.78592504974124,39.217085820851736],[-123.78590653993334,39.2167261866872],[-123.78636982286552,39.216711817213216],[-123.78638833493366,39.21707145130534]],[[-123.78546176436792,39.21710018864087],[-123.78499847881373,39.21711455467272],[-123.78449818720517,39.21640965023608],[-123.7854247494535,39.21638092021924],[-123.78546176436792,39.21710018864087]],[[-123.78314533478866,39.21717200122731],[-123.78268204833039,39.21718635847276],[-123.78266355434423,39.216826723801525],[-123.7831268385422,39.21681236662843],[-123.78314533478866,39.21717200122731]],[[-123.7868331056168,39.216697445981964],[-123.78636982286552,39.216711817213216],[-123.7863513109783,39.21635218317336],[-123.78681459146937,39.21633781201452],[-123.7868331056168,39.216697445981964]],[[-123.78266355434423,39.216826723801525],[-123.78220026996549,39.216841079217325],[-123.78218177842028,39.216481444526025],[-123.78264506053877,39.21646708918258],[-123.78266355434423,39.216826723801525]],[[-123.779402081915,39.21656753968412],[-123.77893879853193,39.216581882726686],[-123.77892032298898,39.21622224758152],[-123.77938360411183,39.216207904611245],[-123.779402081915,39.21656753968412]],[[-123.78957574308771,39.215891914678785],[-123.78911246594278,39.21590629630868],[-123.78907541595115,39.21518702935967],[-123.7895386885758,39.21517264787474],[-123.78957574308771,39.215891914678785]],[[-123.78446118205494,39.21569038173398],[-123.7835346281241,39.215719104432274],[-123.78303436002143,39.21501419441826],[-123.78349763273773,39.21499983584972],[-123.78347913531573,39.21464020163681],[-123.78486894559961,39.21459711560492],[-123.78488744980196,39.2149567496007],[-123.78442417762803,39.21497111344093],[-123.78446118205494,39.21569038173398]],[[-123.78907541595115,39.21518702935967],[-123.78861214314543,39.21520140908737],[-123.7885936206813,39.21484177561874],[-123.78905689122688,39.21482739596351],[-123.78907541595115,39.21518702935967]],[[-123.78768559699104,39.215230163271094],[-123.78722232364234,39.215244537727116],[-123.78720380795853,39.21488490404114],[-123.78766707904711,39.21487052965756],[-123.78768559699104,39.215230163271094]],[[-123.79183651069783,39.21474108113057],[-123.7913732412388,39.214755471329106],[-123.79135470539522,39.21439583834763],[-123.79181797259417,39.21438144822162],[-123.79183651069783,39.21474108113057]],[[-123.78952016159144,39.21481301455106],[-123.78905689122688,39.21482739596351],[-123.78901984232148,39.214108129327855],[-123.78948310816588,39.214093748060336],[-123.78952016159144,39.21481301455106]],[[-123.7881303499547,39.21485615351677],[-123.78766707904711,39.21487052965756],[-123.78763004370217,39.21415126258717],[-123.78809331008961,39.21413688659126],[-123.7881303499547,39.21485615351677]],[[-123.78581399360726,39.21492801664856],[-123.78535072179503,39.21494238400325],[-123.78531370905098,39.21422311620866],[-123.78577697634302,39.21420874899876],[-123.78581399360726,39.21492801664856]],[[-123.79133616973274,39.21403620541832],[-123.7908729046127,39.21405059371462],[-123.79085437139139,39.213690960765],[-123.79131763425143,39.213676572541196],[-123.79133616973274,39.21403620541832]],[[-123.78855657629605,39.21412250883815],[-123.78809331008961,39.21413688659126],[-123.78807479042855,39.21377725320678],[-123.78853805437494,39.213762875526136],[-123.78855657629605,39.21412250883815]],[[-123.79039110835025,39.21370534723159],[-123.789927845128,39.213719731941005],[-123.78990931660786,39.21336009889856],[-123.79037257757008,39.21334571426165],[-123.79039110835025,39.21370534723159]],[[-123.79083583835121,39.21333132786752],[-123.79037257757008,39.21334571426165],[-123.790354046971,39.21298608134382],[-123.79081730549215,39.21297169502222],[-123.79083583835121,39.21333132786752]],[[-123.78898279414021,39.2133888629009],[-123.78851953263485,39.21340324226629],[-123.78850101107575,39.21304360905858],[-123.78896427032113,39.21302922976566],[-123.78898279414021,39.2133888629009]],[[-123.78386840867056,39.21318730534314],[-123.78340514743539,39.21320166530709],[-123.7833866509172,39.21284203135507],[-123.78384990989235,39.21282767146349],[-123.78386840867056,39.21318730534314]],[[-123.78570294398506,39.21277021432536],[-123.78523968573313,39.21278458124566],[-123.78522118035579,39.21242494763527],[-123.78568443634775,39.21241058078738],[-123.78570294398506,39.21277021432536]],[[-123.78060709327103,39.2129281538039],[-123.78014383303102,39.212942501395226],[-123.78012535251354,39.2125828669891],[-123.78058861049355,39.21256851947007],[-123.78060709327103,39.2129281538039]],[[-123.78468391352166,39.21100077851598],[-123.78422066620774,39.21101514156006],[-123.78420216625432,39.210655508065344],[-123.78466541130837,39.21064114509366],[-123.78468391352166,39.21100077851598]],[[-123.78327567560386,39.21068422873741],[-123.78281243000751,39.21069858643774],[-123.78277544420206,39.209979319170365],[-123.78323868527872,39.20996496161471],[-123.78327567560386,39.21068422873741]],[[-123.78234918423045,39.21071294238095],[-123.7818859382727,39.210727296567036],[-123.78186744979932,39.21036766276267],[-123.78233069349724,39.210353308648905],[-123.78234918423045,39.21071294238095]],[[-123.77725346876159,39.210870741785705],[-123.77679022081763,39.21088507664332],[-123.77677175720287,39.21052544204395],[-123.77723500288694,39.21051110725857],[-123.77725346876159,39.210870741785705]],[[-123.78140420592075,39.210382015119315],[-123.78094096186153,39.21039636571883],[-123.7809224780885,39.210036731821894],[-123.78138571988788,39.21002238129467],[-123.78140420592075,39.210382015119315]],[[-123.78601812794248,39.20987877938159],[-123.78555488795055,39.209893147479875],[-123.78551787575043,39.2091738812889],[-123.7859811112228,39.20915951333539],[-123.78601812794248,39.20987877938159]],[[-123.78509164777779,39.20990751382105],[-123.78416516688982,39.20993624123209],[-123.78414666747872,39.209576607893474],[-123.78507314384711,39.209547880627156],[-123.78509164777779,39.20990751382105]],[[-123.78088551108432,39.20931746418403],[-123.78042227362396,39.20933181280954],[-123.78040379265258,39.208972178996326],[-123.78086702785319,39.20895783044311],[-123.78088551108432,39.20931746418403]],[[-123.7776243776572,39.20905823341679],[-123.77716114119289,39.20907256967039],[-123.77714267622049,39.20871293540335],[-123.77760591042502,39.20869859922198],[-123.7776243776572,39.20905823341679]],[[-123.77669790454813,39.209086904166874],[-123.77623466772296,39.209101236906285],[-123.77621620727011,39.20874160249481],[-123.77667944183551,39.20872726982762],[-123.77669790454813,39.209086904166874]],[[-123.7775874433733,39.20833896507914],[-123.7771242114285,39.208353301188254],[-123.77710574681697,39.20799366702517],[-123.77756897650202,39.20797933098826],[-123.7775874433733,39.20833896507914]],[[-123.78034835082201,39.20789327786847],[-123.77895866447437,39.207936312335164],[-123.77894019100444,39.20757667851294],[-123.780329870573,39.20753364426307],[-123.78034835082201,39.20789327786847]],[[-123.77849543533075,39.20795065364325],[-123.77756897650202,39.20797933098826],[-123.77753204330088,39.20726006296229],[-123.77660559278912,39.20728873299016],[-123.77658713097856,39.20692909891062],[-123.7779767996965,39.20688609144993],[-123.77799526828606,39.207245725312795],[-123.7784584930908,39.20723138590625],[-123.77849543533075,39.20795065364325]],[[-123.77612390771174,39.20694343121676],[-123.77566068426454,39.206957761765864],[-123.77562377022315,39.20623849347364],[-123.77608698915108,39.20622416306893],[-123.77612390771174,39.20694343121676]],[[-123.77927409265553,39.20504490072331],[-123.77881088176939,39.20505924321043],[-123.7787739378982,39.204339976447706],[-123.7792371442653,39.20432563410511],[-123.77927409265553,39.20504490072331]],[[-123.7875933427588,39.204426803477794],[-123.7871301373849,39.20444117751817],[-123.78711162486896,39.20408154546455],[-123.78757482798338,39.20406717149658],[-123.7875933427588,39.204426803477794]],[[-123.78249807370057,39.20458482128884],[-123.78157165879492,39.2046135289593],[-123.78153468817094,39.203894263167406],[-123.78199789119513,39.20387991035526],[-123.78249807370057,39.20458482128884]],[[-123.78242411509949,39.20314629049057],[-123.78149771826945,39.20317499758258],[-123.78144226477183,39.20209609959327],[-123.78190545649905,39.20208174714262],[-123.78194242983555,39.20280101227251],[-123.78240562590088,39.20278665792034],[-123.78242411509949,39.20314629049057]],[[-123.77964492244207,39.203232390683304],[-123.77918172303384,39.203246734566115],[-123.77916324965106,39.20288710148995],[-123.77962644679988,39.20287275767937],[-123.77964492244207,39.203232390683304]],[[-123.7805528405559,39.20284406478746],[-123.78008964376816,39.20285841211188],[-123.77958949605706,39.202153491826714],[-123.78005268850659,39.20213914640374],[-123.7800157339672,39.20141988090233],[-123.78096059098537,39.201750817655025],[-123.78092362776984,39.201031552546034],[-123.7818315119936,39.20064321750291],[-123.78186848388508,39.20136248221945],[-123.78140529667648,39.201376834525526],[-123.78144226477183,39.20209609959327],[-123.78051588077557,39.20212479922382],[-123.7805528405559,39.20284406478746]],[[-123.77916324965106,39.20288710148995],[-123.77870005232174,39.202901443543574],[-123.77868158137885,39.20254181044688],[-123.77914477644877,39.202527468465505],[-123.77916324965106,39.20288710148995]],[[-123.77684726119986,39.20295879418864],[-123.77638406296833,39.20297312745757],[-123.77632868457172,39.20189422723937],[-123.77725506729809,39.2018655593778],[-123.77727353110197,39.202225192587775],[-123.77681033756961,39.20223952746921],[-123.77684726119986,39.20295879418864]],[[-123.78285033050821,39.20241266936505],[-123.78238713688295,39.20242702540186],[-123.78236864804563,39.202067392935064],[-123.78283183941157,39.202053036970575],[-123.78285033050821,39.20241266936505]],[[-123.77775519069758,39.202570489138836],[-123.77729199508626,39.202584825849414],[-123.77727353110197,39.202225192587775],[-123.77773672445392,39.20221085594941],[-123.77775519069758,39.202570489138836]],[[-123.77497601432394,39.20265648304828],[-123.77404962075671,39.20268513362926],[-123.77403117258811,39.202325499862354],[-123.77493910912949,39.2019372158548],[-123.77497601432394,39.20265648304828]],[[-123.78422141242523,39.20200995853566],[-123.78375822160139,39.20202431977087],[-123.78373972616677,39.20166468757272],[-123.7842029147313,39.20165032640983],[-123.78422141242523,39.20200995853566]],[[-123.78235015938901,39.20170776051992],[-123.78188697010177,39.2017221146552],[-123.78186848388508,39.20136248221945],[-123.78233167091304,39.20134812815648],[-123.78235015938901,39.20170776051992]],[[-123.77771825839068,39.20185122281167],[-123.77725506729809,39.2018655593778],[-123.77723660367462,39.20150592621953],[-123.77769979250786,39.2014915897256],[-123.77771825839068,39.20185122281167]],[[-123.77632868457172,39.20189422723937],[-123.77540230112389,39.20192288807324],[-123.77538384653778,39.201563254626215],[-123.77631022546693,39.2015345939367],[-123.77632868457172,39.20189422723937]],[[-123.77447591695477,39.20195154187943],[-123.77401272459979,39.20196586614715],[-123.77399427679171,39.201606232483634],[-123.77445746688737,39.20159190828806],[-123.77447591695477,39.20195154187943]],[[-123.78325804442697,39.201319414759865],[-123.78279485776032,39.20133377233663],[-123.78277636720571,39.20097414009715],[-123.78323955161308,39.200959782592726],[-123.78325804442697,39.201319414759865]],[[-123.77862616963304,39.20146291146701],[-123.77769979250786,39.2014915897256],[-123.77766286128355,39.20077232370846],[-123.77858922937153,39.20074364573877],[-123.77862616963304,39.20146291146701]],[[-123.77488375269007,39.200858315452194],[-123.77442056729336,39.200872641260354],[-123.77440211776674,39.20051300782397],[-123.7748653009042,39.20049868208796],[-123.77488375269007,39.200858315452194]],[[-123.77579166663821,39.200470025345304],[-123.77532848386136,39.20048435459509],[-123.77531002999652,39.200124721354655],[-123.7757732105141,39.20011039217705],[-123.77579166663821,39.200470025345304]],[[-123.77669957100828,39.20008172855121],[-123.77623639085135,39.200096061242576],[-123.77621793264836,39.1997364281981],[-123.77668111054605,39.199722095578934],[-123.77669957100828,39.20008172855121]],[[-123.77757053638014,39.198974159569],[-123.7771073633616,39.19898849555749],[-123.77708890118134,39.19862886281213],[-123.77755207194072,39.198614526895845],[-123.77757053638014,39.198974159569]],[[-123.77838607083623,39.196787687922],[-123.77792291173314,39.19680202699087],[-123.77790444611709,39.19644239469898],[-123.77836760296118,39.196428055702306],[-123.77838607083623,39.196787687922]],[[-123.77645959906758,39.19540650393147],[-123.7759964482789,39.19542083568447],[-123.77597799242027,39.195061203309535],[-123.77644114094998,39.195046871628726],[-123.77645959906758,39.19540650393147]],[[-123.7745885457493,39.19510418781151],[-123.77412539649845,39.195118512465335],[-123.7740885033934,39.19439924729249],[-123.77455164812643,39.194384922782945],[-123.7745885457493,39.19510418781151]],[[-123.7773489750133,39.19465857088979],[-123.7768858291032,39.19467290601193],[-123.77686736908738,39.194313273884134],[-123.7773305127386,39.1942989388342],[-123.7773489750133,39.19465857088979]],[[-123.77549639029081,39.194715900837934],[-123.77503324365941,39.1947302289331],[-123.7750147926792,39.19437059651664],[-123.7754779370517,39.19435626849362],[-123.77549639029081,39.194715900837934]],[[-123.7750147926792,39.19437059651664],[-123.77455164812643,39.194384922782945],[-123.77453319958538,39.1940252903457],[-123.77499634187924,39.19401096415155],[-123.7750147926792,39.19437059651664]],[[-123.77403316508753,39.19332034991844],[-123.7735700269509,39.19333467245488],[-123.77355158346818,39.19297504002742],[-123.77401471934601,39.19296071756311],[-123.77403316508753,39.19332034991844]],[[-123.77355158346818,39.19297504002742],[-123.77308844741019,39.192989360735034],[-123.7730700063665,39.19262972828679],[-123.77353314016568,39.19261540765127],[-123.77355158346818,39.19297504002742]],[[-123.76984648996067,39.19308955650056],[-123.76938335246193,39.193103863154505],[-123.76936492948875,39.19274423012967],[-123.76982806472866,39.19272992354778],[-123.76984648996067,39.19308955650056]],[[-123.7744594072235,39.19258676111016],[-123.7739962737847,39.19260108525906],[-123.77397782840359,39.192241453006346],[-123.77444095958361,39.19222712892956],[-123.7744594072235,39.19258676111016]],[[-123.77075433466844,39.192701305113864],[-123.76982806472866,39.19272992354778],[-123.76980963967667,39.192370290646316],[-123.77073590509883,39.192341672356484],[-123.77075433466844,39.192701305113864]],[[-123.77119903753986,39.19232736057655],[-123.77073590509883,39.192341672356484],[-123.77068061747038,39.191262774392065],[-123.77162530216671,39.19159378196728],[-123.77119903753986,39.19232736057655]],[[-123.77251468116472,39.190845885333026],[-123.77205155829893,39.190860202094676],[-123.77203312285351,39.190500569809814],[-123.77249624346062,39.19048625312021],[-123.77251468116472,39.190845885333026]],[[-123.76927281732262,39.19094606577494],[-123.76880969319653,39.190960370240006],[-123.76879127356194,39.19060073745079],[-123.76925439542934,39.190586433057724],[-123.76927281732262,39.19094606577494]],[[-123.7683281515146,39.190615040087174],[-123.76786502928731,39.190629340966915],[-123.76784661435003,39.190269708084905],[-123.76830973431862,39.19025540727718],[-123.7683281515146,39.190615040087174]],[[-123.77016221239354,39.19019818647979],[-123.76969909314478,39.1902124943141],[-123.7696806693528,39.18985286177138],[-123.7701437863429,39.1898385540091],[-123.77016221239354,39.19019818647979]],[[-123.77107001978307,39.189809933214676],[-123.77060690315302,39.18982424449021],[-123.77058847502377,39.18946461214272],[-123.77105158939523,39.18945030093924],[-123.77107001978307,39.189809933214676]],[[-123.76827290046647,39.18953614181078],[-123.76780978501516,39.1895504424745],[-123.7677913706176,39.18919080974606],[-123.76825448381031,39.189176509154336],[-123.76827290046647,39.18953614181078]],[[-123.76777295639992,39.18883117706879],[-123.76730984528592,39.18884547583192],[-123.76729143350671,39.1884858431338],[-123.76775454236214,39.18847154444266],[-123.76777295639992,39.18883117706879]]]},"properties":{"id":"cdfw-ds3091-7-31-10-2","source":"CDFW ds3091 predicted substrate","source_url":"https://tiledimageservices2.arcgis.com/Uq9r85Potqm3MfRV/arcgis/rest/services/biosds3091_cru/ImageServer","metadata_url":"https://filelib.wildlife.ca.gov/public/BDB/GIS/BIOS/metadata/ds3091.html","source_tile_sha256":"7b0f09ed60e6c42982c19a1f35ddaba6a05c1128bef23b74e5f28a885f512962","source_class":"Predicted hard (rugosity proxy)","display_resolution_m":40,"approx_area_m2":4270400,"fishing_target":false,"exportable":false,"depth_qualified":false,"fish_confirmed":false,"mpa_screened_at":"2026-09-23T20:44:08Z"}},{"type":"Feature","geometry":{"type":"Polygon","coordinates":[[[-123.75938180923447,39.18800938443406],[-123.75928994680625,39.18621121610923],[-123.75975304290678,39.186196947783344],[-123.75971629467499,39.18547768095452],[-123.76017938607917,39.185463411015746],[-123.76019776236375,39.1858230443328],[-123.76112394915036,39.18579449904196],[-123.76108718772716,39.185075232746236],[-123.76155027633433,39.1850609576097],[-123.76160542551371,39.18613985691423],[-123.76299471058331,39.186097020318556],[-123.76297632056867,39.18573738738167],[-123.76392089973149,39.18606845380534],[-123.76386571667612,39.18498955557915],[-123.76293954107834,39.185018121660946],[-123.76292115160263,39.184658488877105],[-123.763384237233,39.18464420678636],[-123.76334745430388,39.18392494151533],[-123.76242129189677,39.18395350365274],[-123.7624029052183,39.18359387094989],[-123.76193982600358,39.18360814931198],[-123.76197659502358,39.18432741491239],[-123.76058734275216,39.184370239890825],[-123.76056896492733,39.18401060684955],[-123.75962442723666,39.18367951477498],[-123.75960605428745,39.18331988169196],[-123.7614767466093,39.18362242591757],[-123.76145836462696,39.183262793121905],[-123.76099528731139,39.18327706789914],[-123.76095852840189,39.18255780231686],[-123.76003238226511,39.18258634631454],[-123.7600140075961,39.18222671345607],[-123.76094014921648,39.18219816960208],[-123.76092177021059,39.18183853693815],[-123.76138483849329,39.18182426244833],[-123.76140321975736,39.182183895040396],[-123.76325550012511,39.182126779229066],[-123.76323710982831,39.1817671469245],[-123.76231097452,39.1817957081993],[-123.76227420349791,39.18107644345518],[-123.76181114009063,39.18109072131419],[-123.76175599167874,39.180011824363575],[-123.76082987787409,39.180040374381186],[-123.76033006954063,39.17933538194454],[-123.75986701670561,39.17934965241869],[-123.75988538993874,39.179709284870555],[-123.75942233466623,39.179723553660125],[-123.75940396369111,39.17936392113644],[-123.75801480357106,39.17940671675137],[-123.75805153215234,39.180125982280266],[-123.75619929808308,39.18018301908475],[-123.75618094273509,39.17982338600783],[-123.75571788602753,39.17983764074619],[-123.75564447546053,39.17839910865926],[-123.75518142760585,39.178413361354245],[-123.75516307767023,39.178053728387646],[-123.75562612326695,39.178039475764386],[-123.75558941941756,39.177320210126716],[-123.75605246031914,39.17730595589057],[-123.75603410640541,39.17694632321951],[-123.75557106776178,39.17696057738393],[-123.75553436498792,39.1762413120503],[-123.75646043306446,39.176212802252074],[-123.75644207743075,39.1758531698047],[-123.75783117142726,39.17581039215022],[-123.75781280919938,39.17545075996873],[-123.75734978030435,39.17546502087142],[-123.75727634221741,39.174026492364185],[-123.75681332217408,39.174040751223586],[-123.75679496535838,39.17368111915139],[-123.75633194739343,39.17369537618276],[-123.75631359301471,39.173335744089385],[-123.75585057712817,39.173349999292796],[-123.7558322251864,39.17299036717817],[-123.75488785014369,39.17265923996523],[-123.75485115618679,39.17193997570158],[-123.75392514122031,39.17196847324105],[-123.75390679902583,39.17160884104151],[-123.75296245035773,39.17127769912032],[-123.75310915537443,39.174154758873065],[-123.75357217685155,39.17414051406383],[-123.75359051804242,39.174500146688565],[-123.75312749430755,39.17451439156949],[-123.75320085183134,39.17595292286087],[-123.75366388459742,39.17593867769323],[-123.75370056894987,39.17665794349926],[-123.75416360605251,39.176643696431896],[-123.75418195075538,39.17700332933916],[-123.75325587185513,39.17703182186093],[-123.75342094160062,39.18026852159893],[-123.75388400146242,39.18025427557095],[-123.754383754314,39.18095929466665],[-123.75577294583519,39.18091654034455],[-123.75580965327006,39.18163580699758],[-123.75627272126823,39.18162155190051],[-123.75634614732235,39.183060085530016],[-123.7568092241741,39.18304582838946],[-123.75684594279369,39.183765095366155],[-123.75638286142532,39.18377935265026],[-123.75640121874581,39.18413898628677],[-123.75686430237249,39.1841247289309],[-123.75691938218503,39.185203629931024],[-123.75786392726353,39.185534743144174],[-123.75797411990945,39.18769254596698],[-123.75843722558236,39.18767828262355],[-123.75845559390987,39.18803791653436],[-123.75938180923447,39.18800938443406]],[[-123.76062409894043,39.18508950612624],[-123.76016100997413,39.1851037777497],[-123.7601426340486,39.18474414453466],[-123.76060572075653,39.184729872983034],[-123.76062409894043,39.18508950612624]],[[-123.75956930892744,39.18260061567865],[-123.75910623541031,39.18261488328632],[-123.75906949528465,39.181895617333],[-123.75953256428535,39.18188134986896],[-123.75956930892744,39.18260061567865]],[[-123.75905112549097,39.18153598443262],[-123.758588058569,39.18155025006839],[-123.75856969121293,39.1811906171471],[-123.75903275587676,39.18117635158313],[-123.75905112549097,39.18153598443262]],[[-123.76132969577837,39.18074536497721],[-123.7608666342701,39.18075963925151],[-123.76084825598232,39.18040000679095],[-123.76131131523249,39.180385732588505],[-123.76132969577837,39.18074536497721]],[[-123.7604035725823,39.18077391176938],[-123.759940510715,39.18078818253083],[-123.75992213694342,39.1804285499266],[-123.76038519655263,39.180414279236984],[-123.7604035725823,39.18077391176938]],[[-123.7594774486682,39.18080245153586],[-123.75901438644195,39.180816718784456],[-123.7589776481107,39.180097453339556],[-123.75851459022122,39.18011171868813],[-123.75849622358281,39.179752085970065],[-123.75942233466623,39.179723553660125],[-123.7594774486682,39.18080245153586]],[[-123.75490619739095,39.17301887217279],[-123.7539801688787,39.173047370142434],[-123.75396182614674,39.172687737791485],[-123.75488785014369,39.17265923996523],[-123.75490619739095,39.17301887217279]]]},"properties":{"id":"cdfw-ds3091-7-31-10-3","source":"CDFW ds3091 predicted substrate","source_url":"https://tiledimageservices2.arcgis.com/Uq9r85Potqm3MfRV/arcgis/rest/services/biosds3091_cru/ImageServer","metadata_url":"https://filelib.wildlife.ca.gov/public/BDB/GIS/BIOS/metadata/ds3091.html","source_tile_sha256":"7b0f09ed60e6c42982c19a1f35ddaba6a05c1128bef23b74e5f28a885f512962","source_class":"Predicted hard (rugosity proxy)","display_resolution_m":40,"approx_area_m2":566400,"fishing_target":false,"exportable":false,"depth_qualified":false,"fish_confirmed":false,"mpa_screened_at":"2026-09-23T20:44:08Z"}},{"type":"Feature","geometry":{"type":"Polygon","coordinates":[[[-123.76021982036289,39.177177588729684],[-123.76018307207282,39.17645832473024],[-123.76110914107737,39.176429779662044],[-123.7610723844739,39.17571051615239],[-123.76199844372911,39.1756819643463],[-123.7620168264567,39.176041595932126],[-123.76340592076619,39.17599875483516],[-123.76342431044684,39.17635838625605],[-123.76388734378192,39.1763441023059],[-123.76386895184346,39.175984470956905],[-123.76481340991313,39.176315529136666],[-123.76477661718467,39.17559626677692],[-123.76338753126517,39.17563912346494],[-123.76333236383987,39.174560229657736],[-123.76286934161405,39.17457451149221],[-123.7628509550892,39.17421488025241],[-123.76331397505734,39.1742005984898],[-123.7632955864544,39.17384096737238],[-123.7642216213364,39.17381239872213],[-123.76420322839776,39.17345276779899],[-123.76559227260034,39.17340990186743],[-123.76557387306843,39.1730502712105],[-123.76511086077157,39.173064561538695],[-123.76507406676208,39.17234530023241],[-123.76600008214571,39.17231671810746],[-123.76598168089538,39.17195708767383],[-123.76644468606004,39.17194279404896],[-123.7664262827319,39.17158316373768],[-123.76735228800689,39.17155457136321],[-123.76733388034347,39.1711949412462],[-123.76640787958347,39.17122353347681],[-123.76638947661483,39.170863903266365],[-123.7659264782227,39.170878196675496],[-123.76596327982477,39.17159745729064],[-123.76550027673791,39.17161174908739],[-123.76548187810454,39.171252118682716],[-123.76453748196812,39.17092106636583],[-123.76496368904601,39.17018751752403],[-123.76403770003385,39.17021609176153],[-123.76401930889158,39.16985646134273],[-123.76355631637347,39.169870745755354],[-123.7635747052583,39.170230376246025],[-123.76311171030315,39.17024465897436],[-123.76309332367576,39.16988502841184],[-123.7626303307985,39.16989930931217],[-123.76264871516842,39.17025893994653],[-123.76218571985416,39.17027321916255],[-123.76216733774166,39.16991358845633],[-123.76124135108941,39.169942141476206],[-123.76174110439486,39.17064712745082],[-123.76081510835371,39.170675677245654],[-123.76083348405278,39.17103530826811],[-123.76037048350548,39.17104958060307],[-123.76075998233341,39.16959678448059],[-123.76214895580873,39.16955395780049],[-123.76213057405529,39.16919432719496],[-123.7639825271459,39.16913720065615],[-123.7639641365425,39.16877757038837],[-123.7635011507966,39.168791854585415],[-123.76348276263016,39.16843222429608],[-123.76209381108708,39.1684750661349],[-123.76211219248144,39.16883469663978],[-123.76116784249402,39.16850361858017],[-123.76118621937364,39.168863249228686],[-123.76026024554793,39.16889179479308],[-123.76020512899163,39.16781290256753],[-123.75929753548361,39.1682010715118],[-123.75933427100445,39.16892033333293],[-123.7588712834636,39.16893459996864],[-123.75881618722352,39.167855707097075],[-123.7583532062754,39.16786997176137],[-123.75837156925205,39.16822960274002],[-123.75651963463693,39.16828664412302],[-123.75650128068966,39.1679270128574],[-123.75742724384114,39.16789849582162],[-123.75739052745509,39.1671792337281],[-123.75600159600292,39.16722200621726],[-123.75642786669314,39.16648848829757],[-123.7559648938777,39.16650274389441],[-123.75594654308395,39.16614311280832],[-123.75548357234653,39.16615736657739],[-123.75544687581109,39.16543810441242],[-123.75498390940892,39.165452356282024],[-123.75500225532984,39.165811987411104],[-123.75407631747358,39.165840486025495],[-123.75411300082396,39.16655974872099],[-123.75318705322218,39.166588240597775],[-123.75316871597194,39.16622860908159],[-123.75270574415967,39.16624285231419],[-123.75276074967583,39.16732174722841],[-123.75370504670984,39.16765289017241],[-123.75374172733693,39.168372153513744],[-123.75281575680367,39.168400642594946],[-123.75287076554324,39.169479538414244],[-123.75333375767167,39.169465294536735],[-123.75340711419501,39.17090382271414],[-123.7538701151743,39.17088957679377],[-123.75388845701049,39.17124920889244],[-123.75435146006816,39.17123496114419],[-123.75485115618679,39.17193997570158],[-123.75577717043646,39.17191147113726],[-123.75574046816608,39.17119220736223],[-123.75668482822924,39.17152332777878],[-123.75673989598701,39.17260222323794],[-123.75720290699967,39.17258796466553],[-123.75722126553511,39.17294759651444],[-123.7576842786261,39.172933336114056],[-123.75772100075031,39.17365259981985],[-123.75818401817729,39.1736383375197],[-123.75829420240073,39.17579612941946],[-123.75922026380954,39.175767598688964],[-123.75879396722002,39.17650112916011],[-123.75925700235038,39.17648686277313],[-123.75929374160893,39.17720612705981],[-123.76021982036289,39.177177588729684]],[[-123.76018307207282,39.17645832473024],[-123.75972003730134,39.17647259462984],[-123.75970166568335,39.17611296263425],[-123.76016469819702,39.176098692806455],[-123.76018307207282,39.17645832473024]],[[-123.7610723844739,39.17571051615239],[-123.76060935457701,39.175724789421004],[-123.76057260320717,39.17500552597013],[-123.76103562858847,39.17499125284518],[-123.7610723844739,39.17571051615239]],[[-123.7614986537903,39.17497697796396],[-123.76103562858847,39.17499125284518],[-123.76101725091502,39.174631621267444],[-123.76148027385908,39.17461734645803],[-123.7614986537903,39.17497697796396]],[[-123.76194329662363,39.174603069892356],[-123.76148027385908,39.17461734645803],[-123.76146189410741,39.17425771500267],[-123.76192491461423,39.17424343850884],[-123.76194329662363,39.174603069892356]],[[-123.76101725091502,39.174631621267444],[-123.7600912044884,39.17466016561742],[-123.7600728315099,39.17430053394658],[-123.76099887342106,39.17427198974025],[-123.76101725091502,39.174631621267444]],[[-123.7596281810059,39.174674435157975],[-123.75870213350258,39.174702968970294],[-123.75868376729728,39.174343337084096],[-123.75960981028513,39.17431480341534],[-123.7596281810059,39.174674435157975]],[[-123.7600728315099,39.17430053394658],[-123.75960981028513,39.17431480341534],[-123.75957306938191,39.1735955400817],[-123.7600360860913,39.17358127075656],[-123.7600728315099,39.17430053394658]],[[-123.7632955864544,39.17384096737238],[-123.76283256874397,39.17385524906313],[-123.76281418257834,39.17349561792436],[-123.76327719803108,39.17348133630548],[-123.7632955864544,39.17384096737238]],[[-123.76281418257834,39.17349561792436],[-123.76188815113407,39.17352417589341],[-123.76186976966332,39.17316454466146],[-123.76279579659226,39.173135986836144],[-123.76281418257834,39.17349561792436]],[[-123.7591100524931,39.17360980765062],[-123.75864703542487,39.17362407346329],[-123.75862866975775,39.17326444172867],[-123.75909168456829,39.17325017598781],[-123.7591100524931,39.17360980765062]],[[-123.75907331682292,39.17289054437546],[-123.75861030427001,39.17290481004458],[-123.75859193896166,39.17254517841094],[-123.75905494925694,39.172530912813635],[-123.75907331682292,39.17289054437546]],[[-123.75998096930927,39.17250237635033],[-123.75905494925694,39.172530912813635],[-123.75903658187033,39.17217128130227],[-123.75996259740747,39.17214274498255],[-123.75998096930927,39.17250237635033]],[[-123.76227763310968,39.172071373449505],[-123.76181462632825,39.17208565126853],[-123.7617962455756,39.171726020238474],[-123.76225925009948,39.17171174249128],[-123.76227763310968,39.172071373449505]],[[-123.75857357383266,39.172185546827805],[-123.75811056561561,39.17219981059713],[-123.7580922029236,39.17184017899267],[-123.75855520888305,39.17182591529511],[-123.75857357383266,39.172185546827805]],[[-123.76272225444377,39.171697462987886],[-123.76225925009948,39.17171174249128],[-123.76224086726883,39.17135211158348],[-123.7627038693556,39.17133783215194],[-123.76272225444377,39.171697462987886]],[[-123.7640928745384,39.171294983320166],[-123.7627038693556,39.17133783215194],[-123.76268548444696,39.17097820136641],[-123.76407448285727,39.170935352750234],[-123.7640928745384,39.171294983320166]],[[-123.75807384041092,39.17148054743864],[-123.75761083652968,39.171494809308214],[-123.7575924764539,39.171135177732886],[-123.75805547807761,39.17112091593506],[-123.75807384041092,39.17148054743864]],[[-123.7575924764539,39.171135177732886],[-123.75666647266856,39.171163696059956],[-123.75664811728714,39.17080406439152],[-123.75757411655745,39.170775546207956],[-123.7575924764539,39.171135177732886]],[[-123.75988911159467,39.17070422001579],[-123.75850011511046,39.170747020999634],[-123.75848175087833,39.170387389668605],[-123.7594077441989,39.17035885757912],[-123.75938937563117,39.169999226442044],[-123.760296990816,39.169611056528325],[-123.76033373680183,39.17033031846493],[-123.75987074059007,39.17034458890011],[-123.75988911159467,39.17070422001579]],[[-123.75662976208501,39.17044443277352],[-123.75616676443845,39.1704586891593],[-123.75614841167308,39.170099057519955],[-123.75661140706217,39.17008480120589],[-123.75662976208501,39.17044443277352]],[[-123.75524076860758,39.170487196662314],[-123.75477777042332,39.17050144777957],[-123.7547410786167,39.16978218412098],[-123.75520407228599,39.16976793314715],[-123.75514902914766,39.168689038252026],[-123.75561201586548,39.16867478573714],[-123.75564871562666,39.16939404880679],[-123.75657469755427,39.169365538221726],[-123.75659305221858,39.16972516968864],[-123.75613005908697,39.169739425930985],[-123.75614841167308,39.170099057519955],[-123.7552224203572,39.170127564879536],[-123.75524076860758,39.170487196662314]],[[-123.7547410786167,39.16978218412098],[-123.75427808476823,39.169796433338675],[-123.75424139819324,39.16907716973815],[-123.75470438752683,39.169062920663826],[-123.7547410786167,39.16978218412098]],[[-123.75514902914766,39.168689038252026],[-123.75468604225065,39.16870328901078],[-123.75466769715366,39.16834365740803],[-123.75513068179329,39.16832940672097],[-123.75514902914766,39.168689038252026]],[[-123.75422305517448,39.16871753801338],[-123.75376006791913,39.16873178525987],[-123.75374172733693,39.168372153513744],[-123.75420471233485,39.16835790633895],[-123.75422305517448,39.16871753801338]],[[-123.75650128068966,39.1679270128574],[-123.75603829884504,39.167941268741124],[-123.75601994733437,39.167581637454056],[-123.75648292692163,39.16756738164206],[-123.75650128068966,39.1679270128574]],[[-123.75555696756783,39.167595891509954],[-123.7550939876221,39.167610143809746],[-123.75507564080526,39.16725051242953],[-123.75553861849369,39.16723626020144],[-123.75555696756783,39.167595891509954]],[[-123.75550192088305,39.16651699773518],[-123.75457597435614,39.166545500148466],[-123.75455763033415,39.166185868847315],[-123.75548357234653,39.16615736657739],[-123.75550192088305,39.16651699773518]]]},"properties":{"id":"cdfw-ds3091-7-31-10-4","source":"CDFW ds3091 predicted substrate","source_url":"https://tiledimageservices2.arcgis.com/Uq9r85Potqm3MfRV/arcgis/rest/services/biosds3091_cru/ImageServer","metadata_url":"https://filelib.wildlife.ca.gov/public/BDB/GIS/BIOS/metadata/ds3091.html","source_tile_sha256":"7b0f09ed60e6c42982c19a1f35ddaba6a05c1128bef23b74e5f28a885f512962","source_class":"Predicted hard (rugosity proxy)","display_resolution_m":40,"approx_area_m2":609600,"fishing_target":false,"exportable":false,"depth_qualified":false,"fish_confirmed":false,"mpa_screened_at":"2026-09-23T20:44:08Z"}},{"type":"Feature","geometry":{"type":"Polygon","coordinates":[[[-123.76237296847182,39.1648644857113],[-123.76279916205874,39.16413094624924],[-123.76141029123697,39.16417378023389],[-123.7613919144333,39.163814150309854],[-123.76092895939082,39.163828424720904],[-123.76089221083602,39.163109164879515],[-123.75998467891456,39.163497338185664],[-123.75992957043198,39.16241844821819],[-123.76083708934964,39.162030275492945],[-123.76080034258922,39.16131101615204],[-123.75987446356393,39.16133955870114],[-123.75983772654884,39.160620299273106],[-123.75937479128092,39.16063456777022],[-123.7593564252993,39.160274938059395],[-123.75752304841586,39.160691624199266],[-123.7570234030362,39.15998662382764],[-123.75656047120623,39.1600008816457],[-123.75657882346732,39.16036051173697],[-123.7547087420943,39.16005789535874],[-123.75467205616447,39.159338634752594],[-123.75420912795231,39.15935288364771],[-123.7542274685708,39.15971251399749],[-123.75376453792269,39.159726761208354],[-123.75374619956102,39.15936713078693],[-123.75235741331277,39.159409861669076],[-123.75257740422252,39.16372543260456],[-123.75304036023458,39.16371118987348],[-123.75305869623125,39.164070821038486],[-123.75398461223234,39.16404233016496],[-123.75392959123702,39.162963437250205],[-123.75300368877843,39.16299192769383],[-123.75298535331895,39.162632296679085],[-123.75483714849155,39.16257530905451],[-123.75481880418307,39.16221567837652],[-123.75528175027141,39.162201427152084],[-123.75531844358153,39.162920688414815],[-123.75441088460737,39.16330882024425],[-123.75444756996421,39.164028082094156],[-123.75491052751694,39.16401383226733],[-123.75448425603761,39.16474734414455],[-123.75541017999242,39.164718842448146],[-123.75539183235188,39.16435921154127],[-123.75678071016875,39.16431644604148],[-123.75681741917191,39.165035707475184],[-123.75866927180854,39.164978661650515],[-123.75865090818873,39.16461903119553],[-123.75911386864244,39.164604765421004],[-123.75907713742669,39.163885504804995],[-123.75954009318679,39.163871237418],[-123.75957682891679,39.16459049789047],[-123.76003978901174,39.16457622860391],[-123.76000304876754,39.16385696827497],[-123.76046600416892,39.16384269737594],[-123.76050274892728,39.164561957561304],[-123.76189162759728,39.16451913389735],[-123.761910007017,39.164878763849835],[-123.76237296847182,39.1648644857113]],[[-123.75770662781711,39.16428792692814],[-123.75724366908258,39.164302187362814],[-123.75722531259275,39.16394255679288],[-123.7576882690702,39.16392829642994],[-123.75770662781711,39.16428792692814]],[[-123.75815122536834,39.16391403431098],[-123.7576882690702,39.16392829642994],[-123.75765155211425,39.16320903558385],[-123.75857745550297,39.16318050987688],[-123.75815122536834,39.16391403431098]],[[-123.7558364420849,39.16398532734562],[-123.75537348489051,39.16399958068449],[-123.75487383764593,39.16329457056075],[-123.75579974318558,39.163266065925804],[-123.7558364420849,39.16398532734562]],[[-123.75765155211425,39.16320903558385],[-123.75718860015095,39.16322329580333],[-123.75715188842622,39.162504035014116],[-123.75624434424869,39.16289218041125],[-123.75620764191049,39.16217291943529],[-123.757596478025,39.16213014469028],[-123.75761483587546,39.162489774938074],[-123.75807778314542,39.162475513106045],[-123.75765155211425,39.16320903558385]],[[-123.75854073023608,39.16246124951806],[-123.75807778314542,39.162475513106045],[-123.75805942303796,39.162115882929996],[-123.75852236787162,39.16210161941375],[-123.75854073023608,39.16246124951806]],[[-123.75620764191049,39.16217291943529],[-123.75574469618054,39.16218717417168],[-123.75572634753726,39.161827543687075],[-123.75618929101023,39.16181328902238],[-123.75620764191049,39.16217291943529]],[[-123.75941152378222,39.16135382734176],[-123.75894858382111,39.16136809422643],[-123.75891185583363,39.16064883451137],[-123.75937479128092,39.16063456777022],[-123.75941152378222,39.16135382734176]],[[-123.75707846712784,39.16106551403617],[-123.7566155285272,39.16107977206937],[-123.75659717590764,39.16072014187817],[-123.75706011225138,39.1607058839167],[-123.75707846712784,39.16106551403617]]]},"properties":{"id":"cdfw-ds3091-7-31-10-5","source":"CDFW ds3091 predicted substrate","source_url":"https://tiledimageservices2.arcgis.com/Uq9r85Potqm3MfRV/arcgis/rest/services/biosds3091_cru/ImageServer","metadata_url":"https://filelib.wildlife.ca.gov/public/BDB/GIS/BIOS/metadata/ds3091.html","source_tile_sha256":"7b0f09ed60e6c42982c19a1f35ddaba6a05c1128bef23b74e5f28a885f512962","source_class":"Predicted hard (rugosity proxy)","display_resolution_m":40,"approx_area_m2":291200,"fishing_target":false,"exportable":false,"depth_qualified":false,"fish_confirmed":false,"mpa_screened_at":"2026-09-23T20:44:08Z"}},{"type":"Feature","geometry":{"type":"Polygon","coordinates":[[[-123.75273781888613,39.175967166272216],[-123.75271948149432,39.17560753330179],[-123.7531825121817,39.17559328996214],[-123.75298078785791,39.17163733141275],[-123.75251778200528,39.17165157396405],[-123.75248111169913,39.170932309286286],[-123.75201811018256,39.17094654993808],[-123.75199977755562,39.17058691760317],[-123.75105545056752,39.17025576106712],[-123.75062910455856,39.17098926135625],[-123.74970309991423,39.17101772685404],[-123.74927673602379,39.17175122264913],[-123.7483507212755,39.17177967789605],[-123.74829577703912,39.17070077902139],[-123.74875877772998,39.17068655249079],[-123.74874046108472,39.170326919705005],[-123.75059245302889,39.17026999630706],[-123.75057412753254,39.16991036385806],[-123.75011113207242,39.16992459727021],[-123.7500744861316,39.169205332380066],[-123.74914850370439,39.16923379364946],[-123.74864888054196,39.168528756531614],[-123.74818589339594,39.16854298263278],[-123.74822252056151,39.16926224789422],[-123.74729653670316,39.16929069511431],[-123.74727822754585,39.16893106231532],[-123.74681523760587,39.168945283219585],[-123.74679693088481,39.16858565039936],[-123.74725991856734,39.16857142956664],[-123.74724160976767,39.1682117968683],[-123.74814926694583,39.16782371757262],[-123.74813095398905,39.16746408511798],[-123.74766797343632,39.16747830924831],[-123.74763135257399,39.166759044346726],[-123.74809432861207,39.16674482035951],[-123.74807601619186,39.166385188055635],[-123.746687094313,39.166427854534334],[-123.74672370578845,39.167147119621596],[-123.74626072695662,39.16716133841204],[-123.74622411999579,39.16644207318172],[-123.7452981708251,39.1664705052082],[-123.74527987212738,39.16611087252537],[-123.74481689953124,39.16612508583297],[-123.74478030718645,39.165405820474966],[-123.74524327526811,39.165391607310376],[-123.74520667912365,39.16467234229615],[-123.74566964251215,39.1646581275185],[-123.74565134245083,39.164298495158114],[-123.74611430340343,39.16428427869593],[-123.74613260572194,39.16464391098478],[-123.74752149427876,39.16460125084737],[-123.74750318518875,39.16424161877309],[-123.74842910548496,39.16421317004435],[-123.7484107920595,39.16385353816331],[-123.74746656754516,39.16352235477497],[-123.7474299506168,39.162803090977256],[-123.74789290182589,39.16278886777708],[-123.74791121245774,39.16314849957935],[-123.7483741657451,39.163134274551616],[-123.74835585285616,39.16277464282091],[-123.74881880370761,39.1627604161087],[-123.7488371188536,39.16312004776787],[-123.74976302453398,39.16309158893234],[-123.75026262147698,39.16379661991966],[-123.75072557838405,39.16378238596869],[-123.75070725385191,39.163422754495684],[-123.75163316261495,39.163394281468875],[-123.75161483374761,39.16303465018922],[-123.7525224040781,39.162646539195215],[-123.75248573821037,39.16192727717272],[-123.7520227933045,39.16194151778963],[-123.75244907305877,39.16120801535031],[-123.7515048643025,39.160876863562244],[-123.7514682092527,39.16015760175334],[-123.75100527527351,39.160171838500275],[-123.75098695027395,39.15981220759918],[-123.75052401837272,39.159826442518586],[-123.75048737342415,39.15910718072302],[-123.75002444585765,39.15912141374333],[-123.75006108629252,39.15984067568206],[-123.74913522159542,39.159869136741236],[-123.74915353756748,39.16022876792865],[-123.74822766764115,39.160257222107205],[-123.7482093561829,39.15989759077669],[-123.74774642320838,39.15991181516051],[-123.74776473240973,39.160271446562575],[-123.74683886141052,39.16029989020547],[-123.74685716627685,39.16065952180057],[-123.74639422825219,39.16067374105964],[-123.7464308340072,39.16139300454284],[-123.74596789128987,39.16140722218896],[-123.74594959057994,39.16104759035085],[-123.74270900235446,39.16114706420607],[-123.74276385762333,39.16222596137148],[-123.74091206190994,39.16228276580025],[-123.74087550960833,39.16156350040183],[-123.74041256474777,39.16157769697622],[-123.74033947131419,39.16013916649414],[-123.73943186769033,39.16052718649211],[-123.73941359911349,39.160167553803824],[-123.73895066274552,39.16018174482475],[-123.73891413064086,39.15946247945533],[-123.73797000512647,39.159131223191416],[-123.73793348311948,39.158411957836215],[-123.73839640855978,39.15839777068398],[-123.73837814556695,39.15803813815261],[-123.73930399139887,39.15800975872311],[-123.73928572407078,39.15765012638434],[-123.74019329301238,39.15726210792787],[-123.73969383677829,39.156557037604145],[-123.73876800935717,39.15658541997451],[-123.73871321681875,39.1555065234918],[-123.73917612384847,39.15549233339862],[-123.73915785776904,39.155132701408654],[-123.74010193737276,39.15546394794475],[-123.74008366678007,39.15510431609751],[-123.74054657101797,39.155090120808204],[-123.74052829834712,39.15473048908213],[-123.74143582476879,39.15434246184529],[-123.74141754794168,39.15398283036146],[-123.74095465083039,39.15399702894823],[-123.74091810222461,39.15327776598696],[-123.7418256086944,39.15288973607988],[-123.74178905213343,39.152170473702235],[-123.74086328065425,39.15219887191761],[-123.74079018772517,39.15076034718674],[-123.74032731074348,39.1507745433753],[-123.74030904021362,39.150414912245196],[-123.73940155624493,39.15080293048524],[-123.73936502438892,39.15008366798917],[-123.7407536423312,39.15004108511886],[-123.74069882557836,39.14896219238861],[-123.74023595987815,39.14897638822029],[-123.74021769024027,39.1486167573379],[-123.74114341694981,39.14858836406155],[-123.7411251429779,39.148228733371354],[-123.73557079909551,39.14839898683317],[-123.73558904599281,39.1487586183793],[-123.73697764113881,39.148716078501444],[-123.73701414900546,39.14943534131444],[-123.73747701821019,39.14942115770119],[-123.7375135313024,39.1501404205697],[-123.73797640484148,39.15012623505813],[-123.73712367688321,39.15159313094266],[-123.73804944219059,39.15156476110467],[-123.73808596193491,39.15228402442562],[-123.73854884883401,39.15226983673034],[-123.7385671112301,39.15262946839393],[-123.73949288900624,39.15260108759341],[-123.7395111560936,39.152960719163964],[-123.7385853738045,39.15298910010719],[-123.73860363655724,39.153348731870125],[-123.73906653004747,39.153334542205066],[-123.73908479523506,39.153694173946334],[-123.74001058619348,39.15366578920611],[-123.74002885607253,39.154025420854374],[-123.73910306060102,39.15405380573732],[-123.73912132614532,39.154413437578036],[-123.73865842588546,39.154427627457146],[-123.7386218994883,39.15370836368276],[-123.73771436605612,39.15409636989321],[-123.73769610745981,39.1537367378882],[-123.73723321117814,39.15375092235724],[-123.7376595908021,39.15301747402731],[-123.73673380708654,39.1530458409243],[-123.73678856880134,39.15412473721811],[-123.73725146751788,39.154110554433544],[-123.7372697240359,39.154470186559635],[-123.73680682306279,39.1544843694155],[-123.73682507750249,39.15484400166261],[-123.7372879807322,39.154829818735415],[-123.73730623760677,39.15518945096097],[-123.73684333212044,39.155203633959474],[-123.73691635237486,39.15664216364487],[-123.73737926688788,39.15662798036108],[-123.7373975246539,39.15698761283566],[-123.73648994436685,39.157375610457066],[-123.73652645176318,39.158094875940826],[-123.73698937548157,39.15808069412762],[-123.73704414468351,39.159159592513525],[-123.7361182835274,39.15918795481191],[-123.73613653577085,39.15954758784971],[-123.73798826639748,39.159490855943886],[-123.7380065278468,39.159850488746315],[-123.73846946231458,39.15983630130865],[-123.73850599026211,39.160555566920735],[-123.73804305128047,39.1605697545011],[-123.7380795754275,39.1612890204559],[-123.73854251892311,39.1612748327328],[-123.73857904829758,39.16199409874496],[-123.73811610028793,39.162008286610764],[-123.73817088891619,39.16308718621859],[-123.73863384369709,39.163072998138695],[-123.73913333397213,39.163778074673004],[-123.74052221025198,39.16373549420075],[-123.74055876018114,39.16445476034312],[-123.7424471794802,39.16511722699575],[-123.74298329477124,39.166541554542654],[-123.7434462703393,39.16652734818798],[-123.74346456018651,39.166886981206986],[-123.74392753783327,39.16687277302472],[-123.744427104561,39.16757782898923],[-123.74535306799055,39.16754940355815],[-123.74538966699446,39.16826866937615],[-123.74492668085426,39.168282883112774],[-123.74494497836689,39.16864251616875],[-123.74448198979057,39.168656728220725],[-123.74405558756716,39.16939020506548],[-123.74451858083705,39.1693759946267],[-123.74453687662833,39.169735627905176],[-123.74499987197704,39.169721415638705],[-123.74498157392829,39.1693617824317],[-123.74590755957453,39.169333352773236],[-123.74592586213825,39.16969298583722],[-123.74687015884192,39.17002418198231],[-123.74694338965995,39.17146271437138],[-123.74648038373854,39.171476934020276],[-123.74651699570524,39.17219620066054],[-123.74836903637875,39.17213931095516],[-123.74838735166087,39.17249894406474],[-123.74931337543967,39.17247048853148],[-123.7494049771108,39.174268654121036],[-123.7512570676749,39.17421172054728],[-123.751275397577,39.17457135353032],[-123.75173842202827,39.17455711567453],[-123.75181175245837,39.17599564782593],[-123.75273781888613,39.175967166272216]],[[-123.75209144248086,39.17238507978201],[-123.7516284317549,39.17239931896417],[-123.75161010066932,39.17203968635587],[-123.7520731091377,39.17202544724534],[-123.75209144248086,39.17238507978201]],[[-123.75068408319547,39.172068159308225],[-123.75022107419005,39.17208239315007],[-123.75020275005635,39.17172276037734],[-123.75066575680418,39.17170852660711],[-123.75068408319547,39.172068159308225]],[[-123.75112876337299,39.17169429108068],[-123.75066575680418,39.17170852660711],[-123.75064743059187,39.17134889395648],[-123.75111043490311,39.17133465850166],[-123.75112876337299,39.17169429108068]],[[-123.74607769930263,39.163565014268634],[-123.7451517862472,39.16359344515096],[-123.74513348897914,39.163233812869485],[-123.74605939752036,39.163205382130165],[-123.74607769930263,39.163565014268634]],[[-123.75161483374761,39.16303465018922],[-123.75115188171266,39.16304888750899],[-123.75113355528137,39.16268925620776],[-123.75159650505927,39.16267501895958],[-123.75161483374761,39.16303465018922]],[[-123.75068892949872,39.16306312307278],[-123.75022597710583,39.16307735688057],[-123.75020765518863,39.162717725436124],[-123.75067060532447,39.16270349169995],[-123.75068892949872,39.16306312307278]],[[-123.74467053444049,39.1632480256051],[-123.74420757972317,39.16326223658473],[-123.74418928714795,39.16290260421035],[-123.74465223960819,39.16288839330223],[-123.74467053444049,39.1632480256051]],[[-123.74928175438019,39.16274618764052],[-123.74881880370761,39.1627604161087],[-123.74880048874047,39.16240078449964],[-123.74926343715602,39.16238655610303],[-123.74928175438019,39.16274618764052]],[[-123.74696699922889,39.16281731242144],[-123.74650404766221,39.16283153210961],[-123.74646744047722,39.162112268226146],[-123.74739333440361,39.16208382737989],[-123.74696699922889,39.16281731242144]],[[-123.74557814399262,39.162859966217944],[-123.74511519188974,39.162874180638084],[-123.74509689497904,39.162514548456784],[-123.74555984482485,39.16250033410815],[-123.74557814399262,39.162859966217944]],[[-123.74418928714795,39.16290260421035],[-123.74372633450908,39.162916813362486],[-123.74370804436957,39.16255718096676],[-123.74417099475139,39.16254297188611],[-123.74418928714795,39.16290260421035]],[[-123.7483375401461,39.16241501114027],[-123.74787459137285,39.16242923602491],[-123.74785628109862,39.16206960432279],[-123.74831922761486,39.1620553795097],[-123.7483375401461,39.16241501114027]],[[-123.74785628109862,39.16206960432279],[-123.74739333440361,39.16208382737989],[-123.74737502656522,39.16172419565626],[-123.74783797100322,39.1617099726707],[-123.74785628109862,39.16206960432279]],[[-123.75154152006824,39.1615961255711],[-123.75107857706135,39.161610362604456],[-123.75106025134596,39.16125073150341],[-123.75152319209589,39.16123649454167],[-123.75154152006824,39.1615961255711]],[[-123.74737502656522,39.16172419565626],[-123.74691208194841,39.161738416885854],[-123.7468937765458,39.16137878514076],[-123.74735671890562,39.161364563982694],[-123.74737502656522,39.16172419565626]],[[-123.75106025134596,39.16125073150341],[-123.75059731041705,39.1612649667092],[-123.75056066403701,39.160545704513936],[-123.75102360045204,39.16053146945134],[-123.75106025134596,39.16125073150341]],[[-123.74828260308888,39.161336116398665],[-123.74781966108665,39.16135034106867],[-123.74780135134887,39.16099070951666],[-123.74826429109413,39.1609764849182],[-123.74828260308888,39.161336116398665]],[[-123.74965310925685,39.1609338005871],[-123.74919017004814,39.160948030453426],[-123.74917185371837,39.16058839916604],[-123.74963479067016,39.160574169371294],[-123.74965310925685,39.1609338005871]],[[-123.73880453860792,39.15730468454544],[-123.73786044124537,39.15697342772465],[-123.73782392137822,39.15625416296802],[-123.73876800935717,39.15658541997451],[-123.73880453860792,39.15730468454544]]]},"properties":{"id":"cdfw-ds3091-7-31-11-1","source":"CDFW ds3091 predicted substrate","source_url":"https://tiledimageservices2.arcgis.com/Uq9r85Potqm3MfRV/arcgis/rest/services/biosds3091_cru/ImageServer","metadata_url":"https://filelib.wildlife.ca.gov/public/BDB/GIS/BIOS/metadata/ds3091.html","source_tile_sha256":"3e86113611860718529b88991bcd01cd71153f2ec9a14303516ec39a19486444","source_class":"Predicted hard (rugosity proxy)","display_resolution_m":40,"approx_area_m2":1044800,"fishing_target":false,"exportable":false,"depth_qualified":false,"fish_confirmed":false,"mpa_screened_at":"2026-09-23T20:44:08Z"}},{"type":"Feature","geometry":{"type":"Polygon","coordinates":[[[-123.74019942078075,39.148257126504944],[-123.7397000255431,39.14755205877809],[-123.73831145391166,39.14759462961602],[-123.73827493429042,39.146875367725634],[-123.73966349238506,39.146832797315724],[-123.73964522607355,39.14647316665868],[-123.74058919688974,39.14680440826431],[-123.74055265542076,39.14608514728502],[-123.741496625345,39.14641638181882],[-123.74144180040791,39.14533749100035],[-123.7428303276836,39.14529488457905],[-123.74281204629344,39.14493525461911],[-123.7437560116416,39.145266471520266],[-123.74373772573945,39.14490684170315],[-123.74464511423578,39.14451879213997],[-123.74455366573673,39.14272064475469],[-123.74409083999554,39.14273485517301],[-123.74410912708237,39.14309448462298],[-123.74272064202,39.14313710555909],[-123.74273892251772,39.143496735272514],[-123.74227609155075,39.143510938811545],[-123.74231264856978,39.144230198529044],[-123.74184981291248,39.14424440045531],[-123.74179498441934,39.14316551073885],[-123.74225781330891,39.143151309026734],[-123.74220297965417,39.142072419967754],[-123.74174015753213,39.14208662146573],[-123.74170360716613,39.14136736219637],[-123.74216642477657,39.14135316084117],[-123.74207504070537,39.13955501388516],[-123.74253784685881,39.139540811131354],[-123.7424830117904,39.13846192376126],[-123.74202021240384,39.13847612630093],[-123.74152086604109,39.13777106879829],[-123.74105807080883,39.13778526768442],[-123.7411494278632,39.13958341412641],[-123.7402238143075,39.13961180734591],[-123.74027861714656,39.14069069622839],[-123.73933472606333,39.14035945303477],[-123.73931646296172,39.13999982326462],[-123.7397792724411,39.13998563097218],[-123.73974274226146,39.13926637172191],[-123.73927993729339,39.13928056387171],[-123.7392982000384,39.13964019354362],[-123.7388353926364,39.13965438400929],[-123.73840910205826,39.14038783249592],[-123.73702066471375,39.14043038852164],[-123.73755649543742,39.141854725648344],[-123.73709367378791,39.14186890951992],[-123.73707542125207,39.14150927919655],[-123.73616802995434,39.141897271996555],[-123.73618627815672,39.14225690251166],[-123.73664910241844,39.142242722079814],[-123.73672210603321,39.1436812443476],[-123.73718493914026,39.14366706187509],[-123.7372031927454,39.14402669249394],[-123.73766602793017,39.144012508194606],[-123.73764777206914,39.14365287764707],[-123.73811060481972,39.14363869166347],[-123.73816537970549,39.144717583240094],[-123.7386282190457,39.144703395287],[-123.7386647410396,39.14542265644207],[-123.73820189718738,39.1454368445378],[-123.7381836383573,39.14507721386427],[-123.73725795463008,39.14510558464632],[-123.7372762089481,39.145465215462465],[-123.73635051999591,39.14549357936475],[-123.7359241708869,39.14622702089059],[-123.73453562205141,39.14626954873779],[-123.73455386336752,39.14662918012971],[-123.73409101114335,39.146643352638776],[-123.73414572939191,39.14772224732483],[-123.73460858838455,39.147708074601994],[-123.73510793594674,39.148413163209824],[-123.74019942078075,39.148257126504944]],[[-123.74055265542076,39.14608514728502],[-123.74008980776975,39.146099342545824],[-123.7400715395589,39.14573971205891],[-123.74053438495382,39.145725516869476],[-123.74055265542076,39.14608514728502]],[[-123.74323831934895,39.14420178940984],[-123.74277548404861,39.144215994847215],[-123.74273892251772,39.143496735272514],[-123.74320175330624,39.14348252997794],[-123.74323831934895,39.14420178940984]],[[-123.73857343739209,39.143624503924336],[-123.73811060481972,39.14363869166347],[-123.73809234688102,39.14327906123653],[-123.73855517719743,39.1432648735687],[-123.73857343739209,39.143624503924336]],[[-123.73889017517413,39.1407332735337],[-123.7384273608267,39.14074746245787],[-123.73840910205826,39.14038783249592],[-123.73887191414994,39.14037364364308],[-123.73889017517413,39.1407332735337]]]},"properties":{"id":"cdfw-ds3091-7-32-11-1","source":"CDFW ds3091 predicted substrate","source_url":"https://tiledimageservices2.arcgis.com/Uq9r85Potqm3MfRV/arcgis/rest/services/biosds3091_cru/ImageServer","metadata_url":"https://filelib.wildlife.ca.gov/public/BDB/GIS/BIOS/metadata/ds3091.html","source_tile_sha256":"253aeb6ced9cbd7a96a4a3af3d06e8189685c648099809e64b1ae575a4501f1f","source_class":"Predicted hard (rugosity proxy)","display_resolution_m":40,"approx_area_m2":448000,"fishing_target":false,"exportable":false,"depth_qualified":false,"fish_confirmed":false,"mpa_screened_at":"2026-09-23T20:44:08Z"}},{"type":"Feature","geometry":{"type":"Polygon","coordinates":[[[-123.73572345371686,39.142271081187964],[-123.7357052077703,39.1419114506016],[-123.73524238540811,39.141925627451165],[-123.73522414189551,39.14156599684272],[-123.73568696200189,39.14155182006442],[-123.73518765540467,39.1408467357735],[-123.73657610165466,39.140804200599696],[-123.73655785190914,39.140444570352585],[-123.7360950389264,39.140458750428074],[-123.73605854448132,39.13973948993886],[-123.73511468456029,39.13940821422494],[-123.7350782002067,39.138688953745415],[-123.73461539796799,39.13870312819829],[-123.73463363780007,39.139062758484734],[-123.73368979295634,39.13873147183773],[-123.73370802827716,39.13909110226662],[-123.7328006490296,39.13947906964715],[-123.73283711153856,39.14019833103534],[-123.73191148705733,39.14022666120081],[-123.7319297140673,39.14058629211098],[-123.73146689930404,39.140600454631674],[-123.73144867454981,39.14024082365032],[-123.73052304900094,39.140269143282914],[-123.73041373128012,39.13811135757242],[-123.73226492752993,39.13805471299336],[-123.73269126577442,39.13732128666088],[-123.73454244042027,39.13726460754308],[-123.73452420147851,39.13690497750187],[-123.73544978322208,39.136876627553036],[-123.73543153994736,39.1365169977033],[-123.73728269227509,39.13646027702602],[-123.73726444015654,39.13610064751028],[-123.73633886885992,39.136129011217164],[-123.73628412710599,39.13505012253614],[-123.734895789124,39.13509265429002],[-123.73491402943093,39.135452284015116],[-123.73397022957896,39.13512100001587],[-123.73402493750126,39.13619988976535],[-123.73356215069535,39.13621406020888],[-123.73354391679868,39.135854430172216],[-123.73308113207025,39.13586859878918],[-123.73306290060704,39.13550896873029],[-123.73211910835279,39.13517767040343],[-123.7321008817564,39.13481804030006],[-123.73348921617678,39.13477554035596],[-123.73347098299215,39.134415910515074],[-123.73161987909731,39.13447257331178],[-123.73160165511214,39.134112943235074],[-123.7306578873114,39.133781633789006],[-123.73067610660793,39.134141263959116],[-123.73021333208901,39.13415542168816],[-123.73024976670493,39.13487468231734],[-123.72886142854884,39.134917145399186],[-123.72843506609163,39.135650557643004],[-123.72704671226961,39.13569300008718],[-123.72654752806673,39.134987882095274],[-123.72562196663003,39.1350161644862],[-123.72604835341862,39.1342827622595],[-123.72466002399676,39.13432517752057],[-123.7246418340201,39.13396554642634],[-123.72417905944637,39.13397968126499],[-123.72416087190265,39.13362005014866],[-123.7250864163618,39.13359177885807],[-123.72503184126397,39.132512886228426],[-123.72456907588916,39.1325270225383],[-123.72460545459948,39.13324628438459],[-123.72414268453649,39.133260419081196],[-123.72412449734784,39.13290078806259],[-123.72273619285959,39.132943181407505],[-123.72269983254678,39.132223919090876],[-123.7236253600286,39.132195658900216],[-123.72360717562786,39.13183602795712],[-123.72453269788909,39.13180776088734],[-123.72455088680034,39.1321673916884],[-123.7264019382129,39.13211083620132],[-123.72636554252601,39.13139157521628],[-123.72590278444976,39.131405716578875],[-123.72540364024037,39.130700595112145],[-123.72723645241642,39.130284396539956],[-123.72725465414844,39.13064402671964],[-123.7277174071813,39.13062988023338],[-123.72773561134619,39.130989510390755],[-123.72727285605814,39.13100365694808],[-123.72730926041062,39.13172291755127],[-123.72777202020907,39.13170877085179],[-123.72775381568877,39.131349140596875],[-123.72821657305431,39.13133499221321],[-123.72823477982982,39.13169462239705],[-123.72916029853808,39.13166632022174],[-123.72873395786759,39.13239973255891],[-123.72919672164335,39.132385580451405],[-123.72921493346263,39.13274521063946],[-123.73015868149898,39.13307653111102],[-123.7301404649913,39.132716901016366],[-123.7306032304889,39.13270274357187],[-123.73056679349652,39.13198348367132],[-123.72964127134453,39.1320117965205],[-123.72956841753549,39.13057327673593],[-123.72910566521358,39.13058743024315],[-123.72906924388607,39.12986817050119],[-123.72953199169773,39.12985401713618],[-123.7294773542745,39.12877512810188],[-123.7290146132281,39.12878928125359],[-123.72899640336426,39.128429651601756],[-123.72807092524829,39.1284579524974],[-123.72803451507396,39.127738693055356],[-123.7275717802594,39.127752840728235],[-123.72762638902242,39.12883173017753],[-123.72623816321752,39.12887416330465],[-123.72573903294789,39.12816904391999],[-123.72296260253806,39.128253851400274],[-123.7224635078163,39.12754871878781],[-123.72200077312601,39.12756284532754],[-123.72201894863171,39.12792247589885],[-123.72063073673131,39.12796484519983],[-123.72061256799064,39.12760521441568],[-123.72151986518499,39.127217339518474],[-123.72148351957058,39.12649807847705],[-123.72333443091733,39.126441569659335],[-123.7233526126556,39.12680119987187],[-123.72427807177407,39.126772934790154],[-123.72425988552592,39.12641330471958],[-123.72472261256395,39.126399169616974],[-123.72475898974763,39.127118429664684],[-123.725221721118,39.12710429266489],[-123.72520353018244,39.126744662687756],[-123.72659171646319,39.12670224137053],[-123.72653712442781,39.125623352369864],[-123.72836980391389,39.12520713760863],[-123.72838800992315,39.125566766894174],[-123.72933166230135,39.1258980928175],[-123.72936808422801,39.126617351346994],[-123.72890535671151,39.12663150407213],[-123.72940450686576,39.12733661007082],[-123.73079270187823,39.127294140937884],[-123.7308291387569,39.12801339942944],[-123.73129187458204,39.12799923939922],[-123.73131009554312,39.12835886864682],[-123.73177283344539,39.12834470679027],[-123.73175461022929,39.127985077613815],[-123.73314281610368,39.127942581726536],[-123.73271653662025,39.1286760068944],[-123.73460396842881,39.12933858533226],[-123.73456749404663,39.128619327590194],[-123.73503023295824,39.12860515337617],[-123.73501199377915,39.128245524649316],[-123.73595571024727,39.128576799682556],[-123.73588273655949,39.1271382856367],[-123.73542000702386,39.12715246307619],[-123.73584625078406,39.12641902890536],[-123.73538352575827,39.12643320620242],[-123.73536528539253,39.126073577838405],[-123.73443983931648,39.126101927024756],[-123.73394064934315,39.12539684197562],[-123.73347793036984,39.12541101203865],[-123.73349616136016,39.12577064059037],[-123.73257071837,39.12579897559336],[-123.73255249188935,39.12543934689931],[-123.73301521121857,39.12542518034653],[-123.7329787542814,39.12470592324633],[-123.73482961178027,39.124649240053564],[-123.73484784917906,39.12500886829468],[-123.73531056536359,39.12499469303756],[-123.73580976572094,39.12569977236827],[-123.736272486059,39.125685593458506],[-123.7362542415397,39.12532596533399],[-123.73719792620078,39.125657230373655],[-123.73762414361518,39.124923790425484],[-123.73808685873114,39.1249096046378],[-123.7381051120915,39.12526923242879],[-123.73903054629845,39.125240855445604],[-123.73901228842853,39.12488122779713],[-123.7394750030099,39.12486703674416],[-123.73943848329516,39.124147781735196],[-123.73897577322327,39.1241619726456],[-123.73895751588799,39.12380234514254],[-123.73942022370517,39.123788154303426],[-123.73938370505981,39.12306889958516],[-123.74032737488362,39.12340014011921],[-123.74030911114073,39.12304051292687],[-123.74123451650857,39.12301211924841],[-123.74166067844627,39.12227866596505],[-123.74119798053907,39.12229286529419],[-123.74117971282176,39.12193323838967],[-123.73979162479417,39.121975825633115],[-123.73975510342188,39.12125657154134],[-123.73884797561841,39.121644581141034],[-123.73881146362079,39.12092532686086],[-123.73834877366237,39.12093951537483],[-123.73836702731755,39.121299142562],[-123.73790433492643,39.12131332939222],[-123.73788608352577,39.12095370213379],[-123.73696070271819,39.12098207038675],[-123.73694245600475,39.120622443034186],[-123.7378678323033,39.12059407492371],[-123.73784958125894,39.120234447761945],[-123.73646152330748,39.1202769970815],[-123.73644327920474,39.11991736975431],[-123.73690596311218,39.119903188473984],[-123.73686947093194,39.11918393410697],[-123.7377948291947,39.11915556656635],[-123.73774007873362,39.118076685805036],[-123.73681473399722,39.118105052918274],[-123.73679648870848,39.117745425951824],[-123.73633381832752,39.11775960680485],[-123.7363520613619,39.11811923384252],[-123.73542671555711,39.118147590426204],[-123.73540847703144,39.117787963246144],[-123.73448313502332,39.117816312667756],[-123.73446490118435,39.117456685393506],[-123.73307689360054,39.11749919615051],[-123.73302221344014,39.1164203139765],[-123.73209688768728,39.11644864527978],[-123.73206044415346,39.115729390453325],[-123.73159778551879,39.1157435533304],[-123.73163422454407,39.11646280829908],[-123.7307088977242,39.116491129073005],[-123.730727112995,39.11685075677178],[-123.7311897787481,39.11683659719118],[-123.73122621433168,39.11755585259101],[-123.73030087363031,39.11758417028174],[-123.7302826602583,39.11722454241552],[-123.72981999189533,39.1172386985574],[-123.72985641430837,39.11795795448021],[-123.73031908718008,39.117943798196144],[-123.73033730090762,39.118303426158775],[-123.72941195047767,39.11833173711413],[-123.72943015987414,39.118691365267146],[-123.72896748213815,39.11870551818352],[-123.72846839462684,39.1180004128028],[-123.72756124748521,39.11838833796555],[-123.72761584915449,39.119467223422106],[-123.72854121453278,39.11943892607998],[-123.72904031248348,39.12014403156251],[-123.7271713648561,39.119840998113794],[-123.72713496771927,39.11912174085588],[-123.7266722868405,39.119135885068474],[-123.72669048306562,39.119495513744326],[-123.72530243260036,39.11953793606534],[-123.72528424313869,39.119178307176426],[-123.72574692455018,39.11916416822874],[-123.72571054165051,39.11844491073778],[-123.7252478647479,39.11845904954346],[-123.72522967581881,39.11809942079931],[-123.72476700099311,39.11811355777906],[-123.72474881449594,39.117753929012174],[-123.72380528700992,39.11742256870423],[-123.7242315900837,39.11668917794158],[-123.72238092436622,39.11674570015593],[-123.72188191314817,39.11604056837066],[-123.7209565878876,39.11606881515483],[-123.72097475546288,39.116428444248385],[-123.72143742043615,39.11641432166284],[-123.72145559044307,39.11677395073361],[-123.72099292321548,39.11678807339008],[-123.72102925925262,39.11750733181805],[-123.72010391524803,39.117535572149855],[-123.72008575164956,39.11717594276996],[-123.71917857053432,39.117563805461906],[-123.71916041144462,39.117204175940245],[-123.71869774107628,39.117218289892975],[-123.71819876190044,39.11651314290856],[-123.71727342929523,39.11654136175597],[-123.71725527975454,39.11618173209542],[-123.71634809598149,39.1165695735837],[-123.71632995094944,39.1162099437815],[-123.71586728628125,39.11622404699217],[-123.71583100125704,39.115504787390584],[-123.71536834092039,39.11551888870474],[-123.71535020092816,39.11515925890533],[-123.71581285901054,39.11514515766199],[-123.71577657504875,39.11442589834917],[-123.71670188166533,39.11439769088109],[-123.71668373544159,39.11403806143846],[-123.71714638623004,39.11402395514296],[-123.71757273590858,39.1132905886348],[-123.71851618246926,39.11362199661608],[-123.71847987287418,39.1129027385378],[-123.71894251619156,39.112888625435446],[-123.71944147794336,39.1135937683731],[-123.7199041254146,39.113579651619375],[-123.71988596376602,39.1132200227688],[-123.72127389835369,39.113177662191234],[-123.72121939418464,39.112098776565695],[-123.72168203193033,39.112084653076245],[-123.72166386197453,39.11172502470128],[-123.7226073068897,39.112056400832905],[-123.72258913242585,39.1116967725998],[-123.72443967119982,39.11164024733934],[-123.72486593451416,39.11090685602441],[-123.72579119346554,39.11087857963981],[-123.72577300375605,39.110518952047265],[-123.72531037662306,39.11053309104596],[-123.72527400224448,39.109813835862546],[-123.72573662486963,39.10979969700581],[-123.72523762857583,39.10909458087067],[-123.72570024669325,39.10908044215589],[-123.7256820578713,39.1087208148027],[-123.72475682596671,39.1087490903356],[-123.72433057404645,39.109482480650016],[-123.72249826276706,39.10989863215338],[-123.72246191614506,39.10917937631013],[-123.72292453532704,39.1091652481237],[-123.7229063600282,39.10880562034478],[-123.72384977315885,39.109136986486675],[-123.72381341372316,39.108417731260424],[-123.72194478494443,39.10811461912306],[-123.72189027469896,39.10703573593461],[-123.7214276686852,39.10704986018615],[-123.72140950121174,39.10669023248131],[-123.72094689727439,39.106704354907286],[-123.7209650624941,39.10706398268301],[-123.72005801046961,39.10745185037794],[-123.72002168886793,39.106732594495206],[-123.71817126992846,39.10678905261495],[-123.71811681589956,39.105710168298806],[-123.7171916188892,39.10573838640569],[-123.71720976554765,39.106098014605],[-123.71582196194294,39.106140328817794],[-123.71584010201731,39.10649995727721],[-123.71491489422158,39.10652815812062],[-123.71486048805171,39.10544927246092],[-123.71439789064948,39.105463370038315],[-123.71397155465844,39.10619672320287],[-123.7130463499545,39.10622490986737],[-123.71254749927124,39.10551974280142],[-123.71301009738116,39.10550565224262],[-123.7129919713598,39.10514602350186],[-123.71391716254159,39.10511783726179],[-123.71389903218984,39.10475820871017],[-123.71343643894106,39.10477230263679],[-123.71338205570814,39.10369341705576],[-123.71291946904324,39.10370750901556],[-123.71293759435707,39.10406713756562],[-123.71108723691466,39.10412348814149],[-123.7110691206152,39.10376385930858],[-123.71153170798743,39.103749774367245],[-123.71151358961119,39.10339014565267],[-123.71382651255203,39.10331969498038],[-123.71379025379461,39.10260043840129],[-123.71425283334509,39.10258634314454],[-123.71423470197826,39.102226714997094],[-123.71469727909829,39.10221261805652],[-123.71471541271863,39.102572246133185],[-123.71564057093484,39.10254404684673],[-123.71554988206829,39.10074590764667],[-123.71462474638648,39.10077410622551],[-123.71464287929902,39.10113373411193],[-123.71373586698529,39.10152155388957],[-123.71371773840265,39.1011619258141],[-123.71233002573145,39.10120420020823],[-123.71231190408592,39.10084457196816],[-123.71138676592771,39.10087274598342],[-123.71136864896583,39.100513117649484],[-123.71044351460729,39.10054128450521],[-123.71042540232894,39.100181656077396],[-123.70996283713791,39.10019573680279],[-123.7099809471629,39.10055536530129],[-123.70951837954182,39.10056944434281],[-123.7095727039168,39.10164833033535],[-123.7091101293587,39.101662407834276],[-123.70912823558366,39.10202203666422],[-123.7082030814305,39.102050186539685],[-123.70823928539639,39.10276944462484],[-123.70870186706831,39.102755370423125],[-123.70920066225024,39.10346055245984],[-123.70827549006886,39.103488702900414],[-123.70784910458504,39.10422203409621],[-123.70831169544793,39.10420796136656],[-123.70832979840243,39.10456759067112],[-123.70971757669193,39.10452536174245],[-123.70973568658405,39.104884990882724],[-123.71019828124746,39.10487091099323],[-123.71023450606923,39.10559016927555],[-123.71115970388045,39.10556200394988],[-123.71121405596115,39.10664089130719],[-123.71167666136276,39.10662680580025],[-123.71169478133035,39.10698643494415],[-123.71263812076259,39.10731788757505],[-123.71317323953339,39.108742313058734],[-123.71363585775042,39.10872822010861],[-123.71361772788316,39.10836859100857],[-123.71500557471103,39.10832630184212],[-123.71502371133988,39.108685930729855],[-123.7145610936537,39.10870002894416],[-123.71457922820566,39.109059657950496],[-123.71367211801577,39.10944747845221],[-123.71370837898884,39.110166736987345],[-123.7132457517561,39.11018083022045],[-123.71328200892896,39.11090008908876],[-123.71420727223342,39.1108719005847],[-123.71426167284392,39.11195078882217],[-123.71518694896473,39.11192259287431],[-123.71522322593964,39.112641851656036],[-123.71476058345954,39.112655950648936],[-123.7147787199584,39.11301558018263],[-123.71524136469263,39.113001481118935],[-123.71529578201373,39.11408036979581],[-123.71483313051701,39.11409446907189],[-123.71485126772392,39.11445409879776],[-123.71438861379595,39.114468196389744],[-123.71437047884329,39.1141085665931],[-123.71298252276021,39.11415084862752],[-123.71301877931718,39.11487010869352],[-123.71396222561886,39.11520155210602],[-123.71405289353562,39.11699970264633],[-123.71451556342069,39.116985606313754],[-123.71455183633509,39.117704866725575],[-123.71643882379821,39.11836772331771],[-123.71647511616466,39.11908698354895],[-123.71693779869106,39.1190728780167],[-123.71651140923959,39.11980624397334],[-123.71836215631839,39.11974981074768],[-123.71839846813828,39.12046907079849],[-123.71749123760152,39.12085692144439],[-123.71752754146618,39.12157618206871],[-123.7179902394203,39.121562072530494],[-123.71848925078925,39.12226722177165],[-123.7203400581617,39.1222107584811],[-123.72037639050029,39.122930018641966],[-123.7194509781498,39.12295825408098],[-123.7194691400756,39.123317884375865],[-123.71900643137968,39.12333199953367],[-123.71902459122802,39.123691629947906],[-123.71809916879492,39.123719855140024],[-123.71813548000414,39.12443911639749],[-123.71767276401215,39.12445322650267],[-123.71769091762775,39.12481285727502],[-123.71861635394417,39.12478463516782],[-123.71865267072644,39.12550389657462],[-123.71911539312852,39.125489782746556],[-123.71915171512961,39.12620904420574],[-123.71961444186422,39.12619492848073],[-123.71963260538561,39.126554559212295],[-123.71916987639608,39.126568675008194],[-123.71970526124424,39.12799308262452],[-123.71924252323473,39.128007198704076],[-123.71885242570288,39.12945983778639],[-123.72072158309497,39.12976299985063],[-123.72075792288199,39.13048226205191],[-123.71983241582342,39.13051050046963],[-123.71992324584266,39.132308657535745],[-123.72038601073683,39.13229453884983],[-123.72036784212301,39.131934907409935],[-123.7212933668687,39.13190666491414],[-123.72136606043064,39.133345190399154],[-123.72044051764244,39.133373433462566],[-123.72049502614442,39.13445232851519],[-123.72095780439341,39.134438207648294],[-123.7209941487925,39.135157471119356],[-123.72238249600754,39.13511509756073],[-123.72240067523964,39.13547472915679],[-123.7233444275938,39.13580610270189],[-123.72295436964548,39.13725875941553],[-123.72341716505122,39.137244629203856],[-123.72391633458453,39.137949760639906],[-123.72437913414639,39.13793562677535],[-123.72436094464942,39.13757599512029],[-123.72528653872915,39.137547722267],[-123.72530473273733,39.13790735377997],[-123.72669312929148,39.13786493112119],[-123.72671133024416,39.13822456247002],[-123.72765513721143,39.13855590303395],[-123.72722874168703,39.139289312129584],[-123.72815435619113,39.13926101750033],[-123.72819077323007,39.13998028021336],[-123.72865358472691,39.1399661301233],[-123.72870821838596,39.14104502434809],[-123.72963385438081,39.14101671847477],[-123.7296520704677,39.14137634983912],[-123.73011489045417,39.14136219419809],[-123.73061415199346,39.14206729939327],[-123.73246544749533,39.142010651682625],[-123.73241075809635,39.140931758723],[-123.73287357475948,39.14091759262012],[-123.73285534306002,39.14055796180315],[-123.73331815728937,39.14054379401599],[-123.73328168991299,39.13982453267196],[-123.73418907088215,39.1394365616602],[-123.73429850114849,39.141594345132795],[-123.73476132161106,39.14158017186551],[-123.73479780430269,39.14229943327405],[-123.73572345371686,39.142271081187964]],[[-123.73516941242642,39.140487105312616],[-123.73470659890926,39.14050128012168],[-123.73468835836485,39.14014164963876],[-123.73515116962628,39.14012747490095],[-123.73516941242642,39.140487105312616]],[[-123.73513292700424,39.13976784453839],[-123.7346701179985,39.139782019204986],[-123.73465187781025,39.13942238882029],[-123.73511468456029,39.13940821422494],[-123.73513292700424,39.13976784453839]],[[-123.73128465976826,39.13700414702795],[-123.73035907482098,39.13703246537971],[-123.730340856357,39.13667283474687],[-123.73126643679319,39.136644516537416],[-123.73128465976826,39.13700414702795]],[[-123.73265480611316,39.13660202605784],[-123.7321920165178,39.13661619130643],[-123.73213733512712,39.13553730055575],[-123.73260011795608,39.13552313552069],[-123.73265480611316,39.13660202605784]],[[-123.730340856357,39.13667283474687],[-123.7298780658721,39.136686991218504],[-123.72985984984147,39.13632736056354],[-123.73032263807089,39.136313204163024],[-123.730340856357,39.13667283474687]],[[-123.73124821399605,39.13628488609587],[-123.73032263807089,39.136313204163024],[-123.7303044199626,39.135953573628164],[-123.7312299913768,39.135925255703306],[-123.73124821399605,39.13628488609587]],[[-123.73585783777038,39.135783560757],[-123.73539505393221,39.135797738150764],[-123.73537681119177,39.13543810844795],[-123.73583959277452,39.13542393112541],[-123.73585783777038,39.135783560757]],[[-123.72517737841011,39.13538993421864],[-123.72471459499225,39.13540407109675],[-123.72469640448286,39.13504443985574],[-123.72515918564524,39.13503030304865],[-123.72517737841011,39.13538993421864]],[[-123.72469640448286,39.13504443985574],[-123.72423362314285,39.135058574907454],[-123.72419724716764,39.13433931243024],[-123.72466002399676,39.13432517752057],[-123.72469640448286,39.13504443985574]],[[-123.72867933024212,39.13132084207429],[-123.72821657305431,39.13133499221321],[-123.72819836645652,39.13097536207818],[-123.72866112138911,39.13096121201035],[-123.72867933024212,39.13132084207429]],[[-123.7240517503688,39.13146226447658],[-123.72266347294386,39.1315046569695],[-123.72212800539181,39.1300802603488],[-123.72305350616601,39.13005200452052],[-123.72308986885955,39.13077126610963],[-123.72355262349076,39.13075713542063],[-123.72357080735895,39.13111676621735],[-123.72403356406787,39.13110263370211],[-123.7240517503688,39.13146226447658]],[[-123.7249590769531,39.13107436340584],[-123.72403356406787,39.13110263370211],[-123.72399719199863,39.130383372299455],[-123.72492269586309,39.13035510228724],[-123.7249590769531,39.13107436340584]],[[-123.72627455641747,39.12959342360719],[-123.72581180961706,39.12960756461457],[-123.72579361518333,39.129247934367875],[-123.72625635972867,39.12923379343155],[-123.72627455641747,39.12959342360719]],[[-123.72810733613348,39.12917721213408],[-123.7276445922988,39.12919136009127],[-123.72762638902242,39.12883173017753],[-123.72808913060204,39.128817582291425],[-123.72810733613348,39.12917721213408]],[[-123.73497551595514,39.12752626734152],[-123.73451278380848,39.12754044134194],[-123.73449454741846,39.12718081268977],[-123.73495727731019,39.12716663876057],[-123.73497551595514,39.12752626734152]],[[-123.73449454741846,39.12718081268977],[-123.73403181734876,39.127194984863834],[-123.73399534961256,39.12647572756285],[-123.73492080055436,39.12644738174438],[-123.73449454741846,39.12718081268977]],[[-123.73168171914371,39.12654656139418],[-123.73075626571092,39.12657488264073],[-123.730738047894,39.12621525356505],[-123.73166349681702,39.12618693246076],[-123.73168171914371,39.12654656139418]],[[-123.72148351957058,39.12649807847705],[-123.72055806283281,39.12652632235498],[-123.72053989480153,39.12616669176528],[-123.72007716842155,39.126180811000566],[-123.72004083740083,39.12546154982503],[-123.7214290024794,39.12541918727928],[-123.72148351957058,39.12649807847705]],[[-123.73210799660805,39.12581314046217],[-123.7302571077815,39.125869782386225],[-123.7302388925751,39.12551015333652],[-123.7320533244643,39.12473425431217],[-123.73207154833433,39.12509388298032],[-123.73253426558662,39.12507971825381],[-123.73210799660805,39.12581314046217]],[[-123.72977617217876,39.12552430935862],[-123.72931345160464,39.125538463625595],[-123.7292952410857,39.12517883448223],[-123.72975795940498,39.125164680286346],[-123.72977617217876,39.12552430935862]],[[-123.73854957366892,39.124895417095],[-123.73808685873114,39.1249096046378],[-123.73806860554895,39.124549976895246],[-123.73853131823196,39.12453578942372],[-123.73854957366892,39.124895417095]],[[-123.73762414361518,39.124923790425484],[-123.73716142832106,39.12493797445809],[-123.7371431796484,39.12457834657304],[-123.73760589268774,39.12456416261169],[-123.73762414361518,39.124923790425484]],[[-123.73068339551021,39.125136366629256],[-123.73022067754648,39.125150524335346],[-123.73020246269567,39.124790895382695],[-123.73066517840459,39.12477673774771],[-123.73068339551021,39.125136366629256]],[[-123.73621775303536,39.124606709230505],[-123.73575503946172,39.12462088792662],[-123.73573679773146,39.12426125987638],[-123.73619950905034,39.1242470812515],[-123.73621775303536,39.124606709230505]],[[-123.7329787542814,39.12470592324633],[-123.73251603946179,39.12472008965682],[-123.73247958774584,39.12400083260827],[-123.73340500818806,39.123972498316874],[-123.7329787542814,39.12470592324633]],[[-123.73020246269567,39.124790895382695],[-123.72973974680897,39.12480505126256],[-123.72972153439075,39.1244454222873],[-123.73018424802265,39.124431266478524],[-123.73020246269567,39.124790895382695]],[[-123.73758764193846,39.12420453484638],[-123.73712493115386,39.124218718736486],[-123.73710668283745,39.12385909094842],[-123.73756939136732,39.12384490712954],[-123.73758764193846,39.12420453484638]],[[-123.73573679773146,39.12426125987638],[-123.73527408623451,39.12427543674619],[-123.73525584693701,39.12391580867322],[-123.73571855617922,39.1239016318746],[-123.73573679773146,39.12426125987638]],[[-123.72972153439075,39.1244454222873],[-123.72925882058108,39.12445957634098],[-123.72922240078744,39.123740318393715],[-123.72968511008762,39.12372616448223],[-123.72972153439075,39.1244454222873]],[[-123.72463167271172,39.12460102034752],[-123.72370624100677,39.124629288087604],[-123.72366987532777,39.12391002843548],[-123.72320716371864,39.12392415953091],[-123.72315262329542,39.122845270203314],[-123.72361532814033,39.122831139320795],[-123.72363351035865,39.123190768977246],[-123.72455892402546,39.12316250180509],[-123.72459529801354,39.12388176097936],[-123.72413258675941,39.12389589558497],[-123.72463167271172,39.12460102034752]],[[-123.73710668283745,39.12385909094842],[-123.73664397412946,39.12387327301222],[-123.73662572824588,39.123513645201356],[-123.73708843469916,39.12349946320878],[-123.73710668283745,39.12385909094842]],[[-123.73525584693701,39.12391580867322],[-123.73479313751676,39.12392998371675],[-123.73477490065203,39.12357035562104],[-123.73523760781754,39.123556180648706],[-123.73525584693701,39.12391580867322]],[[-123.7282969816539,39.1237686209515],[-123.72783427182058,39.12378276959777],[-123.72779786626623,39.123063511417904],[-123.72826057159013,39.123049362913754],[-123.7282969816539,39.1237686209515]],[[-123.73198043076299,39.12329574012436],[-123.73151772460658,39.12330990274009],[-123.73149950388063,39.12295027424315],[-123.73196220778235,39.12293611169855],[-123.73198043076299,39.12329574012436]],[[-123.73012960507035,39.12335238005689],[-123.72966689820268,39.12336653565237],[-123.72964868649552,39.12300690687098],[-123.73011139110848,39.122992751346615],[-123.73012960507035,39.12335238005689]],[[-123.7273533611983,39.12343728730374],[-123.72689065326439,39.12345143236879],[-123.72687245508548,39.12309180316099],[-123.72733516076468,39.12307765816697],[-123.7273533611983,39.12343728730374]],[[-123.72550252839692,39.12349385703354],[-123.7250398197526,39.12350799507829],[-123.7250216305926,39.1231483655864],[-123.72548433698218,39.12313422761264],[-123.72550252839692,39.12349385703354]],[[-123.7379773423104,39.12275183890947],[-123.73751464072272,39.12276602426967],[-123.73749639086412,39.12240639674654],[-123.73795909019718,39.12239221145758],[-123.7379773423104,39.12275183890947]],[[-123.7342757246224,39.12286527264983],[-123.73381302161027,39.12287944396968],[-123.73379478978883,39.12251981587688],[-123.73425749054631,39.12250564462821],[-123.7342757246224,39.12286527264983]],[[-123.73149950388063,39.12295027424315],[-123.73057409554367,39.122978594067185],[-123.73055587950492,39.12261896547641],[-123.73101858150763,39.12260480651303],[-123.73100036339203,39.12224517804178],[-123.73192576235465,39.12221685499215],[-123.73149950388063,39.12295027424315]],[[-123.72964868649552,39.12300690687098],[-123.7287232767363,39.123035212654564],[-123.72870506971627,39.12267558377941],[-123.72963047496613,39.12264727813798],[-123.72964868649552,39.12300690687098]],[[-123.73888448832881,39.12236383561462],[-123.7384217893521,39.12237802441362],[-123.7384035351624,39.12201839708138],[-123.73886623188453,39.122004208353644],[-123.73888448832881,39.12236383561462]],[[-123.73472019112585,39.122491471624514],[-123.73425749054631,39.12250564462821],[-123.73423925664822,39.12214601665502],[-123.73470195497309,39.12213184372247],[-123.73472019112585,39.122491471624514]],[[-123.73286938774002,39.12254815310909],[-123.73240668644874,39.122562319092644],[-123.73238846156919,39.1222026908348],[-123.73285116060583,39.122188524922386],[-123.73286938774002,39.12254815310909]],[[-123.73794083826212,39.1220325840541],[-123.73747814118367,39.1220467692718],[-123.73745989168134,39.12168714184544],[-123.73792258650519,39.12167295669898],[-123.73794083826212,39.1220325840541]],[[-123.73562735108884,39.12210349259236],[-123.73516465311998,39.122117669034935],[-123.73514641489064,39.121758041252484],[-123.73560911060491,39.12174386488111],[-123.73562735108884,39.12210349259236]],[[-123.73423925664822,39.12214601665502],[-123.73377655814537,39.12216018783249],[-123.73375832667988,39.1218005598365],[-123.7342210229281,39.121786388730186],[-123.73423925664822,39.12214601665502]],[[-123.7300749637181,39.122273494071266],[-123.72961226361448,39.122287649453426],[-123.72959405244059,39.12192802081728],[-123.73005675028958,39.12191386550619],[-123.7300749637181,39.122273494071266]],[[-123.72822416223713,39.12233010506972],[-123.7277614614226,39.122344253431756],[-123.72774325926726,39.12198462451131],[-123.72820595782716,39.12197047622035],[-123.72822416223713,39.12233010506972]],[[-123.73745989168134,39.12168714184544],[-123.73653450149928,39.12171550687331],[-123.73649801204724,39.120996251880726],[-123.73696070271819,39.12098207038675],[-123.73745989168134,39.12168714184544]],[[-123.73375832667988,39.1218005598365],[-123.73283293364955,39.12182889678407],[-123.73281470687117,39.12146926869413],[-123.7332774012207,39.121455101169026],[-123.73277825384814,39.1207500126593],[-123.73324094368854,39.12073584527648],[-123.73322271518933,39.12037621740272],[-123.73416632283556,39.12070750524587],[-123.734129856997,39.119988249831295],[-123.73459254179457,39.11997407732585],[-123.73461077687936,39.12033370493782],[-123.73553615044946,39.12030535451961],[-123.73555439022128,39.120664982037496],[-123.73372186428267,39.1210813039896],[-123.73375832667988,39.1218005598365]],[[-123.73237023686752,39.12184306262534],[-123.73190753990762,39.121857226711555],[-123.73188931763843,39.121497598479316],[-123.73235201234375,39.12148343446424],[-123.73237023686752,39.12184306262534]],[[-123.7305194479608,39.12189970844007],[-123.73005675028958,39.12191386550619],[-123.73003853703884,39.12155423698951],[-123.73050123245545,39.12154007999449],[-123.7305194479608,39.12189970844007]],[[-123.72866865620936,39.12195632617436],[-123.72772505728963,39.12162499563924],[-123.72770685548961,39.12126536681553],[-123.72816954954028,39.12125121866669],[-123.72813314196412,39.12053196130647],[-123.72907672872245,39.12086328854181],[-123.7291131456723,39.12158254571445],[-123.72865044972244,39.1215966974444],[-123.72866865620936,39.12195632617436]],[[-123.73188931763843,39.121497598479316],[-123.73096392769428,39.12152592124445],[-123.73092749270778,39.120806664640575],[-123.73139018325963,39.12079250427776],[-123.73137196377857,39.12043287611944],[-123.7322973398397,39.120404550271076],[-123.73231556382983,39.12076417828712],[-123.73185287363367,39.12077834215993],[-123.73188931763843,39.121497598479316]],[[-123.72633696730796,39.121667429768756],[-123.7258742702922,39.121681570968526],[-123.72585607751064,39.12132194186069],[-123.7263187722718,39.121307800731934],[-123.72633696730796,39.121667429768756]],[[-123.72724416126131,39.12127951320935],[-123.72678146685536,39.12129365784815],[-123.7267632697422,39.12093402893074],[-123.72722596189355,39.12091988436297],[-123.72724416126131,39.12127951320935]],[[-123.73647976758834,39.120636624456935],[-123.73601707899385,39.12065080412471],[-123.73599883696751,39.12029117667804],[-123.73646152330748,39.1202769970815],[-123.73647976758834,39.120636624456935]],[[-123.72953941998543,39.12084913519901],[-123.72907672872245,39.12086328854181],[-123.72905852051412,39.12050366002802],[-123.72952120952253,39.12048950675629],[-123.72953941998543,39.12084913519901]],[[-123.72813314196412,39.12053196130647],[-123.72767045242261,39.1205461093132],[-123.72765225115559,39.120186480634516],[-123.72811493844257,39.12017233269883],[-123.72813314196412,39.12053196130647]],[[-123.72720776270344,39.12056025556493],[-123.72674507280664,39.12057440006166],[-123.72672687604869,39.12021477124089],[-123.72718956369094,39.120200626815205],[-123.72720776270344,39.12056025556493]],[[-123.73274180153669,39.12003075681777],[-123.73227911602744,39.12004492230331],[-123.73226089239306,39.119685294383856],[-123.73272357564782,39.11967112896946],[-123.73274180153669,39.12003075681777]],[[-123.72626418822881,39.12022891391159],[-123.72580150023138,39.1202430548273],[-123.72578330816008,39.11988342591282],[-123.726245993903,39.119869285068134],[-123.72626418822881,39.12022891391159]],[[-123.73364894162366,39.119642792875766],[-123.73318625872469,39.11965696180011],[-123.73316803075924,39.11929733407121],[-123.73363071140373,39.11928316521804],[-123.73364894162366,39.119642792875766]],[[-123.72300718997448,39.11996823412619],[-123.72254450298907,39.119982362685946],[-123.72252632687693,39.11962273332292],[-123.72298901160781,39.11960860483411],[-123.72300718997448,39.11996823412619]],[[-123.73686947093194,39.11918393410697],[-123.73640679153343,39.11919811524484],[-123.73638854796485,39.1188384880625],[-123.73685122510895,39.11882430699583],[-123.73686947093194,39.11918393410697]],[[-123.73548143220219,39.11922647225574],[-123.73501875226955,39.119240648128766],[-123.73500051546426,39.11888102073283],[-123.73546319314251,39.11886684493099],[-123.73548143220219,39.11922647225574]],[[-123.73177998775836,39.119339830101],[-123.73039194315689,39.119382310336086],[-123.73035551481294,39.118663054169616],[-123.73129908763259,39.1189943639692],[-123.73126265062649,39.118275108183646],[-123.73265067387115,39.11823261805891],[-123.73266889904849,39.11859224571419],[-123.73220622255705,39.118606410915156],[-123.73177998775836,39.119339830101]],[[-123.72991104926106,39.11903683872606],[-123.72944836944833,39.11905099346844],[-123.72943015987414,39.118691365267146],[-123.7298928374324,39.11867721059586],[-123.72991104926106,39.11903683872606]],[[-123.72898568945791,39.11906514645585],[-123.72852300928976,39.119079297688295],[-123.72850480422444,39.1187196693449],[-123.72896748213815,39.11870551818352],[-123.72898568945791,39.11906514645585]],[[-123.72156461420889,39.118931726170594],[-123.72110193345485,39.118945849252576],[-123.7210837646383,39.118586219821594],[-123.72154644313787,39.11857209681052],[-123.72156461420889,39.118931726170594]],[[-123.72015840710716,39.11861446057885],[-123.71969572807566,39.118628578325016],[-123.71965940450116,39.117909319182324],[-123.7201220790238,39.11789520157793],[-123.72015840710716,39.11861446057885]],[[-123.73170710472854,39.11790131881437],[-123.7312444323902,39.11791548036323],[-123.73122621433168,39.11755585259101],[-123.73168888441566,39.11754169111326],[-123.73170710472854,39.11790131881437]],[[-123.73213333193246,39.11716790029883],[-123.73167066428066,39.11718206346038],[-123.73165244432344,39.11682243585564],[-123.73211510972095,39.116808272765226],[-123.73213333193246,39.11716790029883]],[[-123.7187158979116,39.11757791948551],[-123.71825322511167,39.1175920317542],[-123.71823507053074,39.117232402090785],[-123.71869774107628,39.117218289892975],[-123.7187158979116,39.11757791948551]],[[-123.72079308768888,39.11283215547783],[-123.72033044508044,39.11284627559948],[-123.72031228153224,39.112486646915826],[-123.72077492188662,39.112472526865076],[-123.72079308768888,39.11283215547783]],[[-123.71938700029177,39.11251488175285],[-123.71892435940569,39.112528996539176],[-123.71890620279702,39.11216936769091],[-123.719368841429,39.11215525297548],[-123.71938700029177,39.11251488175285]],[[-123.72075675626164,39.11211289830037],[-123.72029411816135,39.112127018280205],[-123.7202759549677,39.111767389692545],[-123.72073859081394,39.1117532697836],[-123.72075675626164,39.11211289830037]],[[-123.71888804636554,39.11180973889065],[-123.71842540981037,39.11182385178043],[-123.71837094834113,39.11074496545481],[-123.71883357813424,39.110730852777614],[-123.71888804636554,39.11180973889065]],[[-123.72303359084495,39.11132301580266],[-123.72257095813937,39.11133714441467],[-123.72255278403024,39.11097751627745],[-123.72301541448185,39.11096338773638],[-123.72303359084495,39.11132301580266]],[[-123.71977699759674,39.11106225067353],[-123.71931436590407,39.11107636693117],[-123.71929620775018,39.11071673834563],[-123.71975883718886,39.110702622158875],[-123.71977699759674,39.11106225067353]],[[-123.72160935317117,39.11064613986416],[-123.72114672444152,39.11066026306998],[-123.72112855744896,39.11030063481589],[-123.72159118392467,39.11028651168097],[-123.72160935317117,39.11064613986416]],[[-123.71837094834113,39.11074496545481],[-123.71744568822348,39.11077318554491],[-123.71742753926269,39.11041355672391],[-123.7183527948724,39.11038533677548],[-123.71837094834113,39.11074496545481]],[[-123.71698305789894,39.110787292957795],[-123.71652042739731,39.1108013986159],[-123.71650228294449,39.11044176965325],[-123.71696491119212,39.11042766406595],[-123.71698305789894,39.110787292957795]],[[-123.72251643634411,39.11025826014683],[-123.72205381022306,39.11027238679128],[-123.72203563889995,39.10991275872691],[-123.72249826276706,39.10989863215338],[-123.72251643634411,39.11025826014683]],[[-123.72066593079599,39.11031475619607],[-123.72020330396575,39.11032887582149],[-123.72018514165838,39.109969247473515],[-123.72064776623468,39.10995512791899],[-123.72066593079599,39.11031475619607]],[[-123.72157301485551,39.10992688354568],[-123.72111039063374,39.1099410066097],[-123.72109222399578,39.109581378451416],[-123.72155484596365,39.109567255458295],[-123.72157301485551,39.10992688354568]],[[-123.72105589125177,39.10886212227844],[-123.72059327361438,39.10887624337503],[-123.72057510976217,39.10851661528944],[-123.72103772514568,39.10850249426374],[-123.72105589125177,39.10886212227844]],[[-123.71920541963877,39.108918596136505],[-123.71874280129249,39.1089327102142],[-123.71870649179603,39.108213453523895],[-123.7191691056346,39.10819933958789],[-123.71920541963877,39.108918596136505]],[[-123.72196295538086,39.10847424694814],[-123.72150034035191,39.108488371483304],[-123.7214821721693,39.10812874358731],[-123.72194478494443,39.10811461912306],[-123.72196295538086,39.10847424694814]],[[-123.72009433278022,39.108171106451785],[-123.719631719296,39.10818522389719],[-123.71961356030592,39.1078255957655],[-123.7200761715363,39.10781147839096],[-123.72009433278022,39.108171106451785]],[[-123.72146400416396,39.10776911573912],[-123.72100139346533,39.10778323837776],[-123.72098322789108,39.10742361050651],[-123.72144583633592,39.107409487938746],[-123.72146400416396,39.10776911573912]],[[-123.71820757350008,39.107508309064485],[-123.71681974391286,39.107550634655084],[-123.71680159879983,39.10719100619398],[-123.71818942162571,39.10714868081583],[-123.71820757350008,39.107508309064485]],[[-123.71632084815482,39.10684548265983],[-123.71585824226872,39.10685958578435],[-123.71584010201731,39.10649995727721],[-123.71630270564967,39.10648585422347],[-123.71632084815482,39.10684548265983]]]},"properties":{"id":"cdfw-ds3091-7-32-11-2","source":"CDFW ds3091 predicted substrate","source_url":"https://tiledimageservices2.arcgis.com/Uq9r85Potqm3MfRV/arcgis/rest/services/biosds3091_cru/ImageServer","metadata_url":"https://filelib.wildlife.ca.gov/public/BDB/GIS/BIOS/metadata/ds3091.html","source_tile_sha256":"253aeb6ced9cbd7a96a4a3af3d06e8189685c648099809e64b1ae575a4501f1f","source_class":"Predicted hard (rugosity proxy)","display_resolution_m":40,"approx_area_m2":3425600,"fishing_target":false,"exportable":false,"depth_qualified":false,"fish_confirmed":false,"mpa_screened_at":"2026-09-23T20:44:08Z"}},{"type":"Feature","geometry":{"type":"Polygon","coordinates":[[[-123.71414404779793,39.100428574973414],[-123.71412591749261,39.10006894711122],[-123.71458848109222,39.10005485059511],[-123.71455221650568,39.09933559515469],[-123.7150147754217,39.09932149702554],[-123.71499664114053,39.098961869447244],[-123.71590361532438,39.09857404067767],[-123.71588547689065,39.09821441333577],[-123.71449782095286,39.098256712349894],[-123.71447968945573,39.09789708484312],[-123.71540478908479,39.09786888739636],[-123.71538665325821,39.09750926007846],[-123.71677429461494,39.09746695096213],[-123.71671986791858,39.0963880699296],[-123.71857002687808,39.09633163406173],[-123.71858817794565,39.09669126074204],[-123.71951326086909,39.09666303213992],[-123.7195495725481,39.097382285359274],[-123.72001211825037,39.09736816828489],[-123.71997580206506,39.09664891520722],[-123.7204383430839,39.096634796520085],[-123.72042018300392,39.0962751701231],[-123.72134526000374,39.096246927627284],[-123.7213270955948,39.09588730141932],[-123.72223399864174,39.09549942602867],[-123.72230667465669,39.096937930388165],[-123.72369430128195,39.096895542534426],[-123.72412048674887,39.096162158033835],[-123.72506374352275,39.096493513155465],[-123.7249910141437,39.095055010686984],[-123.72404777610367,39.094723655187096],[-123.72402959888576,39.09436402959354],[-123.72449212479088,39.09434989554213],[-123.72445576638127,39.09363064463856],[-123.72491828760313,39.09361650897461],[-123.72493646897219,39.09397613433186],[-123.72539899226959,39.093961996842665],[-123.72538080864761,39.09360237155635],[-123.72584332951469,39.09358823238371],[-123.72586151538958,39.0939478575991],[-123.72676837071648,39.09355994877543],[-123.72675018051326,39.09320032374914],[-123.72490010641148,39.09325688366456],[-123.7253262588462,39.092523495980494],[-123.72486374456035,39.09253763318596],[-123.72484556390086,39.092178008017434],[-123.72392053930268,39.09220627702363],[-123.7239023633262,39.09184665176037],[-123.72343985301393,39.09186078356108],[-123.7234580267376,39.09222040889526],[-123.72207048797847,39.092262793984254],[-123.7220523210133,39.09190316843744],[-123.72251483185744,39.091889041899634],[-123.72247849395323,39.09116979108918],[-123.72294100011456,39.09115566293883],[-123.72336715989246,39.09042228269563],[-123.72244215675812,39.09045054046711],[-123.722405820272,39.08973129003332],[-123.72148082543947,39.08975954050426],[-123.72144449867307,39.08904028997518],[-123.72051951214233,39.08906853314572],[-123.72050135353021,39.08870890781002],[-123.71959452490296,39.08909676929931],[-123.71957637079613,39.08873714382197],[-123.7191138791634,39.088751259196584],[-123.71907757598629,39.08803200824128],[-123.71954006311378,39.088017893008285],[-123.7195582168664,39.088377518391624],[-123.72046503683744,39.08798965727962],[-123.72048319509524,39.088349282521335],[-123.72142633555565,39.088680664781144],[-123.72140817261545,39.08832103963414],[-123.72325812552931,39.08826453280908],[-123.72322178215992,39.08754528322286],[-123.72275929870248,39.087559412418706],[-123.72226048141765,39.08685429017843],[-123.72133552262669,39.086882539515685],[-123.7213173605725,39.08652291460343],[-123.72039240557775,39.08655115678227],[-123.7204287208533,39.08727040693705],[-123.7218161665947,39.087228040612494],[-123.72231498215872,39.08793316477171],[-123.71952190953829,39.08765826767189],[-123.7199117726951,39.08620565016257],[-123.71898682114255,39.08623388167473],[-123.71900497175713,39.08659350689419],[-123.71854249346272,39.0866076200898],[-123.71848804890763,39.085528744359735],[-123.7180255771936,39.08554285558882],[-123.7180074316151,39.08518323036844],[-123.72031977715238,39.08511265703543],[-123.72033793399301,39.08547228190182],[-123.7212447141275,39.08508441542321],[-123.7212083919681,39.084365166114246],[-123.7202834640025,39.084393407443166],[-123.72024715156117,39.08367415803814],[-123.72070961112784,39.083660038392374],[-123.72069145292055,39.08330041383089],[-123.72207882380071,39.08325804458144],[-123.72206065901372,39.0828984202792],[-123.7206732948904,39.082940789316154],[-123.7206369793615,39.08222154042694],[-123.72017452880392,39.08223565978945],[-123.72060066454115,39.081502291724604],[-123.720138218488,39.081516410945504],[-123.72010190888051,39.08079716228834],[-123.7196394671546,39.08081127961359],[-123.71962131486862,39.08045165528422],[-123.7205461936391,39.0804234190213],[-123.72056435042933,39.08078304320908],[-123.72102679180102,39.08076892237575],[-123.72099047389347,39.08004967418851],[-123.72006559998142,39.08007791381786],[-123.72004744579753,39.07971828965257],[-123.72050988059004,39.0797041707857],[-123.72049172433117,39.07934454673783],[-123.72002929179075,39.07935866553389],[-123.72045541234478,39.078625298781915],[-123.71953055609498,39.07865353433685],[-123.71951240487148,39.07829391028716],[-123.71997483083291,39.07827979345747],[-123.71995667753447,39.07792016952516],[-123.72088152442211,39.07789193074543],[-123.72089968222451,39.078251554536166],[-123.72184269539108,39.0785829322946],[-123.72180637060121,39.07786368494986],[-123.72134394760025,39.07787780872462],[-123.721325787723,39.07751818505125],[-123.7222506290439,39.07748993588939],[-123.72267671670409,39.07675656189529],[-123.72360154795413,39.07672830249308],[-123.72399127294865,39.0752756780046],[-123.7230664600678,39.07530394034784],[-123.72256772275342,39.07459882266392],[-123.72118051508225,39.07464119733787],[-123.72119867354237,39.07500082063945],[-123.72027386303904,39.07502906179426],[-123.72023755530297,39.074309814954304],[-123.71977515428921,39.07432393275928],[-123.71979330581694,39.07468355622682],[-123.71886849875473,39.07471178671666],[-123.71885035173054,39.07435216310757],[-123.71792554846381,39.07438038644034],[-123.71790740612012,39.07402076273611],[-123.71744500647306,39.07403487170093],[-123.71748128683387,39.07475411929723],[-123.71701888250632,39.07476822664963],[-123.71652020664808,39.074063084368916],[-123.71513300558397,39.07410539021678],[-123.71509674844819,39.07338614209891],[-123.71419007983751,39.07377396112243],[-123.7141719558615,39.07341433694533],[-123.71324716256767,39.07344252477629],[-123.71322904327187,39.07308290050424],[-123.71276664861152,39.07309699171825],[-123.7127304150535,39.07237774317189],[-123.71319280521045,39.072363652099156],[-123.71313844944389,39.07128477983889],[-123.71360083266924,39.071270687224285],[-123.7131022131498,39.0705655318968],[-123.71402697041752,39.07053734519634],[-123.71404509297929,39.07089696900299],[-123.71450747359958,39.07088287295138],[-123.71447122414968,39.0701636255257],[-123.71354647173851,39.07019181559244],[-123.71349211239847,39.06911294437669],[-123.71302974268225,39.06912703656744],[-123.71249491415483,39.067702632131535],[-123.7129572750421,39.067688541977056],[-123.71293915857382,39.06732891844481],[-123.71340151703303,39.06731482660724],[-123.7133833984901,39.06695520319174],[-123.71428998750683,39.066567391168626],[-123.71425374229946,39.06584814485059],[-123.71379139319892,39.065862239913],[-123.71377327311161,39.06550261675244],[-123.7133109260856,39.06551670999052],[-123.71332904392165,39.06587633322173],[-123.71146153621464,39.06557306540606],[-123.71142531908241,39.0648538185168],[-123.71188766231268,39.06483973243465],[-123.71186955176029,39.06448010912963],[-123.71048252829326,39.06452236190335],[-123.7109086580553,39.063789032644664],[-123.70998398421882,39.06381719561718],[-123.709557845099,39.06455052165088],[-123.70863316119866,39.06457867438376],[-123.70859697214014,39.063859426923706],[-123.70905930967622,39.06384535157518],[-123.70948544967864,39.06311202747905],[-123.7104101148637,39.06308386829605],[-123.71042821795623,39.063443491628924],[-123.71089055253506,39.06342940933641],[-123.71083623703385,39.06235053968726],[-123.71129856468283,39.06233645585288],[-123.7113166719244,39.06269607895274],[-123.71225944311497,39.06302752888657],[-123.71220510788393,39.06194866001049],[-123.7112623507295,39.0616172097908],[-123.71122613748253,39.06089796391226],[-123.70983918101805,39.06094020930776],[-123.70982108141231,39.06058058622554],[-123.7093587644887,39.06059466444636],[-123.70939495937473,39.06131391079773],[-123.70893263777268,39.06132798740606],[-123.7088964473886,39.06060874091361],[-123.70843413011202,39.06062281562728],[-123.70886025771041,39.05988949460449],[-123.70793563198455,39.05991764199617],[-123.70791754191198,39.059558018769295],[-123.7074552310353,39.059572089764295],[-123.70747331885697,39.059931713061694],[-123.70656677556885,39.06031947341629],[-123.70654869207262,39.059959849932106],[-123.70560598576482,39.05962835620891],[-123.70603213573808,39.05889504534767],[-123.70510752140103,39.05892317127392],[-123.70512559761553,39.05928279483215],[-123.70466328793171,39.059296855235445],[-123.70471751088023,39.060375726396344],[-123.70517982731685,39.06036166578168],[-123.70519790423654,39.06072128952315],[-123.70612254108278,39.06069316289219],[-123.70569638161811,39.06142647456401],[-123.70523405860482,39.06144053714365],[-123.70473558554896,39.06073535020828],[-123.70427326668509,39.06074940913984],[-123.70384708850726,39.06148271436103],[-123.7033847647889,39.06149676992631],[-123.70334862842863,39.060777521742196],[-123.7024239894673,39.060805627330254],[-123.70292244089431,39.061510823737976],[-123.70153546815348,39.06155297465141],[-123.70151740888934,39.06119335025477],[-123.70061081877893,39.061581066492394],[-123.70011238898148,39.06087586061274],[-123.6987254265771,39.06091797953925],[-123.69822701928973,39.06021276612512],[-123.69730238545885,39.06024083285302],[-123.69728434715782,39.05988120800658],[-123.69774666191026,39.05986717558973],[-123.697710581334,39.05914792617493],[-123.69724827108344,39.05916195845112],[-123.69723023331011,39.05880233374211],[-123.69630561678302,39.05883039289329],[-123.6962875836874,39.058470768089435],[-123.696749889788,39.05845673946091],[-123.69673185461735,39.05809711477312],[-123.69904337122735,39.05802694567917],[-123.69902532497845,39.057667321388706],[-123.69994992588897,39.0576392416172],[-123.70048443914203,39.059063695693204],[-123.70094674816059,39.05904965114219],[-123.70091063677583,39.058330402895415],[-123.70183524528122,39.058302308814326],[-123.70187136566945,39.05902155677955],[-123.70233367415966,39.059007506967916],[-123.70283211257012,39.05971270326943],[-123.70375673767333,39.05968459459678],[-123.70372059857334,39.05896534701181],[-123.70462714018068,39.0585776080238],[-123.70409255043862,39.057153172376545],[-123.70085647101929,39.05725153086838],[-123.70087452609538,39.05761115483166],[-123.70041222608023,39.05762519910119],[-123.7003941732549,39.057265575067504],[-123.69392198607777,39.05746200973799],[-123.6939400073917,39.05782163475593],[-123.69347770473797,39.05783565272277],[-123.69353176298169,39.058914528261816],[-123.69399407238805,39.05890051008426],[-123.69403011659773,39.05961976053203],[-123.69495474388684,39.05959171863523],[-123.69497277075726,39.059951343787326],[-123.69543508638907,39.059937320138296],[-123.69545311568626,39.060296945265954],[-123.69499079780347,39.06031096898524],[-123.69502685242333,39.061030219518585],[-123.6945645298627,39.06104424162483],[-123.69460058068373,39.06176349248222],[-123.69506290774648,39.061749470235426],[-123.69559735639403,39.06317394793852],[-123.69605969210957,39.06315992190334],[-123.69607772524054,39.06351954737381],[-123.6970024006463,39.063491489901885],[-123.69702043845551,39.06385111527768],[-123.6979631601475,39.06418267593161],[-123.69799924565054,39.0649019266319],[-123.69846159174246,39.064887891476786],[-123.69855181983627,39.06668601868155],[-123.69808946248776,39.0667000541884],[-123.69814359470197,39.06777893127546],[-123.69908637165763,39.06811048373312],[-123.69962094413124,39.06953494720657],[-123.70008331896318,39.06952090587547],[-123.7001013732728,39.069880531612924],[-123.70056375018021,39.06986648845762],[-123.70058180691751,39.07022611417092],[-123.7015246261236,39.070557648076814],[-123.7016149358491,39.072355776864605],[-123.70255778693057,39.07268730304698],[-123.70259392141337,39.07340655469733],[-123.70213152269407,39.07342060557223],[-123.70222185072619,39.07521873586224],[-123.70314667050671,39.07519063165404],[-123.70316474114556,39.07555025771047],[-123.70270232909155,39.07556431076197],[-123.70275653531,39.076643189421475],[-123.70229411632393,39.076657240930416],[-123.70236638474151,39.078095746742875],[-123.70282881273556,39.0780816949521],[-123.70288302265557,39.07916057458906],[-123.70334545722957,39.079146520832836],[-123.70338160256189,39.07986577401629],[-123.70476891873878,39.07982360180056],[-123.70480507828934,39.080542854747634],[-123.70526752116658,39.08052879369329],[-123.70524943905095,39.08016916726694],[-123.70619240639188,39.08050066632241],[-123.7062104931883,39.080860292654386],[-123.70574804841168,39.080874357287385],[-123.70532176857189,39.081607673252485],[-123.70439686912768,39.08163579403021],[-123.70437879098733,39.081276167322756],[-123.70347196897805,39.08166390779158],[-123.70358041449592,39.08382166986409],[-123.70404287817287,39.08380761343748],[-123.70407903259431,39.08452686769498],[-123.70454150059972,39.084512809373194],[-123.70455958032741,39.08487243650173],[-123.70548452031396,39.08484431445464],[-123.70550260472295,39.08520394148897],[-123.70596507670405,39.08518987776364],[-123.70600125055634,39.08590913183185],[-123.70553877407025,39.08592319569825],[-123.7056111148821,39.087361704679786],[-123.7060736003784,39.087347640531185],[-123.70614595302399,39.088786149981914],[-123.7066084473544,39.088772083796876],[-123.70668081183454,39.090210593717714],[-123.70621830849322,39.090224660185],[-123.70630875680077,39.092022798998336],[-123.70677127140621,39.09200873217819],[-123.70678936385012,39.09236836001169],[-123.70725188053194,39.092354291366604],[-123.70728807045516,39.093073547034],[-123.70775059146631,39.093059476493416],[-123.70776868894569,39.093419104327275],[-123.708711837106,39.093750585581674],[-123.70878424751994,39.09518909701363],[-123.70924678151927,39.095175020786215],[-123.70935541595806,39.097332788929265],[-123.71029862132883,39.09766425841174],[-123.71031673237012,39.0980238865074],[-123.70892907682645,39.0980661221483],[-123.7089471812847,39.098425750503324],[-123.7094097355625,39.09841167364017],[-123.7094821641753,39.099850187252045],[-123.70855703741651,39.09987833978892],[-123.70853893450499,39.0995187111735],[-123.70807637311397,39.099532784739516],[-123.7081306756184,39.10061167094016],[-123.70951837954182,39.10056944434281],[-123.7095002717702,39.100209815773674],[-123.70996283713791,39.10019573680279],[-123.70994472728965,39.09983610835182],[-123.71086985298822,39.099807945287836],[-123.71085173880998,39.09944831702567],[-123.71223941927214,39.099406059482845],[-123.71273822563246,39.10011122613247],[-123.71366335371613,39.10008304187283],[-123.71368148176808,39.10044266980575],[-123.71414404779793,39.100428574973414]],[[-123.71490597238889,39.0971637322671],[-123.71444342699229,39.097177829971784],[-123.71442529602594,39.09681820260714],[-123.71488783916938,39.09680410497321],[-123.71490597238889,39.0971637322671]],[[-123.71396275270557,39.09683229848662],[-123.7135002092083,39.09684639261168],[-123.71348208292514,39.096486765152925],[-123.71209445813167,39.096529036789306],[-123.71207633878475,39.0961694091658],[-123.71300141765097,39.09614122997073],[-123.71296517047512,39.09542197514844],[-123.71342770513681,39.09540788306068],[-123.71396275270557,39.09683229848662]],[[-123.71903256617527,39.09631752070869],[-123.71857002687808,39.09633163406173],[-123.71855187598764,39.09597200742875],[-123.71901441303173,39.095957894146544],[-123.71903256617527,39.09631752070869]],[[-123.7213270955948,39.09588730141932],[-123.72086455943656,39.09590142347359],[-123.72082823565646,39.09518217105781],[-123.72129076730862,39.09516804914527],[-123.7213270955948,39.09588730141932]],[[-123.71855187598764,39.09597200742875],[-123.71808933876646,39.095986118956546],[-123.71807119030616,39.09562649230005],[-123.71853372527428,39.09561238084306],[-123.71855187598764,39.09597200742875]],[[-123.7189962600653,39.095598267631665],[-123.71853372527428,39.09561238084306],[-123.71851557473803,39.09525275430466],[-123.718978107276,39.09523864116409],[-123.7189962600653,39.095598267631665]],[[-123.71807119030616,39.09562649230005],[-123.71760865516097,39.09564060200264],[-123.71759050913083,39.09528097532264],[-123.71805304202296,39.09526686569085],[-123.71807119030616,39.09562649230005]],[[-123.71895995466384,39.09487901474378],[-123.7184974243789,39.09489312781356],[-123.71847927419682,39.09453350136968],[-123.71894180222876,39.09451938837074],[-123.71895995466384,39.09487901474378]],[[-123.72310454654347,39.094392292433284],[-123.72264202010635,39.094406421221585],[-123.72262384982464,39.094046795462596],[-123.7230863740088,39.094032666745164],[-123.72310454654347,39.094392292433284]],[[-123.7189236499708,39.094159762044924],[-123.7179804506609,39.093828359726686],[-123.71788971544223,39.09203022833371],[-123.7188328913377,39.09236163112407],[-123.71888734598625,39.093440509535],[-123.71934986708222,39.093426394994125],[-123.71931355930028,39.09270714281464],[-123.72025675025739,39.09303853467763],[-123.72027490874274,39.093398160649336],[-123.71981238800106,39.09341227869889],[-123.71983054441064,39.09377190478862],[-123.71890549788999,39.09380013576637],[-123.7189236499708,39.094159762044924]],[[-123.71799859823581,39.094187986146856],[-123.71753607210269,39.09420209556626],[-123.71751792678073,39.0938424690753],[-123.7179804506609,39.093828359726686],[-123.71799859823581,39.094187986146856]],[[-123.72214315761174,39.093701296643],[-123.72168063532594,39.09371542178082],[-123.72166246990466,39.0933557959745],[-123.72212498993753,39.093341670907535],[-123.72214315761174,39.093701296643]],[[-123.71474277978265,39.09392708832531],[-123.71428025466368,39.09394118539336],[-123.7142621252894,39.09358155845431],[-123.71472464815545,39.09356746145699],[-123.71474277978265,39.09392708832531]],[[-123.720719268569,39.093024414944544],[-123.72025675025739,39.09303853467763],[-123.72023859194923,39.092678908753136],[-123.72070110800793,39.0926647890909],[-123.720719268569,39.093024414944544]],[[-123.7170191171166,39.09313732368766],[-123.71655659738828,39.093151429386005],[-123.71653845710325,39.0927918028951],[-123.71700097457868,39.09277769726752],[-123.7170191171166,39.09313732368766]],[[-123.71563155740063,39.09317963551964],[-123.71516903714134,39.09319373595494],[-123.71515090361503,39.09283410925177],[-123.7156134216214,39.09282000888722],[-123.71563155740063,39.09317963551964]],[[-123.71470651670515,39.093207834635884],[-123.71424399609204,39.09322193156248],[-123.71422586707158,39.092862304717855],[-123.71468838543176,39.09284820786199],[-123.71470651670515,39.093207834635884]],[[-123.71746349187711,39.09276358988561],[-123.71700097457868,39.09277769726752],[-123.71698283221777,39.09241807089456],[-123.71744534726334,39.092403963583436],[-123.71746349187711,39.09276358988561]],[[-123.71422586707158,39.092862304717855],[-123.7137633485345,39.09287639981937],[-123.7137452219438,39.092516772951214],[-123.71420773822797,39.0925026779204],[-123.71422586707158,39.092862304717855]],[[-123.71652031699519,39.09243217645137],[-123.71605780159565,39.092446280253846],[-123.71603966391746,39.09208665378648],[-123.71650217706414,39.092072550054766],[-123.71652031699519,39.09243217645137]],[[-123.71328270548277,39.09253086622768],[-123.71235767203021,39.09255904751761],[-123.712339552375,39.092199420484505],[-123.71326458132178,39.09217123933595],[-123.71328270548277,39.09253086622768]],[[-123.71278394520553,39.09182570387216],[-123.71232143289657,39.091839793498565],[-123.71182268649005,39.091134627398844],[-123.71274770227338,39.091106450183055],[-123.71278394520553,39.09182570387216]],[[-123.72201598761467,39.091183917485246],[-123.72109097440583,39.09121216501451],[-123.72107281247791,39.09085253946734],[-123.72199782118123,39.0908242920798],[-123.72201598761467,39.091183917485246]],[[-123.71831593052714,39.091296865499224],[-123.71646589773302,39.091353297403046],[-123.71644775833292,39.09099367114785],[-123.71552274537947,39.091021876432436],[-123.7155046106619,39.09066225008285],[-123.71642961910979,39.090634044939755],[-123.71641148006366,39.09027441877876],[-123.71687398176938,39.090260313646546],[-123.71691026454417,39.09097956587411],[-123.71829778211587,39.09093723952713],[-123.71831593052714,39.091296865499224]],[[-123.72246032526705,39.09081016575461],[-123.72199782118123,39.0908242920798],[-123.72197965492504,39.090464666721445],[-123.72244215675812,39.09045054046711],[-123.72246032526705,39.09081016575461]],[[-123.72107281247791,39.09085253946734],[-123.7201478030658,39.09088077983776],[-123.72011148875252,39.090161528601364],[-123.7196489882862,39.09017564601348],[-123.71963083364798,39.08981602039504],[-123.72055582989806,39.089787783958165],[-123.72059214836248,39.09050703495878],[-123.7210546507272,39.090492913967275],[-123.72107281247791,39.09085253946734]],[[-123.71968529809399,39.090894897391536],[-123.71922279294505,39.090909013191016],[-123.71918648764274,39.09018976167135],[-123.7196489882862,39.09017564601348],[-123.71968529809399,39.090894897391536]],[[-123.71506023863732,39.091035976443294],[-123.71459773171829,39.091050074699844],[-123.71457960150627,39.09069044820878],[-123.71504210617255,39.09067635002296],[-123.71506023863732,39.091035976443294]],[[-123.71733648329815,39.09024620676005],[-123.71687398176938,39.090260313646546],[-123.7168558406475,39.08990068760337],[-123.71731833992354,39.089886580787656],[-123.71733648329815,39.09024620676005]],[[-123.71408084127525,39.08998529165805],[-123.71313771714621,39.08965385241348],[-123.71310147183026,39.08893459943072],[-123.71402645951993,39.08890641253755],[-123.71404458659484,39.089266038864025],[-123.71450708242708,39.08925194271534],[-123.71408084127525,39.08998529165805]],[[-123.71315584006939,39.09001347897543],[-123.71223083815623,39.090041659275705],[-123.71221271973852,39.08968203257239],[-123.71313771714621,39.08965385241348],[-123.71315584006939,39.09001347897543]],[[-123.71221271973852,39.08968203257239],[-123.71175022076949,39.08969612002043],[-123.71173210478123,39.0893364932935],[-123.71219460149753,39.08932240591613],[-123.71221271973852,39.08968203257239]],[[-123.71913203101758,39.089110884744734],[-123.7186695369551,39.08912499843591],[-123.71865138735357,39.088765372816965],[-123.7191138791634,39.088751259196584],[-123.71913203101758,39.089110884744734]],[[-123.71820704271556,39.08913911037285],[-123.71774454829895,39.089153220555545],[-123.71772640320272,39.08879359479501],[-123.71818889536668,39.08877948468311],[-123.71820704271556,39.08913911037285]],[[-123.71635706398705,39.0891955405781],[-123.71589456886244,39.0892096437438],[-123.71587643277685,39.08885001770023],[-123.71633892564877,39.08883591460529],[-123.71635706398705,39.0891955405781]],[[-123.71865138735357,39.088765372816965],[-123.71818889536668,39.08877948468311],[-123.71817074819484,39.08841985904037],[-123.71863323792908,39.08840574724503],[-123.71865138735357,39.088765372816965]],[[-123.71448895309949,39.08889231645957],[-123.71402645951993,39.08890641253755],[-123.71395395298876,39.08746790770168],[-123.71441643755786,39.08745381190656],[-123.71448895309949,39.08889231645957]],[[-123.71770825828352,39.08843396908148],[-123.71724576819516,39.08844807736839],[-123.71722762570558,39.08808845163111],[-123.71769011354131,39.08807434341498],[-123.71770825828352,39.08843396908148]],[[-123.71632078748749,39.08847628867949],[-123.71539580607197,39.088504492973634],[-123.71537767259287,39.088144866953336],[-123.71630264950315,39.088116662800665],[-123.71632078748749,39.08847628867949]],[[-123.71077088838287,39.08864540919009],[-123.71030839564175,39.08865949116339],[-123.71029028694167,39.08829986436559],[-123.71075277743012,39.088285782462926],[-123.71077088838287,39.08864540919009]],[[-123.71907757598629,39.08803200824128],[-123.71815260120003,39.08806023344462],[-123.7185787907181,39.08732687081104],[-123.71765382458801,39.08735509222282],[-123.7176356803769,39.086995466697175],[-123.7190231225488,39.08695313216056],[-123.71907757598629,39.08803200824128]],[[-123.71306522722155,39.08821534663604],[-123.71260273761679,39.08822943730988],[-123.71258461783026,39.087869810912345],[-123.71304710518243,39.08785572030918],[-123.71306522722155,39.08821534663604]],[[-123.717209483393,39.087728825940765],[-123.71674699763288,39.08774293233191],[-123.71672885774987,39.08738330661778],[-123.71719134125743,39.0873692002974],[-123.717209483393,39.087728825940765]],[[-123.71626637406533,39.087397411183964],[-123.71487892195007,39.08743971435722],[-123.71486079125427,39.087080088407106],[-123.71576761997893,39.086692262425544],[-123.71573135046171,39.085973011042825],[-123.71667443916272,39.08630442975705],[-123.7171006332345,39.0855710727845],[-123.7180255771936,39.08554285558882],[-123.71808001499129,39.08662173153122],[-123.71715505751729,39.08664994915151],[-123.71717319929888,39.08700957470099],[-123.71624823661186,39.08703778544604],[-123.71626637406533,39.087397411183964]],[[-123.71395395298876,39.08746790770168],[-123.71349146824281,39.08748200174259],[-123.71347334430472,39.087122375580364],[-123.71393582679809,39.08710828161016],[-123.71395395298876,39.08746790770168]],[[-123.71256649822051,39.08751018456177],[-123.71210401294418,39.08752427334004],[-123.7120858957638,39.087164646965775],[-123.71114281668751,39.08683319264967],[-123.71110659222059,39.086113939853185],[-123.71156906884022,39.08609985486597],[-123.7114966130169,39.08466135011825],[-123.71288401478591,39.084619085479446],[-123.71290213523395,39.08497871138408],[-123.71197719639316,39.08500688970542],[-123.71204966193328,39.08644539435802],[-123.7129927401258,39.08677684161038],[-123.71256649822051,39.08751018456177]],[[-123.71019974609132,39.08650173108114],[-123.70973726668912,39.08651581087645],[-123.70971916130158,39.086156184289756],[-123.71018163845123,39.08614210456509],[-123.71019974609132,39.08650173108114]],[[-123.71573135046171,39.085973011042825],[-123.71526887543338,39.085987111817666],[-123.71525074319264,39.0856274861259],[-123.7157132159685,39.08561338542181],[-123.71573135046171,39.085973011042825]],[[-123.71480640022816,39.086001210838326],[-123.71434392484605,39.086015308104805],[-123.71432579711025,39.08565568227164],[-123.71478827023986,39.08564158507585],[-123.71480640022816,39.086001210838326]],[[-123.71108848025217,39.08575431352528],[-123.71062600570833,39.08576839668769],[-123.7106078961691,39.08540877033605],[-123.71107036846047,39.08539468724429],[-123.71108848025217,39.08575431352528]],[[-123.71016353098783,39.085782478095915],[-123.70970105609064,39.08579655774996],[-123.70968295105637,39.08543693125708],[-123.71014542370105,39.08542285167364],[-123.71016353098783,39.085782478095915]],[[-123.71615755199868,39.08523965746013],[-123.71569508165219,39.08525375984767],[-123.7156769475128,39.084894134320386],[-123.71613941560689,39.08488003200358],[-123.71615755199868,39.08523965746013]],[[-123.71430766955129,39.08529605648532],[-123.71384519849725,39.08531015185624],[-123.7138270733676,39.08495052604613],[-123.71428954216918,39.08493643074591],[-123.71430766955129,39.08529605648532]],[[-123.7156769475128,39.084894134320386],[-123.71521447924181,39.08490823488305],[-123.71519634753173,39.08454860933188],[-123.7156588135503,39.08453450883996],[-123.7156769475128,39.084894134320386]],[[-123.71475201079394,39.08492233369155],[-123.71428954216918,39.08493643074591],[-123.71427141496392,39.08457680505333],[-123.71473388133626,39.08456270806968],[-123.71475201079394,39.08492233369155]],[[-123.71058978680654,39.085049144031274],[-123.71012731659094,39.085063225298256],[-123.71010920965747,39.08470359896972],[-123.71057167762062,39.08468951777338],[-123.71058978680654,39.085049144031274]],[[-123.70966484619869,39.085077304811044],[-123.70920237562983,39.0850913825697],[-123.70918427320125,39.08473175609994],[-123.70964674151769,39.084717678411906],[-123.70966484619869,39.085077304811044]],[[-123.716121279392,39.084520406593874],[-123.7156588135503,39.08453450883996],[-123.71564067976476,39.08417488340634],[-123.71610314335406,39.084160781231],[-123.716121279392,39.084520406593874]],[[-123.71009110290066,39.08434397268802],[-123.70962863701327,39.08435805205959],[-123.70961053268547,39.0839984257541],[-123.71007299632048,39.083984346453164],[-123.71009110290066,39.08434397268802]],[[-123.72024715156117,39.08367415803814],[-123.71978469181735,39.0836882759298],[-123.71976653811467,39.083328651226694],[-123.72022899560618,39.08331453340584],[-123.72024715156117,39.08367415803814]],[[-123.70961053268547,39.0839984257541],[-123.70914806887387,39.08401250330093],[-123.70912996697508,39.08365287697167],[-123.70959242853434,39.08363879949545],[-123.70961053268547,39.0839984257541]],[[-123.71930408044608,39.08334276729344],[-123.71884162260041,39.08335688160607],[-123.71880532473547,39.08263763205695],[-123.71973023124062,39.082609401960724],[-123.71971207806922,39.082249777397884],[-123.72017452880392,39.08223565978945],[-123.7202108398283,39.0829549088203],[-123.7192859291728,39.08298314256628],[-123.71930408044608,39.08334276729344]],[[-123.7091118652529,39.0832932506892],[-123.7086494057694,39.08330732634069],[-123.70863130647614,39.08294770003441],[-123.7090937637073,39.0829336244535],[-123.7091118652529,39.0832932506892]],[[-123.71603060097155,39.082722280247474],[-123.71556814639153,39.0827363821399],[-123.71555001349049,39.082376756940235],[-123.71601246581824,39.08236265511851],[-123.71603060097155,39.082722280247474]],[[-123.71325587083852,39.08280686529062],[-123.71279341519747,39.082820956658466],[-123.71277529581008,39.082461331034644],[-123.71323774919885,39.082447239737455],[-123.71325587083852,39.08280686529062]],[[-123.71140604721379,39.08286322023741],[-123.7109435908658,39.08287730458882],[-123.71092548048757,39.08251767868239],[-123.71138793458327,39.082503594401594],[-123.71140604721379,39.08286322023741]],[[-123.71832472480268,39.08229211969872],[-123.71786227335976,39.08230623029085],[-123.7178441293744,39.0819466054916],[-123.71830657856509,39.08193249497024],[-123.71832472480268,39.08229211969872]],[[-123.71092548048757,39.08251767868239],[-123.71046302621521,39.082531761209104],[-123.71044491826595,39.08217213527877],[-123.71090737028604,39.08215805282269],[-123.71092548048757,39.08251767868239]],[[-123.70861320735942,39.082588073774915],[-123.708150752204,39.08260214753112],[-123.70813265551617,39.082242521247814],[-123.70859510841929,39.08222844756217],[-123.70861320735942,39.082588073774915]],[[-123.71969392507494,39.081890152881755],[-123.71876902757874,39.08191838269481],[-123.71873273113022,39.08119913351956],[-123.71782598556602,39.08158698073906],[-123.71778969848026,39.080867731374106],[-123.71593992697407,39.08092415506989],[-123.71595806141976,39.081283780012],[-123.71457072417593,39.08132607957845],[-123.71455259648683,39.08096645442421],[-123.71547748365519,39.080938256608704],[-123.71490626422562,39.07879460687201],[-123.71399952810495,39.07918242527616],[-123.7140176526578,39.07954205026782],[-123.71448008749873,39.07952795427393],[-123.71451634163911,39.08024720425576],[-123.71405390229395,39.08026130039105],[-123.71403577738748,39.07990167530612],[-123.71357334011765,39.079915769616704],[-123.71355521764006,39.07955614450772],[-123.71309278244556,39.07957023699358],[-123.71307466239688,39.07921061186059],[-123.71261222927768,39.07922470252177],[-123.71211356542285,39.0785195410201],[-123.71165113645432,39.07853362803197],[-123.71166924939337,39.07889325328374],[-123.71074438642216,39.07892142218673],[-123.71070816972895,39.07820217144731],[-123.71024574248244,39.07821625312658],[-123.7102638484887,39.07857587854362],[-123.70932088745958,39.07824441122313],[-123.70889465836011,39.07897773894465],[-123.70843222590312,39.07899181374909],[-123.7084141287285,39.07863218800309],[-123.70702683705466,39.07867440168067],[-123.70700874681273,39.07831477576959],[-123.70654631815385,39.07832884341688],[-123.70656440614371,39.07868846939851],[-123.70517711235233,39.07873066202797],[-123.70514095006133,39.07801140968816],[-123.70467852294885,39.07802547024894],[-123.70460620949135,39.076586965846026],[-123.70645588085115,39.076530714207195],[-123.70643779391993,39.07617108850483],[-123.70690020906694,39.07615702128075],[-123.70691829825007,39.076516646912594],[-123.70738071547252,39.076502577864034],[-123.70787932042201,39.0772077581825],[-123.70880416299225,39.07717961103334],[-123.70882226171271,39.077539236522455],[-123.70928468498501,39.07752516024636],[-123.7092303825974,39.076446284130256],[-123.7101552151005,39.07641812673966],[-123.71019142552343,39.077137377154834],[-123.71065384601395,39.07712329568739],[-123.71115248646517,39.07782846278483],[-123.7120592209099,39.07744066575617],[-123.7120954504085,39.078159915885585],[-123.71302030331135,39.07813173674112],[-123.71298406480477,39.077412486894325],[-123.7125216429457,39.07742657720224],[-123.71248540965001,39.07670732740031],[-123.7120229921181,39.07672141581296],[-123.7119867640331,39.07600216605573],[-123.7129115899126,39.075973987759056],[-123.71292970837054,39.07633361247312],[-123.71339212329707,39.076319520623244],[-123.71346460790399,39.07775801966195],[-123.71392703166153,39.077743925775415],[-123.71394515550718,39.07810355058075],[-123.71487000699582,39.07807535740442],[-123.7148881355223,39.07843498211493],[-123.71535056325338,39.078420882825114],[-123.71538682534096,39.079140132244476],[-123.71584925739926,39.07912603105924],[-123.71627541818492,39.07839267898346],[-123.71673784538534,39.07837857443166],[-123.71677412098512,39.07909782342672],[-123.71769898386326,39.079069608778184],[-123.71766269925533,39.07835036006609],[-123.71812512592491,39.07833625025234],[-123.71817955985834,39.07941512317808],[-123.71864199310701,39.07940101139806],[-123.71866014035758,39.07976063572908],[-123.71958501082796,39.07973240676543],[-123.71962131486862,39.08045165528422],[-123.71915887521776,39.08046577078462],[-123.71921332585038,39.0815446441251],[-123.71967577225773,39.08153052841234],[-123.71969392507494,39.081890152881755]],[[-123.71321962773597,39.082087614231014],[-123.71229472528618,39.082115794929955],[-123.71227660850457,39.08175616932891],[-123.71318338534054,39.081368363358315],[-123.71321962773597,39.082087614231014]],[[-123.71458885204191,39.08168570477936],[-123.71412640368803,39.08169980119741],[-123.71410827807429,39.081340175925796],[-123.71457072417593,39.08132607957845],[-123.71458885204191,39.08168570477936]],[[-123.70902135929076,39.08149511997838],[-123.7085589110687,39.081509195276894],[-123.70854081265826,39.08114956920434],[-123.70900325862809,39.08113549397639],[-123.70902135929076,39.08149511997838]],[[-123.71407202737726,39.08062092552261],[-123.71360958560315,39.08063501997456],[-123.71359146277199,39.08027539477229],[-123.71405390229395,39.08026130039105],[-123.71407202737726,39.08062092552261]],[[-123.71127926251076,39.08034584036795],[-123.71081682192839,39.08035992422496],[-123.71079871278685,39.08000029864546],[-123.71126115111707,39.07998621485906],[-123.71127926251076,39.08034584036795]],[[-123.71079871278685,39.08000029864546],[-123.71033627427994,39.080014380677795],[-123.7103181675672,39.07965475507431],[-123.71078060382196,39.07964067311257],[-123.71079871278685,39.08000029864546]],[[-123.71956685907324,39.079372782575945],[-123.71910442617866,39.079386897864005],[-123.71908627685305,39.079027273650375],[-123.71954870749559,39.07901315843312],[-123.71956685907324,39.079372782575945]],[[-123.70985573113579,39.079668835282],[-123.70939329452777,39.07968291373568],[-123.70937519249583,39.07932328803763],[-123.70983762685177,39.07930920965456],[-123.70985573113579,39.079668835282]],[[-123.71581299080758,39.07840678178126],[-123.71535056325338,39.078420882825114],[-123.71533243247488,39.07806125818529],[-123.7157948577771,39.07804715721216],[-123.71581299080758,39.07840678178126]],[[-123.71995667753447,39.07792016952516],[-123.71949425382503,39.077934286284055],[-123.7189955328807,39.07722915328078],[-123.71807069358441,39.077257377745674],[-123.71808883752092,39.07761700186803],[-123.71762641535531,39.077631111540285],[-123.71662902283222,39.07622082856369],[-123.71755384967891,39.076192615046956],[-123.7180525498249,39.07689775366985],[-123.71851496730962,39.076883642385155],[-123.71847867581776,39.07616439451451],[-123.7189410886217,39.07615028161737],[-123.718959236531,39.07650990545869],[-123.71988406611153,39.07648167426112],[-123.71992037146885,39.07720092180009],[-123.72084520934868,39.07717268330358],[-123.72086336679682,39.07753230700125],[-123.71993852441311,39.07756054563937],[-123.71995667753447,39.07792016952516]],[[-123.71718213262233,39.07800484376895],[-123.71671970785083,39.078018950003994],[-123.71670157049327,39.0776593256229],[-123.71716399301278,39.07764521945858],[-123.71718213262233,39.07800484376895]],[[-123.72223246483999,39.077130312404165],[-123.72177004652004,39.07714443779125],[-123.72173372314752,39.076425190818696],[-123.72219613696366,39.07641106557329],[-123.72223246483999,39.077130312404165]],[[-123.72130762802293,39.07715856142438],[-123.72084520934868,39.07717268330358],[-123.72082705207767,39.076813059652416],[-123.7212894685,39.076798937844046],[-123.72130762802293,39.07715856142438]],[[-123.7152961714485,39.0773420090453],[-123.71483375047339,39.07735610812304],[-123.71479749465828,39.076636859027786],[-123.71572232742395,39.07660865940116],[-123.7152961714485,39.0773420090453]],[[-123.71157868646509,39.07709512749063],[-123.71065384601395,39.07712329568739],[-123.71061763108717,39.07640404541344],[-123.71108004689718,39.076389962333266],[-123.71157868646509,39.07709512749063]],[[-123.72173372314752,39.076425190818696],[-123.72127130915419,39.076439314310214],[-123.72123499099403,39.07572006738193],[-123.72169740048362,39.07570594403207],[-123.72173372314752,39.076425190818696]],[[-123.7203464806362,39.07646755603141],[-123.71988406611153,39.07648167426112],[-123.71986591369847,39.076122050561345],[-123.72032832597127,39.07610793240243],[-123.7203464806362,39.07646755603141]],[[-123.71479749465828,39.076636859027786],[-123.71433507801021,39.076650956210194],[-123.71431695261982,39.07629133166162],[-123.71477936701599,39.07627723454992],[-123.71479749465828,39.076636859027786]],[[-123.723565206921,39.076009056180204],[-123.72310279588831,39.07602318661657],[-123.72308462788945,39.075663563458974],[-123.72354703667028,39.07564943309347],[-123.723565206921,39.076009056180204]],[[-123.72264038467839,39.07603731529903],[-123.72217797329128,39.07605144222756],[-123.7221598097961,39.07569181892828],[-123.72262221893136,39.0756776920706],[-123.72264038467839,39.07603731529903]],[[-123.71847867581776,39.07616439451451],[-123.71801626283684,39.0761785056577],[-123.7179799765567,39.07545925783144],[-123.71751756790248,39.07547336707921],[-123.7174994272797,39.075113743165005],[-123.71842423990752,39.075085523057034],[-123.71844238503394,39.075445146829736],[-123.71890479333418,39.07543103407416],[-123.71847867581776,39.07616439451451]],[[-123.71662902283222,39.07622082856369],[-123.71616660914349,39.076234932691136],[-123.71566793151628,39.07552978653115],[-123.71659275006321,39.07550158031301],[-123.71662902283222,39.07622082856369]],[[-123.71431695261982,39.07629133166162],[-123.71385453804685,39.0763054270194],[-123.71383641508513,39.07594580244665],[-123.71429882740622,39.07593170715955],[-123.71431695261982,39.07629133166162]],[[-123.7221598097961,39.07569181892828],[-123.72169740048362,39.07570594403207],[-123.72167923941744,39.075346320708434],[-123.72214164647805,39.075332195675486],[-123.7221598097961,39.07569181892828]],[[-123.71982960940359,39.075402803301216],[-123.7193672014574,39.075416919564624],[-123.71934905182735,39.075057295933455],[-123.71981145752173,39.07504317974082],[-123.71982960940359,39.075402803301216]],[[-123.71564979990082,39.07517016233406],[-123.71518739261387,39.07518426274156],[-123.71515113441708,39.07446501434529],[-123.71561353720044,39.074450914079186],[-123.71564979990082,39.07517016233406]],[[-123.71195053665491,39.07528291648441],[-123.71148812795381,39.07529700286058],[-123.71147001678158,39.07493737807397],[-123.71193242323083,39.074923291768435],[-123.71195053665491,39.07528291648441]],[[-123.70778885198703,39.075409630728785],[-123.70732644169676,39.07542370131962],[-123.7073083507911,39.07506407589777],[-123.70777075882954,39.075050005377456],[-123.70778885198703,39.075409630728785]],[[-123.71331964151834,39.07488102232835],[-123.71285723559922,39.0748951138956],[-123.71283911784825,39.074535489367356],[-123.71330152151553,39.07452139787075],[-123.71331964151834,39.07488102232835]],[[-123.71147001678158,39.07493737807397],[-123.71100761015568,39.074951462625606],[-123.7109895014119,39.07459183781483],[-123.71145190578602,39.074577753333806],[-123.71147001678158,39.07493737807397]],[[-123.71278476565563,39.07345661606095],[-123.71232236856686,39.07347070559175],[-123.71230425377449,39.07311108117841],[-123.71276664861152,39.07309699171825],[-123.71278476565563,39.07345661606095]],[[-123.71184185876072,39.073125168884694],[-123.71137946357032,39.07313925483713],[-123.71136135345802,39.072779630328874],[-123.71182374639675,39.072765544447066],[-123.71184185876072,39.073125168884694]],[[-123.7122861391588,39.07275145681141],[-123.71182374639675,39.072765544447066],[-123.71180563420943,39.0724059200558],[-123.7122680247198,39.07239183249076],[-123.7122861391588,39.07275145681141]],[[-123.71089896034266,39.07279371445683],[-123.71043656705066,39.07280779683093],[-123.71041846161839,39.07244817222782],[-123.7108808526587,39.07243408992432],[-123.71089896034266,39.07279371445683]],[[-123.70951177993688,39.07283595631752],[-123.70904938611511,39.072850033430015],[-123.7090312874379,39.072490408615174],[-123.70949367900796,39.072476331573235],[-123.70951177993688,39.07283595631752]],[[-123.7131022131498,39.0705655318968],[-123.71217745517518,39.07059371158204],[-123.7121050027197,39.06915521568764],[-123.71304786003408,39.06948666033047],[-123.7130659775626,39.0698462841397],[-123.71260360316667,39.06986037471795],[-123.7131022131498,39.0705655318968]],[[-123.71171507592284,39.07060779879397],[-123.71125269649387,39.070621884252084],[-123.71123458761807,39.07026226006793],[-123.71169696479552,39.07024817468042],[-123.71171507592284,39.07060779879397]],[[-123.70984745502605,39.07030450570765],[-123.70938507714222,39.07031858407996],[-123.70936697744916,39.06995895965968],[-123.70982935308146,39.06994488135794],[-123.70984745502605,39.07030450570765]],[[-123.71029172853721,39.06993080130242],[-123.70982935308146,39.06994488135794],[-123.70981125131347,39.06958525705445],[-123.71027362451768,39.06957117706951],[-123.71029172853721,39.06993080130242]],[[-123.7116607430708,39.069528926591985],[-123.71119837039637,39.069543011838284],[-123.71118026205048,39.06918338779278],[-123.71164263247341,39.0691693026171],[-123.7116607430708,39.069528926591985]],[[-123.70564988453278,39.06971189799861],[-123.70518750956393,39.069725960445695],[-123.70516943048749,39.0693663354831],[-123.70563180320482,39.06935227310652],[-123.70564988453278,39.06971189799861]],[[-123.7121050027197,39.06915521568764],[-123.71164263247341,39.0691693026171],[-123.71158830174112,39.068090430969484],[-123.7120506652331,39.06807634425187],[-123.7121050027197,39.06915521568764]],[[-123.71118026205048,39.06918338779278],[-123.7107178914509,39.069197471214686],[-123.7106997855331,39.06883784714479],[-123.71116215388119,39.06882376379349],[-123.71118026205048,39.06918338779278]],[[-123.71114404588852,39.06846413984034],[-123.7102193135186,39.06849230464801],[-123.70972074512176,39.06778713622992],[-123.71062736362778,39.06739935132676],[-123.71066357422723,39.06811859914347],[-123.71112593807247,39.06810451593335],[-123.71114404588852,39.06846413984034]],[[-123.70883221363947,39.06853453870637],[-123.70836984666005,39.0685486132183],[-123.70835175235253,39.06818898888789],[-123.70881411708055,39.06817491444649],[-123.70883221363947,39.06853453870637]],[[-123.71158830174112,39.068090430969484],[-123.71112593807247,39.06810451593335],[-123.71110783043308,39.067744892072525],[-123.71157019185029,39.06773080717926],[-123.71158830174112,39.068090430969484]],[[-123.71249491415483,39.067702632131535],[-123.71203255309088,39.06771672053226],[-123.71201444112535,39.06735709685877],[-123.71247679993793,39.06734300852866],[-123.71249491415483,39.067702632131535]],[[-123.70694656973296,39.06787157719367],[-123.70648420655057,39.06788564454954],[-123.70644803682903,39.067166395555205],[-123.70691039550866,39.06715232834037],[-123.70694656973296,39.06787157719367]],[[-123.71199632933646,39.066997473231396],[-123.71153397259856,39.067011559737175],[-123.71147964504569,39.06593268891973],[-123.71194199502966,39.06591860262577],[-123.71199632933646,39.066997473231396]],[[-123.70922218626012,39.06708196596029],[-123.70829747048894,39.067110116173495],[-123.70827937688736,39.06675049202762],[-123.70920408815586,39.06672234195551],[-123.70922218626012,39.06708196596029]],[[-123.71382763390373,39.066581486372336],[-123.71336528012391,39.06659557982234],[-123.71334716193442,39.06623595649901],[-123.71380951346296,39.066221863119644],[-123.71382763390373,39.066581486372336]],[[-123.71059115373467,39.066680103694516],[-123.71012879871829,39.06669418486856],[-123.71007449195685,39.065615313554076],[-123.71053684021936,39.06560123259176],[-123.71059115373467,39.066680103694516]],[[-123.70731848724448,39.06605938664922],[-123.70639378356965,39.06608752240955],[-123.7063756995026,39.06572789811982],[-123.70730039867487,39.065699762500515],[-123.70731848724448,39.06605938664922]],[[-123.70452629904167,39.065784148314066],[-123.70406394848568,39.065798206478384],[-123.70404587585138,39.0654385818823],[-123.70450822415611,39.06542452378845],[-123.70452629904167,39.065784148314066]],[[-123.70681996303502,39.065354207013826],[-123.70635761561194,39.065368273876125],[-123.70633953189767,39.06500864967848],[-123.7068018770695,39.06499458288668],[-123.70681996303502,39.065354207013826]],[[-123.71050063209205,39.064881985420136],[-123.710038288332,39.064896066241296],[-123.7100201867844,39.064536442653946],[-123.71048252829326,39.06452236190335],[-123.71050063209205,39.064881985420136]],[[-123.70449014944684,39.065064899308865],[-123.7035654571636,39.06509301360198],[-123.70352931727881,39.06437376449909],[-123.70399165900609,39.06435970837027],[-123.70449014944684,39.065064899308865]],[[-123.7072461340246,39.06462089033062],[-123.70632144835976,39.06464902552685],[-123.70628528181308,39.06392977736161],[-123.70674762023133,39.06391571078132],[-123.70672953497136,39.0635560868382],[-123.70765420677634,39.063527948557685],[-123.70769038647728,39.06424719620789],[-123.70722804616065,39.064261266366],[-123.7072461340246,39.06462089033062]],[[-123.70537868313033,39.064317529461846],[-123.70491634193188,39.06433159085165],[-123.70489826550028,39.06397196658055],[-123.70536060444753,39.06395790526121],[-123.70537868313033,39.064317529461846]],[[-123.70397358707686,39.06400008395827],[-123.70304890794843,39.06402819432136],[-123.70303084069779,39.063668569814475],[-123.70395551532388,39.063640459592264],[-123.70397358707686,39.06400008395827]],[[-123.7090412131605,39.06348572798466],[-123.7085788778756,39.063499803262644],[-123.70856078378752,39.06314017964756],[-123.70902311682133,39.063126104440116],[-123.7090412131605,39.06348572798466]],[[-123.70672953497136,39.0635560868382],[-123.70626719880427,39.06357015334797],[-123.70624911597184,39.06321052938029],[-123.70671144988779,39.063196462941],[-123.70672953497136,39.0635560868382]],[[-123.70580486246085,39.063584218104126],[-123.70488018924496,39.06361234235548],[-123.70486211316594,39.063252718176365],[-123.70578678187954,39.06322459406596],[-123.70580486246085,39.063584218104126]],[[-123.70441785237254,39.0636264018507],[-123.70395551532388,39.063640459592264],[-123.70391937234669,39.06292121099813],[-123.7043817048931,39.06290715339747],[-123.70441785237254,39.0636264018507]],[[-123.70809845057722,39.06315425310135],[-123.70715569646907,39.062822770967344],[-123.7071014360526,39.06174389990067],[-123.70756376061145,39.06172983023615],[-123.70754567190772,39.061370206709555],[-123.70800799403916,39.061356135361976],[-123.70802608499388,39.06171575881806],[-123.7084884091999,39.061701685646376],[-123.7085065025821,39.062061309077805],[-123.70944925302756,39.06239278066881],[-123.70946735126483,39.062752404050954],[-123.70808035891672,39.06279462946163],[-123.70809845057722,39.06315425310135]],[[-123.70347510877339,39.06329489118973],[-123.70255043829715,39.06332299776376],[-123.70253237365006,39.06296337327836],[-123.70345703962403,39.06293526684518],[-123.70347510877339,39.06329489118973]],[[-123.71039201194773,39.06272424500907],[-123.70944925302756,39.06239278066881],[-123.70943115496678,39.062033157332564],[-123.70989348089437,39.06201907882954],[-123.70985728080029,39.06129983243581],[-123.71080002758258,39.06163129348404],[-123.71083623703385,39.06235053968726],[-123.71037390920829,39.062364621768054],[-123.71039201194773,39.06272424500907]],[[-123.7066933649806,39.06283683908974],[-123.7057687014746,39.06286497007371],[-123.70573254119368,39.06214572222707],[-123.70619486853272,39.06213165775289],[-123.7066933649806,39.06283683908974]],[[-123.70530636945705,39.062879032935264],[-123.70484403726323,39.062893094043176],[-123.7048259615368,39.062533469955945],[-123.70390130112247,39.06256158676999],[-123.70386515920275,39.061842338451456],[-123.70478981061281,39.06181422191923],[-123.70480788598665,39.06217384591465],[-123.70527021367833,39.06215978494767],[-123.70530636945705,39.062879032935264]],[[-123.70251430917915,39.06260374883891],[-123.70205197817901,39.06261779935462],[-123.70203391613538,39.062258174890694],[-123.70249624488446,39.06224412444539],[-123.70251430917915,39.06260374883891]],[[-123.70573254119368,39.06214572222707],[-123.70527021367833,39.06215978494767],[-123.70525213605342,39.061800161022724],[-123.70571446131774,39.06178609837259],[-123.70573254119368,39.06214572222707]],[[-123.7071014360526,39.06174389990067],[-123.70663911131733,39.06175796781158],[-123.70660294309036,39.061038720522234],[-123.70706526332359,39.06102465275232],[-123.7071014360526,39.06174389990067]],[[-123.69924189158148,39.06198281589626],[-123.69877956385085,39.061996853995886],[-123.69876151791695,39.06163722913111],[-123.69922384339648,39.06162319110184],[-123.69924189158148,39.06198281589626]],[[-123.70845222296485,39.06098243892114],[-123.70752758338043,39.061010583228835],[-123.70749140685504,39.060291336404916],[-123.70795372223355,39.060277265268866],[-123.70845222296485,39.06098243892114]],[[-123.69726630903266,39.05952158320594],[-123.69680399635524,39.05953561379891],[-123.69678596065692,39.05917598897379],[-123.69724827108344,39.05916195845112],[-123.69726630903266,39.05952158320594]]]},"properties":{"id":"cdfw-ds3091-7-32-11-3","source":"CDFW ds3091 predicted substrate","source_url":"https://tiledimageservices2.arcgis.com/Uq9r85Potqm3MfRV/arcgis/rest/services/biosds3091_cru/ImageServer","metadata_url":"https://filelib.wildlife.ca.gov/public/BDB/GIS/BIOS/metadata/ds3091.html","source_tile_sha256":"253aeb6ced9cbd7a96a4a3af3d06e8189685c648099809e64b1ae575a4501f1f","source_class":"Predicted hard (rugosity proxy)","display_resolution_m":40,"approx_area_m2":4942400,"fishing_target":false,"exportable":false,"depth_qualified":false,"fish_confirmed":false,"mpa_screened_at":"2026-09-23T20:44:08Z"}},{"type":"Feature","geometry":{"type":"Polygon","coordinates":[[[-123.71697342618283,39.06468466978925],[-123.71688275137487,39.062886557609666],[-123.7159580911371,39.062914765893964],[-123.71592183145617,39.06219552106091],[-123.7168283486125,39.06180769085305],[-123.71686461694388,39.06252693531155],[-123.71732694454643,39.062512828609705],[-123.7172725355616,39.06143396220283],[-123.71773485623423,39.06141985395948],[-123.71769857996017,39.06070061005895],[-123.71679208098853,39.06108844657801],[-123.71677394744182,39.060728824509276],[-123.71631163091737,39.060742929104116],[-123.71581305665687,39.06003778766266],[-123.71535074428061,39.06005188860905],[-123.715386997338,39.06077113303311],[-123.7149246802831,39.06078523236727],[-123.71488843172759,39.06006598780189],[-123.71396380609127,39.06009418092696],[-123.71394568658043,39.059734558571726],[-123.71485218387907,39.05934674341976],[-123.71435363301121,39.05864159637744],[-123.71527824028719,39.05861340031045],[-123.71529636602038,39.058973022316444],[-123.71575867164405,39.05895892158201],[-123.71618471679808,39.05822557541049],[-123.71710931815817,39.058197365456806],[-123.71668328236099,39.058930714852664],[-123.71760789237058,39.05890250110924],[-123.71764416687577,39.05962174455177],[-123.7171818574577,39.05963585244164],[-123.71719999272476,39.059995474302234],[-123.71814275583141,39.06032687839262],[-123.71812461588571,39.059967256627615],[-123.71858692720085,39.05995314515997],[-123.71808833652506,39.059248013234956],[-123.71899480605833,39.0588601673428],[-123.71845993677867,39.05743579458123],[-123.71707304956952,39.057478122238784],[-123.71703678168825,39.0567588792035],[-123.71611219833406,39.05678708859179],[-123.71614845721247,39.057506331909764],[-123.7166107534794,39.05749222795101],[-123.71662888543456,39.05785184960783],[-123.7152419893511,39.05789415643563],[-123.71526011473077,39.058253778350185],[-123.71479781343194,39.05826787718978],[-123.7147434445755,39.05718901137136],[-123.71383697322617,39.057576825401306],[-123.71333844402903,39.05687167467353],[-123.71241385784711,39.05689985600638],[-123.71243196919217,39.05725947820754],[-123.71196967358554,39.057273566314365],[-123.7119515644912,39.056913944042606],[-123.71056468336396,39.056956197630434],[-123.71058278570611,39.05731582011392],[-123.71104508184249,39.05730173726755],[-123.71108129155793,39.05802098223048],[-123.71202400192821,39.058352433403854],[-123.71206022170638,39.05907167835881],[-123.71113560745533,39.05909985001781],[-123.71117181893648,39.05981909543819],[-123.712096442191,39.05979092349686],[-123.71211455269827,39.060150546134544],[-123.71072761079887,39.06019280162797],[-123.71074571472995,39.060552424523244],[-123.71120803112392,39.060538341041735],[-123.71170656473704,39.06124350145237],[-123.71263120564585,39.061215325439186],[-123.71220510788393,39.06194866001049],[-123.71266743275203,39.06193457098591],[-123.7126855465701,39.06229419382808],[-123.71361020027832,39.06226601037686],[-123.71364643744872,39.062985255916466],[-123.71410876853989,39.06297116141919],[-123.71460734633601,39.063676310609004],[-123.71553201663902,39.06364811256374],[-123.71555014484721,39.064007735211696],[-123.71601248198466,39.06399363348795],[-123.71603061262083,39.064353256111204],[-123.71697342618283,39.06468466978925]],[[-123.71586744326089,39.06111665415549],[-123.71540512413185,39.06113075531387],[-123.715386997338,39.06077113303311],[-123.71584931421609,39.06075703194539],[-123.71586744326089,39.06111665415549]],[[-123.71448048534343,39.061158952369915],[-123.71355584584803,39.06118714241169],[-123.713537728058,39.06082751984837],[-123.71446236305148,39.060799329947855],[-123.71448048534343,39.061158952369915]],[[-123.71303917974811,39.06012236703784],[-123.7125768663115,39.06013645746297],[-123.71255875355335,39.059776834895885],[-123.71302106473905,39.05976274454137],[-123.71303917974811,39.06012236703784]],[[-123.71394568658043,39.059734558571726],[-123.71348337574808,39.05974865243331],[-123.71346525866481,39.05938903005324],[-123.71392756724627,39.05937493626227],[-123.71394568658043,39.059734558571726]],[[-123.71255875355335,39.059776834895885],[-123.712096442191,39.05979092349686],[-123.71207833186038,39.05943130090495],[-123.71254064097185,39.05941721237458],[-123.71255875355335,39.059776834895885]],[[-123.71807019711008,39.05888839160728],[-123.71760789237058,39.05890250110924],[-123.71758975538332,39.05854287945664],[-123.718052057872,39.05852877002535],[-123.71807019711008,39.05888839160728]],[[-123.71298483525094,39.059043499685735],[-123.71252252856698,39.05905758989905],[-123.71250441633875,39.05869796746929],[-123.71296672077187,39.05868387732659],[-123.71298483525094,39.059043499685735]],[[-123.71342902502836,39.05866978543038],[-123.71296672077187,39.05868387732659],[-123.71294860646948,39.05832425501319],[-123.71341090847513,39.058310163187585],[-123.71342902502836,39.05866978543038]],[[-123.71757161857293,39.058183257849734],[-123.71710931815817,39.058197365456806],[-123.71709118377541,39.05783774382493],[-123.7175534819394,39.05782363628854],[-123.71757161857293,39.058183257849734]],[[-123.71294860646948,39.05832425501319],[-123.71248630428715,39.058338345085275],[-123.71245008071388,39.05761910045441],[-123.71291237839463,39.05760501052353],[-123.71294860646948,39.05832425501319]],[[-123.71337467589873,39.05759091883915],[-123.71291237839463,39.05760501052353],[-123.71289426462218,39.05724538834726],[-123.71335655987554,39.0572312967335],[-123.71337467589873,39.05759091883915]],[[-123.7119877828565,39.05763318863182],[-123.7115254848225,39.05764727505574],[-123.7115073778023,39.057287652667696],[-123.71196967358554,39.057273566314365],[-123.7119877828565,39.05763318863182]]]},"properties":{"id":"cdfw-ds3091-7-32-11-4","source":"CDFW ds3091 predicted substrate","source_url":"https://tiledimageservices2.arcgis.com/Uq9r85Potqm3MfRV/arcgis/rest/services/biosds3091_cru/ImageServer","metadata_url":"https://filelib.wildlife.ca.gov/public/BDB/GIS/BIOS/metadata/ds3091.html","source_tile_sha256":"253aeb6ced9cbd7a96a4a3af3d06e8189685c648099809e64b1ae575a4501f1f","source_class":"Predicted hard (rugosity proxy)","display_resolution_m":40,"approx_area_m2":270400,"fishing_target":false,"exportable":false,"depth_qualified":false,"fish_confirmed":false,"mpa_screened_at":"2026-09-23T20:44:08Z"}},{"type":"Feature","geometry":{"type":"Polygon","coordinates":[[[-123.71796136433508,39.056730662801385],[-123.7178888126895,39.055292177844144],[-123.71742653045708,39.05530628663919],[-123.7169279822886,39.054601151193076],[-123.71879523465329,39.054904334009976],[-123.71836923464171,39.05563768839587],[-123.71883151877093,39.055623576023294],[-123.71933009204987,39.05632870395166],[-123.71979238032651,39.05631458793078],[-123.71973793985013,39.05523572512985],[-123.72020022119796,39.05522160756772],[-123.72021837009704,39.055581228385016],[-123.72114293676287,39.05555298785901],[-123.72110663013936,39.05483374655302],[-123.72203118709476,39.054805499296364],[-123.72201302954747,39.05444587885325],[-123.7215507534088,39.054460003287495],[-123.7210521715318,39.05375488493574],[-123.72058989954013,39.05376900572172],[-123.72060804998178,39.05412862628599],[-123.7196653550258,39.05379724203348],[-123.72009133152005,39.05306388362081],[-123.71870452745515,39.05310622977398],[-123.71875895124332,39.05418509217895],[-123.7178344008125,39.054213314605036],[-123.7177981271122,39.05349407267344],[-123.71733585613251,39.053508181115035],[-123.71680105770125,39.05208380392075],[-123.71585840598554,39.05175239047355],[-123.7158221527641,39.05103314861341],[-123.71397312796793,39.051089541827764],[-123.71395501062372,39.05072992068335],[-123.7134927562333,39.05074401453302],[-123.71356521766867,39.05218249966573],[-123.71495200731444,39.05214021200942],[-123.71452598505526,39.0528735522049],[-123.7136014494463,39.05290174250489],[-123.71358333346916,39.05254212106257],[-123.7131210676501,39.05255621351193],[-123.71308484072668,39.051836970622546],[-123.71262257923186,39.05185106117733],[-123.71304861450973,39.05111772791499],[-123.7116618429978,39.05115999389586],[-123.71167994926684,39.05151961543866],[-123.71077353148671,39.051907405863055],[-123.71073732777367,39.05118816244979],[-123.71027506989682,39.05120224409676],[-123.70977661783793,39.05049708047676],[-123.70838985612131,39.050539309214535],[-123.70840794628481,39.050898931160205],[-123.70794568977608,39.050913003969995],[-123.70792760186293,39.05055338195384],[-123.70654083802962,39.05059558965178],[-123.70657700053005,39.05131483415238],[-123.7075015189301,39.0512866971585],[-123.70751960494562,39.051646319336015],[-123.70659508204476,39.05167445647086],[-123.70663124560312,39.05239370124419],[-123.7070935116426,39.05237963341249],[-123.70759195077133,39.05308480850083],[-123.70897876080527,39.053042588802434],[-123.70901494827949,39.053761833234866],[-123.70810848893187,39.05414960416143],[-123.70814466846245,39.05486884914924],[-123.70953151172536,39.054826623132946],[-123.7094591263631,39.05338813418579],[-123.71038366965159,39.053359975305455],[-123.71040177022849,39.05371959733285],[-123.71086404385849,39.05370551519206],[-123.71043797191183,39.05443884152424],[-123.71136252799751,39.054410675207016],[-123.71134442256647,39.054051053229685],[-123.7118066980939,39.054036967511514],[-123.71182480577552,39.05439658941831],[-123.71274936080174,39.05436841258064],[-123.71276747316108,39.05472803439183],[-123.71415431112739,39.05468575577296],[-123.7137282662329,39.055419093876054],[-123.71465283334946,39.055390902587405],[-123.7146709552412,39.0557505242529],[-123.71374638362342,39.0557787156828],[-123.71376450119057,39.05613833753522],[-123.71515136510416,39.05609604754834],[-123.71472532197683,39.05682938952325],[-123.71564990639176,39.05680119065573],[-123.7156136527219,39.056081947379134],[-123.71700051451437,39.0560396363509],[-123.71701864801288,39.05639925775438],[-123.71796136433508,39.056730662801385]],[[-123.71744466585254,39.055665907880744],[-123.71605781134245,39.055708223957275],[-123.7160396826988,39.05534860250371],[-123.71742653045708,39.05530628663919],[-123.71744466585254,39.055665907880744]],[[-123.71559552615211,39.055722325809256],[-123.71513324078504,39.05573642590781],[-123.71511511664265,39.055376804312935],[-123.71557739975911,39.05536270428503],[-123.71559552615211,39.055722325809256]],[[-123.71971979337863,39.05487610428742],[-123.71925751410443,39.05489022002539],[-123.71923937006042,39.05453059915781],[-123.71970164708405,39.05451648349055],[-123.71971979337863,39.05487610428742]],[[-123.71648383474428,39.05497487763164],[-123.71555927354288,39.05500308280642],[-123.7155411475034,39.05464346137335],[-123.71644757383986,39.05425563509375],[-123.71648383474428,39.05497487763164]],[[-123.71923937006042,39.05453059915781],[-123.71877709285984,39.05454471307167],[-123.71875895124332,39.05418509217895],[-123.71922122619335,39.05417097833576],[-123.71923937006042,39.05453059915781]],[[-123.7155411475034,39.05464346137335],[-123.71507886888814,39.05465756125997],[-123.71504262184055,39.05393831838933],[-123.71550489595475,39.05392421864399],[-123.7155411475034,39.05464346137335]],[[-123.71413619201635,39.054326134173586],[-123.71367391512146,39.05434022872934],[-123.71365579843769,39.05398060710491],[-123.714118073082,39.05396651261979],[-123.71413619201635,39.054326134173586]],[[-123.71596716989217,39.05391011714527],[-123.71550489595475,39.05392421864399],[-123.71548677044557,39.05356459734761],[-123.71594904213248,39.05355049591954],[-123.71596716989217,39.05391011714527]],[[-123.71548677044557,39.05356459734761],[-123.71502449858188,39.0535786970223],[-123.71498825259471,39.05285945442487],[-123.7159127871434,39.05283125360469],[-123.71548677044557,39.05356459734761]],[[-123.7117885905889,39.053677345650286],[-123.71132631731197,39.05369143129787],[-123.71130821223403,39.05333180941159],[-123.71177048326044,39.05331772383458],[-123.7117885905889,39.053677345650286]],[[-123.7126950247835,39.053289547420405],[-123.71223275411026,39.0533036365042],[-123.71221464470791,39.052944014804595],[-123.71267691313066,39.0529299257914],[-123.7126950247835,39.053289547420405]],[[-123.71637505415259,39.05281715056451],[-123.7159127871434,39.05283125360469],[-123.71589465991399,39.052471632515484],[-123.71635692467275,39.05245752954599],[-123.71637505415259,39.05281715056451]],[[-123.71221464470791,39.052944014804595],[-123.71129010733267,39.05297218757088],[-123.71127200260783,39.052612565775625],[-123.7117342691333,39.052598480339746],[-123.71171616233458,39.05223885866056],[-123.71264069035483,39.05221068266986],[-123.71221464470791,39.052944014804595]],[[-123.70944103046371,39.05302851206287],[-123.70897876080527,39.053042588802434],[-123.70896066733282,39.0526829666545],[-123.70942293474079,39.052668889985476],[-123.70944103046371,39.05302851206287]],[[-123.70940483919432,39.05230926795356],[-123.70894257403681,39.052323344552086],[-123.70892448091723,39.051963722495145],[-123.70938674382431,39.051949645967156],[-123.70940483919432,39.05230926795356]],[[-123.7149338849394,39.051780590869924],[-123.71447162415122,39.051794688438086],[-123.71445350420328,39.051435067273395],[-123.71491576274107,39.05142096977585],[-123.7149338849394,39.051780590869924]],[[-123.71216031756043,39.05186514997879],[-123.71169805571242,39.05187923702689],[-123.71167994926684,39.05151961543866],[-123.71214220886444,39.05150552846111],[-123.71216031756043,39.05186514997879]],[[-123.7089063879741,39.05160410048367],[-123.70844412714101,39.051618175187805],[-123.7084260366247,39.05125855315128],[-123.7088882952074,39.051244478517646],[-123.7089063879741,39.05160410048367]]]},"properties":{"id":"cdfw-ds3091-7-33-11-1","source":"CDFW ds3091 predicted substrate","source_url":"https://tiledimageservices2.arcgis.com/Uq9r85Potqm3MfRV/arcgis/rest/services/biosds3091_cru/ImageServer","metadata_url":"https://filelib.wildlife.ca.gov/public/BDB/GIS/BIOS/metadata/ds3091.html","source_tile_sha256":"cfbb07b124888be812b579ee994bbfafc376c4aa3ef61c3ae954c29e4eb2384a","source_class":"Predicted hard (rugosity proxy)","display_resolution_m":40,"approx_area_m2":371200,"fishing_target":false,"exportable":false,"depth_qualified":false,"fish_confirmed":false,"mpa_screened_at":"2026-09-23T20:44:08Z"}},{"type":"Feature","geometry":{"type":"Polygon","coordinates":[[[-123.70363025390724,39.05716722885012],[-123.70359411727425,39.05644798190545],[-123.70451870115782,39.05641986748652],[-123.70450062860424,39.05606024422353],[-123.70311375926669,39.056102413010436],[-123.70309569364139,39.05574278958184],[-123.70263340576051,39.05575684226682],[-123.70257921669362,39.05467797204356],[-123.70211693538852,39.054692022763874],[-123.70208081472585,39.05397277603559],[-123.70254309152975,39.05395872545606],[-123.70256115402361,39.05431834872704],[-123.7034857116041,39.05429024216691],[-123.70346764460908,39.05393061903676],[-123.7039299208845,39.05391656319701],[-123.70391185181509,39.05355694018284],[-123.70344957779024,39.05357099595218],[-123.7034315111476,39.05321137291314],[-123.702488905105,39.05287985591649],[-123.70239859791974,39.051081740927394],[-123.70193633911974,39.05109579094379],[-123.70143796750392,39.050390593247926],[-123.70051345802504,39.05041868423257],[-123.70049540647,39.05005906118054],[-123.70003315371686,39.05007310397254],[-123.69999705563546,39.049353857863906],[-123.699534807207,39.04936789876191],[-123.69996095825806,39.04863461193681],[-123.69811198149063,39.04869076444642],[-123.69813002109026,39.04905038766857],[-123.69766777420828,39.04906442148302],[-123.6976316996855,39.04834517494349],[-123.69855618427243,39.04831710584244],[-123.69853814277442,39.047957482781285],[-123.69761366268794,39.04798555174174],[-123.69759562586627,39.0476259285853],[-123.69805786374722,39.047611895052015],[-123.69755955275052,39.04690668240832],[-123.69663508546172,39.04693474393401],[-123.69665311743131,39.047294367140395],[-123.69572864493885,39.047322421793595],[-123.69574667258387,39.04768204518582],[-123.69528443382373,39.04769606995277],[-123.69524838320987,39.04697682307312],[-123.69432391416315,39.047004867066306],[-123.69430589362018,39.04664524355396],[-123.6938436610834,39.04665926285044],[-123.69386167937618,39.047018886432994],[-123.6929552232433,39.047406543674875],[-123.69348952726175,39.04883102298993],[-123.69302728087222,39.04884503920116],[-123.69306331074067,39.049564287236386],[-123.69213880843336,39.04959231467968],[-123.69215681913037,39.0499519389058],[-123.6916945654629,39.04996595006767],[-123.69173058288304,39.050685198796465],[-123.69126832453918,39.05069920834536],[-123.69128633126226,39.05105883284813],[-123.69174859185652,39.05104482322907],[-123.69180261983068,39.052123696799605],[-123.69274516817217,39.05245529635431],[-123.69278119705312,39.05317454543907],[-123.6937057440181,39.053146513084855],[-123.69372376322323,39.0535061375551],[-123.69418603869272,39.05349211867764],[-123.69424010411427,39.0545709921511],[-123.69470238615985,39.054556971309495],[-123.6947744848518,39.05599546963159],[-123.69569906642106,39.05596742212599],[-123.69571709603497,39.056327046680096],[-123.69525480308751,39.0563410713799],[-123.6953088862319,39.05741994552715],[-123.70363025390724,39.05716722885012]],[[-123.70174494739283,39.056504189701656],[-123.70128265448213,39.05651823726702],[-123.70122848461459,39.05543936613644],[-123.70169077077318,39.05542531878223],[-123.70174494739283,39.056504189701656]],[[-123.70035806813247,39.05654632713731],[-123.69989577469356,39.05656036944225],[-123.69987772464714,39.056200745475266],[-123.70034001583531,39.056186703240705],[-123.70035806813247,39.05654632713731]],[[-123.70122848461459,39.05543936613644],[-123.70076619827992,39.05545341173721],[-123.70074814426023,39.05509378804791],[-123.70121042834424,39.055079742517506],[-123.70122848461459,39.05543936613644]],[[-123.7016727122522,39.055065695233694],[-123.70121042834424,39.055079742517506],[-123.70117431633184,39.05436049541651],[-123.70163659573852,39.05434644827345],[-123.7016727122522,39.055065695233694]],[[-123.70073009041661,39.05473416440421],[-123.69934324386018,39.05477629026366],[-123.69930715020477,39.05405704269101],[-123.69976942806504,39.05404300263199],[-123.69969723386389,39.05260450831474],[-123.6992349650058,39.05261854809242],[-123.69919887346217,39.05189930106626],[-123.69827434422002,39.051927375080155],[-123.69825630321309,39.05156775149465],[-123.69640725161962,39.05162387820084],[-123.69638921979036,39.05126425437966],[-123.69777600199795,39.05122216219094],[-123.69775796359326,39.05086253862606],[-123.69822022172696,39.05084850446009],[-123.69823826238206,39.05120812795465],[-123.70147408014365,39.05110983920687],[-123.70151019348768,39.051829085347606],[-123.70104792983466,39.051843131998055],[-123.70102987532505,39.05148350883459],[-123.70012340200046,39.051871220038876],[-123.70017755308278,39.05295009022434],[-123.70063982383935,39.052936046869554],[-123.7006037184408,39.052216800174456],[-123.70106598452035,39.052202755207006],[-123.7011020944199,39.05292200176136],[-123.70156436482436,39.052907954899794],[-123.70160047992924,39.05362720149551],[-123.70069398325755,39.05401491725368],[-123.70073009041661,39.05473416440421]],[[-123.69888096132269,39.054790328709956],[-123.69841867860922,39.0548043654028],[-123.69838259395628,39.0540851175488],[-123.6988448721685,39.05407108099661],[-123.69888096132269,39.054790328709956]],[[-123.6979563957198,39.05481840034217],[-123.69749411265447,39.05483243352815],[-123.69747607474129,39.05447280943774],[-123.69793835555599,39.05445877632209],[-123.6979563957198,39.05481840034217]],[[-123.69701379375066,39.05448684079995],[-123.6965515125842,39.05450087040872],[-123.69653347934813,39.05414124622331],[-123.696995758264,39.054127216684805],[-123.69701379375066,39.05448684079995]],[[-123.70208081472585,39.05397277603559],[-123.70161853774584,39.05398682486169],[-123.70160047992924,39.05362720149551],[-123.70206275465871,39.05361315273979],[-123.70208081472585,39.05397277603559]],[[-123.69792031556811,39.05409915234758],[-123.69745803700401,39.0541131853929],[-123.69743999944264,39.05375356139366],[-123.69790227575614,39.05373952841862],[-123.69792031556811,39.05409915234758]],[[-123.69743999944264,39.05375356139366],[-123.69651544628793,39.053781622083484],[-123.69649741340359,39.05342199798922],[-123.69742196205715,39.05339393743999],[-123.69743999944264,39.05375356139366]],[[-123.70202663505273,39.05289390628484],[-123.70156436482436,39.052907954899794],[-123.70154630753605,39.05254833167023],[-123.70200857551393,39.05253428312566],[-123.70202663505273,39.05289390628484]],[[-123.69694165285927,39.053048344612854],[-123.69647938069511,39.0530623739405],[-123.69646134816246,39.05270274993731],[-123.69692361807611,39.05268872067996],[-123.69694165285927,39.053048344612854]],[[-123.69738588781385,39.05267468966923],[-123.69692361807611,39.05268872067996],[-123.6969055834688,39.052329096792604],[-123.69736785095607,39.05231506585217],[-123.69738588781385,39.05267468966923]],[[-123.6959449882816,39.05163790549398],[-123.69548272476777,39.05165193103374],[-123.6954646974394,39.05129230707203],[-123.69592695870278,39.05127828160252],[-123.6959449882816,39.05163790549398]],[[-123.69683344679822,39.05089060169798],[-123.69637118813692,39.050904630603924],[-123.69635315665931,39.05054500687363],[-123.69681541307023,39.05053097803796],[-123.69683344679822,39.05089060169798]],[[-123.69912669248659,39.050460807559595],[-123.6977399253645,39.05050291510663],[-123.69772188731162,39.05014329163263],[-123.6991086476826,39.05010118429654],[-123.69912669248659,39.050460807559595]]]},"properties":{"id":"cdfw-ds3091-7-33-11-2","source":"CDFW ds3091 predicted substrate","source_url":"https://tiledimageservices2.arcgis.com/Uq9r85Potqm3MfRV/arcgis/rest/services/biosds3091_cru/ImageServer","metadata_url":"https://filelib.wildlife.ca.gov/public/BDB/GIS/BIOS/metadata/ds3091.html","source_tile_sha256":"cfbb07b124888be812b579ee994bbfafc376c4aa3ef61c3ae954c29e4eb2384a","source_class":"Predicted hard (rugosity proxy)","display_resolution_m":40,"approx_area_m2":699200,"fishing_target":false,"exportable":false,"depth_qualified":false,"fish_confirmed":false,"mpa_screened_at":"2026-09-23T20:44:08Z"}},{"type":"Feature","geometry":{"type":"Polygon","coordinates":[[[-123.7096318488742,39.04762010823728],[-123.70959565839779,39.046900865630604],[-123.71005788944818,39.04688678658328],[-123.71003979222453,39.04652716541834],[-123.70957756342425,39.04654124439516],[-123.7090791495299,39.04583607914254],[-123.70769247504177,39.045878299871006],[-123.70767438959773,39.04551867848926],[-123.70628772027263,39.04556088322748],[-123.70578934445278,39.044855704775635],[-123.70486490600226,39.04488382871364],[-123.70484683458719,39.0445242070448],[-123.7062334852486,39.044482018719286],[-123.70617925181105,39.04340315461755],[-123.70571704185,39.0434172189346],[-123.70573511723632,39.04377684032714],[-123.70481069228563,39.0438049638426],[-123.70479262139918,39.04344534230919],[-123.70386820024359,39.04347345867119],[-123.70336986165661,39.04276827086862],[-123.70244544844383,39.04279637643018],[-123.70249962682585,39.043875241950865],[-123.70155714427226,39.04354371889595],[-123.70152103452668,39.04282447497916],[-123.7024273893353,39.04243675468013],[-123.70237321306625,39.0413578897005],[-123.70191101519511,39.04137193957012],[-123.70194712803209,39.042091182985544],[-123.70148492548523,39.04210523124276],[-123.70146687122856,39.04174560944219],[-123.70054247010646,39.04177370055657],[-123.70050637112045,39.041054456809185],[-123.70004417479505,39.041068499596044],[-123.69999003438521,39.03998963410166],[-123.70045222396132,39.039975591525774],[-123.70043417526024,39.03961596985462],[-123.70089636241066,39.03960192559596],[-123.70087831163586,39.03924230404009],[-123.70134049636059,39.03922825809871],[-123.70176657088906,39.038494967708715],[-123.70084221061421,39.038523061063195],[-123.70086026103704,39.038882682529184],[-123.70039807838597,39.03889672664717],[-123.7004161267351,39.03925634822842],[-123.6999539416584,39.039270390663695],[-123.69952784463311,39.0400036749245],[-123.69860346460119,39.040031751310934],[-123.69856738537267,39.03931250745115],[-123.6981051995923,39.039326542874186],[-123.69853130684768,39.038593263771205],[-123.69945566888207,39.038565187947135],[-123.69941958206208,39.03784594472802],[-123.700325886749,39.03745824077143],[-123.7002897919863,39.036738998102834],[-123.69982762265685,39.036753040045916],[-123.69984566770067,39.0371126614281],[-123.69938349594577,39.037126701688486],[-123.69936545315146,39.03676708023603],[-123.69890328347017,39.03678111867313],[-123.69892132401493,39.03714074019589],[-123.69845915190821,39.037154776950274],[-123.69844111361301,39.036795155357225],[-123.69751677337109,39.03682322346642],[-123.69753480716719,39.0371828452],[-123.696148288737,39.037224934427],[-123.6961302616896,39.036865312482675],[-123.69518789731727,39.03653374102197],[-123.69515185309928,39.035814497076665],[-123.69420950654732,39.03548291817675],[-123.69417347238135,39.0347636742195],[-123.69324915597007,39.03479170993237],[-123.69326716846633,39.035151332028974],[-123.6928050077478,39.035165347326135],[-123.6928410287682,39.03588459179403],[-123.69237886337514,39.035898605478536],[-123.69245089852487,39.03733709523297],[-123.69291307291616,39.0373230812678],[-123.69287705049099,39.03660383644121],[-123.69333922020752,39.03658982086337],[-123.69383742117189,39.03729504807838],[-123.69337524713185,39.037309065549586],[-123.69339326085743,39.03766868796003],[-123.69248691715322,39.03805634037942],[-123.69252293648394,39.03877558570552],[-123.69206075291851,39.03878959819831],[-123.69207876059755,39.03914922099892],[-123.69254094641268,39.039135208435965],[-123.69257696679695,39.03985445403176],[-123.69303915693594,39.03984043957538],[-123.69305716964124,39.040200062370545],[-123.69351936185437,39.0401860460909],[-123.69353737698508,39.04054566886089],[-123.69447978518984,39.04087725357654],[-123.6945158253288,39.041596499060844],[-123.69497802601414,39.041582477241036],[-123.69499604859705,39.0419420999806],[-123.69360943926438,39.04198416039121],[-123.69362745527336,39.04234378338641],[-123.69270304367346,39.04237181503487],[-123.69185066116452,39.04383833322564],[-123.69277509146646,39.04381030802837],[-123.6928111164167,39.04452955479597],[-123.69512221159773,39.04445946042004],[-123.6955483781565,39.043726190360225],[-123.69739723243497,39.04367007685133],[-123.69737919772362,39.04331045423757],[-123.6978414086037,39.043296421547694],[-123.69789552001521,39.04437528931359],[-123.69928217184994,39.04433318009233],[-123.69967220458008,39.04288065103942],[-123.70059661990538,39.042852566515585],[-123.70061467019032,39.04321218859211],[-123.7010768798389,39.04319814363013],[-123.70111298543671,39.04391738777786],[-123.70065077128824,39.043931432880505],[-123.7006688221012,39.044291055092415],[-123.70205547076843,39.0442489143139],[-123.70207352850737,39.04460853635993],[-123.70253574662765,39.04459448585703],[-123.7025176866387,39.04423486388139],[-123.70344211785098,39.0442067577568],[-123.70346018233991,39.04456637959169],[-123.70392239993183,39.04455232382922],[-123.70349631184618,39.04528562339699],[-123.70488297759354,39.04524345042766],[-123.70490104936104,39.045603072186864],[-123.7058254968117,39.04557494796714],[-123.7058435732555,39.04593456963072],[-123.70630579896651,39.04592050482062],[-123.70680418691803,39.0466256814383],[-123.70819087596482,39.046583470806226],[-123.70820896418806,39.04694309225319],[-123.70867119576769,39.046929018465555],[-123.70870737724354,39.04764826135427],[-123.7096318488742,39.04762010823728]],[[-123.70436654835872,39.04417864461952],[-123.70390433319294,39.044192702064734],[-123.70388626663019,39.0438330803454],[-123.704348479546,39.04381902297058],[-123.70436654835872,39.04417864461952]],[[-123.70342405353819,39.043847135967056],[-123.70296184027008,39.04386118983554],[-123.70294377838336,39.04350156802057],[-123.70340598940155,39.04348751422246],[-123.70342405353819,39.043847135967056]],[[-123.69967220458008,39.04288065103942],[-123.69920999665352,39.04289469067161],[-123.69919195329425,39.042535068429224],[-123.6982675414131,39.042563142293595],[-123.69824950272952,39.04220351995571],[-123.6996361135377,39.04216140674037],[-123.69967220458008,39.04288065103942]],[[-123.69778729877501,39.0422175541879],[-123.69732509464463,39.042231586666965],[-123.69730706063666,39.0418719642336],[-123.69776926251716,39.04185793182482],[-123.69778729877501,39.0422175541879]],[[-123.69823146422182,39.04184389766292],[-123.69776926251716,39.04185793182482],[-123.69773319052905,39.04113868723382],[-123.69819538773402,39.04112465321248],[-123.69823146422182,39.04184389766292]],[[-123.69730706063666,39.0418719642336],[-123.6968448585803,39.041885994889256],[-123.69682682699802,39.04152637243067],[-123.6972890268045,39.04151234184529],[-123.69730706063666,39.0418719642336]],[[-123.69863954453328,39.040750995350656],[-123.69817734975395,39.04076503105481],[-123.69814127432142,39.04004578687453],[-123.69860346460119,39.040031751310934],[-123.69863954453328,39.040750995350656]],[[-123.69719886028122,39.03971423057929],[-123.69673667172361,39.039728260813376],[-123.69671864119613,39.03936863862489],[-123.697180827504,39.039354608461046],[-123.69719886028122,39.03971423057929]],[[-123.69762497878503,39.038980954541174],[-123.69716279490264,39.0389949863878],[-123.69714476247707,39.038635364359486],[-123.69760694410978,39.038621332583105],[-123.69762497878503,39.038980954541174]],[[-123.6980150158471,39.03752843365981],[-123.69755284113909,39.03754246697844],[-123.69753480716719,39.0371828452],[-123.6979969796256,39.03716881195164],[-123.6980150158471,39.03752843365981]],[[-123.69477978919943,39.03762663007672],[-123.69385543714708,39.037654670418625],[-123.69383742117189,39.03729504807838],[-123.69476176872504,39.037267007876885],[-123.69477978919943,39.03762663007672]]]},"properties":{"id":"cdfw-ds3091-7-33-11-3","source":"CDFW ds3091 predicted substrate","source_url":"https://tiledimageservices2.arcgis.com/Uq9r85Potqm3MfRV/arcgis/rest/services/biosds3091_cru/ImageServer","metadata_url":"https://filelib.wildlife.ca.gov/public/BDB/GIS/BIOS/metadata/ds3091.html","source_tile_sha256":"cfbb07b124888be812b579ee994bbfafc376c4aa3ef61c3ae954c29e4eb2384a","source_class":"Predicted hard (rugosity proxy)","display_resolution_m":40,"approx_area_m2":611200,"fishing_target":false,"exportable":false,"depth_qualified":false,"fish_confirmed":false,"mpa_screened_at":"2026-09-23T20:44:08Z"}},{"type":"Feature","geometry":{"type":"Polygon","coordinates":[[[-123.69363925703693,39.03333920529434],[-123.69360322947739,39.03261996173363],[-123.69406537409901,39.03260594342181],[-123.69404735833336,39.03224632177865],[-123.69450950053006,39.03223230178413],[-123.69447346502714,39.03151305877217],[-123.69493560254966,39.031499037165126],[-123.6947914495707,39.028622067463],[-123.69571568810247,39.02859402011346],[-123.69569766527248,39.02823439924156],[-123.69663992593144,39.028565965752705],[-123.69660387145103,39.02784672433421],[-123.69706598560388,39.02783269466508],[-123.69704795637828,39.02747307409279],[-123.69610570784296,39.027141510869576],[-123.6960516352415,39.02606264913139],[-123.69558953198197,39.026076674943944],[-123.69555348895724,39.02535743386678],[-123.69601558771903,39.02534340819463],[-123.69599756422136,39.02498378779283],[-123.69505535219544,39.02465221674619],[-123.69498327865445,39.023213735198176],[-123.6945211930341,39.023227756943854],[-123.69450317733667,39.022868136597424],[-123.69080650404341,39.0229802469052],[-123.69084249963409,39.02369948876446],[-123.69130458890749,39.023685480970116],[-123.6913405896975,39.02440472286641],[-123.69180268329303,39.02439071317916],[-123.69183868928256,39.02510995511258],[-123.69230078720027,39.025095943532385],[-123.69233679838955,39.02581518550303],[-123.69187469597411,39.02582919722347],[-123.69191070336764,39.02654843951195],[-123.69144859627886,39.02656244961988],[-123.69153860658912,39.028360556469515],[-123.69200072492288,39.028346546010965],[-123.69161061799625,39.02979904275024],[-123.69207274532637,39.029785032011155],[-123.69212676247206,39.03086389697918],[-123.69120249414121,39.03089191712528],[-123.69122049570908,39.03125153901075],[-123.69029622217784,39.03127955228564],[-123.69031421942272,39.03163917435598],[-123.69077635852531,39.03162516852486],[-123.69081235803998,39.03234441265927],[-123.69173664471582,39.03231639545789],[-123.69177265392968,39.03303563949047],[-123.69223480150293,39.03302162812014],[-123.69225280862251,39.033381250133324],[-123.69363925703693,39.03333920529434]]]},"properties":{"id":"cdfw-ds3091-7-33-11-4","source":"CDFW ds3091 predicted substrate","source_url":"https://tiledimageservices2.arcgis.com/Uq9r85Potqm3MfRV/arcgis/rest/services/biosds3091_cru/ImageServer","metadata_url":"https://filelib.wildlife.ca.gov/public/BDB/GIS/BIOS/metadata/ds3091.html","source_tile_sha256":"cfbb07b124888be812b579ee994bbfafc376c4aa3ef61c3ae954c29e4eb2384a","source_class":"Predicted hard (rugosity proxy)","display_resolution_m":40,"approx_area_m2":363200,"fishing_target":false,"exportable":false,"depth_qualified":false,"fish_confirmed":false,"mpa_screened_at":"2026-09-23T20:44:08Z"}},{"type":"Feature","geometry":{"type":"Polygon","coordinates":[[[-123.7387178530969,38.96389135309962],[-123.73914312174887,38.96315795173175],[-123.73775801706643,38.9632005133207],[-123.73772159402422,38.96248130078378],[-123.73677999222991,38.962150059789785],[-123.73720527009986,38.961416665630836],[-123.73628188818527,38.9614450270573],[-123.73626368419671,38.961085420763894],[-123.73580199521825,38.96109959877966],[-123.73576559226255,38.9603803861761],[-123.73484222275295,38.96040873667121],[-123.73434414895404,38.95970369643034],[-123.73388246824565,38.95971786715866],[-123.73380970179421,38.958279441650745],[-123.73242468554221,38.958321942480495],[-123.73233376513278,38.95652391046856],[-123.732795426171,38.95650974562995],[-123.7327226840531,38.95507132104924],[-123.7331843359363,38.955057154742484],[-123.73316614860515,38.95469754877151],[-123.73362779806679,38.954683380784516],[-123.73366417739508,38.95540259262641],[-123.73460567918346,38.955733856958176],[-123.73462387377944,38.95609346284111],[-123.73508553168739,38.956079289318254],[-123.73512192589996,38.956798501066906],[-123.73558358811972,38.95678432565153],[-123.73560178773637,38.95714393151724],[-123.73652511613324,38.95711557529192],[-123.7364705043479,38.95603675824379],[-123.73600884697164,38.9560509370196],[-123.73597244449009,38.955331725719695],[-123.73689575008746,38.95530336670025],[-123.73693216154687,38.95602257771701],[-123.73785547541289,38.95599421141046],[-123.73778263524781,38.95455579010888],[-123.73872414471306,38.954887022486695],[-123.73870593044899,38.95452741736499],[-123.73894137346788,38.954520181106815],[-123.73901132206606,38.95458684337545],[-123.73909193658217,38.95464980064048],[-123.73911969922212,38.95466943822223],[-123.73918949932855,38.954718809801356],[-123.73927536084771,38.95477390537805],[-123.73936762850677,38.95482231121944],[-123.73946544641231,38.954863578296646],[-123.73956790718007,38.95489732380172],[-123.73965103727488,38.95491761501189],[-123.73965657146763,38.95492058456488],[-123.73975781680824,38.9549639876561],[-123.73980087138658,38.95497828622988],[-123.73986609364104,38.95504794158172],[-123.73993987333337,38.95511262981456],[-123.7400212895796,38.95517149791133],[-123.74002552656388,38.95517401724546],[-123.74001405897391,38.95521761903974],[-123.74000229762109,38.955306309600815],[-123.74000186367522,38.95539547145178],[-123.74000424268154,38.95543592241741],[-123.74001452987989,38.955521378264365],[-123.74003522415796,38.955605681679536],[-123.74006613721579,38.95568806543173],[-123.74010698775163,38.95576777975768],[-123.74015740402062,38.9558440991857],[-123.74021692721723,38.95591632913855],[-123.74028501564987,38.95598381225492],[-123.74036104967007,38.95604593437241],[-123.7404203420271,38.95608594006027],[-123.740469153738,38.95613541549838],[-123.74052517681055,38.956182303212806],[-123.7405250580951,38.963835804275085],[-123.7387178530969,38.96389135309962]],[[-123.73992074627851,38.96025272226929],[-123.73945906320853,38.96026691415216],[-123.7394955020804,38.960986125622604],[-123.73995718963988,38.96097193359801],[-123.73992074627851,38.96025272226929]],[[-123.73899737996112,38.96028110428394],[-123.73853569653626,38.96029529266464],[-123.73855391139399,38.96065489852075],[-123.73901559706358,38.960640710069214],[-123.73899737996112,38.96028110428394]]]},"properties":{"id":"cdfw-ds3091-7-34-11-1","source":"CDFW ds3091 predicted substrate","source_url":"https://tiledimageservices2.arcgis.com/Uq9r85Potqm3MfRV/arcgis/rest/services/biosds3091_cru/ImageServer","metadata_url":"https://filelib.wildlife.ca.gov/public/BDB/GIS/BIOS/metadata/ds3091.html","source_tile_sha256":"9d61e4720c86e77b6afb6b7be0b92b80c2877f5a4349c85de294277a08ec5ef4","source_class":"Predicted hard (rugosity proxy)","display_resolution_m":40,"approx_area_m2":445401,"fishing_target":false,"exportable":false,"depth_qualified":false,"fish_confirmed":false,"mpa_screened_at":"2026-09-23T20:44:08Z"}}]}
