{"type":"FeatureCollection","schema_version":1,"scope":"central-native-noaa-usgs-hard-bottom-context","compiled_at":"2026-09-24T01:36:41.271374+00:00","coast_id":"central","source_review":"data/point-conception-native-hard-review-summary.json","mpa_screened_at":"2026-09-23T22:30:59Z","federal_screened_at":"2026-09-23T22:56:33.483262+00:00","method":"Historical original NOAA BAG 1\u20132 m MLLW depth and supplied uncertainty intersected with original USGS hard class; survey hazards, complete current MPAs and GEAs screened with 100 m planning clearance. Display geometry simplified inward and overlap removed.","limitations":["Historical seabed context only; current fish presence, exact legal access, YRCA applicability, charts, hazards and route remain unverified.","No fishing targets, score contribution, drifts or chartplotter exports.","The MPA and GEA screen is a compilation-time snapshot; recheck current boundaries and rules."],"features":[{"type":"Feature","geometry":{"type":"MultiPolygon","coordinates":[[[[-120.49889383782836,34.48582733337088],[-120.49884812399516,34.48586335908314],[-120.4988417570893,34.48585781963338],[-120.49883645133505,34.485853203425016],[-120.49883005752004,34.485848564933335],[-120.49882363679505,34.48584482739996],[-120.49881827722106,34.485842013108126],[-120.49881721607062,34.485841089866284],[-120.49876285522737,34.48580211314856],[-120.49876832244199,34.485801323608285],[-120.49877161353524,34.485800489500555],[-120.49877490462839,34.48579965539273],[-120.49878148681458,34.48579798717683],[-120.49878477790759,34.48579715306874],[-120.49889383782836,34.48582733337088]]],[[[-120.50245031663947,34.48532945885984],[-120.50244697185292,34.48533209499162],[-120.5024413972082,34.48533648854435],[-120.50243688374928,34.48534180530869],[-120.50242785682964,34.48535243883682],[-120.50242560009939,34.485355097218736],[-120.5024222015679,34.485359535272075],[-120.50242105976682,34.48536131494357],[-120.50241766123484,34.48536575299678],[-120.50241200597134,34.48537284943147],[-120.50241086416983,34.48537462910284],[-120.50240977611168,34.485374606851856],[-120.50240322089103,34.48537537430699],[-120.50239337462394,34.48537697596957],[-120.50238570447289,34.48537862213377],[-120.50238241342635,34.485379456341285],[-120.50237254028637,34.485381958963295],[-120.50236595819275,34.485383627377516],[-120.5023582611684,34.485386174501045],[-120.50235385519075,34.48538788741745],[-120.50234944921293,34.48538960033368],[-120.50234284024589,34.48539216970772],[-120.5023340014167,34.4853964965003],[-120.50232848050706,34.48539908812516],[-120.50232627751764,34.485399944582824],[-120.50232075660757,34.485402536207324],[-120.50231743868682,34.48540427137412],[-120.50230416700249,34.485411212040326],[-120.50229753115951,34.48541468237285],[-120.50229195650161,34.48541907591812],[-120.50226965786418,34.485436650096354],[-120.50226408320334,34.485441043640215],[-120.5022595697275,34.48544636039719],[-120.50225054277405,34.48545699391056],[-120.50224828603531,34.48545965228878],[-120.50224488749018,34.48546409033654],[-120.50224374568384,34.48546587000612],[-120.5022403471382,34.48547030805372],[-120.50223469185251,34.485477404479134],[-120.50223126643216,34.48548274348747],[-120.50222898281835,34.48548630282628],[-120.50222669920434,34.48548986216505],[-120.5022232469091,34.485496102134114],[-120.50222090954685,34.48550146339478],[-120.50221740350285,34.485509505285656],[-120.50221623482136,34.48551218591592],[-120.50221387058421,34.485518448137405],[-120.5022114525987,34.48552651228084],[-120.50221020329474,34.485531895794026],[-120.50220895399062,34.4855372793072],[-120.50220887336855,34.485539982190204],[-120.50220757031609,34.48554716762534],[-120.5022064553818,34.485548046333456],[-120.50220512545489,34.485556132729535],[-120.5022049104622,34.48556334041751],[-120.50220474921764,34.485568746183475],[-120.50219724029088,34.485564986568896],[-120.50219188061136,34.48556217242094],[-120.50218652093221,34.485559358272745],[-120.5021843716858,34.48555841280562],[-120.50217901200716,34.48555559865713],[-120.5021715030828,34.485551839041065],[-120.5021727523896,34.48554645552839],[-120.50217296738492,34.48553924784059],[-120.50217334362655,34.48552663438689],[-120.50217355862164,34.48551942669907],[-120.50217271243132,34.485511295797075],[-120.502171651246,34.48551037258294],[-120.5021707781815,34.48550314264192],[-120.50217085880469,34.48550043975897],[-120.50216993199152,34.4854950117399],[-120.50216900517844,34.485489583720835],[-120.50216707092935,34.48548143056561],[-120.50216508293171,34.48547507933234],[-120.5021640754958,34.485472354196176],[-120.50216105318837,34.485464178787666],[-120.50215903831706,34.4854587285153],[-120.50215596226154,34.48545235502864],[-120.50215389364175,34.485448706678156],[-120.50215182502214,34.48544505832763],[-120.50214872209304,34.485439585801814],[-120.50214349679617,34.485432266847226],[-120.50214036699339,34.48542769528218],[-120.50213933268411,34.48542587110684],[-120.50213620288179,34.485421299541706],[-120.50213410738885,34.48541855215191],[-120.50212572541848,34.48540756259239],[-120.50212153443412,34.48540206781245],[-120.50211622851721,34.48539745173975],[-120.50209500485538,34.485378987446836],[-120.50208969894139,34.48537437137308],[-120.50208327809499,34.48537063400618],[-120.50207043640386,34.48536315927146],[-120.50206722598145,34.485361290587576],[-120.50206186631927,34.485358476434584],[-120.50205971707942,34.4853575309655],[-120.50205435741778,34.48535471681219],[-120.50204578733499,34.48535003397426],[-120.50203933961681,34.48534719756612],[-120.50203504113827,34.485345306627174],[-120.50203074265995,34.48534341568811],[-120.50202320688544,34.48534055702482],[-120.50201673229294,34.48533862157644],[-120.50200702040476,34.48533571840326],[-120.50200378310886,34.4853347506787],[-120.50199622046003,34.48533279297471],[-120.50198648169714,34.485330790760834],[-120.50197998023006,34.48532975627147],[-120.50197347876318,34.485328721781755],[-120.50197021459161,34.4853286550172],[-120.5019615370106,34.48532757601712],[-120.50196047582993,34.485326652801305],[-120.50195071019218,34.48532555154551],[-120.50194200573519,34.48532537350489],[-120.50192677293559,34.48532506193235],[-120.5019180684788,34.48532488389004],[-120.50190824908796,34.48532558455253],[-120.50190713415381,34.48532646325794],[-120.50190278192538,34.485326374236166],[-120.50190169386828,34.48532635198069],[-120.5018940774686,34.48532619619214],[-120.50188534613461,34.48532691910832],[-120.50177600286177,34.485342712712665],[-120.50176612971119,34.48534521528503],[-120.50176175060363,34.48534602721891],[-120.50175516850278,34.4853476955998],[-120.50175187745228,34.485348529790095],[-120.5017420043004,34.48535103236046],[-120.50173542219883,34.48535270074023],[-120.5017277251607,34.4853552478233],[-120.50172331917327,34.485356960716466],[-120.50171891318566,34.48535867360945],[-120.5017123042039,34.48536124294862],[-120.50170346534838,34.48536556969427],[-120.50169794442314,34.485368161289884],[-120.50169574142882,34.485369017735906],[-120.50169022050312,34.48537160933114],[-120.50168690257166,34.48537334448029],[-120.50167363084444,34.485380285075884],[-120.50166699498003,34.48538375537312],[-120.50166142029302,34.48538814888827],[-120.5016391215391,34.48540572294599],[-120.50163354684916,34.48541011645971],[-120.50162903333653,34.48541543319174],[-120.50162000630948,34.48542606665518],[-120.50161774955238,34.48542872502091],[-120.50161435097625,34.485433163049734],[-120.50161320915737,34.48543494271286],[-120.50160981058076,34.48543938074152],[-120.50160415524572,34.48544647713552],[-120.50160072978764,34.48545181612448],[-120.50159844614869,34.48545537545039],[-120.50159616250951,34.485458934776254],[-120.50159271016982,34.485465174725526],[-120.50159037276893,34.48547053597242],[-120.50158686666697,34.48547857784264],[-120.50158569796618,34.48548125846602],[-120.5015833336836,34.4854875206733],[-120.50158091563922,34.485495584801676],[-120.5015796662957,34.48550096830669],[-120.50157841695201,34.485506351811686],[-120.50157833630968,34.485509054693416],[-120.50157703320416,34.485516240119516],[-120.50157591826405,34.485517118821605],[-120.50157458827732,34.48552520520824],[-120.50157437323067,34.48553241289276],[-120.50157399689878,34.485545026340674],[-120.50157378185189,34.48555223402517],[-120.50157462798391,34.48556036492875],[-120.50157568916292,34.48556128814783],[-120.50157656217603,34.48556851809082],[-120.50157648153346,34.48557122097252],[-120.5015774083084,34.4855766489944],[-120.50157833508341,34.485582077016254],[-120.50158026927626,34.485590230178296],[-120.50158225723108,34.485596581419166],[-120.501583264649,34.48559930655934],[-120.5015862869031,34.48560748197974],[-120.50158830173949,34.48561293225998],[-120.501591377756,34.48561930575917],[-120.50159344635439,34.48562295411823],[-120.50159551495298,34.485626602477254],[-120.50159861785116,34.48563207501571],[-120.50160384311025,34.485639393991875],[-120.50160697289003,34.4856439655696],[-120.50160800718984,34.48564578974902],[-120.50161113697004,34.48565036132665],[-120.50161323245057,34.48565310872485],[-120.50162161437395,34.485664098317294],[-120.50162580533645,34.48566959311333],[-120.50163111124127,34.48567420920675],[-120.50165233486636,34.48569267357833],[-120.50165764077408,34.4856972896707],[-120.50166406162421,34.48570102706007],[-120.50167690332626,34.48570850183786],[-120.50174111187145,34.48574587570791],[-120.50174217305462,34.48574679892571],[-120.50174166234865,34.485763917178026],[-120.50174147419371,34.48577022390255],[-120.5017422665844,34.48578015672678],[-120.50174324713018,34.4857837828265],[-120.5017441470382,34.485790111808164],[-120.5017440395211,34.48579371565075],[-120.50174594685458,34.48580276977146],[-120.5017479617054,34.48580822004956],[-120.50174994967725,34.48581457128829],[-120.50175193764939,34.48582092252699],[-120.50175294507515,34.48582364766602],[-120.5017559673528,34.48583182308302],[-120.5017579822049,34.48583727336101],[-120.50176105824175,34.485843646856615],[-120.50176312685267,34.48584729521322],[-120.50176622976937,34.48585276774809],[-120.50177145505614,34.485860086718084],[-120.50177461173183,34.48586375733146],[-120.50177668034381,34.48586740568787],[-120.50177774152883,34.48586832890542],[-120.50186142688915,34.48598272951331],[-120.50186033882356,34.4859827072571],[-120.50185046559834,34.485985209832876],[-120.50184276850386,34.48598775692059],[-120.50183507140892,34.48599030400779],[-120.50183066538916,34.485992016903324],[-120.50182625936925,34.48599372979865],[-120.50181965033906,34.48599629914137],[-120.50181304130847,34.4859988684837],[-120.50180420238823,34.48600319523352],[-120.50180197249887,34.48600495264138],[-120.50179533658816,34.486008422943335],[-120.50178870067691,34.48601189324491],[-120.50178206476514,34.4860153635461],[-120.50177540197365,34.486019734807535],[-120.50176982724753,34.4860241283256],[-120.50175310306564,34.48603730887815],[-120.5017475283372,34.486041702395106],[-120.50174304167446,34.48604611816907],[-120.50174086554182,34.48604607365448],[-120.50173977747552,34.48604605139716],[-120.50173218789102,34.48604499463509],[-120.50172783562589,34.48604490560546],[-120.50172024604167,34.48604384884266],[-120.50171915797542,34.48604382658516],[-120.50171806990913,34.48604380432764],[-120.50171809678895,34.48604290336706],[-120.50170833107263,34.48604180208849],[-120.50169962654284,34.4860416240274],[-120.50169201007931,34.48604146822344],[-120.50168330554965,34.4860412901612],[-120.5016734860736,34.48604199080098],[-120.5016723711271,34.486042869503635],[-120.5016712830609,34.48604284724571],[-120.50166363971705,34.48604359240053],[-120.50165928745217,34.486043503368464],[-120.50150642055254,34.486058406357635],[-120.50149877720645,34.486059151502005],[-120.50149442494133,34.48605906246404],[-120.50148349051395,34.486060641789294],[-120.50147690835139,34.4860623101523],[-120.5014692381223,34.48606395625521],[-120.5014659470408,34.486064790436366],[-120.50145936487763,34.48606645879839],[-120.50145278271422,34.48606812716005],[-120.50144508560142,34.4860706742218],[-120.50144067957027,34.48607238710268],[-120.50143956462102,34.486073265803086],[-120.50143738848821,34.48607322128305],[-120.50143077944097,34.48607579060387],[-120.50142417039332,34.48607835992431],[-120.50141533144613,34.48608268664471],[-120.50140869551434,34.486086156924635],[-120.50140205958202,34.48608962720418],[-120.50139542364917,34.48609309748334],[-120.5013887877158,34.48609656776211],[-120.50138212489837,34.48610093900085],[-120.50137655014706,34.48610533249978],[-120.50135425113595,34.48612290649268],[-120.50134867638174,34.48612729999021],[-120.50134416281008,34.48613261670866],[-120.50133964923786,34.486137933426896],[-120.50133513566506,34.48614325014496],[-120.50133062209166,34.48614856686282],[-120.50132496668205,34.48615566324002],[-120.50132154117476,34.48616100221855],[-120.50131811566703,34.48616634119696],[-120.50131806189856,34.48616814311756],[-120.50131694694677,34.48616902181671],[-120.50131466327457,34.486172581135556],[-120.50131121088157,34.486178821074006],[-120.50130887344015,34.4861841823133],[-120.50130653599841,34.48618954355252],[-120.50130536727741,34.48619222417211],[-120.50130300295076,34.48619848637152],[-120.50103423763329,34.48615692686911],[-120.50103206149895,34.486156882341746],[-120.50102773611765,34.486155892326835],[-120.50102447191621,34.48615582553564],[-120.5010201465351,34.486154835520466],[-120.50100820468433,34.486153689658124],[-120.50100276434884,34.48615357833854],[-120.5010242173576,34.48612787350887],[-120.50102647415315,34.486125215156015],[-120.50102987278983,34.486120777146596],[-120.50103101463108,34.486118997490074],[-120.50103441326723,34.48611455948049],[-120.50104006869766,34.48610746311767],[-120.50104349422,34.486102124147685],[-120.50104577790131,34.486098564834286],[-120.5010480615824,34.486095005520845],[-120.50105151399069,34.48608876559046],[-120.50105385144522,34.486083404356634],[-120.50105735762646,34.486075362505765],[-120.50105852635338,34.48607268188878],[-120.50106089069388,34.48606641969464],[-120.5010633088077,34.486058355580134],[-120.50106455819471,34.48605297208267],[-120.50106580758153,34.48604758858514],[-120.501065888242,34.486044885704736],[-120.50106719140217,34.486037700286914],[-120.5010683063546,34.48603682159006],[-120.50106963640117,34.48602873521205],[-120.50106985149526,34.486021527530895],[-120.50107022790971,34.48600891408882],[-120.50107044300357,34.48600170640763],[-120.50106959691904,34.48599357550303],[-120.5010685357407,34.485992652279606],[-120.50106766276961,34.48598542233515],[-120.50106774342983,34.48598271945469],[-120.50106681668538,34.485977291430515],[-120.50106588994106,34.48597186340634],[-120.50106395579238,34.48596371023841],[-120.50106196787046,34.48595735899076],[-120.50106096046622,34.485954633846994],[-120.50105793825388,34.48594645841568],[-120.50105592344595,34.4859410081281],[-120.5010528474608,34.48593463461699],[-120.50105077887969,34.485930986249635],[-120.50104871029878,34.48592733788226],[-120.50104560742773,34.48592186533113],[-120.50104038220287,34.48591454633272],[-120.5010372524458,34.485909974741574],[-120.50103621815586,34.48590815055777],[-120.50103308839921,34.48590357896652],[-120.50103099293264,34.48590083155903],[-120.50102261106767,34.48588984192874],[-120.50101842013595,34.48588434711341],[-120.50101311425405,34.48587973099439],[-120.50099189073224,34.485861266516245],[-120.50098658485324,34.48585665039619],[-120.5009801640241,34.48585291297206],[-120.5009673223676,34.48584543812286],[-120.50096411195385,34.48584356941036],[-120.500958752302,34.48584075520939],[-120.5009566030638,34.48583980972096],[-120.50095124341243,34.485836995519676],[-120.50094267334863,34.485832312605154],[-120.50093622563541,34.48582947613895],[-120.5009319271602,34.48582758516131],[-120.50092762868516,34.48582569418351],[-120.50092009291028,34.485822835452076],[-120.50091361831038,34.48582089994481],[-120.50090390641114,34.48581799668329],[-120.50090066911154,34.48581702892928],[-120.50089310645,34.48581507115631],[-120.50088336766366,34.48581306885327],[-120.50087686617688,34.48581203430416],[-120.50087036469026,34.48581099975472],[-120.50086710050266,34.4858109329599],[-120.50085842289123,34.48580985387989],[-120.50085736171755,34.48580893065482],[-120.50084759604404,34.485807829309024],[-120.50083889154428,34.48580765118768],[-120.50082365866986,34.48580733947384],[-120.5008149541703,34.48580716135079],[-120.500805134719,34.48580786192162],[-120.50080401976716,34.4858087406161],[-120.50079966751736,34.48580865155395],[-120.50079857945491,34.48580862928839],[-120.50079096301782,34.485808473429195],[-120.5007822316287,34.48580919626378],[-120.50067288757441,34.48582498884228],[-120.50066301433867,34.48582749132133],[-120.5006586351974,34.485828303214014],[-120.50065205303979,34.48582997153267],[-120.50064985002352,34.485830827958765],[-120.50074295578938,34.48573897624304],[-120.50074861121627,34.485731879893294],[-120.50075089489864,34.485728320585324],[-120.50075426664215,34.485724783543226],[-120.50075652343429,34.48572212519512],[-120.50075992206709,34.48571768719287],[-120.50076106390785,34.48571590753876],[-120.50076446254013,34.48571146953635],[-120.50077011796327,34.48570437318543],[-120.50077354348419,34.48569903422272],[-120.50077582716456,34.48569547491419],[-120.5007792795743,34.48568923499129],[-120.50078161703317,34.48568387376263],[-120.50078395449174,34.485678512533916],[-120.50078512322091,34.485675831919515],[-120.50078748756842,34.4856695697307],[-120.50078985191557,34.48566330754181],[-120.50079227004106,34.485655243432845],[-120.50079351943765,34.48564985993831],[-120.50079476883406,34.48564447644376],[-120.50079484950206,34.48564177356371],[-120.50079490328073,34.485639971643685],[-120.50080260037025,34.48563742462191],[-120.50080700638955,34.485635711763535],[-120.5008114124087,34.48563399890498],[-120.50081802143708,34.48563142961684],[-120.50082686036326,34.4856271029387],[-120.50083238133058,34.48562451138451],[-120.50083458433964,34.48562365495478],[-120.50084010530651,34.48562106340022],[-120.50084342326423,34.48561932827534],[-120.50085669509374,34.4856123877749],[-120.5008633310077,34.4856089175241],[-120.50086890574974,34.485604524048014],[-120.5008912047121,34.485586950140856],[-120.50089677945122,34.48558255666336],[-120.50090129301836,34.48557723996098],[-120.50091032015087,34.4855666065556],[-120.50095205716455,34.48551787752563],[-120.50095420639465,34.48551882301383],[-120.50095744368365,34.48551979076597],[-120.50096500632071,34.48552174853397],[-120.50097256895815,34.4855237063015],[-120.50097904353704,34.48552564180477],[-120.50098987035207,34.48552766636263],[-120.5009942225879,34.485527755417365],[-120.5010018121137,34.48552881222297],[-120.5010061643496,34.485528901277306],[-120.50101375387568,34.485529958082154],[-120.5010148419347,34.485529980345646],[-120.50101590310685,34.485530903569305],[-120.50102566875135,34.485532004900385],[-120.50103437322375,34.48553218300719],[-120.50104198963713,34.48553233885013],[-120.50104960605059,34.48553249469259],[-120.50106160158676,34.485531838626734],[-120.50106598070936,34.48553102671871],[-120.50107362400905,34.485530281599466],[-120.5010779762453,34.48553037065122],[-120.50108891060813,34.485528791359506],[-120.50109549273445,34.485527123015785],[-120.50110316291953,34.48552547693442],[-120.50111083310436,34.48552383085256],[-120.50111412416716,34.485522996680146],[-120.50112399735524,34.485520494162344],[-120.50113057948029,34.48551882581668],[-120.50113827654957,34.48551627877278],[-120.50114268255625,34.48551456590167],[-120.50114708856275,34.485512853030386],[-120.50123520865641,34.48547859556969],[-120.50124181766064,34.48547602625743],[-120.50125065654996,34.485471699546835],[-120.50125288643532,34.48546994214882],[-120.50125952232254,34.48546647187519],[-120.50126615820925,34.48546300160118],[-120.50127279409537,34.48545953132678],[-120.501279429981,34.485456061052],[-120.50128609274992,34.48545168981646],[-120.50129166746001,34.48544729631954],[-120.50130839158676,34.485434115827104],[-120.5013139662945,34.48542972232906],[-120.50131956788512,34.48542442787031],[-120.50132293959254,34.485420890810786],[-120.50132856806538,34.48541469539116],[-120.50133310847966,34.48540847771067],[-120.50133764889326,34.485402260029964],[-120.5013388176006,34.48539957940924],[-120.50134221618934,34.48539514138864],[-120.50134333113007,34.48539426268869],[-120.50134447295393,34.48539248302831],[-120.50134561477775,34.485390703367926],[-120.50134885206705,34.4853916711097],[-120.50135211623952,34.48539173789095],[-120.50136079381652,34.48539281693431],[-120.50136185499103,34.485393740155075],[-120.50137162062595,34.48539484145798],[-120.50138032508637,34.485395019539524],[-120.50139555789232,34.48539533118074],[-120.50140426235295,34.485395509260584],[-120.5014140817537,34.48539480863918],[-120.5014151966937,34.485393929938546],[-120.50141954892399,34.48539401897785],[-120.50142063698156,34.48539404123765],[-120.50142825338467,34.48539419705597],[-120.50143698472758,34.48539347417299],[-120.5015463281121,34.48537768087814],[-120.50155620127202,34.48537517832403],[-120.50156058038266,34.48537436639767],[-120.50156716248884,34.48537269802756],[-120.50157045354185,34.48537186384237],[-120.50158032670046,34.48536936128621],[-120.50158690880592,34.485367692915005],[-120.50159460584895,34.48536514584105],[-120.50159901183916,34.48536343295268],[-120.5016034178292,34.485361720064134],[-120.50161002681395,34.48535915073101],[-120.5016188656732,34.485354823992296],[-120.50162438659974,34.48535223240033],[-120.50162658959425,34.485351375955595],[-120.50163211052039,34.485348784363275],[-120.50163542845188,34.485347049215605],[-120.50164870017656,34.48534010862403],[-120.50165533603808,34.48533663832766],[-120.50166091072182,34.48533224481263],[-120.50168320945085,34.48531467074967],[-120.50168878413163,34.485310277233225],[-120.50169329763452,34.48530496049852],[-120.50170232463856,34.48529432702848],[-120.50170458138916,34.48529166866084],[-120.50170797995443,34.48528723062897],[-120.50170912176917,34.48528545096474],[-120.50171252033392,34.4852810129327],[-120.50171817564802,34.48527391653262],[-120.5017216010908,34.4852685775396],[-120.50172388471907,34.48526501821083],[-120.50172616834713,34.48526145888201],[-120.50172962066775,34.485255218927975],[-120.501731958053,34.485249857677594],[-120.5017354641303,34.485241815801906],[-120.50173663282258,34.485239135176634],[-120.50173899708567,34.48523287296536],[-120.50174141510581,34.48522480883254],[-120.50174266443378,34.48521942532503],[-120.50174391376156,34.48521404181747],[-120.50174399439766,34.48521133893527],[-120.50174529748253,34.48520415350624],[-120.5017464124166,34.485203274802295],[-120.50174774237975,34.48519518841247],[-120.50174795740881,34.48518798072658],[-120.50174833370947,34.485175367276256],[-120.50174854873833,34.48516815959036],[-120.50174770259086,34.48516002868695],[-120.50174664141467,34.48515910546946],[-120.50174576838882,34.48515187552677],[-120.50174584902466,34.48514917264455],[-120.50174492224171,34.485143744623336],[-120.50174399545887,34.48513831660213],[-120.50174206125753,34.4851301634419],[-120.50174007329926,34.485123812203135],[-120.50173906588091,34.485121087064115],[-120.5017360436262,34.48511291164699],[-120.50173402879,34.485107461368905],[-120.50173095277874,34.48510108787317],[-120.50172888418565,34.48509743951647],[-120.50172681559273,34.48509379115975],[-120.50172371270368,34.48508831862459],[-120.50171848746513,34.485080999654],[-120.5017153576982,34.48507642807942],[-120.50171432340225,34.485074603900955],[-120.50171119363577,34.48507003232627],[-120.50170909816532,34.48506728493002],[-120.50170803699069,34.48506636171224],[-120.50170915192317,34.48506548300856],[-120.50171260423602,34.48505924305453],[-120.50171494161606,34.48505388180413],[-120.50171727899583,34.48504852055367],[-120.50171844768555,34.48504583992841],[-120.5017208119436,34.485039577717124],[-120.50172317620125,34.485033315505746],[-120.50172559421594,34.48502525137283],[-120.50172684354114,34.485019867865226],[-120.50172809286612,34.48501448435759],[-120.5017281735021,34.48501178147534],[-120.50172947658416,34.48500459604618],[-120.50173059151557,34.48500371734226],[-120.50173192147587,34.484995630952284],[-120.50173213650466,34.48498842326626],[-120.50173270095496,34.484969503090376],[-120.50173190856698,34.484959570265254],[-120.50173100866483,34.48495324128316],[-120.50173005500561,34.48494871422256],[-120.50172910134653,34.48494418716199],[-120.50172915510367,34.48494238524047],[-120.50172711339275,34.48493783592307],[-120.50172714027136,34.48493693496232],[-120.50172716714995,34.48493603400156],[-120.50172719402856,34.48493513304079],[-120.50172621349111,34.48493150694094],[-120.50172626724832,34.48492970501943],[-120.50173276868061,34.484930739520884],[-120.5017360328361,34.48493080629112],[-120.50174471037235,34.48493188530539],[-120.50174577154579,34.48493280852281],[-120.50175553713429,34.48493390979296],[-120.5017642415494,34.48493408784509],[-120.50177947427602,34.48493439943481],[-120.50178817869133,34.484934577485234],[-120.5017979980365,34.48493387683041],[-120.50179911296622,34.48493299812577],[-120.50180784425926,34.48493227521398],[-120.50181110841498,34.48493234198221],[-120.50181766360407,34.48493157455756],[-120.50182421879308,34.48493080713256],[-120.5018340650151,34.48492920551396],[-120.50184173513307,34.48492755938302],[-120.50184502616602,34.48492672518949],[-120.50185489926447,34.48492422260833],[-120.50186148132981,34.48492255422044],[-120.5018691783238,34.48492000712687],[-120.50187358428501,34.4849182942272],[-120.50187799024603,34.48491658132736],[-120.50188459918728,34.48491401197731],[-120.50189343798512,34.48490968521577],[-120.50189784394533,34.48490797231518],[-120.50190105434692,34.484909841002725],[-120.50190747515055,34.48491357837756],[-120.50191389595477,34.48491731575209],[-120.50192031675958,34.484921053126314],[-120.50193315837093,34.48492852787379],[-120.50194172840521,34.48493321071778],[-120.50194817608877,34.484936047129715],[-120.50195247454471,34.48493793807082],[-120.50196001028112,34.48494079673697],[-120.50196215950933,34.48494174220735],[-120.50196205200503,34.484945346051035],[-120.50196167573976,34.48495795950389],[-120.50196146073093,34.48496516719123],[-120.50196230689848,34.4849732980942],[-120.50196336807494,34.48497422130985],[-120.50196424111881,34.48498145125189],[-120.50196416049053,34.48498415413464],[-120.50196508728668,34.48498958215485],[-120.50196601408297,34.484995010175055],[-120.50196794830401,34.485003163332706],[-120.50196993627752,34.4850095145685],[-120.50197094370242,34.48501223970593],[-120.50197396597746,34.485020415118186],[-120.50197598082778,34.48502586539299],[-120.5019790568557,34.485032238883306],[-120.50198112545851,34.48503588723621],[-120.50198319406151,34.485039535589074],[-120.50198629696635,34.48504500811833],[-120.50199152222703,34.48505232707841],[-120.50199465200865,34.48505689864655],[-120.50199568631068,34.485058722822885],[-120.50199881609278,34.485063294390955],[-120.50200091157295,34.48506604178264],[-120.50200929349504,34.48507703134908],[-120.50201348445688,34.485082526132125],[-120.50201879034898,34.48508714220839],[-120.5020400139232,34.4851056065114],[-120.50204531981821,34.485110222586634],[-120.50205174064358,34.48511395995473],[-120.50206458229606,34.48512143468998],[-120.5021287905935,34.48515880834728],[-120.50213200100994,34.485160677029306],[-120.50213736066239,34.48516349117887],[-120.50213950989838,34.48516443664643],[-120.50214486955134,34.48516725079566],[-120.50215343962205,34.4851719336262],[-120.50215988733135,34.48517477002796],[-120.50216418580446,34.48517666096229],[-120.50216848427777,34.48517855189648],[-120.50217602004359,34.48518141055044],[-120.50218249462837,34.485183345990045],[-120.5021922065062,34.48518624914883],[-120.50219544379894,34.48518721686825],[-120.50220300644025,34.485189174559565],[-120.50221274519318,34.48519117675572],[-120.50221924665324,34.48519221123237],[-120.50222574811352,34.485193245708686],[-120.50222901228045,34.48519331246619],[-120.5022376898523,34.48519439144681],[-120.50223875103458,34.485195314660295],[-120.5022485166625,34.48519641589258],[-120.50225722110814,34.48519659391077],[-120.50226592555387,34.48519677192834],[-120.50227011653861,34.48520226670345],[-120.50227324634102,34.48520683826528],[-120.50227428065092,34.48520866243955],[-120.50227741045377,34.48521323400126],[-120.50227950594686,34.48521598138867],[-120.50228788792049,34.48522697093797],[-120.50229207890813,34.485232465712436],[-120.50229738482533,34.48523708177758],[-120.50231860850002,34.48525554603606],[-120.50232391442015,34.48526016210017],[-120.50233033526996,34.48526389945456],[-120.50234317697134,34.4852713741624],[-120.50240738551331,34.485308747682716],[-120.50241059594195,34.4853106163579],[-120.50241595561386,34.48531343049599],[-120.50241810485704,34.48531437595893],[-120.50242346452946,34.4853171900967],[-120.5024320346318,34.485321872908905],[-120.5024384823627,34.485324709296805],[-120.50244278085022,34.48532660022188],[-120.50244707933794,34.48532849114683],[-120.50245031663947,34.48532945885984]]],[[[-120.5023258446714,34.48577947171371],[-120.50233008943289,34.48578316456563],[-120.50233651032167,34.48578690192117],[-120.50235577299144,34.485798113985894],[-120.50235789537328,34.4857999604114],[-120.5023664655194,34.485804643229855],[-120.50237291328402,34.48580747962253],[-120.5023793610491,34.48581031601489],[-120.5023836595594,34.485812206942946],[-120.50239119538908,34.48581506558616],[-120.50239767002768,34.4858170010165],[-120.50240414466658,34.48581893644653],[-120.50240738198619,34.4858199041614],[-120.50241494468953,34.48582186184211],[-120.50242250739328,34.485823819522366],[-120.50242898203335,34.48582575495111],[-120.50243980892999,34.485827779383456],[-120.50244416118625,34.485827868387226],[-120.50245175076302,34.485828925104606],[-120.50245934034,34.4858299818215],[-120.50246366572486,34.485830971785724],[-120.5024756075588,34.48583211750457],[-120.50248322400785,34.48583227325887],[-120.50249084045693,34.485832429012696],[-120.50249845690611,34.485832584766044],[-120.50251045248312,34.485831928559186],[-120.50251483161082,34.485831116599286],[-120.50252247493097,34.48583037138997],[-120.50252682718762,34.48583046039081],[-120.50253776157088,34.48582888096987],[-120.50254434369725,34.48582721254787],[-120.5025520138875,34.48582556637548],[-120.50255968407747,34.48582392020258],[-120.5025629751403,34.48582308599102],[-120.50257284832844,34.48582058335578],[-120.50257943045355,34.48581891493183],[-120.50258272151602,34.48581808071972],[-120.50258484390362,34.48581992714152],[-120.50260606778458,34.48583839135759],[-120.50261137375627,34.48584300741109],[-120.50261779466294,34.485846744752536],[-120.50263063647805,34.48585421943449],[-120.50263384693221,34.48585608810478],[-120.50263920664602,34.48585890223468],[-120.50264135590557,34.485859847694336],[-120.50264886487963,34.48586360728343],[-120.50265422459445,34.4858664214127],[-120.50265297531224,34.48587180493117],[-120.50265276035556,34.485879012621226],[-120.50265238418115,34.48589162607882],[-120.50265216922422,34.485898833768836],[-120.50265301546288,34.485906964669226],[-120.50265407665854,34.4859078878796],[-120.502654949767,34.48591511781871],[-120.50265486915819,34.485917820702475],[-120.502655796006,34.48592324871909],[-120.5026567228539,34.48592867673569],[-120.50265865715876,34.48593682988513],[-120.50266064520312,34.48594318111204],[-120.50266167952972,34.4859450052836],[-120.50266165266018,34.48594590624486],[-120.50266056459441,34.4859458839958],[-120.50265833472365,34.485947641420154],[-120.50265169885019,34.48595111177044],[-120.50264506297619,34.48595458212034],[-120.50263842710169,34.485958052469876],[-120.50263179122662,34.485961522819004],[-120.50262512848103,34.48596589412898],[-120.50261955380084,34.485970287688],[-120.50260282975671,34.48598346836337],[-120.50259725507418,34.48598786192126],[-120.50259274158701,34.485993178689775],[-120.50258371461094,34.486003812226194],[-120.50258148473705,34.486005569648995],[-120.50257723995323,34.486001876804956],[-120.502571933974,34.48599726074974],[-120.5025655130584,34.48599352340555],[-120.50255267122894,34.485986048716214],[-120.50248846211673,34.48594867525068],[-120.50248525166265,34.48594680657658],[-120.502479891949,34.48594399243995],[-120.50247774268935,34.485943046977454],[-120.50247238297621,34.485940232840505],[-120.50246381281029,34.48593555002871],[-120.5024573650327,34.48593271364032],[-120.50245306651455,34.48593082271456],[-120.5024487679966,34.485928931788635],[-120.50244123215471,34.4859260731485],[-120.50243475750666,34.48592413772008],[-120.50242504553522,34.48592123457685],[-120.50242180821158,34.485920266862266],[-120.5024142454993,34.48591830918161],[-120.50240450665702,34.48591630699788],[-120.50239800513833,34.485915272528665],[-120.50239582900801,34.48591522802587],[-120.50239261855738,34.48591335934946],[-120.50238832004183,34.48591146842152],[-120.5023818453963,34.4859095329904],[-120.50238078420378,34.485908609777795],[-120.50237754688118,34.48590764206208],[-120.50237430955866,34.48590667434629],[-120.50237107223624,34.48590570663041],[-120.50237001104387,34.48590478341773],[-120.50236786178657,34.4859038379534],[-120.5023258446714,34.48577947171371]]],[[[-120.50060052708628,34.4862066498192],[-120.50059723599189,34.4862074839763],[-120.50059394489747,34.4862083181333],[-120.50058407161383,34.48621082060374],[-120.5005830104385,34.48620989737625],[-120.50057879262972,34.48620530350642],[-120.50057773145456,34.4862043802789],[-120.50057245247126,34.48619886318134],[-120.50056714659634,34.48619424704336],[-120.50055122897506,34.486180398628136],[-120.50054592310246,34.48617578248931],[-120.50053952916352,34.48617114408221],[-120.50053310833262,34.48616740663455],[-120.50052668750232,34.486163669186595],[-120.50052026667257,34.486159931738314],[-120.50051705625792,34.48615806301405],[-120.50051169660287,34.48615524879335],[-120.50050954736238,34.48615430329698],[-120.50050418770783,34.486151489075965],[-120.50049561763994,34.48614680612996],[-120.5004891699198,34.486143969639876],[-120.50048054606714,34.48614108861232],[-120.5004719222151,34.486138207584176],[-120.5004632983637,34.486135326555456],[-120.50045576257926,34.486132467794945],[-120.50045249838016,34.4861324009885],[-120.50044926107464,34.48613143322227],[-120.50044708494192,34.486131388684534],[-120.5004438476365,34.48613042091817],[-120.50043519689328,34.486128440847224],[-120.50042869538927,34.48612740627347],[-120.50042219388547,34.48612637169938],[-120.50041892968667,34.486126304892046],[-120.50041025205064,34.48612522577907],[-120.50040919087837,34.48612430255019],[-120.50039942517648,34.486123201167224],[-120.50039072064692,34.486123023012546],[-120.50038310418363,34.48612286712668],[-120.50037439965422,34.48612268897083],[-120.50036458016429,34.486123389504414],[-120.50036346520368,34.48612426819446],[-120.50036237713746,34.48612424592483],[-120.5003547337797,34.486124990996835],[-120.50035038151496,34.486124901917975],[-120.50019751433658,34.48613980325094],[-120.50018987097656,34.4861405483125],[-120.50018551871155,34.48614045922773],[-120.50017458425616,34.48614203843417],[-120.5001680020655,34.48614370672515],[-120.5001603318083,34.48614535274432],[-120.50015704071275,34.486146186889464],[-120.50015045852145,34.486147855179475],[-120.50014387632993,34.486149523469116],[-120.50013617917489,34.48615207044623],[-120.50013177311554,34.48615378327849],[-120.50013065815217,34.48615466196626],[-120.5001284820194,34.48615461742284],[-120.50012187292988,34.486157186670724],[-120.50011526383997,34.48615975591822],[-120.50010642482223,34.48616408254045],[-120.50009978883402,34.48616755274653],[-120.50009315284527,34.48617102295224],[-120.50008651685599,34.48617449315754],[-120.50007988086617,34.48617796336246],[-120.50007430604485,34.48618235679866],[-120.5000709611518,34.48618499286026],[-120.50006873122295,34.48618675023459],[-120.50006764315621,34.486186727962306],[-120.5000609802669,34.48619109912555],[-120.50005540544375,34.4861954925608],[-120.50004983062,34.48619988599577],[-120.5000442288977,34.48620518038987],[-120.50004311393276,34.48620605907677],[-120.5000386271747,34.486210474783675],[-120.50003297165479,34.486217571095985],[-120.50003068792803,34.486221130388365],[-120.5000273161339,34.486224667408],[-120.50001828881702,34.486235300739054],[-120.50001263329364,34.486242397050276],[-120.50000920770105,34.486247735988094],[-120.50000692397242,34.486251295279914],[-120.50000347148064,34.486257535176925],[-120.5000011339545,34.48626289638736],[-120.49999762766468,34.48627093820291],[-120.49999645890126,34.48627361880805],[-120.4999940944756,34.486279880977676],[-120.49999173004953,34.48628614314722],[-120.49998939252174,34.48629150435735],[-120.49998694739891,34.486300469404846],[-120.49998683980418,34.48630407324229],[-120.49998556344508,34.486310357684715],[-120.4999843677819,34.486313939249044],[-120.49998298382746,34.48632382752884],[-120.4999827955362,34.486330134244305],[-120.49998223066211,34.48634905439067],[-120.49998302284436,34.486358987216654],[-120.49998392262188,34.486365316205216],[-120.49998487619703,34.486369843275085],[-120.49998582977227,34.48637437034495],[-120.49998577597474,34.486376172263654],[-120.4999878176193,34.486380721606615],[-120.49998779072054,34.48638162256597],[-120.49998776382179,34.486382523525315],[-120.49998773692303,34.486383424484664],[-120.49998871739727,34.486387050595155],[-120.49999073214349,34.48639250089744],[-120.49999171261796,34.486396127007914],[-120.49999372736454,34.486401577310154],[-120.49999674948485,34.48640975276347],[-120.49999982540305,34.48641612629801],[-120.50000189394785,34.48641977468145],[-120.50000396249281,34.486423423064856],[-120.5000070653106,34.486428895639904],[-120.50001229047152,34.48643621467945],[-120.5000154201888,34.48644078629495],[-120.5000164544618,34.48644261048656],[-120.50001958417951,34.48644718210199],[-120.50002167962433,34.48644992952577],[-120.5000635885489,34.486504877994996],[-120.50007197034024,34.48651586768735],[-120.50007616123672,34.48652136253334],[-120.5000814671028,34.48652597869217],[-120.50010269057299,34.486544443325414],[-120.50010799644198,34.4865490594832],[-120.50011441728068,34.48655279695346],[-120.50012725895985,34.48656027189302],[-120.50013046938,34.48656214062771],[-120.50013582904634,34.48656495486556],[-120.50013797829246,34.48656590036875],[-120.50014333795934,34.48656871460627],[-120.50015190804767,34.48657339757775],[-120.50015835578738,34.48657623408641],[-120.50016265428077,34.486578125092],[-120.50016695277439,34.48658001609746],[-120.50017448858715,34.48658287487692],[-120.50018096322529,34.486584810425],[-120.50018311247247,34.48658575592744],[-120.50018520792602,34.48658850334874],[-120.5001862422044,34.48659032753911],[-120.5001893719367,34.486594899150724],[-120.50019146739068,34.486597646571944],[-120.5001977537534,34.486605888835406],[-120.50019448953651,34.486605822021275],[-120.50018687303046,34.48660566612128],[-120.50017487733841,34.48660632209408],[-120.50017049815226,34.48660713396717],[-120.50015521134591,34.48660862408257],[-120.50015085905675,34.48660853499552],[-120.50013992453916,34.48661011419605],[-120.5001333423105,34.486611782483415],[-120.50012567200926,34.48661342849842],[-120.50012238089474,34.486614262641744],[-120.50011250755075,34.4866167650712],[-120.50010592532111,34.486618433357044],[-120.50009822812103,34.486620980329654],[-120.50009053092049,34.48662352730176],[-120.50008612483488,34.486625240131126],[-120.50007951570612,34.486627809374866],[-120.50007067663572,34.486632135991975],[-120.50006404060781,34.48663560619419],[-120.50005740457934,34.486639076396024],[-120.50005076855034,34.486642546597466],[-120.5000441325208,34.486646016798524],[-120.50003746959224,34.48665038795854],[-120.50003189473578,34.48665478139103],[-120.50000959530416,34.48667235511817],[-120.50000402044479,34.48667674854926],[-120.49999953365796,34.486681164253234],[-120.5000029592706,34.4866758253168],[-120.50000524301214,34.4866722660258],[-120.50000752675345,34.48666870673474],[-120.50001097926386,34.48666246683871],[-120.50001331680217,34.486657105628865],[-120.50001682310902,34.486649063813964],[-120.50001799187784,34.48664638320897],[-120.50002035631384,34.486640121039606],[-120.50002277454674,34.48663205695149],[-120.5000240240109,34.486626673468415],[-120.50002527347489,34.4866212899853],[-120.50002535417065,34.48661858710728],[-120.50002665743153,34.48661140170546],[-120.5000277724023,34.486610523018996],[-120.50002910256133,34.48660243665779],[-120.50002931774955,34.48659522898303],[-120.5000296943287,34.48658261555217],[-120.50002990951671,34.48657540787739],[-120.50002906353143,34.48656727697042],[-120.50002800235829,34.48656635373821],[-120.50002712947474,34.48655912379058],[-120.50002721017026,34.486556420912514],[-120.50002628348982,34.48655099288357],[-120.50002535680946,34.48654556485461],[-120.5000234227535,34.48653741167471],[-120.5000214349008,34.486531060413505],[-120.50002042752526,34.48652833526255],[-120.50001740539902,34.486520159809686],[-120.50001539064851,34.486514709507745],[-120.50001231472596,34.48650833597346],[-120.50001024617877,34.48650468759015],[-120.50000817763173,34.4865010392068],[-120.50000507481151,34.486495566631724],[-120.49999984964786,34.48648824759179],[-120.49999671992984,34.486483675975876],[-120.49999568565684,34.486481851784106],[-120.49999255593929,34.48647728016809],[-120.49999046049483,34.48647453274383],[-120.49998207871833,34.486463543046455],[-120.4999778878309,34.48645804819758],[-120.49997258197487,34.48645343203464],[-120.49995135855664,34.486434967380774],[-120.49994605270355,34.48643035121678],[-120.49993963188199,34.486426613738345],[-120.4999267902406,34.486419138780505],[-120.49992357983062,34.48641727004086],[-120.49991822018112,34.486414455794346],[-120.49991607094152,34.486413510287555],[-120.49991071129254,34.486410696040736],[-120.49990214123487,34.48640601305352],[-120.49989569351746,34.4864031765322],[-120.49989139503941,34.48640128551781],[-120.49988709656158,34.48639939450327],[-120.4998795607759,34.48639653570713],[-120.49987308616002,34.48639460014394],[-120.4998633742368,34.48639169679855],[-120.4998601369292,34.48639072901659],[-120.49985257424511,34.4863887711781],[-120.49984283542307,34.48638676879037],[-120.49983633390849,34.48638573418455],[-120.49982983239413,34.48638469957839],[-120.49982656818679,34.4863846327548],[-120.49981789053447,34.48638355359891],[-120.49981682936597,34.48638263036506],[-120.49980706364495,34.48638152893377],[-120.49979835909251,34.48638135073573],[-120.4997831261259,34.48638103888768],[-120.49977442157368,34.48638086068793],[-120.49976460205134,34.486381561171676],[-120.49976348708115,34.48638243985576],[-120.499759134805,34.48638235075527],[-120.49975804673598,34.486382328480126],[-120.4997504302528,34.48638217255382],[-120.49974169879927,34.4863828953109],[-120.49963235385121,34.48639868691468],[-120.49962248052094,34.48640118930505],[-120.49961810134153,34.48640200115859],[-120.4996115191209,34.48640366941812],[-120.49960822801049,34.486404503547746],[-120.49959835467892,34.486407005936094],[-120.49959177245755,34.48640867419453],[-120.49958407526357,34.48641122113495],[-120.4995796691802,34.48641293394611],[-120.49957526309666,34.486414646757126],[-120.49956865397101,34.486417215973326],[-120.49955981489948,34.48642154255338],[-120.49955429384227,34.486424134045706],[-120.49955209079997,34.486424990450736],[-120.4995465697423,34.48642758194267],[-120.49954325172682,34.48642931702952],[-120.49952997966356,34.48643625737593],[-120.49952334363113,34.48643972754854],[-120.49951776876392,34.486444120957124],[-120.49949546928922,34.48646169458862],[-120.49948989441907,34.48646608799579],[-120.49948538071406,34.486471404639296],[-120.49947635330227,34.48648203792572],[-120.49947409644896,34.486484696247224],[-120.4994706977165,34.48648913420884],[-120.49946955583748,34.48649091384901],[-120.49946615710451,34.48649535181048],[-120.49946050151692,34.48650244809303],[-120.49945707587841,34.48650778701316],[-120.49945479211917,34.486511346293184],[-120.4994525083597,34.486514905573145],[-120.49944905581545,34.486521145451974],[-120.49944671824602,34.48652650664971],[-120.4994432118913,34.48653454844621],[-120.49944204310623,34.48653722904501],[-120.49943967863103,34.48654349120151],[-120.49943726034577,34.486551555275845],[-120.49943601084568,34.48655693875139],[-120.49943476134538,34.4865623222269],[-120.49943468063076,34.48656502510374],[-120.4994333773204,34.48657221049711],[-120.49943226234427,34.48657308917788],[-120.49943093212862,34.48658117553014],[-120.49943071688905,34.48658838320162],[-120.49943034021963,34.48660099662667],[-120.49943012497987,34.486608204298136],[-120.49943001735994,34.48661180813386],[-120.4994245231912,34.486613498660574],[-120.49942343511944,34.4866134763823],[-120.49942123207086,34.4866143327847],[-120.4994135886634,34.4866150777954],[-120.49940591835056,34.48661672376452],[-120.49939824803747,34.486618369733165],[-120.49938837467505,34.48662087210307],[-120.49938067745576,34.48662341902947],[-120.49937627135725,34.486625131832575],[-120.49937186525854,34.48662684463553],[-120.4993652561102,34.48662941383961],[-120.49935641700597,34.48663374040338],[-120.49935309897843,34.48663547548447],[-120.49934760480674,34.486637166007576],[-120.49933767762882,34.48664147029094],[-120.49931885752969,34.48665190305203],[-120.49931670829159,34.48665095753472],[-120.49930813824606,34.48664627450635],[-120.49930169053276,34.486643437953816],[-120.49929739205749,34.48664154691862],[-120.49928985627298,34.48663868808609],[-120.49928876820103,34.48663866580663],[-120.49929211313639,34.486636029768505],[-120.49929768802824,34.48663163637143],[-120.499302201754,34.48662631973588],[-120.49931122920383,34.48661568646421],[-120.49935636641793,34.48656252009405],[-120.49935862327709,34.48655986177502],[-120.4993620220184,34.486555423816945],[-120.49936316390064,34.48655364417795],[-120.49936656264144,34.48654920621972],[-120.4993722182401,34.486542109942064],[-120.49937564388541,34.48653677102463],[-120.49937792764871,34.48653321174627],[-120.4993802114118,34.486529652467866],[-120.49938366396147,34.486523412591254],[-120.49938600153476,34.48651805139488],[-120.4993895078941,34.486510009600224],[-120.49939067668038,34.48650732900197],[-120.49939304115799,34.4865010668465],[-120.49939545944567,34.4864930027731],[-120.49939670894713,34.486487619297996],[-120.49939795844841,34.486482235822855],[-120.49939803916399,34.48647953294608],[-120.49939934247541,34.48647234755306],[-120.49940045745046,34.486471468872516],[-120.49940178766661,34.48646338252051],[-120.49940200290767,34.48645617484905],[-120.49940237957932,34.48644356142396],[-120.49940259482015,34.48643635375247],[-120.49940174889667,34.486428222843685],[-120.49940068773243,34.486427299606376],[-120.49939981490407,34.48642006965653],[-120.49939989561939,34.48641736677971],[-120.49939896898091,34.48641193874772],[-120.49939804234255,34.48640651071572],[-120.49939610835067,34.48639835752852],[-120.49939412054886,34.48639200625917],[-120.49939311319548,34.486389281103946],[-120.49939009113568,34.48638110563827],[-120.49938807642945,34.48637565532777],[-120.49938500056012,34.486369281779865],[-120.499382932044,34.48636563338718],[-120.49938086352806,34.48636198499446],[-120.49937776075443,34.48635651240533],[-120.4993746310759,34.486351940775066],[-120.49942347465509,34.48632048649912],[-120.49943013758622,34.48631611537266],[-120.49943682742129,34.48631084328682],[-120.49944797714453,34.48630205647619],[-120.49945355200525,34.48629766307045],[-120.49946475553357,34.486287074340126],[-120.49946926922914,34.486281757696865],[-120.49947829661859,34.48627112440973],[-120.49948281031243,34.48626580776588],[-120.4994884658809,34.48625871148128],[-120.49949189150625,34.48625337255954],[-120.49949417525625,34.48624981327831],[-120.49949762778473,34.48624357339733],[-120.4995010803127,34.486237333516236],[-120.49950458664772,34.48622929171694],[-120.499506924204,34.486223930517326],[-120.49950811988575,34.48622034895845],[-120.4995104574415,34.48621498775875],[-120.49951165312297,34.48621140619982],[-120.49951168002667,34.486210505240784],[-120.49951170693038,34.48620960428174],[-120.49951173383407,34.48620870332269],[-120.49951404448558,34.48620424308193],[-120.4995140982929,34.48620244116383],[-120.49951532087766,34.48619795864581],[-120.49951654346225,34.48619347612775],[-120.49951781985393,34.48618719169158],[-120.49951920385976,34.486177303419154],[-120.49951979573834,34.486157482319896],[-120.49951998406323,34.48615117560647],[-120.49951919193649,34.48614124277967],[-120.49951821148504,34.48613761666628],[-120.49951731174434,34.48613128767569],[-120.49951741935857,34.48612768383945],[-120.49951551226324,34.4861186296945],[-120.49951349755396,34.4861131793858],[-120.4995115097485,34.486106828118004],[-120.49951050239406,34.48610410296362],[-120.49950748033116,34.48609592750044],[-120.49950546562283,34.48609047719163],[-120.49950238975349,34.486084103646476],[-120.49949931388458,34.48607773010126],[-120.49949724536975,34.486074081710434],[-120.49949207408342,34.48606496073327],[-120.49948997866541,34.48606221330141],[-120.49948581473359,34.48605581747855],[-120.4994816508024,34.48604942165556],[-120.49947639880743,34.486043003555],[-120.49947324223004,34.486039332886364],[-120.49946268443531,34.48602829860247],[-120.49945737863489,34.486023682419244],[-120.49944146123711,34.48600983386835],[-120.49943615543901,34.486005217684294],[-120.49942973467334,34.48600148018121],[-120.49941689314372,34.485994005174064],[-120.49941368276168,34.4859921364221],[-120.49940832315708,34.48598932215494],[-120.49940617393443,34.48598837663983],[-120.49940081433034,34.48598556237238],[-120.4993922443455,34.4859808793522],[-120.49938579667892,34.485978042805954],[-120.49938149823477,34.48597615177493],[-120.49937719979083,34.48597426074376],[-120.49936966406192,34.48597140191838],[-120.49936318949183,34.48596946632997],[-120.49935347763727,34.48596656294673],[-120.4993502403526,34.48596559515215],[-120.49934915228931,34.485965572873596],[-120.49934917919452,34.48596467191463],[-120.49934920609972,34.485963770955664],[-120.49935032106815,34.48596289227524],[-120.49935165127792,34.48595480592303],[-120.49935186651919,34.48594759825124],[-120.49935205485525,34.48594129153842],[-120.49935224319124,34.48593498482558],[-120.4993514510849,34.485925051998315],[-120.49935047064274,34.485921425883895],[-120.49934867118954,34.48590876790115],[-120.49934877881012,34.48590516406524],[-120.49934687173675,34.48589610991839],[-120.49934485704307,34.48589065960743],[-120.49934286925479,34.485884308337454],[-120.49934186190818,34.48588158318196],[-120.49933883986866,34.48587340771539],[-120.49933682517593,34.48586795740433],[-120.49933374932682,34.48586158385562],[-120.49933168082413,34.485857935462434],[-120.49932650956814,34.48584881447933],[-120.49932340681507,34.485843341889385],[-120.49931818175001,34.48583602282393],[-120.49931605943773,34.48583417634845],[-120.49931186862435,34.485828681479475],[-120.49930348699924,34.48581769174114],[-120.49929929618749,34.485812196871784],[-120.49929399040947,34.48580758068231],[-120.49928337885518,34.48579834830273],[-120.49928340576092,34.485797447343764],[-120.49928677756685,34.48579391034507],[-120.49929240621132,34.48578771502734],[-120.49929694679409,34.4857814974304],[-120.49930148737616,34.485775279833256],[-120.49930265615346,34.48577259923523],[-120.499306054863,34.48576816127694],[-120.49930716982915,34.4857672825968],[-120.49930831170069,34.48576550295766],[-120.49930945357218,34.485763723318534],[-120.49930948047762,34.48576282235957],[-120.49931402105769,34.485756604761846],[-120.49931750048194,34.48574946392623],[-120.49932097990556,34.48574232309049],[-120.49932329055252,34.485737862852915],[-120.4993256550097,34.48573160069729],[-120.49932801946649,34.485725338541634],[-120.49933035701773,34.48571997734488],[-120.49933049154349,34.48571547254991],[-120.49936432031801,34.48560347646848],[-120.49937180220519,34.485608137210974],[-120.49937931099774,34.485611896994],[-120.49938681979097,34.4856156567766],[-120.49939003015844,34.485617525528745],[-120.4993964777982,34.48562036207373],[-120.4994029254384,34.485623198618384],[-120.49940722386546,34.48562508964798],[-120.4994115222927,34.48562698067743],[-120.49941905799294,34.48562983949909],[-120.49942553253875,34.48563177508355],[-120.49943524435804,34.48563467845962],[-120.4994384816313,34.485635646251474],[-120.49944604423715,34.48563760411245],[-120.49945251878425,34.48563953969553],[-120.49946334556832,34.4856415643878],[-120.49946769780499,34.48564165349716],[-120.49947528731569,34.485642710397286],[-120.49947961264898,34.485643700465324],[-120.499491554397,34.48564484647325],[-120.49949917081165,34.48564500241279],[-120.4995154917004,34.485645336567345],[-120.49952310811523,34.4856454925054],[-120.49953510367013,34.48564483659081],[-120.49953948281002,34.48564402473848],[-120.49954712612764,34.485643279715866],[-120.49955147836468,34.48564336882226],[-120.49956241276254,34.4856417896692],[-120.49956899492311,34.48564012140957],[-120.49957666514263,34.48563847542592],[-120.49958433536187,34.485636829441766],[-120.49959200558088,34.48563518345713],[-120.49959967579957,34.485633537471976],[-120.49963372845625,34.48562341651715],[-120.49963348634003,34.48563152515009],[-120.4996332711255,34.48563873282381],[-120.49963411706847,34.48564686373256],[-120.49963517822606,34.48564778696762],[-120.49963605107105,34.485655016917164],[-120.49963597036562,34.4856577197948],[-120.49963689701435,34.4856631478259],[-120.49963782366318,34.485668575857],[-120.49963975766647,34.48567672904156],[-120.49964174547364,34.48568308030764],[-120.49964275282821,34.48568580546108],[-120.49964577489229,34.485693980921326],[-120.49964778960198,34.485699431228134],[-120.49965086547036,34.48570580476986],[-120.49965293398397,34.48570945315816],[-120.49965500249775,34.48571310154644],[-120.49965810526876,34.485718574128796],[-120.49966333035778,34.4857258931808],[-120.49966646003132,34.48573046480376],[-120.49966749428873,34.485732288997795],[-120.49967062396273,34.485736860620655],[-120.49967271937939,34.48573960804946],[-120.49968110104744,34.48575059776433],[-120.49968529188226,34.48575609262158],[-120.49969059767987,34.485760708794885],[-120.49971182087609,34.485779173485994],[-120.49971712667661,34.48578378965826],[-120.49972354744001,34.48578752714618],[-120.49973638896854,34.485795002121094],[-120.49973959935102,34.48579687086463],[-120.49974495895577,34.48579968511725],[-120.49974710817794,34.485800630626386],[-120.49975246778318,34.48580344487869],[-120.49976103777225,34.48580812787379],[-120.49976748544007,34.48581096440027],[-120.49977178388556,34.485812855417755],[-120.49977608233124,34.485814746435096],[-120.49978361806187,34.485817605235454],[-120.49979009263156,34.485819540801515],[-120.49979980448673,34.485822444149974],[-120.49980304177195,34.48582341193264],[-120.49981060440444,34.48582536977209],[-120.49982034316108,34.485827372159676],[-120.49982684463244,34.48582840676453],[-120.49983334610398,34.48582944136906],[-120.49983661028972,34.485829508191536],[-120.49984528788535,34.48583058734369],[-120.49984634904757,34.485831510577086],[-120.49985611470557,34.485832612002554],[-120.4998648192014,34.48583279019402],[-120.49988005206929,34.48583310202757],[-120.49988875656531,34.48583328021733],[-120.49989857602262,34.48583257972068],[-120.49989969098377,34.48583170103491],[-120.49990404323177,34.48583179012916],[-120.49990513129377,34.4858318124027],[-120.49991274772783,34.48583196831719],[-120.49992147912289,34.48583124554524],[-120.49993350160263,34.48582968863313],[-120.49993347470384,34.48583058959253],[-120.499934428272,34.48583511666277],[-120.49993538184023,34.485839643732994],[-120.499936281611,34.48584597272201],[-120.49993625471224,34.485846873681396],[-120.49993718138191,34.48585230171101],[-120.49993810805165,34.48585772974062],[-120.49994004208773,34.48586588292164],[-120.49994202992157,34.48587223418385],[-120.49994303728798,34.485874959335256],[-120.4999460593875,34.48588313478942],[-120.49994807412082,34.48588858509216],[-120.49995115001859,34.485894958627426],[-120.49995321854978,34.485898607011315],[-120.4999583898785,34.485907727970904],[-120.49996048530886,34.48591047539529],[-120.49996464927143,34.48591687120336],[-120.49996881323464,34.485923267011316],[-120.49997406526178,34.485929685092124],[-120.49997830992152,34.48593337802158],[-120.49998252768327,34.48593797191031],[-120.4999825007849,34.485938872869724],[-120.49998669164881,34.48594436771775],[-120.49999199747515,34.48594898387906],[-120.50000791495766,34.485962832361736],[-120.50001322078633,34.48596744852222],[-120.5000196146795,34.48597208695509],[-120.50002603547134,34.485975824428216],[-120.50003245626374,34.48597956190102],[-120.50003887705674,34.48598329937352],[-120.50004208745345,34.48598516810964],[-120.5000452978503,34.4859870368457],[-120.50015249047357,34.48604332160562],[-120.50015785010862,34.48604613584129],[-120.50015893817361,34.486046158112686],[-120.50016429780908,34.4860489723481],[-120.50016750821122,34.48605084108115],[-120.50017395591239,34.48605367758748],[-120.50017825438007,34.48605556859152],[-120.5001847289783,34.486057504137776],[-120.50018579014716,34.486058427368484],[-120.50018902744645,34.48605939514146],[-120.50019226474582,34.486060362914344],[-120.50019550204526,34.48606133068716],[-120.5001965632143,34.48606225391778],[-120.5002030378135,34.48606418946309],[-120.50020951241305,34.4860661250081],[-120.50021383777826,34.48606711505139],[-120.50022031237829,34.48606905059583],[-120.50022681387455,34.48607008518039],[-120.50023331537095,34.4860711197646],[-120.50023440343634,34.486071142035335],[-120.50024199299835,34.486072198889836],[-120.5002495825606,34.486073255743854],[-120.50025390792673,34.486074245785765],[-120.50026584975123,34.486075391720966],[-120.50027346620952,34.48607554761396],[-120.50028217073336,34.48607572577677],[-120.50028978719178,34.48607588166874],[-120.50030178280736,34.486075225681255],[-120.50030616196435,34.48607441380212],[-120.50032144867102,34.48607292366333],[-120.50032580093296,34.4860730127431],[-120.50033673537726,34.48607143352259],[-120.50034331755934,34.4860697652221],[-120.50035098780667,34.486068119190925],[-120.50035427889748,34.486067285040335],[-120.50035756998827,34.48606645088963],[-120.50036415216962,34.48606478258798],[-120.50037073435074,34.48606311428596],[-120.50037843149123,34.486060567293364],[-120.50038283754108,34.48605885445174],[-120.50038835855021,34.486056262919654],[-120.50038944661551,34.486056285189],[-120.50039164964026,34.486055428768005],[-120.50039385266494,34.486054572346966],[-120.50039496762429,34.486053693656594],[-120.5004004886327,34.48605110212391],[-120.50040377972245,34.48605026797191],[-120.50041150375473,34.48604682001745],[-120.50041922778638,34.48604337206246],[-120.50042697871109,34.48603902314725],[-120.50043141165254,34.48603640934407],[-120.50043807451097,34.486032038159124],[-120.5004436493037,34.48602764470495],[-120.50046706342683,34.48600919219428],[-120.50047152325864,34.48600567742979],[-120.5004714694723,34.486007479349254],[-120.50047125432687,34.486014687027144],[-120.50047087782214,34.486027300463434],[-120.50047066267649,34.48603450814129],[-120.50047150870276,34.48604263904749],[-120.50047256987476,34.486043562275825],[-120.50047344279446,34.48605079222227],[-120.50047336211485,34.48605349510147],[-120.50047428882105,34.48605892312844],[-120.50047521552735,34.48606435115543],[-120.50047714961977,34.48607250433017],[-120.50047913749886,34.486078855585426],[-120.50048014488507,34.48608158073318],[-120.50048316704412,34.48608975617639],[-120.50048518181711,34.486095206471845],[-120.50048825776325,34.4861015799955],[-120.50049032632296,34.48610522837139],[-120.50049239488285,34.48610887674729],[-120.500495497723,34.486114349311045],[-120.50050072291006,34.48612166833103],[-120.50050385264413,34.48612623993488],[-120.50050488692459,34.486128064122724],[-120.50050801665913,34.48613263572648],[-120.5005101121133,34.486135383142376],[-120.50051849393128,34.4861463728056],[-120.50052268484109,34.48615186763703],[-120.5005279907109,34.48615648377676],[-120.500549214196,34.48617494833358],[-120.50055452006872,34.48617956447226],[-120.50056094090156,34.486183301918864],[-120.50057378256898,34.48619077681111],[-120.50060052708628,34.4862066498192]]],[[[-120.49986910708104,34.485397448624354],[-120.499868180419,34.48539202059426],[-120.49986719995894,34.48538839448301],[-120.49986630019613,34.485382065493496],[-120.49986640779234,34.48537846165584],[-120.49986450067084,34.48536940751446],[-120.49986248595341,34.485363957210694],[-120.49986049813529,34.48535760594749],[-120.49985851031747,34.485351254684275],[-120.49985750295907,34.48534852953236],[-120.49985448088431,34.48534035407656],[-120.49985246616814,34.48533490377268],[-120.49984939029592,34.485328530235606],[-120.49984732178187,34.48532488185047],[-120.49980078026182,34.48524279317705],[-120.49979868485222,34.4852400457506],[-120.4997945209331,34.48523364993825],[-120.49979035701453,34.48522725412576],[-120.49978510504265,34.485220836038906],[-120.49978086042603,34.48521714310427],[-120.49977979927192,34.4852162198706],[-120.49977767696379,34.48521437340323],[-120.4997766427096,34.48521254921015],[-120.49977454730151,34.48520980178335],[-120.49976820727815,34.48520336142149],[-120.49976184035579,34.48519782201872],[-120.49975122882034,34.4851885896801],[-120.4997459230535,34.48518397351048],[-120.49973952923386,34.485179335066],[-120.49973310851465,34.485175597580586],[-120.49972668779601,34.48517186009485],[-120.49972026707796,34.4851681226088],[-120.4997138463605,34.48516438512243],[-120.49970527643795,34.48515970212655],[-120.4996988288212,34.48515686559878],[-120.49969238120491,34.48515402907068],[-120.49969020509884,34.485153984520565],[-120.49968914394657,34.48515306128617],[-120.49968484553607,34.485151170267144],[-120.49967730986778,34.48514831146318],[-120.499670835352,34.48514637589331],[-120.49966436083656,34.48514444032311],[-120.49966112357895,34.485143472537885],[-120.49965356101113,34.48514151469181],[-120.49964708649652,34.485139579120734],[-120.49963625977114,34.48513755444724],[-120.49963190756009,34.485137465345005],[-120.49962431809222,34.485136408456455],[-120.49961672862455,34.48513535156746],[-120.4996124033152,34.48513436150525],[-120.49960046163719,34.485133215512185],[-120.49959284526847,34.48513305958097],[-120.49958414084715,34.48513288137328],[-120.49957652447854,34.48513272544106],[-120.49956452899738,34.48513338136297],[-120.49956014988469,34.48513419321745],[-120.49955250661394,34.48513493824294],[-120.49954486334306,34.48513568326797],[-120.49954051113241,34.48513559416249],[-120.49952957680102,34.485137173316545],[-120.49952299468,34.485138841575875],[-120.49951532450604,34.485140487558226],[-120.49951203344533,34.48514132168753],[-120.4995054513237,34.485142989945885],[-120.49949886920182,34.48514465820387],[-120.49954267527603,34.48509957806976],[-120.49954713509362,34.48509606333814],[-120.4995505337609,34.485091625370835],[-120.49955504738195,34.48508630872041],[-120.49955956100241,34.4850809920698],[-120.49956521647816,34.485073895776615],[-120.49956864204545,34.48506855684946],[-120.49957092575674,34.48506499756462],[-120.49957437822516,34.485058757678004],[-120.49957783069304,34.48505251779127],[-120.49958016820707,34.48504715658768],[-120.4995836744775,34.48503911478219],[-120.49958484323415,34.48503643418032],[-120.4995872076489,34.48503017201728],[-120.49958957206329,34.48502390985417],[-120.49959190957564,34.485018548650274],[-120.49959435469412,34.485009583609205],[-120.49959446230052,34.48500597977208],[-120.49959573866265,34.484999695332945],[-120.4995957924658,34.48499789341437],[-120.49959905661856,34.48499796024179],[-120.49960776102596,34.48499813844781],[-120.49961758038573,34.484997437969525],[-120.499618695338,34.48499655928585],[-120.49962742664664,34.48499583653115],[-120.49963069079938,34.484995903357714],[-120.49963506990423,34.48499509150036],[-120.49963713840154,34.48499873988852],[-120.49964236344773,34.485006058940165],[-120.4997246072517,34.48513215105923],[-120.49972773690854,34.4851367226802],[-120.49972977851283,34.48514127202641],[-120.49973396932296,34.485146766881286],[-120.49973813323345,34.48515316269541],[-120.49974235094489,34.48515775659069],[-120.49974871786303,34.48516329599432],[-120.4997519013224,34.48516606569601],[-120.49975402362878,34.48516791216378],[-120.49975399672874,34.48516881312315],[-120.49975930249512,34.485173429292416],[-120.49976991402967,34.48518266163031],[-120.49977521979784,34.48518727779894],[-120.49978161362017,34.485191916241654],[-120.4997880343429,34.48519565372466],[-120.49979445506624,34.48519939120735],[-120.49980087579017,34.48520312868974],[-120.49980408615235,34.48520499743081],[-120.4998094457228,34.485207811679295],[-120.49981159493097,34.48520875718675],[-120.4998191037103,34.48521251694224],[-120.49982661249031,34.485216276697315],[-120.49983412127104,34.48522003645194],[-120.49984165695157,34.48522289524671],[-120.49984813147769,34.48522483080793],[-120.49985784326743,34.48522773414912],[-120.49986108053085,34.485228701929366],[-120.49986864311207,34.4852306597631],[-120.49987511763948,34.485232595322934],[-120.49988594438415,34.48523461997599],[-120.49989029660108,34.48523470906938],[-120.49989788608221,34.48523576594192],[-120.49990223829927,34.485235855034894],[-120.49990982778068,34.48523691190669],[-120.49991091583499,34.485236934179845],[-120.49991197699084,34.48523785741244],[-120.49992174258125,34.485238958829775],[-120.49992827090719,34.48523909246793],[-120.49992805572118,34.48524630014373],[-120.49992767914553,34.48525891357636],[-120.49992746395932,34.48526612125213],[-120.49992830992954,34.48527425216039],[-120.49992937108604,34.48527517539286],[-120.49993024395474,34.48528240534164],[-120.49993016325995,34.485285108220054],[-120.4999310899253,34.48529053624988],[-120.49993201659073,34.485295964279686],[-120.49993395061671,34.4853041174609],[-120.49993593843944,34.485310468723135],[-120.49993694580003,34.48531319387452],[-120.49993996788216,34.48532136932859],[-120.49994198260387,34.48532681963128],[-120.49994505848325,34.48533319316634],[-120.49994712700182,34.48533684155001],[-120.49994919552057,34.48534048993365],[-120.49995229829901,34.485345962509065],[-120.49995752339339,34.485353281549],[-120.49996065307083,34.48535785316474],[-120.49996168733072,34.48535967735648],[-120.49996481700862,34.48536424897213],[-120.49996691242671,34.48536699639605],[-120.49997529410047,34.485377986091386],[-120.49997948493814,34.485383480938864],[-120.49998479073045,34.48538809709931],[-120.499991157682,34.48539363649157],[-120.49992152207577,34.48539221103037],[-120.49991281762532,34.48539203284494],[-120.49990299822,34.485392733345016],[-120.49990188326503,34.48539361203114],[-120.49989315191578,34.48539433480372],[-120.49988988774686,34.485394267983494],[-120.49988333251012,34.4853950353022],[-120.49987677727331,34.48539580262056],[-120.49986910708104,34.485397448624354]]],[[[-120.50026628638349,34.485039565505254],[-120.50026631327789,34.48503866454552],[-120.5002674551187,34.485036884895905],[-120.5002719686927,34.48503156821682],[-120.50027648226612,34.48502625153754],[-120.5002787390526,34.48502359319781],[-120.50028213767919,34.48501915520827],[-120.50028327951937,34.485017375558485],[-120.50028781998542,34.48501115791895],[-120.50029007677112,34.48500849957898],[-120.50029464413024,34.485001380979384],[-120.50029812343709,34.484994240110005],[-120.50030160274333,34.484987099240506],[-120.5003039133158,34.484982638980675],[-120.50030627767589,34.48497637680126],[-120.50030864203555,34.484970114621746],[-120.50031100639487,34.48496385244219],[-120.50031337075377,34.48495759026255],[-120.50031456638,34.48495400869282],[-120.50032093332327,34.484959548067756],[-120.50032623910998,34.484964164213295],[-120.5003326329484,34.48496880262787],[-120.50033905368113,34.484972540082346],[-120.50034547441442,34.48497627753651],[-120.50035189514828,34.48498001499035],[-120.50035510551545,34.48498188371715],[-120.50036046509216,34.48498469794171],[-120.50036261430161,34.48498564343951],[-120.50037012308846,34.484989403161435],[-120.50037333345638,34.4849912718878],[-120.50037978108587,34.48499410838046],[-120.50038407950575,34.484995999375386],[-120.50039161518757,34.48499885813624],[-120.50039376439776,34.48499980363351],[-120.50039915086992,34.48500171689664],[-120.5004013269732,34.485001761433956],[-120.50063422180979,34.4850777470759],[-120.50063852024019,34.48507963806228],[-120.50064608282942,34.4850815958481],[-120.50065255736612,34.48508353136702],[-120.5006568826875,34.48508452139278],[-120.5006633572247,34.485086456911134],[-120.50066985865234,34.48508749146916],[-120.50067636008018,34.48508852602684],[-120.50067744813317,34.485088548293085],[-120.5006850376142,34.48508960511654],[-120.50068938982628,34.48508969418116],[-120.5006969793076,34.48509075100388],[-120.50069806736066,34.48509077326994],[-120.50069912852388,34.485091696496035],[-120.50070889411171,34.48509279785011],[-120.50071759853637,34.485092975977494],[-120.500725214908,34.48509313183845],[-120.50073283127968,34.485093287698945],[-120.50074482675318,34.48509263166154],[-120.50074920585489,34.485091819763966],[-120.50076449237659,34.485090329561324],[-120.50076884458893,34.4850904186231],[-120.50077977889782,34.48508883935671],[-120.50078636099408,34.48508717102833],[-120.50079403114314,34.48508552496479],[-120.50079732219106,34.48508469080026],[-120.50080719533442,34.485082188306095],[-120.50081377742971,34.485080519976194],[-120.50082147446619,34.485077972950755],[-120.50082917150226,34.48507542592482],[-120.50083357749077,34.485073713064025],[-120.5008401864732,34.485071143772494],[-120.50084902533733,34.48506681708977],[-120.5008556612069,34.485063346837244],[-120.5008622970759,34.48505987658432],[-120.50086893294437,34.48505640633102],[-120.50087556881232,34.48505293607731],[-120.50088114351487,34.48504854259867],[-120.50088448833613,34.48504590651137],[-120.50088671821683,34.485044149119744],[-120.50088780626942,34.485044171384104],[-120.50089446902331,34.48503980016913],[-120.500900043724,34.48503540668953],[-120.50090227360413,34.48503364929761],[-120.50090224671656,34.485034550257794],[-120.50089988239844,34.485040812450585],[-120.50089746430467,34.48504887656364],[-120.50089621492613,34.4850542600604],[-120.5008949655474,34.485059643557136],[-120.50089488488439,34.48506234643764],[-120.50089358173003,34.48506953185468],[-120.5008924667894,34.48507041055053],[-120.50089113674693,34.48507849692768],[-120.50089092164505,34.48508570460897],[-120.50089054521658,34.48509831805122],[-120.5008903301145,34.48510552573249],[-120.50089117617804,34.48511365663826],[-120.50089223734378,34.48511457986276],[-120.50089215668051,34.48511728274324],[-120.50089212979276,34.48511818370339],[-120.50088761625166,34.48512350040686],[-120.50088310271,34.48512881711014],[-120.50087858916775,34.48513413381321],[-120.50087293379512,34.48514123017184],[-120.50086950830544,34.48514656913904],[-120.5008672246454,34.48515012845044],[-120.50086491409708,34.48515458872192],[-120.50086148860628,34.48515992768884],[-120.50083838310533,34.48520453039964],[-120.50083514582988,34.48520356264488],[-120.50083190855452,34.48520259489003],[-120.50082434594948,34.48520063711509],[-120.50081460723572,34.485198634809564],[-120.50080810579726,34.48519760025881],[-120.50080160435897,34.48519656570773],[-120.50079834019547,34.4851964989121],[-120.50078966264847,34.48519541982993],[-120.50078860148294,34.48519449660455],[-120.50077883588186,34.4851933952563],[-120.5007701314464,34.485193217132824],[-120.50075489868446,34.48519290541524],[-120.5007461942492,34.485192727290055],[-120.50073637487009,34.48519342785853],[-120.50073525992616,34.48519430655279],[-120.5007309077085,34.48519421748957],[-120.5007298196541,34.48519419522375],[-120.50072220327326,34.485194039362675],[-120.50071347194832,34.485194762195185],[-120.50060412869514,34.485210554747866],[-120.50059425553135,34.485213057224634],[-120.5005898764221,34.4852138691163],[-120.50058329431248,34.48521553743343],[-120.50058000325757,34.48521637159188],[-120.5005701300925,34.48521887406663],[-120.50056354798214,34.48522054238268],[-120.50055585092544,34.48522308939088],[-120.50055144492383,34.48522480224102],[-120.50054703892204,34.48522651509101],[-120.50054042991904,34.485229084365656],[-120.50053159102268,34.48523341102449],[-120.50052718502008,34.48523512387371],[-120.50052723880368,34.485233321953935],[-120.50052639277517,34.48522519104728],[-120.50052533161234,34.48522426781972],[-120.50052445869224,34.48521703787293],[-120.50052453936767,34.48521433499326],[-120.50052361266408,34.485208906966236],[-120.50052268596058,34.48520347893922],[-120.50052075187837,34.48519532576482],[-120.50051876401282,34.485188974510194],[-120.50051775663421,34.485186249362805],[-120.50051473449878,34.48517807392063],[-120.50051271974212,34.48517262362581],[-120.50050964382375,34.48516625010328],[-120.50050757528378,34.48516260172818],[-120.50050550674398,34.48515895335303],[-120.50050240393463,34.48515348079025],[-120.5004971788025,34.48514616177191],[-120.50049404910204,34.48514159016884],[-120.50049301483266,34.48513976598118],[-120.50048988513268,34.48513519437801],[-120.50048778970216,34.48513244696249],[-120.50047940798143,34.485121457300096],[-120.50047521712187,34.485115962468704],[-120.50046991131744,34.48511134632897],[-120.5004486881056,34.48509288176794],[-120.5004433823041,34.48508826562717],[-120.50043696155784,34.48508452817766],[-120.50042412006704,34.485077053277685],[-120.50042090969471,34.48507518455249],[-120.5004155501102,34.485072370330286],[-120.50041340089794,34.48507142483331],[-120.50040804131393,34.48506861061079],[-120.5003994713589,34.48506392766233],[-120.50039302372346,34.48506109117048],[-120.5003887253001,34.48505920017574],[-120.50038442687693,34.48505730918086],[-120.50037689119024,34.48505445041937],[-120.50037041666307,34.48505251488619],[-120.50036070487289,34.48504961158582],[-120.50035746760965,34.485048643818864],[-120.50034990503126,34.48504668601557],[-120.50034016634892,34.485044683673415],[-120.50033366492977,34.485043649098145],[-120.50032716351079,34.48504261452253],[-120.50032389935447,34.48504254771449],[-120.50031522183158,34.48504146859952],[-120.50031416067338,34.48504054537031],[-120.50030439509882,34.485039443985116],[-120.50029569068246,34.48503926582855],[-120.50028045795408,34.48503895405304],[-120.50027175353794,34.485038775894765],[-120.50026628638349,34.485039565505254]]],[[[-120.49999854303694,34.484708639966435],[-120.49994522871101,34.484707548623355],[-120.49994419445865,34.48470572443167],[-120.49994117239451,34.48469754897789],[-120.49993915768542,34.484692098675346],[-120.49993608182699,34.484685725140594],[-120.49993300596898,34.48467935160578],[-120.49993093746548,34.484675703222244],[-120.49992783471052,34.484670230646884],[-120.49992260965769,34.48466291160692],[-120.49991841885696,34.48465741675862],[-120.49991528920566,34.48465284514255],[-120.49999854303694,34.484708639966435]]],[[[-120.50040561200375,34.485441786119175],[-120.5004055313238,34.48544448899851],[-120.50040653870127,34.485447214146696],[-120.50031023715347,34.485500235261824],[-120.50030920288427,34.48549841107268],[-120.50030816861508,34.48549658688354],[-120.5003050389134,34.48549201527573],[-120.50030400464439,34.48549019108654],[-120.50031387784857,34.48548768863515],[-120.5003204599844,34.485486020333774],[-120.50032815707203,34.48548347334189],[-120.50033256309166,34.485481760500655],[-120.5003369691111,34.48548004765926],[-120.50034357813995,34.48547747839685],[-120.50035241707174,34.48547315175332],[-120.50035793804193,34.48547056022075],[-120.50036014105115,34.48546970379959],[-120.50036566202088,34.485467112266626],[-120.5003689799813,34.48546537715478],[-120.50038225182169,34.48545843670641],[-120.50038888774105,34.48545496648165],[-120.50039446249588,34.485450573027784],[-120.50040561200375,34.485441786119175]]],[[[-120.499976884523,34.4867104504446],[-120.49997460077915,34.48671400973496],[-120.49997114826374,34.4867202496297],[-120.49996769574777,34.486726489524315],[-120.49996535820438,34.486731850733015],[-120.49996185188868,34.48673989254597],[-120.49996068311664,34.486742573150245],[-120.49995831867285,34.486748835318046],[-120.49995595422868,34.48675509748578],[-120.49995473165723,34.48675958000853],[-120.49995231341342,34.486767644094684],[-120.49995111774105,34.486771225658096],[-120.49991241093826,34.48693721262746],[-120.49989959612425,34.486928836704834],[-120.4998963856961,34.48692696796377],[-120.4998931752681,34.48692509922263],[-120.4998867544125,34.48692136174014],[-120.49988463206103,34.4869195152731],[-120.49987606195464,34.4869148322822],[-120.49986961420007,34.48691199575806],[-120.49986316644596,34.48690915923358],[-120.49985886794346,34.48690726821709],[-120.49985456944115,34.48690537720044],[-120.49984703361224,34.486902518400576],[-120.49984055895884,34.486900582834146],[-120.4998308469793,34.486897679483874],[-120.49982760965294,34.48689671170029],[-120.49982004692474,34.48689475385797],[-120.49981248419691,34.48689279601521],[-120.49980600954515,34.486890860447005],[-120.49979518259113,34.48688883577812],[-120.49979083028857,34.48688874667761],[-120.49978324066063,34.48688768979222],[-120.4997789152597,34.48688669973216],[-120.49976697332983,34.48688555374469],[-120.49975935680085,34.48688539781696],[-120.49975174027193,34.48688524188875],[-120.49974412374306,34.48688508596007],[-120.4997364803123,34.48688583099002],[-120.4997280596362,34.48683968159498],[-120.49974111653563,34.486839948902414],[-120.49974982113534,34.48684012710659],[-120.49975964071177,34.486839426626425],[-120.4997607556884,34.486838547942696],[-120.49976948718964,34.48683782518635],[-120.49977275141451,34.48683789201222],[-120.49977930676575,34.486837124704586],[-120.49978586211685,34.486836357396584],[-120.49979570859401,34.486834755954334],[-120.49980337892097,34.48683310996129],[-120.49980667004691,34.486832275827105],[-120.4998165434243,34.48682977342398],[-120.49982312567562,34.48682810515477],[-120.49983082290242,34.48682555820078],[-120.4998352290035,34.48682384538137],[-120.4998396351044,34.486822132561784],[-120.49984624425542,34.48681956333209],[-120.49985508335679,34.48681523673274],[-120.49986060443214,34.48681264522769],[-120.49986280748207,34.48681178881743],[-120.49986832855697,34.486809197312006],[-120.49987164658184,34.486807462216795],[-120.49988491867995,34.48680052183494],[-120.4998915547282,34.486797051643435],[-120.49989712960156,34.48679265821818],[-120.49991942908916,34.48677508451433],[-120.4999250039596,34.486770691087656],[-120.49992951765508,34.48676537442761],[-120.49993854504427,34.48675474110694],[-120.499976884523,34.4867104504446]]],[[[-120.50139986855798,34.48474002125046],[-120.50139551636171,34.48473993221193],[-120.50138787313625,34.484740677354694],[-120.50138678508718,34.48474065509496],[-120.50138575080224,34.484738830914125],[-120.50138052561407,34.484731511930924],[-120.50137843016257,34.48472876452969],[-120.50138057937829,34.484729710009816],[-120.5013837897609,34.48473157871021],[-120.50138914935954,34.484734392890516],[-120.50139129857553,34.48473533837046],[-120.50139665817468,34.484738152550456],[-120.50139986855798,34.48474002125046]]],[[[-120.50130746645586,34.48466240394524],[-120.50130425607766,34.48466053524301],[-120.50129889648667,34.48465772105927],[-120.50129674727376,34.48465677557782],[-120.50129138768328,34.48465396139378],[-120.50128281771586,34.48464927850676],[-120.5012763700786,34.48464644206149],[-120.50127207165399,34.4846445510978],[-120.5012677732296,34.48464266013396],[-120.50126023754571,34.48463980142715],[-120.5012537630266,34.484637865941224],[-120.50124405124852,34.48463496271173],[-120.50124081398934,34.48463399496839],[-120.50123325142364,34.48463203722046],[-120.50122351276333,34.48463003494983],[-120.50121701136217,34.48462900042248],[-120.5012105099612,34.48462796589479],[-120.50120724581882,34.48462789911104],[-120.5011985683232,34.48462682006018],[-120.50119750715973,34.48462589683839],[-120.5011877416171,34.48462479552542],[-120.50117903723795,34.48462461743362],[-120.50116380457465,34.48462430577148],[-120.50115510019572,34.48462412767798],[-120.50114528088497,34.48462482828246],[-120.50114416595305,34.48462570698105],[-120.50113981376357,34.48462561793367],[-120.5011387257162,34.4846255956718],[-120.50113110938467,34.48462543983846],[-120.50112237812105,34.484626162703016],[-120.50101303567155,34.48464195565903],[-120.50100316258604,34.48464445817253],[-120.50100098649106,34.484644413646336],[-120.50100101337716,34.484643512686034],[-120.50100005976027,34.4846389856214],[-120.5009991061435,34.48463445855677],[-120.50099820629903,34.48462812957153],[-120.50099823318517,34.48462722861124],[-120.50099730645469,34.48462180058629],[-120.50099637972434,34.48461637256135],[-120.50099444560546,34.484608219392335],[-120.50099245771457,34.4846018681439],[-120.50099145032615,34.48459914299982],[-120.50098842816126,34.48459096756758],[-120.50098641338495,34.48458551727936],[-120.50098333744852,34.4845791437676],[-120.50098026151248,34.48457277025579],[-120.50097819296452,34.484569121888065],[-120.50097609753044,34.48456637448062],[-120.50098398271787,34.48455752072037],[-120.50098849622024,34.484552204011294],[-120.50099300972204,34.484546887302024],[-120.50099866504148,34.48453979093502],[-120.50100209049585,34.48453445196228],[-120.50100551594977,34.484529112989414],[-120.50100556972168,34.48452731106877],[-120.5010066846536,34.484526432371446],[-120.50101016387865,34.48451929147777],[-120.5010136431031,34.48451215058396],[-120.50101712232691,34.48450500969002],[-120.50102060155008,34.48449786879594],[-120.50102299272713,34.48449070563891],[-120.5010242689726,34.484484421179346],[-120.50102554521786,34.48447813671975],[-120.50102674080588,34.48447455514117],[-120.50102889001086,34.48447550062706],[-120.50103424958075,34.484478314821814],[-120.50104281951623,34.484482997725046],[-120.50104926713259,34.48448583418184],[-120.50105356554371,34.48448772515283],[-120.50106110120635,34.48449058387158],[-120.50106757570919,34.484492519367066],[-120.50107405021234,34.48449445486224],[-120.50107728746403,34.4844954226097],[-120.50108376196766,34.484497358104356],[-120.50108485001331,34.48449738036665],[-120.50109132451729,34.48449931586093],[-120.50109997511304,34.48450129587919],[-120.50110756454826,34.48450235267439],[-120.50111515398375,34.48450340946911],[-120.50112274341943,34.48450446626338],[-120.50112706871796,34.48450545627151],[-120.5011390103373,34.48450660211235],[-120.50114662665808,34.48450675794473],[-120.50115533102478,34.4845069360383],[-120.50116294734569,34.48450709186967],[-120.5011749427342,34.484506435786145],[-120.50117932180167,34.48450562387155],[-120.50118258593919,34.48450569065584],[-120.50130746645586,34.48466240394524]]],[[[-120.51118995903344,34.48985586537751],[-120.51118672144437,34.489854897885],[-120.51118024626645,34.48985296289973],[-120.51117053350019,34.48985006042122],[-120.5111672959116,34.4898490929282],[-120.51115973261115,34.489847135766375],[-120.51114999306418,34.48984513425278],[-120.51114349110571,34.48984410023212],[-120.51113698914745,34.489843066211144],[-120.51113372477718,34.48984299968377],[-120.51112504657236,34.48984192131053],[-120.51112398523144,34.48984099816816],[-120.51111421890363,34.48983989761827],[-120.5111055139168,34.48983972021013],[-120.51109028019005,34.48983940974442],[-120.5110815752034,34.48983923233459],[-120.51107939895677,34.489839187982035],[-120.5111206504726,34.48980667273789],[-120.51118995903344,34.48985586537751]]],[[[-120.51079590421966,34.48992626570277],[-120.51079253270254,34.48992980303115],[-120.51078350627385,34.48994043719462],[-120.51078124966631,34.48994309573536],[-120.51077785136157,34.48994753402951],[-120.51077670966447,34.48994931378294],[-120.51077331135924,34.489953752076936],[-120.51076765644518,34.48996084891127],[-120.51076423135251,34.489966188171174],[-120.51076194795714,34.489969747677726],[-120.51075966456156,34.48997330718421],[-120.5107562126813,34.48997954741006],[-120.510753875712,34.48998490884885],[-120.5107503702575,34.48999295100691],[-120.5107492017725,34.489995631726245],[-120.51074683801558,34.49000189413105],[-120.51074442068487,34.49000995846821],[-120.51074317183921,34.49001534208605],[-120.51074197656686,34.49001892377149],[-120.51073988067644,34.490016176514075],[-120.51073775799935,34.490014330222834],[-120.51073351264547,34.49001063764025],[-120.51073245130708,34.4900097144946],[-120.51073247809391,34.4900088135284],[-120.51072717140224,34.490004197799955],[-120.51071125133076,34.489990350613375],[-120.51070594464143,34.489985734884094],[-120.51069952304067,34.48998199794105],[-120.51068025824188,34.48997078711],[-120.51067383664346,34.4899670501657],[-120.51066526558394,34.48996236789484],[-120.51065881719927,34.48995953191594],[-120.5106545182764,34.48995764126317],[-120.51064698176802,34.48995478310352],[-120.5106394452602,34.48995192494345],[-120.51062973250411,34.48994902242226],[-120.51062325733382,34.48994708740771],[-120.51061893162445,34.48994609771986],[-120.51061351779089,34.489945085851375],[-120.51061245645465,34.48994416270477],[-120.51060813074558,34.48994317301655],[-120.5106070426213,34.489943150836005],[-120.51060595449704,34.48994312865544],[-120.51060486637274,34.489943106474875],[-120.5105994793278,34.489941193639666],[-120.51059730307931,34.489941149278415],[-120.51059188924638,34.48994013740901],[-120.5105864754136,34.48993912553935],[-120.51057888533259,34.4899380693079],[-120.51056694275512,34.48993692435242],[-120.51054300402377,34.48993643637017],[-120.51053538715482,34.48993628110212],[-120.51052339100043,34.48993693807455],[-120.51051901171485,34.48993775031537],[-120.51051136805675,34.48993849601187],[-120.51050701556022,34.48993840728618],[-120.5104960807403,34.489939987403396],[-120.51048949841665,34.489941656246074],[-120.51048182796859,34.48994330290673],[-120.51047415752025,34.48994494956689],[-120.51047086635809,34.48994578398767],[-120.51046099287123,34.48994828724945],[-120.51045441054636,34.48994995609018],[-120.51044671330712,34.48995250371456],[-120.5104423072302,34.489954216918576],[-120.51043569811458,34.48995678672426],[-120.51042685916968,34.48996111409724],[-120.5104202232629,34.48996458486803],[-120.51041358735557,34.489968055638435],[-120.51040915448696,34.48997066980715],[-120.51040474840842,34.48997238300971],[-120.51039590946037,34.489976710380304],[-120.5102849536804,34.490046569358164],[-120.51027826417766,34.490051842052395],[-120.51027157467408,34.49005711474623],[-120.51026042549958,34.490065902568375],[-120.51025485091148,34.49007029647903],[-120.51025482411943,34.49007119744489],[-120.51025259428398,34.490072955009076],[-120.51024924953067,34.49007559135526],[-120.51024256002337,34.49008086404732],[-120.51023807355914,34.490085280140974],[-120.51023353350985,34.49009149816614],[-120.5102290202522,34.49009681522526],[-120.51022671003841,34.49010127568642],[-120.51022445340917,34.490103934215846],[-120.51021879843918,34.49011103102213],[-120.51021537330571,34.49011637026474],[-120.51021308988315,34.49011992975974],[-120.51020963795634,34.490126169967986],[-120.51020730094801,34.49013153139449],[-120.51020496393936,34.490136892820935],[-120.51020379543492,34.49013957353414],[-120.51020143163312,34.490145835926306],[-120.51019906783091,34.49015209831841],[-120.51019673082108,34.49015745974463],[-120.5101942866398,34.49016642503401],[-120.51019417946861,34.49017002889724],[-120.51019290379205,34.49017631347349],[-120.51019162811528,34.49018259804972],[-120.51019043281683,34.49018617972853],[-120.51018904996816,34.490196068167904],[-120.51007165577329,34.490226129145846],[-120.51006507341975,34.49022779796422],[-120.51006069411537,34.4902286101877],[-120.51004970566244,34.49023199219423],[-120.5100430965136,34.49023456197708],[-120.51003648736436,34.49023713175956],[-120.51002987821475,34.49023970154164],[-120.51002103921992,34.490244028882856],[-120.510018809375,34.4902457864423],[-120.50999890153648,34.49025619868138],[-120.50999226558925,34.49025966942697],[-120.50998669097426,34.49026406332407],[-120.50996439250848,34.49028163890967],[-120.50995881789058,34.49028603280536],[-120.50995430460486,34.49029134985296],[-120.50994076474414,34.49030730099455],[-120.50993625145607,34.490312618041365],[-120.50993173816742,34.49031793508799],[-120.50987946015636,34.49039169462774],[-120.50987619576784,34.49039162806586],[-120.50986749073189,34.49039145056706],[-120.5098576707699,34.490392151845725],[-120.50985655584377,34.49039303062378],[-120.50985220332578,34.490392941873765],[-120.50985111519628,34.490392919686236],[-120.50984349828984,34.49039276437326],[-120.5098347664571,34.49039348783766],[-120.50972541755286,34.49040928833024],[-120.50971554399192,34.49041179152821],[-120.5097111646752,34.490412603738555],[-120.5097045823008,34.4904142725365],[-120.5097012911135,34.49041510693533],[-120.50969141755127,34.490417610131274],[-120.50968483517616,34.49041927892812],[-120.50967713787247,34.49042182650091],[-120.50967273175625,34.49042353967525],[-120.50966832563986,34.49042525284944],[-120.50966171646498,34.49042782261038],[-120.5096528774323,34.490432149923116],[-120.50964735638631,34.490434741872555],[-120.5096451533276,34.49043559845918],[-120.50963963228115,34.49043819040826],[-120.5096363142933,34.490439925770644],[-120.50962304234055,34.49044686721925],[-120.5096164063634,34.490450337942974],[-120.50961083171642,34.49045473182138],[-120.50958853312271,34.49047230733217],[-120.50958741819277,34.49047318610761],[-120.50958526873178,34.49047224076238],[-120.5095831460705,34.49047039445178],[-120.50957887394854,34.490467602795846],[-120.50957783941773,34.490465778675166],[-120.50957250596579,34.490462063863674],[-120.50956393492383,34.490457381516286],[-120.50955857467312,34.49045456766955],[-120.5095532144228,34.49045175382258],[-120.50955106496276,34.49045080847681],[-120.50954570471295,34.49044799462955],[-120.50953713367402,34.490443312280405],[-120.5095306852953,34.490440476242156],[-120.50952638637642,34.490438585549796],[-120.50952208745773,34.49043669485731],[-120.50951455095033,34.49043383662776],[-120.50950483818407,34.490430934016516],[-120.50949836300694,34.49042899894193],[-120.50949403728887,34.49042800921378],[-120.50948862344123,34.49042699729471],[-120.50948756211224,34.490426074138654],[-120.50948323639447,34.490425084410134],[-120.50948214826487,34.490425062219295],[-120.50948106013524,34.49042504002845],[-120.50947997200564,34.4904250178376],[-120.50947458495921,34.49042310495265],[-120.50947240870006,34.49042306057082],[-120.50946699485308,34.490422048650814],[-120.50946158100624,34.49042103673058],[-120.50945399090052,34.49041998042796],[-120.50944204827702,34.490418835360174],[-120.50943987201805,34.49041879097777],[-120.50943772256024,34.49041784563008],[-120.50943230871411,34.49041683370857],[-120.5091921218227,34.490328996025305],[-120.50919217543016,34.490327194095116],[-120.5091933707731,34.49032361242809],[-120.5091947537418,34.49031372400539],[-120.50919494136758,34.4903074172497],[-120.50919512899328,34.490301110494016],[-120.50919531661896,34.490294803738315],[-120.50919452333163,34.49028487092889],[-120.50919354241877,34.49028124487515],[-120.509192641917,34.49027491592612],[-120.50919174141532,34.49026858697707],[-120.50919184863002,34.49026498311667],[-120.50918994041233,34.49025592907897],[-120.50918792498018,34.49025047890165],[-120.50918593635201,34.490244127759205],[-120.50918492863619,34.49024140267053],[-120.50918190548902,34.49023322740444],[-120.50917989005787,34.49022777722702],[-120.50917782101942,34.490224128979776],[-120.50918211991893,34.49022601968364],[-120.5091896563954,34.49022887793251],[-120.50919613154915,34.49023081302255],[-120.50920584428034,34.49023371565698],[-120.50920908185759,34.490234683201635],[-120.50921664513922,34.49023664048378],[-120.50922638467519,34.49023864215151],[-120.50923288663384,34.490239676274534],[-120.50923938859269,34.490240710397224],[-120.50924265297374,34.490240776975874],[-120.50925133118689,34.490241855483646],[-120.50925239251093,34.49024277864157],[-120.50926215885153,34.49024387934137],[-120.50927086386814,34.49024405688262],[-120.50928609764739,34.49024436757832],[-120.50929480266421,34.49024454511787],[-120.50930462261066,34.49024384388393],[-120.50930573754019,34.49024296511106],[-120.50931446935931,34.490242241684015],[-120.50931773374059,34.49024230826066],[-120.50932428930543,34.49024154044848],[-120.50933084487016,34.49024077263595],[-120.50934069161808,34.490239170433874],[-120.50934836211155,34.490237523847156],[-120.50935165329467,34.490236689457674],[-120.50936152684365,34.49023418628867],[-120.5093681092093,34.490232517508865],[-120.50937580650339,34.49022996995515],[-120.50938021261456,34.4902282567913],[-120.50938461872556,34.49022654362727],[-120.50939122789173,34.490223973880944],[-120.50940006691407,34.490219646586645],[-120.5094055879524,34.49021705464803],[-120.50940779100739,34.49021619806555],[-120.5094133120453,34.49021360612657],[-120.5094166300281,34.49021187077],[-120.50942990195803,34.49020492934271],[-120.5094365379222,34.49020145862851],[-120.50944211256011,34.49019706475757],[-120.50946441110588,34.49017948927096],[-120.50946998574086,34.490175095398584],[-120.5094744990495,34.49016977836987],[-120.50948352566503,34.49015914431186],[-120.50952865870761,34.49010597401004],[-120.50953091535823,34.49010331549443],[-120.50953431373375,34.49009887723825],[-120.50953545545876,34.49009709749772],[-120.50953885383379,34.490092659241384],[-120.5095445088581,34.49008556246903],[-120.50954793403181,34.49008022324702],[-120.50955021748072,34.49007666376563],[-120.50955250092939,34.490073104284164],[-120.5095559529016,34.49006686409649],[-120.50955828994883,34.490061502684135],[-120.50956179551902,34.49005346056548],[-120.50956296404226,34.49005077985923],[-120.50956532788796,34.4900445174813],[-120.50956774533205,34.49003645317251],[-120.509568994253,34.49003106956999],[-120.50957024317375,34.49002568596745],[-120.50957032357181,34.490022983071256],[-120.50957162609102,34.490015797537886],[-120.50957274101471,34.49001491876229],[-120.5095740703328,34.49000683226347],[-120.50957428472718,34.489999624540246],[-120.50957465991713,34.48998701102457],[-120.50957487431131,34.489979803301324],[-120.50957402738086,34.4899716724229],[-120.50957296605634,34.48997074926771],[-120.50957209232682,34.48996351935468],[-120.50957217272465,34.489960816458456],[-120.50957124539671,34.48995538847623],[-120.50957031806887,34.489949960493995],[-120.50956838301556,34.48994180742572],[-120.50956639436397,34.48993545628826],[-120.50956538663863,34.48993273120222],[-120.50956236346293,34.48992455594406],[-120.50956034801278,34.48991910577192],[-120.50955727123922,34.48991273244448],[-120.50955520219084,34.48990908420308],[-120.50955313314262,34.489905435961646],[-120.50955002957059,34.489899963599456],[-120.50954480335245,34.48989264492644],[-120.50954167298188,34.489888073529464],[-120.5095406384583,34.48988624940868],[-120.5095375080882,34.4898816780116],[-120.50953541224177,34.489878930735316],[-120.50952702885745,34.489867941629875],[-120.50952283716609,34.48986244707696],[-120.50951753055327,34.489857831299105],[-120.50949630410774,34.489839368185635],[-120.50949099749782,34.48983475240673],[-120.50948457596652,34.48983101540252],[-120.50947173290568,34.48982354139315],[-120.50946852214084,34.48982167289062],[-120.50946316193298,34.489818859041314],[-120.50946101248988,34.489817913694615],[-120.50945565228253,34.48981509984502],[-120.50944708131163,34.48981041749213],[-120.5094406329837,34.489807581451096],[-120.50943633409867,34.48980569075691],[-120.50943203521383,34.48980380006256],[-120.5094244987655,34.48980094182979],[-120.50941802363833,34.489799006752946],[-120.50940831094822,34.489796104137085],[-120.50940507338498,34.489795136598296],[-120.50939751013748,34.48979317932922],[-120.50938777064773,34.489791177677084],[-120.50938126872113,34.48979014356367],[-120.50937476679472,34.489789109449916],[-120.50937150243097,34.48978904287556],[-120.5093628242623,34.48978796437822],[-120.50936176294245,34.48978704122138],[-120.50935199665298,34.48978594053174],[-120.50934329168344,34.489785762998316],[-120.5093280579869,34.489785452313356],[-120.50931935301756,34.489785274778235],[-120.50930953312523,34.489785976015725],[-120.50930841820212,34.48978685478897],[-120.50930406571744,34.48978676602077],[-120.50930297759628,34.4897867438287],[-120.50929536074813,34.489786588483945],[-120.50928662897674,34.489787311911726],[-120.50919585927082,34.489800786331976],[-120.50919933805957,34.48979364518964],[-120.50920050659008,34.489790964487106],[-120.50920287045389,34.4897847021168],[-120.50920528792338,34.48977663781607],[-120.50920653686246,34.48977125421789],[-120.50920778580135,34.4897658706197],[-120.50920786621036,34.489763167724135],[-120.50920916875498,34.489755982195526],[-120.50921028367863,34.489755103423235],[-120.5092116130258,34.489747016929385],[-120.50921182744926,34.48973980920785],[-120.50921220269016,34.48972719569512],[-120.50921241711343,34.48971998797354],[-120.50921157021938,34.48971185709393],[-120.5092105089022,34.48971093393588],[-120.50920963520545,34.48970370402145],[-120.5092097156142,34.489701001125844],[-120.50920878831175,34.48969557314181],[-120.50920786100941,34.48969014515775],[-120.5092059259962,34.48968199208522],[-120.50920393737744,34.48967564094307],[-120.50920292966669,34.48967291585458],[-120.50919990653475,34.489664740589056],[-120.50919789111376,34.48965929041201],[-120.5091948143767,34.48965291707679],[-120.50919274535022,34.48964926883007],[-120.5091906763239,34.48964562058331],[-120.50918757278473,34.48964014821314],[-120.50918234661405,34.4896328295264],[-120.50917921627273,34.48962825812123],[-120.50917818176006,34.48962643399777],[-120.50917505141916,34.489621862592514],[-120.50917295559103,34.48961911531069],[-120.50916457227976,34.489608126183114],[-120.50916038062492,34.48960263161914],[-120.50915507404866,34.48959801582693],[-120.50913384774938,34.48957955265601],[-120.50912854117604,34.48957493686276],[-120.50912211968135,34.489571199840896],[-120.5091092766937,34.489563725796245],[-120.50910606594717,34.48956185728487],[-120.50910070576859,34.4895590434208],[-120.50909855633645,34.48955809806814],[-120.5090931961584,34.48955528420376],[-120.50908462523509,34.48955060182728],[-120.50907817694011,34.48954776576839],[-120.50907387807706,34.489545875062284],[-120.50906957921418,34.48954398435603],[-120.5090620428025,34.48954112610232],[-120.50905556770468,34.4895391910074],[-120.50904585505855,34.48953628836443],[-120.50904261750998,34.4895353208166],[-120.50903505429547,34.4895333635264],[-120.50902531484606,34.48953136184693],[-120.50901881294517,34.48953032771523],[-120.50901231104443,34.489529293583196],[-120.5090090466917,34.48952922699959],[-120.50900036855609,34.489528148477824],[-120.50899930724351,34.48952722531812],[-120.50898954099075,34.48952612460094],[-120.50898083605063,34.48952594704287],[-120.50896560240554,34.48952563631475],[-120.50895689746562,34.489525458754976],[-120.5089470776027,34.48952615996452],[-120.50894596267965,34.48952703873447],[-120.50894161020966,34.48952694995395],[-120.50894052209216,34.4895269277588],[-120.50893290526975,34.489526772392466],[-120.5089241735241,34.489527495795365],[-120.50881482564156,34.48954329551568],[-120.50880495216185,34.48954579864355],[-120.5088005728842,34.48954661082291],[-120.50879399056399,34.48954827957412],[-120.50879069940378,34.489549113949586],[-120.50878082592277,34.489551617075435],[-120.5087742436018,34.48955328582554],[-120.50876654635537,34.48955583334348],[-120.50876214026933,34.489557546486346],[-120.50875773418309,34.489559259629026],[-120.50875112505344,34.48956182934273],[-120.50874228607216,34.48956615659201],[-120.50873676505938,34.489568748501846],[-120.50873456201576,34.48956960507273],[-120.50872904100254,34.489572196982195],[-120.50872572303282,34.489573932320724],[-120.50871245115273,34.48958087367387],[-120.50870581521187,34.48958434434986],[-120.5087002405803,34.48958873818768],[-120.50867794204808,34.48960631353607],[-120.50867236741358,34.48961070737246],[-120.50866785408822,34.489616024371045],[-120.5086588274358,34.48962665836763],[-120.50865657077233,34.48962931686667],[-120.50865317237243,34.489633755097515],[-120.50865203063611,34.48963553482938],[-120.5086486322357,34.489639973060086],[-120.50864297717052,34.489647069789406],[-120.50863955196014,34.489652408984625],[-120.50863726848634,34.48965596844804],[-120.50863498501229,34.48965952791141],[-120.50863153299177,34.48966576807114],[-120.50862919589895,34.48967112946397],[-120.50862569025914,34.48967917155311],[-120.50862452171238,34.489681852249454],[-120.50862215780938,34.4896881146069],[-120.5086197402875,34.489696178893865],[-120.50861849131246,34.4897015624845],[-120.50861724233727,34.48970694607512],[-120.50861716190938,34.4897096489695],[-120.5086158593153,34.489716834489656],[-120.50861474438628,34.48971771325629],[-120.50861341498246,34.48972579974119],[-120.50861320050761,34.48973300745947],[-120.50861282517646,34.48974562096642],[-120.5086126107014,34.48975282868466],[-120.50861345753714,34.4897609595659],[-120.50861451884803,34.48976188272888],[-120.50861539249335,34.48976911264529],[-120.50861531206525,34.489771815539626],[-120.50861623932941,34.48977724352649],[-120.50861716659372,34.48978267151335],[-120.50861910155068,34.48979082459272],[-120.50862109012664,34.489797175742495],[-120.5086220978194,34.48979990083499],[-120.50862512089799,34.48980807611241],[-120.50862713628405,34.489813526297326],[-120.5086302129821,34.48981989964509],[-120.5086322819872,34.48982354790037],[-120.50863435099248,34.48982719615563],[-120.50863745450071,34.48983266853846],[-120.50864268063364,34.48983998724678],[-120.508645810952,34.48984455866464],[-120.50864684545515,34.48984638279217],[-120.50864997577396,34.48985095420995],[-120.50865207158968,34.48985370150017],[-120.50866045485398,34.489864690660696],[-120.50866464648695,34.48987018524078],[-120.50866995305114,34.489874801053695],[-120.50869117931369,34.48989326430329],[-120.50869648588079,34.489897880115166],[-120.50870290737922,34.48990161715952],[-120.50871575037783,34.48990909124725],[-120.50877996540592,34.48994646166699],[-120.50878317615884,34.48994833018715],[-120.50878853634997,34.48995114406562],[-120.50879068578806,34.489952089423966],[-120.50879604597968,34.48995490330212],[-120.50880461692554,34.4899595856997],[-120.50881106524118,34.48996242177384],[-120.50881536411853,34.48996431248976],[-120.50881966299609,34.489966203205526],[-120.50882719943593,34.48996906147534],[-120.50883367456034,34.48997099658345],[-120.50884338724757,34.489973899245],[-120.50884662481012,34.48997486679869],[-120.50885418805875,34.48997682410198],[-120.50886392755436,34.48997882579704],[-120.50887042948735,34.489979859938344],[-120.5088769314205,34.4899808940793],[-120.50888019579052,34.4899809606672],[-120.50888887397065,34.48998203919941],[-120.50888993528736,34.489982962360216],[-120.50889970159123,34.48998406308754],[-120.50890840657844,34.48998424065344],[-120.50892364030624,34.4899845513923],[-120.50893234529367,34.48998472895649],[-120.50894216521068,34.48998402775051],[-120.50894328014019,34.489983148980926],[-120.50895201193356,34.48998242557875],[-120.50895527630382,34.48998249216464],[-120.50896183185023,34.48998172437117],[-120.50896838739655,34.48998095657734],[-120.50897714599529,34.48997933220834],[-120.5089758702319,34.489985616768216],[-120.50897565578616,34.489992824488176],[-120.50897528050595,34.49000543799809],[-120.50897506606,34.49001264571801],[-120.50897591293214,34.49002077659805],[-120.50897697425034,34.49002169975815],[-120.50897784792843,34.490028929673194],[-120.50897776751124,34.49003163256816],[-120.50897869480094,34.490037060553206],[-120.50897962209072,34.49004248853824],[-120.50898155708776,34.49005064161333],[-120.50898354569652,34.49005699275842],[-120.50898455340388,34.49005971784845],[-120.50898558791695,34.490061541973496],[-120.50897704375585,34.490055958622825],[-120.50897598243724,34.49005503546271],[-120.5089717103572,34.49005224378714],[-120.50896849959591,34.4900503752716],[-120.50896207807374,34.49004663824033],[-120.50894923503117,34.49003916417679],[-120.50894066406869,34.490034481788726],[-120.50893421574281,34.49003164572104],[-120.50892991685916,34.490029755009054],[-120.50892238041008,34.49002689674523],[-120.50891590527905,34.49002496164156],[-120.50890619258315,34.490022058985446],[-120.508902955018,34.49002109143324],[-120.5088953917641,34.490019134132744],[-120.50888782851057,34.49001717683181],[-120.50888135338121,34.490015241726375],[-120.50887052575716,34.49001321783647],[-120.50886617326218,34.49001312905219],[-120.50885858320297,34.4900120727144],[-120.50885425751513,34.49001108296477],[-120.50884231496157,34.49000993784112],[-120.50883469809581,34.49000978246677],[-120.50881184749886,34.49000931634087],[-120.50879985133113,34.49000997314283],[-120.5087922076579,34.490010718730694],[-120.50878674023186,34.49001150871169],[-120.50878127280573,34.490012298692434],[-120.50877909655843,34.49001225429873],[-120.50877360232431,34.490013945243966],[-120.50877251420061,34.49001392304705],[-120.50877142607693,34.49001390085012],[-120.50877033795325,34.49001387865317],[-120.50876595865057,34.49001469083017],[-120.50875937629236,34.490016359577766],[-120.50875499698944,34.49001717175435],[-120.50874841463084,34.490018840501335],[-120.50873854109248,34.49002134362114],[-120.50873084380113,34.49002389113475],[-120.50872314650933,34.490026438647824],[-120.5087187403971,34.49002815178789],[-120.50871213122842,34.490030721497654],[-120.50870329219423,34.49003504874157],[-120.5086966562158,34.49003851941524],[-120.50867674827734,34.490048931433975],[-120.50867011229678,34.490052402106116],[-120.50866453763068,34.49005679594055],[-120.5085976415919,34.49010952193176],[-120.50859206691823,34.490113915762514],[-120.5085875535588,34.490119232756335],[-120.5085785268382,34.49012986674339],[-120.50857627015769,34.490132525240035],[-120.50857287173156,34.49013696346726],[-120.508571729986,34.49013874319786],[-120.50856833155936,34.49014318142493],[-120.50856267645091,34.49015027814824],[-120.50855925121292,34.49015561733968],[-120.50855696772068,34.490159176800596],[-120.50855468422824,34.490162736261446],[-120.50855123217875,34.49016897641729],[-120.50854889506479,34.49017433780734],[-120.50854655795052,34.490179699197355],[-120.50854422083592,34.49018506058729],[-120.50854188372101,34.49019042197716],[-120.50853949298454,34.49019758529631],[-120.50853821718424,34.49020386984984],[-120.5085369413837,34.49021015440335],[-120.50853566558297,34.49021643895682],[-120.50853447021409,34.490220020616306],[-120.50853308717008,34.49022990902836],[-120.50851848574348,34.490244936837165],[-120.50851511412036,34.49024847409773],[-120.50851285743447,34.49025113259293],[-120.50850834406226,34.49025644958317],[-120.50850383068945,34.490261766573234],[-120.50850160081391,34.490263524103554],[-120.50849594569121,34.49027062082303],[-120.50849252044368,34.490275960012106],[-120.5084890951957,34.49028129920108],[-120.5084868116968,34.490284858660324],[-120.50848335963673,34.4902910988137],[-120.5084810225146,34.49029646020204],[-120.50847868539215,34.49030182159031],[-120.50847751683082,34.49030450228442],[-120.50847515289645,34.49031076463719],[-120.50847278896173,34.4903170269899],[-120.50847045183811,34.49032238837795],[-120.50846800746808,34.49033135362433],[-120.50846790022199,34.4903349574827],[-120.50846662441361,34.490341242035036],[-120.5084654290397,34.49034482369357],[-120.50846404598461,34.4903547121042],[-120.50846385830346,34.490361018856326],[-120.50846294670852,34.49039165165225],[-120.50846275902707,34.49039795840432],[-120.50846355222744,34.49040789121463],[-120.50846453310943,34.490411517272854],[-120.50846543355662,34.490417846224815],[-120.50846532631007,34.49042145008313],[-120.50846723445129,34.490430504128696],[-120.5084692498393,34.490435954315934],[-120.50847123841598,34.49044230546772],[-120.5084722461102,34.49044503056131],[-120.50847526919326,34.49045320584204],[-120.50847728458226,34.490458656029155],[-120.50848036128929,34.49046502938062],[-120.50848343799674,34.49047140273203],[-120.5084855070096,34.490475050989865],[-120.50849067954252,34.490484171634336],[-120.5084937830628,34.49048964402093],[-120.50849900922017,34.490496962735925],[-120.50850113185696,34.49049880906438],[-120.50850951516006,34.49050979823617],[-120.50851370681241,34.49051529282187],[-120.50851901340653,34.49051990864232],[-120.5085402397888,34.49053837192205],[-120.50854554638582,34.49054298774148],[-120.50855194111385,34.49054762575986],[-120.50855621320322,34.490550417450414],[-120.50856369606295,34.4905550776674],[-120.50857120573416,34.49055883691932],[-120.50857871540609,34.490562596170804],[-120.50858195298751,34.49056356373227],[-120.50858731320939,34.49056637762074],[-120.50858837452965,34.490567300784264],[-120.50859052398064,34.49056824614664],[-120.50859267343168,34.49056919150898],[-120.50859376156241,34.49056921370781],[-120.50860127123633,34.49057297295799],[-120.50860989585203,34.49057585344177],[-120.50861852046837,34.490578733924956],[-120.50862390750264,34.490580646847235],[-120.50863147079906,34.49058260416631],[-120.50863903409588,34.49058456148494],[-120.50864550926204,34.49058649660473],[-120.50865633695268,34.4905885205174],[-120.50866068947688,34.49058860931045],[-120.50866827958464,34.49058966566262],[-120.50867586969261,34.49059072201432],[-120.50868019540748,34.49059171177138],[-120.50869213804037,34.4905928569143],[-120.50869975495833,34.49059301229983],[-120.50870737187631,34.49059316768488],[-120.5087149887944,34.490593323069454],[-120.5087269850462,34.49059266627953],[-120.50873136437977,34.490591854105354],[-120.50873900810673,34.49059110852368],[-120.50874336063134,34.49059119731379],[-120.50875429556031,34.49058961735889],[-120.50876087796445,34.49058794861367],[-120.50876854849945,34.49058630206537],[-120.50876963663056,34.490586324262644],[-120.50877175927576,34.49058817058671],[-120.50890923792419,34.490761360700574],[-120.50891762130681,34.49077234984737],[-120.5089218129989,34.49077784442058],[-120.50892711963239,34.4907824602248],[-120.50894834617216,34.49080092343963],[-120.50895365280853,34.49080553924281],[-120.5089600743864,34.49080927627663],[-120.50897291754391,34.49081675034333],[-120.50897933912351,34.4908204873762],[-120.50898576070371,34.490824224408755],[-120.50899433174702,34.49082890679672],[-120.50900078013487,34.49083174286365],[-120.50900507906034,34.49083363357476],[-120.5090126155835,34.490836491836404],[-120.50901909077868,34.49083842693752],[-120.50902880357206,34.490841329588584],[-120.50903204117002,34.49084229713878],[-120.50903960450086,34.49084425443391],[-120.50904716783208,34.490846211728616],[-120.5090536430289,34.490848146827965],[-120.5090644707652,34.49085017070624],[-120.50906882330433,34.49085025948534],[-120.50907641344239,34.49085131581333],[-120.50908073917616,34.490852305556956],[-120.50909268185396,34.49085345066248],[-120.50909921066308,34.490853583829576],[-120.50909918385783,34.49085448479453],[-120.50910226062584,34.49086085813262],[-120.50910533739432,34.49086723147066],[-120.50910740644369,34.490870879719346],[-120.50911051001803,34.490876352092315],[-120.50911573625301,34.49088367078387],[-120.50911992796368,34.49088916535099],[-120.50912411967487,34.49089465991798],[-120.5091283113866,34.49090015448485],[-120.50913250309888,34.490905649051584],[-120.50913780975223,34.49091026484742],[-120.50915903637144,34.49092872802866],[-120.50916434302769,34.49093334382346],[-120.50917073782055,34.490937981811946],[-120.50917715941863,34.490941718835124],[-120.5091835810173,34.490945455858004],[-120.50919000261653,34.49094919288055],[-120.50919642421637,34.49095292990278],[-120.50920499528512,34.490957612276944],[-120.50921144369045,34.49096044833345],[-120.50921789209622,34.49096328438961],[-120.50922006836898,34.490963328776566],[-120.50922112970133,34.490964251935054],[-120.50922542863887,34.490966142638875],[-120.50923511465109,34.49096994623943],[-120.50924050172581,34.490971859136096],[-120.5094433293002,34.49103459404047],[-120.50943465100212,34.491033515542824],[-120.5094335896665,34.491032592386055],[-120.50942382323139,34.49103149169601],[-120.50941511813194,34.491031314162136],[-120.5093998842081,34.49103100347635],[-120.50939117910886,34.49103082594076],[-120.50938135906989,34.49103152717761],[-120.50938024413009,34.49103240595065],[-120.50937589158045,34.49103231718224],[-120.50937480344305,34.4910322949901],[-120.50936718648124,34.49103213964493],[-120.50935845457947,34.4910328630721],[-120.50924910476898,34.491048663096315],[-120.50923923111957,34.49105116625162],[-120.50923485176543,34.49105197844316],[-120.50922826933206,34.49105364721267],[-120.50922497811527,34.49105448159727],[-120.50921510446456,34.491056984750564],[-120.50920852203045,34.49105865351898],[-120.50920082465412,34.491061201058294],[-120.50919641849475,34.4910629142134],[-120.5091920123352,34.49106462736833],[-120.50918540309556,34.49106719710043],[-120.5091765639708,34.491071524374256],[-120.50917104286793,34.49107411629943],[-120.50916883978766,34.491074972876454],[-120.50916331868436,34.49107756480126],[-120.50916000066127,34.491079300149],[-120.50914672856752,34.491086241539044],[-120.50914009251984,34.491089712233475],[-120.5091345178045,34.491094106086784],[-120.50911221893733,34.49111168149718],[-120.50910664421907,34.49111607534907],[-120.50910213083309,34.4911213923602],[-120.50909310405932,34.49113202638189],[-120.50909084736548,34.491134684887186],[-120.50908744892169,34.491139123127496],[-120.50908630717177,34.49114090286253],[-120.50908290872744,34.4911453411027],[-120.50907725358802,34.49115243784774],[-120.50907382833688,34.491157777052486],[-120.50907154483589,34.49116133652225],[-120.50906926133467,34.491164895991965],[-120.50906580927656,34.49117113616131],[-120.50906347216291,34.49117649756065],[-120.50905996649182,34.491184539659535],[-120.50905879793463,34.49118722035912],[-120.50905643401396,34.491193482723155],[-120.50905401648073,34.49120154701684],[-120.50905276750477,34.491206930610964],[-120.50905151852862,34.491212314205065],[-120.50905143811023,34.491215017099655],[-120.50905013552155,34.491222202623455],[-120.50904902057579,34.49122308139318],[-120.50904769118054,34.491231167881786],[-120.50904747673101,34.491238375600666],[-120.50904710144412,34.491250989108686],[-120.5090468869944,34.491258196827545],[-120.5090477338785,34.49126632770642],[-120.50904879521246,34.491267250866464],[-120.509049668903,34.49127448078047],[-120.50904958848439,34.49127718367503],[-120.50905051578746,34.49128261165934],[-120.50905144309066,34.49128803964363],[-120.5090533781159,34.491296192717606],[-120.50905536675381,34.49130254386188],[-120.50905637447597,34.491305268951564],[-120.5090593976428,34.491313444220594],[-120.50906141308765,34.49131889439993],[-120.50906448986758,34.49132526773915],[-120.50906655892517,34.49132891598868],[-120.50906862798293,34.49133256423821],[-120.50907173156992,34.491338036612426],[-120.5090769578277,34.49134535530624],[-120.5090800882216,34.491349926715415],[-120.50908112275098,34.49135175084007],[-120.50908425314533,34.49135632224914],[-120.50908634901039,34.49135906953354],[-120.50909473247197,34.49137005867078],[-120.50909892420356,34.49137555323923],[-120.50910423088311,34.49138016903741],[-120.50911587877461,34.491391224757564],[-120.50902075472501,34.49140461018913],[-120.50901088102728,34.49140711332371],[-120.50900650165258,34.49140792550611],[-120.50899991918696,34.49140959426179],[-120.50899662795408,34.4914104286395],[-120.50898675425503,34.49141293177207],[-120.5089801717887,34.49141460052665],[-120.50897247437288,34.49141714804973],[-120.50896806819016,34.49141886119549],[-120.50896366200722,34.49142057434107],[-120.50895705273255,34.49142314405913],[-120.50894821355824,34.49142747131406],[-120.5089426924248,34.491430063227455],[-120.50894160428258,34.491430041031236],[-120.50894048933283,34.49143091979976],[-120.50888910537681,34.49143798524905],[-120.50887923167178,34.49144048837263],[-120.50887485229437,34.49144130055016],[-120.50886826982392,34.491442969298504],[-120.50886497858858,34.49144380367254],[-120.50885510488229,34.49144630679411],[-120.5088485224111,34.491447975541355],[-120.50884082498867,34.49145052305581],[-120.5088364188017,34.49145223619661],[-120.50883201261462,34.49145394933724],[-120.50882540333365,34.491456519047865],[-120.5088165641495,34.491460846292796],[-120.5088110430101,34.49146343819995],[-120.50880883991603,34.4914642947698],[-120.50880331877615,34.49146688667658],[-120.50880000073025,34.49146862201345],[-120.5087867285453,34.49147556335996],[-120.50878009245203,34.491479034032636],[-120.5087745176916,34.491483427867294],[-120.50875221864403,34.491501003203126],[-120.50874664388067,34.49150539703638],[-120.50874213045006,34.49151071403199],[-120.50873310358709,34.49152134802264],[-120.50873084687098,34.49152400652017],[-120.50872744839158,34.49152844474868],[-120.50872630662838,34.491530224479696],[-120.50872290814848,34.49153466270806],[-120.50871725295117,34.49154175943355],[-120.5087138276602,34.491547098626185],[-120.50871154413264,34.49155065808789],[-120.50870926060487,34.491554217549535],[-120.50870580850265,34.49156045770648],[-120.5087034713539,34.49156581909714],[-120.5086999656302,34.49157386118301],[-120.50869879705546,34.49157654187828],[-120.50869643309544,34.49158280423332],[-120.50869401551435,34.49159086851743],[-120.50869276650806,34.49159625210629],[-120.50869151750159,34.49160163569513],[-120.5086914370704,34.49160433858883],[-120.50869013444286,34.49161152410675],[-120.50868901948809,34.49161240287276],[-120.50868769004971,34.49162048935519],[-120.50868760961838,34.49162319224886],[-120.50868113437237,34.49162125712808],[-120.50867789674948,34.49162028956758],[-120.50867033335953,34.491618332247555],[-120.50866059368114,34.491616330529475],[-120.50865409162557,34.49161529637184],[-120.50864758957019,34.49161426221387],[-120.50864650142584,34.49161424001493],[-120.50863891122631,34.49161318365755],[-120.50863349731566,34.49161217169786],[-120.50862808340511,34.491611159737914],[-120.50861614062904,34.49161001458264],[-120.50860852361912,34.491609859187925],[-120.50860090660925,34.49160970379272],[-120.50859220145516,34.49160952619762],[-120.50858238134535,34.491610227366884],[-120.50858126638951,34.491611106131856],[-120.50857253442375,34.49161182949981],[-120.50856926999096,34.491611762900966],[-120.5085627143136,34.49161253066748],[-120.50855615863617,34.49161329843363],[-120.50854631171381,34.49161490056442],[-120.50853864107975,34.49161654709423],[-120.50853097044542,34.491618193623545],[-120.50852767920031,34.49161902798803],[-120.5085178054646,34.4916215310809],[-120.50851122297385,34.49162319980903],[-120.50850352552602,34.491625747300986],[-120.5084991193235,34.491627460428866],[-120.5084947131208,34.49162917355657],[-120.50836252695971,34.49168056731002],[-120.5083559176476,34.49168313699376],[-120.50835259958431,34.49168487231761],[-120.50834487531232,34.49168832076341],[-120.50833715103968,34.491691769208686],[-120.50832939995205,34.491696118617746],[-120.50832494011372,34.4916996336676],[-120.50832382515406,34.491700512430036],[-120.50831939212975,34.491703126515354],[-120.5083138709599,34.49170571839857],[-120.50830720801513,34.49171009000805],[-120.50830163321507,34.491714483819216],[-120.50829605841442,34.491718877630106],[-120.50829045679835,34.49172417240496],[-120.50829042998353,34.491725073369246],[-120.50828820006282,34.4917268308934],[-120.50828485518159,34.491729467179546],[-120.50827928037904,34.491733860989584],[-120.5082747669066,34.491739177965904],[-120.50827025343355,34.49174449494203],[-120.50826573995994,34.49174981191798],[-120.5082612264857,34.491755128893715],[-120.5082555712345,34.49176222559524],[-120.50825214590496,34.49176756477308],[-120.50824986235169,34.49177112422491],[-120.50824641020606,34.4917773643668],[-120.5082429580599,34.49178360450855],[-120.5082406208749,34.49178896588861],[-120.50823711509683,34.491797007958596],[-120.50823594650399,34.49179968864855],[-120.50823358250253,34.49180595099264],[-120.50823124531625,34.491811312372455],[-120.50822880086731,34.49182027760906],[-120.50822869360496,34.491823881465905],[-120.5082261418928,34.49183645055924],[-120.50822494648334,34.49184003221325],[-120.5082235633641,34.491849920616666],[-120.50822337565438,34.4918562273661],[-120.50822318794461,34.49186253411552],[-120.50822300023475,34.4918688408649],[-120.5082237934095,34.491878773673974],[-120.50822480110988,34.49188149876942],[-120.50822477429419,34.49188239973363],[-120.50822368614669,34.49188237753078],[-120.5082170231829,34.4918867491344],[-120.50821144836598,34.491891142940624],[-120.50820587354852,34.49189553674656],[-120.50820029873043,34.491899930552215],[-120.50819469709575,34.49190522532176],[-120.50819358213192,34.4919061040828],[-120.50818909546035,34.491910520091004],[-120.5081868387163,34.49191317857713],[-120.5081846087883,34.49191493609902],[-120.50818009529954,34.49192025307103],[-120.5081755818102,34.49192557004284],[-120.50817106832028,34.491930887014455],[-120.50816655482978,34.49193620398586],[-120.50816089955761,34.49194330068192],[-120.50815747421406,34.49194863985639],[-120.50815519065145,34.49195219930596],[-120.50815288027208,34.49195665971962],[-120.50814945492742,34.49196199889381],[-120.50810324727917,34.49205120715333],[-120.50810088325963,34.492057469493886],[-120.50809851923972,34.49206373183437],[-120.50809615521945,34.49206999417479],[-120.50809379119877,34.49207625651514],[-120.50809145399506,34.492081617891344],[-120.5080890095216,34.4920905831238],[-120.50808890225215,34.4920941869801],[-120.50808762638037,34.49210047152443],[-120.50808643096057,34.49210405317652],[-120.50808504781872,34.492113941577095],[-120.50808486009673,34.49212024832557],[-120.50808445783508,34.49213376278657],[-120.50808427011292,34.49214006953504],[-120.50808506327166,34.492150002344005],[-120.50808604415272,34.49215362840451],[-120.50808694458148,34.492159957357195],[-120.50808683731168,34.49216356121345],[-120.50808874543938,34.49217261526255],[-120.50809076083713,34.49217806545536],[-120.50809274941774,34.492184416612226],[-120.50809375711684,34.492187141708605],[-120.5080967802145,34.49219531699772],[-120.50809879561325,34.49220076719044],[-120.50810187234651,34.49220714055132],[-120.50810394138047,34.49221078881583],[-120.5081060104146,34.49221443708031],[-120.50810911396613,34.49221990947699],[-120.50811221751803,34.492225381873574],[-120.50811431337009,34.492228129173874],[-120.50811847825742,34.492234524738436],[-120.50812264314531,34.49224092030288],[-120.50812789618602,34.49224733807112],[-120.50813105337424,34.492251008539164],[-120.50814161309287,34.49226204214664],[-120.50814691977011,34.492266657985994],[-120.50816283980538,34.49228050550279],[-120.50816814648496,34.4922851213413],[-120.5081745681345,34.49228885841904],[-120.5081938330867,34.492300069650334],[-120.50819595575966,34.49230191598528],[-120.50820452690138,34.49230659843232],[-120.50821097537056,34.492309434544154],[-120.50821742384016,34.49231227065565],[-120.50822172282015,34.49231416139647],[-120.50822925944365,34.49231701971049],[-120.50823573473052,34.492318954856934],[-120.5082422100177,34.49232089000303],[-120.50824544766141,34.492321857575966],[-120.50825301110233,34.492323814924426],[-120.50826057454361,34.49232577227243],[-120.50826704983199,34.49232770741727],[-120.50827787773406,34.49232973137235],[-120.50828223034746,34.492329820182796],[-120.50828982060551,34.492330876564864],[-120.50829417321901,34.49233096537487],[-120.50830176347738,34.49233202175621],[-120.50830285163077,34.492332043958626],[-120.5083039129689,34.49233296712522],[-120.50831367953447,34.49233406791061],[-120.508322384762,34.492334245528795],[-120.50833000183611,34.492334400944195],[-120.50833761891032,34.492334556359125],[-120.50834961541325,34.492333899617414],[-120.50835399484187,34.49233308746108],[-120.50836163873076,34.492332341910284],[-120.50836599134458,34.492332430717745],[-120.50837692650822,34.49233085080724],[-120.50838350905778,34.49232918208906],[-120.50839117976051,34.492327535572144],[-120.50839885046295,34.492325889054726],[-120.50840214173738,34.49232505469507],[-120.50841201556031,34.49232255161556],[-120.50841859810862,34.492320882895434],[-120.50842629562398,34.49231833541197],[-120.5084307018651,34.492316622288534],[-120.50843510810607,34.49231490916494],[-120.50852323288889,34.49228064665786],[-120.50852984224481,34.492278076967125],[-120.50853868153148,34.49227374974787],[-120.5085409114625,34.49227199221969],[-120.50854754762987,34.49226852156358],[-120.50855418379669,34.492265050907086],[-120.50856081996297,34.4922615802502],[-120.5085674561287,34.49225810959293],[-120.50857411910621,34.4922537379709],[-120.50857969393049,34.492249344148576],[-120.50859641839976,34.492236162679895],[-120.50860199322169,34.49223176885644],[-120.50860759485494,34.49222647406829],[-120.5086109665593,34.49222293680949],[-120.50861659500322,34.492216741056446],[-120.50862113529418,34.49221052310361],[-120.50862567558448,34.49220430515056],[-120.50862684417154,34.49220162445672],[-120.5086302426857,34.492197186232886],[-120.50863135764926,34.49219630746785],[-120.50863249942441,34.49219452773838],[-120.5086336411995,34.49219274800891],[-120.50863366801111,34.492191847044474],[-120.50863820829937,34.49218562909086],[-120.50864168724675,34.4921784879733],[-120.50864516619352,34.492171346855606],[-120.50864747655389,34.492166886431896],[-120.50864984053678,34.49216062407921],[-120.50865217770789,34.492155262690915],[-120.50865220451925,34.492154361726456],[-120.50865454169006,34.49214900033812],[-120.50865693248315,34.492141837020775],[-120.5086593768983,34.492132871774444],[-120.50866070635067,34.492124785293406],[-120.5086620358027,34.492116698812325],[-120.50866225029245,34.49210949109659],[-120.50866249159328,34.49210138241638],[-120.50866469470589,34.49210052585004],[-120.50867130404336,34.49209795615078],[-120.50868014330374,34.49209362892003],[-120.50868237322693,34.49209187138887],[-120.50868900937415,34.492088400724114],[-120.50869564552085,34.492084930058944],[-120.50870228166697,34.49208145939342],[-120.50870894462322,34.492077087762986],[-120.50871451942847,34.49207269393357],[-120.50872566903713,34.49206390627388],[-120.50873124384059,34.49205951244362],[-120.50873127065101,34.4920586114791],[-120.50873350057222,34.492056853946906],[-120.50873684545383,34.492054217648544],[-120.50874353521644,34.49204894505151],[-120.50874802186794,34.49204452902205],[-120.50875256213929,34.49203831106333],[-120.50875707559986,34.49203299406895],[-120.50875938595007,34.4920285336426],[-120.50876164267993,34.49202587514528],[-120.50876729790893,34.492018778419485],[-120.50877300675678,34.49200987976429],[-120.50877529029559,34.49200632030212],[-120.50877874241326,34.49200008014419],[-120.50878107957114,34.49199471875274],[-120.50878341672872,34.49198935736126],[-120.50880909863169,34.49193128301522],[-120.50881124811946,34.49193222837515],[-120.50881337079792,34.491934074699635],[-120.50882194194057,34.49193875710344],[-120.50882839040516,34.49194159318247],[-120.50883483887019,34.49194442926118],[-120.50883913784712,34.49194631998013],[-120.50884343682426,34.49194821069895],[-120.50885097343927,34.49195106897421],[-120.5088574487148,34.49195300408718],[-120.50886392399067,34.4919549391998],[-120.5088682497777,34.49195592895314],[-120.50902994413241,34.4920106134086],[-120.50903103228222,34.492010635604345],[-120.50903100547508,34.49201153656908],[-120.50903097866791,34.492012437533816],[-120.50903095186078,34.49201333849855],[-120.50903193278208,34.49201696455323],[-120.50903394823915,34.4920224147331],[-120.50903492916066,34.492026040787756],[-120.50903694461815,34.492031490967584],[-120.50903996780478,34.492039666237275],[-120.50904304460607,34.49204603957744],[-120.50904612140783,34.49205241291752],[-120.50904819048058,34.49205606116773],[-120.50905129409001,34.49206153354299],[-120.50905652038716,34.49206885223877],[-120.50906071214825,34.49207434680937],[-120.5090732874348,34.49209083052038],[-120.50907747919807,34.49209632509048],[-120.50908278591959,34.492100940891035],[-120.50909870608767,34.49211478829143],[-120.50910401281153,34.49211940409114],[-120.50911680256387,34.49212868008005],[-120.50912107475071,34.492131471754504],[-120.50912855777996,34.49213613194325],[-120.50913606761618,34.492139891166765],[-120.50914357745309,34.492143650389856],[-120.50914681510201,34.49214461793905],[-120.50915217544241,34.492147431807254],[-120.50915323678814,34.49214835496678],[-120.50915538628564,34.49214930032104],[-120.50915753578317,34.49215024567524],[-120.50915862393492,34.49215026786994],[-120.50916613377385,34.49215402709172],[-120.50917475857108,34.4921569075428],[-120.50918338336893,34.492159787993295],[-120.50918877051718,34.49216170089516],[-120.50919633396963,34.49216365818555],[-120.50920389742245,34.49216561547545],[-120.50921363717968,34.49216761715335],[-120.50922013928654,34.49216865128325],[-120.50922664139358,34.49216968541281],[-120.50922990584975,34.49216975199503],[-120.5092385842612,34.492170830512066],[-120.50923964560823,34.492171753670895],[-120.50924941217214,34.492172854381145],[-120.50925811738911,34.49217303193194],[-120.50928205673618,34.492173520193454],[-120.50929185010558,34.49217371993546],[-120.50953738122071,34.49215528813909],[-120.50955448611977,34.492202515573645],[-120.50840116264763,34.49257745789108],[-120.5083628851526,34.492509965072145],[-120.50835980838936,34.492503591716805],[-120.5083545821303,34.492496272993094],[-120.508352459449,34.49249442666062],[-120.50834826771664,34.492488932067154],[-120.50834407598482,34.492483437473545],[-120.50833988425354,34.49247794287983],[-120.50833569252279,34.49247244828598],[-120.50833041263742,34.49246693148979],[-120.50832510593753,34.49246231565757],[-120.50830918584138,34.492448468159644],[-120.50830387914382,34.49244385232659],[-120.50829748429206,34.49243921429081],[-120.50829642295275,34.49243829112412],[-120.50829108944103,34.49243457625472],[-120.50828357962044,34.49243081697986],[-120.50827715795516,34.49242707990727],[-120.50827177081358,34.49242516696539],[-120.50826855998133,34.49242329842884],[-120.5082599888242,34.4924186159857],[-120.50825354034502,34.49241577987608],[-120.50824924135917,34.49241388913615],[-120.50824170472639,34.492411030823],[-120.50823522943237,34.49240909567659],[-120.50822875413867,34.492407160529844],[-120.50822551649195,34.49240619295635],[-120.50821904119871,34.49240425780911],[-120.50821795304446,34.49240423560592],[-120.50821038959734,34.49240227825502],[-120.5082093014431,34.492402256051754],[-120.50820821328888,34.49240223384846],[-120.50820388748839,34.49240124407113],[-120.50820173799642,34.49240029870034],[-120.50819417455011,34.492398341348476],[-120.50818334664176,34.49239631738569],[-120.50817575637956,34.492395260996794],[-120.50816381350123,34.49239411579281],[-120.50813987411155,34.492393627309504],[-120.50813225703313,34.49239347188202],[-120.50812026052125,34.492394128601916],[-120.50811588108765,34.492394940749605],[-120.5081082371918,34.492395686284674],[-120.50810059329584,34.49239643181924],[-120.50809294939977,34.492397177353325],[-120.5080841905318,34.492398801646566],[-120.50807760797171,34.49240047034807],[-120.5080710254114,34.49240213904923],[-120.50806444285085,34.49240380775001],[-120.50805786029005,34.49240547645044],[-120.50805016275676,34.49240802390979],[-120.50804575650378,34.49240973701892],[-120.50804135025062,34.49241145012787],[-120.50803474087057,34.49241401979099],[-120.50802590154485,34.49241834697187],[-120.50802038031816,34.49242093883908],[-120.50801817719105,34.49242179539309],[-120.5080126559639,34.49242438725994],[-120.50800933786371,34.49242612257271],[-120.5079960654617,34.492433063822816],[-120.50798942925987,34.4924365344473],[-120.50798385439322,34.49244092824066],[-120.50796712978975,34.49245410961902],[-120.50796155492078,34.49245850341125],[-120.50795035154259,34.49246909292269],[-120.50794583800736,34.49247440988366],[-120.50794132447157,34.49247972684442],[-120.50793681093518,34.49248504380499],[-120.50793229739823,34.49249036076536],[-120.50792664206644,34.4924974574475],[-120.50792321668342,34.492502796613316],[-120.5079209330945,34.49250635605713],[-120.50791862268576,34.49251081646479],[-120.5079174540715,34.49251349715053],[-120.50791636591606,34.49251347494458],[-120.50790866836887,34.49251602239437],[-120.50790426210749,34.492517735497984],[-120.50789765271507,34.492520305153086],[-120.50788881337135,34.49252463232319],[-120.50788217715795,34.49252810294127],[-120.50787774407533,34.49253071700773],[-120.50787333781261,34.49253243011017],[-120.50786449846639,34.492536757278394],[-120.5078589504068,34.49254025010154],[-120.50785337552644,34.49254464388827],[-120.50784668566918,34.49254991643198],[-120.50762577055444,34.49269235420871],[-120.50762465557398,34.492693232963724],[-120.50761913431728,34.49269582481136],[-120.50761249807961,34.49269929541362],[-120.5076058350182,34.49270366697915],[-120.50760026011382,34.49270806075317],[-120.50758353539716,34.49272124207351],[-120.50757796049047,34.49272563584639],[-120.50757344691758,34.49273095279175],[-120.50755990619543,34.49274690362665],[-120.50755767623164,34.492748661135344],[-120.50755202085031,34.49275575779772],[-120.50754859543244,34.492761096951334],[-120.50754517001413,34.49276643610481],[-120.50754288640167,34.49276999554039],[-120.50753943415864,34.492776235657274],[-120.50753709689768,34.49278159701992],[-120.50753475963639,34.4927869583825],[-120.50753359100564,34.492789639063766],[-120.5075312269198,34.492795901389854],[-120.50752886283361,34.492802163715865],[-120.50752652557114,34.49280752507822],[-120.50752408101172,34.492816490294835],[-120.50752397371507,34.49282009414917],[-120.50752269778671,34.492826378684605],[-120.50752142185812,34.49283266322001],[-120.50752022640198,34.49283624486465],[-120.50751884317603,34.492846133254304],[-120.50751865540629,34.492852439999304],[-120.50751846763646,34.492858746744304],[-120.50751827986659,34.492865053489304],[-120.50751907295933,34.492874986298254],[-120.50752005382206,34.492878612362226],[-120.5075209542121,34.492884941316895],[-120.50752185460225,34.49289127027154],[-120.50752182777798,34.49289217123512],[-120.5075227549925,34.4928975992262],[-120.50752368220711,34.492903027217274],[-120.50752569758204,34.492908477418],[-120.50752667844539,34.49291210348191],[-120.50752869382073,34.49291755368261],[-120.5075307091963,34.49292300388327],[-120.50753177053254,34.492923927056445],[-120.50753277822045,34.49292665215677],[-120.50753378590845,34.49292937725706],[-120.50753479359649,34.49293210235737],[-120.5075358549329,34.492933025530526],[-120.50753787030924,34.49293847573109],[-120.50753993933408,34.49294212400448],[-120.50754304287165,34.49294759641451],[-120.50754513872099,34.49295034372427],[-120.50754826908323,34.492954915170614],[-120.50754824225918,34.4929558161342],[-120.50755137262178,34.49296038758047],[-120.50766719627063,34.49312953104466],[-120.50765971324309,34.493124870766664],[-120.50765541423657,34.493122980005026],[-120.50765435289648,34.49312205683278],[-120.50764899255026,34.49311924289867],[-120.50764684304723,34.49311829751769],[-120.50764686987037,34.49311739655408],[-120.50763829868211,34.493112714066164],[-120.5076318501741,34.493109877922585],[-120.50762540166653,34.49310704177867],[-120.50762110266173,34.49310515101589],[-120.50761680365713,34.49310326025296],[-120.50760926698781,34.4931004018993],[-120.5076027916582,34.493098466717846],[-120.50759307866439,34.49309556394506],[-120.50758984099993,34.493094596353956],[-120.50758227750858,34.49309263896227],[-120.50757580218028,34.49309070377945],[-120.50756497420181,34.49308867975876],[-120.50756062155135,34.493088590921076],[-120.50755303123722,34.493087534491174],[-120.50754544092332,34.49308647806083],[-120.50754111509728,34.493085488258906],[-120.50752917213364,34.49308434298903],[-120.50752155499596,34.493084187520765],[-120.50751284969581,34.493084009842164],[-120.50750523255826,34.493083854372884],[-120.50749323594601,34.493084511026574],[-120.50748885647121,34.49308532314985],[-120.50748121250878,34.493086068642576],[-120.50747356854626,34.49308681413482],[-120.50746921589618,34.49308672529389],[-120.50745828062085,34.49308830511786],[-120.50745169799531,34.49308997378255],[-120.50744402720697,34.493091620236406],[-120.50744073589398,34.493092454568405],[-120.50743086195465,34.49309495756384],[-120.50742427932812,34.49309662622701],[-120.50741658171314,34.49309917364255],[-120.50741217541133,34.493100886726474],[-120.50740776910935,34.49310259981023],[-120.50740115965607,34.49310516943557],[-120.50739455020238,34.49310773906052],[-120.50738571077092,34.49311206618997],[-120.50738348079345,34.49311382369482],[-120.50737684451255,34.49311729428219],[-120.50737020823108,34.49312076486918],[-120.50736357194911,34.493124235455795],[-120.50735690884034,34.49312860700542],[-120.50735133389387,34.49313300076597],[-120.50733460905096,34.493146182046004],[-120.50732903410217,34.493150575805444],[-120.50732343232612,34.49315587052799],[-120.50731891871273,34.493161187461894],[-120.50731440509873,34.49316650439559],[-120.50730989148417,34.49317182132909],[-120.50730766150352,34.493173578832405],[-120.50730200607072,34.493180675480566],[-120.50729858061824,34.49318601462537],[-120.50729515516527,34.49319135377005],[-120.50729287152973,34.49319491319978],[-120.50729058789399,34.49319847262945],[-120.5072871356129,34.49320471273722],[-120.50728479832233,34.49321007409346],[-120.50728129238594,34.49321811612772],[-120.50728012374032,34.49322079680579],[-120.5072777596216,34.4932270591252],[-120.5072753955025,34.493233321444556],[-120.50727305821033,34.49323868280049],[-120.50727061360854,34.49324764800975],[-120.50727050629928,34.49325125186311],[-120.5072692303434,34.493257536394374],[-120.50726803486941,34.49326111803561],[-120.50726665160363,34.493271006420166],[-120.5072664638119,34.493277313163524],[-120.50726627602013,34.493283619906876],[-120.50726608822829,34.49328992665021],[-120.50726688129181,34.49329985945907],[-120.50726783531991,34.4933043864879],[-120.5072687893481,34.49330891351673],[-120.50727222987834,34.49333963511864],[-120.5072053656156,34.4932814750468],[-120.50719475224908,34.493272243286334],[-120.50718944556672,34.49326762740577],[-120.50718302389207,34.4932638902754],[-120.50716375887166,34.49325267888238],[-120.50716163619984,34.49325083252968],[-120.50715306502768,34.49324615000838],[-120.50714661652775,34.49324331383948],[-120.50714016802824,34.49324047767027],[-120.50713586902884,34.493238586890605],[-120.50712833236594,34.49323572850748],[-120.50712185703878,34.49323379330056],[-120.50711538171193,34.49323185809333],[-120.50711214404863,34.4932308904896],[-120.50710458055823,34.493228933068295],[-120.50709701706819,34.49322697564654],[-120.50709054174254,34.49322504043805],[-120.50707971376134,34.493223016374095],[-120.50707536110552,34.49322292751881],[-120.50706777078734,34.4932218710585],[-120.5070601804694,34.49322081459774],[-120.50705585464335,34.49321982477858],[-120.50704391167027,34.493218679460696],[-120.5070362945232,34.493218523961644],[-120.50702867737618,34.49321836846213],[-120.5070210602292,34.493218212962134],[-120.50700906359685,34.493218869567215],[-120.50700468411132,34.4932196816726],[-120.50699704013414,34.493220427134275],[-120.50698939615688,34.49322117259545],[-120.50698830799301,34.49322115038083],[-120.50698175217948,34.49322191805614],[-120.50697519636586,34.4932226857311],[-120.50696861372157,34.49322435436882],[-120.50696423423545,34.49322516647271],[-120.50695765159081,34.49322683510984],[-120.50695106894592,34.49322850374658],[-120.50694995395123,34.49322938249476],[-120.50694666262866,34.49323021681297],[-120.50694337130601,34.49323105113108],[-120.50694007998331,34.493231885449106],[-120.50693896498848,34.493232764197174],[-120.50693238234281,34.493234432832885],[-120.5069279760249,34.49323614589856],[-120.5069213665477,34.493238715496744],[-120.5069180483934,34.49324045077725],[-120.50691252707968,34.49324304259018],[-120.5069114389156,34.493243020374884],[-120.50690591760149,34.49324561218749],[-120.50675904515835,34.49331473449817],[-120.5068248299863,34.493262888448186],[-120.50683040496799,34.49325849471332],[-120.50683491861692,34.49325317779915],[-120.50684845956027,34.49323722705543],[-120.50685297320686,34.49323191014047],[-120.50685862868018,34.49322481351496],[-120.50686205416172,34.49321947438383],[-120.5068643378158,34.493215914963],[-120.5068677901282,34.4932096748686],[-120.50687124244006,34.49320343477406],[-120.50687474841443,34.493195392753236],[-120.50687708573028,34.49319003140596],[-120.50687828121956,34.493186449769205],[-120.5068806185349,34.49318108842183],[-120.50688181402388,34.49317750678501],[-120.50688184085531,34.49317660582192],[-120.50688186768673,34.49317570485884],[-120.50688189451817,34.49317480389576],[-120.50688420500151,34.493170343511366],[-120.50688425866429,34.493168541585185],[-120.5068854809843,34.493164058985236],[-120.50688670330413,34.49315957638526],[-120.50688797928652,34.49315329185908],[-120.50688936259397,34.49314340348049],[-120.5068899528826,34.49312358229232],[-120.50689014070161,34.49311727555061],[-120.50688934768333,34.49310734274106],[-120.50688836684617,34.49310371667322],[-120.50688746650296,34.49309738771607],[-120.50688757382814,34.493093783863664],[-120.50688566581692,34.493084729801744],[-120.50688365048082,34.49307927959221],[-120.50688166197627,34.49307292841956],[-120.506879673472,34.49306657724687],[-120.5068786658043,34.49306385214208],[-120.50687564280155,34.49305567682762],[-120.50687362746669,34.49305022661798],[-120.50687055080202,34.493043853229636],[-120.50686848180487,34.493040204946105],[-120.50686537830946,34.49303473252075],[-120.50686015215493,34.49302741373786],[-120.50685596049934,34.49302191909667],[-120.50685176884429,34.493016424455334],[-120.50684442003339,34.49300725931427],[-120.50684564235259,34.49300277671459],[-120.50684691833489,34.49299649218871],[-120.50684702566139,34.49299288833637],[-120.50684830164339,34.492986603810465],[-120.50684938980407,34.49298662602619],[-120.50685265428618,34.4929866926733],[-120.50686133274036,34.49298777136159],[-120.50686239406963,34.49298869454031],[-120.50687216068494,34.49298979544345],[-120.50688086597104,34.49298997316726],[-120.5068961002219,34.49299028418246],[-120.5069048055082,34.49299046190458],[-120.50691462578627,34.49298976087809],[-120.50691574077796,34.49298888213008],[-120.50692447289501,34.492988158887655],[-120.50692773737735,34.492988225532756],[-120.50693429317276,34.492987457859556],[-120.50694084896806,34.492986690185994],[-120.50695069607606,34.49298508819341],[-120.50695836686224,34.492983441770534],[-120.50696165817489,34.49298260745155],[-120.50697153211236,34.49298010449408],[-120.50697811473705,34.49297843585529],[-120.50698581235231,34.49297588846746],[-120.50699021865513,34.49297417539898],[-120.50699462495778,34.492972462330336],[-120.50700123441142,34.492969892727075],[-120.5070100738455,34.49296556562558],[-120.50701559513764,34.4929629738072],[-120.50701779828846,34.49296211727242],[-120.50702331958014,34.49295952545367],[-120.50702663772091,34.49295779016965],[-120.5070399102827,34.492950849032596],[-120.50704654656279,34.4929473784635],[-120.50705212151139,34.49294298471689],[-120.50707442129996,34.49292540972762],[-120.50707999624564,34.49292101597958],[-120.50708450985977,34.492915699054436],[-120.50709353708622,34.49290506520354],[-120.50713867318342,34.49285189593731],[-120.50714092998673,34.492849237473465],[-120.50714432860559,34.49284479929599],[-120.50714547042121,34.49284301958236],[-120.50714886903958,34.49283858140472],[-120.50715452445993,34.49283148476283],[-120.50715794990542,34.49282614562158],[-120.50716023353549,34.492822586193995],[-120.50716251716536,34.492819026766355],[-120.50716596943779,34.492812786661474],[-120.50716830672309,34.492807425307035],[-120.50717181265044,34.49279938327525],[-120.50717298129274,34.49279670259796],[-120.50717534540496,34.49279044027998],[-120.5071777631725,34.49278237603524],[-120.50717901229785,34.49277699246783],[-120.507180261423,34.49277160890038],[-120.50718034190645,34.492768906010326],[-120.50718164468694,34.49276172051614],[-120.50718275967277,34.49276084176541],[-120.50718408928063,34.492752755307826],[-120.50718430390263,34.49274554760096],[-120.50718467949095,34.492732934113924],[-120.50718489411271,34.492725726407045],[-120.50718404740466,34.49271759552421],[-120.50718298607491,34.49271667234826],[-120.50718211253934,34.49270944242876],[-120.50718219302253,34.492706739538676],[-120.5071812658316,34.4927013115459],[-120.50718033864078,34.49269588355312],[-120.5071784037762,34.492687730457625],[-120.50717641525641,34.49268137928884],[-120.50717540758272,34.492678654186115],[-120.50717238456205,34.4926704788779],[-120.50717036921525,34.492665028672405],[-120.50716729253982,34.4926586552908],[-120.50716522353785,34.492655007011955],[-120.50716315453607,34.49265135873306],[-120.50716005103374,34.492645886314676],[-120.50715482487477,34.492638567543935],[-120.50715169454543,34.49263399608873],[-120.50715066004506,34.4926321719492],[-120.50714752971614,34.49262760049389],[-120.50714543388773,34.49262485317811],[-120.50713705057534,34.492613863914634],[-120.50713285891996,34.49260836928271],[-120.50712755228095,34.49260375340099],[-120.5071063257308,34.492585289872],[-120.50710101909472,34.49258067398923],[-120.50709459747513,34.49257693685629],[-120.50708175423767,34.49256946258944],[-120.50707854342866,34.49256759402252],[-120.50707758941678,34.49256306699252],[-120.50707766990291,34.492560364102594],[-120.50707674271985,34.49255493610926],[-120.5070758155369,34.492549508115935],[-120.50707388068507,34.4925413550192],[-120.5070718921761,34.492535003849056],[-120.50707088450734,34.49253227874563],[-120.50706786150141,34.49252410343533],[-120.50706584616447,34.49251865322842],[-120.50706276950181,34.49251227984465],[-120.50706070050776,34.49250863156429],[-120.50705863151387,34.4925049832839],[-120.50705552802334,34.492499510863276],[-120.50705030188215,34.49249219208869],[-120.50704717156366,34.49248762063119],[-120.5070461370672,34.492485796490904],[-120.50704300674916,34.492481225033316],[-120.50704091092764,34.49247847771597],[-120.5070325276429,34.49246748844632],[-120.50702833600134,34.492461993811304],[-120.50702302937718,34.49245737792559],[-120.50700180288634,34.49243891438063],[-120.50699649626506,34.49243429849386],[-120.50699007466132,34.492430561356024],[-120.50697723145555,34.49242308707939],[-120.50697402065445,34.492421218510046],[-120.50696866037642,34.49241840454869],[-120.50696651089935,34.49241745915674],[-120.50696115062179,34.492414645195076],[-120.50695257954446,34.49240996266332],[-120.50694613111465,34.49240712648656],[-120.50694183216167,34.492405235701874],[-120.50693753320891,34.49240334491705],[-120.506929996627,34.49240048652487],[-120.50692352136852,34.49239855131021],[-120.50691380848141,34.49239564848759],[-120.50691057085253,34.49239468087989],[-120.50690300744199,34.49239272344934],[-120.50689326772583,34.492390721588364],[-120.50688676563848,34.49238968733503],[-120.50688026355134,34.49238865308135],[-120.50687699909247,34.492388586435986],[-120.50686832069967,34.492387507751396],[-120.50686725937753,34.492386584572984],[-120.50685749283224,34.49238548367241],[-120.50684878760912,34.492385305949625],[-120.50683355346884,34.49238499493328],[-120.50682484824591,34.4923848172088],[-120.50681502803887,34.49238551823118],[-120.50681391305463,34.492386396978645],[-120.50680956044316,34.49238630811579],[-120.50680847229029,34.49238628590004],[-120.50680085522029,34.49238613038959],[-120.50679212316585,34.492386853625916],[-120.50668277123029,34.49240265124973],[-120.50667289735489,34.492405154186656],[-120.50666851790994,34.49240596628178],[-120.50666193532591,34.49240763490569],[-120.50665864403378,34.49240846921751],[-120.50664877015708,34.492410972152406],[-120.50664218757228,34.492412640775214],[-120.50663449000086,34.49241518814338],[-120.50663008372173,34.49241690120011],[-120.50662567744244,34.492418614256685],[-120.50662347430273,34.492419470784895],[-120.50662241298305,34.492418547604466],[-120.50661718688552,34.492411228813104],[-120.50661405659413,34.49240665734558],[-120.50661302210827,34.49240483320206],[-120.50660989181733,34.49240026173447],[-120.50660779601239,34.49239751441036],[-120.50659941279386,34.492386525113645],[-120.50659522118539,34.4923810304651],[-120.50658991459115,34.492376414561754],[-120.50656868822007,34.492357950946285],[-120.50656338162877,34.492353335041884],[-120.50655696005178,34.49234959788232],[-120.50654411689953,34.492342123562224],[-120.50654090611185,34.49234025498202],[-120.5065355458546,34.492337441002455],[-120.50653339638491,34.49233649560316],[-120.50652803612817,34.49233368162331],[-120.50651946508502,34.49232899906249],[-120.50651301667739,34.49232616286371],[-120.50650871773922,34.49232427206436],[-120.50650441880124,34.49232238126485],[-120.50649688224294,34.49231952284684],[-120.50649040700209,34.49231758760988],[-120.50648069414142,34.49231468475382],[-120.50647745652135,34.49231371713497],[-120.50647098128144,34.492311781897016],[-120.50646989312982,34.49231175967831],[-120.50646991996483,34.49231085871538],[-120.50646572836862,34.492305364062865],[-120.50646042178641,34.49230074815435],[-120.50643919546349,34.49228228451822],[-120.5064338888842,34.492277668608665],[-120.50642746731903,34.49227393144273],[-120.50641462419043,34.492266457109935],[-120.50640820262699,34.492262719943064],[-120.50640178106416,34.49225898277589],[-120.50639321003602,34.49225430020678],[-120.5063867616387,34.49225146400175],[-120.50638246270738,34.4922495731982],[-120.50637492616012,34.49224671477311],[-120.50636845092802,34.49224477953001],[-120.5063587380805,34.49224187666477],[-120.5063555004648,34.492240909042856],[-120.50634793708308,34.492238951579026],[-120.50634037370176,34.492236994114734],[-120.50633389847133,34.492235058869895],[-120.50632307063931,34.49223303474485],[-120.50631871803742,34.49223294586484],[-120.5063111278208,34.49223188936164],[-120.5063068020557,34.49223089951838],[-120.50629485923783,34.4922297541336],[-120.50628724218502,34.492229598591734],[-120.50622848206531,34.492228398681476],[-120.50622086501302,34.4922282431355],[-120.50620886852181,34.4922288996679],[-120.50620448908276,34.492229711746596],[-120.50619684519262,34.49223045716186],[-120.5061892013024,34.49223120257664],[-120.50618155741205,34.49223194799094],[-120.50617279853316,34.492233572146176],[-120.50616401281573,34.49223609726351],[-120.50615522709784,34.49223862238018],[-120.50614644137943,34.49224114749618],[-120.50613765566054,34.492243672611544],[-120.50613654067158,34.49224455135261],[-120.50613436437065,34.492244506909294],[-120.50612775495208,34.49224707646724],[-120.50612334867279,34.492248789505645],[-120.50611673925357,34.49225135906295],[-120.50611342112443,34.492253094322805],[-120.50609193875113,34.492206678564756],[-120.50609098479597,34.492202151529284],[-120.50608788138031,34.49219667908704],[-120.50608477796501,34.492191206644726],[-120.50608167455009,34.492185734202344],[-120.50607957876798,34.492182986870056],[-120.50607541404325,34.492176591242746],[-120.50607124931912,34.492170195615294],[-120.50606599644625,34.492163777765505],[-120.50606283935508,34.49216010724807],[-120.506052279934,34.49214907347299],[-120.50604697338512,34.492144457547816],[-120.506031053742,34.49213060977103],[-120.50602574719544,34.49212599384502],[-120.50601932566109,34.49212225665883],[-120.50600006106146,34.492111045098376],[-120.50599793844394,34.492109198727505],[-120.50598936745503,34.492104516131576],[-120.50598291908398,34.49210167990623],[-120.50597647071334,34.49209884368056],[-120.50597217179985,34.49209695286327],[-120.50596463528163,34.49209409441397],[-120.50595816007201,34.492092159150005],[-120.50595168486268,34.4920902238857],[-120.50594844725815,34.49208925625342],[-120.50594088390105,34.49208729876531],[-120.50593332054433,34.49208534127677],[-120.50592684533618,34.49208340601119],[-120.5059160175357,34.49208138185127],[-120.50591166494304,34.49208129295711],[-120.5059040747468,34.492080236429366],[-120.50589972215425,34.49208014753479],[-120.50589213195832,34.49207909100632],[-120.50589104381021,34.49207906878259],[-120.5058899556621,34.492079046558835],[-120.50588998250308,34.49207814559628],[-120.50588021601135,34.49207704461955],[-120.50587151082675,34.49207686682855],[-120.5058638937903,34.4920767112609],[-120.50585627675392,34.49207655569278],[-120.50584428028392,34.49207721219017],[-120.5058399008502,34.492078024256],[-120.50583225697223,34.49207876964889],[-120.50582790437998,34.49207868075175],[-120.50581696921593,34.49208026043327],[-120.50581038664383,34.49208192901171],[-120.5058027159234,34.49208357536524],[-120.5057950452027,34.492085221718284],[-120.5057917539163,34.49208605600694],[-120.50578188005676,34.49208855887235],[-120.50577529748341,34.492090227448834],[-120.50576868806753,34.49209279698743],[-120.50576555783469,34.49208822550045],[-120.50576136629654,34.492082730826056],[-120.50575080692599,34.49207169702691],[-120.50574550039919,34.49206708108951],[-120.50572958082238,34.492053233276046],[-120.50572427429793,34.49204861733781],[-120.50571785278375,34.49204488013655],[-120.50570500975712,34.492037405733086],[-120.50569858824468,34.49203366853091],[-120.50569537748869,34.492031799929684],[-120.50569001728132,34.492028985914956],[-120.50568786782985,34.49202804050149],[-120.5056803581717,34.492024281072865],[-120.50567714741649,34.492022412471194],[-120.50567069906322,34.49201957623006],[-120.50566640016127,34.49201768540245],[-120.50565886366165,34.492014826935005],[-120.50565238846615,34.49201289165535],[-120.50564591327093,34.492010956375374],[-120.50563943807606,34.492009021095065],[-120.50563296288149,34.49200708581442],[-120.50562431139339,34.49200510608133],[-120.50561672120877,34.49200404953616],[-120.50560913102436,34.492002992990535],[-120.50560154084016,34.492001936444446],[-120.5055939506562,34.49200087989789],[-120.50558962491297,34.491999890030066],[-120.50557768214215,34.49199874457691],[-120.50557006511448,34.49199858899125],[-120.5055613599401,34.4919984111785],[-120.5055537429126,34.49199825559183],[-120.5055417464534,34.49199891205988],[-120.50553736702157,34.491999724114905],[-120.50552972314928,34.492000469489064],[-120.50552537056213,34.49200038058132],[-120.50551443540438,34.49200196023593],[-120.5055122322658,34.492002816744126],[-120.50551448909431,34.49200015831129],[-120.50551563093097,34.491998378613694],[-120.50551902959575,34.491993940483155],[-120.50552468508796,34.49198684391942],[-120.50552811059657,34.49198150482625],[-120.50552813744137,34.491980603863915],[-120.50553251687225,34.49197979180918],[-120.50553580815654,34.49197895752744],[-120.50554568200907,34.491976454681655],[-120.50555226457709,34.491974786117346],[-120.50555996213579,34.49197223881694],[-120.50556768653838,34.49196879055366],[-120.50557541094038,34.49196534228989],[-120.50558313534177,34.49196189402558],[-120.50558533847858,34.49196103751603],[-120.50559085974251,34.49195844576076],[-120.50559417786954,34.49195671051499],[-120.50560081412314,34.49195324002317],[-120.50560617432258,34.49195605404151],[-120.50561368397118,34.49195981347433],[-120.50562119362046,34.491963572906705],[-120.50562440437214,34.49196544150971],[-120.50563085271965,34.49196827775307],[-120.50563730106761,34.49197111399611],[-120.50564159996651,34.49197300482462],[-120.50564589886558,34.491974895653],[-120.5056534353612,34.491977754121095],[-120.50565991055407,34.49197968940057],[-120.50566962334399,34.49198259231918],[-120.50567286094078,34.49198355995854],[-120.50568042428134,34.491985517462616],[-120.5056901639158,34.4919875194172],[-120.50569666595338,34.49198855373235],[-120.50570316799114,34.49198958804716],[-120.50570643243152,34.49198965472322],[-120.50571511076316,34.49199073348806],[-120.50571617206721,34.49199165667577],[-120.50572593854606,34.49199275766511],[-120.50573464372094,34.49199293546612],[-120.5059239812934,34.49199680248476],[-120.50593268647002,34.49199698027168],[-120.50594250663414,34.4919962793186],[-120.50594362162155,34.491995400579206],[-120.5059523536384,34.4919946774021],[-120.50595561807961,34.4919947440715],[-120.5059621738022,34.49199397644742],[-120.50596872952468,34.49199320882298],[-120.50597857652822,34.49199160690432],[-120.50598624723733,34.4919899605392],[-120.50598953851826,34.49198912624504],[-120.50599941236077,34.491986623362024],[-120.50600599492209,34.49198495477288],[-120.50601369246975,34.4919824074433],[-120.50601809873665,34.49198069440827],[-120.50602250500336,34.491978981373066],[-120.5060291144031,34.49197641181995],[-120.50603795377481,34.49197208478587],[-120.50604347502677,34.491969493009556],[-120.50604567815962,34.49196863649149],[-120.5060511994111,34.49196604471481],[-120.50605672066229,34.491963452937846],[-120.50606556003127,34.49195912590163],[-120.50607110812051,34.49195563316127],[-120.50607333809162,34.491953875679975],[-120.50607779803359,34.49195036071723],[-120.50607891301904,34.49194948197652],[-120.50608000116561,34.491949504198516],[-120.50608223113639,34.49194774671703],[-120.50608976764623,34.491950605158735],[-120.5060962428486,34.49195254041541],[-120.50610595565274,34.49195544329982],[-120.50610919325432,34.4919564109278],[-120.50611675660436,34.491958368405164],[-120.50612649624834,34.491960370325245],[-120.50613299829071,34.4919614046173],[-120.50613950033322,34.49196243890901],[-120.50614276477366,34.49196250557336],[-120.50615144311007,34.49196358430731],[-120.50615250441886,34.49196450749142],[-120.50616227090252,34.491965608445945],[-120.50617097607748,34.491965786215744],[-120.50618621013382,34.49196609731141],[-120.50619491530898,34.491966275079506],[-120.50620473546863,34.491965574105066],[-120.50620585045301,34.49196469536316],[-120.50621458246556,34.49196397216705],[-120.50621784690622,34.491964038829394],[-120.50622440262488,34.491963271191],[-120.50623095834342,34.491962503552266],[-120.5062408053396,34.491960901612075],[-120.50624847604178,34.49195925523011],[-120.50625176731933,34.49195842092871],[-120.50626164115161,34.49195591802397],[-120.50626822370616,34.49195424942033],[-120.50627592124398,34.49195170207375],[-120.50628032750444,34.49194998902893],[-120.50628473376476,34.491948275983944],[-120.50629134315486,34.491945706416175],[-120.50630018251086,34.49194137936234],[-120.50630570375336,34.49193878757371],[-120.50630790688297,34.491937931050764],[-120.50631342812504,34.49193533926175],[-120.50631674623733,34.49193360399565],[-120.50633001868528,34.491926662930254],[-120.50633665490845,34.491923192396996],[-120.50634222982065,34.49191879868079],[-120.50636452946354,34.491901223813194],[-120.50637010437279,34.491896830095584],[-120.50637461797099,34.49189151319544],[-120.5063836451656,34.49188087939457],[-120.50642878110362,34.49182771037841],[-120.506431037899,34.49182505192708],[-120.50643443650922,34.49182061376851],[-120.50643557832416,34.49181883406131],[-120.50643897693388,34.491814395902594],[-120.50644463233765,34.49180729929214],[-120.50644805778113,34.49180196017014],[-120.50645034140985,34.491798400755386],[-120.50645262503836,34.4917948413406],[-120.50645607731538,34.49178860125532],[-120.50645841461255,34.49178323991439],[-120.5064619205577,34.49177519790288],[-120.50646308920592,34.49177251723234],[-120.50646545333662,34.491766254928216],[-120.50646787113587,34.49175819069799],[-120.50646912028697,34.49175280713835],[-120.50647036943788,34.491747423578666],[-120.50647044994113,34.49174472068961],[-120.50647175276063,34.491737535203875],[-120.50647286773916,34.49173665645923],[-120.50647419739263,34.491728570010416],[-120.50647441206749,34.49172136230625],[-120.50647478774832,34.49170874882392],[-120.50647500242299,34.491701541119724],[-120.50647415578828,34.49169341023417],[-120.50647309447905,34.49169248705281],[-120.50647222101024,34.49168525713026],[-120.50647230151326,34.49168255424119],[-120.50647137437586,34.491677126244674],[-120.5064704472386,34.49167169824817],[-120.50646851246127,34.49166354514421],[-120.50646652401552,34.491657193966276],[-120.50646551637557,34.49165446885881],[-120.50646249345606,34.49164629353639],[-120.50646047817668,34.491640843321406],[-120.5064574015892,34.49163446992493],[-120.50645533264145,34.49163082163593],[-120.50645326369388,34.49162717334689],[-120.50645016027288,34.491621700913285],[-120.50644493423626,34.49161438211649],[-120.50644180398162,34.49160981064572],[-120.50644076950837,34.49160798650112],[-120.50643763925419,34.49160341503026],[-120.50643554347337,34.49160066770398],[-120.50642716035144,34.491589678398576],[-120.50642296879127,34.49158418374569],[-120.50641766225478,34.4915795678369],[-120.50639643611464,34.491561104199704],[-120.50639112958108,34.491556488289895],[-120.50638470807125,34.4915527511238],[-120.50637186505338,34.49154527679067],[-120.50636865429928,34.491543408207185],[-120.50636329409765,34.49154059422221],[-120.50636114465001,34.49153964882075],[-120.5063557844489,34.491536834835465],[-120.50634721349496,34.491532152265926],[-120.50634076515347,34.49152931606064],[-120.50633646625937,34.49152742525693],[-120.5063321673655,34.49152553445308],[-120.50632463088378,34.49152267602748],[-120.506318155708,34.491520740784],[-120.50630844294493,34.49151783791815],[-120.5063052053574,34.49151687029604],[-120.50629764204145,34.491514912831775],[-120.5062879024437,34.49151291092729],[-120.5062814004334,34.49151187664484],[-120.5062748984233,34.49151084236206],[-120.50627163400017,34.491510775702],[-120.50626295570822,34.491509696978504],[-120.50626189440364,34.49150877379548],[-120.5062521279711,34.491507672851114],[-120.50624342284321,34.49150749508914],[-120.50622818886958,34.49150718400422],[-120.5062194837419,34.49150700624055],[-120.50620966363638,34.49150770721856],[-120.50620854865844,34.491508585960844],[-120.50620419609457,34.49150849707839],[-120.50620310795361,34.49150847485775],[-120.50619549096692,34.491508319313006],[-120.50618675900212,34.491509042509854],[-120.50607740814436,34.491524839638096],[-120.50606753435919,34.49152734253008],[-120.50606315495625,34.49152815460532],[-120.50605657243236,34.49152982319926],[-120.50605328117032,34.49153065749609],[-120.50604340738388,34.491533160386055],[-120.50603682485927,34.4915348289789],[-120.50602912735425,34.49153737631192],[-120.5060247211115,34.49153908934848],[-120.50602031486855,34.49154080238489],[-120.50601370550382,34.491543371939166],[-120.50600486617766,34.49154769897369],[-120.50599934495328,34.491550290749565],[-120.50599714183133,34.49155114726731],[-120.50599162060648,34.491553739042836],[-120.50598830250355,34.49155547430054],[-120.50597503009044,34.49156241533047],[-120.50595584614062,34.49154850087988],[-120.50594945149213,34.49154386272906],[-120.50593018703084,34.4915326511628],[-120.5059237655449,34.49152891397341],[-120.50591519461786,34.491524231374626],[-120.50590874629304,34.49152139514716],[-120.50590444741007,34.491519504328686],[-120.5058969109452,34.49151664587731],[-120.50588937448086,34.491513787425504],[-120.50588289931727,34.49151185215939],[-120.50587318657252,34.49150894925961],[-120.50586994899106,34.49150798162618],[-120.50586238568779,34.49150602413541],[-120.50585264610368,34.49150402219667],[-120.50584614410093,34.4915029878913],[-120.50583964209834,34.4915019535856],[-120.50583637767663,34.49150188691392],[-120.50582769939318,34.49150080815976],[-120.50582663809374,34.491499884973166],[-120.50581687167018,34.491498783994246],[-120.50580816654607,34.49149860620132],[-120.50579293257915,34.4914982950622],[-120.5057842274553,34.49149811726757],[-120.50577440734938,34.49149881821043],[-120.50577329236721,34.49149969694855],[-120.50576456040157,34.491500420115074],[-120.5057612959801,34.4915003534414],[-120.50575474029532,34.491501121056345],[-120.50574818461045,34.49150188867093],[-120.50573833766191,34.491503490573415],[-120.50573066699413,34.491505136924815],[-120.50572737573036,34.49150597121276],[-120.50571750193878,34.49150847407606],[-120.50571091941075,34.49151014265115],[-120.50570322189945,34.49151268996328],[-120.50569552438773,34.49151523727491],[-120.50569111814006,34.49151695029919],[-120.50568450876828,34.4915195198353],[-120.50567566942924,34.49152384684536],[-120.50567346630501,34.49152470335715],[-120.50566707167485,34.49152006519227],[-120.50566065020247,34.49151632798957],[-120.50564780725948,34.49150885358327],[-120.50564138578886,34.49150511637965],[-120.50563281488122,34.4915004337618],[-120.50562636656872,34.4914975975199],[-120.50562206769396,34.49149570669179],[-120.50561453124192,34.49149284822349],[-120.50560699479043,34.491489989754754],[-120.50560051963615,34.49148805447401],[-120.50559080690527,34.49148515155229],[-120.50558756932848,34.491484183911545],[-120.50558000603505,34.49148222640364],[-120.50557026646186,34.49148022444279],[-120.50556376446538,34.49147919012259],[-120.50555726246907,34.49147815580207],[-120.50555399804898,34.4914780891229],[-120.50554531977292,34.491477010348916],[-120.50554425847702,34.49147608716001],[-120.50553449206133,34.49147498615877],[-120.50552578694162,34.491474808345835],[-120.50551055298227,34.4914744971717],[-120.50550184786276,34.49147431935706],[-120.50549202775873,34.49147502027723],[-120.50549091277412,34.49147589901264],[-120.5054821808098,34.49147662215897],[-120.50547891638996,34.491476555477796],[-120.50547236070543,34.49147732307755],[-120.5054658050208,34.49147809067693],[-120.50545595807114,34.491479692556524],[-120.50544828740111,34.491481338890026],[-120.50544499613598,34.49148217317028],[-120.50543512234024,34.4914846760105],[-120.50542853980946,34.4914863445702],[-120.50542084229293,34.49148889186425],[-120.50541314477594,34.4914914391578],[-120.50540873852447,34.4914931521717],[-120.50540212914687,34.491495721692225],[-120.50539328979711,34.49150004868133],[-120.50538665357273,34.49150351916328],[-120.50536674489638,34.491513930606814],[-120.50536010866986,34.491517401087215],[-120.505354533737,34.49152179475773],[-120.5053489588036,34.49152618842796],[-120.50534226888271,34.491531460831865],[-120.50533000402558,34.49154112690463],[-120.50532331410231,34.49154639930737],[-120.5052807029453,34.49158789984198],[-120.5052592891357,34.491575742753305],[-120.50525713970092,34.4915747973329],[-120.5052517795378,34.49157198330066],[-120.50524963010318,34.491571037880135],[-120.50524426994058,34.491568223847565],[-120.5052356990507,34.49156354120257],[-120.50522925074824,34.491560704940085],[-120.50522495188018,34.491558814098255],[-120.50522065301234,34.491556923256276],[-120.50521311657019,34.49155406476357],[-120.50520664142148,34.49155212946213],[-120.505196928699,34.49154922650936],[-120.50519369112497,34.49154825885827],[-120.50518612783661,34.49154630132613],[-120.50517638826746,34.49154429933393],[-120.50516988627224,34.491543264992764],[-120.50516338427721,34.49154223065126],[-120.5051601198556,34.491542163961455],[-120.50515144157978,34.491541085159405],[-120.50515038028767,34.491540161967244],[-120.50514061387176,34.4915390609344],[-120.505131908748,34.491538883093114],[-120.50513084745614,34.491537959900775],[-120.50512763673208,34.491536091285866],[-120.5051222765761,34.4915332772482],[-120.50512012714407,34.491532331825496],[-120.50511476698857,34.49152951778753],[-120.50510619611035,34.49152483513389],[-120.5050997478156,34.491521998864876],[-120.5050954489527,34.491520108018676],[-120.50509115009001,34.49151821717234],[-120.5050836136562,34.49151535867197],[-120.50507713851385,34.491513423363905],[-120.5050674258009,34.4915105204012],[-120.5050641882301,34.491509552746805],[-120.5050566249487,34.491507595206905],[-120.50504688538774,34.49150559320469],[-120.50504038339754,34.491504558856825],[-120.50503388140751,34.49150352450861],[-120.50503061698777,34.491503457815405],[-120.50502193871816,34.491502379004395],[-120.50502087742802,34.49150145581118],[-120.50501111101897,34.49150035476823],[-120.50500240590007,34.49150017691789],[-120.50498717194219,34.4914998656783],[-120.50497846682352,34.49149968782627],[-120.50496864671479,34.491500388704],[-120.5049675317246,34.49150126743438],[-120.50496317916527,34.49150117850774],[-120.50496209102543,34.49150115627606],[-120.5049544740466,34.491501000653976],[-120.50494574207745,34.4915017237616],[-120.50483639106542,34.491517519768124],[-120.50482651725036,34.49152002255813],[-120.50482213783857,34.49152083458833],[-120.50481555529477,34.49152250311429],[-120.50481226402276,34.49152333737714],[-120.50480239020642,34.49152584016511],[-120.50479580766188,34.49152750868998],[-120.50478811012474,34.49153005594311],[-120.50478370385977,34.49153176893378],[-120.50477929759465,34.491533481924286],[-120.50477268819667,34.49153605140974],[-120.50476384881281,34.49154037835162],[-120.50475832755404,34.491542970069716],[-120.50475612442096,34.49154382656452],[-120.50475060316175,34.49154641828223],[-120.5047472850355,34.49154815350511],[-120.50473401252917,34.491555094395665],[-120.50472737627521,34.49155856484037],[-120.50472180130811,34.49156295848039],[-120.50469950143378,34.491580533037634],[-120.50469392646374,34.49158492667624],[-120.50468941278045,34.491590243510565],[-120.50468038541213,34.491600877178584],[-120.50467812856968,34.491603535595466],[-120.50467472987894,34.49160797370161],[-120.50467358803074,34.4916097533909],[-120.50467018933949,34.491614191496886],[-120.50466453380449,34.491621288019346],[-120.50466110825852,34.49162662708682],[-120.50465882456095,34.491630186465066],[-120.50465654086317,34.49163374584326],[-120.50465308846228,34.49163998587225],[-120.50465075105619,34.491645347173865],[-120.50464724494647,34.49165338912618],[-120.50464607624308,34.491656069776916],[-120.50464371198206,34.491662332040136],[-120.50464129401263,34.4916703962268],[-120.50464004474665,34.49167577976278],[-120.50463879548052,34.49168116329872],[-120.50463871491834,34.49168386618402],[-120.50463741194382,34.49169105164346],[-120.50463629694768,34.49169193037052],[-120.50463496711865,34.49170001679167],[-120.5046347522857,34.49170722448575],[-120.50463437632783,34.49171983795038],[-120.50463416149466,34.49172704564443],[-120.50463500794987,34.491735176534974],[-120.50463606923833,34.49173609973146],[-120.50463694254789,34.49174332966022],[-120.50463686198547,34.4917460325455],[-120.50463778900343,34.49175146055075],[-120.50463871602149,34.491756888556],[-120.50464065062023,34.491765041681205],[-120.50464263892752,34.49177139288288],[-120.50464364650833,34.49177411800283],[-120.50464666925107,34.49178229336265],[-120.50464868441323,34.49178774360249],[-120.50465176086497,34.49179411703868],[-120.50465382973569,34.49179776535494],[-120.50465589860661,34.49180141367117],[-120.50465900191331,34.49180688614544],[-120.50466422779981,34.491814205012254],[-120.50466735796137,34.4918187765246],[-120.50466839239732,34.491820600682615],[-120.50467152255933,34.491825172194865],[-120.50467361828547,34.491827919549074],[-120.50468200119133,34.49183890896559],[-120.50468619264507,34.49184440367366],[-120.50469149909713,34.491849019654126],[-120.50470314644022,34.49186007577221],[-120.50468347928206,34.491862378440395],[-120.50468241799152,34.49186145524425],[-120.50467931468147,34.49185598277045],[-120.50467408879123,34.49184866390416],[-120.50467095862827,34.49184409239195],[-120.50466992419199,34.491842268233945],[-120.5046667940295,34.491837696721646],[-120.50466469830339,34.491834949367316],[-120.50465631540021,34.49182395994973],[-120.50465212394946,34.49181846524073],[-120.5046468175015,34.49181384925872],[-120.50462559171548,34.491795385328544],[-120.50462028527045,34.49179076934548],[-120.5046138638283,34.491787032088986],[-120.5046010209458,34.491779557575065],[-120.50459781022553,34.491777688946385],[-120.50459245007389,34.49177487488566],[-120.50459030064238,34.49177392945364],[-120.50458494049124,34.4917711153926],[-120.5045763696211,34.49176643270214],[-120.504569921328,34.49176359640521],[-120.50456562246617,34.49176170554039],[-120.50456132360458,34.49175981467544],[-120.5045537871697,34.49175695614228],[-120.50454731202302,34.49175502080591],[-120.50453759930363,34.491752117800715],[-120.50453436173066,34.49175115013215],[-120.50452679844224,34.49174919255909],[-120.5045170588689,34.491747190514],[-120.50451055686844,34.4917461561374],[-120.50450405486819,34.491745121760474],[-120.50450079044032,34.491745055052704],[-120.50449211215509,34.49174397620327],[-120.5044910508682,34.49174305300559],[-120.50448128444079,34.49174195191936],[-120.5044780200131,34.491741885211],[-120.50447592429558,34.49173913785376],[-120.50447061786257,34.49173452186467],[-120.50445575985329,34.49172159709408],[-120.5044515147086,34.491717904302185],[-120.50430773100202,34.49161039076687],[-120.50431540170194,34.49160874450659],[-120.50432198426091,34.49160707600835],[-120.50432968181762,34.49160452878557],[-120.50433408809475,34.49160281581188],[-120.50434069751012,34.49160024635102],[-120.50434953692043,34.49159591944105],[-120.5043628094627,34.49158897859402],[-120.5043760820028,34.491582037745445],[-120.50438271827205,34.491578567320566],[-120.50438935454076,34.49157509689532],[-120.50439492952523,34.491570703271286],[-120.50441165447512,34.49155752239749],[-120.50441722945727,34.491553128772324],[-120.50442283129506,34.49154783418523],[-120.50442734499221,34.49154251736138],[-120.50443185868875,34.491537200537344],[-120.50443637238473,34.491531883713094],[-120.50443860237645,34.49153012626256],[-120.5044442579233,34.49152302975103],[-120.50444768347806,34.49151769068999],[-120.50445110903239,34.49151235162881],[-120.50445339273503,34.491508792254635],[-120.50445567643743,34.4915052328804],[-120.50445912884652,34.49149899285728],[-120.50446146625997,34.491493631559564],[-120.50446497237954,34.491485589612886],[-120.5044661410859,34.49148290896396],[-120.50446850535408,34.49147664670438],[-120.50447086962187,34.49147038444473],[-120.50447209203908,34.49146590187237],[-120.50447451001743,34.49145783768924],[-120.50447570557864,34.4914542560785],[-120.50450069098848,34.491346585391064],[-120.50450074469889,34.49134478346762],[-120.50450194025704,34.49134120185644],[-120.50450202082261,34.491338498971274],[-120.50450321638063,34.491334917360064],[-120.50450459992453,34.491325029016764],[-120.5045047879105,34.491318722284674],[-120.5045049758964,34.49131241555258],[-120.50450516388224,34.49130610882048],[-120.50450437115163,34.4912961760058],[-120.50450339043533,34.491292549923216],[-120.5045024902845,34.49128622095543],[-120.50450159013376,34.491279891987666],[-120.50450169755426,34.49127628814073],[-120.50449978983261,34.491267234052074],[-120.50449777469072,34.49126178381032],[-120.50449578640423,34.4912554326068],[-120.504493798118,34.49124908140326],[-120.50449175612167,34.49124453212316],[-120.50448870655518,34.491237257722084],[-120.50448565698917,34.49122998332096],[-120.50448149243255,34.491223587645685],[-120.50448151928784,34.49122268668395],[-120.50448048486263,34.49122086252469],[-120.50447945043744,34.49121903836541],[-120.50447838915697,34.49121811516785],[-120.50447525902645,34.491213543651675],[-120.50447425145683,34.49121081853064],[-120.50447008690196,34.491204422855034],[-120.5044669836278,34.491198950376955],[-120.5044627653631,34.491194356624575],[-120.50445220627564,34.49118332272392],[-120.50445111814035,34.49118330048786],[-120.50444902243659,34.49118055313059],[-120.50444689987732,34.491178706735],[-120.50444692673295,34.49117780577329],[-120.50444371603862,34.49117593714154],[-120.50444162033527,34.491173189784156],[-120.50442570114575,34.49115934181552],[-120.5044203947504,34.49115472582556],[-120.50441397336488,34.49115098856071],[-120.5044011305956,34.49114351403006],[-120.50439900803833,34.491141667633705],[-120.50439043724171,34.49113698493299],[-120.50438398900268,34.49113414862835],[-120.50437754076411,34.49113131232337],[-120.50437324193867,34.49112942145321],[-120.50436894311339,34.49112753058291],[-120.50436140674145,34.49112467204036],[-120.50435387037002,34.49112181349736],[-120.5043473952769,34.49111987815253],[-120.50433768263778,34.49111697513466],[-120.50433444509156,34.491116007461876],[-120.50432688186508,34.491114049878924],[-120.50432040677325,34.4911121145327],[-120.50430957914486,34.491110090237115],[-120.50430522660801,34.49111000128791],[-120.50429763652573,34.49110894466481],[-120.50429331084618,34.491107954753566],[-120.50428136822767,34.491106809179705],[-120.50427375128865,34.49110665351675],[-120.50417146668481,34.49110456313972],[-120.50416384974665,34.491104407469926],[-120.5041518534138,34.491105063806515],[-120.50414747401895,34.49110587581322],[-120.50413983022199,34.49110662110345],[-120.50413547768588,34.491106532148194],[-120.50412454262768,34.491108111682415],[-120.50411796010532,34.49110978017165],[-120.50411028944868,34.491111426421476],[-120.50410699818728,34.49111226066575],[-120.50409712440272,34.491114763398],[-120.50409054187939,34.49111643188572],[-120.5040828443622,34.49111897909523],[-120.5040751468446,34.49112152630425],[-120.50407074058872,34.49112323926958],[-120.50406633433269,34.49112495223475],[-120.50405972494829,34.491127521682195],[-120.50405640682607,34.4911292568865],[-120.50404868244692,34.4911327050552],[-120.5040409580672,34.49113615322338],[-120.50403320682679,34.49114050235248],[-120.50402874684897,34.49114401723907],[-120.50402763185447,34.49114489596069],[-120.50402319873633,34.491147509885636],[-120.50401767748346,34.4911501015705],[-120.50401101437514,34.491154472937964],[-120.50400543940074,34.49115886654507],[-120.50399986442575,34.491163260151886],[-120.50399426258973,34.4911685547198],[-120.50398305891551,34.491179143854794],[-120.50397854521222,34.491184460662105],[-120.50396951780392,34.491195094276186],[-120.50396728781229,34.4911968517182],[-120.50396163225017,34.491203948207165],[-120.50395820667937,34.49120928725404],[-120.50395478110809,34.49121462630078],[-120.50395249739368,34.49121818566522],[-120.50394904496065,34.491224425673124],[-120.5039467075236,34.49122978696013],[-120.50394437008622,34.49123514824709],[-120.50394320136743,34.49123782889054],[-120.50394083706846,34.491244091138746],[-120.50393847276911,34.4912503533869],[-120.50393613533056,34.49125571467362],[-120.50393369044683,34.49126467980567],[-120.50393358300195,34.49126828365103],[-120.50393230683731,34.491274568139694],[-120.50393103067243,34.491280852628336],[-120.5039298350912,34.49128443423294],[-120.50392845148075,34.49129432256686],[-120.50392839775813,34.49129612448953],[-120.50392537510125,34.49128794911515],[-120.50392335999696,34.49128249886552],[-120.50392028361821,34.49127612541372],[-120.50391821479172,34.49127247708669],[-120.50391614596538,34.49126882875963],[-120.50391304272621,34.491263356269],[-120.50390781693879,34.491256037373766],[-120.50390468683908,34.49125146584428],[-120.50390365242644,34.49124964168067],[-120.50390052232716,34.49124507015109],[-120.50389842664065,34.49124232278509],[-120.50389004389592,34.491231333320854],[-120.50388585252438,34.49122583858855],[-120.50388054615631,34.491221222576264],[-120.50383809523291,34.4911842944705],[-120.5038327888701,34.49117967845634],[-120.50382636751092,34.49117594116164],[-120.50381352479437,34.491168466571295],[-120.50381031411558,34.491166597923524],[-120.50380495403047,34.491163783830785],[-120.503802804624,34.49116283838589],[-120.50379744453937,34.49116002429287],[-120.50378887377728,34.49115534155129],[-120.5037824255593,34.49115250521569],[-120.50377812674753,34.49115061432511],[-120.50377382793602,34.49114872343438],[-120.50376629158485,34.491145864855895],[-120.50375981650545,34.4911439294804],[-120.50375010388694,34.49114102641655],[-120.50374686634758,34.491140058728426],[-120.50373930313503,34.49113810110957],[-120.50372956365472,34.49113609900536],[-120.50372306171367,34.491135064589194],[-120.50371655977281,34.491134030172695],[-120.50371329537072,34.49113396344493],[-120.50370461716209,34.49113288454257],[-120.50370467088918,34.49113108262016],[-120.50370488579753,34.49112387493053],[-120.50370526188698,34.49111126147362],[-120.50370547679512,34.49110405378394],[-120.50370463043319,34.49109592289039],[-120.50370356916318,34.491094999686524],[-120.50370269593793,34.49108776975417],[-120.5037027765285,34.49108506687054],[-120.50370184957629,34.49107963886059],[-120.50370092262419,34.49107421085065],[-120.50369898812967,34.49106605771438],[-120.50369699990837,34.49105970650051],[-120.50369599236603,34.49105698137416],[-120.50369296973938,34.491048805995085],[-120.50369095465524,34.49104335574234],[-120.50368787830222,34.49103698228559],[-120.50368580949134,34.49103333395521],[-120.50368374068064,34.491029685624774],[-120.50368063746492,34.491024213129066],[-120.50367541171211,34.49101689422517],[-120.50367228163358,34.49101232269049],[-120.50367124722874,34.49101049852519],[-120.50366811715068,34.49100592699043],[-120.50366602147756,34.49100317962095],[-120.50365763878634,34.49099219014271],[-120.50365344744152,34.49098669540341],[-120.50364814110127,34.49098207938207],[-120.50360569040016,34.49094515120389],[-120.50360038406518,34.49094053518067],[-120.50359396273484,34.490936797874866],[-120.50358112007596,34.49092932326229],[-120.5035779094116,34.49092745460895],[-120.50357254934974,34.490924640506925],[-120.50357039995214,34.49092369505827],[-120.50356503989079,34.49092088095594],[-120.50355753043253,34.49091712140452],[-120.50356190982173,34.49091630941879],[-120.50357175673099,34.49091470769058],[-120.50357942737782,34.49091306147423],[-120.50358271863561,34.49091222724406],[-120.50359259240862,34.49090972455298],[-120.50359917492368,34.49090805609179],[-120.50360687243383,34.4909055089125],[-120.50361456994354,34.4909029617327],[-120.50361897619584,34.49090124878368],[-120.50362558557393,34.49089867935982],[-120.50363442494152,34.4908943524996],[-120.50364106118263,34.49089088211367],[-120.50365433366322,34.490883941340655],[-120.50366096990273,34.49088047095357],[-120.50367429610736,34.49087172825579],[-120.50367987107808,34.49086733466356],[-120.50369659598681,34.490854153885174],[-120.50370217095521,34.49084976029181],[-120.50370668465601,34.49084444349443],[-120.50371571205581,34.49083380989906],[-120.5037179689054,34.49083115150008],[-120.50372136761105,34.490826713420915],[-120.5037225094672,34.49082493374075],[-120.50372590817233,34.49082049566142],[-120.50373156372574,34.49081339918272],[-120.50373498929282,34.49080806014183],[-120.50373846858515,34.49080091917825],[-120.50374194787683,34.490793778214545],[-120.50374542716791,34.49078663725071],[-120.50374887959562,34.49078039724803],[-120.50374896018378,34.49077769436417],[-120.50376122509601,34.49076802845227],[-120.50376680005519,34.490763634855504],[-120.50377240187623,34.49075834029715],[-120.50377691556743,34.49075302349668],[-120.50378142925801,34.49074770669601],[-120.50378594294804,34.49074238989516],[-120.50378817293057,34.490740632455974],[-120.50379382847306,34.49073353597384],[-120.50379725403268,34.49072819693082],[-120.50380067959183,34.490722857887675],[-120.50380182144478,34.490721078206604],[-120.50380296329769,34.49071929852552],[-120.50396333254932,34.49045302477427],[-120.5039633594094,34.49045212381278],[-120.50396564310039,34.49044856444682],[-120.50396798051126,34.49044320315782],[-120.50396904177651,34.49044412635925],[-120.50397434810313,34.49044874236629],[-120.50398074255573,34.490453380612976],[-120.5039871638689,34.49045711789784],[-120.50399358518263,34.49046085518239],[-120.50400000649695,34.49046459246663],[-120.50400212902875,34.49046643886897],[-120.5040106997356,34.4904711215935],[-120.50401714791103,34.49047395791538],[-120.50402359608692,34.49047679423694],[-120.5040278948711,34.49047868511779],[-120.50403219365548,34.49048057599852],[-120.50403972995827,34.490483434558655],[-120.50404620499495,34.490485369917565],[-120.50405591755055,34.490488272955275],[-120.50405915506924,34.49048924063435],[-120.50406671823283,34.49049119823136],[-120.50407319327081,34.490493133588856],[-120.50408402081325,34.490495157901904],[-120.50408837331742,34.490495246857606],[-120.50409596334106,34.490496303491284],[-120.50421307810119,34.490512219654185],[-120.50421280952654,34.49052122927064],[-120.50421259466671,34.49052843696381],[-120.50421344107599,34.4905365678564],[-120.5042145023452,34.49053749105586],[-120.50421537561219,34.49054472098682],[-120.50421529503978,34.49054742387174],[-120.50421622202181,34.490552851879386],[-120.50421714900396,34.49055827988705],[-120.5042190835409,34.4905664330174],[-120.50422107179304,34.49057278422444],[-120.50422207934793,34.490575509347146],[-120.50422510201294,34.49058368471518],[-120.50422711712325,34.4905891349605],[-120.5042301935039,34.49059550840516],[-120.50423226232948,34.49059915672712],[-120.50423433115522,34.490602805049065],[-120.50423536556816,34.49060462921002],[-120.50423425058324,34.490605507934],[-120.50422541127539,34.49060983484054],[-120.50421989006472,34.49061242653657],[-120.50421768695185,34.49061328302259],[-120.50421216574071,34.49061587471826],[-120.50420884764236,34.49061760992785],[-120.50419557524756,34.49062455076527],[-120.50418893904938,34.490628021183404],[-120.50418336412065,34.49063241480091],[-120.50416106439985,34.49064998926806],[-120.5041554894682,34.49065438288413],[-120.50415097580589,34.49065969969996],[-120.50414194847954,34.490670333331],[-120.50413969164758,34.490672991738656],[-120.50413629297016,34.49067742983082],[-120.5041351511248,34.49067920951536],[-120.50413175244685,34.49068364760736],[-120.50412609693566,34.4906907441066],[-120.50412267139815,34.49069608315987],[-120.5041203877062,34.49069964252864],[-120.50411810401407,34.490703201897354],[-120.50411465161677,34.49070944191188],[-120.5041123142066,34.490714803203566],[-120.50410880809078,34.490722845140965],[-120.50410763938535,34.490725525786736],[-120.50410527511539,34.490731788039774],[-120.5041028571273,34.49073985221582],[-120.50410160784473,34.49074523574611],[-120.50410035856198,34.49075061927638],[-120.50410027798523,34.490753322160984],[-120.50409897498436,34.49076050761428],[-120.50409785999591,34.49076138633684],[-120.5040965301357,34.49076947275162],[-120.50409631526388,34.490776680443844],[-120.5040954020578,34.49080731313567],[-120.50409518718558,34.49081452082785],[-120.50409603358457,34.49082265172055],[-120.50409709485585,34.49082357492109],[-120.50409796811405,34.49083080485225],[-120.50409788753699,34.49083350773682],[-120.50409881451334,34.49083893574494],[-120.50409974148982,34.490844363753055],[-120.50410167602004,34.49085251688473],[-120.50410366426857,34.49085886809332],[-120.50410467182242,34.490861593216856],[-120.50410769448433,34.49086976858741],[-120.50410970959258,34.49087521883441],[-120.50411278597323,34.49088159228181],[-120.50411485479987,34.4908852406057],[-120.50411692362664,34.49088888892956],[-120.50412002686716,34.49089436141529],[-120.5041252526531,34.49090168030165],[-120.50412838275334,34.49090625182568],[-120.50412941716725,34.490908075987505],[-120.50413254726796,34.490912647511436],[-120.50413464295485,34.49091539487351],[-120.50414302570373,34.4909263843215],[-120.50414721707897,34.4909318790453],[-120.50415252344514,34.49093649504603],[-120.50417374891565,34.49095495904685],[-120.50417905528471,34.49095957504654],[-120.50418547664482,34.49096331232276],[-120.50419831936674,34.490970786874264],[-120.50420153004761,34.49097265551194],[-120.50420689013535,34.490975469587376],[-120.50420903954215,34.49097641502517],[-120.5042143996304,34.4909792291003],[-120.50422297040079,34.49098391181235],[-120.50422941862253,34.49098674812482],[-120.50423371743729,34.49098863899964],[-120.50423801625226,34.49099052987432],[-120.50424555260771,34.490993388423824],[-120.50425202768857,34.490995323773575],[-120.50426174031043,34.49099822679757],[-120.50426497785121,34.49099919447206],[-120.50427254106576,34.49100115205837],[-120.50428228054632,34.49100315411917],[-120.50428878248601,34.491004188505414],[-120.50429528442588,34.49100522289132],[-120.50429854882441,34.491005289603315],[-120.50430722703025,34.49100636846322],[-120.50430828830619,34.4910072916621],[-120.50431805464532,34.49100839275846],[-120.50432675970856,34.491008570655346],[-120.50436375622819,34.49100932671019],[-120.50437246129182,34.491009504603824],[-120.50438228134465,34.491008803771706],[-120.50438339633372,34.491007925046596],[-120.50439212825337,34.49100720197714],[-120.50439539265223,34.491007268686566],[-120.50440194830587,34.49100650114344],[-120.50440850395944,34.49100573359996],[-120.50441835086744,34.49100413180322],[-120.50442602150929,34.49100248553332],[-120.50442931276365,34.4910016512801],[-120.50443918652641,34.490999148519926],[-120.50444576903462,34.49099748001266],[-120.50445346653076,34.49099493277926],[-120.50445787277276,34.49099321979942],[-120.50446227901456,34.490991506819434],[-120.50446888837695,34.49098893734914],[-120.50447772771463,34.49098461042641],[-120.50448324894336,34.49098201871956],[-120.50448545206375,34.490981162229104],[-120.50449097329202,34.49097857052189],[-120.50449429139982,34.49097683530509],[-120.50450756382959,34.49096989443688],[-120.50451420004369,34.49096642400222],[-120.50451977497937,34.490962030370035],[-120.50454207471627,34.490944455838495],[-120.50454764964906,34.49094006220489],[-120.50455216330333,34.49093474537419],[-120.50456119061012,34.49092411171218],[-120.50456344743645,34.49092145329655],[-120.5045668461027,34.49091701519211],[-120.50456798794272,34.49091523550334],[-120.50457138660848,34.49091079739873],[-120.50457367028808,34.490907238021045],[-120.50457459729606,34.490912666026865],[-120.50457451673414,34.49091536891238],[-120.50457544374223,34.49092079691821],[-120.5045763707504,34.49092622492402],[-120.50457830532895,34.49093437805012],[-120.50458029361569,34.49094072925252],[-120.50458130118612,34.49094345437281],[-120.50458432389783,34.49095162973361],[-120.50458633903926,34.49095707997411],[-120.50458941545962,34.49096345341113],[-120.50459148430932,34.490967101727875],[-120.50459355315917,34.49097075004461],[-120.50459665643432,34.490976222519635],[-120.50460188226793,34.49098354138753],[-120.50460501239777,34.49098811290054],[-120.50460604682321,34.49098993705879],[-120.50460917695351,34.49099450857171],[-120.50461127265844,34.49099725592634],[-120.50461965547953,34.491008245344524],[-120.5046238468909,34.491013740053425],[-120.50462915328957,34.49101835603474],[-120.50465037889012,34.49103681995791],[-120.50465568529172,34.49104143593818],[-120.50466210668074,34.49104517319048],[-120.50467494946052,34.49105264769413],[-120.5047391633946,34.49109002019348],[-120.50474237409286,34.49109188881763],[-120.50474773420767,34.49109470287038],[-120.50474988362416,34.49109564829902],[-120.50475524373948,34.49109846235146],[-120.50476381455434,34.4911031450273],[-120.50477026280518,34.49110598131235],[-120.50477456163932,34.49110787216887],[-120.50477886047368,34.49110976302525],[-120.50478639686023,34.49111262154259],[-120.50479287196444,34.49111455686454],[-120.50480258462136,34.491117459846855],[-120.50480582217385,34.49111842750746],[-120.50481338541377,34.49112038506124],[-120.50482312492369,34.491122387080004],[-120.50482962688109,34.491123421438104],[-120.50483612883865,34.49112445579587],[-120.50483939324316,34.49112452249363],[-120.50484807147068,34.491125601315886],[-120.50484913275432,34.49112652451036],[-120.5048588991171,34.49112762556435],[-120.50486760419633,34.49112780342323],[-120.50488283808514,34.4911281146748],[-120.50489154316458,34.49112829253199],[-120.5049013632297,34.49112759165856],[-120.5049024782153,34.49112671292854],[-120.5049112101453,34.49112598982229],[-120.50491447455006,34.491126056518034],[-120.50492103021008,34.491125288947245],[-120.50492758587,34.49112452137611],[-120.50493743278486,34.49112291953768],[-120.5049451034296,34.4911212732352],[-120.50494839468443,34.491120438968],[-120.50495826844856,34.49111793616578],[-120.50496485095768,34.491116267630524],[-120.50497254845126,34.4911137203642],[-120.50497695469022,34.49111200736548],[-120.504981360929,34.49111029436658],[-120.50498797028683,34.49110772486793],[-120.50499680961299,34.49110339790704],[-120.50500233083518,34.49110080617642],[-120.50500453395406,34.49109994967651],[-120.50501005517583,34.49109735794551],[-120.50501337327862,34.491095622714354],[-120.50502664568836,34.49108868178877],[-120.50503328189245,34.4910852113254],[-120.50503885681067,34.49108081766875],[-120.50506115647782,34.491063243039314],[-120.50506673139311,34.49105884938123],[-120.50507124502252,34.49105353253027],[-120.50508027227953,34.49104289882775],[-120.50512540852958,34.49098973030336],[-120.50512766534054,34.49098707187662],[-120.50513106398074,34.49098263375532],[-120.50513220581009,34.4909808540608],[-120.50513560444979,34.49097641593935],[-120.50514125989916,34.49096931939075],[-120.50514468538579,34.49096398030679],[-120.50514696904328,34.49096042091741],[-120.50514925270058,34.49095686152797],[-120.50515270503394,34.490950621481495],[-120.50515504238625,34.49094526016747],[-120.50515854841409,34.490937218196315],[-120.50515971708987,34.490934537539225],[-120.50516208128892,34.49092827526278],[-120.50516449918281,34.49092021106178],[-120.50516574840101,34.49091482751789],[-120.50516699761901,34.49090944397398],[-120.5051670781618,34.49090674108726],[-120.50516838107474,34.490899555618824],[-120.50516949605449,34.49089867688608],[-120.5051708258146,34.49089059045536],[-120.50517104059487,34.49088338275735],[-120.5051714164602,34.49087076928585],[-120.50517163124026,34.490863561587815],[-120.50517078473614,34.490855430698076],[-120.50516972345204,34.49085450750635],[-120.5051688501006,34.49084727757884],[-120.50516893064317,34.49084457469208],[-120.50516800359681,34.49083914668907],[-120.50516707655056,34.49083371868605],[-120.5051651419158,34.490825565566766],[-120.50516315358621,34.490819214371975],[-120.50516214599776,34.490816489255685],[-120.50515912323273,34.4908083139068],[-120.50515710805637,34.490802863674176],[-120.50515403159702,34.49079649024969],[-120.5051519627259,34.4907928419415],[-120.50514989385499,34.49078919363328],[-120.50514679054893,34.4907837211709],[-120.50514156467757,34.4907764023246],[-120.50513843452472,34.490771830824286],[-120.50513740008978,34.49077000667008],[-120.50513426993737,34.490765435169685],[-120.50513217422002,34.490762687823434],[-120.50512588706879,34.49075444578456],[-120.50513350398072,34.490754601393014],[-120.50514112089272,34.490754757001],[-120.50515311717355,34.4907541005646],[-120.50515749654227,34.49075328852055],[-120.50516514030176,34.490752543164774],[-120.50516949282289,34.49075263208254],[-120.50518042782039,34.49075105245174],[-120.50518701029651,34.490749383902966],[-120.50519030153447,34.49074854962842],[-120.50519027468728,34.49074945059071],[-120.5051890254738,34.49075483413517],[-120.50518894493214,34.49075753702201],[-120.50518764202396,34.49076472249098],[-120.50518652704626,34.490765601223984],[-120.50518519729042,34.490773687655185],[-120.50518498251225,34.49078089535338],[-120.50518460665022,34.49079350882522],[-120.50518439187184,34.490800716523395],[-120.50518523837708,34.49080884741315],[-120.5051862996608,34.490809770604734],[-120.50518717301357,34.4908170005322],[-120.50518709247169,34.49081970341901],[-120.50518801951912,34.490825131421936],[-120.5051889465667,34.49083055942486],[-120.50519088120392,34.49083871254386],[-120.50519286953597,34.4908450637383],[-120.50519387712575,34.49084778885438],[-120.5051968998954,34.490855964202574],[-120.50519891507545,34.49086141443466],[-120.50520199154037,34.49086778785819],[-120.50520406041538,34.490871436165676],[-120.5052061292905,34.49087508447312],[-120.50520923260355,34.49088055693424],[-120.50521445848695,34.490887875778064],[-120.50521758864801,34.49089244727672],[-120.5052186230861,34.490894271430356],[-120.50522175324761,34.49089884292892],[-120.50522384897114,34.49090159027383],[-120.50523223186654,34.49091257965317],[-120.50523642331507,34.49091807434266],[-120.50524172974349,34.490922690298596],[-120.50526295546302,34.4909411541203],[-120.50526826189439,34.49094577007521],[-120.50527468330574,34.49094950729619],[-120.5052875261302,34.49095698173723],[-120.50535174028758,34.490994353923476],[-120.505354950997,34.49099622253197],[-120.5053603111282,34.490999036558485],[-120.5053624605499,34.49099998197655],[-120.50536782068161,34.49100279600275],[-120.50537639152401,34.49100747863669],[-120.5053828397905,34.491010314889984],[-120.50538713863507,34.49101220572534],[-120.50539143747986,34.49101409656056],[-120.50539897388133,34.49101695504064],[-120.50540544899448,34.49101889033042],[-120.50541516166487,34.49102179326447],[-120.50541839922181,34.49102276090899],[-120.50542596246999,34.491024718425074],[-120.50543246442935,34.491025752751064],[-120.50543559460735,34.49103032424477],[-120.50543978607507,34.49103581892801],[-120.50544397754334,34.49104131361113],[-120.50544819585683,34.4910459073317],[-120.50544928399117,34.4910459295588],[-120.50545137972577,34.49104867690022],[-120.50545772061969,34.49105511699949],[-120.5054640883591,34.49106065613603],[-120.50547576255023,34.491070811218904],[-120.50548106900166,34.491075427165335],[-120.50548749043281,34.49107916437589],[-120.50550033329687,34.49108663879608],[-120.50550675472978,34.4910903760057],[-120.50550996544645,34.491092244610385],[-120.50551532558924,34.49109505863054],[-120.50551747501528,34.49109600404605],[-120.5055249845848,34.49109976348129],[-120.50552819530225,34.49110163208552],[-120.50553679300795,34.491105413746496],[-120.50554541755815,34.49110829444442],[-120.50555404210903,34.49111117514175],[-120.50555942909818,34.49111308819761],[-120.50556699235824,34.491115045705406],[-120.50557455561867,34.49111700321277],[-120.5055810307441,34.49111893849372],[-120.50559185841153,34.49112096267789],[-120.50559621095321,34.49112105158129],[-120.50560380105809,34.49112210812439],[-120.5056081535999,34.49112219702736],[-120.50561574370508,34.49112325356972],[-120.50561683184054,34.49112327579538],[-120.50561789313305,34.491124198983535],[-120.50562765950959,34.49112529997644],[-120.50563636459368,34.49112547778054],[-120.5056439815423,34.49112563335864],[-120.50565268662653,34.4911258111616],[-120.50566250668888,34.49112511022661],[-120.50566362166688,34.4911242314893],[-120.50567235359348,34.491123508328286],[-120.50567561800003,34.49112357500371],[-120.50568217365547,34.49112280739171],[-120.50568872931082,34.49112203977937],[-120.50569857621467,34.49112043787889],[-120.50570624684723,34.491118791527924],[-120.50571391747953,34.49111714517645],[-120.50572158811154,34.491115498824485],[-120.50572925874329,34.491113852472026],[-120.50583914591606,34.49108003638075],[-120.50584575524805,34.49107746683439],[-120.50585124960422,34.49107577602681],[-120.50585565582514,34.49107406299547],[-120.50586226515618,34.49107149344819],[-120.50587110443719,34.49106716642183],[-120.50587774060739,34.49106369591094],[-120.50588437677703,34.49106022539966],[-120.50589101294615,34.491056754887985],[-120.50589764911474,34.49105328437594],[-120.50589987906405,34.49105152689669],[-120.50590319714803,34.49104979164045],[-120.50590874518088,34.49104629890468],[-120.50590986015533,34.49104542016495],[-120.50591652316193,34.491041048689056],[-120.50592209803327,34.491036654989884],[-120.50592767290398,34.491032261290435],[-120.50593324777415,34.4910278675907],[-120.50593884948313,34.49102257292792],[-120.50594336305703,34.49101725604218],[-120.50595690377524,34.491001305383776],[-120.50596141734681,34.49099598849725],[-120.50596707272999,34.49098889190743],[-120.50597049816626,34.49098355279805],[-120.50597278179018,34.490979993391726],[-120.50597623406468,34.490973753319345],[-120.5059796863386,34.490967513246844],[-120.50598319228978,34.49095947124863],[-120.50598552959012,34.49095410991641],[-120.50598672507903,34.49095052828747],[-120.5059890623789,34.49094516695515],[-120.5059902578675,34.49094158532617],[-120.50599028470627,34.490940684363366],[-120.50599031154503,34.490939783400556],[-120.50599033838382,34.49093888243775],[-120.50599264884434,34.490934422068136],[-120.50599270252182,34.49093262014252],[-120.50599392484878,34.490928137550675],[-120.50599514717558,34.4909236549588],[-120.50599642317962,34.49091737044128],[-120.50599780653809,34.490907482072494],[-120.5059983969884,34.49088766089053],[-120.50599858485886,34.490881354150794],[-120.50599779195117,34.49087142133767],[-120.5059968111732,34.490867795264265],[-120.50599591091124,34.49086146630242],[-120.50599501064936,34.490855137340546],[-120.5059941103876,34.49084880837867],[-120.50599214883246,34.490841556231814],[-120.5059901336003,34.4908361060106],[-120.50598811836836,34.49083065578933],[-120.50598610313668,34.49082520556806],[-120.50598408790522,34.49081975534674],[-120.50598101138101,34.49081338194036],[-120.50597894247261,34.49080973364462],[-120.50597687356435,34.490806085348844],[-120.50597377020232,34.49080061290514],[-120.50596854425542,34.49079329409108],[-120.50596541405548,34.490788722609985],[-120.50596437960188,34.49078689846202],[-120.50596124940238,34.49078232698085],[-120.50595915365658,34.49077957964762],[-120.50591827322074,34.490726457125014],[-120.50591620431705,34.49072280882838],[-120.50591097837973,34.4907154900122],[-120.50590676005532,34.49071089630702],[-120.50590463747356,34.490709049935774],[-120.50590039231028,34.49070535719318],[-120.50589933101953,34.490704434007505],[-120.50589935785905,34.49070353304473],[-120.50589405140566,34.49069891711625],[-120.50587813204902,34.49068506932958],[-120.50587282559798,34.49068045340028],[-120.5058664041778,34.49067671621036],[-120.50584713992077,34.49066550463868],[-120.50584501734147,34.490663658266485],[-120.50583644650474,34.4906589756656],[-120.5058299982477,34.490656139436624],[-120.50582354999109,34.49065330320733],[-120.50581925115361,34.49065141238763],[-120.5058117147683,34.49064855393414],[-120.50580523967247,34.490646618666645],[-120.50579876457697,34.49064468339883],[-120.50579552702933,34.49064371576479],[-120.50578796380493,34.490641758272616],[-120.50578040058093,34.49063980077999],[-120.5057739254866,34.49063786551089],[-120.50576309787552,34.49063584134525],[-120.50575874535849,34.49063575244888],[-120.50575879904041,34.4906339505235],[-120.50576121686726,34.490625886307456],[-120.50576246604184,34.49062050275538],[-120.50576371521626,34.49061511920327],[-120.50576379573893,34.49061241631517],[-120.50576509859484,34.49060523083764],[-120.50576621356454,34.490604352098956],[-120.50576754326089,34.49059626565868],[-120.50576775798748,34.490589057957045],[-120.50576813375883,34.490576444479196],[-120.5057683484852,34.49056923677753],[-120.50576750192398,34.490561105889185],[-120.5057664406365,34.49056018270249],[-120.5057655672347,34.49055295277683],[-120.50576564775712,34.490550249888706],[-120.50576570143872,34.490548447963285],[-120.50576787769496,34.49054849241127],[-120.50577114207938,34.49054855908317],[-120.50577982026381,34.4905496378372],[-120.50578088155136,34.490550561023774],[-120.50579064786436,34.490551662000904],[-120.50579935288994,34.49055183979083],[-120.50581458668483,34.49055215092172],[-120.50582329171061,34.49055232870995],[-120.50583311170476,34.490551627758215],[-120.50583422667307,34.49055074901885],[-120.50584295853878,34.49055002584291],[-120.50584622292345,34.49055009251281],[-120.50585277853261,34.49054932488957],[-120.50585933414169,34.49054855726597],[-120.50586918097497,34.49054695534852],[-120.50587685155158,34.49054530898426],[-120.5058801427757,34.49054447469046],[-120.50589001644767,34.49054197180849],[-120.50589659889533,34.490540303220065],[-120.50590429631016,34.49053775589121],[-120.50590870250109,34.49053604285656],[-120.50591310869186,34.49053432982174],[-120.50591971797766,34.49053176026919],[-120.50592855719717,34.490527433235734],[-120.50593407835402,34.49052484145982],[-120.50593628144888,34.490523984941944],[-120.5059418026053,34.49052139316567],[-120.50594512066677,34.49051965790721],[-120.50595839291125,34.490512716872374],[-120.5059650290327,34.490509246354385],[-120.50597060386441,34.490504852651014],[-120.50599290318542,34.49048727783467],[-120.5059984780142,34.49048288412988],[-120.50600299155319,34.49047756724008],[-120.50601201862936,34.49046693345989],[-120.50605715397522,34.49041376454719],[-120.50605941074097,34.490411106101035],[-120.50606280930808,34.490406667950246],[-120.50606395110952,34.490404888245656],[-120.50606734967612,34.490400450094725],[-120.50607300500717,34.490393353497225],[-120.50607643041008,34.49038801438306],[-120.50607871401178,34.490384454973515],[-120.50608099761324,34.490380895563945],[-120.50608444985231,34.49037465548654],[-120.50608678712761,34.49036929415092],[-120.50609029303997,34.49036125214738],[-120.50609146167726,34.49035857147949],[-120.50609382578867,34.49035230918073],[-120.5060962435738,34.49034424495596],[-120.50609749272168,34.49033886139911],[-120.50609874186942,34.49033347784222],[-120.50609882238041,34.490330774953314],[-120.50610012520185,34.490323589470464],[-120.50610124016431,34.49032271072839],[-120.50610256982232,34.4903146242825],[-120.50610278451782,34.49030741657871],[-120.50610316023476,34.490294803097036],[-120.50610337493006,34.49028759539322],[-120.50610252833725,34.49027946450556],[-120.50610146704925,34.49027854132173],[-120.50610059361975,34.49027131139704],[-120.50610067413054,34.4902686085081],[-120.50609974702729,34.49026318050936],[-120.50609881992418,34.490257752510615],[-120.50609688520741,34.49024959940205],[-120.50609489681709,34.49024324821941],[-120.50609388920353,34.49024052310958],[-120.50609086636327,34.49023234778001],[-120.50608885113672,34.49022689756027],[-120.5060857746233,34.49022052415658],[-120.50608370572324,34.49021687586272],[-120.50608163682334,34.490213227568844],[-120.50607853347383,34.49020775512797],[-120.50607330755122,34.49020043631897],[-120.5060701773655,34.490195864840885],[-120.50606914291608,34.49019404069385],[-120.50606601273083,34.49018946921567],[-120.50606391699507,34.490186721884506],[-120.50605553405352,34.49017573255952],[-120.50605134258352,34.49017023789684],[-120.5060460361533,34.490165621975734],[-120.50602481043822,34.49014715828913],[-120.50601950401092,34.49014254236697],[-120.50601308262348,34.490138805185964],[-120.50600023985034,34.49013133082301],[-120.5059970291574,34.49012946223208],[-120.50599166905687,34.490126648234664],[-120.50598951964918,34.49012570282822],[-120.50598415954914,34.49012288883048],[-120.50597558875751,34.49011820624106],[-120.50596914053578,34.49011537002081],[-120.50596484172154,34.49011347920714],[-120.50596054290752,34.49011158839331],[-120.50595300656427,34.49010872995022],[-120.50594653150571,34.49010679469174],[-120.50593681891843,34.4901038918034],[-120.50593358138948,34.49010292417378],[-120.50592601820942,34.490100966692],[-120.50591627878487,34.49009896476496],[-120.50590977688923,34.490097930467456],[-120.50590327499373,34.49009689616963],[-120.50590001062659,34.49009682950202],[-120.50589133248666,34.49009575075846],[-120.5058902712033,34.49009482757296],[-120.5058805049414,34.490093726605984],[-120.5058717999629,34.49009354882389],[-120.50585656625073,34.49009323770373],[-120.50584786127243,34.49009305991994],[-120.5058380413324,34.490093760875254],[-120.50583692637053,34.49009463961497],[-120.50583257388136,34.49009455072245],[-120.50583148575909,34.49009452849929],[-120.5058238689031,34.490094372936944],[-120.5058151370851,34.49009509611361],[-120.50570578804313,34.49011089298932],[-120.50569591441828,34.49011339585851],[-120.50569153508745,34.49011420792364],[-120.50568495267046,34.490115876502394],[-120.50568166146188,34.49011671079164],[-120.50567178783572,34.490119213658815],[-120.505665205418,34.49012088223647],[-120.505657508036,34.49012342955173],[-120.50565310186276,34.490125142578144],[-120.50564869568935,34.49012685560439],[-120.5056420864289,34.49012942514344],[-120.50563324723927,34.49013375215759],[-120.5056277261005,34.49013634392075],[-120.50562552301331,34.490137200433416],[-120.5056200018741,34.49013979219621],[-120.50561668382201,34.49014152744628],[-120.50560341161236,34.490148468445646],[-120.50559677550673,34.490151938944756],[-120.50559120068115,34.49015633263146],[-120.50556890137301,34.490173907375436],[-120.50556332654452,34.490178301060716],[-120.50555881299599,34.49018361793397],[-120.50554978589717,34.490194251679924],[-120.5055475291221,34.49019691011628],[-120.5055441305378,34.49020134825205],[-120.50554298872866,34.49020312795147],[-120.50553959014385,34.49020756608707],[-120.50553393478269,34.49021466265863],[-120.50553050935392,34.49022000175652],[-120.50552822573448,34.49022356115507],[-120.50552594211484,34.49022712055353],[-120.50552248984192,34.49023336061374],[-120.5055201525355,34.49023872193726],[-120.50551664657526,34.49024676392241],[-120.50551547792169,34.4902494445841],[-120.50551311377109,34.490255706870016],[-120.5055106959336,34.490263771081004],[-120.50550944674976,34.49026915463032],[-120.5055081975657,34.490274538179634],[-120.50550811703582,34.49027724106734],[-120.5055068141649,34.49028442654175],[-120.5055056991971,34.490285305278164],[-120.50550436948247,34.490293391715085],[-120.50550415473558,34.490300599415605],[-120.50550391314525,34.490308708078686],[-120.5055006756143,34.49030774043749],[-120.50549958748951,34.49030771821126],[-120.505498579895,34.49030499309734],[-120.505495503425,34.49029861968066],[-120.50549343454959,34.49029497137788],[-120.50549136567437,34.49029132307506],[-120.50548826236182,34.49028585062078],[-120.505483036488,34.49027853178863],[-120.50547990633284,34.490273960296726],[-120.50547887189573,34.49027213614523],[-120.50547574174104,34.49026756465324],[-120.50547364602353,34.49026481731272],[-120.50546526315489,34.490253827950355],[-120.50546107172136,34.49024833326898],[-120.50545576532065,34.49024371732344],[-120.50543453972361,34.490225253539194],[-120.5054292333258,34.49022063759261],[-120.5054228119609,34.490216900381476],[-120.50540996923287,34.49020942595826],[-120.50540675855123,34.490207557352264],[-120.50540139846737,34.490204743329585],[-120.50539924906505,34.49020379791296],[-120.50539388898169,34.490200983889984],[-120.50538746761993,34.49019724667711],[-120.50538651371932,34.490192719637434],[-120.50538545244065,34.49019179644777],[-120.50538457907378,34.490184566520576],[-120.50538465960737,34.49018186363308],[-120.50538373255154,34.49017643563088],[-120.50538280549583,34.49017100762869],[-120.50538087085103,34.490162854511766],[-120.50537888251745,34.49015650331984],[-120.50537787492846,34.49015377820511],[-120.50537485216185,34.49014560286089],[-120.50537283698442,34.49014015263136],[-120.50536976052948,34.49013377921204],[-120.50536769166331,34.49013013090745],[-120.50536562279729,34.49012648260283],[-120.50536251949862,34.49012101014586],[-120.50535729364552,34.49011369130905],[-120.50535416350304,34.49010911981438],[-120.50535312907056,34.49010729566198],[-120.50534999892852,34.49010272416723],[-120.50534790321906,34.49009997682484],[-120.50533952038262,34.490088987454996],[-120.50533532896519,34.49008349276988],[-120.50533002258165,34.490078876819524],[-120.50530879705327,34.490060413015975],[-120.50530349067263,34.49005579706456],[-120.50529706932595,34.49005205984752],[-120.50528422663436,34.49004458541247],[-120.50528101596183,34.49004271680353],[-120.50527565589275,34.490039902775884],[-120.5052735064961,34.490038957357264],[-120.50526814642753,34.490036143329334],[-120.50525957568772,34.49003146069171],[-120.50525312749915,34.490028624434935],[-120.50524882870704,34.4900267335969],[-120.5052445299151,34.490024842758736],[-120.50523699360676,34.49002198427281],[-120.50523051857373,34.490020048977314],[-120.50522080602478,34.490017146033466],[-120.50521756850861,34.490016178385346],[-120.5052100053558,34.490014220860225],[-120.50520026596199,34.4900122188772],[-120.50519376408428,34.49001118454222],[-120.50518726220672,34.49001015020691],[-120.50518399784475,34.49001008352032],[-120.50517531972619,34.4900090047266],[-120.50517425845216,34.490008081535265],[-120.50516884469577,34.490007069427946],[-120.50516465329369,34.49000157473756],[-120.50516152316587,34.48999700323852],[-120.5051604887389,34.489995179084694],[-120.50515735861153,34.48999060758557],[-120.50515526291117,34.48998786024022],[-120.50514688011116,34.48997687085854],[-120.50514268871198,34.489971376167524],[-120.5051373823463,34.48996676020947],[-120.50511615688941,34.489948296375196],[-120.50511085052666,34.4899436804161],[-120.50510442919753,34.4899399431896],[-120.50509158654098,34.48993246873566],[-120.50508837587722,34.489930600121966],[-120.5050830158221,34.48992778608644],[-120.50508086643065,34.48992684066462],[-120.50507550637603,34.48992402662878],[-120.50506693565895,34.48991934397851],[-120.50506048748595,34.48991650771217],[-120.50505618870422,34.489914616867765],[-120.5050518899227,34.4899127260232],[-120.50504435363153,34.48990986752605],[-120.5050378786121,34.48990793222088],[-120.50502816608358,34.489905029262516],[-120.50502492857424,34.48990406160956],[-120.50501736543666,34.489902104073096],[-120.50500762606131,34.48990010207543],[-120.50500112419523,34.489899067730654],[-120.50499462232935,34.48989803338554],[-120.50499135797222,34.489897966693995],[-120.50498267986853,34.489896887887184],[-120.5049816185981,34.48989596469431],[-120.50497185237583,34.489894863656104],[-120.50496314742402,34.489894685810185],[-120.50494791375856,34.48989437457831],[-120.50493920880695,34.48989419673068],[-120.50492938888738,34.48989489761358],[-120.50492827391928,34.48989577634474],[-120.50492392144346,34.489895687420294],[-120.50492283332451,34.48989566518915],[-120.5049152164919,34.48989550957095],[-120.504906484691,34.489896232683186],[-120.50479713579128,34.489912028749046],[-120.50478726216777,34.48991453154463],[-120.50478288284073,34.48991534357726],[-120.5047763004246,34.48991701210694],[-120.50477300921644,34.489917846371654],[-120.50476313559162,34.48992034916522],[-120.50475655317476,34.48992201769381],[-120.5047488557874,34.489924564951444],[-120.50474444960837,34.48992627794473],[-120.50474004342915,34.489927990937865],[-120.50473343416003,34.489930560427254],[-120.50472459494922,34.48993488737459],[-120.50471907379843,34.489937479096085],[-120.50471687070832,34.48993833559218],[-120.5047113495571,34.4899409273133],[-120.5047080314959,34.489942662538255],[-120.5046947592497,34.489949603437104],[-120.50468812312579,34.48995307388594],[-120.50468254826903,34.48995746752978],[-120.50466024883617,34.48997504210226],[-120.5046546739765,34.48997943574467],[-120.5046501603839,34.48998475258244],[-120.50464113319691,34.48999538625741],[-120.50463887639978,34.48999804467603],[-120.50463547777765,34.49000248278487],[-120.50463433595269,34.490004262475125],[-120.50463093733005,34.49000870058382],[-120.50462528190897,34.49001579711072],[-120.50462185643278,34.4900211361811],[-120.50461957278175,34.490024695561296],[-120.50461728913048,34.490028254941436],[-120.50461383680056,34.490034494973536],[-120.50461149944337,34.49003985627752],[-120.504607993407,34.490047898233385],[-120.50460682472806,34.49005057888531],[-120.50460446051711,34.49005684115109],[-120.50460204260014,34.49006490534076],[-120.5046007933622,34.49007028887853],[-120.50459954412406,34.49007567241628],[-120.50459946356547,34.49007837530221],[-120.50459816062131,34.49008556076388],[-120.50459704564726,34.490086439491705],[-120.50459571584979,34.49009452591531],[-120.50459550102636,34.49010173361106],[-120.50459512508512,34.49011434707863],[-120.50459491026145,34.490121554774355],[-120.50459575670646,34.49012968566624],[-120.50459681797523,34.49013060886238],[-120.5045976912734,34.490137838792286],[-120.50459761071453,34.49014054167818],[-120.50459853771875,34.490145969684136],[-120.50459946472303,34.490151397690084],[-120.50460139929069,34.49015955081609],[-120.50460338756453,34.49016590201813],[-120.50460439512801,34.490168627138175],[-120.50460741781882,34.49017680249821],[-120.50460839852964,34.49018042858018],[-120.5046072029957,34.49018401019394],[-120.50460369695199,34.49019205214922],[-120.50460252827061,34.49019473280095],[-120.5046001640546,34.49020099506633],[-120.50459774613216,34.49020905925554],[-120.50459649689121,34.490214442793054],[-120.50459524765006,34.49021982633054],[-120.50459516709088,34.4902225292164],[-120.50459386414336,34.49022971467775],[-120.50459274916724,34.490230593405435],[-120.50459141936618,34.4902386798287],[-120.50459120454121,34.49024588752426],[-120.50459082859732,34.49025850099149],[-120.50459061377211,34.49026570868703],[-120.50459146021727,34.490273839578805],[-120.50459252148771,34.490274762775044],[-120.50459339478623,34.49028199270487],[-120.50459331422682,34.490284695590695],[-120.50459424123173,34.49029012359664],[-120.50459516823675,34.490295551602564],[-120.50459712965956,34.49030280376664],[-120.50458953964501,34.490301747164594],[-120.50458083465348,34.4903015692896],[-120.50456560091848,34.49030125800687],[-120.50455689592712,34.49030108013018],[-120.50454707595831,34.490301780980076],[-120.50454596098075,34.49030265970727],[-120.50454160848504,34.4903025707683],[-120.50454052036113,34.490302548533535],[-120.50453399161766,34.49030241512473],[-120.50453404532524,34.490300613200915],[-120.50453306461661,34.4902969871185],[-120.50453216446942,34.49029065815038],[-120.50453126432238,34.490284329182245],[-120.50453036417542,34.49027800021412],[-120.50452742205077,34.49026712196675],[-120.50452644134272,34.490263495884285],[-120.5044665248256,34.4900819694006],[-120.50446549041324,34.49008014524152],[-120.50446347529731,34.49007469499957],[-120.50445939135744,34.49006559643938],[-120.5044562881215,34.490060123961975],[-120.50445522685521,34.4900592007647],[-120.50445528056403,34.490057398840946],[-120.50445217732863,34.49005192636345],[-120.50444700527049,34.49004280556748],[-120.50444490959306,34.49004005821092],[-120.5044407450931,34.49003366253583],[-120.50443658059379,34.49002726686062],[-120.5044313279749,34.490020848949705],[-120.50442817103301,34.490017178395426],[-120.50441761208904,34.490006144496505],[-120.50441230576328,34.49000152850859],[-120.50439638678948,34.48998768054362],[-120.50439108046606,34.48998306455487],[-120.50438893108182,34.48998211912115],[-120.50439437167998,34.48998223030074],[-120.5044030766371,34.48998240818758],[-120.50441289656872,34.48998170734767],[-120.50441401154316,34.489980828621526],[-120.50442274335494,34.489980105545094],[-120.50442600771382,34.48998017225197],[-120.50443256328622,34.48997940470358],[-120.50443911885853,34.48997863715485],[-120.50444896564397,34.48997703535011],[-120.50445663618991,34.48997538907392],[-120.50445992740299,34.489974554817984],[-120.50446980104181,34.48997205204964],[-120.50447638346742,34.48997038353695],[-120.50448408086629,34.48996783629706],[-120.5044884870523,34.489966123313515],[-120.50449289323814,34.48996441032978],[-120.50449950251657,34.489961840853866],[-120.50450834174093,34.48995751392347],[-120.50451386289897,34.48995492221187],[-120.5045160659914,34.48995406571954],[-120.50452158714901,34.489951474007576],[-120.50452490521411,34.489949738787864],[-120.50453817747326,34.4899427979081],[-120.50454481360204,34.48993932746764],[-120.50455038846434,34.489934933830355],[-120.50457268790777,34.489917359278365],[-120.50457826276717,34.489912965639675],[-120.50458277636002,34.48990764880454],[-120.50459180354399,34.489897015133664],[-120.50463693942872,34.489843846767535],[-120.50463919622143,34.489841188348706],[-120.50464259483631,34.48983675023937],[-120.50464373665855,34.48983497054887],[-120.50464713527292,34.489830532439385],[-120.50465279067868,34.489823435910644],[-120.50465621614406,34.489818096838796],[-120.50465849978741,34.489814537457505],[-120.50466078343052,34.48981097807614],[-120.50466423574676,34.48980473804197],[-120.50466657309312,34.48979937673634],[-120.50467007911203,34.48979133477781],[-120.50467124778486,34.489788654124936],[-120.50467361198201,34.48978239185706],[-120.5046760298823,34.48977432766498],[-120.50467727910984,34.48976894412581],[-120.5046785283372,34.48976356058659],[-120.50467860889229,34.48976085770036],[-120.50467991182278,34.48975367223697],[-120.50468102679133,34.489752793508096],[-120.50468235657308,34.48974470708257],[-120.50468257138618,34.489737499385924],[-120.50468294730898,34.48972488591674],[-120.50468316212188,34.48971767822005],[-120.50468231566998,34.4897095473281],[-120.50468125440526,34.48970862413283],[-120.50468038110196,34.489701394202946],[-120.50468046165685,34.4896986913167],[-120.50467953465042,34.48969326331097],[-120.5046786076441,34.48968783530524],[-120.5046766730768,34.48967968218005],[-120.50467468480655,34.489673330979],[-120.50467367724568,34.48967060585951],[-120.50467065456347,34.489662430501006],[-120.5046686394423,34.48965698026197],[-120.50466556305753,34.48965060682753],[-120.50466349423344,34.48964695851261],[-120.50466142540951,34.489643310197636],[-120.50465832217394,34.48963783772513],[-120.50465309641186,34.48963051886162],[-120.5046499663254,34.48962594735102],[-120.50464893191393,34.489624123193444],[-120.50464580182795,34.48961955168275],[-120.50464370615346,34.48961680432961],[-120.50463532345695,34.48960581491672],[-120.50463113210951,34.489600320210094],[-120.50462582579571,34.48959570423179],[-120.5046046005463,34.48957724031651],[-120.5045992942354,34.489572624337164],[-120.50459287295824,34.48956888708577],[-120.50458003040568,34.48956141258204],[-120.5045768197679,34.48955954395592],[-120.50457145975439,34.48955672989954],[-120.50456931037856,34.489555784469324],[-120.50456395036552,34.48955297041264],[-120.50455537971605,34.48954828772907],[-120.50454893158991,34.48954545143754],[-120.50454463283941,34.48954356057634],[-120.50454033408913,34.489541669714995],[-120.50453279785005,34.489538811188304],[-120.50452632287235,34.489536875857645],[-120.50451661040641,34.48953397286104],[-120.50451337291791,34.489533005195334],[-120.50450580982732,34.48953104762906],[-120.50449607050942,34.48952904559285],[-120.50448956867994,34.4895280112223],[-120.50448306685063,34.489526976851394],[-120.50447980250925,34.48952691014681],[-120.50447112445264,34.48952583130552],[-120.50447006319258,34.489524908108585],[-120.50446029702263,34.48952380703157],[-120.50445159211277,34.48952362915087],[-120.50443635852072,34.48952331785815],[-120.50442765361107,34.489523139975745],[-120.50441783373356,34.48952384081923],[-120.50441671876558,34.48952471954572],[-120.50441236631075,34.4895246306039],[-120.50441127819704,34.48952460836841],[-120.50440366140111,34.489524452719785],[-120.50439492963706,34.489525175796956],[-120.50428558115918,34.48954097142218],[-120.50427570756746,34.48954347417776],[-120.50427132825625,34.4895442861927],[-120.50426474586132,34.48954595469571],[-120.50426145466376,34.489546788947074],[-120.50425158107075,34.489549291700634],[-120.5042449986751,34.48955096020254],[-120.50423730130906,34.48955350742886],[-120.50423289514076,34.48955522040418],[-120.50422848897226,34.489556933379326],[-120.50422187971922,34.48955950284174],[-120.5042130405247,34.489563829752825],[-120.50420751938476,34.489566421451684],[-120.5042053163,34.48956727793879],[-120.50419979515961,34.489569869637286],[-120.50419647710385,34.48957160484861],[-120.50418320487957,34.489578545692915],[-120.50417656876662,34.48958201611449],[-120.50417099391042,34.48958640973511],[-120.50415092442337,34.48960222676696],[-120.50406417070695,34.48959053712968],[-120.50405981824986,34.48959044817514],[-120.50405222830828,34.48958939154267],[-120.50405114019404,34.489589369303935],[-120.50405005207978,34.48958934706522],[-120.50405007893808,34.48958844610354],[-120.5040403127684,34.48958734499285],[-120.50403160785473,34.48958716708194],[-120.50402399105533,34.48958701140939],[-120.50401637425601,34.48958685573636],[-120.50400437814125,34.489587512068006],[-120.50399999882569,34.48958832407298],[-120.50399235516747,34.48958906936008],[-120.50398471150915,34.489589814646706],[-120.50398035905236,34.48958972568934],[-120.50396942419219,34.48959130521849],[-120.5039628417885,34.489592973704795],[-120.50395517127038,34.48959461995114],[-120.50395188006831,34.48959545419394],[-120.5039420064618,34.48959795692179],[-120.50393542405715,34.48959962540656],[-120.50392772667831,34.489602172612706],[-120.50392332050176,34.489603885576464],[-120.50391671123658,34.48960645502176],[-120.50390787202257,34.48961078190981],[-120.50389459976991,34.48961772272139],[-120.50388132751509,34.48962466353142],[-120.50387469138687,34.48962813393585],[-120.50386805525812,34.489631604339905],[-120.50386248038316,34.48963599794554],[-120.5038457557548,34.48964917876076],[-120.50384018087752,34.489653572365256],[-120.50383457913897,34.489658866930995],[-120.50383006551473,34.48966418373719],[-120.50382555188992,34.489669500543165],[-120.50382103826452,34.48967481734897],[-120.50381880831247,34.48967657479029],[-120.50381315284913,34.489683671277895],[-120.5038097273375,34.489689010324085],[-120.5038063018254,34.489694349370154],[-120.50380401815042,34.48969790873414],[-120.50380173447525,34.48970146809809],[-120.50379828210099,34.48970770810535],[-120.50379594470299,34.48971306939211],[-120.5037924386054,34.489721111322126],[-120.50379126990603,34.48972379196543],[-120.50378890564585,34.48973005421346],[-120.50378773694625,34.48973273485674],[-120.50378115452827,34.489734403332555],[-120.50377677520326,34.48973521532908],[-120.5037701927849,34.489736883804284],[-120.50376031915692,34.48973938651641],[-120.50375262176036,34.48974193371069],[-120.50374492436335,34.48974448090445],[-120.50374051817577,34.48974619386107],[-120.50373390889409,34.489748763295694],[-120.50372506965599,34.48975309016935],[-120.50371843351128,34.489756560564494],[-120.50369852507403,34.489766971747635],[-120.5036918889272,34.489770442141236],[-120.50368968583226,34.48977129861855],[-120.50368212274296,34.489769341001185],[-120.5036788852566,34.489768373313396],[-120.50367132216788,34.489766415695385],[-120.50366158284712,34.48976441359234],[-120.50365508101265,34.48976337917702],[-120.50364857917837,34.48976234476134],[-120.50364531482992,34.48976227803407],[-120.5036366367636,34.48976119913288],[-120.50363557551039,34.48976027592901],[-120.50362580932837,34.48975917478453],[-120.50361710439961,34.48975899684333],[-120.50360187077445,34.48975868544473],[-120.5035931658459,34.48975850750181],[-120.5035833459379,34.48975920827663],[-120.50358223095834,34.48976008699496],[-120.50357787849404,34.489759998022876],[-120.50357679037796,34.48975997577984],[-120.50356917356551,34.48975982007826],[-120.50356044177333,34.48976054309431],[-120.50350576732849,34.489768440535194],[-120.50350584792146,34.48976573765138],[-120.5035050015843,34.489757606756264],[-120.50350394033264,34.489756683551306],[-120.50350306713138,34.48974945361745],[-120.50350314772437,34.48974675073364],[-120.50350222079453,34.48974132272231],[-120.50350129386482,34.48973589471098],[-120.50349935941263,34.48972774157211],[-120.50349737123204,34.489721390355754],[-120.50349636370966,34.489718665228196],[-120.50349334114289,34.48971048984552],[-120.50349132609868,34.489705039590355],[-120.50348824980394,34.48969866613011],[-120.50348618103138,34.48969501779742],[-120.503484112259,34.4896913694647],[-120.50348100910075,34.48968589696556],[-120.5034757834421,34.48967857805605],[-120.50347265342025,34.489674006517994],[-120.50347161903456,34.48967218235153],[-120.50346848901317,34.48966761081339],[-120.50346639337754,34.48966486344168],[-120.50345801083637,34.489653873954516],[-120.50345381956657,34.48964837921075],[-120.50344851331809,34.48964376318397],[-120.50342728832993,34.48962529907482],[-120.50342198208435,34.48962068304701],[-120.50341556086013,34.48961694573582],[-120.5034027184135,34.4896094711125],[-120.50339950780219,34.48960760245648],[-120.50339414782856,34.48960478834999],[-120.50339199846614,34.489603842899584],[-120.50338663849304,34.489601028792784],[-120.50337806790992,34.489596346029224],[-120.50337161982404,34.48959350967709],[-120.50336732110037,34.48959161877548],[-120.5033630223769,34.489589727873735],[-120.50335548617844,34.48958686927592],[-120.50334901122827,34.48958493388383],[-120.50333929880362,34.489582030795084],[-120.50333606132892,34.48958106309867],[-120.5033284982662,34.48957910546044],[-120.5033187589769,34.48957710333128],[-120.50331225716225,34.48957606889848],[-120.5033057553478,34.489575034465325],[-120.50330249100747,34.48957496772922],[-120.50329381296639,34.48957388880467],[-120.50329275171939,34.48957296559804],[-120.50328298556533,34.489571864427255],[-120.5032742806583,34.48957168646246],[-120.50325904707121,34.48957137502259],[-120.50325034216439,34.489571197056115],[-120.50324052227735,34.48957189780419],[-120.50323940729702,34.48957277651937],[-120.50323505484359,34.4895726875355],[-120.50323396673022,34.48957266528951],[-120.50322634993681,34.489572509567296],[-120.50321761816286,34.489573232559565],[-120.50310826946614,34.48958902711745],[-120.50309839583947,34.489591529775986],[-120.50309401651698,34.48959234174807],[-120.50308743409877,34.48959401018639],[-120.50308414288956,34.4895948444054],[-120.50307426926162,34.48959734706192],[-120.50306768684267,34.48959901549915],[-120.50305998944097,34.489601562649426],[-120.50305558324865,34.48960327558107],[-120.50305117705615,34.48960498851255],[-120.50304456776712,34.489607557909444],[-120.50303572851188,34.489611884732376],[-120.50303020733556,34.48961447637624],[-120.50302800423881,34.48961533284151],[-120.50302248306205,34.489617924484996],[-120.50301916498195,34.489619659663155],[-120.50300589266024,34.48962660037481],[-120.50299925649857,34.48963007073006],[-120.50299368158062,34.48963446429403],[-120.50297138190294,34.4896520385471],[-120.50296580698206,34.48965643210965],[-120.5029612933048,34.489661748881325],[-120.50295226594855,34.48967238242407],[-120.5029500091091,34.48967504080962],[-120.50294661041458,34.48967947886833],[-120.50275405426028,34.48971070043203],[-120.50274861368656,34.48971058918016],[-120.50274203125319,34.48971225759912],[-120.50273436070478,34.489713903767196],[-120.50272669015612,34.48971554993478],[-120.50272119583681,34.489717240603156],[-120.50271241029999,34.489719765479904],[-120.5027036247627,34.48972229035597],[-120.50269590046679,34.48972573844299],[-120.5026948123519,34.489725716192126],[-120.50269260924911,34.48972657265106],[-120.50269040614626,34.48972742910995],[-120.50268929115829,34.48972830781973],[-120.50268376996434,34.48973089944708],[-120.50268047874633,34.489731733654786],[-120.50267275444868,34.489735181740244],[-120.5026650301504,34.4897386298252],[-120.50265727897809,34.489742978870325],[-120.50265284589736,34.48974559274741],[-120.50264618283896,34.489749964043035],[-120.5026406078951,34.48975435758964],[-120.50261830811382,34.48977193177327],[-120.50261273316704,34.48977632531848],[-120.50260821946122,34.48978164207573],[-120.50260710447166,34.48978252078469],[-120.50260283263161,34.48977972889589],[-120.50259641143495,34.48977599154275],[-120.5025899902389,34.48977225418929],[-120.50257714784854,34.48976477948143],[-120.50256857729813,34.48976009666238],[-120.50256212923014,34.48975726026818],[-120.5025578305184,34.48975536933854],[-120.50255029433603,34.48975251069162],[-120.50254381939465,34.48975057525711],[-120.50253410698312,34.48974767210474],[-120.5025308695128,34.48974670438712],[-120.50252330645735,34.48974474669921],[-120.5025157434023,34.48974278901084],[-120.50250600411775,34.48974078681689],[-120.5024995023033,34.4897397523407],[-120.50249300048904,34.489738717864164],[-120.50248973614435,34.48973865110605],[-120.50248105810059,34.489737572123445],[-120.50247999686104,34.489736648910075],[-120.50247023070281,34.48973554767391],[-120.50246152578418,34.48973536965049],[-120.50245390898046,34.48973521387949],[-120.50244629217678,34.489735058108025],[-120.50243429603816,34.48973571428386],[-120.50242882858828,34.48973650397823],[-120.50242336113831,34.48973729367235],[-120.5024157174586,34.489738038859485],[-120.5024146293438,34.48973801660611],[-120.50240807377881,34.48973878404615],[-120.50240151821372,34.48973955148583],[-120.50239167142776,34.48974115312493],[-120.50238400087119,34.48974279927056],[-120.50238070965023,34.48974363347004],[-120.50237741842922,34.48974446766942],[-120.5022457695389,34.489777835569555],[-120.50223918709183,34.489779503960705],[-120.50223260464452,34.48978117235149],[-120.50222490720363,34.489783719447196],[-120.5022205009863,34.489785432347496],[-120.5022160947688,34.48978714524762],[-120.50220948544222,34.48978971459749],[-120.50220287611525,34.48979228394698],[-120.50219403680025,34.48979661070607],[-120.5021918068125,34.48979836811602],[-120.5021851706058,34.48980183842485],[-120.50217189819078,34.48980877904136],[-120.50216526198247,34.48981224934904],[-120.50215968701039,34.48981664287236],[-120.50214296209064,34.48982982344066],[-120.50213738711624,34.489834216962855],[-120.50213290025711,34.48983863274073],[-120.50212963590945,34.489838565972825],[-120.5021209041031,34.48983928888499],[-120.50201155491074,34.4898550824355],[-120.502001681225,34.48985758500242],[-120.50199730188025,34.48985839693404],[-120.50199071942265,34.489860065311284],[-120.50198742819376,34.489860899499774],[-120.50197755450672,34.48986340206467],[-120.50197097204838,34.489865070440814],[-120.5019632745927,34.489867617519316],[-120.50195886836607,34.48986933040971],[-120.50195446213928,34.48987104329995],[-120.50194785279879,34.489873612634966],[-120.5019390134629,34.489877939374594],[-120.5019334922377,34.4898805309665],[-120.50193128912377,34.48988138741115],[-120.50192576789813,34.48988397900269],[-120.50192244978626,34.48988571414951],[-120.50190917733752,34.48989265473583],[-120.50190254111234,34.489896125028416],[-120.50189696612138,34.48990051853884],[-120.5018746661516,34.48991809257774],[-120.5018690911577,34.489922486086755],[-120.5018645773979,34.48992780281401],[-120.50185554987655,34.489938436267906],[-120.50185329299583,34.48994109463125],[-120.50184989423335,34.489945532656236],[-120.50184875235168,34.4899473123179],[-120.50184535358868,34.48995175034273],[-120.50183969794367,34.489958846730524],[-120.50183627229725,34.48996418571514],[-120.50183398853271,34.489967745038165],[-120.50183170476797,34.48997130436113],[-120.50182825223793,34.48997754430556],[-120.50182591470742,34.48998290554855],[-120.50182243529378,34.48999004645287],[-120.50181922470634,34.48998817775627],[-120.50181274976643,34.48998624228298],[-120.50180303735713,34.48998333907243],[-120.50179979988752,34.489982371335415],[-120.50179223683112,34.48998041360209],[-120.50178249754023,34.48997841135003],[-120.5017759957189,34.48997737683491],[-120.50176949389774,34.48997634231945],[-120.50176622954561,34.48997627554162],[-120.50175755148997,34.48997519650695],[-120.50175649025597,34.48997427328754],[-120.50174672408339,34.4899731719927],[-120.5017380191449,34.48997299391669],[-120.50172278550268,34.48997268228216],[-120.50171408056438,34.48997250420443],[-120.50170426062502,34.48997320482624],[-120.50170314562381,34.4899740835264],[-120.50169879315465,34.48997399448692],[-120.50169770503734,34.48997397222702],[-120.50169008821638,34.48997381640747],[-120.50168135639402,34.48997453928739],[-120.50157200696528,34.489990332432455],[-120.50156213325242,34.48999283496251],[-120.50155775389725,34.489993646877856],[-120.50155446265944,34.48999448105422],[-120.50155340142754,34.48999355783314],[-120.50155236708125,34.48999173365215],[-120.50158427199395,34.489980666744124],[-120.5015864751137,34.489979810306025],[-120.50158756323097,34.48997983256692],[-120.50159196947028,34.489978119690534],[-120.50159855194391,34.489976451335586],[-120.50160516130227,34.48997388202032],[-120.50161400066433,34.489969555306125],[-120.50161952190457,34.4899669637294],[-120.50162172502363,34.48996610729063],[-120.50162724626341,34.48996351571352],[-120.50163276750288,34.48996092413616],[-120.50164160686224,34.48995659741982],[-120.5016471549853,34.489953104881806],[-120.50165384499373,34.48994783268386],[-120.50166053500126,34.4899425604855],[-120.501671685012,34.489933773487344],[-120.50167726001648,34.489929379987835],[-120.50168286190446,34.48992408552805],[-120.50168737567517,34.48991876880802],[-120.50169188944528,34.48991345208779],[-120.50169528821445,34.489909014067486],[-120.50169637633091,34.489909036327376],[-120.5017050812625,34.489909214406076],[-120.50171490119433,34.48990851378385],[-120.5017160161945,34.48990763508355],[-120.50172474800968,34.48990691220082],[-120.501728012359,34.48990697897965],[-120.50173456794118,34.489906211577],[-120.50174112352327,34.489905444174],[-120.50175097033788,34.48990384258881],[-120.50175864091936,34.48990219648419],[-120.50176193215181,34.48990136230204],[-120.50177180584873,34.48989885975509],[-120.50177838831304,34.489897191389964],[-120.5017860857764,34.48989464432351],[-120.50179049200753,34.48989293143956],[-120.50179489823849,34.489891218555464],[-120.50180150758457,34.48988864922899],[-120.50181034692812,34.489884322499684],[-120.50181586815704,34.489881730913524],[-120.501818071272,34.489880874471005],[-120.50182359250049,34.48987828288448],[-120.50182691061393,34.48987654774043],[-120.50184018306628,34.48986960716322],[-120.50184681929166,34.48986613687403],[-120.50185239428271,34.489861743365886],[-120.50187469424114,34.48984416933047],[-120.50188026922929,34.489839775820904],[-120.50188478298303,34.48983445909276],[-120.50189381048872,34.489823825635895],[-120.50193894798228,34.489770658339765],[-120.50194120485543,34.48976799997445],[-120.50194460360542,34.489763561946276],[-120.50194574548236,34.48976178228346],[-120.50194914423186,34.48975734425514],[-120.50195479985317,34.48975024786108],[-120.50195822548264,34.48974490887225],[-120.50196050923536,34.48974134954629],[-120.50196279298788,34.48973779022029],[-120.50196624549712,34.48973155027097],[-120.50196858301072,34.48972618902439],[-120.50197208928053,34.4897181471544],[-120.501973258037,34.48971546653104],[-120.50197562243036,34.48970920432405],[-120.50197804058472,34.48970114019654],[-120.50197928998273,34.489695756692406],[-120.50198053938053,34.489690373188246],[-120.50198062002245,34.489687670307546],[-120.50198192318125,34.4896804848829],[-120.50198303817558,34.48967960617987],[-120.50198434133402,34.48967242075517],[-120.5020168234614,34.48967849422775],[-120.502025501491,34.48967957324284],[-120.50203311828717,34.489679729040326],[-120.50203420640094,34.489679751297075],[-120.50203855885593,34.48967984032395],[-120.50203962008968,34.489680763540925],[-120.50204938623371,34.48968186481105],[-120.50205809114404,34.48968204286358],[-120.5020733247373,34.489682354454025],[-120.50208202964784,34.48968253250486],[-120.5020918495517,34.48968183185099],[-120.50209296454497,34.489680953146895],[-120.50210169633482,34.489680230236004],[-120.50210496067625,34.489680297004384],[-120.50211151623836,34.489679529580535],[-120.5021180718004,34.48967876215634],[-120.50212791858276,34.489677160539216],[-120.50213558913725,34.48967551440962],[-120.50213888035753,34.48967468021674],[-120.50214875401792,34.48967217763754],[-120.50215533645792,34.48967050925095],[-120.50216303389,34.48966796215921],[-120.50216744010203,34.48966624926075],[-120.50217184631389,34.48966453636213],[-120.50217845563138,34.489661967013866],[-120.50218729493245,34.489657640255224],[-120.50219281613539,34.48965504865077],[-120.50219501924082,34.48965419220101],[-120.50219939857327,34.48965338026171],[-120.50220709600258,34.489650833167055],[-120.50221479343149,34.489648286071926],[-120.50221919964152,34.489646573171484],[-120.50222580895623,34.489644003820544],[-120.50223464825314,34.489639677058264],[-120.50224128444465,34.489636206746006],[-120.50226119301605,34.489625795806916],[-120.50226782920544,34.48962232549311],[-120.50227340415854,34.48961793196391],[-120.5022901290144,34.48960475137459],[-120.5022957039652,34.48960035784427],[-120.50229573084236,34.4895994568838],[-120.50229684583242,34.489598578177706],[-120.5023013057925,34.489595063353185],[-120.50230353577238,34.48959330594084],[-120.50230802260891,34.48958889015558],[-120.50231367818856,34.4895817937429],[-120.5023159619217,34.48957823440935],[-120.5023599571497,34.48952684660504],[-120.50236221400287,34.489524188230966],[-120.50236561272055,34.48951975018951],[-120.50236675458515,34.48951797052216],[-120.50237015330232,34.48951353248056],[-120.50237580887138,34.48950643606446],[-120.50237923446375,34.489501097062025],[-120.50238151819175,34.48949753772699],[-120.50238380191955,34.489493978391906],[-120.50238725438693,34.48948773842865],[-120.50238959186628,34.48948237717235],[-120.5023930980847,34.489474335287774],[-120.50239426682403,34.489471654659546],[-120.50239663117834,34.48946539244251],[-120.50239904928412,34.489457328304276],[-120.50240029865066,34.48945194479432],[-120.50240032552655,34.48945104383377],[-120.5024037511149,34.489445704830416],[-120.50240603484023,34.489442145494785],[-120.50240948730362,34.489435905530684],[-120.50241182477988,34.48943054427379],[-120.50241533099373,34.48942250238833],[-120.50241649973152,34.48941982175981],[-120.50241886408251,34.48941355954216],[-120.5024212015575,34.489408198285],[-120.50242364653451,34.48939923318548],[-120.50242375403684,34.489395629343164],[-120.50242503027621,34.4893893448722],[-120.50242513777846,34.489385741029864],[-120.50242641401752,34.489379456558865],[-120.50242644089306,34.489378555598286],[-120.50242755587874,34.48937767689076],[-120.50242888586844,34.48936959049855],[-120.50242910087243,34.48936238281384],[-120.50242928900084,34.48935607608971],[-120.5024294771292,34.48934976936558],[-120.5024286846497,34.489339836546044],[-120.502427704042,34.48933621045064],[-120.50242778466843,34.48933350756885],[-120.5024268040608,34.489329881473445],[-120.50242685781177,34.48932807955227],[-120.50238978362604,34.489110958883316],[-120.50238880302209,34.489107332787675],[-120.50238686869007,34.48909917963575],[-120.50238591496202,34.489094652579475],[-120.50238594183772,34.48909375161889],[-120.50239138236986,34.48909386288515],[-120.50240008722137,34.48909404091068],[-120.50240990705483,34.489093340228045],[-120.5024110220367,34.48909246152049],[-120.50241211014313,34.48909248377354],[-120.5024197537635,34.489091738583994],[-120.50242410618924,34.489091827595814],[-120.50243174980952,34.489091082405515],[-120.50243610223524,34.489091171416916],[-120.50244703704972,34.489089592023454],[-120.50245361943819,34.48908792361837],[-120.50246128993282,34.48908627746555],[-120.50246458112684,34.48908544326265],[-120.50247445470853,34.48908294065345],[-120.502481037096,34.48908127224684],[-120.50248873446417,34.48907872513155],[-120.50249645870635,34.4890752770551],[-120.50250418294792,34.48907182897811],[-120.50250970410214,34.489069237357],[-120.50251079220835,34.48906925960916],[-120.50251631336221,34.48906666798772],[-120.50262673636985,34.48901483550328],[-120.50263005443263,34.48901310033494],[-120.50263337249528,34.48901136516651],[-120.50263780553621,34.489008751288196],[-120.50264221170406,34.4890070383705],[-120.50265105091196,34.489002711573804],[-120.50265659893003,34.488999218984816],[-120.50266328879825,34.48899394672471],[-120.50266997866564,34.48898867446421],[-120.50267666853217,34.488983402203296],[-120.50268335839786,34.488978129941955],[-120.50269004826272,34.48897285768021],[-120.50269453504438,34.488968441878],[-120.50270019054713,34.488961345443506],[-120.50270247424567,34.48895778610097],[-120.50270584604888,34.48895424900871],[-120.50270810287489,34.48895159062687],[-120.50271150154965,34.488947152573594],[-120.5027126433985,34.488945372902194],[-120.50271718392142,34.48893915517733],[-120.50272172444365,34.48893293745225],[-120.50272626496516,34.48892671972697],[-120.50272971738156,34.48892047975135],[-120.50273205482121,34.48891511848641],[-120.50273556098011,34.488907076588845],[-120.50273672969959,34.488904395956304],[-120.50273909401,34.48889813373029],[-120.50274143144836,34.48889277246508],[-120.5027438763729,34.48888380735631],[-120.50274398385942,34.48888020351281],[-120.50274526006461,34.48887391903662],[-120.50274653626958,34.48886763456042],[-120.50274773185966,34.48886405296683],[-120.50274911555043,34.48885416464704],[-120.50274930365119,34.488847857920845],[-120.50274949175189,34.48884155119464],[-120.50274970672405,34.48883434350755],[-120.50274886046438,34.48882621260967],[-120.50274777236112,34.48882619035977],[-120.50274779923267,34.48882528939888],[-120.50274782610418,34.48882438843798],[-120.50274692610168,34.48881805946187],[-120.50274703358778,34.488814455618325],[-120.50274613358542,34.48880812664218],[-120.50274624107149,34.48880452279864],[-120.50274433358098,34.488795468689915],[-120.5027423186046,34.48879001842473],[-120.50274033050002,34.48878366719862],[-120.50273932301205,34.488780942066],[-120.50273630054849,34.48877276666811],[-120.50273526618916,34.48877094249636],[-120.50274290977839,34.48877019728513],[-120.50275058023897,34.48876855111253],[-120.5027538714179,34.48876771690112],[-120.50276374495432,34.488765214266394],[-120.50277032731164,34.48876354584277],[-120.50277802464231,34.48876099870748],[-120.50278243079421,34.488759285783956],[-120.50278683694596,34.48875757286027],[-120.50279344617323,34.488755003474424],[-120.50280228534656,34.48875067666512],[-120.50280780647057,34.488748085029066],[-120.50281000954594,34.488747228566766],[-120.50281553066951,34.48874463693034],[-120.50281884871761,34.48874290175618],[-120.50283212090875,34.48873596105854],[-120.50283875700353,34.48873249070913],[-120.50284433186606,34.48872809714939],[-120.50286663131041,34.488710522907596],[-120.50287220617004,34.48870612934644],[-120.50287671979734,34.488700812575324],[-120.5028857470502,34.488690179032496],[-120.50293088327949,34.488637011306615],[-120.50293314008943,34.48863435291981],[-120.50293653873871,34.48862991485898],[-120.50293768057814,34.488628135184996],[-120.50294107922689,34.48862369712402],[-120.5029467346843,34.48861660067582],[-120.50295016020122,34.48861126165348],[-120.50295244387893,34.48860770230519],[-120.50295472755643,34.488604142956845],[-120.50295817994133,34.48859790297317],[-120.50296051735631,34.48859254170255],[-120.5029640234782,34.4885844997965],[-120.50296519218533,34.488581819161126],[-120.50296755646828,34.488575556929256],[-120.5029699744886,34.48856749277514],[-120.50297122380185,34.488562109256456],[-120.50297247311492,34.48855672573773],[-120.50297255372145,34.488554022854494],[-120.50297385677193,34.488546837413566],[-120.50297497174054,34.48854595870021],[-120.50297630165943,34.48853787229816],[-120.50297651660964,34.48853066460945],[-120.50297689277231,34.4885180511542],[-120.50297710772232,34.48851084346548],[-120.50297626144172,34.488502712567964],[-120.50297520021122,34.48850178935918],[-120.50297432706212,34.48849455942273],[-120.5029744076684,34.48849185653947],[-120.50297348078186,34.488486428525206],[-120.50297255389543,34.48848100051094],[-120.50297061951659,34.48847284736567],[-120.50296863140045,34.48846649614257],[-120.50296762390808,34.48846377101153],[-120.50296460143136,34.48845559561845],[-120.5029625864472,34.48845014535636],[-120.50295951023365,34.48844377188534],[-120.50295744151228,34.48844012354536],[-120.5029553727911,34.48843647520535],[-120.50295226970961,34.48843100269528],[-120.50294704417006,34.48842368376716],[-120.50294391422057,34.48841911221799],[-120.50294287986047,34.4884172880479],[-120.50293974991142,34.48841271649864],[-120.50293765432254,34.488409969119445],[-120.50292927196838,34.48839897960241],[-120.50292508079212,34.48839348484368],[-120.50291977464944,34.488388868797784],[-120.50289855008457,34.48837040461213],[-120.5028932439448,34.48836578856521],[-120.50288682283873,34.48836205123071],[-120.50287398062834,34.48835457656079],[-120.50287077007611,34.48835270789311],[-120.50286541019946,34.48834989376714],[-120.50286326087493,34.4883489483089],[-120.50285790099879,34.488346134182635],[-120.50284933057169,34.48834145138793],[-120.50284288259952,34.4883386150123],[-120.50283858395166,34.488336724095035],[-120.50283428530399,34.48833483317763],[-120.50282674923595,34.48833197455234],[-120.50282027439509,34.488330039136585],[-120.50281056213437,34.48832713601235],[-120.5028073247143,34.48832616830409],[-120.50280870838515,34.48831627998214],[-120.50280889647763,34.48830997325512],[-120.5028091114404,34.48830276556706],[-120.50280929953279,34.48829645884001],[-120.5028085070101,34.48828652601986],[-120.50280755326551,34.48828199896576],[-120.50280659952101,34.488277471911644],[-120.50280569951728,34.4882711429355],[-120.50280572638765,34.4882702419745],[-120.5028047995137,34.48826481395936],[-120.50280387263983,34.488259385944225],[-120.50280193828134,34.48825123279694],[-120.50279995018238,34.48824488157167],[-120.50279894269781,34.48824215643951],[-120.50279793521331,34.48823943130736],[-120.50277879301917,34.48818765379523],[-120.50277881988973,34.48818675283423],[-120.502777839277,34.488183126740935],[-120.50277582431063,34.48817767647636],[-120.50277277499093,34.48817040204044],[-120.50276863757703,34.4881631053551],[-120.50276447329317,34.48815670963065],[-120.50276030900993,34.48815031390609],[-120.5027571790802,34.48814574235282],[-120.50275298792725,34.48814024758904],[-120.50274879677481,34.488134752825125],[-120.50274041447157,34.48812376329693],[-120.50273622332075,34.48811826853264],[-120.5027309172055,34.48811365247956],[-120.50271499886325,34.48809980431908],[-120.50270969275034,34.48809518826516],[-120.50270329854436,34.48809054996114],[-120.50269687746774,34.48808681261779],[-120.50269045639172,34.488083075274126],[-120.50268403531628,34.488079337930145],[-120.50267119316713,34.48807186324123],[-120.50266262277846,34.488067180434896],[-120.50265617483377,34.48806434405049],[-120.50265187620425,34.48806245312737],[-120.5026443401671,34.48805959449203],[-120.50263786535173,34.48805765906762],[-120.50262815312928,34.4880547559304],[-120.50262491572195,34.488053788217826],[-120.50261735281445,34.48805183054179],[-120.50260978990734,34.48804987286532],[-120.50260331509361,34.48804793743915],[-120.50259248790825,34.48804591300931],[-120.5025881355363,34.48804582400584],[-120.50258054575795,34.488044767288486],[-120.5025762202587,34.4880437773237],[-120.50256427810905,34.4880426316013],[-120.5025566614586,34.488042475843365],[-120.50254142815788,34.488042164326075],[-120.50253272341472,34.48804198631533],[-120.50252290370561,34.48804268701336],[-120.50251308399636,34.4880433877106],[-120.50250214932073,34.48804496711621],[-120.5024933908306,34.48804659102432],[-120.502486808526,34.488048259435395],[-120.50248572043309,34.48804823718359],[-120.50247913812822,34.48804990559423],[-120.50247584697571,34.48805073979942],[-120.50247255582315,34.488051574004515],[-120.5024659735178,34.488053242414416],[-120.50245939121224,34.48805491082397],[-120.50245280890644,34.48805657923315],[-120.50244511163334,34.488059126350585],[-120.50244070551307,34.488060839263404],[-120.50243409633232,34.488063408632314],[-120.50242525721653,34.48806773541773],[-120.50242414224914,34.48806861412615],[-120.50237002011573,34.48802153024523],[-120.50236471402748,34.4880169141773],[-120.50235831984746,34.488012275856256],[-120.5023518987932,34.48800853849565],[-120.50233905668641,34.48800106377347],[-120.5023326356339,34.48799732641189],[-120.50232621458197,34.487993589050035],[-120.50231764422188,34.48798890622061],[-120.50231119629588,34.48798606981871],[-120.50230689767884,34.48798417888393],[-120.5022993616617,34.487981320228066],[-120.50229182564513,34.487978461571764],[-120.50228535084524,34.48797652612925],[-120.50227563864604,34.48797362296489],[-120.50227240124647,34.48797265524326],[-120.50226483835583,34.487970697546054],[-120.50225836355726,34.48796876210217],[-120.50224753639229,34.487966737642516],[-120.5022431840256,34.48796664862693],[-120.5022355942601,34.487965591888624],[-120.50223126876972,34.487964601911955],[-120.50221932663817,34.48796345615647],[-120.50221170999693,34.48796330037734],[-120.50219538862304,34.48796296656334],[-120.5021866838904,34.48796278852831],[-120.5021768641895,34.48796348919879],[-120.50216704448846,34.487964189868464],[-120.50215610981869,34.48796576924327],[-120.5021473513318,34.48796739312663],[-120.50214076902782,34.487969061519024],[-120.50213968093622,34.48796903926419],[-120.50213309863197,34.48797070765615],[-120.50212542823586,34.487972353792806],[-120.5021199340228,34.48797404443901],[-120.50211114865695,34.487976569280264],[-120.50210236329062,34.487979094120895],[-120.50209463913782,34.48798254217667],[-120.50209355104607,34.48798251992141],[-120.50209134798483,34.48798337637143],[-120.50208914492356,34.48798423282142],[-120.50208802995401,34.487985111526676],[-120.5020825088616,34.487987703131665],[-120.5020792177083,34.487988537326096],[-120.50207149355374,34.487991985380326],[-120.50206376939857,34.48799543343403],[-120.50205601836467,34.48799978244775],[-120.50205158536234,34.488002396306854],[-120.5020449224192,34.488006767575456],[-120.50203934756746,34.48801116109941],[-120.50202262300873,34.48802434166959],[-120.50201704815464,34.488028735192415],[-120.5020114464213,34.48803402967546],[-120.5020069327797,34.488039346414276],[-120.5020024191375,34.4880446631529],[-120.50199790549473,34.48804997989133],[-120.50199339185136,34.48805529662956],[-120.50199116190835,34.48805705403811],[-120.50198550641353,34.488064150440756],[-120.5019820808614,34.488069489434736],[-120.50197066235093,34.48808728608053],[-120.50196301882065,34.48808803124587],[-120.50195866644862,34.48808794221988],[-120.50194773175978,34.48808952157511],[-120.50194114944277,34.488091189956116],[-120.50193347903242,34.488092836080014],[-120.50192580862182,34.48809448220343],[-120.50192031439711,34.48809617284009],[-120.50191152901311,34.48809869766613],[-120.50190274362862,34.48810122249151],[-120.50189393136363,34.48810464827663],[-120.50189061332406,34.48810638342609],[-120.50188288915133,34.488109831467504],[-120.50188068608475,34.48811068791347],[-120.50187516497796,34.488113279508404],[-120.5018718469377,34.48811501465732],[-120.50186521085676,34.488118484954846],[-120.50185193869329,34.48812542554873],[-120.50184530261072,34.48812889584511],[-120.50183972774053,34.48813328935907],[-120.50182746302407,34.488142955088755],[-120.5018207731775,34.488148227304386],[-120.50181405644923,34.48815440047994],[-120.50181179961898,34.48815705884527],[-120.50181068464425,34.488157937547726],[-120.50180622474515,34.48816145235751],[-120.50180171108359,34.488166769087776],[-120.50179719742145,34.48817208581783],[-120.50179268375872,34.488177402547706],[-120.50178702823891,34.48818449893993],[-120.50178360266902,34.48818983792748],[-120.50178131895552,34.48819339725246],[-120.50177786650355,34.48819963720015],[-120.50177441405104,34.4882058771477],[-120.501770961598,34.48821211709512],[-120.50176745538151,34.48822015896304],[-120.50176511790343,34.488225520208225],[-120.50176392228278,34.48822910179109],[-120.50176158480421,34.4882344630362],[-120.50176033542014,34.4882398465396],[-120.50175908603588,34.48824523004298],[-120.50175905915431,34.48824613100327],[-120.50175778288825,34.48825241546693],[-120.50175767536184,34.48825601930809],[-120.5017563990955,34.4882623037717],[-120.50175637221389,34.488263204731986],[-120.50175525723714,34.488264083433855],[-120.5017539272071,34.488272169817996],[-120.5017537121538,34.48827937750028],[-120.50175352398207,34.488285684222255],[-120.50175330892864,34.488292891904514],[-120.50175415508902,34.488301022805494],[-120.50175521630294,34.488301946024244],[-120.50175518942127,34.488302846984524],[-120.50175608934522,34.48830917596493],[-120.50175598181853,34.48831277980606],[-120.50175688174258,34.48831910878648],[-120.50175677421589,34.48832271262759],[-120.50175868159106,34.48833176674726],[-120.50176069649318,34.48833721702581],[-120.50176268451392,34.488343568264604],[-120.50176369196522,34.488346293403836],[-120.50176671431944,34.488354468821534],[-120.50176872922258,34.48835991909996],[-120.50177180534081,34.48836629259701],[-120.50177596955608,34.488372688352285],[-120.50178013377194,34.488379084107436],[-120.50178326365462,34.48838365568364],[-120.50178323677318,34.488384556643936],[-120.50178533232229,34.48838730404127],[-120.5017365561433,34.488379995689364],[-120.50173658302525,34.48837909472911],[-120.50173666367111,34.488376391848334],[-120.50173573686628,34.488370963828125],[-120.50173481006155,34.488365535807915],[-120.50173287580648,34.488357382648246],[-120.50173088778777,34.48835103140907],[-120.50172988033752,34.4883483062696],[-120.50172685798714,34.48834013085114],[-120.50172484308719,34.48833468057214],[-120.50172176697359,34.48832830707411],[-120.50171969831005,34.48832465871555],[-120.50171762964668,34.48832101035697],[-120.50171452665197,34.488315537819034],[-120.50170930123059,34.48830821884282],[-120.50170617135466,34.48830364726495],[-120.50170513702346,34.48830182308558],[-120.50170200714798,34.48829725150761],[-120.50169991160375,34.488294504109014],[-120.50169152942814,34.488283514514336],[-120.50168733834116,34.488278019716795],[-120.50168203227707,34.488273403620305],[-120.50166080802664,34.48825493923223],[-120.50165550196552,34.488250323134686],[-120.50164908092738,34.488246585737784],[-120.50163623885288,34.48823911094306],[-120.50163302833462,34.48823724224418],[-120.50162766851018,34.48823442806594],[-120.50162551920393,34.48823348258663],[-120.50162015938,34.488230668408086],[-120.5016115890391,34.48822598552991],[-120.50160514112166,34.48822314909105],[-120.50160084251031,34.48822125813163],[-120.50159654389914,34.488219367172064],[-120.5015890078884,34.488216508472576],[-120.50158253308909,34.48821457299276],[-120.5015728208907,34.488211669772426],[-120.50156958349139,34.488210702032134],[-120.50156202059878,34.48820874429122],[-120.50155228151812,34.48820674202946],[-120.50154577983668,34.488205707507916],[-120.50153927815542,34.48820467298602],[-120.5015360138729,34.488204606205045],[-120.50152733600356,34.48820352716181],[-120.50152627479345,34.48820260394123],[-120.50151650883038,34.48820150263683],[-120.50151433264215,34.48820145811577],[-120.50151008780254,34.48819776523303],[-120.50150478175355,34.488193149129415],[-120.50149836072688,34.48818941172505],[-120.5014855186753,34.48818193691537],[-120.50148230816276,34.48818006821274],[-120.50147694834736,34.488177254028244],[-120.5014747990444,34.488176308546414],[-120.50146943922951,34.48817349436159],[-120.50146086890338,34.48816881147341],[-120.50145442099584,34.48816597502697],[-120.50145012239108,34.48816408406251],[-120.50144582378651,34.488162193097914],[-120.50143828778651,34.48815933438953],[-120.50143181299552,34.488157398902054],[-120.50142210080965,34.488154495670194],[-120.50141886341451,34.48815352792609],[-120.50141130053109,34.48815157017619],[-120.50140156146136,34.48814956790283],[-120.5013950597867,34.48814853337351],[-120.50138855811221,34.48814749884388],[-120.5013852938323,34.48814743205895],[-120.50137661597147,34.48814635300534],[-120.5013755547638,34.48814542978356],[-120.50136578881009,34.488144328467456],[-120.50135708406413,34.48814415037251],[-120.5013418507589,34.48814383870488],[-120.50133314601315,34.488143660608245],[-120.50132332628812,34.48814436120878],[-120.50132221130872,34.48814523990659],[-120.50131347967671,34.48814596276854],[-120.50131021539704,34.48814589598162],[-120.50130365995133,34.48814666336748],[-120.50129710450554,34.488147430753],[-120.50128725789341,34.488149032310595],[-120.50127958746744,34.48815067839259],[-120.50127629630097,34.488151512564734],[-120.50126642280127,34.48815401508058],[-120.50125984046784,34.48815568342401],[-120.50125214315389,34.48815823046421],[-120.50124773700658,34.48815994333263],[-120.5012433308591,34.48816165620091],[-120.50123672163754,34.488164225503],[-120.50123008552843,34.48816769576465],[-120.50122793622876,34.4881667502786],[-120.50122148833006,34.4881639138202],[-120.50121718973116,34.48816202284776],[-120.50121289113248,34.48816013187518],[-120.50120535514156,34.48815727315278],[-120.50119781915119,34.488154414429935],[-120.50119134436694,34.48815247892996],[-120.50118163219116,34.48814957567935],[-120.5011783947994,34.48814860792898],[-120.50117083192299,34.48814665016445],[-120.50116435714007,34.48814471466309],[-120.5011535299852,34.4881426901066],[-120.50114917761302,34.488142601051656],[-120.50114158784983,34.48814154424523],[-120.50113726236589,34.48814055422999],[-120.50112532023115,34.488139408367054],[-120.50111770358028,34.48813925251905],[-120.50099366098861,34.48813671435622],[-120.50098604433877,34.48813655850003],[-120.50097404842778,34.48813721454196],[-120.5009696691665,34.48813802644039],[-120.50096202562662,34.48813877154245],[-120.50095767325526,34.48813868248069],[-120.50094673854653,34.48814026174511],[-120.50094015620891,34.48814193007108],[-120.50093686504,34.488142764233935],[-120.50088698854563,34.48809937263145],[-120.50088168253862,34.48809475650245],[-120.50087637653222,34.48809014037324],[-120.50086995554332,34.488086402937306],[-120.50085069258017,34.48807519062765],[-120.5008485701787,34.48807334417549],[-120.50083999990001,34.488068661245606],[-120.5008335520231,34.48806582476759],[-120.50082710414665,34.488062988289236],[-120.50082280556259,34.48806109730348],[-120.50081526959522,34.488058238557926],[-120.50080879482843,34.48805630303832],[-120.50080232006192,34.48805436751839],[-120.50079908267881,34.48805339975831],[-120.50079151982123,34.488051441970995],[-120.50078395696403,34.48804948418322],[-120.50077748219871,34.48804754866203],[-120.50076665506785,34.48804552407214],[-120.50076230270199,34.488045435003635],[-120.50075471295393,34.48804437817374],[-120.50074712320612,34.48804332134339],[-120.50074279773276,34.48804233131456],[-120.50073085561976,34.48804118541386],[-120.50072323898013,34.48804102954166],[-120.50071562234055,34.48804087366898],[-120.5007134461578,34.488040829133844],[-120.5007091475777,34.48803893814425],[-120.5007016116166,34.48803607939192],[-120.50069513685449,34.48803414386646],[-120.5006854247119,34.488031240577676],[-120.50068218733122,34.48803027281457],[-120.50067462447889,34.48802831502022],[-120.50066488544468,34.488026312689435],[-120.50065838379109,34.488025278121675],[-120.50065188213767,34.488024243553575],[-120.5006486178644,34.48802417674918],[-120.50063994002909,34.488023097644145],[-120.5006388788314,34.488022174416365],[-120.50062911290541,34.48802107304234],[-120.50062040817717,34.48802089489547],[-120.50060517490292,34.488020583136986],[-120.50059647017488,34.48802040498842],[-120.50058991473497,34.48802117233611],[-120.50058450117395,34.48802016003313],[-120.5005757964461,34.488019981883106],[-120.50056926790026,34.48801984827018],[-120.50056934858269,34.48801714539165],[-120.5005683411742,34.488014420244276],[-120.50056953684162,34.488010838675095],[-120.50057078629719,34.48800545518688],[-120.50057203575257,34.48800007169863],[-120.50057211643485,34.48799736882009],[-120.50057341967815,34.4879901834128],[-120.50057453466279,34.48798930472208],[-120.50057586479973,34.48798121835521],[-120.50057607995197,34.48797401067907],[-120.50057626821012,34.48796770396243],[-120.50057648336222,34.48796049628627],[-120.50057563731814,34.48795236538184],[-120.50057454922805,34.48795234311307],[-120.50057457612205,34.48795144215356],[-120.50057460301609,34.48795054119403],[-120.50057370318419,34.48794421220862],[-120.50057381076024,34.487940608370536],[-120.50057291092848,34.48793427938511],[-120.5005720110968,34.48792795039967],[-120.50057111126524,34.48792162141425],[-120.50055150100853,34.48784909927562],[-120.50054948619615,34.48784364898067],[-120.50054951309033,34.487842748021144],[-120.50054749827822,34.487837297726145],[-120.50054649087227,34.487834572578656],[-120.50054346865473,34.48782639713612],[-120.50054145384334,34.48782094684105],[-120.5005383778382,34.487814573317436],[-120.50053630923878,34.48781092494134],[-120.50053113774106,34.48780180400096],[-120.50052803484296,34.48779633143665],[-120.50052280955815,34.487789012415],[-120.50052068717116,34.487787165957684],[-120.50051649618639,34.48778167112398],[-120.50051230520216,34.48777617629014],[-120.50050811421849,34.48777068145616],[-120.50050283514771,34.48776516435278],[-120.500497529183,34.48776054820868],[-120.50048161129232,34.48774669977516],[-120.5004763053299,34.48774208363022],[-120.50046991128089,34.48773744521553],[-120.50046670080914,34.4877355764878],[-120.50046468600466,34.4877301261917],[-120.5004636786025,34.48772740104364],[-120.50046065639638,34.487719225599434],[-120.50045864159263,34.48771377530327],[-120.50045556559733,34.48770740177792],[-120.500453497004,34.48770375340064],[-120.50045142841083,34.48770010502331],[-120.5004483255214,34.48769463245729],[-120.50044310024957,34.48768731343268],[-120.50043997046592,34.48768274182594],[-120.50043893616987,34.4876809176372],[-120.50043580638669,34.48767634603036],[-120.50043371089966,34.487673598612254],[-120.5004253289529,34.48766260893952],[-120.50042426776203,34.48766168571013],[-120.50042546342955,34.487658104142234],[-120.50042788165955,34.487650040046894],[-120.50042913111727,34.48764465655999],[-120.50043038057483,34.48763927307308],[-120.50043046126059,34.487636570194674],[-120.50043176450833,34.48762938478878],[-120.50043287948937,34.48762850609917],[-120.50043420963193,34.48762041973376],[-120.50043442479345,34.487613212057965],[-120.50043480132597,34.48760059862531],[-120.50043501648729,34.4875933909495],[-120.50043417045846,34.48758526004439],[-120.5004331092684,34.4875843368151],[-120.50043223634464,34.48757710686946],[-120.50043231703015,34.48757440399101],[-120.50043139031615,34.48756897596433],[-120.50043046360226,34.48756354793764],[-120.50042852948917,34.48755539476265],[-120.50042654158601,34.487549043506604],[-120.50042553418692,34.48754631835831],[-120.50042251199002,34.48753814291339],[-120.5004204971924,34.48753269261674],[-120.50041742120585,34.48752631909066],[-120.50041535261819,34.487522670712906],[-120.5004132840307,34.48751902233511],[-120.50041018114979,34.487513549768366],[-120.5004049558917,34.48750623074257],[-120.50040182611635,34.48750165913511],[-120.50040079182313,34.48749983494613],[-120.50039766204823,34.48749526333858],[-120.50039556656665,34.487492515919996],[-120.50039137560393,34.48748702108273],[-120.50043772060933,34.48746633339197],[-120.500438728008,34.487469058540185],[-120.50044175020446,34.48747723398475],[-120.50044376500239,34.48748268428108],[-120.5004468409896,34.48748905780655],[-120.50044890957793,34.48749270618383],[-120.50045097816643,34.48749635456107],[-120.50045408104948,34.487501827126884],[-120.50045718393294,34.48750729969262],[-120.50045927941694,34.48751004711025],[-120.50045925252212,34.487510948069755],[-120.50045808375336,34.48751362867873],[-120.50045571932074,34.48751989085611],[-120.50045330109795,34.48752795495244],[-120.50045205164398,34.48753333843981],[-120.50045080218985,34.48753872192717],[-120.50045072150502,34.48754142480566],[-120.50044941826073,34.487548610211974],[-120.500448303281,34.48754948890181],[-120.50044697314134,34.487557575267566],[-120.50044675798131,34.4875647829435],[-120.50044638145114,34.48757739637632],[-120.50044616629091,34.48758460405222],[-120.5004470123209,34.4875927349573],[-120.50044807351122,34.48759365818647],[-120.50044894643644,34.487600888132064],[-120.50044886575138,34.48760359101052],[-120.50044979246678,34.487609019037116],[-120.50045071918225,34.4876144470637],[-120.50045265329852,34.487622600238424],[-120.5004546412051,34.48762895149413],[-120.50045564860596,34.48763167664224],[-120.50045867080894,34.48763985208651],[-120.50046068561123,34.48764530238267],[-120.50046376160495,34.48765167590787],[-120.50046583019761,34.48765532428497],[-120.50046789879043,34.487658972662054],[-120.50047100167998,34.48766444522761],[-120.50047622695304,34.48767176425108],[-120.50047935673834,34.48767633585696],[-120.50048039103525,34.48767816004541],[-120.50048352082104,34.487682731651205],[-120.50048561630994,34.48768547906853],[-120.50049399826699,34.48769646873753],[-120.5004981892463,34.48770196357184],[-120.50050349520757,34.48770657971579],[-120.50052471905845,34.48772504428948],[-120.50053002502261,34.48772966043239],[-120.50053644596882,34.48773339788454],[-120.500549287863,34.48774087278791],[-120.50061349736887,34.48777824728586],[-120.50061670784571,34.48778011600991],[-120.5006220676052,34.487782930230004],[-120.50062421688776,34.48778387572606],[-120.50062957664775,34.48778668994582],[-120.50063814688586,34.487791372888914],[-120.50064459473494,34.487794209376176],[-120.50064889330123,34.487796100367504],[-120.50065319186773,34.4877979913587],[-120.50066072780605,34.48780085011311],[-120.50066720254955,34.48780278563962],[-120.50067691466538,34.48780568892878],[-120.50068015203749,34.487806656691674],[-120.50068771487025,34.48780861448488],[-120.50069745388014,34.48781061681284],[-120.50070395551782,34.48781165137785],[-120.50071045715569,34.487812685942515],[-120.5007137214209,34.48781275274491],[-120.50072239923585,34.487813831843816],[-120.500723460432,34.48781475507082],[-120.50073322633578,34.487815856436356],[-120.50074193104348,34.48781603457425],[-120.50075716428213,34.487816346314084],[-120.50076586899004,34.487816524450274],[-120.50077568867825,34.48781582389308],[-120.50077680365845,34.4878149452003],[-120.50078553525798,34.487814222375405],[-120.5007887995234,34.487814289175795],[-120.50079535494584,34.487813521816605],[-120.50080191036818,34.48781275445707],[-120.50081175694714,34.48781115293722],[-120.50081942734892,34.48780950688359],[-120.50082271850545,34.48780867272335],[-120.50083259197476,34.48780617024208],[-120.50083917428732,34.48780450192078],[-120.50084687157897,34.48780195490564],[-120.50085127771425,34.487800242051115],[-120.50085568384937,34.487798529196425],[-120.50086229305168,34.48779595991409],[-120.50087113221156,34.487791633243965],[-120.50087665332467,34.48778904169477],[-120.50087885639172,34.48778818526696],[-120.5008843775044,34.48778559371738],[-120.50088769554996,34.48778385859556],[-120.50090096773079,34.48777691810728],[-120.50090760382041,34.48777344786258],[-120.50091317871168,34.487769054392054],[-120.50093547827089,34.48775148050713],[-120.50094105315922,34.487747087035196],[-120.50094556684913,34.48774177033781],[-120.50095459422717,34.4877311369425],[-120.50099973108229,34.48767796995412],[-120.50100198792352,34.48767531160417],[-120.50100538662961,34.48767087359926],[-120.5010065284946,34.487669093944305],[-120.50100992720022,34.487664655939234],[-120.50101558274574,34.487657559583795],[-120.50101900833931,34.48765222061857],[-120.5010212920681,34.487648661308334],[-120.50102357579671,34.487645101998055],[-120.50102702827806,34.487638862072636],[-120.50102936578375,34.48763350084246],[-120.50103287204168,34.48762545899708],[-120.50103404079415,34.48762277838192],[-120.50103640518762,34.48761651619167],[-120.50103882335804,34.48760845208156],[-120.50104007277608,34.48760306858665],[-120.50104126841661,34.48759948701149],[-120.50105411033945,34.48760696186295],[-120.50105732082054,34.487608830575624],[-120.50106268058546,34.48761164477659],[-120.50106482986921,34.487612590264945],[-120.50107018963463,34.48761540446561],[-120.50107875988245,34.48762008737818],[-120.5010852077351,34.487622923842316],[-120.50108950630379,34.487624814818226],[-120.50109380487268,34.48762670579398],[-120.50110134081271,34.48762956452126],[-120.50110781555486,34.4876315000243],[-120.50111752766873,34.48763440327828],[-120.50112076504016,34.48763537102944],[-120.50112832786974,34.48763732879517],[-120.50113806687273,34.48763933108761],[-120.50114456850416,34.48764036562883],[-120.50115107013579,34.48764140016969],[-120.50115433439542,34.487641466960035],[-120.50116301220044,34.487642546027125],[-120.50116407339962,34.48764346925045],[-120.50117383929161,34.48764457058012],[-120.50118254398444,34.48764474868587],[-120.50119777719708,34.487645060369424],[-120.50120648189011,34.48764523847347],[-120.5012163015567,34.48764453787977],[-120.50121741653014,34.48764365918262],[-120.50122614810985,34.48764293632525],[-120.50122941236974,34.48764300311358],[-120.50123596777611,34.48764223572996],[-120.50124252318237,34.48764146834596],[-120.5012523697348,34.487639866789294],[-120.50125674896762,34.48763905487941],[-120.50125781016786,34.48763997810195],[-120.50126200119638,34.48764547291215],[-120.50126730719852,34.487650089024605],[-120.50128853121282,34.487668553472325],[-120.50129383721784,34.487673169583736],[-120.50130025819655,34.487676906997024],[-120.50130882846433,34.487681589894244],[-120.50130988966569,34.48768251311638],[-120.501311931411,34.48768706244084],[-120.5013140000423,34.48769071080518],[-120.5013160686738,34.487694359169524],[-120.50131917162136,34.48769983171595],[-120.50132439697292,34.487707150706385],[-120.50132752680715,34.487711722292566],[-120.5013285611234,34.487713546474644],[-120.50133169095808,34.48771811806074],[-120.50133378647658,34.48772086546474],[-120.50134216855197,34.48773185508042],[-120.50134635959047,34.48773734988807],[-120.50135166560295,34.48774196599726],[-120.50137288965884,34.48776043043188],[-120.50137819567425,34.48776504654001],[-120.50138461666378,34.4877687839493],[-120.50139745864462,34.48777625876691],[-120.50144988779574,34.48780708124578],[-120.5014486921689,34.48781066282546],[-120.50144627403039,34.48781872694491],[-120.50144502463414,34.487824110444805],[-120.5014437752377,34.48782949394469],[-120.50144369458405,34.4878321968251],[-120.50144239141824,34.48783938224521],[-120.50144127644428,34.48784026094437],[-120.50143994639349,34.487848347324565],[-120.50143973131657,34.487855555005616],[-120.50143935493179,34.48786816844742],[-120.50143913985464,34.48787537612844],[-120.50143998598271,34.487883507030624],[-120.501441047188,34.48788443025176],[-120.50144192020092,34.48789166019378],[-120.50144183954701,34.48789436307416],[-120.50144276632932,34.48789979109592],[-120.50144369311171,34.487905219117685],[-120.50144562733064,34.4879133722808],[-120.50144761531912,34.487919723523646],[-120.50144862275577,34.487922448664996],[-120.50145164506603,34.487930624089],[-120.50145365993984,34.487936074371646],[-120.50145673602006,34.487942447875305],[-120.50145880466347,34.48794609623762],[-120.50146087330702,34.4879497445999],[-120.5014639762727,34.487955217143266],[-120.50146920165184,34.48796253612848],[-120.50147233150288,34.48796710771153],[-120.50147336582519,34.48796893189258],[-120.50147649567667,34.48797350347554],[-120.50147859120597,34.48797625087744],[-120.50148697332445,34.4879872404847],[-120.50149116438448,34.48799273528814],[-120.50149647042068,34.4879973513919],[-120.50151769457132,34.48801581580484],[-120.50152300061042,34.488020431907565],[-120.50152942162578,34.488024169310215],[-120.50154226365827,34.48803164411457],[-120.50160647385567,34.48806901811746],[-120.50160968436708,34.48807088681676],[-120.50161504418074,34.48807370099539],[-120.5016171934829,34.488074646474736],[-120.50162255329704,34.48807746065304],[-120.50163112362391,34.48808214352991],[-120.50163757153176,34.48808497996701],[-120.50164187013723,34.48808687092491],[-120.50164616874291,34.48808876188266],[-120.5016537047446,34.48809162057826],[-120.50166017953647,34.488093556054],[-120.50166989172486,34.48809645926697],[-120.50167312912117,34.48809742700446],[-120.50168069200693,34.488099384738206],[-120.50169043107897,34.48810138698934],[-120.50169693275468,34.48810242150292],[-120.50170343443054,34.48810345601616],[-120.50170669870953,34.48810352279251],[-120.5017153765717,34.488104601822634],[-120.50171643778282,34.48810552504162],[-120.50172620373841,34.48810662632968],[-120.50173490848293,34.488106804398164],[-120.501750141786,34.48810711601651],[-120.50175884653072,34.488107294083264],[-120.50176866624997,34.488106593447334],[-120.50176978122438,34.48810571474523],[-120.50177851285031,34.48810499185027],[-120.50178177712958,34.48810505862462],[-120.50178833256923,34.488104291212736],[-120.50179488800879,34.488103523800476],[-120.50180473460841,34.48810192220126],[-120.50181240502161,34.4881002760856],[-120.50181569618158,34.488099441898676],[-120.50182556966114,34.488096939337396],[-120.50183215198052,34.48809527096274],[-120.50183984927321,34.488092723884925],[-120.50184425540616,34.48809101099441],[-120.50184866153887,34.48808929810372],[-120.50185527073769,34.4880867287674],[-120.50186410988242,34.488082402024645],[-120.50186963098739,34.48807981043013],[-120.50187183405325,34.48807895398433],[-120.50187735515779,34.48807636238944],[-120.50188067319637,34.488074627240294],[-120.50189394534934,34.48806768664277],[-120.50190058142503,34.48806421634344],[-120.50190615628736,34.48805982282631],[-120.50192845573089,34.48804224875501],[-120.50193403059032,34.48803785523649],[-120.50193854423631,34.48803253850056],[-120.50194757152651,34.48802190502814],[-120.50199270794255,34.48796873765419],[-120.5019949647618,34.48796607928498],[-120.50199836342979,34.48796164125082],[-120.50199950527862,34.487959861585914],[-120.50200290394609,34.487955423551604],[-120.50200855943154,34.48794832714767],[-120.50201198497662,34.48794298815254],[-120.50201426867307,34.487939428822386],[-120.50201655236931,34.4879358694922],[-120.50202000479179,34.487929629536275],[-120.50202234224436,34.487924268284885],[-120.50202584842263,34.48791622640771],[-120.50202701714855,34.48791354578195],[-120.5020293814785,34.487907283569854],[-120.50203179956468,34.48789921943663],[-120.50203304892499,34.4878938359292],[-120.5020342982851,34.48788845242173],[-120.50203437891987,34.487885749540126],[-120.50203568203622,34.48787856411156],[-120.5020367970048,34.48787768540672],[-120.502038126999,34.48786959901757],[-120.50203834202453,34.487862391333245],[-120.5020387183191,34.48784977788565],[-120.50203893334444,34.48784257020131],[-120.50203808715807,34.48783443930073],[-120.50203702594645,34.48783351608451],[-120.50203615288214,34.487826286144475],[-120.50203623351665,34.48782358326284],[-120.5020353066961,34.48781815524388],[-120.50203437987564,34.487812727224934],[-120.50203244560045,34.48780457406862],[-120.50203045756918,34.48779822283339],[-120.50202945011453,34.48779549769602],[-120.50202642775095,34.487787322283914],[-120.5020244128422,34.487781872009144],[-120.50202133672295,34.487775498518026],[-120.50201926805818,34.48777185016428],[-120.50201719939358,34.487768201810496],[-120.50201409639698,34.487762729279765],[-120.50200887098005,34.487755410316154],[-120.502005741106,34.48775083874578],[-120.50200470677423,34.48774901456879],[-120.50200157690062,34.487744442998334],[-120.50199948135894,34.487741695604825],[-120.50199109919346,34.48773070603052],[-120.50198690811152,34.48772521124317],[-120.50198160206324,34.48772059516011],[-120.50196037787587,34.48770213082584],[-120.5019550718305,34.48769751474176],[-120.50194865081885,34.487693777361585],[-120.5019358087973,34.48768630260028],[-120.50193259829227,34.48768443390977],[-120.50192723849116,34.48768161974555],[-120.50192508919498,34.48768067427191],[-120.50191972939439,34.48767786010739],[-120.50191115909006,34.4876731772516],[-120.50190471120287,34.487670340829744],[-120.50190041261168,34.48766844988165],[-120.50189611402067,34.487666558933434],[-120.5018885780471,34.487663700253925],[-120.50188210328182,34.487661764791405],[-120.50188101519441,34.48766174253444],[-120.5018810420741,34.48766084157398],[-120.50188221080049,34.48765816094955],[-120.50188457513266,34.48765189874018],[-120.50188699322368,34.487643834609806],[-120.50188824258835,34.487638451103884],[-120.50188949195282,34.48763306759793],[-120.50188957259152,34.48763036471652],[-120.50189087571485,34.48762317928959],[-120.50189199068129,34.48762230058597],[-120.50189332068373,34.48761421419852],[-120.50189353571969,34.48760700651469],[-120.50189391203244,34.487594393067965],[-120.5018941270682,34.4875871853841],[-120.50189328089697,34.48757905448295],[-120.5018922196901,34.48757813126565],[-120.50189134663962,34.48757090132496],[-120.50189142727804,34.487568198443505],[-120.50189050046873,34.48756277042378],[-120.50188957365953,34.48755734240404],[-120.50188763940291,34.487549189245996],[-120.50188565138761,34.48754283800891],[-120.5018846439403,34.48754011287059],[-120.50188162159874,34.48753193745561],[-120.50187960670466,34.487526487178926],[-120.50187653060483,34.48752011368479],[-120.50187446195216,34.487516465328994],[-120.50187239329962,34.48751281697317],[-120.50186929032112,34.487507344439386],[-120.50186406493181,34.487500025470524],[-120.50186093507459,34.487495453897026],[-120.50185990074881,34.487493629719026],[-120.50185677089205,34.487489058145435],[-120.50185467536113,34.487486310749816],[-120.50184629323876,34.48747532116708],[-120.50184210217839,34.48746982637552],[-120.50183679615377,34.48746521028706],[-120.50181557206116,34.48744674593111],[-120.50181026603947,34.4874421298416],[-120.50180384505364,34.48743839245479],[-120.5018027569692,34.48743837019726],[-120.50180278384951,34.487437469236816],[-120.50180076896253,34.487432018959076],[-120.50179878095614,34.487425667720856],[-120.50179777351288,34.48742294258196],[-120.50179575862653,34.48741749230416],[-120.50179374374042,34.487412042026314],[-120.50179066765094,34.48740566853039],[-120.50178859900458,34.48740202017336],[-120.50178549603535,34.487396547637765],[-120.50178239306655,34.4873910751021],[-120.50177716769166,34.48738375613005],[-120.50177504528533,34.487381909693696],[-120.50176247213317,34.4873654253123],[-120.50175828108353,34.48735993051825],[-120.50175297507035,34.48735531442656],[-120.50173705703435,34.487341466150255],[-120.50173175102353,34.48733685005774],[-120.50171896283773,34.48732757335566],[-120.50171469114939,34.48732478144148],[-120.50170720897518,34.48732012083145],[-120.50169969992054,34.48731636118138],[-120.50169219086659,34.487312601530874],[-120.50168898038125,34.487310732834715],[-120.50168253252947,34.4873078964025],[-120.5016760846782,34.48730505996997],[-120.5016717861109,34.48730316901478],[-120.50166748754383,34.48730127805945],[-120.50165995161107,34.48729841936743],[-120.50165347687958,34.487296483894134],[-120.50164376478291,34.48729358068356],[-120.50164052741749,34.48729261294655],[-120.50163296460458,34.487290655213286],[-120.50162648987438,34.4872887197386],[-120.50161566281518,34.487286695227176],[-120.50161131048593,34.487286606190615],[-120.50160372079205,34.48728554941594],[-120.50159939534521,34.487284559418626],[-120.50158745332268,34.4872834136058],[-120.50157983674694,34.48728325778997],[-120.5015635155134,34.48728292389729],[-120.50155589893782,34.48728276807998],[-120.50154390315059,34.4872834241835],[-120.50153952393875,34.48728423610467],[-120.50153188048016,34.48728498124612],[-120.50152752815124,34.487284892206574],[-120.50151659356264,34.48728647152758],[-120.50151001130267,34.487288139887916],[-120.50150234096019,34.48728978598774],[-120.50149467061745,34.48729143208708],[-120.50148700027444,34.48729307818592],[-120.50147932993113,34.48729472428427],[-120.50146173242756,34.48730067483918],[-120.50145650708677,34.487293355854774],[-120.5014533772595,34.48728878427198],[-120.50145234294509,34.48728696009097],[-120.50144921311828,34.487282388508085],[-120.5014471176059,34.4872796411062],[-120.50143873555783,34.48726865149837],[-120.50143454453458,34.48726315669426],[-120.50142923854597,34.48725854058947],[-120.50140801459733,34.48724007616826],[-120.50140270861161,34.48723546006244],[-120.50139628766063,34.487231722655565],[-120.50138344576042,34.487224247840864],[-120.50138023528572,34.487222379136995],[-120.50137487553332,34.48721956495043],[-120.50137272625552,34.48721861946777],[-120.50136736650366,34.48721580528088],[-120.5013587962784,34.48721112238939],[-120.50135234844639,34.487208285940525],[-120.50134804989199,34.487206394974436],[-120.50134375133779,34.48720450400818],[-120.50133621542587,34.48720164529702],[-120.50132974071028,34.487199709807165],[-120.5013200286375,34.487196806571774],[-120.50131679128008,34.48719583882647],[-120.50130922848459,34.48719388107384],[-120.50129948952782,34.487191878797],[-120.50129298792842,34.4871908442654],[-120.5012864863292,34.48718980973345],[-120.50128322208685,34.48718974294742],[-120.50127454432635,34.48718866389077],[-120.50127348313133,34.48718774066855],[-120.50126371729047,34.48718663934904],[-120.50125501264468,34.48718646125114],[-120.50123977951475,34.48718614957831],[-120.50123107486918,34.4871859714787],[-120.5012212552567,34.48718667207599],[-120.50122014028972,34.487187550773484],[-120.50121578796691,34.48718746172306],[-120.5012146998862,34.48718743946043],[-120.50120708332135,34.48718728362174],[-120.50119835178934,34.487188006479855],[-120.50108900597172,34.48720379935301],[-120.50107913258101,34.487206301858684],[-120.5010747533698,34.48720711376316],[-120.50106817110888,34.487208782099565],[-120.50106487997833,34.487209616267634],[-120.5010550065863,34.48721211877128],[-120.50104842432465,34.48721378710659],[-120.50104072709358,34.48721633413728],[-120.50103632099324,34.4872180470003],[-120.50103191489275,34.48721975986314],[-120.50102530574165,34.48722232915709],[-120.50101646665107,34.4872266558417],[-120.50101094558009,34.487229247399235],[-120.50100874252932,34.48723010383021],[-120.50100322145788,34.48723269538739],[-120.5009999034371,34.48723443051355],[-120.50098663135269,34.48724137101723],[-120.50097999530966,34.48724484126849],[-120.50097442045838,34.487249234744084],[-120.50096104081295,34.48725977908433],[-120.50094531115698,34.48723962399187],[-120.50274403508027,34.486432603540365],[-120.50275167845454,34.48643185831906],[-120.50275279339579,34.48643097960634],[-120.50275388146794,34.48643100185485],[-120.50276152484201,34.48643025663291],[-120.50276587713063,34.48643034562658],[-120.50277352050458,34.48642960040387],[-120.50277460857673,34.4864296226522],[-120.50278116387842,34.48642885518069],[-120.50278771918003,34.48642808770882],[-120.50279430135014,34.48642641927534],[-120.50279868050724,34.48642560730655],[-120.50280526267699,34.48642393887244],[-120.5028107567744,34.486422248189996],[-120.50281184484649,34.48642227043798],[-120.50281842701574,34.486420602003136],[-120.50281954195614,34.486419723289764],[-120.50282721219713,34.48641807710235],[-120.50283602424619,34.486414651239585],[-120.50284374822257,34.486411203128476],[-120.50285147219836,34.486407755016856],[-120.50285699316181,34.4864051633709],[-120.50286806195552,34.48639907911685],[-120.50287230677185,34.486402771951994],[-120.50287761279277,34.48640738799572],[-120.50288403375394,34.486411125325255],[-120.50289687567803,34.486418599983374],[-120.50290008615943,34.48642046864769],[-120.50290544591786,34.48642328276762],[-120.50290759519484,34.48642422822326],[-120.50291295495379,34.48642704234287],[-120.5029215251954,34.48643172512606],[-120.50292797302768,34.486434561492075],[-120.50293227158278,34.486436452402565],[-120.50293657013808,34.48643834331292],[-120.50294410604384,34.48644120192499],[-120.50295058074462,34.486443137328486],[-120.50296029279637,34.4864460404331],[-120.50296353014711,34.48644700813448],[-120.50297109292141,34.48644896578357],[-120.5029808318413,34.486450967925215],[-120.50298733341033,34.48645200236544],[-120.50299383497958,34.486453036805315],[-120.50299709919751,34.48645310354441],[-120.50300577691229,34.48645418247634],[-120.50300683811861,34.48645510568403],[-120.50301660390647,34.486456206861476],[-120.50302530848812,34.486456384830625],[-120.50308188827053,34.48645754161496],[-120.50308289574667,34.486460266744956],[-120.50308390322286,34.486462991874944],[-120.50308692565176,34.486471167264874],[-120.50308894060468,34.48647661752481],[-120.50309201676546,34.4864829909917],[-120.50309408544989,34.48648663932862],[-120.50309615413445,34.48649028766551],[-120.50309925716164,34.48649576017078],[-120.50310236018923,34.486501232675984],[-120.50310758563337,34.4865085515949],[-120.50310970804968,34.48651039800865],[-120.50311389915197,34.48651589275899],[-120.50311809025483,34.4865213875092],[-120.50312228135822,34.486526882259284],[-120.50312756053593,34.486532399254486],[-120.5031328665794,34.48653701528801],[-120.50314878471333,34.486550863387286],[-120.50315409075915,34.48655547941998],[-120.50316048487971,34.48656011769742],[-120.50316690586577,34.48656385501303],[-120.50317332685239,34.486567592328335],[-120.50317974783958,34.48657132964332],[-120.50318187025904,34.486573176055934],[-120.50319044053138,34.48657785882144],[-120.5031968883846,34.48658069517406],[-120.50320333623827,34.48658353152637],[-120.50320763480767,34.48658542242771],[-120.50321193337722,34.486587313328926],[-120.50321946930656,34.486590171924924],[-120.5032216185916,34.48659111737535],[-120.50322700523644,34.48659303052049],[-120.5032302425963,34.48659399821515],[-120.50461625676375,34.48703071022518],[-120.50473952234888,34.48720541740417],[-120.50474161797122,34.48720816475417],[-120.50474371359368,34.48721091210412],[-120.50474790483901,34.48721640680396],[-120.50475209608489,34.48722190150368],[-120.5047562873313,34.48722739620327],[-120.50476156666247,34.487232913133816],[-120.50476687284258,34.48723752910166],[-120.5047774852045,34.4872467610367],[-120.50478279138635,34.48725137700391],[-120.50478387947082,34.48725139923481],[-120.50478600194376,34.48725324562161],[-120.50478918565332,34.487256015201766],[-120.50479555307308,34.487261554361844],[-120.50480088610473,34.487265269365814],[-120.50480839530634,34.48726902883096],[-120.50481481642387,34.48727276606504],[-120.50482020315249,34.48727467914315],[-120.50482556303375,34.48727749318357],[-120.50483307223763,34.487281252647286],[-120.50483628279737,34.48728312126376],[-120.5048427307647,34.48728595753391],[-120.50484702940987,34.487287848380504],[-120.50485456546302,34.487290706880415],[-120.5048610402789,34.48729264218709],[-120.50486751509507,34.48729457749343],[-120.50487398991159,34.487296512799446],[-120.5048804647284,34.48729844810512],[-120.50488911571597,34.48730042787045],[-120.50489346805684,34.4873005167903],[-120.50489779355084,34.487301506672594],[-120.50489888163608,34.4873015289025],[-120.50578840370284,34.48748377390941],[-120.50578837686537,34.48748467487258],[-120.50578933076633,34.487489201910535],[-120.50579126540603,34.48749735502326],[-120.50579325372092,34.48750370620959],[-120.50579426129721,34.48750643132118],[-120.50579728402641,34.48751460665585],[-120.50579929917953,34.487520056878935],[-120.5058023755844,34.48752643028715],[-120.50580444441279,34.48753007858381],[-120.50580651324137,34.48753372688044],[-120.50580961648456,34.48753919932533],[-120.5058148422319,34.48754651814029],[-120.50581797231328,34.48755108962182],[-120.50581900672809,34.487552913770045],[-120.50582213680994,34.48755748525148],[-120.50582423247708,34.48756023258466],[-120.50583261514697,34.48757122191711],[-120.50583680648272,34.48757671658315],[-120.50584211274568,34.48758133250752],[-120.50586333780339,34.48759979620292],[-120.50586864406928,34.48760441212626],[-120.50587506526244,34.487608149307555],[-120.50588790765057,34.487615623669186],[-120.50595211962627,34.487652995458426],[-120.50595533022658,34.487654864047066],[-120.50596069017273,34.48765767804019],[-120.50596283951842,34.48765862344473],[-120.50596819946504,34.48766143743755],[-120.5059767700133,34.487666120018254],[-120.50598321805181,34.48766895623095],[-120.50598751674441,34.48767084703924],[-120.50599181543721,34.487672737847376],[-120.5059993515678,34.48767559627963],[-120.50600582644319,34.487677531527915],[-120.50601553875688,34.48768043439969],[-120.50601877619495,34.487681402023455],[-120.50602633916245,34.4876833594908],[-120.50603607831265,34.487685361397695],[-120.50604258002474,34.48768639568077],[-120.50604908173699,34.48768742996349],[-120.5060523460106,34.48768749662307],[-120.50606102390556,34.48768857534483],[-120.50606208516203,34.48768949852793],[-120.50607185114862,34.48769059946869],[-120.50608055587878,34.48769077722575],[-120.50609578915675,34.48769108829911],[-120.50610449388712,34.48769126605447],[-120.50611431354307,34.48769056506515],[-120.50611542846855,34.48768968632107],[-120.50612416003297,34.487688963111644],[-120.50612633621556,34.487689007550024],[-120.50612625571337,34.48769171044016],[-120.50612604104087,34.487698918147174],[-120.50612566536378,34.487711531634424],[-120.50612545069104,34.48771873934141],[-120.50612629727593,34.48772687023097],[-120.50612735853362,34.48772779341355],[-120.5061282319528,34.487735023339724],[-120.50612815145055,34.48773772622984],[-120.50612907853802,34.487743154229264],[-120.50613000562556,34.48774858222868],[-120.50613194030319,34.48775673533739],[-120.50613392864923,34.487763086519315],[-120.50613493623936,34.48776581162859],[-120.50613795901016,34.48777398695636],[-120.50613997419099,34.487779437174844],[-120.50614305063064,34.48778581057577],[-120.50614511947994,34.48778945886745],[-120.50614718832944,34.487793107159085],[-120.50615029160399,34.48779857959648],[-120.50615551739683,34.48780589839858],[-120.50615864750618,34.48781046987242],[-120.50615968193145,34.48781229401814],[-120.50616281204125,34.487816865491894],[-120.50616490772592,34.48781961281989],[-120.50617329046585,34.487830602131574],[-120.50617748183664,34.48783609678724],[-120.5061827881349,34.48784071269816],[-120.50620401333366,34.48785917633972],[-120.5062093196348,34.487863792249584],[-120.50621574086352,34.48786752941433],[-120.5062285833227,34.48787500374288],[-120.5062927956536,34.48791237536668],[-120.5062960062717,34.48791424394705],[-120.50630136624628,34.487917057926325],[-120.5063035156027,34.48791800332528],[-120.50630887557779,34.48792081730425],[-120.50631744617226,34.48792549986283],[-120.5063238942429,34.48792833605879],[-120.5063281929569,34.487930226855916],[-120.50633249167109,34.487932117652896],[-120.50634002783745,34.487934976065524],[-120.50634650274156,34.48793691129686],[-120.50635621509835,34.48793981414323],[-120.50635945255075,34.48794078175854],[-120.50636701555062,34.487942739206055],[-120.50637675474049,34.48794474108735],[-120.50638325647787,34.487945775353296],[-120.50638975821543,34.48794680961889],[-120.5063930225,34.487946876269795],[-120.50640170042759,34.487947954968654],[-120.50640276169112,34.487948878149055],[-120.50641252771396,34.48794997906403],[-120.50642123247334,34.487950156797986],[-120.50643646580242,34.48795046783092],[-120.506445170562,34.487950645563174],[-120.50645499024739,34.48794994454766],[-120.50645610517313,34.487949065800485],[-120.50646483676336,34.487948342567755],[-120.50646810104817,34.48794840921667],[-120.50647465644843,34.48794764155064],[-120.50648121184857,34.48794687388426],[-120.50649105836379,34.48794527190221],[-120.5064987286889,34.487943625487354],[-120.50650201980389,34.487942791171754],[-120.50651189314848,34.48794028822439],[-120.50651847537794,34.48793861959235],[-120.50652617253198,34.48793607221211],[-120.50653057857122,34.48793435914785],[-120.50653498461028,34.487932646083415],[-120.50654159366857,34.48793007648646],[-120.50655043257542,34.487925749392964],[-120.50655595353803,34.48792315757964],[-120.50655815655705,34.487922301046964],[-120.50656367751922,34.48791970923326],[-120.50656699546226,34.48791797395219],[-120.5065802672331,34.487911032826915],[-120.50658690311774,34.4879075622637],[-120.5065924777366,34.487903168521285],[-120.50661477620623,34.48788559354879],[-120.5066203508222,34.487881199804974],[-120.5066248641723,34.487875882882314],[-120.50663389087077,34.48786524903642],[-120.50665191743212,34.487844882305986],[-120.5074533791531,34.48798655248697],[-120.50744674329498,34.48799002309855],[-120.50744116871242,34.48799441688162],[-120.50741887037636,34.48801199201108],[-120.50741329579085,34.48801638579274],[-120.50740878248087,34.48802170274629],[-120.50739975585913,34.48803233665279],[-120.50739749920332,34.4880349951293],[-120.50739410080897,34.48803943332605],[-120.50739295907049,34.48804121304634],[-120.50738956067562,34.48804565124295],[-120.50738390562366,34.48805274791565],[-120.50738048040687,34.48805808707614],[-120.50737819692876,34.48806164651639],[-120.50737591345046,34.488065205956616],[-120.50737246141156,34.488071446081],[-120.5073701242906,34.488076807449424],[-120.50736661860854,34.48808484950194],[-120.5073654500477,34.488087530186085],[-120.5073630861046,34.488093792518484],[-120.50736066851873,34.48810185677916],[-120.5073594194938,34.48810724035571],[-120.50735817046866,34.48811262393224],[-120.50735809000496,34.48811532682472],[-120.50735678733709,34.48812251232953],[-120.50735567241787,34.48812339108521],[-120.50735434292832,34.488131477554134],[-120.50735412835793,34.48813868526738],[-120.50735375285956,34.48815129876553],[-120.50735353828895,34.48815850647874],[-120.50735438499547,34.488166637364614],[-120.50735544627264,34.48816756053728],[-120.50735631980069,34.488174790459],[-120.50735623933673,34.48817749335145],[-120.5073571665075,34.48818292134486],[-120.5073580936784,34.48818834933826],[-120.50736002848434,34.48819650243259],[-120.50736201693321,34.488202853598594],[-120.50736302456838,34.488205578699514],[-120.50736604747426,34.48821375400223],[-120.50736806274513,34.488219204204015],[-120.50737113929432,34.48822557757833],[-120.50737320820818,34.488229225851725],[-120.50737527712218,34.48823287412512],[-120.50737838049352,34.488238346535105],[-120.50738360642212,34.48824566529],[-120.5073867366155,34.48825023673566],[-120.50738777107303,34.488252060872256],[-120.50739090126686,34.48825663231783],[-120.50739299700327,34.48825937962679],[-120.50740137995025,34.48827036886233],[-120.50740557142454,34.4882758634799],[-120.50741087782023,34.48828047934126],[-120.50743210340895,34.488298942784645],[-120.50743740980758,34.488303558644965],[-120.50744383112772,34.48830729574868],[-120.50745667376978,34.4883147699552],[-120.5075208870151,34.48835214096884],[-120.5075240976789,34.48835400951871],[-120.50752945772544,34.48835682344688],[-120.50753160710809,34.48835776882523],[-120.50753696715512,34.48836058275309],[-120.50754553786726,34.48836526523006],[-120.50755198601658,34.48836810136422],[-120.50755628478304,34.488369992120155],[-120.50756058354968,34.488371882875946],[-120.50756811980143,34.488374741216084],[-120.50757459477147,34.488376676384846],[-120.5075843072271,34.48837957913736],[-120.50758754471246,34.488380546721366],[-120.50759510778497,34.48838250409563],[-120.50760484706095,34.48838450588229],[-120.50761134885148,34.48838554008487],[-120.50761785064218,34.48838657428713],[-120.50762111494694,34.488386640905965],[-120.5076297929411,34.48838771952009],[-120.50763085422415,34.48838864269057],[-120.50764062032034,34.48838974351014],[-120.50764932513356,34.48838992115859],[-120.50766455855684,34.48839023204188],[-120.50767326337025,34.488390409688634],[-120.50768308310347,34.488389708576136],[-120.50768419802316,34.4883888298175],[-120.50769292965447,34.48838810649849],[-120.50769619395948,34.48838817311534],[-120.50770274938733,34.4883874053844],[-120.50770930481508,34.4883866376531],[-120.50771915136536,34.4883850355733],[-120.50772682171203,34.48838338908208],[-120.50773011283444,34.48838255473362],[-120.50773998620133,34.48838005168773],[-120.50774656844561,34.48837838299],[-120.50775426560847,34.4883758355326],[-120.5077586716491,34.488374122424034],[-120.50776307768955,34.48837240931529],[-120.50776968674991,34.48836983965186],[-120.50777852564677,34.48836551246897],[-120.50778404660473,34.48836292059987],[-120.50778624962444,34.48836206404504],[-120.50779177058196,34.48835947217556],[-120.50779508851967,34.48835773686087],[-120.50780836026914,34.48835079560111],[-120.50781499614308,34.488347324970654],[-120.50782057073178,34.4883429311709],[-120.50784286908069,34.48832535596907],[-120.50784844366646,34.4883209621679],[-120.50785295696691,34.48831564519782],[-120.507861983566,34.48830501125708],[-120.5079071165265,34.488251841541604],[-120.50790937317299,34.488249183055316],[-120.50791277155015,34.48824474484353],[-120.50791391328093,34.48824296511807],[-120.50791731165758,34.48823852690614],[-120.50792296667943,34.48823143020749],[-120.50792639187037,34.48822609103073],[-120.50792867533072,34.48822253157948],[-120.5079309587909,34.488218972128166],[-120.5079344107959,34.488212731986586],[-120.50793674788575,34.48820737060606],[-120.5079402535199,34.48819932853515],[-120.50794142206448,34.48819664784482],[-120.5079437859684,34.488190385499564],[-120.50794620350189,34.488182321225125],[-120.50794745249088,34.48817693764104],[-120.50794870147969,34.48817155405694],[-120.50794878192453,34.48816885116326],[-120.50795008454295,34.488161665650004],[-120.50795119945678,34.48816078688865],[-120.5079525288897,34.48815270041079],[-120.50795274340874,34.48814549269428],[-120.50795285066823,34.488141888836005],[-120.508106808859,34.488127000094174],[-120.50814742143686,34.48818913155629],[-120.5081505516713,34.48819370298411],[-120.50815259380646,34.488198252210466],[-120.50815678532841,34.488203746804274],[-120.50816095003819,34.488210142362675],[-120.50816516837392,34.48821473599154],[-120.50816622966107,34.48821565915757],[-120.50817150928462,34.48822117595225],[-120.50817681572141,34.48822579178203],[-120.50818212215879,34.48823040761161],[-120.50818848988442,34.488235946606814],[-120.5081937963231,34.48824056243593],[-120.50819910276233,34.48824517826483],[-120.50820552411471,34.4882489153298],[-120.508206612215,34.488248937530784],[-120.50820873479113,34.488250783862156],[-120.50821191865549,34.48825355335917],[-120.50821834000912,34.48825729042351],[-120.50822476136332,34.48826102748753],[-120.50823118271812,34.48826476455124],[-120.50823975346272,34.48826944698078],[-120.5082462016307,34.488272283079006],[-120.50825050040957,34.48827417381097],[-120.50825803667901,34.4882770321092],[-120.50826451165989,34.488278967241754],[-120.50826883725121,34.48827995700835],[-120.50827098664111,34.48828090237397],[-120.50827313603105,34.488281847739565],[-120.5082753122326,34.48828189214035],[-120.5082806991135,34.488283805071674],[-120.50834762515,34.488303200770204],[-120.50834531489372,34.48830766119473],[-120.50834297782635,34.488313022584016],[-120.50833947222469,34.48832106466783],[-120.50833830369064,34.48832374536239],[-120.50833593981139,34.488330007716286],[-120.50833352230978,34.488338071999706],[-120.50833227334232,34.48834345558859],[-120.50833102437468,34.48834883917745],[-120.50833094394163,34.488351542071825],[-120.50832964135166,34.48835872759024],[-120.50832852643882,34.48835960635508],[-120.50832719703743,34.48836769283823],[-120.50832698254884,34.48837490055653],[-120.50832660719362,34.488387514063554],[-120.50832639270482,34.48839472178182],[-120.5083272395072,34.488402852664876],[-120.50832830079851,34.48840377582964],[-120.5083291744122,34.488411005747885],[-120.50832909397892,34.48841370864224],[-120.50833002121493,34.48841913663092],[-120.50833094845105,34.488424564619585],[-120.50833288335679,34.48843271770255],[-120.50833487188495,34.48843906885594],[-120.50833587955468,34.48844179395024],[-120.5083389025642,34.48844996923306],[-120.50834091790418,34.48845541942158],[-120.50834399453657,34.488461792774714],[-120.50834606349908,34.48846544103359],[-120.50834813246172,34.488469089292444],[-120.50835123590602,34.48847456168066],[-120.50835646193582,34.488481880397956],[-120.50835959219194,34.4884864518212],[-120.50836062667379,34.48848827595054],[-120.50836375693036,34.48849284737368],[-120.5083658527052,34.488495594667484],[-120.50837423580589,34.488506583842366],[-120.50837842735702,34.488512078429615],[-120.50838373382322,34.48851669425149],[-120.50840495969392,34.48853515753692],[-120.50841026616305,34.48853977335776],[-120.50841668754732,34.48854351041284],[-120.50842953031768,34.48855098452206],[-120.50843274101064,34.48855285304916],[-120.50843810110257,34.48855566693922],[-120.50844025050145,34.48855661230221],[-120.5084456105939,34.48855942619196],[-120.50845418138057,34.48856410860807],[-120.50846062957861,34.48856694469613],[-120.50846492837756,34.48856883542133],[-120.5084692271767,34.4885707261464],[-120.50847676348054,34.488573584432466],[-120.50848323848972,34.488575519554544],[-120.5084929510041,34.488578422237026],[-120.50849618850906,34.48857938979771],[-120.50850375162405,34.48858134711731],[-120.50851349094918,34.48858334883332],[-120.50851999276928,34.488584382988634],[-120.50852649458959,34.4885854171436],[-120.50852975890436,34.48858548373851],[-120.50853843693478,34.4885865622894],[-120.50853949823072,34.4885874854525],[-120.50854926436651,34.488588586200834],[-120.50855796920641,34.48858876378545],[-120.5087255373892,34.488592182168595],[-120.50873424223063,34.48859235974066],[-120.50874406198416,34.48859165854346],[-120.50874517689613,34.4885907797748],[-120.50875390854426,34.488590056380424],[-120.50875717285977,34.48859012296926],[-120.50876372829744,34.48858935518163],[-120.508770283735,34.488588587393615],[-120.50878013029437,34.48858698522842],[-120.50878780064313,34.48858533867046],[-120.50879109176485,34.488584504293314],[-120.50880096512965,34.48858200116131],[-120.50880754737251,34.48858033240617],[-120.50881524452626,34.48857778488135],[-120.50882294167958,34.488575237355995],[-120.50882734771152,34.48857352420841],[-120.50883395675912,34.488570954486704],[-120.5088427956277,34.48856662722539],[-120.50884943147996,34.48856315653769],[-120.5088627031829,34.48855621516112],[-120.50886933903355,34.488552744472244],[-120.5088826643438,34.488544001163056],[-120.50888823889328,34.4885396073128],[-120.50890496253817,34.488526425760355],[-120.50891165199465,34.48852115313866],[-120.50891613843672,34.488516737092134],[-120.508920678488,34.488510519115074],[-120.50892519173377,34.48850520210298],[-120.5089274751612,34.48850164263168],[-120.50892750196594,34.488500741666506],[-120.50892861687484,34.48849986289601],[-120.50893313011953,34.48849454588357],[-120.50893878507688,34.48848744913516],[-120.50894221021629,34.48848210992771],[-120.50894332512478,34.488481231157074],[-120.51029777856316,34.488882978622996],[-120.5104259738811,34.48903884908604],[-120.51042047974074,34.48904054010988],[-120.51041718861428,34.48904137453084],[-120.51040731523449,34.489043877793165],[-120.510400732981,34.48904554663426],[-120.5103930358253,34.48904809425913],[-120.51038862979622,34.48904980746344],[-120.51038422376699,34.48905152066758],[-120.5103776147228,34.48905409047349],[-120.51036877587347,34.48905841784684],[-120.51036325494094,34.48906100983408],[-120.51036105192583,34.489061866435684],[-120.51035553099283,34.48906445842256],[-120.51035221307488,34.489066193807766],[-120.51033894140171,34.48907313534765],[-120.51033230556433,34.48907660611701],[-120.51032673104896,34.4890810000346],[-120.5103044329817,34.48909857570216],[-120.5102988584634,34.489102969618344],[-120.51029434526706,34.489108286683155],[-120.5102853188726,34.48911892081216],[-120.51028306227361,34.4891215793443],[-120.51027966397946,34.48912601762541],[-120.51027852228437,34.48912779737442],[-120.5102751239897,34.489132235655376],[-120.51026946909475,34.48913933246807],[-120.51026604400813,34.489144671714726],[-120.51026376061678,34.48914823121244],[-120.51026147722523,34.489151790710096],[-120.51025802534643,34.48915803092248],[-120.51025568837213,34.489163392352],[-120.51025218291005,34.48917143449615],[-120.51025101442252,34.48917411521084],[-120.51024865065602,34.489180377606154],[-120.51024623330663,34.48918844193338],[-120.51024498444484,34.48919382554592],[-120.51024373558286,34.48919920915844],[-120.510243655209,34.48920191205638],[-120.51024235276415,34.489209097600856],[-120.51024123785837,34.489209976383435],[-120.51023990862181,34.48921806289382],[-120.51023969429096,34.48922527062163],[-120.51023931921178,34.48923788414525],[-120.51023910488074,34.48924509187303],[-120.51023995187322,34.48925322275019],[-120.51024101319686,34.4892541458996],[-120.51024188698092,34.48926137581079],[-120.5102418066068,34.48926407870871],[-120.51024273397375,34.48926950668795],[-120.51024366134081,34.48927493466718],[-120.51024559644925,34.48928308772773],[-120.5102475851407,34.4892894388563],[-120.5102485928822,34.489292163937606],[-120.51025161610708,34.48930033918144],[-120.51025363159063,34.489305789343966],[-120.51025670839894,34.489312162655764],[-120.51025877746557,34.48931581088628],[-120.51026084653233,34.489319459116764],[-120.51026395013284,34.489324931462434],[-120.51026917638352,34.48933225010645],[-120.51027230677612,34.489336821485956],[-120.51027334131003,34.48933864560111],[-120.51027647170308,34.48934321698053],[-120.51027856756234,34.48934596424479],[-120.51028695100065,34.48935695330147],[-120.51029114272062,34.48936244782963],[-120.51029644934857,34.48936706357467],[-120.51031767586618,34.48938552655274],[-120.51032298249707,34.48939014229672],[-120.510329404036,34.48939387925722],[-120.51034224711566,34.48940135317727],[-120.5104064625489,34.48943872275863],[-120.51040752387668,34.48943964590673],[-120.51040749708692,34.489440546872785],[-120.51040730955849,34.48944685363518],[-120.51040712203002,34.48945316039758],[-120.51040693450146,34.48945946715996],[-120.51040772793158,34.48946939996862],[-120.5104087088904,34.48947302601489],[-120.51040960947992,34.489479354959315],[-120.51041051006955,34.48948568390375],[-120.51041040291041,34.48948928776796],[-120.51041231124911,34.48949834179256],[-120.51041432674725,34.48950379195295],[-120.51041631545588,34.48951014307935],[-120.51041734999491,34.48951196719346],[-120.51041514696811,34.48951282379549],[-120.51041294394126,34.489513680397486],[-120.51040742297903,34.4895162723853],[-120.51040410504358,34.48951800777108],[-120.51039083330033,34.48952494931322],[-120.5103841974279,34.489528420083715],[-120.51037862288352,34.4895328140022],[-120.51035632470015,34.48955038967332],[-120.51035075015282,34.4895547835904],[-120.51034623693347,34.489560100655844],[-120.51033721049299,34.48957073478616],[-120.5103349538825,34.48957339331862],[-120.51033155557114,34.48957783160021],[-120.51033041387036,34.48957961134936],[-120.51032701555849,34.48958404963079],[-120.51032136063483,34.489591146444276],[-120.51031793553109,34.48959648569138],[-120.51031565212837,34.489600045189384],[-120.51031336872542,34.48960360468734],[-120.51030991682966,34.48960984490013],[-120.51030757984412,34.489615206329866],[-120.51030407436528,34.48962324847438],[-120.51030290587215,34.489625929189174],[-120.51030054209458,34.48963219158469],[-120.51029812473432,34.48964025591205],[-120.51029687586727,34.489645639524625],[-120.510295627,34.489651023137164],[-120.51029554662644,34.48965372603502],[-120.51029424417655,34.48966091157945],[-120.51029312926497,34.489661790362206],[-120.51029180002344,34.48966987687251],[-120.51029158569344,34.489677084600075],[-120.51029121061576,34.48968969812327],[-120.51029099628556,34.48969690585079],[-120.5102918432849,34.48970503672747],[-120.51029290461456,34.48970595987664],[-120.51029377840538,34.48971318978737],[-120.51029369803157,34.48971589268518],[-120.51029462540507,34.48972132066404],[-120.51029555277869,34.489726748642866],[-120.5102974878999,34.48973490170272],[-120.51029947660393,34.489741252830655],[-120.51030048435166,34.48974397791166],[-120.51030350759521,34.48975215315458],[-120.51030552309122,34.48975760331651],[-120.51030859991799,34.489763976627465],[-120.51031066899687,34.48976762485744],[-120.5103127380759,34.48977127308738],[-120.51031584169478,34.48977674543223],[-120.51032106797584,34.489784064074954],[-120.51032419838671,34.489788635453685],[-120.51032523292675,34.48979045956856],[-120.51032836333808,34.489795030947214],[-120.51033045920947,34.48979777821094],[-120.51033884269633,34.489808767265586],[-120.5103430344406,34.48981426179274],[-120.51034834109862,34.48981887753656],[-120.51036956773659,34.489837340509816],[-120.51037487439754,34.48984195625261],[-120.51038129597238,34.48984569321173],[-120.51039413912379,34.48985316712902],[-120.51045835491597,34.48989053669658],[-120.51046156570709,34.489892405174125],[-120.51046692595587,34.48989521898119],[-120.51046907541338,34.48989616431074],[-120.51047443566266,34.4898989781175],[-120.51048300670436,34.48990366040107],[-120.5104894550783,34.48990649638883],[-120.51049375399451,34.48990838704715],[-120.51049805291092,34.48991027770534],[-120.51050558940973,34.48991313587379],[-120.51051206457434,34.48991507089437],[-120.51052177732184,34.489917973424596],[-120.51052501490453,34.489918940934515],[-120.51053257819403,34.48992089813529],[-120.51054231773183,34.48992289969788],[-120.51054881968689,34.48992393375049],[-120.51055532164213,34.48992496780276],[-120.51055858601416,34.489925034345724],[-120.51056726421767,34.48992611275928],[-120.51056832555317,34.48992703590628],[-120.51057809188114,34.48992813649996],[-120.51058679687367,34.48992831394606],[-120.51060203061077,34.48992862447523],[-120.5106107356035,34.48992880191962],[-120.51062055550837,34.48992810057769],[-120.51062167042045,34.48992722179198],[-120.51063040220102,34.48992649826883],[-120.51063366657327,34.48992656480978],[-120.51064022210556,34.48992579692529],[-120.51064677763775,34.48992502904044],[-120.51065662432966,34.48992342672942],[-120.51066429477311,34.48992178005755],[-120.51066758593272,34.48992094563143],[-120.51067745941118,34.48991844235252],[-120.51068404172986,34.489916773499445],[-120.51069173895948,34.48991422585962],[-120.51069614502967,34.48991251264629],[-120.51070055109967,34.4899107994328],[-120.51070716020436,34.489908229612254],[-120.51071599913027,34.48990390221805],[-120.51072152011017,34.48990131021712],[-120.51072372314466,34.48990045360991],[-120.51072592617913,34.489899597002655],[-120.51073449723607,34.489904279269155],[-120.510743068294,34.48990896153511],[-120.51074951667805,34.48991179750952],[-120.51075381560096,34.48991368815896],[-120.51076135210981,34.489916546311996],[-120.51076782728144,34.489918481319265],[-120.51077754003951,34.48992138382955],[-120.51078077762571,34.48992235133281],[-120.51078834092249,34.48992430851803],[-120.51079590421966,34.48992626570277]],[[-120.50328579076469,34.487688666296464],[-120.50328804753627,34.48768600790111],[-120.50329144612566,34.487681569827295],[-120.50329258794352,34.487679790148846],[-120.50329598653241,34.48767535207488],[-120.50330164189154,34.48766825560513],[-120.50330506734379,34.487662916569406],[-120.50330735097839,34.48765935721221],[-120.50330963461279,34.48765579785493],[-120.50331308692826,34.48764955785749],[-120.50331542429059,34.487644196577186],[-120.50331893033349,34.487636154656606],[-120.50332009901429,34.487633474016384],[-120.50332246323981,34.487627211774424],[-120.50332488119318,34.48761914760949],[-120.5033261304658,34.48761376408479],[-120.50332737973827,34.48760838056007],[-120.50332746033047,34.48760567767568],[-120.5033287633308,34.48759849222799],[-120.50332987828261,34.48759761351056],[-120.50333120814656,34.48758952710135],[-120.50333142305863,34.48758231940958],[-120.50333179915457,34.48756970594894],[-120.50333201406643,34.487562498257155],[-120.50333116775495,34.48755436735988],[-120.5033301065317,34.48755344415439],[-120.50332923335648,34.48754621421858],[-120.50332931394843,34.48754351133415],[-120.50332838704533,34.48753808332128],[-120.50332746014233,34.48753265530841],[-120.50332552574457,34.48752450216706],[-120.50332353761912,34.48751815094866],[-120.50332253012449,34.48751542582017],[-120.50331950764091,34.48750725043471],[-120.50331749265217,34.48750180017769],[-120.50331441644133,34.48749542671507],[-120.50331234772493,34.487491778380935],[-120.50331027900872,34.48748813004676],[-120.50330717593468,34.48748265754547],[-120.5033019504171,34.48747533863275],[-120.5032988204798,34.48747076709275],[-120.5032977861222,34.487468942925574],[-120.50329465618539,34.48746437138547],[-120.50329256060624,34.487461624012504],[-120.50328417829105,34.48745063452039],[-120.50327998713425,34.487445139774145],[-120.50327468102786,34.487440523744795],[-120.50325345660804,34.48742205962532],[-120.50324815050453,34.48741744359493],[-120.50324172945152,34.48741370628105],[-120.50322888734725,34.48740623165235],[-120.50322567682154,34.48740436299498],[-120.50322031699069,34.48740154888633],[-120.50321816768545,34.4874006034351],[-120.5032128078551,34.48739778932614],[-120.50320423750034,34.487393106559054],[-120.50319778958598,34.48739027020443],[-120.50319349097667,34.48738837930118],[-120.50318919236756,34.48738648839777],[-120.50318165636936,34.487383629797165],[-120.50317518159106,34.4873816944028],[-120.50316546942423,34.48737879131065],[-120.50316223203545,34.487377823613095],[-120.50315466917337,34.487375865972275],[-120.50314493014223,34.487373863839906],[-120.50313842849977,34.48737282940503],[-120.5031319268575,34.48737179496983],[-120.50312866260347,34.48737172823278],[-120.50311998479212,34.48737064930553],[-120.50311892357354,34.48736972609839],[-120.50310915767794,34.48736862492459],[-120.50310045300098,34.487368446957326],[-120.5030852198165,34.487368135513115],[-120.50307651513974,34.487367957544144],[-120.50306669551186,34.487368658289626],[-120.50306558056063,34.487369537004696],[-120.50306122822225,34.487369448019585],[-120.50306014013765,34.48736942577328],[-120.50305252354552,34.487369270048895],[-120.50304379200199,34.4873699930389],[-120.50296724993584,34.487381049221035],[-120.50296743800985,34.48737474249227],[-120.5029665917347,34.487366611593856],[-120.50296553051793,34.48736568838547],[-120.50296465737529,34.4873584584483],[-120.50296473797846,34.487355755564536],[-120.50296381110047,34.48735032754987],[-120.50296288422261,34.48734489953519],[-120.50296094986393,34.48733674638957],[-120.50295896177009,34.487330395166424],[-120.50295795428937,34.48732767003549],[-120.50295493184763,34.4873194946426],[-120.50295291688677,34.48731404438063],[-120.50294984071026,34.48730767091016],[-120.50294777201427,34.48730402257063],[-120.50294570331845,34.487300374231076],[-120.50294260027506,34.48729490172169],[-120.50293737480101,34.48728758279507],[-120.50293424489064,34.48728301124674],[-120.50293321054323,34.487281187076874],[-120.50293008063329,34.48727661552847],[-120.50292798507081,34.4872738681499],[-120.50291960282233,34.487262878635335],[-120.5029154116989,34.487257383877854],[-120.50291010562486,34.487252767833915],[-120.50280398426654,34.4871604469114],[-120.50279867820474,34.487155830863095],[-120.50279225719264,34.48715209352717],[-120.50277941517018,34.48714461885438],[-120.50277620466493,34.48714275018599],[-120.50277084486665,34.48713993605888],[-120.50276869557351,34.487138990600194],[-120.50276333577573,34.48713617647277],[-120.50275476547398,34.4871314936762],[-120.50274831759597,34.487128657299266],[-120.50274401901089,34.487126766381124],[-120.50273972042599,34.487124875462825],[-120.5027321844679,34.487122016836054],[-120.50272570972139,34.487120081419114],[-120.50271599760221,34.48711717829307],[-120.5027127602293,34.48711621058422],[-120.50270519740275,34.48711425291696],[-120.50269545841468,34.48711225075044],[-120.50268895679942,34.48711121629271],[-120.50268245518436,34.487110181834645],[-120.50267919094162,34.48711011508602],[-120.50267051316503,34.4871090361282],[-120.50266945195479,34.48710811291749],[-120.5026596860977,34.48710701170926],[-120.50265098145091,34.487106833711145],[-120.5026357483192,34.48710652221297],[-120.50262704367262,34.48710634421315],[-120.5026172240741,34.48710704492368],[-120.50261610912209,34.48710792363462],[-120.50260737760416,34.48710864659445],[-120.50260411336168,34.48710857984381],[-120.50259755800532,34.48710934730337],[-120.50259100264884,34.487110114762544],[-120.50258115617817,34.487111716431166],[-120.5025734858689,34.48711336259997],[-120.5025701947546,34.48711419680946],[-120.50256032141131,34.48711669943736],[-120.50255373918216,34.48711836785552],[-120.50254604199984,34.48712091498355],[-120.50254163593202,34.48712262790249],[-120.50253722986402,34.48712434082127],[-120.50253062076172,34.48712691019911],[-120.50252178175246,34.487131236996625],[-120.50251626073026,34.4871338286246],[-120.50251405769575,34.487134685083525],[-120.50250853667309,34.487137276711145],[-120.50250521868486,34.48713901187976],[-120.50249194673053,34.48714595255333],[-120.50248531075258,34.48714942288952],[-120.50247973598266,34.48715381643765],[-120.50245743689713,34.48717139062731],[-120.50245186212426,34.48717578417402],[-120.50244734855937,34.48718110093303],[-120.50243832142777,34.48719173445046],[-120.50239318573486,34.487244902025836],[-120.5023909289487,34.4872475604041],[-120.50238753033224,34.48725199845181],[-120.50238638850206,34.48725377812132],[-120.50238298988509,34.48725821616889],[-120.50237733448066,34.48726531259432],[-120.50237390898874,34.48727065160244],[-120.5023716253272,34.48727421094114],[-120.50236934166547,34.48727777027977],[-120.5023658892984,34.487284010248466],[-120.50236355188791,34.487289371508666],[-120.50236004577157,34.48729741339886],[-120.50235887706596,34.487300094028896],[-120.50235651278031,34.487306356249746],[-120.50235409474578,34.487314420392224],[-120.50235284541692,34.487319803904676],[-120.5023515960879,34.48732518741712],[-120.50234379138334,34.48733133837456],[-120.50233821659369,34.48733573191525],[-120.50233370301252,34.487341048669236],[-120.50232467584853,34.487351682176644],[-120.50232241905714,34.48735434055337],[-120.5023190204325,34.48735877859876],[-120.50231787859929,34.48736055826748],[-120.5023144799741,34.48736499631273],[-120.50230882455625,34.48737209273429],[-120.5023053990553,34.487377431740036],[-120.50230311538773,34.48738099107713],[-120.50230083171995,34.48738455041418],[-120.502297379343,34.48739079038043],[-120.5022950419248,34.48739615163891],[-120.50229153579686,34.48740419352652],[-120.50229036708738,34.487406874155695],[-120.50228800279316,34.48741313637477],[-120.5022855847484,34.48742120051534],[-120.50228433541317,34.48742658402675],[-120.50228308607772,34.48743196753814],[-120.50228300545234,34.48743467042046],[-120.50228170236639,34.48744185585337],[-120.50228058740633,34.48744273456085],[-120.50227925744483,34.487450820954464],[-120.50227904244329,34.4874580286406],[-120.50227866619045,34.48747064209134],[-120.50227845118872,34.48747784977744],[-120.50227929739712,34.48748598067763],[-120.50228035860738,34.487486903891714],[-120.50228123169121,34.487494133831134],[-120.5022811510656,34.487496836713426],[-120.50228207789998,34.48750226473132],[-120.50228300473445,34.48750769274918],[-120.5022849390293,34.48751584590265],[-120.50228692707479,34.487522197134545],[-120.50228793453523,34.48752492227012],[-120.50229095691692,34.48753309767676],[-120.50229297183834,34.48753854794783],[-120.50229604797114,34.48754492143283],[-120.50229811664332,34.48754856978229],[-120.50230018531565,34.48755221813173],[-120.50230328832448,34.48755769065583],[-120.5023085137567,34.48756500960764],[-120.50231164364146,34.4875695811708],[-120.50231267797815,34.48757140534541],[-120.50231580786337,34.487575976908474],[-120.50231790341199,34.48757872429689],[-120.50232628560785,34.487589713850205],[-120.50233047670659,34.487595208626686],[-120.50233578276756,34.48759982469514],[-120.50235700701737,34.487618288966885],[-120.50236231308129,34.487622905034314],[-120.50236873410755,34.48762664239332],[-120.50238157616184,34.48763411711041],[-120.50244578646833,34.48767149067695],[-120.5024489969852,34.48767335935445],[-120.50245435680479,34.4876761734965],[-120.50245650610745,34.487677118961074],[-120.50246186592756,34.48767993310281],[-120.50247043626582,34.48768461592129],[-120.50247688417512,34.48768745231413],[-120.5024811827816,34.48768934324251],[-120.50248548138826,34.487691234170754],[-120.50249301738697,34.48769409281438],[-120.50249949217091,34.4876960282452],[-120.50250920434739,34.48769893139082],[-120.50251244173973,34.48769989910586],[-120.50252000461307,34.487701856787],[-120.5025297436638,34.48770385897013],[-120.50253624532212,34.487704893438185],[-120.50254274698061,34.487705927905886],[-120.50254601124621,34.487705994659144],[-120.50255468908209,34.487707073628336],[-120.50255575029819,34.48770799684025],[-120.502565516223,34.48770909805967],[-120.50257422093179,34.48770927606658],[-120.50258945417237,34.48770958757718],[-120.50259815888136,34.487709765582366],[-120.502607978551,34.48770906487653],[-120.50260909351151,34.48770818616608],[-120.5026178250923,34.487707463208935],[-120.50262108935816,34.48770752996019],[-120.5026276447616,34.487706762501475],[-120.50263420016495,34.48770599504242],[-120.50264404670554,34.487704393372645],[-120.5026517170686,34.487702747201844],[-120.50265500820575,34.4877019129912],[-120.50266488161687,34.487699410358736],[-120.50267146389064,34.48769774193662],[-120.5026791611238,34.48769519480303],[-120.50268356722,34.487693481880456],[-120.50268797331604,34.487691768957724],[-120.50269458245977,34.4876891995733],[-120.50270342152164,34.487684872765804],[-120.50270894257604,34.487682281130894],[-120.50271114562355,34.48768142466907],[-120.50271666667747,34.48767883303378],[-120.5027199846838,34.487677097860285],[-120.50273325670781,34.487670157165304],[-120.502739892719,34.48766668681724],[-120.5027454675119,34.487662293258474],[-120.50274881238737,34.48765965712306],[-120.50274981986445,34.48766238225548],[-120.50275188855947,34.48766603059818],[-120.50275395725465,34.48766967894084],[-120.50275706029777,34.48767515145478],[-120.50276228577759,34.48768247038909],[-120.50276541569185,34.48768704194178],[-120.50276645003997,34.48768886611301],[-120.5027695799547,34.48769343766563],[-120.50277167552142,34.48769618504698],[-120.50278005778965,34.48770717457204],[-120.50278424892456,34.48771266933439],[-120.50278955501888,34.48771728538445],[-120.50281077940195,34.487735749582605],[-120.50281608549919,34.487740365631616],[-120.5028225065559,34.487744102967966],[-120.50283534867113,34.48775157763972],[-120.50289955928224,34.487788950979606],[-120.50290276981431,34.48779081964576],[-120.50290812965771,34.48779363376882],[-120.50291027896894,34.48779457922575],[-120.50291563881284,34.48779739334849],[-120.50292420919014,34.487802076136646],[-120.50293065712516,34.48780491250653],[-120.50293495574876,34.48780680341961],[-120.50293925437255,34.487808694332536],[-120.50294679039887,34.487811552949225],[-120.50295326520371,34.48781348835679],[-120.50296297741163,34.487816391467526],[-120.50296621481442,34.48781735917094],[-120.50297377771062,34.48781931682483],[-120.50298351678798,34.487821318972806],[-120.50299001846246,34.487822353417286],[-120.50299652013715,34.48782338786145],[-120.50299978440846,34.487823454602776],[-120.5030084622643,34.48782453354048],[-120.50300952348707,34.487825456748716],[-120.50301928943377,34.48782655793266],[-120.50302799415778,34.48782673590777],[-120.50304322742498,34.48782704736273],[-120.50305193214919,34.487827225336126],[-120.5030617518312,34.487826524594226],[-120.50306286678887,34.487825645879504],[-120.5030715983801,34.48782492289026],[-120.50307486265167,34.4878249896296],[-120.50308141806175,34.48782422214674],[-120.50308797347176,34.48782345466354],[-120.50309782001993,34.48782185295741],[-120.50310549038683,34.487820206758194],[-120.50310878152492,34.487819372535334],[-120.50311865493885,34.487816869866215],[-120.50312523721449,34.487815201419664],[-120.50313293444668,34.487812654257375],[-120.50313734054099,34.487810941318315],[-120.50314174663512,34.487809228379085],[-120.50314835577598,34.48780665896993],[-120.50315719482929,34.487802332129164],[-120.50316271587889,34.48779974047351],[-120.50316491892544,34.48779888400344],[-120.5031704399746,34.48779629234739],[-120.50317375797711,34.487794557161386],[-120.50318702998585,34.48778761641635],[-120.50319366598941,34.48778414604326],[-120.503199240768,34.48777975246313],[-120.50322153987656,34.48776217813981],[-120.50322711465222,34.48775778455827],[-120.50323162820284,34.48775246777006],[-120.50324065530235,34.4877418341931],[-120.50328579076469,34.487688666296464]],[[-120.50494022424832,34.487704447472815],[-120.50494248096975,34.48770178904462],[-120.50494587947497,34.48769735092095],[-120.50494702125889,34.487695571225515],[-120.50495041976359,34.4876911331017],[-120.50495607498844,34.48768403654927],[-120.50495950033879,34.48767869746258],[-120.50496178390544,34.48767513807137],[-120.50496406747187,34.487671578680114],[-120.50496751966769,34.48766533863056],[-120.50496985692651,34.487659977314],[-120.50497336281417,34.48765193533904],[-120.50497453144324,34.48764925468069],[-120.5049768955475,34.48764299240135],[-120.50497931334405,34.487634928196734],[-120.5049805625116,34.48762954465052],[-120.50498181167899,34.48762416110426],[-120.50498189221788,34.48762145821646],[-120.50498319507759,34.48761427274497],[-120.50498431001321,34.48761339401168],[-120.50498563971875,34.48760530757754],[-120.50498585448864,34.487598099876685],[-120.50498623033573,34.487585486400164],[-120.50498644510537,34.48757827869929],[-120.50498559863235,34.487570147806515],[-120.50498453738977,34.487569224614624],[-120.50498366407075,34.48756199468445],[-120.50498374460939,34.48755929179661],[-120.50498281759806,34.487553863791646],[-120.50498189058682,34.487548435786685],[-120.50497995602596,34.487540282664575],[-120.50497796777292,34.48753393146766],[-120.50497696022337,34.487531206350496],[-120.50497393757512,34.48752303099898],[-120.50497192247657,34.4875175807646],[-120.50496884613656,34.487511207338194],[-120.50496677734591,34.48750755902897],[-120.50496470855542,34.4875039107197],[-120.50496160537001,34.487498438255756],[-120.50495637970234,34.487491119407565],[-120.50495324967146,34.487486547906045],[-120.5049522152767,34.48748472375133],[-120.50494908524628,34.48748015224971],[-120.50494698961066,34.48747740490279],[-120.50493860706953,34.48746641551484],[-120.5049344157998,34.48746092082065],[-120.5049291095966,34.48745630485924],[-120.50490788478973,34.4874378410115],[-120.5049025785895,34.48743322504904],[-120.50489615745589,34.48742948781896],[-120.50488331519048,34.487422013357836],[-120.50488010462449,34.487420144742366],[-120.50487474473242,34.48741733070393],[-120.50487259540624,34.487416385281],[-120.50486723551467,34.48741357124224],[-120.50485866505842,34.487408888587254],[-120.50485221708126,34.48740605231756],[-120.50484791843006,34.48740416147092],[-120.5048436197791,34.48740227062412],[-120.50483608371655,34.487399412123175],[-120.50482960889322,34.48739747681488],[-120.50481989665886,34.48739457385181],[-120.50481665924755,34.48739360619728],[-120.50480909633886,34.48739164865724],[-120.50479935725797,34.487389646655096],[-120.50479285558826,34.48738861230744],[-120.50478635391877,34.487387577959424],[-120.50478308965998,34.48738751126654],[-120.50477441181823,34.48738643245593],[-120.50477335058031,34.48738550926237],[-120.50476358465274,34.48738440821994],[-120.50475487996313,34.487384230370445],[-120.50473964675655,34.48738391913234],[-120.50473094206718,34.48738374128114],[-120.50472112244286,34.48738444216026],[-120.50472000750781,34.487385320891185],[-120.5047156551631,34.487385231964964],[-120.50471456707692,34.48738520973338],[-120.50470695047375,34.48738505411206],[-120.50469821893535,34.487385777220965],[-120.50458887331888,34.48740157324681],[-120.5045789999912,34.487404076039056],[-120.50457462079551,34.48740488807013],[-120.5045680385766,34.487406556597605],[-120.50456474746706,34.4874073908612],[-120.50455487413805,34.48740989365144],[-120.50454829191844,34.48741156217781],[-120.50454059476134,34.487414109433],[-120.50453618871397,34.487415822424964],[-120.50453178266643,34.487417535416775],[-120.50452517359479,34.487420104904174],[-120.50451633464759,34.48742443184909],[-120.50451081366151,34.487427023569026],[-120.50450861063723,34.487427880064466],[-120.50450308965071,34.48743047178403],[-120.50449977168837,34.48743220700811],[-120.50448649983774,34.48743914790343],[-120.50447986391161,34.487442618350514],[-120.50447428922014,34.48744701199325],[-120.50445199044837,34.487464586561366],[-120.50444641575397,34.48746898020269],[-120.50444190229415,34.48747429704005],[-120.5044328753727,34.48748493071417],[-120.50443061864195,34.487487589132584],[-120.50442722011954,34.487492027241224],[-120.50442607832794,34.48749380693149],[-120.504422679805,34.48749824503999],[-120.50441702455004,34.487505341566475],[-120.50441359917383,34.48751068063688],[-120.50441131558944,34.4875142400171],[-120.50440903200487,34.48751779939725],[-120.50440557977522,34.487524039429616],[-120.50440324248525,34.48752940073407],[-120.5043997365497,34.48753744269064],[-120.50439856790437,34.487540123342804],[-120.50439620376093,34.48754638560928],[-120.50439378591201,34.487554449800115],[-120.5043925367085,34.4875598333388],[-120.50439128750482,34.48756521687748],[-120.50439120694706,34.48756791976408],[-120.5043899040379,34.48757510522712],[-120.5043887890969,34.48757598395474],[-120.50438745933472,34.48758407037992],[-120.5043872445135,34.4875912780775],[-120.50438686857615,34.487603891548254],[-120.5043866537547,34.48761109924581],[-120.50438750016943,34.48761923014017],[-120.50438856140569,34.487620153336984],[-120.50438943467331,34.48762738326916],[-120.50438935411529,34.48763008615573],[-120.50439028108838,34.4876355141635],[-120.50439120806155,34.48764094217127],[-120.50439314256617,34.4876490953002],[-120.5043951307764,34.48765544650472],[-120.50439613830794,34.48765817162589],[-120.50439916090289,34.48766634698931],[-120.50440117596649,34.48767179723157],[-120.50440425226749,34.487678170670506],[-120.50440632103677,34.4876818189883],[-120.50440838980622,34.487685467306065],[-120.50441149296071,34.48769093978267],[-120.50441671859062,34.48769825865243],[-120.5044198485985,34.48770283016664],[-120.50442088298374,34.48770465432543],[-120.50442401299208,34.48770922583955],[-120.50442610861529,34.487711973194855],[-120.50443449110944,34.48772296261577],[-120.5044386823573,34.48772845732604],[-120.5044439885484,34.48773307330817],[-120.50446521331857,34.487751537234594],[-120.50447051951257,34.48775615321568],[-120.50447694064987,34.48775989046823],[-120.5044897829262,34.48776736497241],[-120.50455399434307,34.48780473747436],[-120.50455720491544,34.48780660609864],[-120.50456256482006,34.487809420151486],[-120.5045647141522,34.48781036558011],[-120.50457007405733,34.487813179632646],[-120.50457864453612,34.4878178623087],[-120.50458509253393,34.48782069859366],[-120.50458939119939,34.48782258945011],[-120.50459368986506,34.48782448030642],[-120.50460122595575,34.487827338823465],[-120.50460770080564,34.48782927414498],[-120.50461741308108,34.48783217712662],[-120.5046206505064,34.48783314478699],[-120.50462821344918,34.48783510234011],[-120.5046379525763,34.487837104357844],[-120.50464445427804,34.48783813871514],[-120.50465095597998,34.48783917307209],[-120.50465422025603,34.487839239769265],[-120.50466289814229,34.487840318590315],[-120.50466395938437,34.48784124178496],[-120.50467372536306,34.48784234283755],[-120.50468243009972,34.48784252069489],[-120.50469766338904,34.48784283194373],[-120.5047063681259,34.487843009799356],[-120.5047161878043,34.48784230892382],[-120.50471730274576,34.487841430193235],[-120.50472603433187,34.48784070708507],[-120.50472929860817,34.48784077378025],[-120.50473585400995,34.487840006207925],[-120.50474240941166,34.48783923863525],[-120.5047522559385,34.48783763679436],[-120.50475992628088,34.48783599048982],[-120.50476321740594,34.48783515622166],[-120.50477309078077,34.487832653416625],[-120.50477967303033,34.48783098487948],[-120.50478737022026,34.48782843761072],[-120.50479177628533,34.48782672461051],[-120.5047961823502,34.48782501161011],[-120.5048027914472,34.487822442109234],[-120.50481163042429,34.487818115145004],[-120.50481715142844,34.48781552341233],[-120.50481935446038,34.487814666911675],[-120.50482487546411,34.48781207517862],[-120.50482819343583,34.48781033994617],[-120.5048414653213,34.48780339901539],[-120.50484810126324,34.487799928549435],[-120.50485367596086,34.487795534890026],[-120.50487597474549,34.487777960249545],[-120.50488154944019,34.487773566588714],[-120.50488606289048,34.487768249734806],[-120.5048950897893,34.48775761602644],[-120.50494022424832,34.487704447472815]],[[-120.50520821321547,34.488101178020266],[-120.50520731303006,34.48809484905387],[-120.50520742040742,34.48809124520313],[-120.50520652022212,34.48808491623672],[-120.50520662759948,34.488081312385965],[-120.50520471985179,34.48807225830389],[-120.50520270472703,34.488066808072546],[-120.50520071644688,34.48806045687848],[-120.50519872816699,34.48805410568438],[-120.50519668619856,34.488049556415646],[-120.50519363666851,34.48804228203114],[-120.50519058713897,34.48803500764656],[-120.50518644951501,34.488027711034185],[-120.50518435385877,34.48802496369063],[-120.50518018939125,34.48801856804076],[-120.50517915498561,34.488016743887606],[-120.50517602492435,34.488012172390775],[-120.5051739292688,34.48800942504707],[-120.50516973795814,34.48800393035957],[-120.50516135533843,34.487992940984206],[-120.50515716402937,34.48798744629633],[-120.50515185778175,34.48798283034297],[-120.5051465515347,34.487978214389415],[-120.505140184039,34.48797267524487],[-120.50513381654419,34.48796713610001],[-120.50512636095618,34.487961574726626],[-120.50512315036443,34.48795970611656],[-120.50512206227043,34.48795968388829],[-120.505118878524,34.487956914315475],[-120.50511784412042,34.487955090161876],[-120.50511142293794,34.48795135294125],[-120.50510500175602,34.48794761572031],[-120.5050985805747,34.48794387849906],[-120.50509001005204,34.48793919585778],[-120.50508356202654,34.4879363595984],[-120.50507926334312,34.487934468758645],[-120.50507172722483,34.48793161027003],[-120.50506419110705,34.487928751780984],[-120.50505665498982,34.48792589329149],[-120.50504694268626,34.487922990343705],[-120.50504046781762,34.48792105504477],[-120.50503614229002,34.487920065166165],[-120.50502966742192,34.48791812986669],[-120.50502316570794,34.48791709552946],[-120.50501666399417,34.48791606119187],[-120.50501557590084,34.48791603896268],[-120.50500798609397,34.48791498239545],[-120.50500363372079,34.48791489347829],[-120.50499604391422,34.48791383691033],[-120.50499495582095,34.48791381468095],[-120.50499386772769,34.487913792451565],[-120.50499389457414,34.487912891488996],[-120.50498412858143,34.487911790461496],[-120.50497542383559,34.487911612625346],[-120.50496780718304,34.48791145701821],[-120.50495910243735,34.4879112791809],[-120.50494928275158,34.487911980075715],[-120.50494816781142,34.48791285880844],[-120.50494707971822,34.48791283657865],[-120.50493943621868,34.48791358193226],[-120.5049350838458,34.48791349301267],[-120.50492744034614,34.487914238365526],[-120.50492308797327,34.4879141494455],[-120.5049121533465,34.4879157290698],[-120.50490557109232,34.48791739761389],[-120.50489790074468,34.48791904392737],[-120.50489460961737,34.48791987819907],[-120.50488473623511,34.487922381013604],[-120.50487815397997,34.48792404955618],[-120.50487045678345,34.487926596830356],[-120.50486273273863,34.48793004506651],[-120.50485500869317,34.48793349330216],[-120.50484948768205,34.4879360850362],[-120.5048483995886,34.487936062805524],[-120.50484287857711,34.48793865453926],[-120.50473245827772,34.48799048915837],[-120.50472914029682,34.48799222438778],[-120.50472582231576,34.48799395961708],[-120.50472138939101,34.4879965735768],[-120.5047169833155,34.48799828657399],[-120.50470814431439,34.4880026135302],[-120.50470259644474,34.48800610621956],[-120.50469590678085,34.48801137860122],[-120.50467806767305,34.48802543828368],[-120.50467249295065,34.48802983193385],[-120.50466689137757,34.48803512654609],[-120.50466237789838,34.488040443390425],[-120.50465786441863,34.48804576023457],[-120.5046533509383,34.488051077078545],[-120.5046511210482,34.488052834538124],[-120.50464546577147,34.48805993107383],[-120.50464204038451,34.48806527014987],[-120.50463861499709,34.48807060922579],[-120.50463633140522,34.48807416860966],[-120.50463404781314,34.488077727993485],[-120.50463059557413,34.48808396803142],[-120.50462825828039,34.48808932933968],[-120.50462592098636,34.48809469064789],[-120.50462358369198,34.48810005195604],[-120.50462241504466,34.48810273261008],[-120.50462124639728,34.488105413264115],[-120.50461888225159,34.48811167553443],[-120.50461646440408,34.488119739729214],[-120.504615215204,34.48812512326998],[-120.50461396600377,34.48813050681073],[-120.50461388545146,34.488133209697544],[-120.50461258254941,34.488140395162816],[-120.50461146760273,34.48814127389216],[-120.50461013784945,34.488149360319646],[-120.50460992304286,34.48815656801779],[-120.50460973508702,34.48816287475365],[-120.5046095471311,34.4881691814895],[-120.5046103398681,34.488179114307364],[-120.50461132056114,34.48818274038937],[-120.50461222070174,34.48818906935817],[-120.50461312084244,34.48819539832695],[-120.5046130134391,34.488199002176],[-120.50461492112417,34.48820805626451],[-120.50461693621288,34.488213506503946],[-120.50461892445102,34.4882198577056],[-120.50462091268943,34.48822620890726],[-120.50462192023413,34.48822893402693],[-120.5046239353237,34.48823438426627],[-120.50462595041353,34.48823983450558],[-120.50462902675014,34.48824620793997],[-120.50463109554192,34.488249856254676],[-120.50463419872995,34.4882553287267],[-120.50463730191835,34.48826080119864],[-120.50464252760106,34.48826812006052],[-120.50464465009507,34.488269966450495],[-120.50465722395846,34.48828645056331],[-120.50466141524734,34.48829194526734],[-120.50466672148508,34.48829656124148],[-120.50468264020182,34.48831040916266],[-120.5046879464419,34.48831502513596],[-120.50468903454014,34.488315047368296],[-120.50469009578823,34.48831597056292],[-120.50469434078086,34.48831966334136],[-120.50469646327731,34.48832150973051],[-120.50470179636888,34.488325224740976],[-120.50471036690625,34.48832990741003],[-120.50471466560028,34.48833179826318],[-120.50477672819348,34.488368225241366],[-120.50477993879201,34.48837009386077],[-120.50478529873963,34.4883729079055],[-120.5047874480886,34.48837385333085],[-120.50479280803674,34.48837666737526],[-120.50480137858472,34.48838135003833],[-120.50480782663304,34.488384186313496],[-120.50481212533218,34.48838607716343],[-120.50481642403149,34.488387968013214],[-120.50482396018019,34.488390826518796],[-120.50483043507879,34.48839276183044],[-120.50483690997766,34.48839469714175],[-120.50484338487686,34.488396632452734],[-120.5048498597764,34.488398567763376],[-120.50485851087521,34.48840054753547],[-120.50486610072325,34.488401604113754],[-120.50487369057154,34.48840266069158],[-120.50488128042001,34.48840371726892],[-120.50488560597007,34.48840470715395],[-120.50489754821726,34.48840585265277],[-120.50490516491435,34.488406008266224],[-120.50492910310558,34.488406497334026],[-120.50494109904892,34.48840584090371],[-120.5049487425937,34.488405095552],[-120.50495420993916,34.48840430573978],[-120.50495967728452,34.488403515927295],[-120.50496185348372,34.48840356038722],[-120.50496734767621,34.48840186961192],[-120.5049684357758,34.48840189184183],[-120.50496952387539,34.488401914071716],[-120.50497061197497,34.48840193630159],[-120.50497499122051,34.48840112425853],[-120.50498157351218,34.488399455712404],[-120.50498595275747,34.488398643668944],[-120.50499253504877,34.4883969751222],[-120.50500240848527,34.488394472301415],[-120.50501010572222,34.48839192502078],[-120.50501780295873,34.48838937773963],[-120.50502220904987,34.488387664732315],[-120.50502881818623,34.48838509522102],[-120.50503765721395,34.48838076824287],[-120.50504429319572,34.48837729776817],[-120.50506420113783,34.48836688634173],[-120.50507083711747,34.488363415865486],[-120.50507749994257,34.48835904442629],[-120.50508307466791,34.48835465075786],[-120.50508864939266,34.488350257089145],[-120.50509422411685,34.48834586342015],[-120.50509982568619,34.48834056878829],[-120.50510094063083,34.4883396900544],[-120.50510542725482,34.48833527415616],[-120.505106569045,34.48833349445961],[-120.50510991387833,34.488330858257704],[-120.50511442734694,34.48832554139647],[-120.50511894081497,34.48832022453505],[-120.5051234542824,34.48831490767343],[-120.50512796774926,34.488309590811625],[-120.50513362300468,34.488302494252785],[-120.50513704837182,34.4882971551622],[-120.50513933194968,34.48829359576841],[-120.50514164237256,34.48828913541196],[-120.50514506773864,34.48828379632109],[-120.50519127613532,34.48819458917828],[-120.50519364024163,34.48818832689522],[-120.50519600434754,34.48818206461208],[-120.50519836845307,34.488175802328875],[-120.50520073255822,34.48816954004561],[-120.50520315035189,34.488161475836925],[-120.50520439951521,34.48815609228854],[-120.50520564867833,34.488150708740136],[-120.50520572921161,34.4881480058521],[-120.50520703206328,34.488140820378305],[-120.50520814700405,34.48813994164324],[-120.50520947669973,34.488131855206724],[-120.50520969145454,34.48812464750526],[-120.50520987936497,34.48811834076647],[-120.50521009411966,34.48811113306498],[-120.50520924762269,34.48810300217323],[-120.50520815952679,34.488102979945644],[-120.50520818637114,34.48810207898296],[-120.50520821321547,34.488101178020266]],[[-120.5057887348268,34.48992146677575],[-120.5057909915865,34.48991880833415],[-120.50579439014571,34.489914370190284],[-120.5057955319453,34.489912590488025],[-120.505798930504,34.48990815234398],[-120.50580458582114,34.48990105575795],[-120.50580801121855,34.48989571665079],[-120.50581029481658,34.48989215724593],[-120.50581257841442,34.48988859784103],[-120.50581603065038,34.48988235777075],[-120.5058183679268,34.48987699644004],[-120.50582187384083,34.489868954443835],[-120.50582304247868,34.489866273778404],[-120.50582540659363,34.48986001148466],[-120.50582782438705,34.48985194726511],[-120.5058290735427,34.489846563711055],[-120.50583032269817,34.489841180156944],[-120.50583040321635,34.48983847726837],[-120.5058317060503,34.48983129178853],[-120.50583282100853,34.48983041304868],[-120.50583415068148,34.4898223266059],[-120.50583436539611,34.48981511890302],[-120.50583474114657,34.489802505422915],[-120.505834955861,34.489795297719986],[-120.50583410929637,34.48978716683122],[-120.5058330480174,34.489786243645376],[-120.50583217461364,34.48977901371948],[-120.5058322551316,34.48977631083088],[-120.50583132804934,34.489770882830676],[-120.5058304009672,34.4897654548305],[-120.50582846628522,34.489757301718704],[-120.50582647792487,34.48975095053262],[-120.50582547032512,34.489748225420996],[-120.50582244752624,34.48974005008612],[-120.50582043232727,34.48973459986282],[-120.50581735585047,34.489728226453565],[-120.5058152869732,34.48972457815593],[-120.50581321809612,34.489720929858265],[-120.5058101147808,34.48971545741172],[-120.50580488891042,34.489708138593045],[-120.50580175875653,34.48970356710918],[-120.5058007243185,34.48970174296024],[-120.50579759416507,34.48969717147629],[-120.50579549844973,34.48969442414124],[-120.50578711558983,34.48968343480068],[-120.50578292416067,34.489677940130214],[-120.50577761777548,34.48967332419908],[-120.50575639224063,34.48965486047245],[-120.50575108585836,34.48965024454027],[-120.50574466452018,34.489646507347025],[-120.50573182184559,34.4896390329596],[-120.5057286111773,34.489637164362556],[-120.50572325111702,34.489634350354905],[-120.50572110172496,34.489633404944335],[-120.50571574166521,34.48963059093636],[-120.50570717093846,34.4896259083306],[-120.50570072276362,34.489623072098006],[-120.50569642398065,34.489621181276085],[-120.50569212519788,34.48961929045404],[-120.50568458890811,34.489616431996495],[-120.50567811389404,34.48961449672555],[-120.50566840137348,34.4896115938185],[-120.50566516386681,34.489610626182674],[-120.5056576007378,34.48960866868631],[-120.50564786137761,34.48960666674045],[-120.50564135952405,34.48960563243039],[-120.50563485767066,34.48960459811999],[-120.50563159332337,34.489604531446034],[-120.50562291523876,34.48960345268567],[-120.50562185396443,34.489602529498164],[-120.50561208776446,34.48960142851228],[-120.50560338283891,34.48960125071328],[-120.50558814921935,34.48960093956353],[-120.50557944429401,34.48960076176283],[-120.5055696244111,34.489601462699],[-120.50556850945348,34.489602341436495],[-120.50556415699079,34.48960225253552],[-120.50556306887512,34.489602230310254],[-120.50555545206544,34.48960207473309],[-120.50554672029799,34.48960279789274],[-120.50543737186983,34.48961859455481],[-120.50542749829734,34.489621097404644],[-120.5054231189906,34.489621909461206],[-120.50541653660851,34.48962357802706],[-120.50541324541739,34.489624412309844],[-120.50540445995945,34.48962693738437],[-120.50540560176282,34.489625157685865],[-120.5054507369919,34.48957198898782],[-120.50545299375183,34.48956933055239],[-120.50545639231301,34.48956489241786],[-120.50545753411436,34.48956311271878],[-120.505460932675,34.48955867458408],[-120.5054665879943,34.48955157801356],[-120.50547001339699,34.48954623891593],[-120.5054722969985,34.48954267951743],[-120.50547458059985,34.48953912011888],[-120.50547803284434,34.48953288005829],[-120.50548037013084,34.489527518734285],[-120.50548387605998,34.489519476748164],[-120.50548504470287,34.48951679608608],[-120.50548740883114,34.489510533799226],[-120.50548982664449,34.489502469586945],[-120.50549107581503,34.48949708603678],[-120.50549232498538,34.489491702486575],[-120.50549240551342,34.489488999598535],[-120.50549370836885,34.48948181412295],[-120.50549482332553,34.489480935386084],[-120.50549615302322,34.48947284894777],[-120.50549636776414,34.489465641246326],[-120.50549674356057,34.48945302776874],[-120.5054969583013,34.48944582006726],[-120.50549611177104,34.489437689177315],[-120.50549505050014,34.48943676598884],[-120.50549515787053,34.4894331621381],[-120.50549855642356,34.489428724001954],[-120.50554369148188,34.489375555260814],[-120.50554594823328,34.48937289682324],[-120.50554934678104,34.489368458685426],[-120.50555048857753,34.489366678985206],[-120.50555388712478,34.48936224084725],[-120.50555954242213,34.48935514427129],[-120.50556296781022,34.48934980517028],[-120.50556525140199,34.48934624576953],[-120.50556753499359,34.489342686368744],[-120.50557098722228,34.4893364463047],[-120.50557332449667,34.48933108497825],[-120.5055768304076,34.48932304298848],[-120.50557799904443,34.48932036232519],[-120.50558036315938,34.48931410003579],[-120.50558278095703,34.48930603582081],[-120.5055840301179,34.489300652269144],[-120.5055852792786,34.489295268717434],[-120.50558535980305,34.489292565829125],[-120.50558666264642,34.48928538035186],[-120.50558777759946,34.48928450161398],[-120.50558910728387,34.489276415173876],[-120.50558932201523,34.489269207471686],[-120.50558969779492,34.489256593992806],[-120.50558991252608,34.48924938629059],[-120.50558906598751,34.48924125540073],[-120.50558800471791,34.489240332213114],[-120.50558713133817,34.48923310228603],[-120.50558721186236,34.4892303993977],[-120.50558628479996,34.48922497139615],[-120.50558535773763,34.48921954339462],[-120.505583423089,34.48921139027986],[-120.50558143475787,34.48920503909064],[-120.5055804271717,34.48920231397741],[-120.50557740441349,34.489194138637686],[-120.50557538924164,34.48918868841117],[-120.50557231280132,34.4891823149969],[-120.50557024394699,34.48917866669587],[-120.50556817509286,34.489175018394796],[-120.50556507181194,34.489169545943156],[-120.50555984599472,34.4891622271158],[-120.50555671587315,34.48915765562674],[-120.50555568144661,34.48915583147612],[-120.5055525513255,34.489151259986976],[-120.50555045563102,34.48914851264843],[-120.50554207285448,34.48913752329392],[-120.50553788146703,34.48913202861649],[-120.50553257512877,34.48912741267642],[-120.50551134978154,34.489108948914016],[-120.5055060434462,34.48910433297289],[-120.50549962216013,34.489100595768754],[-120.50548677958975,34.48909312135953],[-120.50548356894753,34.48909125275702],[-120.50547820892999,34.48908843874024],[-120.5054760595546,34.489087493326025],[-120.50547069953757,34.48908467930893],[-120.50546212887961,34.489079996688595],[-120.50545568075478,34.48907716044502],[-120.50545138200516,34.489075269615775],[-120.50544708325575,34.489073378786394],[-120.50543954702331,34.48907052031599],[-120.50543307205716,34.48906858503396],[-120.50542335960853,34.48906568211031],[-120.50542012212578,34.489064714468924],[-120.50541255905206,34.489062756959605],[-120.50540281976168,34.48906075499706],[-120.50539631795394,34.489059720675826],[-120.5053898161464,34.48905868635426],[-120.50538655182103,34.48905861967469],[-120.50537787379682,34.48905754089939],[-120.50537681253188,34.48905661771011],[-120.50536704639964,34.48905551670743],[-120.50535834153244,34.489055338893415],[-120.50534310801498,34.48905502771741],[-120.50533440314798,34.48905484990169],[-120.50532458332866,34.48905555082091],[-120.5053234683762,34.489056429556435],[-120.5053191159427,34.489056340647956],[-120.50531802783432,34.48905631842081],[-120.50531041107571,34.48905616283053],[-120.50530167936452,34.48905688597509],[-120.50524045000314,34.48906555181961],[-120.50523952296453,34.48906012381636],[-120.5052375346627,34.4890537726227],[-120.50523652708941,34.489051047507125],[-120.50523350436985,34.4890428721604],[-120.50523148922382,34.489037421929204],[-120.50522841281507,34.4890310485075],[-120.50522634397942,34.48902740020137],[-120.50522427514396,34.489023751895196],[-120.50522117189111,34.48901827943592],[-120.50521594611351,34.48901096059538],[-120.50521281601642,34.48900638909846],[-120.5052117815992,34.4890045649453],[-120.50520865150257,34.488999993448296],[-120.50520655582324,34.48899724610444],[-120.50519817310729,34.48898625672868],[-120.5051939817501,34.48898076204062],[-120.50518867544082,34.48897614608672],[-120.50516745020951,34.48895768226906],[-120.50516214390316,34.48895306631412],[-120.50515572264479,34.48894932909298],[-120.50514288012977,34.48894185464972],[-120.50513966950139,34.48893998603872],[-120.50513430950573,34.488937172007695],[-120.50513216013839,34.48893622658775],[-120.50512680014326,34.48893341255641],[-120.50511822952103,34.488928729913326],[-120.50511178142034,34.48892589365252],[-120.50510748268684,34.4889240028118],[-120.5051031839535,34.488922111970936],[-120.50509564774744,34.488919253480326],[-120.50508917280189,34.48891731818087],[-120.50507946038414,34.488914415231065],[-120.50507622291173,34.48891344758096],[-120.50506865986083,34.48891149005124],[-120.5050589205978,34.48890948806231],[-120.50505241880711,34.48890845372345],[-120.50504591701662,34.48890741938422],[-120.50504265269797,34.488907352695705],[-120.50503397469532,34.488906273896816],[-120.50503291343615,34.48890535070476],[-120.50502314732775,34.48890424967551],[-120.50501444247853,34.488904071837666],[-120.50499920899257,34.488903760619976],[-120.50499050414359,34.48890358278045],[-120.50498068434095,34.48890428367265],[-120.5049795693872,34.488905162405],[-120.50497521696269,34.48890507348461],[-120.50497412885657,34.48890505125448],[-120.50496651211371,34.48890489564336],[-120.50495778041697,34.48890561876389],[-120.50484843283049,34.48892141493463],[-120.50483855932698,34.488923917739875],[-120.50483418005277,34.48892472977673],[-120.5048275977167,34.48892639831284],[-120.50482430654856,34.48892723258078],[-120.50481443304375,34.488929735384005],[-120.50480785070694,34.48893140391903],[-120.50480015341397,34.488933951184286],[-120.50479574728932,34.488935664182],[-120.5047913411645,34.48893737717956],[-120.50478473197694,34.48893994667556],[-120.50477589287644,34.488944273631915],[-120.50477037179442,34.488946865359],[-120.50476816873149,34.488947721857315],[-120.504762647649,34.48895031358404],[-120.50475932962935,34.48895204881238],[-120.50474605754941,34.48895898972485],[-120.50473942150863,34.48896246018049],[-120.50473384672371,34.48896685383029],[-120.50471154757822,34.48898442842665],[-120.5047059727904,34.48898882207504],[-120.50470145925833,34.488994138917946],[-120.50469243219248,34.4890047726032],[-120.50469017542564,34.48900743102438],[-120.50468677684968,34.48901186913717],[-120.50468563504066,34.4890136488288],[-120.50468223646422,34.48901808694143],[-120.50467658111961,34.48902518347486],[-120.50467315569117,34.48903052254936],[-120.50467087207194,34.4890340819323],[-120.5046685884525,34.4890376413152],[-120.50466513617187,34.48904388135161],[-120.50466279884961,34.4890492426587],[-120.50465929286561,34.48905728461924],[-120.5046581242041,34.48905996527272],[-120.50465576002964,34.48906622754179],[-120.50465334215222,34.48907429173513],[-120.50465209293635,34.48907967527501],[-120.50465084372033,34.48908505881486],[-120.50465076316637,34.48908776170133],[-120.50464946024738,34.48909494716547],[-120.5046483452877,34.48909582589449],[-120.50464701551698,34.48910391232072],[-120.50464680070587,34.489111120017945],[-120.50464642478627,34.48912373348804],[-120.50464620997496,34.48913094118523],[-120.50464705642105,34.48913907207773],[-120.50464811767853,34.48913999527304],[-120.50464899097625,34.48914722520338],[-120.50464891042203,34.489149928089816],[-120.50464983742266,34.48915535609586],[-120.50465076442342,34.48916078410189],[-120.50465269897934,34.489168937227504],[-120.50465468723834,34.489175288428775],[-120.50465569479364,34.48917801354834],[-120.50465871745986,34.489186188907],[-120.504660732571,34.48919163914605],[-120.5046638089407,34.48919801258029],[-120.50466587775496,34.48920166089498],[-120.50466794656937,34.48920530920966],[-120.50467104979134,34.48921078168159],[-120.50467627553115,34.4892181005437],[-120.50467940560523,34.48922267205331],[-120.50468044001296,34.48922449621055],[-120.50468357008751,34.48922906772007],[-120.50468566575444,34.48923181507232],[-120.5046940484234,34.489242804481016],[-120.5046982397587,34.489248299185185],[-120.50470354605588,34.48925291515979],[-120.50472477125048,34.48927137905612],[-120.50473007755059,34.489275995029686],[-120.50473649881269,34.48927973227331],[-120.50474934133861,34.489287206759634],[-120.5048135540034,34.489324579172255],[-120.50481676463819,34.48932644779205],[-120.50482212464637,34.48932926183748],[-120.5048242740197,34.48933020726314],[-120.50482963402838,34.48933302130825],[-120.50483820467315,34.48933770397242],[-120.5048446527945,34.48934054024848],[-120.50484895154229,34.48934243109901],[-120.50485325029031,34.4893443219494],[-120.50486078652447,34.4893471804561],[-120.50486726149663,34.48934911576876],[-120.50487697395546,34.48935201873713],[-120.5048802114419,34.489352986393094],[-120.50488777452689,34.48935494393592],[-120.50489751383616,34.489356945940436],[-120.50490401565888,34.48935798028892],[-120.5049105174818,34.48935901463708],[-120.50491378181772,34.48935908132988],[-120.50492245986486,34.48936016013922],[-120.50492352112819,34.48936108333236],[-120.50493328728776,34.489362184371785],[-120.50493546351181,34.48936222883325],[-120.5049331798935,34.48936578822103],[-120.50492752454407,34.48937288476561],[-120.50492409911554,34.48937822384698],[-120.50492181549629,34.48938178323447],[-120.50491953187681,34.48938534262193],[-120.50491607959843,34.48939158266532],[-120.50491374228082,34.48939694397721],[-120.5049102363038,34.48940498594495],[-120.50490906764463,34.48940766660083],[-120.50490670347716,34.48941392887484],[-120.50490428561143,34.489421993073336],[-120.50490303640497,34.48942737661598],[-120.5049017871983,34.4894327601586],[-120.5049017066514,34.48943546304543],[-120.50490040374648,34.489442648512586],[-120.50489928878443,34.489443527243765],[-120.50489795903015,34.48945161367313],[-120.50489774423785,34.48945882137131],[-120.50489736835114,34.48947143484311],[-120.50489715355864,34.48947864254127],[-120.5048980000306,34.489486773432816],[-120.50489906129516,34.48948769662621],[-120.50489993461639,34.48949492655548],[-120.50489985406922,34.48949762944229],[-120.50490078108868,34.48950305744702],[-120.50490170810824,34.48950848545172],[-120.50490364269477,34.48951663857435],[-120.50490563097968,34.4895229897724],[-120.50490663854673,34.4895257148903],[-120.50490966124829,34.489533890243905],[-120.50491167638296,34.489539340479624],[-120.50491475278331,34.48954571390858],[-120.50491682161639,34.489549362219684],[-120.50491889044966,34.48955301053077],[-120.5049219936999,34.48955848299731],[-120.50492721948214,34.48956580185021],[-120.50493034958215,34.48957037335429],[-120.5049313839993,34.48957219750973],[-120.50493451409977,34.48957676901374],[-120.50493660978319,34.48957951636228],[-120.50494499251816,34.48959050575611],[-120.50494918388645,34.48959600045284],[-120.504954490219,34.48960061641786],[-120.50497571555508,34.48961908027583],[-120.50498102189054,34.48962369623981],[-120.5049874431904,34.489627433471675],[-120.50500028579184,34.48963490793449],[-120.50506449883406,34.4896722802296],[-120.5050677094877,34.489674148843534],[-120.50507306952656,34.48967696287912],[-120.5050752189117,34.48967790830082],[-120.50508057895105,34.4896807223361],[-120.50508914964536,34.48968540498455],[-120.5050955978021,34.48968824124874],[-120.5050998965735,34.48969013209136],[-120.50510419534513,34.48969202293383],[-120.50511173161942,34.48969488142663],[-120.5051182066246,34.48969681672728],[-120.505127919133,34.489699719677674],[-120.50513115663595,34.48970068732764],[-120.50513871975873,34.489702644856436],[-120.50514845911519,34.48970464684283],[-120.50515496096862,34.489705681179196],[-120.50516146282224,34.48970671551524],[-120.50516472717233,34.48970678220192],[-120.50517340525961,34.48970786099508],[-120.50517446653004,34.489708784186305],[-120.50518423273444,34.489709885207496],[-120.50519293766851,34.48971006303683],[-120.50520817130332,34.48971037423672],[-120.5052168762376,34.48971055206436],[-120.5052266961345,34.489709851157265],[-120.50522781109703,34.48970897242312],[-120.50523654287694,34.489708249286885],[-120.50523980722728,34.48970831597156],[-120.50524636277352,34.48970754837819],[-120.50525291831966,34.48970678078445],[-120.50526276506139,34.48970517891193],[-120.50527043556926,34.48970353258275],[-120.50527372676476,34.489702698304015],[-120.50528251223412,34.48970017323946],[-120.5052813704271,34.48970195293663],[-120.50527911365806,34.489704611368424],[-120.50527571508167,34.48970904949728],[-120.50527457327435,34.48971082919439],[-120.50527117469746,34.48971526732307],[-120.50526551935022,34.489722363883175],[-120.50526209392692,34.48972770297406],[-120.50525981031116,34.48973126236792],[-120.50525752669519,34.48973482176172],[-120.50525407442535,34.4897410618148],[-120.5052517371178,34.48974642313342],[-120.50524823115587,34.48975446511122],[-120.50524706250174,34.48975714577047],[-120.50524469834764,34.48976340805136],[-120.50524228050182,34.48977147225711],[-120.50524103131025,34.489776855803655],[-120.50523978211847,34.48978223935016],[-120.5052397015814,34.489784942237556],[-120.50523839869795,34.48979212770895],[-120.50523728373436,34.489793006443136],[-120.5052359540048,34.48980109287694],[-120.50523573923878,34.48980830057656],[-120.50523536339807,34.4898209140509],[-120.50523514863185,34.4898281217505],[-120.50523599513818,34.48983625264086],[-120.50523705641083,34.48983717583162],[-120.50523792976315,34.48984440575952],[-120.50523784922586,34.48984710864686],[-120.50523877626985,34.48985253664987],[-120.50523970331393,34.489857964652856],[-120.50524163793965,34.48986611777148],[-120.5052436262572,34.48987246896516],[-120.50524463383894,34.48987519408079],[-120.50524765658449,34.48988336942758],[-120.50524967174852,34.489888819658745],[-120.50525274818632,34.489895193080535],[-120.50525481704219,34.48989884138674],[-120.50525688589822,34.48990248969291],[-120.50525998918262,34.489907962152095],[-120.50526521501526,34.48991528099236],[-120.50526834514613,34.489919852488924],[-120.50526937957468,34.48992167664191],[-120.50527250970602,34.48992624813838],[-120.50527460540891,34.48992899548183],[-120.50528298822185,34.48993998485534],[-120.50528717962915,34.48994547954189],[-120.50529248600223,34.48995009549375],[-120.50531371150039,34.489968559299065],[-120.50531901787637,34.48997317524988],[-120.5053254392183,34.48997691246559],[-120.50533828190383,34.48998438689608],[-120.50540249536661,34.4900217590296],[-120.50540570604129,34.49002362763545],[-120.50541106611409,34.49002644165751],[-120.50541321551214,34.49002738707378],[-120.50541857558545,34.49003020109552],[-120.50542714633474,34.49003488372237],[-120.50543359453026,34.490037719970225],[-120.50543789332751,34.490039610801944],[-120.50544219212497,34.49004150163352],[-120.50544972844285,34.49004436010716],[-120.50545620348352,34.490046295391316],[-120.50546591604515,34.490049198316925],[-120.50546915356587,34.49005016595862],[-120.50547671672895,34.490052123468075],[-120.50548645613536,34.49005412542952],[-120.50549295802098,34.4900551597492],[-120.5054994599068,34.49005619406852],[-120.50550272427134,34.49005626074677],[-120.50551140240049,34.4900573395176],[-120.505512463679,34.490058262706185],[-120.50552222993007,34.49005936370222],[-120.5055309349027,34.49005954150906],[-120.50554616860498,34.490059852669546],[-120.50555487357781,34.49006003047467],[-120.50556469351481,34.490059329542085],[-120.50556580847886,34.49005845080495],[-120.50557454029408,34.49005772764603],[-120.50557780465886,34.49005779432229],[-120.50558436023073,34.49005702671183],[-120.5055909158025,34.49005625910103],[-120.50560076258103,34.49005465720283],[-120.50560843311608,34.49005301085359],[-120.50561172432273,34.490052176566245],[-120.50562159794232,34.490049673703645],[-120.50562818035509,34.490048005128116],[-120.50563587773078,34.49004545781441],[-120.50564028390002,34.49004374478843],[-120.5056446900691,34.49004203176229],[-120.5056512993224,34.49003946222277],[-120.50566013850091,34.490035135206774],[-120.5056656596319,34.49003254344177],[-120.50566786271592,34.49003168692823],[-120.50567338384641,34.490029095162846],[-120.50567670189281,34.49002735991096],[-120.50568997407704,34.49002041890239],[-120.50569661016836,34.49001694839755],[-120.50570218497896,34.49001255470529],[-120.5057244842155,34.48999497993346],[-120.50573005902318,34.4899905862398],[-120.50573457255003,34.489985269359124],[-120.50574359960201,34.489974635597186],[-120.5057887348268,34.48992146677575]],[[-120.50653128192297,34.4883860307105],[-120.50653353861547,34.488383372251754],[-120.5065369370691,34.48837893408176],[-120.50653807883032,34.48837715437055],[-120.50654147728342,34.48837271620042],[-120.50654713242771,34.488365619571134],[-120.50655055771001,34.48836028043712],[-120.50655284123131,34.48835672101438],[-120.5065551247524,34.48835316159158],[-120.50655857686371,34.48834692149373],[-120.50656091404434,34.488341560143645],[-120.50656441981468,34.48833351811841],[-120.50656558840464,34.48833083744329],[-120.50656795241427,34.48832457512943],[-120.50657037008332,34.488316510888325],[-120.50657161916251,34.48831112732235],[-120.50657286824149,34.48830574375635],[-120.5065729487311,34.48830304086559],[-120.50657425146956,34.48829585537237],[-120.50657536639893,34.4882949766243],[-120.50657669596681,34.48828689016744],[-120.50657691060528,34.488279682458646],[-120.50657728622241,34.488267068968234],[-120.50657750086066,34.4882598612594],[-120.50657665422962,34.48825173037149],[-120.50657559296046,34.48825080719238],[-120.50657471949984,34.488243577268065],[-120.50657479998922,34.48824087437723],[-120.50657387286915,34.48823544638011],[-120.5065729457492,34.48823001838297],[-120.50657101102016,34.48822186527949],[-120.5065690226318,34.4882155141032],[-120.50656801502278,34.48821278899684],[-120.50656499219618,34.48820461367774],[-120.50656297697871,34.48819916346497],[-120.50655990049322,34.488192790072986],[-120.50655783161652,34.48818914178734],[-120.50655576273999,34.48818549350168],[-120.50655265942551,34.488180021073134],[-120.50654743357558,34.48817270228592],[-120.50654430343202,34.488168130820796],[-120.50654326899428,34.488166306677876],[-120.50654013885121,34.48816173521264],[-120.50653804314597,34.48815898789032],[-120.50652966032635,34.48814799860072],[-120.50652546891736,34.48814250395573],[-120.5065201625812,34.488137888058276],[-120.50649893724234,34.488119424466355],[-120.5064936309091,34.48811480856786],[-120.5064872096488,34.48811107141652],[-120.50647436712988,34.48810359711287],[-120.50647115650054,34.48810172853676],[-120.50646579650832,34.48809891456427],[-120.50646364714537,34.4880979691679],[-120.50645828715368,34.48809515519509],[-120.50644971653392,34.48809047264543],[-120.50644326844645,34.48808763645546],[-120.50643896972173,34.488085745661955],[-120.5064346709972,34.48808385486832],[-120.50642713481417,34.48808099646088],[-120.50642065989699,34.48807906123329],[-120.50641094752179,34.48807615839132],[-120.50640771006354,34.48807519077715],[-120.50640014705081,34.488073233331626],[-120.50639040784549,34.48807123145156],[-120.50638390609834,34.48807019718561],[-120.50637740435138,34.4880691629193],[-120.50637414006208,34.48806909626777],[-120.50636546212252,34.48806801756644],[-120.50636440085799,34.488067094385684],[-120.50635463482246,34.48806599346632],[-120.50634593005148,34.48806581572709],[-120.50633069670249,34.48806550468197],[-120.50632199193174,34.48806532694105],[-120.50631217223228,34.48806602794522],[-120.50631105730349,34.488066906690925],[-120.50630670491812,34.488066817819835],[-120.50630561682176,34.48806679560203],[-120.50629800014738,34.48806664007719],[-120.50628926854405,34.48806736329737],[-120.5061799222389,34.48808316072149],[-120.50617004886892,34.48808566364078],[-120.50616566964898,34.48808647572798],[-120.50615908740188,34.48808814434013],[-120.50615579627825,34.488088978646076],[-120.50614592290698,34.48809148156335],[-120.50613934065917,34.488093150174414],[-120.50613164348013,34.488095697529076],[-120.50612723742493,34.48809741057817],[-120.50612283136955,34.4880991236271],[-120.5061162222862,34.48810169320018],[-120.50610738333972,34.488106020260325],[-120.50610186235207,34.488108612052166],[-120.50609965932388,34.48810946857617],[-120.50609413833577,34.488112060367634],[-120.50609082037577,34.488113795635044],[-120.50607754853448,34.48812073670373],[-120.50607091261301,34.488124207237476],[-120.50606533795282,34.488128600954106],[-120.50604303930612,34.48814617581777],[-120.506037464643,34.48815056953297],[-120.506032951241,34.48815588643142],[-120.5060239244353,34.488166520227736],[-120.50602166773352,34.4881691786767],[-120.5060182692627,34.488173616831645],[-120.50601712749376,34.488175396537684],[-120.50601372902244,34.48817983469249],[-120.50600807384802,34.48818693129584],[-120.50600464853987,34.48819227041357],[-120.50600236500084,34.48819582982532],[-120.50600008146161,34.488199389237025],[-120.50599662931644,34.488205629317676],[-120.50599429210469,34.48821099065566],[-120.50599078628646,34.48821903266252],[-120.50598961768021,34.48822171333145],[-120.50598725363142,34.48822797563244],[-120.50598483590998,34.48823603985978],[-120.50598358679487,34.48824142341821],[-120.50598233767957,34.488246806976626],[-120.50598225717106,34.48824950986622],[-120.50598095438313,34.48825669535098],[-120.50597983944839,34.48825757409337],[-120.50597850982389,34.48826566054127],[-120.50597829513406,34.48827286824682],[-120.50597791942668,34.48828548173145],[-120.50597770473665,34.48829268943695],[-120.50597855130937,34.48830082032647],[-120.50597961257222,34.488301743510505],[-120.50598048598144,34.48830897343682],[-120.5059804054727,34.48831167632638],[-120.5059813325545,34.48831710432631],[-120.50598225963641,34.48832253232626],[-120.5059841943092,34.48833068543656],[-120.50598618265477,34.48833703662047],[-120.50598719024573,34.48833976173082],[-120.50599021301906,34.48834793706183],[-120.50599222820155,34.48835338728248],[-120.50599530464805,34.48835976068701],[-120.50599737350339,34.48836340898121],[-120.50599944235887,34.488367057275376],[-120.50600254564243,34.48837252971658],[-120.50600777145463,34.48837984852536],[-120.50601090157515,34.48838442000318],[-120.50601193600342,34.48838624415017],[-120.50601506612439,34.48839081562791],[-120.50601716181723,34.48839356295862],[-120.50602554458986,34.488404552281175],[-120.50602973597698,34.48841004694227],[-120.50603504230105,34.488414662860436],[-120.50605626760319,34.48843312653103],[-120.50606157393018,34.48843774244815],[-120.50606799519421,34.488441479621976],[-120.50608083772407,34.48844895396868],[-120.50614505040829,34.48848632568329],[-120.50614826104402,34.48848819426819],[-120.50615362104878,34.488491008255096],[-120.50615577041769,34.48849195365714],[-120.50616113042297,34.488494767643736],[-120.50616970106528,34.48849945021448],[-120.50617614917338,34.48850228641971],[-120.5061804479124,34.488504177223014],[-120.50618474665161,34.48850606802618],[-120.50619228286277,34.488508926449704],[-120.50619875780656,34.48851086169049],[-120.50620847022283,34.48851376455105],[-120.50621170769506,34.488514732171076],[-120.50621927074191,34.48851668962968],[-120.50622900999343,34.48851869152535],[-120.50623551177266,34.48851972580093],[-120.50624201355205,34.488520760076156],[-120.50624527785862,34.48852082673197],[-120.50625395584267,34.488521905443754],[-120.50625501711137,34.4885228286256],[-120.50626478319805,34.488523929555114],[-120.50627348801608,34.48852410730217],[-120.50628872144777,34.48852441835804],[-120.506297426266,34.48852459610338],[-120.50630724601956,34.48852389510278],[-120.50630836095478,34.48852301635745],[-120.50631709260583,34.488522293138004],[-120.50632035691265,34.48852235979183],[-120.50632691235904,34.48852159213581],[-120.50633346780533,34.48852082447944],[-120.50634331439089,34.488519222512494],[-120.50635098477161,34.48851757610948],[-120.50635427591077,34.48851674179897],[-120.50636414932784,34.488514238866905],[-120.5063707316056,34.48851257024506],[-120.50637842881746,34.48851002287684],[-120.50638283489036,34.4885083098195],[-120.50638724096306,34.48850659676199],[-120.50639385007183,34.488504027175416],[-120.50640268904814,34.48849970009595],[-120.50640821005392,34.48849710829137],[-120.50641041308977,34.48849625176216],[-120.50641593409507,34.4884936599572],[-120.50641925206443,34.48849192468141],[-120.50643252394059,34.48848498357727],[-120.50643915987783,34.48848151302464],[-120.50644473454419,34.48847711929134],[-120.50646703320373,34.48845954435531],[-120.50647260786715,34.4884551506206],[-120.50647712125959,34.48844983370561],[-120.50648614804267,34.48843919987507],[-120.50653128192297,34.4883860307105]],[[-120.50664307342213,34.48901937106981],[-120.50664533012954,34.48901671260983],[-120.50664872860527,34.48901227443801],[-120.50664987037369,34.4890104947262],[-120.50665326884891,34.489006056554224],[-120.50665892403026,34.48899895992186],[-120.5066623493341,34.48899362078604],[-120.50666463286977,34.48899006136208],[-120.50666691640521,34.48898650193808],[-120.50667036853751,34.48898026183842],[-120.50667270573138,34.48897490048715],[-120.50667621152157,34.48896685846013],[-120.50667738011813,34.48896417778443],[-120.50667974414041,34.488957915469406],[-120.50668216182102,34.48894985122717],[-120.5066834109051,34.48894446766067],[-120.50668465998899,34.48893908409413],[-120.5066847404769,34.4889363812034],[-120.50668604321915,34.48892919570968],[-120.50668715815628,34.488928316960994],[-120.50668848772737,34.48892023050364],[-120.5066887023613,34.48891302279498],[-120.50668907797045,34.48890040930479],[-120.50668929260418,34.4888932015961],[-120.50668844595971,34.48888507070897],[-120.50668738468164,34.48888414753053],[-120.5066865112082,34.488876917606966],[-120.50668659169585,34.48887421471621],[-120.50668566456406,34.48886878671982],[-120.50668473743237,34.488863358723414],[-120.5066828026816,34.48885520562138],[-120.50668081427261,34.48884885444647],[-120.50667980665361,34.488846129340814],[-120.5066767837969,34.488837954023765],[-120.50667476855942,34.48883250381239],[-120.50667169204499,34.48882613042244],[-120.50666962314938,34.48882248213815],[-120.50666755425395,34.48881883385383],[-120.5066644509111,34.48881336142729],[-120.50665922501504,34.48880604264343],[-120.5066560948437,34.4888014711803],[-120.50665506039651,34.48879964703804],[-120.50665193022563,34.488795075574835],[-120.50664983450204,34.48879232825384],[-120.50664145160908,34.48878133896955],[-120.50663726016342,34.48877584432722],[-120.5066319537828,34.48877122843305],[-120.50661072826628,34.48875276485428],[-120.5066054218886,34.48874814895907],[-120.50659900057609,34.48874441181163],[-120.50658615795282,34.48873693751581],[-120.5065829472974,34.48873506894165],[-120.5065775872619,34.4887322549724],[-120.50657543788175,34.48873130957734],[-120.50657007784676,34.48872849560778],[-120.50656150715761,34.48872381306331],[-120.50655505901852,34.48872097687724],[-120.50655076025939,34.48871908608634],[-120.50654646150049,34.488717195295294],[-120.50653892525752,34.48871433689238],[-120.50653245028928,34.488712401668685],[-120.50652273783751,34.4887094988325],[-120.50651950035376,34.48870853122028],[-120.50651193728166,34.48870657377927],[-120.50650219800033,34.488704571905],[-120.50649569620272,34.48870353764289],[-120.50648919440526,34.48870250338045],[-120.50648593009103,34.48870243673084],[-120.50647725208438,34.48870135803465],[-120.50647619081093,34.48870043485454],[-120.50646642469995,34.48869933394096],[-120.50645771986247,34.488699156206856],[-120.50644248639699,34.4886988451707],[-120.50643378155972,34.488698667434896],[-120.50642396178598,34.48869936844481],[-120.50642284684943,34.48870024719113],[-120.50641849443078,34.48870015832261],[-120.50641740632611,34.488700136105464],[-120.50640978959349,34.488699980585096],[-120.5064010579242,34.48870070381037],[-120.50629171079858,34.48871650129818],[-120.50628183735543,34.488719004223185],[-120.50627745810279,34.488719816312916],[-120.50627087580695,34.48872148492889],[-120.50626758465893,34.488722319236736],[-120.50625771121449,34.488724822159725],[-120.5062511289179,34.488726490774596],[-120.50624343168235,34.488729038133684],[-120.50623902559502,34.488730751185315],[-120.50623461950751,34.48873246423677],[-120.50622801037592,34.48873503381363],[-120.50621917136574,34.48873936087882],[-120.5062136503382,34.48874195267381],[-120.50621144729394,34.48874280919908],[-120.50620592626593,34.48874540099369],[-120.50620260828214,34.48874713626299],[-120.50618933634554,34.488754077339216],[-120.50618270037646,34.48875754787675],[-120.50617712567748,34.488761941596486],[-120.50615482687579,34.48877951647262],[-120.50614925217391,34.48878391019094],[-120.50614473874207,34.48878922709186],[-120.50613571187662,34.48879986089308],[-120.50613345515991,34.488802519343274],[-120.50613005666695,34.48880695750007],[-120.50612891489085,34.488808737206725],[-120.5061255163974,34.48881317536336],[-120.50611986118595,34.48882027196978],[-120.50611643585624,34.488825611089325],[-120.50611415230283,34.4888291705023],[-120.50611186874926,34.4888327299152],[-120.50610841658309,34.488838969997666],[-120.5061060793581,34.48884433133684],[-120.50610257352002,34.48885237334545],[-120.50610140490717,34.48885505401497],[-120.50609904084571,34.488861316317134],[-120.50609662311274,34.4888693805456],[-120.50609537399271,34.48887476410457],[-120.5060941248725,34.48888014766353],[-120.5060940443657,34.48888285055307],[-120.50609274157401,34.488890036038335],[-120.5060916266315,34.48889091478136],[-120.50609029700378,34.48889900122976],[-120.5060900823185,34.48890620893515],[-120.50608970661906,34.48891882241956],[-120.50608949193357,34.48892603012492],[-120.50609033851974,34.48893416101365],[-120.50609139979147,34.48893508419703],[-120.50609227321354,34.48894231412257],[-120.5060921927065,34.48894501701208],[-120.50609311980003,34.488950445011284],[-120.50609404689365,34.48895587301048],[-120.50609598158819,34.488964026119355],[-120.50609796995437,34.48897037730186],[-120.50609897755537,34.48897310241153],[-120.50610200035874,34.488981277740464],[-120.50610401556128,34.48898672795972],[-120.50610709203669,34.48899310136222],[-120.50610916091092,34.48899674965507],[-120.50611122978533,34.4890003979479],[-120.50611433309724,34.489005870387075],[-120.50611955895558,34.48901318919253],[-120.5061226891039,34.489017760668354],[-120.5061237235416,34.48901958481466],[-120.5061268536904,34.489024156290384],[-120.50612894940154,34.48902690361978],[-120.50613733224753,34.48903789293701],[-120.50614152367135,34.48904338759544],[-120.50614683003985,34.48904800351032],[-120.50616805551968,34.48906646716778],[-120.50617336189111,34.48907108308162],[-120.50617978320733,34.48907482025154],[-120.50619262584152,34.489082294590425],[-120.50625683904754,34.48911966626596],[-120.50626004970938,34.489121534848906],[-120.50626540975742,34.48912434883256],[-120.50626755914355,34.48912529423331],[-120.50627291919211,34.48912810821665],[-120.5062814899038,34.48913279078219],[-120.50628793806352,34.48913562698353],[-120.50629223683693,34.489137517784236],[-120.50629653561055,34.489139408584805],[-120.50630407188166,34.489142267003814],[-120.50631054687648,34.48914420224072],[-120.50632025936932,34.48914710509547],[-120.50632349686707,34.48914807271354],[-120.50633105997328,34.48915003016764],[-120.50634079930082,34.48915203205751],[-120.5063473011305,34.48915306632922],[-120.50635380296036,34.48915410060061],[-120.50635706729189,34.489154167254505],[-120.50636574534306,34.48915524596114],[-120.50636680662065,34.48915616914233],[-120.50637657278274,34.48915727006608],[-120.50638527766732,34.48915744780801],[-120.50640051121549,34.48915775885491],[-120.50640921610025,34.489157936595134],[-120.5064190359281,34.48915723558879],[-120.5064201508711,34.48915635684283],[-120.50642888258811,34.48915563361829],[-120.50643214691986,34.48915570027019],[-120.50643870241562,34.48915493261034],[-120.50644525791125,34.48915416495014],[-120.50645510457052,34.48915256297748],[-120.50646277500834,34.48915091657001],[-120.50646606617188,34.48915008225761],[-120.50647593966215,34.48914757931981],[-120.50648252198866,34.48914591069418],[-120.50649021925706,34.4891433633215],[-120.50649462536208,34.48914165026164],[-120.50649903146694,34.4891399372016],[-120.5065056406239,34.489137367611235],[-120.50651447966392,34.48913304052674],[-120.50652000070959,34.48913044871901],[-120.50652220376149,34.489129592188526],[-120.5065277248067,34.489127000380435],[-120.50653104279986,34.48912526510274],[-120.50654431477129,34.48911832399107],[-120.50655095075619,34.48911485343465],[-120.5065565254613,34.48911045969823],[-120.50657882427585,34.489092884749724],[-120.50658439897803,34.4890884910119],[-120.5065889124003,34.48908317409446],[-120.50659793924314,34.48907254025898],[-120.50664307342213,34.48901937106981]],[[-120.50738872842958,34.491035947664585],[-120.5073909851726,34.49103328919295],[-120.5073943836988,34.49102885100353],[-120.50739552548202,34.491027071285785],[-120.50739892400767,34.491022633096215],[-120.50740457927509,34.49101553643459],[-120.50740800462337,34.49101019728095],[-120.50741028818864,34.491006637845125],[-120.50741257175372,34.491003078409236],[-120.50741602392446,34.490996838291544],[-120.50741836113593,34.490991476927974],[-120.50742186695258,34.4909834348825],[-120.50742303555796,34.490980754200635],[-120.50742539959187,34.490974491873104],[-120.50742781727209,34.490966427617906],[-120.507429066347,34.49096104404462],[-120.50743031542171,34.490955660471286],[-120.50743039589163,34.490952957579914],[-120.50743169861268,34.490945772078966],[-120.50743281357063,34.490944893324546],[-120.50743414311455,34.490936806859764],[-120.50743435770046,34.49092959914939],[-120.50743473322565,34.49091698565619],[-120.50743494781136,34.490909777945795],[-120.5074341010861,34.490901647062245],[-120.50743303977524,34.49090072388909],[-120.50743216622696,34.49089349396932],[-120.50743224669665,34.49089079107792],[-120.50743131950206,34.49088536308575],[-120.50743039230758,34.490879935093574],[-120.50742845744918,34.49087178200062],[-120.50742646894459,34.49086543083525],[-120.50742546128076,34.490862705734436],[-120.50742243828967,34.490854530432],[-120.50742042296257,34.49084908023035],[-120.5074173463257,34.49084270685541],[-120.50741527735248,34.49083905858129],[-120.50741320837942,34.490835410307135],[-120.50741010492015,34.490829937895846],[-120.50740487884204,34.490822619137795],[-120.5074017485603,34.49081804769013],[-120.50740071407428,34.49081622355297],[-120.50739758379297,34.4908116521052],[-120.50739548799778,34.49080890479456],[-120.50738710481836,34.490797915551795],[-120.50738291322945,34.49079242093021],[-120.50737760668483,34.4907878050625],[-120.5073563805121,34.49076934158963],[-120.50735107397038,34.49076472572089],[-120.50734465247302,34.49076098860565],[-120.50733180948006,34.490753514374205],[-120.5073285987322,34.49075164581616],[-120.50732323854464,34.4907488318738],[-120.50732108910486,34.49074788648955],[-120.50731572891785,34.49074507254689],[-120.50730715798423,34.49074039004543],[-120.5073007096663,34.49073755389176],[-120.50729641078793,34.49073566312247],[-120.50729211190976,34.49073377235303],[-120.50728457546113,34.490730913988045],[-120.50727810032005,34.49072897879696],[-120.507268387609,34.49072607600973],[-120.5072651500388,34.490725108413805],[-120.50725758676705,34.49072315101093],[-120.50724784723245,34.49072114918581],[-120.50724134526799,34.49072011495654],[-120.50723484330368,34.49071908072694],[-120.507231578909,34.490719014093855],[-120.50722290068185,34.49071793544152],[-120.50722183937562,34.49071701226671],[-120.50721207301734,34.490715911402496],[-120.50720336796536,34.49071573371246],[-120.50718813412459,34.490715422753425],[-120.5071794290728,34.4907152450617],[-120.5071696090638,34.490715946121405],[-120.50716849410642,34.49071682487346],[-120.50716414158053,34.49071673602696],[-120.50716305344906,34.49071671381532],[-120.50715543652878,34.49071655833352],[-120.50714670465099,34.49071728160307],[-120.50703735496435,34.49073307964605],[-120.50702748129792,34.49073558262129],[-120.50702310194404,34.49073639473328],[-120.50701651949933,34.49073806338273],[-120.50701322827689,34.49073889770731],[-120.50700335460917,34.49074140068052],[-120.5069967721637,34.49074306932887],[-120.50698907475847,34.49074561672716],[-120.5069846685759,34.490747329801245],[-120.50698026239314,34.49074904287518],[-120.50697365311869,34.49075161248574],[-120.50696481392403,34.49075593959607],[-120.50695929278044,34.490758531419246],[-120.50695708968856,34.49075938795574],[-120.5069515685445,34.490761979778554],[-120.50694825049227,34.49076371506479],[-120.50693497828195,34.49077065620885],[-120.50692834217598,34.49077412678029],[-120.50692276737297,34.49077852052864],[-120.50690046815505,34.49079609551923],[-120.5068948933491,34.49080048926618],[-120.50689037984598,34.490805806190416],[-120.50688135283806,34.49081644003829],[-120.50687909608568,34.49081909850014],[-120.50687569754233,34.49082353667453],[-120.50687455575141,34.49082531638712],[-120.50687115720751,34.49082975456136],[-120.50686550191001,34.49083685119705],[-120.50686207653584,34.49084219033441],[-120.50685979295282,34.49084574975924],[-120.5068575093696,34.49084930918403],[-120.50685405716499,34.490855549284525],[-120.50685171992237,34.490860910635995],[-120.50684821405785,34.49086895266307],[-120.50684704543619,34.49087163333874],[-120.5068446813631,34.49087789565342],[-120.50684343225254,34.49088327921924],[-120.50679313664796,34.49089036600808],[-120.50678326295662,34.49089286896238],[-120.50677888359259,34.49089368106512],[-120.50677230113125,34.490895349700615],[-120.5067690099005,34.49089618401822],[-120.50675913620786,34.49089868697049],[-120.50675255374581,34.49090035560488],[-120.50674485631932,34.49090290298677],[-120.50674045012383,34.49090461605142],[-120.50673604392814,34.49090632911591],[-120.50672943463428,34.49090889871231],[-120.506720595411,34.490913225803595],[-120.50671507424984,34.49091581761488],[-120.50671287115149,34.49091667414666],[-120.50670734998988,34.490919265957594],[-120.50670403192656,34.490921001236664],[-120.5066907596719,34.49092794235202],[-120.50668412354374,34.49093141290913],[-120.50667854871759,34.490935806645226],[-120.50665624940719,34.490953381586735],[-120.50665067457811,34.490957775321405],[-120.50664616105095,34.49096309223544],[-120.50663957858188,34.490964760863406],[-120.50663628734725,34.490965595177244],[-120.50662641364299,34.49096809811823],[-120.50661983117318,34.4909697667451],[-120.5066121337367,34.490972314118125],[-120.50660772753504,34.49097402717769],[-120.50660332133319,34.4909757402371],[-120.5065967120301,34.49097830982588],[-120.50658787279298,34.490982636906885],[-120.50658235162338,34.49098522871176],[-120.50658014852195,34.490986085241005],[-120.50657462735192,34.490988677045515],[-120.5065713092832,34.49099041232073],[-120.50655803700707,34.490997353420624],[-120.50655140086819,34.49100082397],[-120.5065458260306,34.491005217699474],[-120.50652352667441,34.49102279261455],[-120.50651795183391,34.49102718634261],[-120.50651343829459,34.491032503251155],[-120.50650441121422,34.49104313706765],[-120.50650215444377,34.49104579552167],[-120.50649875587109,34.49105023368415],[-120.50649761406898,34.491052013392654],[-120.5064942154958,34.49105645155499],[-120.50648856015086,34.49106354817092],[-120.5064862497122,34.49106800855082],[-120.50648205817198,34.49106251390051],[-120.50647675166333,34.491057897995226],[-120.50643429961518,34.49102097074553],[-120.50642899311177,34.491016354838386],[-120.50642257164009,34.49101261767571],[-120.50640972869842,34.49100514334941],[-120.50640651796338,34.49100327476766],[-120.50640115779383,34.49100046078555],[-120.50639900835921,34.49099951538526],[-120.50639364819017,34.49099670140285],[-120.50638507728736,34.49099201883792],[-120.50637862898493,34.49098918263616],[-120.5063743301169,34.49098729183481],[-120.50637003124903,34.4909854010333],[-120.5063624948134,34.49098254261186],[-120.50635601967761,34.490980607372],[-120.50634630697456,34.49097770451161],[-120.50634306940701,34.49097673689131],[-120.50633550613804,34.49097477943131],[-120.50632576660126,34.49097277753236],[-120.50631926463193,34.49097174325367],[-120.5063127626628,34.49097070897462],[-120.5063094982606,34.490970642316476],[-120.5063008200236,34.490969563598],[-120.50629975872504,34.49096864041552],[-120.5062899923544,34.49096753947679],[-120.50628128728239,34.490967361719946],[-120.50626605340655,34.49096705064398],[-120.50625734833476,34.49096687288544],[-120.50624752829304,34.49096757386931],[-120.50624641332301,34.490968452612336],[-120.50623768141506,34.49096917581535],[-120.50623441701312,34.49096910915521],[-120.50622786137299,34.49096987679762],[-120.50622130573278,34.490970644439685],[-120.50621145885405,34.49097224638357],[-120.50620378824306,34.49097389276734],[-120.50620049700446,34.49097472706923],[-120.50619062328829,34.49097722997434],[-120.50618404081057,34.490978898577296],[-120.50617634336167,34.49098144592222],[-120.50617193715159,34.49098315896565],[-120.50616753094134,34.49098487200891],[-120.50616092162561,34.490987441573466],[-120.50615208236697,34.49099176862188],[-120.50614656118448,34.49099436040644],[-120.50614435807884,34.490995216927594],[-120.50613883689593,34.49099780871179],[-120.50613551881857,34.49099954397474],[-120.50612224650777,34.4910064850256],[-120.50611561035157,34.49100995555045],[-120.5061100354917,34.491014349259],[-120.50608773604647,34.49103192409035],[-120.50608216118371,34.49103631779747],[-120.50607764761719,34.49104163468867],[-120.50606862048241,34.49105226847048],[-120.50606636369834,34.491054926915815],[-120.50606296510291,34.491059365065134],[-120.50606182329165,34.49106114476916],[-120.50605842469572,34.49106558291834],[-120.50605276931445,34.49107267951243],[-120.50604934387927,34.49107801862411],[-120.50604706025555,34.491081578031846],[-120.50604477663165,34.491085137439526],[-120.50604132435704,34.49109137751375],[-120.50603898705577,34.49109673884692],[-120.5060354811033,34.49110478084658],[-120.50603431245233,34.491107461513074],[-120.5060319483116,34.49111372380888],[-120.50602953049342,34.49112178803021],[-120.50602828132632,34.49112717158505],[-120.50602703215904,34.49113255513988],[-120.5060269516433,34.49113525802828],[-120.5060256487986,34.491142443508664],[-120.50602453382393,34.491143322249435],[-120.50602320414018,34.49115140869257],[-120.50602298943107,34.491158616394934],[-120.50602207691648,34.49118924912986],[-120.50602186220695,34.49119645683217],[-120.50602270879553,34.49120458771935],[-120.50602377009369,34.491205510904216],[-120.50602464352116,34.49121274082858],[-120.50602456300511,34.49121544371695],[-120.50602549011006,34.49122087171574],[-120.50602641721511,34.491226299714526],[-120.50602835194151,34.49123445282371],[-120.50603034034552,34.4912408040073],[-120.50603134796695,34.49124352911769],[-120.50603437083159,34.49125170444882],[-120.506036386075,34.491257154669555],[-120.50603946261768,34.491263528075],[-120.50604153153878,34.49126717637008],[-120.50604360046003,34.49127082466513],[-120.50604670384222,34.49127629710763],[-120.5060519298237,34.49128361591942],[-120.50605506004531,34.491288187398965],[-120.50605609450645,34.49129001154639],[-120.50605922472853,34.49129458302584],[-120.50606132048954,34.49129733035783],[-120.50606970353496,34.49130831968548],[-120.50607389505848,34.491313814349134],[-120.50607920155913,34.49131843027148],[-120.50610042756757,34.491336893958824],[-120.50610573407116,34.49134150988014],[-120.50611215555195,34.491345247059776],[-120.50612499851532,34.491352721418124],[-120.50612820925654,34.491354590007504],[-120.5061335694381,34.49135740400203],[-120.50613571887835,34.491358349407214],[-120.50614107906041,34.49136116340143],[-120.50614964998498,34.49136584598428],[-120.5061560983071,34.4913686821989],[-120.50616039718878,34.49137057300849],[-120.50616469607066,34.49137246381792],[-120.50617223253306,34.49137532225263],[-120.50617870769393,34.49137725750327],[-120.50618842043585,34.49138016037859],[-120.50619165801665,34.49138112800354],[-120.5061992213178,34.49138308547379],[-120.50620896089806,34.49138508738464],[-120.50621546289747,34.491386121670494],[-120.50622196489704,34.491387155956005],[-120.50622522931523,34.491387222617185],[-120.50623390759392,34.49138830134281],[-120.50623496889675,34.49138922452601],[-120.50624473531524,34.491390325471166],[-120.50625344043095,34.491390503232516],[-120.50629043717362,34.49139125871132],[-120.50629914228975,34.491391436469414],[-120.50630896238125,34.49139073548356],[-120.50631007735659,34.49138985674025],[-120.50631880930838,34.491389133533964],[-120.5063220737269,34.491389200192565],[-120.50632862939958,34.49138843254652],[-120.50633518507215,34.491387664900124],[-120.50634503199853,34.49138606294837],[-120.50635270264561,34.49138441655734],[-120.50635599389932,34.491383582252034],[-120.50636586766011,34.491381079335554],[-120.50637245016699,34.4913794107241],[-120.50638014764806,34.491376863368295],[-120.50638455387562,34.49137515031817],[-120.50638896010298,34.49137343726787],[-120.50639556944371,34.49137086769212],[-120.50640440873218,34.49136654062751],[-120.5064099299327,34.49136394883215],[-120.50641213304588,34.491363092306536],[-120.50641765424594,34.491360500510815],[-120.50642097233272,34.49135876524065],[-120.50643424467853,34.491351824159004],[-120.5064408808506,34.4913483536176],[-120.50644645571741,34.49134395989437],[-120.50646875517876,34.49132638499862],[-120.50647433004264,34.49132199127399],[-120.50647884360112,34.49131667436791],[-120.50648787071634,34.491306040555145],[-120.50649012749477,34.49130338210184],[-120.50649352607903,34.49129894394022],[-120.50649466788492,34.491297164231966],[-120.50649806646867,34.4912927260702],[-120.50650372182956,34.491285629454715],[-120.50650603227406,34.491281169074846],[-120.50651022382594,34.49128666372471],[-120.50651553035024,34.49129127962907],[-120.50653675645326,34.491309743244464],[-120.50654206298049,34.4913143591478],[-120.50654848448023,34.49131809630526],[-120.50656132748146,34.49132557061922],[-120.50662554252271,34.49136294217013],[-120.50662875327632,34.49136481074685],[-120.50663411347674,34.49136762472015],[-120.50663626292345,34.49136857011677],[-120.50664162312437,34.49137138408975],[-120.5066501940802,34.49137606663871],[-120.50665664242173,34.491378902827655],[-120.50666094131634,34.491380793620095],[-120.50666524021116,34.49138268441241],[-120.50667277669352,34.49138554281699],[-120.50667925186842,34.49138747804161],[-120.5066889646314,34.4913903808779],[-120.5066922022192,34.49139134848983],[-120.50669976553495,34.4913933059296],[-120.50670950513089,34.49139530780107],[-120.50671600713895,34.49139634206056],[-120.5067225091472,34.4913973763197],[-120.50672577356704,34.49139744296754],[-120.50673445185545,34.4913985216579],[-120.5067355131642,34.491399444836986],[-120.506745279593,34.491400545742415],[-120.50675398471311,34.49140072346815],[-120.50676921867347,34.49140103448669],[-120.5067779237938,34.49140121221072],[-120.5067877438849,34.491400511186235],[-120.5067888588556,34.49139963243832],[-120.50679759080644,34.491398909197656],[-120.50680085522653,34.491398975843474],[-120.50680741089721,34.49139820817157],[-120.5068139665678,34.491397440499284],[-120.50682381348861,34.49139583850855],[-120.50682710473887,34.49139500419035],[-120.50694365802252,34.491429838038485],[-120.50694689561521,34.49143080564386],[-120.50695013320798,34.49143177324912],[-120.50695769653436,34.49143373067333],[-120.50696743614242,34.49143573252468],[-120.50697393815763,34.4914367667707],[-120.50698044017305,34.49143780101636],[-120.50698152831373,34.491437823230044],[-120.50698911847005,34.49143887968892],[-120.50699453234512,34.491439891720255],[-120.50699994622036,34.49144090375135],[-120.50701188894033,34.491442049062805],[-120.50701950592573,34.49144220455639],[-120.5070271229112,34.49144236004952],[-120.50702929919277,34.49144240447604],[-120.50703359809981,34.49144429525584],[-120.5070411346016,34.49144715363846],[-120.50704760979094,34.49144908884408],[-120.50705732257555,34.49145199165188],[-120.50706056017057,34.49145295925431],[-120.50706812350188,34.49145491667186],[-120.50707786311557,34.491456918514615],[-120.50708436513415,34.49145795275487],[-120.50709086715293,34.491458986994786],[-120.50709413157611,34.49145905363288],[-120.50710280987727,34.491460132297505],[-120.50710387119103,34.4914610554736],[-120.50711363763368,34.491462156350075],[-120.50712234276263,34.491462334049835],[-120.50713757673847,34.49146264502294],[-120.50714628186762,34.49146282272101],[-120.50715610196481,34.49146212166706],[-120.5071572169327,34.491461242915655],[-120.50716594888848,34.491460519648776],[-120.5071692133119,34.491460586284866],[-120.5071757689853,34.491459818593235],[-120.50718232465861,34.49145905090125],[-120.5071921715816,34.49145744888081],[-120.50719984222202,34.49145580243611],[-120.50720313347159,34.49145496810772],[-120.50721300721992,34.491452465122],[-120.5072195897185,34.491450796464406],[-120.50722728718387,34.491448249054336],[-120.50723169339986,34.49144653597306],[-120.50723609961565,34.49144482289161],[-120.50724270893907,34.49144225326912],[-120.50725154819537,34.491437926141614],[-120.5072570693769,34.49143533430703],[-120.50725927248432,34.491434477765836],[-120.5072647936654,34.491431885930886],[-120.507268111739,34.49143015063706],[-120.50728138403205,34.49142320946081],[-120.50728802017777,34.4914197388721],[-120.5072935950075,34.49141534510849],[-120.50731589432068,34.49139777005126],[-120.50732146914751,34.49139337628625],[-120.50732598265829,34.49138805934671],[-120.50733500967806,34.49137742546707],[-120.50733726643264,34.49137476699705],[-120.50734066497658,34.491370328810056],[-120.50734180676605,34.49136854909317],[-120.50734520530948,34.49136411090603],[-120.50735086060618,34.49135701424846],[-120.50735428597316,34.491351675097356],[-120.5073565695509,34.4913481156632],[-120.50735885312845,34.49134455622901],[-120.50736230531878,34.49133831611394],[-120.50736464254459,34.491332954752245],[-120.50736814838265,34.49132491270956],[-120.50736931699518,34.49132223202863],[-120.50737168104433,34.491315969703045],[-120.50737409874161,34.49130790544998],[-120.50737534782641,34.49130252187788],[-120.50737659691104,34.49129713830574],[-120.50737667738372,34.49129443541462],[-120.50737798011652,34.49128724991505],[-120.50737909507976,34.49128637116139],[-120.50738042463635,34.49127828469806],[-120.50738063922964,34.491271076988376],[-120.5073810147677,34.491258463496415],[-120.50738122936077,34.49125125578671],[-120.50738038263941,34.49124312490327],[-120.50737932132506,34.49124220172954],[-120.50737942862163,34.49123859787468],[-120.50737945544576,34.49123769691096],[-120.50737964321468,34.491231390164955],[-120.5073787696694,34.49122416024522],[-120.5073596893351,34.491133619672084],[-120.50735666634243,34.49112544436821],[-120.50735568550259,34.491121818303185],[-120.50735367017455,34.49111636810055],[-120.50735266251066,34.49111364299922],[-120.50734963951926,34.491105467695206],[-120.50734762419195,34.491100017492485],[-120.50734454755276,34.49109364411581],[-120.50734247857726,34.49108999584045],[-120.50734359353811,34.491089117087],[-120.50738872842958,34.491035947664585]],[[-120.50686958020668,34.489456720766846],[-120.50687183691984,34.489454062303054],[-120.50687523540317,34.48944962412547],[-120.50687637717348,34.48944784441169],[-120.5068797756563,34.489443406233946],[-120.50688543085103,34.48943630959201],[-120.50688885616049,34.48943097045032],[-120.50689113969989,34.48942741102247],[-120.50689342323908,34.489423851594545],[-120.506896875375,34.48941761148893],[-120.5068992125686,34.48941225013357],[-120.50690271835843,34.48940420810042],[-120.50690388695487,34.48940152742268],[-120.50690625097491,34.489395265103475],[-120.50690866864926,34.48938720085687],[-120.50690991772723,34.489381817288056],[-120.50691116680501,34.48937643371919],[-120.50691124728691,34.489373730828184],[-120.50691255001904,34.48936654533197],[-120.50691366496004,34.48936566658143],[-120.50691499451904,34.48935758012148],[-120.50691520913696,34.48935037241209],[-120.50691558471819,34.48933775892063],[-120.50691579933591,34.48933055121121],[-120.5069149526676,34.48932242032503],[-120.50691389138166,34.48932149714827],[-120.50691301788636,34.48931426722576],[-120.506913098368,34.48931156433472],[-120.50691217121837,34.48930613633956],[-120.50691124406886,34.48930070834438],[-120.50690930928833,34.48929255524506],[-120.50690732085364,34.489286204073075],[-120.50690631322277,34.4892834789689],[-120.5069032903305,34.48927530365637],[-120.5069012750693,34.48926985344797],[-120.50689819852326,34.489263480062704],[-120.50689612960794,34.4892598317816],[-120.50689406069276,34.48925618350045],[-120.50689095732035,34.4892507110787],[-120.50688573137894,34.48924339230296],[-120.50688260118002,34.48923882084468],[-120.50688156672295,34.48923699670403],[-120.5068784365245,34.48923242524567],[-120.50687634078318,34.489229677927945],[-120.5068679578193,34.48921868865674],[-120.50686376633816,34.489213194020955],[-120.50685845991823,34.489208578135184],[-120.50683723424439,34.48919011459003],[-120.50683192782739,34.4891854987032],[-120.50682550647169,34.48918176156602],[-120.50681266376205,34.48917428729074],[-120.50680945308498,34.489172418721715],[-120.50680409301417,34.48916960476105],[-120.50680194362027,34.489168659369454],[-120.50679658354994,34.48916584540847],[-120.50678801280388,34.489161162877735],[-120.5067815646236,34.489158326702],[-120.506777265837,34.48915643591801],[-120.5067729670506,34.48915454513388],[-120.50676543076058,34.48915168674309],[-120.50675895575313,34.48914975152984],[-120.50674924324257,34.489146848709325],[-120.50674600573922,34.48914588110233],[-120.50673844262204,34.48914392367354],[-120.50672870328391,34.48914192181502],[-120.50672220144908,34.489140887563465],[-120.50671569961445,34.489139853311556],[-120.50671243528258,34.489139786667266],[-120.506703757227,34.48913870798515],[-120.50670269594569,34.489137784806736],[-120.5066929297799,34.489136683908995],[-120.50668422489547,34.48913650618908],[-120.50666899134787,34.489136195177714],[-120.50666028646361,34.48913601745608],[-120.50665046663907,34.48913671848204],[-120.50664935169866,34.489137597230226],[-120.50664499925651,34.48913750836878],[-120.50664391114599,34.4891374861534],[-120.50663629437231,34.48913733064544],[-120.50662756265804,34.489138053884986],[-120.50651821498558,34.48915385155177],[-120.50650834149565,34.48915635449299],[-120.50650396222153,34.489157166589905],[-120.50649737989445,34.489158835216685],[-120.50649408873082,34.48915966952993],[-120.50648421523957,34.48916217246914],[-120.50647763291178,34.48916384109483],[-120.50646993564114,34.48916638846659],[-120.50646552953431,34.489168101525486],[-120.50646112342734,34.48916981458421],[-120.50645451426652,34.48917238417198],[-120.5064456752194,34.489176711251794],[-120.50644015416852,34.48917930305592],[-120.50643795111452,34.48918015958481],[-120.50643243006317,34.48918275138857],[-120.50642911206576,34.489184486663355],[-120.50641584007472,34.48919142776156],[-120.50640920407842,34.4891948983101],[-120.50640362936011,34.48919929203915],[-120.506381330481,34.48921686695254],[-120.50637575575976,34.48922126068017],[-120.50637124231642,34.48922657758871],[-120.506362215428,34.489237211405204],[-120.50635995870553,34.48923986985922],[-120.50635656020499,34.48924430802178],[-120.506355418427,34.489246087730386],[-120.50635201992596,34.48925052589279],[-120.50634636470112,34.4892576225088],[-120.50634293936581,34.4892629616342],[-120.50634065580866,34.48926652105109],[-120.50633837225132,34.4892700804679],[-120.50633492008154,34.489276320556314],[-120.50633258285681,34.48928168189957],[-120.50632907701909,34.48928972391434],[-120.50632790840638,34.48929240458589],[-120.50632554434716,34.48929866689224],[-120.50632312662043,34.489306731125055],[-120.50632187750651,34.489312114686335],[-120.5063206283924,34.489317498247615],[-120.50632054789162,34.48932020113743],[-120.50631924511003,34.4893273866252],[-120.50631813016368,34.489328265370084],[-120.50631680054805,34.48933635182107],[-120.50631658587875,34.48934355952719],[-120.50631621020729,34.489356173012894],[-120.50631599553776,34.48936338071897],[-120.50631684214775,34.48937151160675],[-120.50631790342737,34.48937243478843],[-120.50631877687127,34.489379664712935],[-120.50631869637024,34.48938236760272],[-120.50631962348163,34.4893877956007],[-120.50632055059312,34.489393223598675],[-120.50632248531736,34.489401376704826],[-120.50632447370924,34.48940772788443],[-120.50632548132211,34.489410452992594],[-120.50632850416106,34.48941862831703],[-120.50633051938733,34.489424078533304],[-120.50633359589433,34.48943045193113],[-120.5063356647883,34.48943410022079],[-120.50633773368241,34.48943774851044],[-120.50634083702393,34.48944322094484],[-120.50634606292756,34.48945053974218],[-120.50634919310349,34.48945511121314],[-120.50635022755105,34.489456935357865],[-120.50635335772743,34.48946150682873],[-120.50635545345634,34.48946425415485],[-120.50636383637323,34.489475243459],[-120.50636802783248,34.48948073811089],[-120.50637333424031,34.48948535401737],[-120.50639455987746,34.489503817641214],[-120.50639986628823,34.48950843354665],[-120.50640628764764,34.4895121707063],[-120.50641913036824,34.48951964502467],[-120.50648334400624,34.48955701659754],[-120.50648655468969,34.48955888517535],[-120.50649191477305,34.48956169915043],[-120.50649406417293,34.48956264454774],[-120.50649942425679,34.48956545852248],[-120.50650799502543,34.48957014107431],[-120.50651444322637,34.48957297726528],[-120.50651874202723,34.489574868059094],[-120.50652304082833,34.48957675885275],[-120.5065305771465,34.48957961725962],[-120.50653705218052,34.48958155248609],[-120.50654676473215,34.489584455325165],[-120.50655000224953,34.48958542293801],[-120.50655756540083,34.4895873803799],[-120.50656730478515,34.489589382253996],[-120.50657380665204,34.489590416515185],[-120.50658030851912,34.489591450776025],[-120.50658357286824,34.48959151742461],[-120.50659225096835,34.489592596117156],[-120.5065933122538,34.48959351929667],[-120.5066030784707,34.48959462020456],[-120.50661178340224,34.48959479793233],[-120.50662701703256,34.48959510895442],[-120.50663572196427,34.489595286680476],[-120.50664554184293,34.48959458565809],[-120.50664665678978,34.48959370691026],[-120.50665538855176,34.489592983671464],[-120.50665865290114,34.48959305031805],[-120.50666520843008,34.48959228264748],[-120.50667176395893,34.48959151497656],[-120.50668161066703,34.48958991298777],[-120.50668928114192,34.489588266567715],[-120.50669257232109,34.4895874322499],[-120.50670244585814,34.48958492929591],[-120.50670902821587,34.489583260659444],[-120.50671672551934,34.48958071327411],[-120.50672113164387,34.489579000206966],[-120.5067255377682,34.48957728713967],[-120.50673214695436,34.4895747175384],[-120.50674098603133,34.48957039043927],[-120.50674650710033,34.48956779862242],[-120.50674871016201,34.489566942088295],[-120.50675423123054,34.48956435027106],[-120.50675754923735,34.489562614987875],[-120.5067708212632,34.48955567385422],[-120.5067774572753,34.4895522032868],[-120.50678303199975,34.489547809541065],[-120.50680533089172,34.48953023455532],[-120.50681090561326,34.48952584080818],[-120.50681541904702,34.4895205238831],[-120.50682444591283,34.48950989003235],[-120.50686958020668,34.489456720766846]],[[-120.5075507965677,34.492175159650174],[-120.5075530533388,34.49217250117711],[-120.50755645190674,34.49216806298554],[-120.50755759370371,34.4921662832671],[-120.50756099227114,34.49216184507541],[-120.50756664760839,34.49215474841022],[-120.50757007299786,34.49214940925451],[-120.50757235659059,34.492145849817284],[-120.50757464018312,34.49214229038003],[-120.50757809239445,34.49213605026033],[-120.50758042963218,34.492130688895486],[-120.5075839354882,34.4921226468481],[-120.50758510410671,34.49211996616562],[-120.50758746816626,34.49211370383687],[-120.50758988587093,34.49210563958058],[-120.50759113495714,34.492100256006815],[-120.50759238404318,34.49209487243302],[-120.50759246451129,34.49209216954181],[-120.50759376724247,34.492084984040524],[-120.50759488221473,34.492084105285365],[-120.50759621176817,34.49207601882028],[-120.50759642634928,34.49206881111036],[-120.50759680186604,34.49205619761797],[-120.50759701644692,34.492048989908014],[-120.50759616970134,34.49204085902579],[-120.50759510837493,34.49203993585349],[-120.5075942348069,34.49203270593499],[-120.50759431527476,34.49203000304376],[-120.50759338806165,34.49202457505273],[-120.50759246084861,34.492019147061704],[-120.50759052595491,34.492010993970865],[-120.50758853741625,34.492004642807494],[-120.50758752973569,34.49200191770767],[-120.5075845066944,34.491993742408155],[-120.5075824913338,34.49198829220846],[-120.50757941464795,34.49198191883633],[-120.50757734564245,34.49197827056405],[-120.50757527663713,34.491974622291714],[-120.50757217312945,34.49196914988319],[-120.50756694697186,34.49196183112963],[-120.50756381664232,34.49195725968465],[-120.50756278214017,34.4919554355484],[-120.50755965181105,34.49195086410334],[-120.50755755598418,34.49194811679449],[-120.50754917267808,34.49193712755882],[-120.50754498102584,34.49193163294081],[-120.50753967440355,34.49192701707742],[-120.50751844792015,34.49190855362176],[-120.50751314130075,34.491903937757314],[-120.5075067197114,34.491900200647144],[-120.50749387653445,34.49189272642581],[-120.50749066574059,34.49189085787029],[-120.50748530547656,34.49188804393213],[-120.50748315600634,34.49188709854954],[-120.50747779574283,34.491884284611075],[-120.50746922468674,34.491879602116335],[-120.50746277627742,34.49187676596766],[-120.50745847733813,34.491874875201695],[-120.50745417839903,34.4918729844356],[-120.50744664184408,34.4918701260764],[-120.5074401666122,34.491868190890266],[-120.50743045376495,34.49186528811044],[-120.5074272161494,34.491864320517],[-120.50741965277189,34.49186236311987],[-120.5074099131017,34.4918603613021],[-120.50740341104702,34.49185932707773],[-120.50739690899255,34.491858292853],[-120.50739364455305,34.49185822622233],[-120.50738496620588,34.49185714757649],[-120.50738390488411,34.49185622440255],[-120.50737413839086,34.49185512354562],[-120.5073654332194,34.49185494586203],[-120.50735019916958,34.49185463491426],[-120.50734149399837,34.49185445722895],[-120.50733167385553,34.49185515829585],[-120.50733055888388,34.49185603704865],[-120.50732620629823,34.49185594820538],[-120.50732511815183,34.491855925994535],[-120.50731750112703,34.49185577051837],[-120.50730876913039,34.4918564937943],[-120.50719941796265,34.49187229191659],[-120.50718954416364,34.4918747948989],[-120.50718516475062,34.491875607014045],[-120.50717858221753,34.49187727566821],[-120.50717529095087,34.49187810999515],[-120.50716541715056,34.491880612975436],[-120.50715883461673,34.4918822816285],[-120.50715113710879,34.49188482903225],[-120.50714673086767,34.49188654210944],[-120.5071423246264,34.49188825518647],[-120.50713571526416,34.49189082480168],[-120.50712687595305,34.491895151918165],[-120.50712135473663,34.49189774374519],[-120.50711915161546,34.491898600283236],[-120.50711363039858,34.49190119210991],[-120.50711031230274,34.491902927398456],[-120.50709703991805,34.4919098685517],[-120.5070904037249,34.49191333912773],[-120.50708482885024,34.491917732879834],[-120.50706252934572,34.49193530788538],[-120.50705695446813,34.49193970163606],[-120.50705244090891,34.49194501856317],[-120.50704790052069,34.49195123645347],[-120.50704681237326,34.49195121424009],[-120.5070457510543,34.491950291063326],[-120.5070403908028,34.49194747710614],[-120.50703181976691,34.49194279458149],[-120.50702537136915,34.49193995841017],[-120.50702107243755,34.49193806762911],[-120.50701677350615,34.49193617684791],[-120.50700923696228,34.49193331846213],[-120.50700276173718,34.49193138325303],[-120.50699304890014,34.49192848043876],[-120.50698981128794,34.49192751283383],[-120.50698224791677,34.49192555540981],[-120.506972508252,34.49192355355729],[-120.50696600619936,34.49192251930963],[-120.50695950414689,34.49192148506164],[-120.50695623970603,34.49192141841918],[-120.50694756135994,34.49192033974221],[-120.5069465000425,34.49191941656464],[-120.50693673354988,34.49191831567264],[-120.5069280283748,34.49191813795761],[-120.50691279431854,34.49191782695481],[-120.50690408914365,34.491917649238076],[-120.50689426899194,34.49191835026928],[-120.50689315401505,34.491919229017846],[-120.50688442200999,34.49191995226297],[-120.50688115756938,34.49191988561851],[-120.50687460185796,34.491920653292574],[-120.50686804614644,34.49192142096629],[-120.50685819916374,34.491923022957835],[-120.50685052847453,34.49192466937879],[-120.50684723720329,34.49192550369666],[-120.50683736338915,34.49192800664971],[-120.50683078084612,34.491929675284624],[-120.50682308332503,34.49193222266705],[-120.50681867707542,34.49193393573198],[-120.50681427082561,34.491935648796755],[-120.50680766145058,34.491938218393585],[-120.50679882211885,34.49194254548532],[-120.50679330088997,34.491945137296916],[-120.50679109776455,34.49194599382885],[-120.5067855765352,34.49194858564007],[-120.5067822584312,34.49195032091931],[-120.50676898601378,34.491957262035314],[-120.50676234980428,34.49196073259274],[-120.50675677490999,34.491965126328935],[-120.50673447532708,34.491982701270885],[-120.50672890042989,34.49198709500565],[-120.50672438684785,34.491992411919576],[-120.50671535968203,34.49200304574685],[-120.5067131028902,34.492005704203535],[-120.50670970428612,34.49201014237005],[-120.50670856247399,34.49201192207992],[-120.50670516386941,34.492016360246296],[-120.50669950847173,34.492023456868935],[-120.5066960830339,34.49202879599813],[-120.50669379940844,34.49203235541753],[-120.50669151578278,34.492035914836876],[-120.5066880635115,34.49204215492891],[-120.50668572622048,34.49204751627436],[-120.50668222028338,34.492055558292414],[-120.50668105163751,34.492058238965065],[-120.50667868751306,34.49206450127343],[-120.50667626972314,34.49207256550796],[-120.50667502057918,34.492077949069845],[-120.506673771435,34.49208333263172],[-120.50667369093729,34.49208603552104],[-120.5066723881277,34.49209322100907],[-120.50667127314614,34.492094099755384],[-120.50666994350355,34.49210218620648],[-120.50666972884247,34.49210939391127],[-120.50666881653196,34.49214002665654],[-120.50666860187047,34.492147234361276],[-120.50666944852594,34.492155365245964],[-120.50667050984302,34.49215628842591],[-120.5066713833314,34.49216351834748],[-120.50667130283337,34.49216622123676],[-120.50667222998722,34.492171649232155],[-120.50667315714117,34.49217707722752],[-120.50667509194733,34.492185230329],[-120.50667708041915,34.49219158150426],[-120.50667808807147,34.492194306610344],[-120.5066811110288,34.49220248192853],[-120.506683126334,34.49220793214064],[-120.50668620295737,34.49221430553253],[-120.50668827192823,34.49221795381837],[-120.50669034089928,34.492221602104195],[-120.50669344435617,34.49222707453284],[-120.50669867045006,34.49223439332093],[-120.50670180074036,34.49223896478631],[-120.5067028352264,34.492240788929124],[-120.50670596551716,34.492245360394406],[-120.50670806132196,34.492248107716854],[-120.50671644454249,34.49225909700637],[-120.50672063615357,34.49226459165092],[-120.50672594274869,34.49226920754867],[-120.50674716913493,34.49228767113757],[-120.50675247573294,34.49229228703427],[-120.50675889731508,34.492296024183766],[-120.50677174048111,34.49230349848184],[-120.50677495127297,34.49230536705615],[-120.50678031153699,34.49230818102546],[-120.506782461009,34.492309126420494],[-120.50678782127349,34.49231194038949],[-120.50679639233118,34.49231662293205],[-120.50680284074865,34.49231945911624],[-120.50680713969389,34.49232134990552],[-120.5068114386393,34.49232324069465],[-120.50681897520992,34.4923260990937],[-120.50682545046013,34.492328034313594],[-120.50683516333602,34.49233093714278],[-120.50683840096148,34.49233190475236],[-120.50684596436484,34.49233386218662],[-120.5068557040731,34.49233586405106],[-120.50686220615582,34.49233689830586],[-120.50686870823871,34.49233793256031],[-120.50687197269558,34.49233799920582],[-120.50688065108335,34.492339077889945],[-120.50688171240506,34.49234000106823],[-120.50689147894553,34.49234110196665],[-120.50690018416437,34.492341279686194],[-120.50693718134517,34.49234203498731],[-120.50694588656437,34.49234221270358],[-120.50695570676586,34.4923415116704],[-120.50695682174806,34.49234063292154],[-120.50696555379696,34.492339909673156],[-120.50696881825414,34.49233997631609],[-120.50697537399813,34.49233920863838],[-120.50698192974201,34.49233844096032],[-120.50699177677237,34.49233683896092],[-120.50699944749766,34.4923351925327],[-120.50700273878401,34.49233435821141],[-120.50701261264277,34.49233185524699],[-120.50701919521497,34.49233018660358],[-120.50702689276822,34.492327639210274],[-120.50703129903532,34.49232592613863],[-120.50703570530224,34.49232421306683],[-120.50704231470229,34.4923216434588],[-120.50705115406383,34.49231731635087],[-120.50705667531076,34.49231472452847],[-120.50705887844371,34.492313867992095],[-120.50706439969018,34.492311276169325],[-120.50706771780362,34.49230954088288],[-120.50708099025603,34.492302599736085],[-120.50708762648144,34.49229912916211],[-120.50709320138263,34.492294735411235],[-120.50711550098167,34.4922771604049],[-120.50712107587997,34.492272766652604],[-120.50712558945398,34.4922674497238],[-120.50713350162097,34.4922576946162],[-120.50716454829193,34.4922754570876],[-120.50716775909217,34.492277325651926],[-120.50717311936874,34.49228013960449],[-120.50717526884495,34.492281084992754],[-120.50718062912202,34.49228389894502],[-120.50718920020064,34.492288581460855],[-120.50719564863066,34.49229141762477],[-120.50719994758424,34.49229330840055],[-120.507204246538,34.49229519917617],[-120.50721178312111,34.49229805755146],[-120.5072182583796,34.49229999275079],[-120.50722797126791,34.4923028955492],[-120.50723120889751,34.49230386314849],[-120.50723877230911,34.49230582055873],[-120.50724851202551,34.492307822392085],[-120.50725501411225,34.49230885662607],[-120.50726151619918,34.49230989085972],[-120.50726478065593,34.492309957494676],[-120.50727345904764,34.492311036150966],[-120.50727452037357,34.49231195932602],[-120.50728428691795,34.4923130601931],[-120.50729299213647,34.492313237884524],[-120.50730822626902,34.49231354884303],[-120.50731693148774,34.49231372653275],[-120.50732675168466,34.492313025469436],[-120.50732786666278,34.49231214671699],[-120.50733659870714,34.492311423441784],[-120.50733986316415,34.49231149007474],[-120.50734641890374,34.49231072237686],[-120.50735297464323,34.49230995467862],[-120.50736282166497,34.49230835264882],[-120.5073704923818,34.492306706196835],[-120.50737378366395,34.49230587186533],[-120.50738365751009,34.492303368870246],[-120.50739024007386,34.49230170020642],[-120.50739793761464,34.49229915278908],[-120.50740234387345,34.49229743970365],[-120.50740675013208,34.49229572661804],[-120.50741335951969,34.49229315698932],[-120.50742219886064,34.492288829853514],[-120.50742772009521,34.49228623801374],[-120.50742992322401,34.492285381470474],[-120.50743544445811,34.49228278963034],[-120.50743876256334,34.492281054333404],[-120.50745203498283,34.4922741131447],[-120.50745867119177,34.49227064254976],[-120.5074642460726,34.49226624878099],[-120.50748654558998,34.492248673703074],[-120.50749212046787,34.49224427993288],[-120.50749663401753,34.49223896298924],[-120.50750566111505,34.49222832910136],[-120.5075507965677,34.492175159650174]],[[-120.50809237928908,34.48992882748525],[-120.5080914252429,34.48992430046032],[-120.50809147887321,34.489922498531534],[-120.50808943670528,34.489917949303646],[-120.50808946352046,34.489917048339244],[-120.50808949033565,34.489916147374856],[-120.5080895171508,34.48991524641046],[-120.50808853628972,34.489911620349915],[-120.50808747498313,34.48991069718256],[-120.50808652093735,34.48990617015761],[-120.50808554007648,34.48990254409703],[-120.50808352472448,34.48989709390468],[-120.50808050169698,34.4898889186161],[-120.50807742503947,34.48988254525624],[-120.50807434838242,34.489876171896334],[-120.50807227940106,34.48987252363262],[-120.50806917592939,34.489867051236985],[-120.50806394984663,34.48985973250624],[-120.50805975825492,34.48985423790725],[-120.50804718348297,34.489837754109544],[-120.50804299189339,34.48983225951005],[-120.50803771218371,34.48982674270708],[-120.50803240565902,34.489822126868276],[-120.50802709913494,34.489817511029266],[-120.50802179261143,34.48981289519005],[-120.5080153979681,34.48980825714708],[-120.50801433666359,34.48980733397916],[-120.50800900332548,34.489803619103796],[-120.50800576578054,34.48980265152858],[-120.5080036431719,34.48980080519258],[-120.50800366998787,34.48979990422821],[-120.50799724853053,34.48979616714872],[-120.50799082707375,34.48979243006892],[-120.50798440561759,34.48978869298879],[-120.50797798416198,34.489784955908355],[-120.50796941328333,34.48978027345538],[-120.50796296501268,34.48977743733853],[-120.50795866616583,34.4897755465938],[-120.5079532791993,34.48977363364483],[-120.50794683092974,34.48977079752717],[-120.50783909166037,34.48973253849458],[-120.50783152846118,34.489730581130296],[-120.50782396526238,34.48972862376555],[-120.50781640206394,34.48972666640034],[-120.50780883886587,34.48972470903469],[-120.50779909943003,34.48972270725773],[-120.5077925975337,34.48972167306075],[-120.50778609563753,34.48972063886344],[-120.50778283128038,34.48972057224675],[-120.50777415314639,34.48971949363764],[-120.50777309184575,34.48971857046777],[-120.50776332559315,34.48971746965223],[-120.50775462064126,34.489717292005956],[-120.5077470038084,34.48971713656495],[-120.50773829885667,34.489716958917505],[-120.50772847896717,34.48971766002757],[-120.50772736402932,34.4897185387857],[-120.50772627591034,34.489718516579615],[-120.50771863225859,34.489719262101005],[-120.50771427978269,34.48971917327635],[-120.5077066361308,34.48971991879699],[-120.50770228365492,34.48971982997191],[-120.50769134882674,34.48972140983681],[-120.50768476647417,34.4897230785266],[-120.50767709600238,34.489724725009495],[-120.50766942553031,34.48972637149192],[-120.50766393129607,34.48972806238713],[-120.50765514588474,34.4897305876261],[-120.50764636047292,34.48973311286441],[-120.50763754824077,34.48973653906617],[-120.50763423024358,34.489738274373714],[-120.50762650612961,34.48974172278156],[-120.50762430307122,34.48974257933168],[-120.50761878201502,34.48974517118887],[-120.50761546401712,34.48974690649587],[-120.50760882802093,34.48975037710959],[-120.50759555602693,34.48975731833586],[-120.50758892002915,34.489760788948416],[-120.50758334532979,34.489765182732036],[-120.50757108098914,34.48977484905502],[-120.50756439134759,34.48978012159424],[-120.50755767488444,34.48978629509712],[-120.50755541818265,34.489788953574],[-120.50755430324207,34.489789832330416],[-120.50754984347965,34.48979334735593],[-120.507545330075,34.48979866430934],[-120.5075408166698,34.489803981262554],[-120.50753630326402,34.489809298215576],[-120.50753064809538,34.489816394888585],[-120.50752722280839,34.48982173404907],[-120.50752493928348,34.48982529348934],[-120.50752148717454,34.489831533613646],[-120.50751803506505,34.48983777373782],[-120.50751458295504,34.48984401386188],[-120.50751107720183,34.48985205591382],[-120.50750874003262,34.48985741728173],[-120.5075075446265,34.48986099892966],[-120.50750520745679,34.489866360297455],[-120.50750395840751,34.48987174387333],[-120.50750270935808,34.489877127449176],[-120.50750268253664,34.48987802841319],[-120.50750140666553,34.48988431295301],[-120.50750129937964,34.489887916809],[-120.50750002350824,34.4898942013488],[-120.50749999668675,34.48989510231279],[-120.50749888174414,34.48989598106859],[-120.50749755222934,34.489904067536315],[-120.50749733765706,34.48991127524827],[-120.50749714990627,34.4899175819962],[-120.50749693533386,34.48992478970812],[-120.50749778206136,34.48993292059225],[-120.50749884336139,34.48993384376447],[-120.50749881653985,34.48993474472845],[-120.50749971691066,34.48994107368459],[-120.50749960962449,34.48994467754054],[-120.50750050999542,34.48995100649669],[-120.50750040270924,34.48995461035263],[-120.50750231073762,34.48996366440893],[-120.50750432605247,34.48996911460926],[-120.50750631454603,34.489975465773554],[-120.50750732220368,34.489978190873686],[-120.50751034517695,34.489986366174065],[-120.50751236049278,34.489991816374285],[-120.50751543710984,34.48999818974659],[-120.50751960184986,34.490004585326915],[-120.50752376659048,34.49001098090711],[-120.50752689685172,34.490015552351174],[-120.50752687003038,34.490016453315185],[-120.50753000029194,34.49002102475919],[-120.5075926055929,34.49011245362489],[-120.50759470137878,34.49011520093193],[-120.50759679716481,34.49011794823894],[-120.5075999542544,34.49012161871739],[-120.5076020232201,34.49012526698834],[-120.50760724927632,34.490132585737555],[-120.50761146767067,34.49013717938714],[-120.50761783549375,34.49014271841523],[-120.5076242033177,34.49014825744299],[-120.50763481635946,34.49015748915527],[-120.50764012288123,34.490162105011095],[-120.5076465175283,34.490166743073765],[-120.50765293899619,34.49017048017206],[-120.5076593604647,34.49017421727004],[-120.50766578193378,34.49017795436772],[-120.50766790454361,34.490179800709576],[-120.50767647544359,34.49018448318447],[-120.50768292373408,34.49018731931723],[-120.50768937202501,34.49019015544966],[-120.50769367088587,34.49019204620443],[-120.50769796974694,34.49019393695906],[-120.5077055061641,34.490196795297265],[-120.50771198127612,34.49019873046446],[-120.50771845638842,34.490200665631335],[-120.50772493150107,34.49020260079787],[-120.5077281690575,34.490203568381006],[-120.50773140661404,34.49020453596407],[-120.50773896985264,34.49020649333619],[-120.50774870934232,34.49020849512017],[-120.50775521127544,34.49020952932103],[-120.50776171320871,34.49021056352155],[-120.5077649775849,34.49021063013962],[-120.50777365576927,34.49021170875151],[-120.5077747170758,34.49021263192158],[-120.50778448338602,34.49021373273864],[-120.50779318838968,34.49021391038502],[-120.50780080526796,34.490214065825086],[-120.50780842214631,34.49021422126469],[-120.50782041834503,34.4902135645618],[-120.50782479766531,34.490212752419595],[-120.5078324413619,34.49021200689353],[-120.50784008505838,34.490211261366966],[-120.50784443756027,34.49021135018825],[-120.50785537245105,34.49020977031239],[-120.50786195483967,34.49020810161504],[-120.50786962535349,34.49020645512239],[-120.50787729586705,34.49020480862926],[-120.50788058706101,34.490203974280014],[-120.50788716944874,34.490202305581256],[-120.50789375183626,34.49020063688213],[-120.50790144916635,34.49019808942322],[-120.50790585530262,34.49019637631381],[-120.5079124645067,34.49019380664942],[-120.5079190737104,34.490191236984636],[-120.50792791279856,34.49018690980011],[-120.50793014268334,34.490185152280674],[-120.5079500507405,34.490174740389364],[-120.50795668675849,34.49017126975816],[-120.50796226146772,34.49016687595808],[-120.50797898559195,34.490153694556106],[-120.50798456029884,34.490149300754894],[-120.50798458711536,34.4901483997906],[-120.50798570205667,34.49014752103033],[-120.50799016182161,34.490144005989094],[-120.50799239170397,34.4901422484684],[-120.50799687828476,34.490137832462615],[-120.50800253343863,34.49013073576755],[-120.50800481695296,34.49012717631802],[-120.50804880912672,34.490075786328056],[-120.50805106582172,34.490073127841804],[-120.50805446427182,34.490068689630164],[-120.50805560602701,34.490066909904805],[-120.50805900447659,34.49006247169301],[-120.5080646596199,34.49005537499455],[-120.50806808488404,34.490050035818086],[-120.50807036839325,34.49004647636705],[-120.50807265190224,34.49004291691596],[-120.50807610398077,34.49003667677485],[-120.50807844112005,34.49003131539488],[-120.50808077825901,34.49002595401484],[-120.50808311539764,34.49002059263476],[-120.50808545253598,34.49001523125459],[-120.50808784330454,34.490008067945595],[-120.50808911913448,34.490001783397936],[-120.50809039496417,34.489995498850234],[-120.50809167079366,34.489989214302504],[-120.5080928661773,34.48998563264792],[-120.50809424926715,34.48997574424258],[-120.50809443697341,34.48996943749184],[-120.508095026907,34.48994961627516],[-120.50809423375141,34.489939683463874],[-120.50809333333534,34.489933354510164],[-120.50809237928908,34.48992882748525]],[[-120.50824958416231,34.49137805957948],[-120.50825184088893,34.49137540109127],[-120.50825523938597,34.49137096287672],[-120.50825638115654,34.491369183150425],[-120.5082597796531,34.49136474493573],[-120.50826543487497,34.491357648232416],[-120.50826886018521,34.491352309053106],[-120.50827114372517,34.491348749600164],[-120.50827342726488,34.491345190147186],[-120.50827687938867,34.491338950003275],[-120.508279216557,34.491333588621515],[-120.50828272230886,34.49132554654876],[-120.50828389089264,34.4913228658578],[-120.50828625487446,34.491316603511535],[-120.50828867248477,34.491308539236535],[-120.50828992151133,34.49130315565251],[-120.50829117053773,34.491297772068464],[-120.50829125098088,34.491295069175465],[-120.50829255363577,34.49128788366273],[-120.50829366858996,34.49128700490031],[-120.50829499805877,34.49127891842317],[-120.50829521257337,34.491271710708475],[-120.50829558797376,34.491259097207724],[-120.50829580248815,34.491251889492986],[-120.5082949556775,34.49124375861204],[-120.50829389435253,34.491242835445824],[-120.5082930207278,34.49123560552922],[-120.50829310117072,34.49123290263619],[-120.50829217391748,34.49122747464824],[-120.50829124666436,34.491222046660305],[-120.50828931171539,34.49121389357744],[-120.50828732313808,34.49120754242321],[-120.50828631544235,34.49120481732827],[-120.50828329235553,34.4911966420434],[-120.50828127696462,34.49119119185344],[-120.50827820024988,34.49118481849714],[-120.50827613123069,34.49118117023581],[-120.50827406221165,34.491177521974436],[-120.50827095868344,34.491172049582325],[-120.5082657325082,34.49116473085734],[-120.50826260216641,34.491160159429384],[-120.50826156765741,34.491158335298586],[-120.50825843731606,34.49115376387055],[-120.5082563414838,34.491151016573255],[-120.50824795815612,34.49114002738377],[-120.50824376649311,34.491134532788855],[-120.5082384598781,34.49112991695581],[-120.50821723342392,34.4911114536216],[-120.50821192681184,34.491106837787534],[-120.50820550524787,34.49110310071496],[-120.5081926621217,34.491095626568885],[-120.50818945134053,34.491093758032186],[-120.50818409110046,34.491090944125574],[-120.50818194164145,34.491089998755726],[-120.50817658140188,34.491087184848816],[-120.50816801038242,34.49108250240443],[-120.5081615620068,34.491079666294],[-120.50815726308998,34.491077775553514],[-120.50815296417335,34.49107588481289],[-120.50814542766186,34.4910730264986],[-120.50813895247201,34.49107109135129],[-120.50812923968779,34.491068188629676],[-120.50812600209322,34.49106722105565],[-120.50811843876751,34.491065263704],[-120.50810869916867,34.49106326194507],[-120.50810219716432,34.49106222776011],[-120.50809569516018,34.491061193574815],[-120.50809243075003,34.49106112696414],[-120.50808375247271,34.49106004837106],[-120.50808269115241,34.491059125203186],[-120.50807292473881,34.49105802440569],[-120.50806421964556,34.491057846775455],[-120.50804898573257,34.49105753592105],[-120.50804028063955,34.491057358289105],[-120.50803046059302,34.49105805941662],[-120.50802934563943,34.49105893817669],[-120.50802499309289,34.49105884936009],[-120.50802390495626,34.49105882715592],[-120.50801628799987,34.491058671726435],[-120.50800755608975,34.49105939505632],[-120.50789820606566,34.4910751938575],[-120.50788833237957,34.49107769690161],[-120.50788395301399,34.491078509044044],[-120.50787737055613,34.49108017773941],[-120.50787407932714,34.491081012086966],[-120.50786420563975,34.49108351512907],[-120.50785762318118,34.49108518382333],[-120.50784992576659,34.49108773127556],[-120.5078455195812,34.49108944438064],[-120.50784111339566,34.491091157485535],[-120.507834504117,34.491093727142555],[-120.50782566492565,34.49109805431539],[-120.50782014378302,34.49110064617755],[-120.50781794068973,34.491101502729535],[-120.50781241954665,34.49110409459133],[-120.50780910149676,34.49110582990108],[-120.50779582929589,34.49111277113914],[-120.50778919319465,34.491116241757595],[-120.50778361841041,34.49112063554602],[-120.50776131926763,34.4911382106969],[-120.50775574448049,34.49114260448391],[-120.50775123101025,34.49114792144129],[-120.50774220406801,34.491158555355454],[-120.50773994733211,34.49116121383386],[-120.50773654881783,34.491165652033395],[-120.50773540703959,34.491167431754526],[-120.5077320085248,34.491171869953895],[-120.50772635327282,34.49117896663126],[-120.50772292793668,34.49118430579429],[-120.507720644379,34.491187865236235],[-120.50771836082114,34.49119142467814],[-120.50771490866346,34.49119766480484],[-120.50771257146403,34.491203026174496],[-120.50770906566427,34.49121106822887],[-120.50770789706421,34.49121374891363],[-120.5077055330432,34.491220011247044],[-120.50770311538051,34.49122807550827],[-120.50770186631802,34.491233459084754],[-120.50770061725528,34.491238842661225],[-120.50770053679325,34.49124154555303],[-120.5076992340889,34.491248731057325],[-120.50769811912934,34.49124960981408],[-120.50769678960388,34.49125769628227],[-120.50769657503788,34.49126490399369],[-120.50769619954724,34.491277517488676],[-120.50769598498107,34.49128472520008],[-120.5076968317334,34.49129285608262],[-120.50769789305204,34.49129377925377],[-120.50769876662537,34.491301009172375],[-120.50769868616308,34.49130371206416],[-120.50769961337805,34.491309140054916],[-120.50770054059313,34.49131456804565],[-120.50770247548583,34.491322721135354],[-120.50770446402035,34.491329072297184],[-120.50770547169806,34.49133179739613],[-120.50770849473155,34.49133997269293],[-120.50771051008752,34.49134542289075],[-120.50771358676323,34.491351796259586],[-120.50771565576105,34.49135544452948],[-120.50771772475905,34.49135909279937],[-120.50772082825637,34.491364565204115],[-120.50772605439383,34.49137188395071],[-120.50772918471263,34.491376455391354],[-120.50773021921214,34.4913782795262],[-120.50773334953139,34.49138285096675],[-120.50773544535123,34.491385598272444],[-120.50774382863192,34.491396587494876],[-120.50774802027307,34.49140208210591],[-120.50775332687599,34.491406697959654],[-120.50777455329347,34.49142516137256],[-120.5077798598993,34.49142977722528],[-120.50778628146699,34.49143351432032],[-120.50779912460412,34.491440988509446],[-120.50786334032477,34.49147835943622],[-120.50786655111234,34.49148022798173],[-120.50787191136499,34.49148304190274],[-120.50787406082993,34.49148398727828],[-120.50787942108308,34.49148680119899],[-120.50788799212508,34.49149148366443],[-120.50789444052138,34.49149431979013],[-120.5078987394525,34.49149621054042],[-120.50790303838379,34.491498101290574],[-120.50791057492341,34.491500959620964],[-120.50791705013988,34.49150289478149],[-120.50792676296517,34.49150579752165],[-120.50793000057374,34.49150676510153],[-120.50793756393357,34.49150872246627],[-120.50794730357863,34.49151072424079],[-120.50795380561505,34.49151175843537],[-120.50796030765163,34.491512792629614],[-120.50796357207906,34.49151285924455],[-120.50797225040088,34.49151393784808],[-120.50797331172537,34.491514861017045],[-120.5079830781901,34.491515961824696],[-120.5079917833304,34.49151613946278],[-120.50800701732612,34.491516450327914],[-120.50801572246664,34.49151662796427],[-120.50802554256727,34.49151592684033],[-120.50802665752731,34.49151504808062],[-120.50803538948516,34.49151432475146],[-120.50803865391285,34.49151439136442],[-120.50804520958546,34.49151362362592],[-120.508051765258,34.491512855887066],[-120.50806161217515,34.49151125379604],[-120.50806928280691,34.49150960729619],[-120.50807257405147,34.49150877294407],[-120.50808244778467,34.49150626988718],[-120.50808903027317,34.491504601182136],[-120.5080967277206,34.49150205371632],[-120.50810113392367,34.491500340603004],[-120.50810554012658,34.49149862748952],[-120.5081121494306,34.491496057819],[-120.5081209886518,34.49149173062687],[-120.50812650981254,34.491489138751945],[-120.50812871291348,34.49148828219475],[-120.50813423407378,34.49148569031946],[-120.50813755213302,34.49148395500133],[-120.50815082436873,34.49147701372782],[-120.50815746048579,34.491473543090486],[-120.50816303527617,34.49146914928537],[-120.5081853344318,34.49145157406211],[-120.50819090921924,34.4914471802556],[-120.50819542267989,34.491441863281686],[-120.50820444959948,34.49143122933328],[-120.50824958416231,34.49137805957948]],[[-120.50958418783877,34.488971201324524],[-120.50958644445478,34.488968542806035],[-120.50958984277757,34.48896410454544],[-120.50959098448446,34.48896232480336],[-120.50959438280674,34.48895788654261],[-120.50960003774372,34.48895078976297],[-120.50960346286296,34.48894545053633],[-120.50960574627553,34.48894189105185],[-120.5096080296879,34.48893833156731],[-120.50961148160391,34.488932091374814],[-120.50961381861133,34.488926729958955],[-120.50961732412188,34.48891868783507],[-120.50961849262522,34.48891600712707],[-120.50962085642942,34.48890974474543],[-120.50962327382852,34.48890168043253],[-120.50962452272437,34.488896296827654],[-120.50962577162005,34.48889091322274],[-120.50962585201292,34.48888821032593],[-120.50962715450355,34.488881024789784],[-120.50962826941081,34.48888014601286],[-120.50962959869865,34.48887205951106],[-120.50962981307916,34.48886485178619],[-120.50963018824487,34.48885223826763],[-120.50963040262516,34.48884503054275],[-120.5096295556938,34.4888368996636],[-120.50962849438226,34.48883597650934],[-120.50962762065355,34.48882874659579],[-120.5096277010462,34.48882604369895],[-120.50962677372256,34.48882061571661],[-120.50962584639899,34.48881518773428],[-120.5096239113595,34.48880703466642],[-120.50962192272516,34.48880068352978],[-120.50962091500931,34.48879795844425],[-120.50961789186208,34.488789783187634],[-120.50961587643091,34.488784333016525],[-120.50961279968931,34.48877795969103],[-120.50961073066338,34.488774311451074],[-120.50960866163763,34.48877066321107],[-120.50960555809928,34.48876519085104],[-120.50960033194073,34.48875787218204],[-120.50959720160559,34.48875330078742],[-120.5095961670932,34.48875147666733],[-120.50959303675852,34.48874690527263],[-120.50959094093628,34.488744157997985],[-120.50958255764873,34.48873316889911],[-120.50957836600574,34.4887276743495],[-120.5095730594577,34.48872305857626],[-120.50955183327137,34.488704595481266],[-120.50954652672627,34.48869997970699],[-120.50954010527617,34.48869624270875],[-120.50952726237777,34.48868876871129],[-120.50952405165351,34.48868690021174],[-120.50951869151395,34.48868408636747],[-120.50951654209848,34.48868314102282],[-120.5095111819594,34.488680327178265],[-120.50950261109737,34.488675644833386],[-120.50949616285239,34.48867280879852],[-120.50949186402265,34.48867091810844],[-120.50948756519314,34.48866902741821],[-120.50948002884246,34.488666169192705],[-120.50947355379998,34.48866423412225],[-120.5094638412369,34.488661331515935],[-120.50946060371601,34.48866036398032],[-120.50945304056786,34.48865840671875],[-120.50944330120687,34.488656405076384],[-120.50943679936671,34.48865537096954],[-120.50943029752672,34.48865433686236],[-120.509427033207,34.48865427029139],[-120.50941835515417,34.488653191802904],[-120.50941729384726,34.48865226864699],[-120.5094075276883,34.488651167967305],[-120.50939882283629,34.488650990442935],[-120.50938358934545,34.48865067977378],[-120.50937488449367,34.488650502247694],[-120.50936506473528,34.48865120349557],[-120.5093639498286,34.48865208227014],[-120.50935959740269,34.48865199350648],[-120.5093585092962,34.488651971315534],[-120.5093508925509,34.48865181597867],[-120.50934216089877,34.48865253941571],[-120.50923281422536,34.488668339565535],[-120.50922294086094,34.48867084273257],[-120.50921856163272,34.48867165492919],[-120.50921197938935,34.4886733237065],[-120.50920868826756,34.488674158095016],[-120.50919881490184,34.48867666126002],[-120.50919223265772,34.48867833003623],[-120.50918453550452,34.48868087758491],[-120.50918012947325,34.48868259074545],[-120.50917572344184,34.48868430390581],[-120.50916911439441,34.488686873646046],[-120.50916027552812,34.4886912009311],[-120.50915475458655,34.48869379286323],[-120.50915255157031,34.488694649442955],[-120.50914703062828,34.48869724137474],[-120.50914371270238,34.48869897672673],[-120.50913044099745,34.488705918133746],[-120.50912380514418,34.48870938883668],[-120.50911823059452,34.48871378269763],[-120.50909593239008,34.48873135813859],[-120.50909035783752,34.48873575199812],[-120.50908584458847,34.488741069016044],[-120.50907681808863,34.488751703051314],[-120.50907456146331,34.48875436156003],[-120.50907116312332,34.48875879980559],[-120.50907002140875,34.4887605795425],[-120.50906662306825,34.48876501778793],[-120.50906096810114,34.48877211454164],[-120.50905754295603,34.48877745375198],[-120.50905525952572,34.488781013225484],[-120.5090529760952,34.48878457269893],[-120.50904952414533,34.48879081287422],[-120.50904718710677,34.48879617427797],[-120.50904368154833,34.48880421638349],[-120.5090425130287,34.48880689708529],[-120.50904014918535,34.48881315945407],[-120.50903773173386,34.48882122375322],[-120.50903648280206,34.488826607350546],[-120.5090352338701,34.48883199094789],[-120.50903515345831,34.48883469384351],[-120.50903385091823,34.4888418793712],[-120.5090327360056,34.48884275814246],[-120.50903140666114,34.488850844635316],[-120.50903119222926,34.48885805235692],[-120.50903081697327,34.488870665869705],[-120.50903060254119,34.48887787359127],[-120.50903144941425,34.488886004472036],[-120.5090325107195,34.48888692763121],[-120.50903338439677,34.48889415754676],[-120.50903330398475,34.488896860442345],[-120.50903423127018,34.4889022884275],[-120.50903515855568,34.48890771641263],[-120.50903709353891,34.488915869487315],[-120.50903908213044,34.488922220631586],[-120.50904008982829,34.488924945721095],[-120.50904311292217,34.488933120989635],[-120.5090451283184,34.48893857116863],[-120.509048205021,34.48894494450668],[-120.50905027402557,34.488948592755186],[-120.5090523430303,34.488952241003695],[-120.50905544653773,34.48895771337638],[-120.50906067265852,34.48896503206697],[-120.50906380297067,34.488969603474274],[-120.50906483747356,34.488971427598436],[-120.50906796778617,34.488975999005646],[-120.50907006359597,34.48897874628868],[-120.50907844683658,34.48898973542051],[-120.5090826384577,34.48899522998623],[-120.50908794499365,34.48899984578017],[-120.50910917114328,34.489018308953845],[-120.50911447768216,34.48902292474674],[-120.50912089913595,34.48902666176748],[-120.50913374204534,34.48903413580799],[-120.5091979566272,34.489071505991646],[-120.50920116735782,34.4890733745],[-120.50920652750997,34.489076188358666],[-120.50920867693141,34.489077133709],[-120.50921403708405,34.489079947567355],[-120.50922260796861,34.4890846299333],[-120.50922905623429,34.48908746598342],[-120.50923335507828,34.48908935668332],[-120.5092376539225,34.48909124738308],[-120.50924519030134,34.48909410562465],[-120.50925166537039,34.48909604070831],[-120.50926137797457,34.489098943333204],[-120.50926461550944,34.48909991087468],[-120.50927217869172,34.48910186814932],[-120.5092819180989,34.489103869807295],[-120.50928841997114,34.48910490392374],[-120.50929492184356,34.48910593803985],[-120.50929818618052,34.4891060046151],[-120.50930686427786,34.489107083114035],[-120.50930792558896,34.489108006271046],[-120.50931769179904,34.489109106960875],[-120.50932639669813,34.48910928449309],[-120.50934163027166,34.48910959517297],[-120.50935033517096,34.48910977270348],[-120.50936015498344,34.48910907145916],[-120.50936126989656,34.48910819268496],[-120.5093700015964,34.489107469248665],[-120.5093732659336,34.48910753582192],[-120.50937982140854,34.489106768002756],[-120.50938637688338,34.48910600018324],[-120.50939622349563,34.48910439797058],[-120.50940389388279,34.489102751375555],[-120.5094071850201,34.48910191698247],[-120.50941705843162,34.48909941380266],[-120.50942364070569,34.48909774501568],[-120.50943133789173,34.48909519745342],[-120.50943574394066,34.489093484284645],[-120.50944014998942,34.48909177111568],[-120.50944675906223,34.489089201361956],[-120.50945559795836,34.48908487405761],[-120.50946111891805,34.489082282112705],[-120.50946332194192,34.48908142552777],[-120.50946884290116,34.48907883358252],[-120.50947216083644,34.48907709822215],[-120.50948543257618,34.48907015677967],[-120.50949206844524,34.48906668605785],[-120.50949764300104,34.48906229218022],[-120.5095199412183,34.489044716666896],[-120.50952551577117,34.48904032278786],[-120.50953002901066,34.48903500575339],[-120.50953905548785,34.489024371683875],[-120.50958418783877,34.488971201324524]]],[[[-120.50238483178843,34.488583474101766],[-120.50238265558882,34.488583429595735],[-120.50237830318966,34.48858334058358],[-120.50236736844103,34.48858491997382],[-120.50236078609134,34.488586588376],[-120.50235311564155,34.488588234524556],[-120.5023498244665,34.488589068725304],[-120.50233995094094,34.488591571326985],[-120.50233336859023,34.48859323972765],[-120.50232567126359,34.48859578683504],[-120.50231797393648,34.488598333941944],[-120.50231356778481,34.48860004684868],[-120.50230695855696,34.488602616208496],[-120.50229811937643,34.48860694298158],[-120.50229368634774,34.48860955684818],[-120.50229169828113,34.48860320561626],[-120.50228971021475,34.488596854384326],[-120.50228870274356,34.488594129248646],[-120.50228568033036,34.48858595384157],[-120.5022836653885,34.488580503570155],[-120.5022805892236,34.4885741300842],[-120.50227852052969,34.48857048173392],[-120.50227645183597,34.48856683338362],[-120.5022733487957,34.488561360858114],[-120.50226812330995,34.48855404190329],[-120.5022649933942,34.48854947033821],[-120.50226395904787,34.48854764616297],[-120.50226082913258,34.48854307459778],[-120.50225873356375,34.488540327207815],[-120.50225035128975,34.48852933764765],[-120.50224616015353,34.48852384286738],[-120.50224085404238,34.488519226793336],[-120.5022397928202,34.48851830357849],[-120.50224090779571,34.48851742487216],[-120.50224093467239,34.488516523911564],[-120.50224204964785,34.48851564520522],[-120.50224650954948,34.48851213037974],[-120.50224873950015,34.48851037296693],[-120.50225322627776,34.48850595718057],[-120.50225888178286,34.488498860766306],[-120.50226116548578,34.48849530143204],[-120.50230516013464,34.48844391361593],[-120.50230741695812,34.48844125524126],[-120.50231081563096,34.48843681719883],[-120.50231195748046,34.488435037531126],[-120.50231535615282,34.48843059948853],[-120.50232101164735,34.48842350307086],[-120.5023244371944,34.48841816406733],[-120.5023267208922,34.48841460473157],[-120.50232900458978,34.48841104539576],[-120.50233245701135,34.48840480543129],[-120.50233248388693,34.488403904470616],[-120.50233460633066,34.48840575089865],[-120.502336701899,34.488408498287335],[-120.50234508417363,34.48841948784173],[-120.50234927531174,34.488424982618746],[-120.50235458142355,34.48842959868815],[-120.50237580587657,34.48844806296368],[-120.50238111199128,34.488452679032044],[-120.50238753307978,34.48845641639242],[-120.50239504226707,34.48846017600532],[-120.50239390041894,34.48846195567386],[-120.50239039424919,34.48846999756151],[-120.50238922552577,34.48847267819071],[-120.50238686120366,34.48847894040972],[-120.50238444313095,34.48848700455003],[-120.50238319378175,34.488492388061196],[-120.50238194443237,34.48849777157234],[-120.50238186380696,34.48850047445438],[-120.50238056070704,34.488507659886864],[-120.50237944573307,34.48850853859454],[-120.50237811575757,34.48851662498763],[-120.50237790075597,34.488523832673074],[-120.50237752450303,34.48853644612253],[-120.50237730950124,34.48854365380793],[-120.50237815572355,34.488551784707035],[-120.5023792169477,34.48855270792074],[-120.50238009004543,34.488559937859165],[-120.50238000941977,34.4885626407412],[-120.50238093626803,34.48856806875826],[-120.5023818631164,34.48857349677532],[-120.50238379743902,34.48858164992742],[-120.50238483178843,34.488583474101766]]],[[[-120.50392422523844,34.49019439346429],[-120.50391500991577,34.490211333810635],[-120.5039138412124,34.4902140144548],[-120.50391277995057,34.490213091253004],[-120.50390638551947,34.49020845300356],[-120.50389996422857,34.49020471571529],[-120.50390328231587,34.49020298051355],[-120.50392422523844,34.49019439346429]]],[[[-120.50459795605195,34.49074996992025],[-120.50459904418175,34.49074999215476],[-120.50460562666738,34.49074832363783],[-120.5046133241359,34.49074577639303],[-120.50461773036156,34.49074406340666],[-120.504622136587,34.49074235042013],[-120.50462874592488,34.49073978094001],[-120.50463758522788,34.490735454004025],[-120.50464310643517,34.49073286228894],[-120.50464530954739,34.4907320057952],[-120.50465083075424,34.49072941407973],[-120.50465414884879,34.490727678857944],[-120.50466742122555,34.49072073796981],[-120.50467405741315,34.49071726752517],[-120.50467963232347,34.49071287388444],[-120.50470193195896,34.4906952993187],[-120.50470750686634,34.490690905676566],[-120.5047120204964,34.490685588838716],[-120.50472104775473,34.49067495516245],[-120.50476618401134,34.4906217867693],[-120.50476844082263,34.49061912834912],[-120.50477183946509,34.490614690237756],[-120.50477298129633,34.49061291054661],[-120.50477637993826,34.490608472435106],[-120.50478203539019,34.49060137590301],[-120.50478546088257,34.490596036829174],[-120.50478774454389,34.49059247744656],[-120.504790028205,34.49058891806388],[-120.50479348054759,34.49058267802773],[-120.50479581791072,34.490577316720845],[-120.50479932395478,34.4905692747604],[-120.50480049263597,34.49056659410689],[-120.50480285684931,34.490560331837756],[-120.50480527476451,34.49055226764449],[-120.50480652399861,34.49054688410474],[-120.5048077732325,34.49054150056497],[-120.50480785378576,34.49053879767883],[-120.50480915672159,34.490531612214916],[-120.50481027169977,34.49053073348537],[-120.50481160148622,34.490522647059365],[-120.50481181629448,34.49051543936291],[-120.5048121922087,34.490502825894104],[-120.50481240701673,34.49049561819761],[-120.50481156054913,34.49048748730661],[-120.5048104992736,34.49048656411208],[-120.50481057982661,34.490483861225904],[-120.50481166795312,34.49048388345837],[-120.50482138053898,34.4904867864363],[-120.50482461806776,34.49048775409546],[-120.50482323458152,34.49049764244586],[-120.5048230466253,34.49050394918034],[-120.50482245590538,34.49052377034576],[-120.50482324867235,34.49053370316084],[-120.50482414884311,34.490540032127655],[-120.50482605658858,34.490549086213015],[-120.50482804488708,34.49055543741219],[-120.50483003318588,34.490561788611316],[-120.50483202148493,34.49056813981043],[-120.50483302905998,34.49057086492894],[-120.50483403663509,34.49057359004745],[-120.5048360517855,34.49057904028444],[-120.50483806693617,34.4905844905214],[-120.50484008208707,34.49058994075833],[-120.50484315851544,34.49059631418956],[-120.50484522736839,34.490599962502294],[-120.5048483306482,34.49060543497135],[-120.5048535564834,34.49061275382881],[-120.50485774789243,34.49061824852981],[-120.5048703221228,34.49063473263207],[-120.504874513534,34.49064022733257],[-120.5048798199248,34.49064484330281],[-120.50489573910076,34.49065869121229],[-120.5049010454939,34.49066330718169],[-120.50490213362282,34.49066332941346],[-120.50490319490153,34.49066425260732],[-120.50490744001661,34.490667945382604],[-120.50490956257428,34.490669791770216],[-120.50490629818731,34.490669725075094],[-120.50490518320814,34.49067060380547],[-120.50490083069215,34.49067051487847],[-120.50489974256315,34.49067049264669],[-120.50489212566022,34.490670337024],[-120.50488339377797,34.49067106013099],[-120.50477404385329,34.490686856130196],[-120.50476417013628,34.49068935891964],[-120.50475979076803,34.49069017094957],[-120.50475320828959,34.49069183947515],[-120.50474991705028,34.490692673737804],[-120.50474004333198,34.49069517652522],[-120.5047334608528,34.490696845049705],[-120.50472576339205,34.49069939230246],[-120.5047213571708,34.490701105292935],[-120.50471695094937,34.490702818283246],[-120.5047103416169,34.49070538776841],[-120.5047015023206,34.49070971470997],[-120.50469598111651,34.49071230642786],[-120.50469377800529,34.49071316292256],[-120.50468825680076,34.49071575464008],[-120.50468493870737,34.49071748986284],[-120.50467166633243,34.49072443075297],[-120.50466503014417,34.49072790119745],[-120.50465945523206,34.49073229483742],[-120.50463715557783,34.490749869394485],[-120.5046315806628,34.490754263033054],[-120.50462706702385,34.49075957986748],[-120.50461803974419,34.490770213535754],[-120.5046157829239,34.49077287195271],[-120.50461238426651,34.49077731005898],[-120.50461124242949,34.49077908974832],[-120.50460784377155,34.49078352785445],[-120.50460556009708,34.490787087233045],[-120.50460463308795,34.49078165922733],[-120.5046047136485,34.49077895634169],[-120.50460378663948,34.49077352833597],[-120.5046028596306,34.49076810033024],[-120.50460092505246,34.49075994720438],[-120.50459893676755,34.49075359600226],[-120.50459792919841,34.490750870882124],[-120.50459795605195,34.49074996992025]]],[[[-120.50338176368186,34.49089639951131],[-120.50337518116416,34.49089806796061],[-120.50337188990524,34.49089890218513],[-120.50336201612804,34.49090140485813],[-120.50335543360961,34.49090307330635],[-120.50334773609303,34.490905620469455],[-120.50334332983557,34.49090733340844],[-120.50333892357797,34.49090904634725],[-120.5033323141912,34.49091161575513],[-120.5033234748075,34.49091594259273],[-120.50331795355068,34.49091853424574],[-120.50331575042134,34.490919390714694],[-120.50331022916404,34.490921982367354],[-120.503306911036,34.490923717551],[-120.50329363852246,34.49093065828467],[-120.50329252352363,34.490931536999376],[-120.5032925772592,34.490929735077486],[-120.5032926847303,34.49092613123368],[-120.50329077714626,34.49091707713168],[-120.50328876209137,34.49091162687346],[-120.50328677390455,34.49090527565427],[-120.50328576637732,34.490902550525135],[-120.50328274379603,34.4908943751377],[-120.50328072874213,34.49088892487938],[-120.50327765242595,34.49088255141375],[-120.5032755836368,34.49087890307725],[-120.50327041166467,34.4908697822359],[-120.50326518595764,34.49086246331623],[-120.50326309030146,34.490859715940495],[-120.5032610483815,34.490855166642866],[-120.5032568570699,34.490849671891255],[-120.50325269262697,34.490843276178595],[-120.50324847444833,34.49083868238767],[-120.50324210687889,34.490833143142446],[-120.50330255852919,34.49085060623612],[-120.50330579605165,34.49085157393535],[-120.50330903357421,34.49085254163452],[-120.50331335922687,34.490853531579596],[-120.50332715564234,34.490865533269705],[-120.503332461957,34.49087014930399],[-120.50333888326986,34.49087388662287],[-120.50335172589732,34.49088136125968],[-120.50335493655452,34.49088322991869],[-120.5033602966059,34.49088604402986],[-120.50336244599994,34.49088698948207],[-120.50336780605183,34.490889803592914],[-120.50337637676222,34.49089448636204],[-120.50338176368186,34.49089639951131]]],[[[-120.50324210687889,34.490833143142446],[-120.50324101874914,34.49083312089581],[-120.50324104561737,34.49083221993488],[-120.50324210687889,34.490833143142446]]],[[[-120.50312763847306,34.490764992554915],[-120.50313082225124,34.4907677621803],[-120.5031264966055,34.49076677222902],[-120.50312217095987,34.49076578227759],[-120.5031156959264,34.49076384686974],[-120.50310919402365,34.4907628124224],[-120.50310269212108,34.49076177797473],[-120.5031016039924,34.490761755726886],[-120.50309401396137,34.490760699030915],[-120.502587900516,34.490681835204114],[-120.50256283424956,34.490573141380004],[-120.50257159300628,34.49057151747895],[-120.50257817551115,34.49056984907248],[-120.50258584614151,34.49056820291798],[-120.50259351677163,34.49056655676298],[-120.50259680802372,34.49056572255918],[-120.50260668177961,34.490563219947234],[-120.50261326428327,34.49056155153881],[-120.50262096178695,34.49055900442149],[-120.50262316491286,34.49055814796495],[-120.5026329311692,34.490559249193005],[-120.50264163617457,34.49055942720791],[-120.50265034118001,34.49055960522221],[-120.50265453243713,34.490565099992516],[-120.50265766244321,34.49056967155045],[-120.50265869682056,34.490571495723266],[-120.5026618268271,34.49057606728112],[-120.50266392245636,34.490578814666115],[-120.50267230497475,34.49058980420581],[-120.50267649623476,34.490595298975485],[-120.50268180249554,34.49059991503593],[-120.50270302754458,34.490618379275666],[-120.5027083338083,34.490622995335066],[-120.50271475507292,34.49062673268489],[-120.50272759760391,34.4906342073836],[-120.50273080823703,34.49063607605808],[-120.50273616825037,34.49063889019516],[-120.50273831763049,34.49063983565781],[-120.50274367764435,34.49064264979458],[-120.5027522482926,34.490647332605086],[-120.50275869643436,34.490650168992126],[-120.50276299519578,34.49065205991664],[-120.5027672939574,34.490653950841015],[-120.5027748302273,34.490656809478],[-120.50278130524363,34.49065874490326],[-120.5027910177687,34.490661648040536],[-120.50279425527721,34.49066261575279],[-120.50280181842167,34.49066457342752],[-120.5028115578209,34.49066657560258],[-120.50281805971156,34.49066761006531],[-120.50282456160241,34.49066864452768],[-120.50282782598417,34.49066871127841],[-120.50283650412977,34.490669790240595],[-120.50283756538464,34.49067071345142],[-120.50284733165793,34.490671814662996],[-120.50285603667643,34.490671992663145],[-120.50289303300589,34.49067274915683],[-120.50290173802478,34.49067292715372],[-120.50291155804274,34.490672226438754],[-120.5029126730417,34.49067134772749],[-120.5029214049321,34.49067062476225],[-120.50292466931417,34.490670691510395],[-120.50293122494973,34.49066992404568],[-120.50293778058521,34.49066915658061],[-120.50294762747383,34.49066755490195],[-120.50295529810751,34.49066590872432],[-120.50295858936057,34.490665074510794],[-120.50296846311942,34.49066257186966],[-120.50297504562502,34.490660903441764],[-120.50298274312848,34.490658356301594],[-120.50298714937904,34.490656643375324],[-120.50300238316032,34.49065695485762],[-120.5030110881783,34.490657132846636],[-120.50302090819405,34.49065643212275],[-120.50302202319172,34.49065555341045],[-120.50302857882554,34.490654785940414],[-120.50303592701353,34.49066395128735],[-120.50304011830161,34.49066944604566],[-120.50305067713455,34.49068048005844],[-120.50305595655206,34.49068599706452],[-120.50306126284028,34.49069061310957],[-120.50306656912906,34.49069522915442],[-120.50307296354632,34.49069986744711],[-120.50307832357606,34.490702681569815],[-120.50308259547823,34.490705473444336],[-120.5030836567364,34.490706396653145],[-120.50308790176916,34.49071008948834],[-120.50309217367204,34.49071288136253],[-120.50309524996838,34.49071925483212],[-120.50309731874597,34.490722903171246],[-120.50310042191266,34.49072837567987],[-120.50310564759721,34.490735694605746],[-120.50310877763447,34.49074026615334],[-120.50310981202377,34.49074209032282],[-120.50311607209947,34.49075123341776],[-120.50312129778675,34.49075855234305],[-120.5031255159544,34.490763146137944],[-120.50312763847306,34.490764992554915]]],[[[-120.50228160280294,34.49040151192995],[-120.50227175593662,34.49040311355574],[-120.50226517343998,34.490404781946026],[-120.50225750281977,34.49040642808078],[-120.50225421157123,34.49040726227558],[-120.50224433782529,34.49040976485939],[-120.5022377553277,34.49041143324818],[-120.50223005782775,34.49041398034146],[-120.50222565157651,34.49041569324034],[-120.50222124532507,34.490417406139045],[-120.50221463594762,34.490419975486795],[-120.50220691156731,34.49042342353883],[-120.50220468156228,34.49042518094814],[-120.50211098146352,34.49046383239324],[-120.50211889401074,34.490454077626126],[-120.5021211240183,34.49045232021852],[-120.50212677967626,34.49044522381863],[-120.50213020532631,34.49043988482628],[-120.50213363097592,34.4904345458338],[-120.50213591474206,34.49043098650544],[-120.50213936727057,34.490424746552534],[-120.50214170479548,34.49041938530355],[-120.50214404232007,34.4904140240545],[-120.50214521108224,34.49041134342996],[-120.50214757548592,34.49040508122058],[-120.50214993988924,34.490398819011126],[-120.50215227741263,34.49039345776186],[-120.50215472245361,34.49038449267154],[-120.5021548299715,34.49038088883054],[-120.5021561062506,34.49037460436483],[-120.50215738252945,34.49036831989909],[-120.50215857816987,34.490364738314106],[-120.50215863192871,34.490362936393595],[-120.5021618694175,34.49036390412186],[-120.50216295754025,34.49036392637784],[-120.502164045663,34.49036394863383],[-120.50216513378572,34.490363970889774],[-120.50217052064089,34.490365884089975],[-120.50217269688642,34.490365928601776],[-120.50217811062112,34.49036694084138],[-120.50218352435593,34.49036795308076],[-120.50219111433657,34.49036900983136],[-120.50220305680882,34.4903701556041],[-120.5022792254115,34.49037171347405],[-120.50227917165526,34.49037351539472],[-120.50227898350838,34.490379822117085],[-120.50227977597207,34.49038975493571],[-120.50228075658276,34.49039338103199],[-120.50228165655918,34.49039971000929],[-120.50228160280294,34.49040151192995]]],[[[-120.51082971603208,34.49021724180576],[-120.51084043659701,34.49022286938994],[-120.51090465287666,34.49026023874151],[-120.51090786369218,34.490262107208274],[-120.51091322398008,34.490264920997255],[-120.51091537345238,34.49026586631953],[-120.51092073374078,34.490268680108194],[-120.510929304846,34.49027336236287],[-120.51093575326426,34.49027619832878],[-120.51094005221002,34.490278088972566],[-120.51094435115598,34.49027997961618],[-120.51095188770427,34.490282837759025],[-120.51095836290878,34.490284772757484],[-120.51096807571612,34.490287675254585],[-120.51097131331873,34.49028864275344],[-120.5109788766533,34.49029059992835],[-120.5109886162465,34.49029260145753],[-120.51099511823702,34.490293635487795],[-120.51100162022773,34.490294669517716],[-120.51100488461525,34.490294736049364],[-120.51101356286459,34.49029581443305],[-120.51101462420968,34.49029673757652],[-120.51102439058862,34.49029783813656],[-120.51103309562251,34.49029801555252],[-120.51104832943201,34.490298326028956],[-120.5110570344661,34.49029850344321],[-120.51106685441312,34.490297802067126],[-120.5109913985156,34.4903088853835],[-120.51098152499813,34.49031138868609],[-120.51097714569613,34.49031220094264],[-120.51097056335068,34.490313869810315],[-120.51096727217787,34.490314704244035],[-120.5109573986591,34.490317207544585],[-120.51095081631293,34.49031887641117],[-120.51094311905219,34.49032142406591],[-120.51093871296442,34.490323137287334],[-120.51093430687649,34.49032485050861],[-120.51092769774426,34.490327420340165],[-120.51091885878223,34.490331747747966],[-120.51091333777863,34.4903343397567],[-120.51091113473417,34.490335196366864],[-120.51090561373013,34.49033778837523],[-120.51090229577048,34.49033952377337],[-120.51090118085546,34.49034040256149],[-120.51089693547834,34.49033670998376],[-120.51087570859849,34.49031824709306],[-120.51087040188,34.49031363136987],[-120.5108639802471,34.49030989443425],[-120.51085113698305,34.490302420562045],[-120.5108479261674,34.490300552093814],[-120.51084256587967,34.490297738301955],[-120.51084041640748,34.490296792978405],[-120.51083505612026,34.490293979186255],[-120.51082648501868,34.49028929692511],[-120.5108200366035,34.49028646095354],[-120.5108157376603,34.49028457030565],[-120.5108114387173,34.49028267965761],[-120.51080820111703,34.490281712154605],[-120.51080936960476,34.49027903143492],[-120.51081282149495,34.490272791208206],[-120.51081515846971,34.49026742976869],[-120.51081866393129,34.490259387609335],[-120.5108198324183,34.49025670688951],[-120.51082219617824,34.4902504444836],[-120.51082461351,34.49024238014517],[-120.51082586235478,34.49023699652658],[-120.51082711119939,34.49023161290798],[-120.51082719155752,34.490228910009286],[-120.51082849397393,34.490221724458195],[-120.51082960888805,34.490220845670684],[-120.51082971603208,34.49021724180576]]],[[[-120.51106685441312,34.490297802067126],[-120.51106796932591,34.490296923277384],[-120.5110712337137,34.490296989807284],[-120.5110712069302,34.49029789077367],[-120.51106685441312,34.490297802067126]]],[[[-120.50952748040548,34.49106065101082],[-120.50978317167394,34.49113978911785],[-120.50989014801883,34.49135021969182],[-120.50988582224828,34.49134922997544],[-120.50988149647785,34.49134824025891],[-120.50986955371417,34.49134709522712],[-120.50986193672088,34.49134693991155],[-120.50985323158574,34.49134676240747],[-120.50984561459256,34.49134660709088],[-120.50983361823411,34.4913472639864],[-120.50982923886873,34.491348076198804],[-120.5098215950776,34.49134882184609],[-120.50981395128636,34.4913495674929],[-120.5098095987188,34.49134947873922],[-120.50979866370355,34.49135105878505],[-120.5097920812556,34.491352727584356],[-120.50978441066546,34.491354374194636],[-120.50977674007504,34.49135602080442],[-120.50977344885072,34.4913568552035],[-120.50976357517735,34.491359358400224],[-120.50975699272814,34.49136102719757],[-120.50974929533793,34.49136357477091],[-120.50974488917221,34.49136528794553],[-120.50973827992333,34.49136785770715],[-120.50972944079189,34.4913721850207],[-120.50972280474294,34.491375655746744],[-120.50970953264346,34.49138259719768],[-120.50970289659293,34.491386067922555],[-120.50969732188479,34.4913904618018],[-120.50969397705963,34.49139309812921],[-120.50969174717606,34.49139485568075],[-120.50969065903368,34.491394833491235],[-120.50968508432433,34.49139922736987],[-120.50966836019278,34.49141240900404],[-120.50966278548108,34.491416802881545],[-120.50965827211171,34.491422119913835],[-120.50964924537116,34.49143275397785],[-120.50964473200001,34.491438071009554],[-120.50964247531422,34.49144072952534],[-120.50956375381429,34.49145174533434],[-120.50955388012436,34.4914542485133],[-120.50954950075122,34.491455060715296],[-120.50954291829082,34.491456729500555],[-120.50953962706052,34.49145756389306],[-120.50952975336929,34.491460067070015],[-120.50952317090818,34.49146173585417],[-120.5095154735023,34.49146428341202],[-120.50951106732691,34.49146599657774],[-120.50950666115133,34.49146770974329],[-120.50950005188764,34.491470279491296],[-120.50949121273382,34.491474606786525],[-120.50948569161244,34.491477198725065],[-120.50948348852414,34.491478055307375],[-120.5094779674023,34.49148064724554],[-120.50947464936867,34.491482382601326],[-120.50946137723281,34.49148932402352],[-120.50945474116409,34.49149279473404],[-120.50944916643616,34.491497188601016],[-120.50942686751866,34.49151476406607],[-120.50942129278783,34.49151915793161],[-120.50941677939774,34.49152447495399],[-120.50940886756233,34.491534230225206],[-120.50940584435419,34.49152605496327],[-120.50940382888241,34.49152060478862],[-120.50940075206984,34.491514231456705],[-120.50939868299325,34.49151058321209],[-120.50939661391683,34.491506934967454],[-120.50939351030252,34.491501462600446],[-120.5093882840073,34.49149414391875],[-120.50938515359117,34.49148957251662],[-120.50938411905346,34.4914877483942],[-120.50938629534012,34.49148779277879],[-120.50938955977013,34.49148785935561],[-120.50939611543285,34.49148709154392],[-120.50940267109547,34.49148632373188],[-120.5094125179905,34.4914847215306],[-120.50942018859858,34.491483074944554],[-120.50942347983089,34.49148224055538],[-120.50943335352741,34.491479737387294],[-120.50943993599148,34.491478068608096],[-120.50944763340063,34.491475521055186],[-120.50945203957771,34.49147380789183],[-120.50945644575458,34.49147209472833],[-120.5094630550196,34.49146952498273],[-120.50947189417423,34.49146519768959],[-120.50947741529518,34.491462605751664],[-120.5094796183831,34.49146174916945],[-120.50948513950361,34.49145915723115],[-120.5094884575361,34.491457421875005],[-120.50950172966466,34.49145048044952],[-120.50950836572814,34.49144700973619],[-120.50951394044961,34.4914426158662],[-120.50953623932962,34.49142504038343],[-120.50954181404816,34.49142064651204],[-120.50954632742462,34.491415329484376],[-120.50955535417572,34.49140469542844],[-120.50960048789625,34.49135152513702],[-120.50960274458075,34.49134886662192],[-120.50960614300736,34.49134442836658],[-120.50960728474958,34.49134264862638],[-120.50961068317567,34.491338210370884],[-120.50961633828496,34.49133111359991],[-120.50961976351022,34.491325774378886],[-120.5096220469935,34.49132221489813],[-120.50962433047656,34.491318655417324],[-120.50962778250079,34.49131241523078],[-120.5096301195833,34.491307053819334],[-120.5096336252065,34.49129901170207],[-120.50963479374741,34.49129633099629],[-120.5096371576289,34.4912900686194],[-120.50963957510973,34.491282004311934],[-120.50964082404974,34.4912766207103],[-120.50964207298958,34.49127123710861],[-120.5096421533891,34.49126853421282],[-120.50964345592828,34.49126134868059],[-120.5096445708687,34.49126046990519],[-120.5096459002073,34.491252383407634],[-120.50964611460547,34.49124517568549],[-120.50964648980207,34.49123256217171],[-120.50964670420004,34.49122535444953],[-120.50964585725761,34.49121722357224],[-120.50964479591732,34.49121630041715],[-120.50964392217537,34.49120907050512],[-120.50964400257462,34.491206367609315],[-120.50964307523327,34.49120093962783],[-120.50964214789202,34.49119551164635],[-120.50964021281052,34.49118735857918],[-120.50963822412977,34.491181007442535],[-120.50963721638962,34.49117828235685],[-120.50963419316948,34.49117010709973],[-120.50963217768968,34.49116465692827],[-120.50962910087075,34.491158283601585],[-120.50962703179177,34.491154635360616],[-120.50962496271296,34.4911509871196],[-120.50962185909508,34.49114551475804],[-120.50961663279953,34.49113819608583],[-120.50961350238263,34.49113362468934],[-120.50961246784374,34.49113180056875],[-120.5096093374273,34.49112722917218],[-120.50960724154983,34.491124481896186],[-120.50959885804131,34.49111349279189],[-120.50959466628784,34.491107998239556],[-120.50958935959619,34.4911033824621],[-120.50956813283541,34.49108491935014],[-120.50956282614666,34.491080303571614],[-120.50955640451986,34.49107656656761],[-120.50954356126795,34.49106909255861],[-120.50954035045534,34.49106722405618],[-120.50953499016771,34.49106441020701],[-120.5095328406926,34.49106346486032],[-120.50952748040548,34.49106065101082]]],[[[-120.50532992282055,34.49209194825075],[-120.50531773841732,34.492098911431334],[-120.50532004894885,34.49209445107816],[-120.50532010264313,34.49209264915382],[-120.50532119079092,34.492092671382636],[-120.50532992282055,34.49209194825075]]],[[[-120.5033379448053,34.48561084866214],[-120.50335500459417,34.48562291704955],[-120.5031595431718,34.485715382835195],[-120.50314882372444,34.485709754620046],[-120.50314561326336,34.485707885962995],[-120.50314025354047,34.485705071854966],[-120.50313810427856,34.48570412640401],[-120.50313274455617,34.48570131229566],[-120.50312417437398,34.48569662952953],[-120.50311772658969,34.48569379317575],[-120.5031134280671,34.485691902273075],[-120.50310912954467,34.48569001137023],[-120.50310159369863,34.485687152770716],[-120.50309511905125,34.48568521737741],[-120.50308755634146,34.48568325973866],[-120.503088751863,34.485679678137416],[-120.50308992051976,34.485676997497755],[-120.50309315784304,34.48567796519458],[-120.5030996593544,34.48567899962638],[-120.50310616086597,34.48568003405783],[-120.50310942505405,34.48568010079263],[-120.50311810269127,34.48568117971329],[-120.50311916388961,34.48568210291973],[-120.50312892958996,34.48568320408445],[-120.50313763409204,34.48568338204213],[-120.5031452505314,34.48568353775458],[-120.50315395503364,34.48568371571109],[-120.50316377446262,34.48568301494978],[-120.50316488938927,34.48568213623258],[-120.50316597745204,34.48568215847699],[-120.50317362075528,34.48568141322604],[-120.50317797300636,34.48568150220335],[-120.50318561630945,34.485680756951645],[-120.50318996856055,34.48568084592853],[-120.50320090291534,34.48567926644674],[-120.50320748501878,34.48567759798785],[-120.50321515518473,34.485675951772585],[-120.50321844623623,34.485675117542804],[-120.50322831939039,34.48567261485287],[-120.50323490149286,34.48567094639246],[-120.50324259852079,34.485668399213715],[-120.50325029554827,34.48566585203447],[-120.50325470152461,34.48566413908562],[-120.50326131048881,34.48566156966203],[-120.50327014930316,34.48565724280161],[-120.50327678512902,34.485653772415404],[-120.50328342095436,34.485650302028816],[-120.50329005677915,34.485646831641844],[-120.5032966926034,34.4856433612545],[-120.50330335528948,34.48563898990501],[-120.50330892991258,34.48563459631202],[-120.50332565377842,34.48562141553135],[-120.50333122839918,34.48561702193722],[-120.50333682988133,34.485611727381055],[-120.5033379448053,34.48561084866214]]],[[[-120.50784783528782,34.48753663454357],[-120.50784465146188,34.48753386503848],[-120.5078393450858,34.48752924919647],[-120.50783292380419,34.48752551211495],[-120.50781365996282,34.487514300868476],[-120.50780723868354,34.48751056378569],[-120.5077986680401,34.48750588132967],[-120.5077922199462,34.48750304521069],[-120.5077879212172,34.487501154464525],[-120.50778038503387,34.487498296140664],[-120.50777284885106,34.48749543781637],[-120.5077663739427,34.48749350266063],[-120.50775666158073,34.4874905999264],[-120.50775342412689,34.487489632348165],[-120.50774586112945,34.48748767498678],[-120.50773612195243,34.4874856732155],[-120.50772962022917,34.48748463902239],[-120.50772311850605,34.48748360482893],[-120.50771985423623,34.48748353821433],[-120.50771117633353,34.487482459610476],[-120.50771011506042,34.48748153644102],[-120.50770034906822,34.48748043563143],[-120.50769164434918,34.4874802579907],[-120.50767532300114,34.48747992491265],[-120.50766770637216,34.487479769475485],[-120.50765571056647,34.48748042618057],[-120.50765133138964,34.48748123832315],[-120.50764368794314,34.48748198384893],[-120.50763933558369,34.48748189502662],[-120.50762840104983,34.487483474899044],[-120.50762290696498,34.48748516579931],[-120.5076218188751,34.48748514359357],[-120.50761964269533,34.48748509918203],[-120.50761414861024,34.48748679008191],[-120.50761197243045,34.48748674567024],[-120.50747820633771,34.48751827312999],[-120.5072507041854,34.48729726698456],[-120.50725396844683,34.48729733361138],[-120.50726490296111,34.48729575377171],[-120.50727148512658,34.487294085096046],[-120.50727915537891,34.48729243862874],[-120.50728244646143,34.48729160429056],[-120.50729231970864,34.487289101275465],[-120.50729890187314,34.48728743259828],[-120.50730659894539,34.48728488516495],[-120.50731429601717,34.48728233773109],[-120.5073187020068,34.487280624636014],[-120.50732310799629,34.48727891154077],[-120.50732971698017,34.48727634189761],[-120.5073330348823,34.48727460659374],[-120.507340758773,34.48727115819388],[-120.5073484826631,34.487267709793485],[-120.50735623337299,34.487263360428294],[-120.5073606661812,34.48726074636733],[-120.50736732880313,34.48725637479342],[-120.50746319152701,34.48732774771994],[-120.50746852468852,34.487331462612616],[-120.50747600720693,34.48733612288339],[-120.50747815656341,34.48733706826169],[-120.50748457781408,34.48734080536066],[-120.50749099906534,34.48734454245933],[-120.50749420969117,34.48734641100855],[-120.50749956967424,34.487349224935606],[-120.50750171903132,34.487350170313505],[-120.50750922837219,34.48735392961801],[-120.50751243899883,34.487355798166774],[-120.50752103642886,34.48735957967726],[-120.50752966067832,34.487362460222776],[-120.50753828492843,34.48736534076771],[-120.50754367173273,34.48736725372855],[-120.50755123471396,34.487369211101814],[-120.50755879769555,34.48737116847463],[-120.50756636067753,34.48737312584698],[-120.50757392365988,34.48737508321888],[-120.50758475090794,34.487377107208445],[-120.50759234070914,34.48737816361481],[-120.50760428286452,34.487379308844204],[-120.50762822081168,34.48737979737061],[-120.50763692551986,34.487379975015415],[-120.50764674513408,34.4873792739006],[-120.50764786004,34.487378395141604],[-120.50765659156546,34.487377671820525],[-120.50765985583102,34.48737773843665],[-120.50766423500231,34.48737692629351],[-120.50766526945642,34.48737875042777],[-120.50767049536199,34.48738606917007],[-120.50767362554232,34.48739064060825],[-120.5076746599968,34.487392464742456],[-120.5076777901776,34.487397036180546],[-120.50767988590398,34.48739978348441],[-120.50768826881092,34.48741077269952],[-120.50769246026519,34.4874162673069],[-120.50769776662601,34.4874208831547],[-120.5077189920751,34.48743934654382],[-120.50772429843882,34.48744396239059],[-120.50773071970922,34.48744769947739],[-120.50774356225173,34.48745517365006],[-120.50774677288771,34.48745704219302],[-120.50775213288681,34.48745985610962],[-120.5077542822498,34.487460801483294],[-120.50775964224941,34.487463615399584],[-120.50776821288632,34.48746829785809],[-120.50777466097671,34.487471133978204],[-120.50777895970388,34.487473024724764],[-120.50778325843129,34.48747491547117],[-120.50779079461266,34.48747777379479],[-120.50779726952048,34.487479708949195],[-120.50780698188284,34.4874826116802],[-120.5078102193371,34.48748357925704],[-120.50781778233595,34.48748553661447],[-120.50782752151531,34.487487538379334],[-120.50783402324036,34.487488572567294],[-120.50784052496559,34.487489606754906],[-120.50784378923595,34.48748967336629],[-120.50785246714169,34.48749075196082],[-120.50785352841656,34.48749167512912],[-120.50786329441286,34.48749277592659],[-120.50787199913435,34.487492953555154],[-120.50788179194613,34.48749315338656],[-120.50787948169068,34.48749761380269],[-120.50787703735975,34.48750657904182],[-120.50787693009954,34.487510182900245],[-120.50787565430363,34.487516467448984],[-120.5078744589528,34.48752004910387],[-120.50787307589607,34.487529937510956],[-120.50787288819025,34.487536244263154],[-120.50787253959356,34.48754795680295],[-120.50786717958462,34.48754514289124],[-120.50786073148524,34.48754230677568],[-120.5078542833863,34.48753947065979],[-120.50784998465393,34.487537579915674],[-120.50784783528782,34.48753663454357]]],[[[-120.50685220788809,34.4872611857647],[-120.50667743466977,34.48739013996604],[-120.50667634658191,34.487390117751914],[-120.50666875679481,34.48738906128905],[-120.5066676955349,34.48738813811106],[-120.5066579295725,34.48738703721912],[-120.50665684148468,34.48738701500483],[-120.50659691006037,34.48724245110773],[-120.50659595611728,34.48723792407415],[-120.50659394091707,34.487232473862036],[-120.50659195254572,34.487226122686124],[-120.50658890291764,34.48721884833163],[-120.50658476520461,34.48721155176224],[-120.50658060066358,34.4872051561565],[-120.50657643612317,34.48719876055063],[-120.50657330601106,34.48719418908709],[-120.5065722447546,34.48719326590841],[-120.50657227158335,34.48719236494465],[-120.50657020272808,34.48718871665973],[-120.5065660113604,34.487183222017315],[-120.5065618468221,34.48717682641103],[-120.50655762862664,34.48717223273212],[-120.50655126109083,34.487166693659134],[-120.50652897472217,34.48714730690133],[-120.50652366844545,34.48714269100608],[-120.5065204578504,34.48714082243256],[-120.50652481018842,34.48714091129395],[-120.50653242677997,34.48714106680102],[-120.50654442253865,34.48714041020458],[-120.50654880170568,34.48713959810138],[-120.50655644512614,34.48713885264319],[-120.50656408854647,34.487138107184514],[-120.50657173196672,34.48713736172536],[-120.50658049029995,34.487135737516795],[-120.50658707246396,34.48713406887806],[-120.50658816054843,34.487134091092834],[-120.50659474271217,34.487132422453655],[-120.50660023679123,34.48713073159947],[-120.50660020996284,34.48713163256326],[-120.50660227881819,34.487135280847696],[-120.50660538210158,34.487140753274296],[-120.50661060789801,34.48714807205756],[-120.50661373801064,34.48715264352019],[-120.50661477243882,34.48715446766231],[-120.50661790255192,34.48715903912484],[-120.50661999823691,34.487161786445235],[-120.50662838097814,34.48717277572648],[-120.50663257234959,34.48717827036691],[-120.50663787863476,34.48718288625776],[-120.5066591037813,34.4872013498191],[-120.5066644100694,34.487205965708924],[-120.50667083127132,34.487209702848766],[-120.5066900948806,34.487220914266445],[-120.50669651608487,34.48722465140506],[-120.50670508663391,34.48722933393474],[-120.50671153466682,34.487232170108754],[-120.5067158333557,34.48723406089125],[-120.50672336947527,34.487236919278345],[-120.50673090559539,34.48723977766499],[-120.50674061788806,34.48724268047815],[-120.50674709275022,34.48724461568651],[-120.50675141826748,34.487245605503944],[-120.50675789313014,34.48724754071174],[-120.50676221864772,34.4872485305288],[-120.5067633067338,34.487248552742074],[-120.5067643948199,34.487248574955345],[-120.506765482906,34.487248597168595],[-120.50677086968315,34.48725051016248],[-120.5067730458554,34.48725055458886],[-120.50677737137333,34.487251544405396],[-120.50677845945948,34.48725156661853],[-120.50678278497755,34.48725255643488],[-120.50678928666807,34.48725359067718],[-120.50679361218637,34.48725458049316],[-120.50685220788809,34.4872611857647]]],[[[-120.50618377822242,34.487003228839676],[-120.50565092098329,34.486799423483646],[-120.50571368069828,34.48681242491861],[-120.50571474194024,34.48681334810419],[-120.50572015550058,34.486814360179096],[-120.50572450781897,34.48681444906826],[-120.50573209753877,34.48681550558717],[-120.50573644985727,34.486815594475914],[-120.50574403957735,34.48681665099409],[-120.50574512765701,34.48681667321619],[-120.50574618889938,34.48681759640151],[-120.50575595477918,34.4868186973631],[-120.50576465941667,34.48681887513874],[-120.50577227597452,34.48681903069193],[-120.50578098061214,34.48681920846642],[-120.50579080016634,34.486818507498704],[-120.50579191508284,34.486817628757116],[-120.50580064655712,34.48681690556692],[-120.50580391079622,34.48681697223165],[-120.50581046611101,34.48681620459759],[-120.50581375718663,34.48681537029877],[-120.50581587967295,34.48681721666831],[-120.5058233888852,34.48682097607149],[-120.5058298100183,34.48682471325289],[-120.5058351967448,34.486826626286096],[-120.50584055663523,34.48682944028235],[-120.50618377822242,34.487003228839676]]],[[[-120.5076984186748,34.4863381807608],[-120.50769422726964,34.48633268615508],[-120.50769003586504,34.48632719154923],[-120.5076847295702,34.48632257570337],[-120.50767093320638,34.48631057450315],[-120.50770166745495,34.486302186583195],[-120.5076984186748,34.4863381807608]]],[[[-120.50718068206767,34.48657733292637],[-120.5071817433238,34.48657825609981],[-120.50719012608766,34.48658924534408],[-120.50719431747041,34.48659473996604],[-120.50719962375314,34.48659935583261],[-120.50722084888993,34.48661781929681],[-120.50722297140413,34.48661966564305],[-120.5071483499772,34.486602816819286],[-120.50715392447694,34.48659842304532],[-120.50717622247015,34.48658084794665],[-120.50718068206767,34.48657733292637]]],[[[-120.508635707346,34.48714702905726],[-120.50864539289732,34.48715083268647],[-120.5086354124741,34.48715693967424],[-120.5086354660872,34.48715513774388],[-120.50863565373295,34.487148830987636],[-120.508635707346,34.48714702905726]]],[[[-120.50898135462012,34.49324108692838],[-120.50904378219454,34.49322883766608],[-120.50903560206014,34.493247602547335],[-120.50898135462012,34.49324108692838]]],[[[-120.50880723703511,34.49327449704328],[-120.5088006007952,34.49327796771001],[-120.50879396455478,34.493281438376336],[-120.50878730150274,34.493285810006654],[-120.50878172661629,34.49329020383527],[-120.50876500195338,34.493303385319415],[-120.50875942706456,34.4933077791469],[-120.50875491353025,34.493313096137385],[-120.5087458864599,34.49332373011779],[-120.50874137292385,34.493329047107665],[-120.50873914296722,34.49333080463821],[-120.50873348764019,34.49333790135735],[-120.50873006226944,34.4933432405459],[-120.50872435331719,34.49335213919319],[-120.50872206973595,34.493355698652024],[-120.50871861755182,34.49336193880448],[-120.50871628034628,34.493367300191814],[-120.50871391632847,34.49337356254339],[-120.50869481193598,34.49335694559642],[-120.50868950516164,34.49335232977733],[-120.50868308340874,34.493348592722754],[-120.5086702399047,34.49334111861264],[-120.50866702902906,34.49333925008492],[-120.5086616686325,34.4933364361933],[-120.50865951911149,34.493335490829445],[-120.50865415871542,34.49333267693751],[-120.50864558744502,34.493327994517124],[-120.50863913888334,34.49332515842466],[-120.50863483984249,34.49332326769615],[-120.50863054080183,34.49332137696753],[-120.50862300407474,34.49331851867421],[-120.50861652870171,34.49331658354486],[-120.50860681564276,34.493313680850214],[-120.50860357795662,34.493312713285185],[-120.50880723703511,34.49327449704328]]],[[[-120.50973307164212,34.48795552860687],[-120.50973198354438,34.48795550641964],[-120.50972434006461,34.4879562520746],[-120.5097188727802,34.48795704210378],[-120.50971340549573,34.487957832132736],[-120.50971122930022,34.487957787757914],[-120.50970573521981,34.48795947875231],[-120.50970464712202,34.48795945656483],[-120.50970355902427,34.48795943437735],[-120.50970247092648,34.48795941218986],[-120.50969809173952,34.48796022440561],[-120.50969150956092,34.48796189321179],[-120.50968713037373,34.48796270542711],[-120.50968054819475,34.4879643742327],[-120.50967067492581,34.487966877440385],[-120.50966297785209,34.48796942502296],[-120.50965528077789,34.487971972605045],[-120.50965087479348,34.48797368578478],[-120.50964426581649,34.48797625555409],[-120.50963542704999,34.48798058287832],[-120.50962879127536,34.48798405361248],[-120.50960888394822,34.48799446581264],[-120.50960224817142,34.48799793654525],[-120.50959558559705,34.488002308243196],[-120.50959001112025,34.48800670212927],[-120.50958443664288,34.48801109601505],[-120.50958332174734,34.48801197479218],[-120.509582233649,34.488011952603586],[-120.50957358245687,34.48800997316313],[-120.50956599256605,34.48800891687649],[-120.5095584026755,34.488007860589406],[-120.50955081278514,34.488006804301854],[-120.50954648718971,34.48800581458062],[-120.50953454490687,34.488004669536345],[-120.50952692821939,34.488004514213],[-120.50951060674643,34.48800418137567],[-120.50950190196096,34.488004003861526],[-120.50949208227921,34.488004705123025],[-120.50948226259736,34.488005406383735],[-120.50947570720992,34.488006174212295],[-120.50946803692578,34.48800782081653],[-120.50946365773449,34.48800863302364],[-120.50925252917028,34.488042190791155],[-120.50923000071508,34.48803091318103],[-120.50923114241542,34.48802913344185],[-120.50923568241527,34.488022915450465],[-120.50923793901447,34.48802025693741],[-120.50924250581416,34.48801313798026],[-120.50924598451508,34.48800599683128],[-120.50924946321537,34.4879988556822],[-120.50925177341495,34.48799439523789],[-120.50925413721573,34.48798813286256],[-120.50925650101611,34.487981870487175],[-120.50925891841746,34.48797380618075],[-120.50926016731887,34.48796842257925],[-120.50926141622013,34.48796303897775],[-120.50926149662197,34.48796033608129],[-120.50926279912417,34.48795315054877],[-120.50926391402207,34.48795227177468],[-120.50926524332445,34.48794418527662],[-120.50926545772887,34.48793697755266],[-120.50926564533269,34.48793067079417],[-120.50926585973696,34.48792346307019],[-120.50926501284486,34.487915332189345],[-120.50926392474803,34.487915309997966],[-120.50926395154858,34.48791440903246],[-120.50926397834913,34.48791350806697],[-120.50926307785616,34.4879071791171],[-120.5092631850583,34.4879035752551],[-120.50926228456547,34.487897246305224],[-120.50926138407273,34.48789091735534],[-120.50926048358009,34.48788458840545],[-120.50925852179178,34.48787733629865],[-120.50925650640262,34.48787188612284],[-120.50925449101369,34.48786643594699],[-120.50922831778055,34.48779468269312],[-120.50926722120586,34.48780449124051],[-120.50927807535959,34.48780561411838],[-120.50928566522732,34.48780667042198],[-120.50929216699984,34.48780770453406],[-120.509299756868,34.487808760836806],[-120.5093040824499,34.487809750566264],[-120.50931602470052,34.48781089563177],[-120.50932364136919,34.48781105096751],[-120.5093312580379,34.48781120630276],[-120.50933996280222,34.48781138382818],[-120.50934978246167,34.48781068257799],[-120.50935089735673,34.487809803802946],[-120.50935198545224,34.487809825993494],[-120.50935962892041,34.487809080361394],[-120.50936398130256,34.48780916912316],[-120.5093716247706,34.48780842349032],[-120.50937597715274,34.487808512251675],[-120.50938691170639,34.48780693222316],[-120.50939349387762,34.487805263433096],[-120.50940116414414,34.487803616832764],[-120.50940445522953,34.48780278243738],[-120.5094143284854,34.48780027925068],[-120.50942091065566,34.48779861045909],[-120.50942860771977,34.487796062891334],[-120.50943301369865,34.487794349719366],[-120.50943741967737,34.48779263654722],[-120.50944402864515,34.4877900667887],[-120.50945063761252,34.487787497029785],[-120.5094594763667,34.487783169718355],[-120.50946170615381,34.48778141216614],[-120.50946834191822,34.48777794144057],[-120.50948161344539,34.48777099998826],[-120.50948824920819,34.48776752926153],[-120.50949254799269,34.487769419949984],[-120.5095011187645,34.487774102292136],[-120.50950756694232,34.48777693832413],[-120.50951186572779,34.487778829011944],[-120.50951616451346,34.487780719699614],[-120.5095237007877,34.487783577919856],[-120.50953017576461,34.487785512985006],[-120.50953665074188,34.487787448049836],[-120.50954312571945,34.48778938311432],[-120.50954960069733,34.48779131817848],[-120.50955825186651,34.48779329761971],[-120.50956584173778,34.487794353906],[-120.50957343160928,34.48779541019182],[-120.50958102148101,34.48779646647718],[-120.50958534706625,34.48779745619677],[-120.50959728932071,34.48779860123486],[-120.50960490598987,34.487798756553005],[-120.50962884409336,34.48779924469268],[-120.50964083994168,34.487798587795],[-120.50964848340739,34.487797842144644],[-120.50965395068175,34.48779705211817],[-120.50965941795602,34.487796262091436],[-120.50966159414725,34.487796306467004],[-120.50966708821751,34.48779461547414],[-120.5096681763131,34.48779463766185],[-120.5096692644087,34.48779465984954],[-120.50967035250432,34.48779468203725],[-120.50967473168274,34.48779386982212],[-120.50968131384818,34.487792201016234],[-120.50968569302637,34.487791388800716],[-120.50969227519145,34.48778971999422],[-120.50969447817835,34.48778886340337],[-120.50969872337755,34.48779255601644],[-120.50970514476846,34.487796293004145],[-120.5097072941641,34.4877972383447],[-120.5097788300361,34.48784467413535],[-120.50977089182147,34.48785533041813],[-120.50976860844828,34.48785888990787],[-120.50976858165323,34.48785979087373],[-120.50976518338815,34.487864229142374],[-120.50976064343578,34.48787044715569],[-120.50975610348269,34.487876665168805],[-120.50975265162573,34.48788290536872],[-120.50975031466041,34.48788826678971],[-120.50974680921183,34.48789630892108],[-120.50974564072881,34.487898989631496],[-120.50974327696717,34.48790525201813],[-120.50974094000054,34.48791061343888],[-120.50973849585182,34.487919578722845],[-120.50973838867003,34.48792318258614],[-120.50973711300446,34.48792946715974],[-120.50973583733865,34.48793575173329],[-120.50973464205916,34.48793933340937],[-120.50973325921088,34.487949221846165],[-120.50973307164212,34.48795552860687]]],[[[-120.50928108715073,34.48675270933107],[-120.5091241997387,34.48671975973254],[-120.50912534142154,34.48671797999332],[-120.50912762478711,34.48671442051486],[-120.50912990815249,34.486710861036336],[-120.50913336000089,34.48670462085286],[-120.50913569696716,34.48669925944303],[-120.50913920241594,34.48669121732815],[-120.50914037089872,34.48668853662316],[-120.50914273466462,34.48668227424755],[-120.50914515203132,34.48667420994065],[-120.5091464009153,34.48666882633878],[-120.50914764979912,34.48666344273687],[-120.50914773020075,34.48666073984007],[-120.50914903268534,34.486653554306926],[-120.50915014756619,34.48665267553301],[-120.5091514768509,34.486644589034206],[-120.50915169125471,34.48663738130932],[-120.5091520664612,34.48662476779077],[-120.5091522808648,34.48661756006587],[-120.50915143398899,34.4866094291837],[-120.50915037270964,34.486608506026435],[-120.50914949903358,34.48660127610987],[-120.50914957943496,34.48659857321304],[-120.50914963303588,34.48659677128181],[-120.50932062781126,34.48666787206203],[-120.50928108715073,34.48675270933107]]],[[[-120.50966449684573,34.487296026369364],[-120.50950213040382,34.487300829021976],[-120.50949448698307,34.48730157466511],[-120.5094890197403,34.48730236468585],[-120.50948793165125,34.487302342496825],[-120.50947315396506,34.487286715431885],[-120.50962776407258,34.48721323972259],[-120.50962871818099,34.4872177667396],[-120.50962964549356,34.48722319472243],[-120.50963158050678,34.487231347790555],[-120.50963356911208,34.48723769892694],[-120.50963555771766,34.48724405006329],[-120.50963656541848,34.48724677514854],[-120.50963958852132,34.48725495040424],[-120.50964160392351,34.48726040057466],[-120.50964468061886,34.487266773898554],[-120.50964674961318,34.4872704221372],[-120.50964985310502,34.48727589449512],[-120.50965507918367,34.48728321315979],[-120.50966346234785,34.48729420225017],[-120.50966449684573,34.487296026369364]]],[[[-120.51005628161354,34.48818028466758],[-120.51004059272883,34.48819529050593],[-120.51003961179764,34.488191664457354],[-120.51003871124396,34.488185335510785],[-120.5100388184139,34.488181731646826],[-120.51003786427539,34.48817720463226],[-120.51005628161354,34.48818028466758]]],[[[-120.51201096573557,34.491392544216424],[-120.51198510630546,34.49152994876419],[-120.511252292257,34.49156820591152],[-120.51016774327984,34.49083931333815],[-120.51017321075132,34.490838523297164],[-120.51017432568057,34.49083764451638],[-120.51017541381611,34.490837666701275],[-120.51018305755849,34.49083692102962],[-120.51018741010066,34.490837009768846],[-120.51019505384293,34.49083626409642],[-120.5101994063851,34.490836352835224],[-120.51021034132715,34.49083477275012],[-120.51021692372682,34.49083310392599],[-120.51022459426171,34.49083145728596],[-120.51023226479633,34.49082981064543],[-120.51023555599582,34.49082897623281],[-120.51024213839456,34.490827307407294],[-120.51024872079307,34.4908256385814],[-120.51025641811957,34.490823090973564],[-120.51026082424671,34.49082137777865],[-120.51026743343711,34.49081880798595],[-120.51027404262712,34.490816238192885],[-120.51028288167235,34.49081191083577],[-120.51028511152785,34.49081015327205],[-120.51030501946987,34.4907997409913],[-120.51031165544947,34.490796270230284],[-120.51031723008555,34.490791876319484],[-120.51033395399028,34.490778694585366],[-120.51033952862402,34.49077430067343],[-120.51033955541587,34.49077339970762],[-120.51034067034254,34.4907725209252],[-120.51034513004896,34.490769005795386],[-120.51034735990203,34.49076724823042],[-120.51035184639959,34.49076283213452],[-120.51035750140622,34.49075573532417],[-120.51036089976803,34.49075129704466],[-120.5103642981295,34.49074685876503],[-120.51036543984708,34.49074507901651],[-120.5103699799254,34.490738860988166],[-120.5103722365686,34.49073620245684],[-120.51037337828585,34.490734422708236],[-120.51043941026623,34.490637504027745],[-120.51044477056033,34.49064031783751],[-120.51045761383533,34.490647791752764],[-120.51052183024541,34.490685161310154],[-120.51052504106745,34.490687029787196],[-120.51053040136775,34.490689843593444],[-120.5105325508459,34.490690788922684],[-120.5105379111467,34.49069360272861],[-120.51054648227083,34.49069828501083],[-120.51055293070667,34.490701120997656],[-120.51055722966416,34.49070301165536],[-120.51056152862184,34.49070490231292],[-120.51056906519293,34.490707760480305],[-120.51057554041954,34.49070969550001],[-120.5105852532601,34.49071259802894],[-120.51058849087377,34.49071356553842],[-120.51059605423566,34.49071552273821],[-120.51060579386659,34.49071752429956],[-120.51061229588379,34.490718558351375],[-120.51061879790116,34.49071959240285],[-120.5106220623043,34.490719658945444],[-120.51063074059068,34.49072073735798],[-120.51063180193647,34.49072166050477],[-120.51063721581995,34.49072267237451],[-120.51063047270412,34.49072974701818],[-120.5106259594338,34.490735064091076],[-120.5106237027984,34.49073772262746],[-120.51062030445065,34.49074216091494],[-120.5106191627384,34.490743940666064],[-120.51061462267769,34.490750158704465],[-120.51061236604153,34.49075281724059],[-120.51060779919086,34.49075993624471],[-120.51060432047437,34.49076707742963],[-120.51060084175727,34.490774218614426],[-120.51059853154189,34.49077867908223],[-120.51059616774805,34.49078494148195],[-120.51059380395384,34.4907912038816],[-120.51059146694838,34.4907965653152],[-120.5105890227859,34.490805530612654],[-120.51058891562914,34.490809134476585],[-120.51058763996919,34.490815419057235],[-120.51058753281237,34.49081902292114],[-120.51058625715211,34.49082530750176],[-120.51058623036286,34.490826208467745],[-120.51058511543788,34.49082708725248],[-120.51058378619877,34.49083517376499],[-120.51058357188454,34.490842381492776],[-120.51058338435955,34.490848688254566],[-120.5105831968345,34.49085499501635],[-120.5105839902884,34.4908649278233],[-120.51058497126749,34.49086855386844],[-120.51058587187877,34.49087488281148],[-120.51058677249019,34.49088121175452],[-120.51058767310167,34.49088754069756],[-120.51058963506064,34.49089479278779],[-120.5105916505984,34.49090024294607],[-120.51059162380915,34.490901143912026],[-120.51059363934718,34.490906594070275],[-120.51059562809621,34.490912945194474],[-120.51059761684553,34.49091929631864],[-120.51063846344464,34.491010280157376],[-120.5106415671262,34.491015752495855],[-120.51064467080813,34.49102122483427],[-120.51064777449045,34.491026697172614],[-120.51065300087264,34.49103401580441],[-120.51065613134463,34.49103858717659],[-120.51065716590581,34.4910404112893],[-120.51066029637826,34.49104498266139],[-120.51066239228962,34.49104772992073],[-120.5106707759364,34.49105871895785],[-120.51067496776061,34.49106421347621],[-120.51068027451278,34.49106882920898],[-120.51070150152735,34.491087292138005],[-120.51070680828245,34.49109190786973],[-120.51071320317747,34.4910965457815],[-120.51071747537061,34.49109933740052],[-120.51072495840626,34.49110399749193],[-120.5107324682307,34.4911077566169],[-120.51073997805584,34.49111151574142],[-120.51074321568672,34.491112483247484],[-120.5107485760213,34.49111529704547],[-120.51074963737315,34.49111622019145],[-120.51075178686467,34.49111716551735],[-120.51075393635625,34.49111811084322],[-120.51075502449591,34.49111813302312],[-120.51076253432305,34.49112189214633],[-120.51077115907819,34.49112477248281],[-120.510779783834,34.491127652818705],[-120.51078517095823,34.491129565649096],[-120.51079273436251,34.491131522838415],[-120.51080029776713,34.49113348002728],[-120.5108067730322,34.49113541503624],[-120.51081760085745,34.49113743876234],[-120.51082195341732,34.49113752747964],[-120.51082954361023,34.491138583700646],[-120.51083713380332,34.49113963992117],[-120.5108414595766,34.49114062960388],[-120.5108534023303,34.49114177453989],[-120.51086101931068,34.49114192979286],[-120.51086972443122,34.49114210722423],[-120.51087734141173,34.49114226247617],[-120.51088933773894,34.49114160547642],[-120.51089371708552,34.49114079322504],[-120.5109013608522,34.49114004750935],[-120.51090571341248,34.49114013622367],[-120.5109166483853,34.49113855607649],[-120.51092323079753,34.49113688721477],[-120.51093090134958,34.49113524053103],[-120.51093857190132,34.49113359384679],[-120.51094186310709,34.49113275941536],[-120.51095173672405,34.49113025612056],[-120.51095831913506,34.49112858725688],[-120.51096601647122,34.49112603960468],[-120.5109704226018,34.491124326384266],[-120.51097482873219,34.491122613163704],[-120.51110701256414,34.49107121646886],[-120.51111362175166,34.49106864663017],[-120.51111693973716,34.491066911227534],[-120.51112466384703,34.49106346259853],[-120.51113238795625,34.49106001396901],[-120.51114013884838,34.49105566437265],[-120.51114459853892,34.49105214921298],[-120.5111457134615,34.49105127042304],[-120.51115014636817,34.49104865622948],[-120.51115566741362,34.49104606421203],[-120.5111623301643,34.49104169243786],[-120.5111679047753,34.49103729848713],[-120.51117347938576,34.49103290453611],[-120.51117908077867,34.49102760961846],[-120.51117910756174,34.49102670865211],[-120.51118133740545,34.49102495107151],[-120.51118468217088,34.49102231470052],[-120.51119137170109,34.491017041958244],[-120.51119585817027,34.49101262583014],[-120.51120039820462,34.491006407769085],[-120.51120491145554,34.49100109067423],[-120.51120722164622,34.49099663019396],[-120.51120947827124,34.490993971646404],[-120.51121513322448,34.49098687479409],[-120.51122084174189,34.4909779760087],[-120.5112231251485,34.490974416494446],[-120.51122657704053,34.49096817625657],[-120.51122891401153,34.49096281480939],[-120.51123241946742,34.4909547726385],[-120.51123358795256,34.49095209191485],[-120.51123595170498,34.49094582950109],[-120.51123828867468,34.49094046805364],[-120.51124073277326,34.49093150274052],[-120.51124083990246,34.490927898874894],[-120.51124339112938,34.490915329696],[-120.51124458639578,34.49091174800578],[-120.51124596913763,34.490901859550604],[-120.51124615661311,34.49089555278568],[-120.51124637087074,34.49088834505433],[-120.5112465583461,34.49088203828938],[-120.51124770004745,34.490880258531924],[-120.51124995666785,34.490877599983385],[-120.51125335498926,34.49087316167726],[-120.51125449669036,34.49087138191971],[-120.51125789501125,34.49086694361343],[-120.51126354995128,34.4908598467582],[-120.51126697505316,34.49085450748519],[-120.51126925845415,34.49085094796977],[-120.51127154185494,34.49084738845431],[-120.5112749937376,34.490841148214564],[-120.5112773307015,34.49083578676607],[-120.51128083614674,34.49082774459322],[-120.51128200462833,34.4908250638689],[-120.51128436837298,34.49081880145375],[-120.51128678568065,34.49081073710563],[-120.51128803450679,34.49080535348185],[-120.51128928333273,34.49079996985805],[-120.51128936367766,34.490797266958666],[-120.51129066606664,34.49079008140191],[-120.51129178098411,34.490789202610365],[-120.51129311015427,34.49078111608709],[-120.51129332440695,34.490773908355365],[-120.51129369934894,34.49076129482478],[-120.51129391360139,34.490754087093016],[-120.51129306650004,34.49074595621987],[-120.51129423497996,34.49074327549533],[-120.5112965183765,34.49073971597918],[-120.51129997025238,34.49073347573836],[-120.51130230721125,34.4907281142891],[-120.51130581264897,34.4907200721151],[-120.51130698112806,34.4907173913904],[-120.51130934486734,34.49071112897447],[-120.51131176216884,34.490703064625485],[-120.51131301099134,34.490697681001215],[-120.51131425981364,34.490692297376945],[-120.51131434015747,34.49068959447745],[-120.51131564254203,34.490682408920144],[-120.51131675745775,34.49068153012829],[-120.51131808662318,34.49067344360444],[-120.51131830087282,34.490666235872425],[-120.51131867580956,34.4906536223414],[-120.51132286765908,34.490659116838806],[-120.51132703272805,34.49066551230259],[-120.51133228593197,34.49067192994077],[-120.51133544321092,34.49067560033028],[-120.51134600318393,34.490686633672766],[-120.51135130995235,34.490691249377186],[-120.51136723026106,34.490705096489194],[-120.51137253703182,34.490709712192775],[-120.51137895871868,34.49071344910373],[-120.51139822378278,34.490724659834704],[-120.51140034649217,34.49072650611568],[-120.51140891767166,34.490731188339545],[-120.51141536614207,34.490734024282155],[-120.51142181461296,34.49073686022443],[-120.51142611359379,34.49073875085245],[-120.51143365020074,34.49074160896785],[-120.51144012545284,34.49074354394264],[-120.51144660070526,34.49074547891711],[-120.51144983833159,34.490746446404216],[-120.51145740171991,34.49074840355163],[-120.51146496510863,34.490750360698584],[-120.5114714403622,34.49075229567177],[-120.51148226815826,34.49075431933756],[-120.51148112646365,34.49075609909755],[-120.51147884307426,34.49075965861748],[-120.51147655968467,34.49076321813735],[-120.51147310782025,34.490769458383646],[-120.5114707708708,34.49077481983657],[-120.511467265446,34.49078286201583],[-120.51146609697092,34.49078554274222],[-120.51146373324072,34.490791805161535],[-120.51146131595057,34.49079986951395],[-120.51146006713559,34.49080525313999],[-120.5114588183204,34.490810636766014],[-120.5114587379809,34.49081333966574],[-120.51145743560576,34.49082052522488],[-120.51145632068949,34.49082140401798],[-120.5114549915341,34.49082949054364],[-120.5114547772949,34.490836698276205],[-120.5114544023761,34.49084931180818],[-120.51145418813668,34.490856519540706],[-120.5114550352542,34.49086465041331],[-120.51145609661125,34.49086557355339],[-120.5114569705089,34.490872803459425],[-120.51145689016913,34.49087550635913],[-120.51145781762676,34.490880934332026],[-120.51145874508447,34.49088636230492],[-120.5114606803399,34.49089451535098],[-120.5114626691554,34.490900866463896],[-120.51146367695323,34.490903591537055],[-120.511466700347,34.490911766756504],[-120.51146871594315,34.49091721690277],[-120.51147179289745,34.49092359018897],[-120.51147386205376,34.49092723840204],[-120.51147593121024,34.490930886615075],[-120.5114790349453,34.49093635893456],[-120.5114842613973,34.49094367753375],[-120.511487391913,34.49094824888649],[-120.51148842649174,34.490950072992916],[-120.5114915570079,34.49095464434557],[-120.51149365294536,34.49095739159176],[-120.51150203669665,34.49096838057625],[-120.5115062285731,34.490973875068306],[-120.51151153536799,34.49097849076673],[-120.51153276255347,34.49099695355835],[-120.51153806935129,34.491001569255744],[-120.51154449106765,34.4910053061591],[-120.51155733450217,34.491012779964905],[-120.51162155170984,34.491050148975],[-120.51162476257174,34.49105201742466],[-120.51163012293469,34.49105483118508],[-120.5116322724356,34.49105577649584],[-120.51163763279904,34.491058590255925],[-120.5116462040257,34.49106327246495],[-120.51165265252983,34.49106610839633],[-120.51165695153284,34.491067999017076],[-120.51166125053605,34.4910698896377],[-120.51166448817753,34.491070857119695],[-120.51166331970403,34.49107353784798],[-120.51165986783899,34.49107977809932],[-120.51165753089134,34.491085139555715],[-120.51165402546926,34.49109318174018],[-120.5116528569951,34.49109586246831],[-120.51165049326843,34.491102124891185],[-120.51164807598516,34.49111018924732],[-120.51164682717618,34.49111557287534],[-120.511645578367,34.49112095650334],[-120.5116454980326,34.49112365940331],[-120.51164419566686,34.4911308449646],[-120.51164308074812,34.49113172375927],[-120.5116417516038,34.49113981028716],[-120.51164153737821,34.49114701802038],[-120.51164116248317,34.4911596315535],[-120.51164094825735,34.491166839286684],[-120.51164179539434,34.491174970158546],[-120.51164285675725,34.49117589329723],[-120.51164373067269,34.49118312320243],[-120.51164365033803,34.491185826102374],[-120.51164457781002,34.49119125407427],[-120.5116455052821,34.491196682046166],[-120.51164744056118,34.49120483509001],[-120.51164942939695,34.49121118620051],[-120.51165043720405,34.49121391127243],[-120.51165346062567,34.49122208648814],[-120.51165547624036,34.491227536631925],[-120.51165855321912,34.49123390991425],[-120.5116606223906,34.49123755812465],[-120.51166269156225,34.49124120633504],[-120.51166579532004,34.491246678650555],[-120.51167102180655,34.49125399724295],[-120.51167415234329,34.491258568591626],[-120.51167518692964,34.49126039269674],[-120.51167831746682,34.49126496404532],[-120.51168041341776,34.4912677112888],[-120.51168879722292,34.49127870026234],[-120.51169298912627,34.49128419474895],[-120.5116982959506,34.49128881044033],[-120.51171952325375,34.491307273203816],[-120.511724830081,34.49131188889415],[-120.51173125182926,34.491315625788914],[-120.5117440953276,34.49132309957751],[-120.5118083128543,34.49136046850151],[-120.51181152373216,34.491362336946885],[-120.51181688412112,34.4913651507001],[-120.51181903363211,34.49136609600796],[-120.51182439402156,34.49136890976086],[-120.51183296529021,34.49137359195837],[-120.51183941382455,34.49137642788107],[-120.51184371284769,34.49137831849602],[-120.51184801187104,34.49138020911084],[-120.51185554855046,34.49138306720301],[-120.51186202386245,34.49138500215782],[-120.51187173683098,34.4913879045894],[-120.51187497448734,34.49138887206643],[-120.51188253794442,34.49139082919024],[-120.5118922776902,34.49139283065345],[-120.51189877977957,34.49139386463958],[-120.51190528186912,34.49139489862538],[-120.51190854630177,34.49139496513474],[-120.51191722468002,34.49139604345942],[-120.51191828604877,34.49139696659592],[-120.51192805257169,34.491398067089534],[-120.51193675772589,34.49139824444605],[-120.51195199174595,34.49139855481846],[-120.51196069690035,34.49139873217326],[-120.51197051697406,34.49139803072983],[-120.51197163189329,34.49139715193221],[-120.5119803638225,34.49139642831877],[-120.5119836282554,34.491396494826134],[-120.5119901838959,34.49139572687374],[-120.5119967395363,34.49139495892099],[-120.51200658638399,34.491393356507764],[-120.51201096573557,34.491392544216424]]],[[[-120.51233474632116,34.490499430741785],[-120.5123259877173,34.49050105535209],[-120.51232160841528,34.490501867656995],[-120.51231502607693,34.490503536597664],[-120.51231173490766,34.49050437106786],[-120.5123018613995,34.490506874477894],[-120.51229527906042,34.490508543417455],[-120.51228758181743,34.49051109115794],[-120.51228317574389,34.490512804428626],[-120.5122787696702,34.49051451769913],[-120.51227216055935,34.49051708760457],[-120.51226332164003,34.49052141511176],[-120.51225780066136,34.49052400718249],[-120.512255597624,34.49052486381729],[-120.51225007664488,34.49052745588767],[-120.51224675870306,34.49052919132322],[-120.51223680487671,34.49053439762922],[-120.51223699227505,34.490528090859144],[-120.51223720644448,34.49052088312193],[-120.51223635925197,34.490512752251206],[-120.51223529789013,34.49051182911769],[-120.51223442392669,34.49050459921408],[-120.51223450424024,34.490501896312615],[-120.51223357673452,34.49049646834333],[-120.51223264922888,34.490491040374025],[-120.5122307139043,34.49048288733685],[-120.51222872503763,34.49047653623398],[-120.51222771721878,34.4904738111661],[-120.51222469376256,34.49046563596245],[-120.51222267812543,34.49046018582665],[-120.51221960112754,34.490453812557185],[-120.51221753194831,34.490450164355615],[-120.51221546276928,34.490446516154],[-120.51221235900101,34.49044104385156],[-120.51220713251197,34.49043372528159],[-120.51220400197326,34.49042915394611],[-120.51220296738427,34.490427329845204],[-120.512199836846,34.490422758509624],[-120.51219774089685,34.49042001127491],[-120.51218935710158,34.49040902233575],[-120.51218516520476,34.49040352786597],[-120.5121798584053,34.49039891219642],[-120.51215863121335,34.49038044951609],[-120.5121533244168,34.49037583384549],[-120.51214690271775,34.49037209697472],[-120.5121340593214,34.490364623232225],[-120.51213084847267,34.490362754796415],[-120.51212548813437,34.490359941058905],[-120.51212333864471,34.49035899575727],[-120.51211797830693,34.49035618201944],[-120.51210940712174,34.490351499845055],[-120.51210295865414,34.490348663939216],[-120.51209865967598,34.49034677333514],[-120.51209436069804,34.49034488273092],[-120.51208682410082,34.49034202465673],[-120.51208034886209,34.490340089716824],[-120.51207063600458,34.49033718730636],[-120.51206739838558,34.49033621983603],[-120.51205983501724,34.49033426272731],[-120.51205009538825,34.4903322612823],[-120.51204359337815,34.490331227307564],[-120.51203709136826,34.490330193332476],[-120.51203382697679,34.49033012682835],[-120.5120251487062,34.49032904851649],[-120.51202408734899,34.49032812538131],[-120.51201432094835,34.49032702490056],[-120.51200561590495,34.49032684755437],[-120.51199038207916,34.49032653719705],[-120.51198167703595,34.490326359849156],[-120.51197185708861,34.490327061299034],[-120.51197074218439,34.49032794009742],[-120.51196201036721,34.49032866371511],[-120.51195874597602,34.49032859720896],[-120.51195219041955,34.49032936516339],[-120.51194563486298,34.49033013311747],[-120.51193578814086,34.49033173553139],[-120.51193470001044,34.49033171336245],[-120.51196177900273,34.4902998106026],[-120.51196403558447,34.49029715203894],[-120.51196743384374,34.49029271370989],[-120.51196857552135,34.49029093394452],[-120.51197197378012,34.49028649561532],[-120.51197762861932,34.490279398722066],[-120.5119810536508,34.490274059425545],[-120.51198333700485,34.49027049989447],[-120.51198562035871,34.49026694036335],[-120.5119890721627,34.49026070009952],[-120.51199140906314,34.490255338634206],[-120.51199491441322,34.490247296436124],[-120.51199608286305,34.490244615703396],[-120.51199844653601,34.490238353270875],[-120.51200086375543,34.49023028890421],[-120.51200211252507,34.490224905270296],[-120.51200336129452,34.490219521636355],[-120.51200344161467,34.49021681873524],[-120.51200474393062,34.4902096331672],[-120.51200585883286,34.4902087543684],[-120.51200718792175,34.490200667833264],[-120.51200740210835,34.490193460096926],[-120.51200777693468,34.490180846558296],[-120.51200799112107,34.49017363882192],[-120.51200714395232,34.49016550795029],[-120.51200608259731,34.49016458481504],[-120.51200520865548,34.49015735491044],[-120.5120052889754,34.490154652009295],[-120.51200436148709,34.49014922403878],[-120.51200343399887,34.49014379606826],[-120.51200149870276,34.49013564302836],[-120.51199950986029,34.49012929192253],[-120.51199850205249,34.49012656685313],[-120.51199545185607,34.49011929261192],[-120.5119965399838,34.49011931478021],[-120.51201177377199,34.49011962513514],[-120.51202047879389,34.49011980247996],[-120.51202265504938,34.490119846816064],[-120.5123562869133,34.490434059110186],[-120.51233474632116,34.490499430741785]]],[[[-120.51192841890042,34.48948055758891],[-120.51187637659032,34.489473186719096],[-120.51187712626209,34.48944795964136],[-120.51188349433207,34.48945349845737],[-120.51188880105768,34.489458114137165],[-120.51189522267676,34.48946185101849],[-120.51190806591674,34.489469324780195],[-120.51192841890042,34.48948055758891]]],[[[-120.51224070590064,34.48710512273537],[-120.51223682456833,34.487235763044396],[-120.51223247220648,34.48723567438621],[-120.5122314376519,34.48723385028638],[-120.51222836075647,34.4872274770192],[-120.51222528386148,34.487221103751956],[-120.51222111887675,34.48721470832],[-120.51221695389265,34.487208312887915],[-120.51221278890914,34.487201917455714],[-120.51221175435539,34.48720009335575],[-120.51220862392627,34.487195522023406],[-120.51220652805095,34.48719277479102],[-120.51216461057311,34.487137830136604],[-120.512156227084,34.487126841204244],[-120.51215203534024,34.487121346737865],[-120.51214672873945,34.4871167310737],[-120.51213717685947,34.4871084228777],[-120.51213943334336,34.487105764305575],[-120.51214171659592,34.48710220476584],[-120.51214516824312,34.48709596448851],[-120.51214861988976,34.48708972421107],[-120.51224070590064,34.48710512273537]]],[[[-120.51261744198128,34.49095233921792],[-120.51261412402903,34.49095407466294],[-120.51260751489174,34.49095664458532],[-120.51259867594034,34.49096097211526],[-120.51259315494127,34.4909635642002],[-120.5125909518951,34.49096442084064],[-120.51258543089554,34.4909670129252],[-120.51258211294207,34.49096874836928],[-120.51256884112688,34.49097569014464],[-120.51256220521846,34.49097916103174],[-120.5125566306807,34.49098355504954],[-120.51253433252384,34.49100113111788],[-120.51252875798318,34.49100552513427],[-120.51252424481306,34.49101084228172],[-120.51251521847108,34.49102147657604],[-120.51251296188522,34.4910241351495],[-120.51250956362178,34.49102857349323],[-120.51250842194429,34.49103035326353],[-120.51250502368036,34.49103479160709],[-120.51249936882925,34.49104188852373],[-120.5124959437954,34.49104722783425],[-120.51249251876114,34.49105256714465],[-120.51249129677599,34.49105704981652],[-120.51243832443885,34.491154235669455],[-120.5123964490921,34.49113445091957],[-120.51239429957971,34.49113350562181],[-120.51238785104293,34.491130669728314],[-120.51238678967191,34.491129746595796],[-120.51239900015517,34.491121881709674],[-120.51240457471043,34.49111748769993],[-120.51242129837269,34.491104305669005],[-120.5124268729256,34.491099911658125],[-120.51243138610683,34.49109459451481],[-120.51244041246756,34.491083960227606],[-120.51244266905736,34.49108130165569],[-120.51244606732655,34.49107686331411],[-120.51244720900603,34.49107508354448],[-120.51245174895399,34.491068865433064],[-120.51245628890126,34.49106264732146],[-120.51246082884786,34.49105642920964],[-120.51246428065355,34.49105018893299],[-120.51246661754934,34.49104482745883],[-120.51247012289247,34.4910367852475],[-120.51247129134002,34.49103410451035],[-120.51247365500399,34.49102784206879],[-120.5124760186676,34.491021579627144],[-120.51247835556175,34.49101621815267],[-120.51248079953174,34.49100725280916],[-120.51248090660792,34.49100364894017],[-120.51248218213067,34.49099736433387],[-120.5124833773462,34.4909937826293],[-120.5124847599445,34.49098389415395],[-120.51248494732728,34.490977587383156],[-120.51248516147899,34.49097037964513],[-120.51248534886165,34.49096407287432],[-120.51248455518108,34.49095414007008],[-120.51248360088688,34.49094961306939],[-120.51248264659277,34.49094508606869],[-120.51248169229879,34.49094055906798],[-120.51248278043757,34.4909405812324],[-120.51261744198128,34.49095233921792]]],[[[-120.51260700857749,34.488115066186076],[-120.51258011793755,34.48814066236651],[-120.51255870383709,34.48812850654469],[-120.51260700857749,34.488115066186076]]],[[[-120.51310107156475,34.48742645530806],[-120.51312882656894,34.48755503534126],[-120.51302219323017,34.48755286393228],[-120.51302227350948,34.48755016102789],[-120.5130224608278,34.48754385425098],[-120.51302166709004,34.48753392144384],[-120.51302068603411,34.48753029541361],[-120.51301978525754,34.48752396647898],[-120.51301989229658,34.48752036260646],[-120.51301798370473,34.487511308609704],[-120.51301692236981,34.487510385483844],[-120.5130159680741,34.487505858485456],[-120.51301493349908,34.48750403439145],[-120.51301501377844,34.487501331487046],[-120.51301397920349,34.48749950739304],[-120.51301405948291,34.48749680448865],[-120.5129979612089,34.48745230252537],[-120.51309669243129,34.48742726764844],[-120.51310107156475,34.48742645530806]]],[[[-120.51424934370279,34.48853886033728],[-120.5142376687277,34.48852870605904],[-120.51423130056065,34.4885231673614],[-120.51422596700765,34.488519452748605],[-120.51421845723766,34.48851569384045],[-120.51421203557705,34.48851195707949],[-120.5142077366383,34.4885100665512],[-120.51420664852965,34.48851004440352],[-120.51420558716902,34.48850912128701],[-120.51419916550947,34.48850538452543],[-120.51419059438166,34.488500702499074],[-120.51418414597526,34.48849786670554],[-120.51417984703791,34.48849597617633],[-120.51417231052388,34.488493118234274],[-120.51416583537033,34.488491183408584],[-120.51415612264059,34.488488281169445],[-120.51415288506419,34.48848731375624],[-120.51414532180333,34.48848535678133],[-120.51413775854283,34.48848339980597],[-120.51413128339091,34.48848146497852],[-120.51421523676757,34.48844080269123],[-120.51424934370279,34.48853886033728]]],[[[-120.51360261518009,34.4887222249842],[-120.51353236973657,34.48881455217074],[-120.51352897162255,34.488818990550534],[-120.51352894486696,34.48881989151882],[-120.51352554675252,34.48882432989849],[-120.51352100701415,34.48883054806065],[-120.51351646727508,34.4888367662226],[-120.51351301564773,34.488843006538396],[-120.5135106788881,34.488848368039896],[-120.51350720050394,34.48885550932376],[-120.51350513130231,34.48885186114242],[-120.51349995829904,34.48884274068898],[-120.51349473178493,34.488835422171874],[-120.51349263582833,34.48883267495863],[-120.51349059338386,34.488828125808844],[-120.51348640147143,34.4888226313822],[-120.51348223631561,34.48881623598719],[-120.51347801764815,34.48881164252855],[-120.51347164951353,34.488806103792754],[-120.51347056140166,34.488806081638344],[-120.51346846544655,34.48880333442475],[-120.51346634273536,34.488801488179355],[-120.51346636949158,34.48880058721111],[-120.5134631586687,34.48879871881121],[-120.51346106271403,34.488795971597504],[-120.51345044916067,34.48878674036967],[-120.51344514238485,34.488782124755424],[-120.51343874749816,34.488777486986315],[-120.51343232585558,34.48877375018512],[-120.51342590421359,34.48877001338361],[-120.51341306093138,34.48876253977962],[-120.51340770064556,34.48875972610034],[-120.5134001908946,34.4887559671426],[-120.51339698007497,34.488754098741104],[-120.51339700683191,34.48875319777289],[-120.51339711385964,34.48874959390006],[-120.51339838926914,34.488743309277616],[-120.51339958440772,34.488739727559796],[-120.51340096684434,34.48872983906445],[-120.5134011541424,34.488723532286954],[-120.51340136819724,34.488716324541215],[-120.51340155549516,34.48871001776369],[-120.51340076170995,34.48870008495832],[-120.51339978062691,34.48869645893046],[-120.51339797900219,34.488683801065406],[-120.51339805927277,34.48868109816075],[-120.51340233144313,34.48868388968532],[-120.51340981443121,34.488688549610906],[-120.51341732417674,34.488692308567835],[-120.51342483392298,34.48869606752434],[-120.5134280714977,34.488697034956836],[-120.5134334317804,34.48869984863511],[-120.5134344931344,34.48870077175803],[-120.51343664259889,34.4887017170356],[-120.51343879206347,34.48870266231315],[-120.51343988017398,34.48870268446779],[-120.51344738992222,34.488706443422984],[-120.51345601453805,34.48870932356399],[-120.51346463915449,34.48871220370439],[-120.51347002619558,34.4887141164129],[-120.51347758945835,34.488716073429785],[-120.5134851527215,34.48871803044623],[-120.51349162787426,34.48871996530804],[-120.51350245547059,34.48872198878595],[-120.51350680791387,34.4887220774022],[-120.51351439793399,34.488723133448595],[-120.51352198795435,34.488724189494526],[-120.51352631364229,34.4887251790784],[-120.51353825610661,34.48872632373875],[-120.51354587288296,34.488726478814904],[-120.51355348965936,34.488726633890586],[-120.5135611064358,34.48872678896579],[-120.5135731024111,34.4887261316861],[-120.5135774816098,34.48872531933153],[-120.51358512514115,34.48872457343688],[-120.51358947758484,34.48872466205022],[-120.51360041220357,34.48872308164616],[-120.51360261518009,34.4887222249842]]],[[[-120.5133114119408,34.48855582662394],[-120.51317637974138,34.48844669853767],[-120.51327873324948,34.48837305559873],[-120.51329693671934,34.48838334289749],[-120.51329905941661,34.48838518914532],[-120.51330763047918,34.48838987123168],[-120.51331407884487,34.488392707069934],[-120.513320527211,34.48839554290786],[-120.51332482612197,34.4883974334663],[-120.51333236259538,34.48840029145912],[-120.51333883771994,34.488402226327906],[-120.51334531284486,34.48840416119637],[-120.51334855040743,34.48840512863048],[-120.51335396418325,34.488406140374984],[-120.51335170769885,34.488408798969196],[-120.51334942445718,34.48841235853157],[-120.51334488473042,34.48841857668795],[-120.51334262824537,34.48842123528195],[-120.51333692013897,34.48843013418728],[-120.51333463689603,34.48843369374932],[-120.51333118527398,34.48843993406049],[-120.51332773365135,34.48844617437153],[-120.51332539689277,34.48845153586977],[-120.51332189175429,34.488459578116995],[-120.51332072337465,34.48846225886603],[-120.51331835985762,34.48846852133228],[-120.51331602309774,34.48847388283027],[-120.51331357930728,34.48848284820093],[-120.51331347227703,34.48848645207371],[-120.51331219686634,34.4884927366954],[-120.51331100172825,34.48849631841249],[-120.51330961928669,34.48850620690687],[-120.51330943198326,34.48851251368415],[-120.51330905737623,34.48852512723872],[-120.51330887007262,34.48853143401598],[-120.51330966384656,34.488541366821664],[-120.51331064492427,34.48854499285008],[-120.51331154572908,34.48855132178303],[-120.51331143869847,34.48855492565575],[-120.5133114119408,34.48855582662394]]],[[[-120.51351366691688,34.48900439062797],[-120.51351361340501,34.48900619256446],[-120.51351671721314,34.489011664836376],[-120.51351982102167,34.48901713710822],[-120.51352504754841,34.48902445562464],[-120.51352923947276,34.48902995005032],[-120.51353343139762,34.489035444475896],[-120.51353762332305,34.489040938901326],[-120.513541815249,34.489046433326656],[-120.51354709529063,34.48905194990572],[-120.51355240208851,34.489056565516314],[-120.51356832248564,34.489070412346855],[-120.51357259468115,34.489073203866404],[-120.51358111231772,34.489079687873364],[-120.51358426964332,34.489083358207225],[-120.51359605162885,34.489089908673876],[-120.5135488613214,34.48910247059014],[-120.51349884363968,34.489063588681205],[-120.51351366691688,34.48900439062797]]],[[[-120.51431254518788,34.488720449371144],[-120.51433060662221,34.48877220323768],[-120.51428809000701,34.488774042413915],[-120.51428923161389,34.48877226262339],[-120.51429151482749,34.48876870304231],[-120.51429496639476,34.48876246270177],[-120.51429841796151,34.48875622236112],[-120.51430075466865,34.48875086084217],[-120.51430425972879,34.48874281856363],[-120.51430542808198,34.4887401378041],[-120.51430779153533,34.48873387531612],[-120.51431012824116,34.488728513796914],[-120.51431254518788,34.488720449371144]]],[[[-120.51457397677221,34.48805594572588],[-120.51449259290563,34.4881200999167],[-120.51448701866364,34.48812449403716],[-120.51448587707058,34.488126273830254],[-120.51448895269174,34.4880226623889],[-120.51451148191485,34.488033939058845],[-120.51451578083734,34.4880358295758],[-120.51452437868294,34.48803961060926],[-120.51453082706766,34.48804244638399],[-120.51453300327334,34.48804249067308],[-120.51453406463217,34.4880434137867],[-120.51453836355572,34.4880453043029],[-120.51454590004433,34.48804816222135],[-120.51455237517428,34.4880500970259],[-120.51455885030457,34.488052031830094],[-120.51456208786985,34.488052999232075],[-120.51456965110364,34.48805495618],[-120.51457397677221,34.48805594572588]]],[[[-120.51401846276202,34.48780754111316],[-120.51398146738424,34.48780678804224],[-120.51397276258966,34.487806610847464],[-120.51396294294594,34.487807312471325],[-120.51396182809673,34.48780819129059],[-120.51395965189805,34.4878081469916],[-120.51396304994556,34.48780370859639],[-120.51396647474253,34.48779836923232],[-120.51397218273652,34.48778947029196],[-120.51397446593376,34.48778591071572],[-120.51397680263025,34.48778054920193],[-120.51397998667812,34.48778331855613],[-120.51398529342501,34.48778793414634],[-120.51399171502125,34.48779167091678],[-120.51400455821543,34.48779914445672],[-120.51401846276202,34.48780754111316]]],[[[-120.51377505011595,34.48790175249839],[-120.51373554872268,34.487948728534285],[-120.51373788543941,34.48794336702606],[-120.51373905379765,34.487940686271926],[-120.5137414172663,34.48793442379503],[-120.51374378073457,34.48792816131808],[-120.51374619770719,34.48792009690392],[-120.51374744632179,34.487914713243946],[-120.51374869493621,34.487909329583964],[-120.51374877519312,34.48790662667824],[-120.51377505011595,34.48790175249839]]]]},"properties":{"id":"native-hard-H11952-689","survey_id":"H11952","depth_ft_range":[59.1,130.4],"max_product_uncertainty_m":0.434,"approx_display_area_m2":255550,"native_resolution_m":[2.0,2.0],"survey_dates":["2008-08-26T00:00:00","2008-09-04T00:00:00"],"noaa_bag_url":"https://data.ngdc.noaa.gov/platforms/ocean/nos/coast/H10001-H12000/H11952/BAG/H11952_MB_2m_MLLW_2of4.bag","noaa_bag_sha256":"0cb528795f939e9238e9b11f52279940a2365b2b4b6f52d9f9db8aea82b235fa","survey_report_url":"https://data.ngdc.noaa.gov/platforms/ocean/nos/coast/H10001-H12000/H11952/DR/H11952.pdf","usgs_metadata_urls":["https://cmgds.marine.usgs.gov/data/csmp/OffshorePointConception/metadata/SeafloorCharacter_OffshorePointConception_metadata.xml","https://cmgds.marine.usgs.gov/data/csmp/OffshoreGaviota/metadata/SeafloorCharacter_OffshoreGaviota_metadata.xml"],"fishing_target":false,"exportable":false,"legal_clearance":false,"fish_confirmed":false,"depth_qualified_for_target":false}},{"type":"Feature","geometry":{"type":"MultiPolygon","coordinates":[[[[-120.50941812236186,34.49491959460868],[-120.50932341819112,34.494845542150166],[-120.509240379439,34.49463559935674],[-120.50924043305406,34.49463379742777],[-120.50924064751418,34.49462658971183],[-120.5092410228192,34.494613976208925],[-120.50924123727911,34.494606768492964],[-120.50924039036282,34.49459863761718],[-120.50923932898668,34.49459771445734],[-120.5092384552631,34.49459048454605],[-120.50923853568558,34.494587781652555],[-120.50923760834714,34.494582353670246],[-120.50923668100876,34.49457692568791],[-120.5092347459098,34.49456877261673],[-120.50923477271729,34.49456787165225],[-120.50928997518669,34.49457891421293],[-120.50941812236186,34.49491959460868]]],[[[-120.5086414493403,34.49463780587625],[-120.50864139571236,34.494639607804416],[-120.50864224257036,34.4946477386818],[-120.50864330394016,34.49464866184656],[-120.50864417761231,34.494655891759855],[-120.50864409717046,34.494658594652094],[-120.50864407035651,34.49465949561617],[-120.50863977124887,34.49465760488526],[-120.5086322344039,34.494654746587834],[-120.50862790848268,34.49465375682058],[-120.50863130710461,34.49464931860263],[-120.5086414493403,34.49463780587625]]],[[[-120.50827519154323,34.494688029788854],[-120.50826972380536,34.49468881973268],[-120.50826550515971,34.494684226097455],[-120.50826019833066,34.494679610257975],[-120.50827519154323,34.494688029788854]]],[[[-120.50818971914101,34.49463309657783],[-120.50818542004596,34.494631205831396],[-120.50818112095112,34.49462931508482],[-120.50817358412613,34.494626456759846],[-120.5081671086657,34.4946245216031],[-120.50815739547562,34.49462161886736],[-120.50815415774574,34.494620651288606],[-120.50814659410327,34.49461869392578],[-120.5081401186441,34.49461675876767],[-120.50812929045364,34.49461473478835],[-120.50812493772202,34.494614645967346],[-120.5081173472613,34.494613589566484],[-120.50800566674218,34.494597787910635],[-120.50801450630627,34.49459346074264],[-120.50802114268387,34.49458999012528],[-120.50802671769902,34.49458559633774],[-120.50804901775379,34.49456802118477],[-120.50805459276603,34.49456362739582],[-120.50805910641569,34.49455831043708],[-120.50806813371327,34.494547676518984],[-120.50811327016612,34.494494506916816],[-120.50811552698721,34.49449184843619],[-120.50811892562832,34.494487410233276],[-120.50812006744843,34.49448563051105],[-120.508123466089,34.494481192308],[-120.50812341245025,34.49448299423549],[-120.50812303697874,34.49449560772794],[-120.50812282242352,34.494502815437876],[-120.50812366923033,34.49451094631679],[-120.50812473059248,34.49451186948575],[-120.50812560421893,34.494519099400904],[-120.50812552376074,34.49452180229214],[-120.50812645102609,34.4945272302798],[-120.50812737829152,34.49453265826745],[-120.50812931328086,34.494540811351534],[-120.50813130190924,34.49454716250809],[-120.50813230963321,34.49454988760449],[-120.5081353328055,34.49455806289365],[-120.508137348254,34.4945635130864],[-120.50814042506575,34.49456988644797],[-120.50814249415336,34.49457353471314],[-120.50814456324115,34.49457718297831],[-120.50814766687311,34.49458265537597],[-120.50815289323232,34.494589974111115],[-120.50815602368444,34.49459454554486],[-120.50815705822886,34.49459636967735],[-120.5081601886814,34.494600941111],[-120.50816228458967,34.49460368841214],[-120.50817066822405,34.49461467761642],[-120.50817486004205,34.494620172218376],[-120.50818016686257,34.49462478806121],[-120.50818971914101,34.49463309657783]]],[[[-120.50779043645711,34.494622243909106],[-120.50778823326851,34.49462310045607],[-120.50778159687931,34.49462657106021],[-120.50777496048958,34.49463004166397],[-120.50776829727597,34.49463441323081],[-120.50776272224459,34.494638807005785],[-120.5077459971469,34.494651988329004],[-120.50774042211317,34.494656382102846],[-120.50773482025511,34.49466167683985],[-120.50773030657962,34.4946669937854],[-120.5077257929035,34.49467231073074],[-120.50772127922683,34.49467762767588],[-120.50771676554955,34.49468294462083],[-120.50771111004013,34.49469004128346],[-120.50770768454514,34.49469538043699],[-120.50770540088156,34.49469893987263],[-120.50770194856166,34.49470517998939],[-120.50769849624123,34.49471142010603],[-120.50769615892833,34.49471678146828],[-120.50769265295843,34.49472482351154],[-120.50769148430165,34.494727504192596],[-120.5076891201635,34.494733766518074],[-120.50768678284933,34.49473912788006],[-120.50768433823735,34.49474809309563],[-120.50768423093986,34.49475169694925],[-120.5076829549848,34.49475798148381],[-120.50768284768719,34.49476158533742],[-120.50768157173182,34.494767869871936],[-120.50768154490741,34.494768770835336],[-120.50768042989843,34.49476964958942],[-120.50767910029383,34.49477773605069],[-120.50767888569811,34.494784943757864],[-120.5076786979268,34.494791250501635],[-120.50767851015544,34.494797557245406],[-120.5076793032711,34.49480749005208],[-120.50768028415821,34.49481111611502],[-120.50768118457202,34.49481744506811],[-120.5076820849859,34.49482377402119],[-120.50768298539991,34.49483010297428],[-120.50768494717498,34.49483735510006],[-120.50768696259925,34.49484280529903],[-120.5076869357748,34.49484370626242],[-120.50768895119931,34.494849156461385],[-120.50768995891167,34.494851881560834],[-120.50769298204908,34.49486005685919],[-120.50769499747432,34.49486550705806],[-120.50769807426134,34.494871880429514],[-120.50770014333582,34.49487552870152],[-120.50774669755717,34.494957614813934],[-120.5077487934596,34.494960362121844],[-120.50775295844099,34.49496675770097],[-120.50775712342302,34.49497315327997],[-120.50776237659298,34.49497957106759],[-120.5077666220475,34.494983263756026],[-120.50776768341119,34.49498418692812],[-120.50777084067869,34.49498785740778],[-120.50777397112284,34.49499242885079],[-120.50777925111888,34.494997945674314],[-120.50778346975146,34.49500253932568],[-120.50777917064806,34.49500064856463],[-120.50777163380572,34.494997790214136],[-120.50776515832771,34.49499585503531],[-120.50775544511129,34.49499295226647],[-120.50775220737265,34.4949919846767],[-120.50774464370814,34.494990027288026],[-120.507737080044,34.4949880698989],[-120.50773166593095,34.494987057890704],[-120.50772192589265,34.494985056082676],[-120.5077175999674,34.494984066282946],[-120.50758755400493,34.49496338185449],[-120.50758537763095,34.494963337433965],[-120.50758105170871,34.494962347629496],[-120.50757778714781,34.49496228099853],[-120.50757346122573,34.494961291193796],[-120.50756151799527,34.494960145915776],[-120.5075539006868,34.49495999044217],[-120.50754628337842,34.49495983496809],[-120.5075386660701,34.494959679493526],[-120.507526669188,34.49496033613867],[-120.50752120142718,34.49496112604785],[-120.50751573366627,34.49496191595677],[-120.50750808953144,34.494962661443566],[-120.50750700134454,34.4949626392326],[-120.5075004453965,34.494963406929855],[-120.5074938894484,34.494964174626766],[-120.50748404211267,34.49496577665306],[-120.50747637115049,34.49496742310106],[-120.50747307976279,34.494968257430514],[-120.507469788375,34.49496909175988],[-120.50746320559931,34.494970760418326],[-120.50745662282334,34.4949724290764],[-120.507448925033,34.49497497648582],[-120.50744451863056,34.4949766895662],[-120.50743790902655,34.49497925918643],[-120.50743459081077,34.49498099447801],[-120.50742686619166,34.49498444284918],[-120.50742466299,34.494985299388965],[-120.50741914157194,34.49498789121984],[-120.50741693837011,34.49498874775948],[-120.5074169651976,34.494987846796285],[-120.50741494978833,34.494982396593585],[-120.50741296120681,34.49497604542766],[-120.50741195350238,34.49497332032628],[-120.50740893038949,34.49496514502212],[-120.50740691498119,34.49495969481931],[-120.50740383821402,34.49495332144143],[-120.50740176915106,34.49494967316492],[-120.50739970008829,34.494946024888364],[-120.50739659649444,34.49494055247351],[-120.507393492901,34.494935080058575],[-120.5073913970112,34.49493233274509],[-120.5073872320598,34.49492593715487],[-120.50738306710896,34.494919541564514],[-120.50737781397261,34.49491312376196],[-120.5073746567256,34.49490945327296],[-120.50736409680023,34.49489841959335],[-120.50735879001054,34.4948938037164],[-120.50734286964506,34.4948799560843],[-120.50733756285771,34.4948753402065],[-120.50733114105711,34.494871603079176],[-120.50731187565876,34.49486039169531],[-120.50730975294493,34.494858545343725],[-120.50730118160482,34.49485386282644],[-120.50729473297888,34.49485102666045],[-120.50728828435336,34.49484819049413],[-120.50728398526996,34.49484629971642],[-120.50727644846005,34.494843441336634],[-120.50726997300688,34.494841506132495],[-120.50726349755405,34.49483957092806],[-120.50726025982772,34.494838603325704],[-120.5072526961903,34.4948366459076],[-120.50724513255324,34.49483468848903],[-120.50723865710155,34.494832753283305],[-120.50723321617656,34.49483264221675],[-120.50673642284981,34.49473234900184],[-120.50673536150111,34.494731425821385],[-120.50672994741939,34.49473041376995],[-120.50672559468639,34.49473032489884],[-120.50671800423844,34.49472926841128],[-120.50671365150555,34.49472917953974],[-120.50670606105791,34.494728123051445],[-120.50670497287472,34.49472810083347],[-120.50670388469152,34.494728078615495],[-120.50670391152642,34.49472717765275],[-120.50669414471277,34.49472607672773],[-120.50668543924748,34.49472589898282],[-120.50667782196543,34.49472574345551],[-120.50667020468343,34.49472558792774],[-120.50665820783358,34.49472624448869],[-120.5066538282656,34.49472705657773],[-120.50664618414811,34.49472780201114],[-120.50664183141552,34.49472771313705],[-120.5066308959128,34.494729292876514],[-120.50662431314237,34.494730961489864],[-120.50661664218853,34.494732607884075],[-120.50660897123441,34.4947342542778],[-120.50660567984887,34.49473508858391],[-120.50659580569183,34.49473759150169],[-120.50658922292017,34.49473926011308],[-120.5065815251288,34.49474180746767],[-120.50657932192597,34.49474266399212],[-120.50658160563746,34.49473910457972],[-120.50658505804049,34.49473286449835],[-120.50658739542374,34.4947275031605],[-120.50658973280665,34.4947221418226],[-120.50659090149802,34.494719461153615],[-120.50659326571655,34.49471319885295],[-120.5065956299347,34.49470693655223],[-120.50659804782447,34.49469887232609],[-120.50659929702314,34.49469348876899],[-120.50660054622165,34.49468810521187],[-120.50660062672955,34.49468540232385],[-120.50660065356551,34.49468450136118],[-120.50660604080646,34.49468641438083],[-120.50660927851831,34.49468738199998],[-120.50661575394228,34.49468931723802],[-120.50661684212488,34.49468933945677],[-120.50662331754921,34.494691274694425],[-120.5066319693392,34.49469325436899],[-120.50663955978249,34.49469431086172],[-120.506647150226,34.494695367353984],[-120.50665474066972,34.49469642384579],[-120.50665906656538,34.49469741368206],[-120.50667100974061,34.49469855904628],[-120.50667862702015,34.4946987145739],[-120.50668733248258,34.49469889231918],[-120.50669494976225,34.49469904784578],[-120.50670694660812,34.49469839128104],[-120.50671241435698,34.49469760140789],[-120.50671788210578,34.49469681153451],[-120.50672552622007,34.49469606609645],[-120.50672661440285,34.49469608831423],[-120.50673317033424,34.494695320657904],[-120.50673972626554,34.49469455300123],[-120.50674957357948,34.49469295103416],[-120.50675724452755,34.49469130463131],[-120.5067605359101,34.49469047032096],[-120.50676382729259,34.49468963601053],[-120.50688998796488,34.49465795436238],[-120.50694030073984,34.49468692836755],[-120.50694351162386,34.49468879694089],[-120.50694887204163,34.49469161090868],[-120.50695102157529,34.49469255630315],[-120.50695638199359,34.494695370270605],[-120.50696495329721,34.49470005281068],[-120.50697140189953,34.49470288899317],[-120.50697570096803,34.494704779781316],[-120.50698000003672,34.494706670569315],[-120.50698753682332,34.49470952896651],[-120.50699401225899,34.494711464184924],[-120.50700372541307,34.49471436701194],[-120.50700696313127,34.49471533462077],[-120.5070145267512,34.49471729205342],[-120.50702426673821,34.49471929391589],[-120.50703076900697,34.49472032816947],[-120.50703727127589,34.49472136242271],[-120.50704053582608,34.49472142906772],[-120.50704921446207,34.49472250775028],[-120.50705027581432,34.49472343092816],[-120.50706004263412,34.494724531824865],[-120.50706874810174,34.494724709543085],[-120.50708398267028,34.49472502054847],[-120.50709268813813,34.494725198264995],[-120.50710250862014,34.49472449723231],[-120.50710362363421,34.49472361848374],[-120.50711235593253,34.49472289523583],[-120.50711562048294,34.494722961878836],[-120.5071221764142,34.49472219420156],[-120.50712873234536,34.49472142652392],[-120.50713857965702,34.49471982452528],[-120.5071462506015,34.49471817809775],[-120.50714954198189,34.494717343776806],[-120.50715941612278,34.4947148408134],[-120.50716599888304,34.49471317217066],[-120.50717369665628,34.494710624778314],[-120.50717810304931,34.494708911707285],[-120.50718250944215,34.494707198636085],[-120.50718911903108,34.49470462902899],[-120.5071979586453,34.494700301922535],[-120.50720348005004,34.49469771010104],[-120.50720568324594,34.49469685356499],[-120.50721120465025,34.4946942617431],[-120.50721452285852,34.49469252645724],[-120.50722779569034,34.494685585312794],[-120.50723443210543,34.49468211474],[-120.50724000716609,34.49467772099051],[-120.50726230740283,34.49466014598977],[-120.50726788246054,34.49465575223887],[-120.50727239616371,34.49465043531168],[-120.5072814235683,34.49463980145671],[-120.50732656055617,34.49458663217006],[-120.50732881740403,34.49458397370522],[-120.50733221608952,34.494579535526256],[-120.50733335792728,34.49457775581219],[-120.50733675661229,34.494573317633076],[-120.50734241214384,34.494566220988716],[-120.5073458376557,34.494560881846105],[-120.50734812133003,34.49455732241763],[-120.50735040500413,34.4945537629891],[-120.50735385734266,34.494547522883],[-120.50735619467164,34.49454216152792],[-120.50735970066452,34.49453411949518],[-120.50736086932865,34.49453143881757],[-120.50736323348428,34.49452517649908],[-120.50736565129468,34.49451711225407],[-120.50736690044099,34.49451172868673],[-120.50736814958715,34.49450634511934],[-120.50736823006973,34.49450364222965],[-120.50736953287065,34.49449645673579],[-120.50737064787887,34.494495577984495],[-120.50737197750692,34.49448749152735],[-120.50737219212662,34.49448028382152],[-120.50737256771097,34.49446767033625],[-120.5073727823305,34.494460462630386],[-120.50737193559718,34.49445233174939],[-120.50737087424447,34.494451408574264],[-120.50737000068393,34.494444178656494],[-120.50737008116627,34.494441475766784],[-120.50736915395098,34.494436047775466],[-120.50736822673575,34.49443061978416],[-120.50736629182325,34.49442246669121],[-120.50736430325608,34.49441611552471],[-120.50736329555886,34.49441339042307],[-120.50736027246757,34.49440521511811],[-120.50735825707369,34.49439976491476],[-120.5073551803282,34.494393391536164],[-120.50735311127973,34.49438974325922],[-120.50735104223142,34.49438609498223],[-120.5073479386593,34.49438062256672],[-120.50734271238464,34.49437330380049],[-120.5073395819858,34.49436873234802],[-120.50733854746215,34.494366908209436],[-120.50733541706377,34.49436233675687],[-120.50733332118911,34.494359589442865],[-120.5073249376918,34.49434860018653],[-120.50732074594396,34.49434310555818],[-120.50731543919011,34.494338489680594],[-120.50729421218047,34.49432002616817],[-120.50728890542952,34.49431541028954],[-120.50728248367263,34.49431167316129],[-120.50726964016063,34.49430419890386],[-120.50726857881088,34.49430327572796],[-120.50727018851262,34.49424921793652],[-120.5072704031392,34.49424201023095],[-120.50726955641677,34.49423387934951],[-120.50726849506786,34.49423295617363],[-120.5072676215173,34.49422572625538],[-120.50726770200228,34.494223023365784],[-120.5072667747952,34.49421759537392],[-120.50726584758822,34.49421216738204],[-120.50726391268948,34.494204014287845],[-120.50726192413433,34.49419766312005],[-120.5072609164427,34.49419493801773],[-120.50725789336812,34.494186762710726],[-120.50725587798534,34.494181312506036],[-120.50725280125481,34.494174939125344],[-120.50724972452471,34.49416856574457],[-120.5072476554859,34.49416491746616],[-120.507244551928,34.494159445048474],[-120.50723932567522,34.49415212627858],[-120.50723513394223,34.49414663164778],[-120.50722255874643,34.494130147754696],[-120.50721836701558,34.49412465312341],[-120.50721306028073,34.49412003724206],[-120.50719714007971,34.49410618959679],[-120.5071918333472,34.4941015737146],[-120.50717904353327,34.49409229752285],[-120.50717262179816,34.49408856038966],[-120.50716620006364,34.494084823256145],[-120.5071597783297,34.49408108612232],[-120.50715547928779,34.494079195341705],[-120.50735522064392,34.494099499820024],[-120.50736283787298,34.494099655302634],[-120.50738568956044,34.49410012174765],[-120.50739439496533,34.494100299439864],[-120.50740421537266,34.494099598379556],[-120.50740533037501,34.49409871962764],[-120.50741406260651,34.49409799635515],[-120.50741732713333,34.49409806298904],[-120.5074238830135,34.49409729529324],[-120.50743043889359,34.49409652759707],[-120.50744028612671,34.49409492557051],[-120.50744795700834,34.49409327912113],[-120.50745124836128,34.49409244479076],[-120.50746112241973,34.49408994179911],[-120.50746770512505,34.49408827313756],[-120.5074754028316,34.494085725723046],[-120.50747980918541,34.49408401263927],[-120.50748421553902,34.494082299555345],[-120.50749082506915,34.494079729929126],[-120.50749966460107,34.49407540279686],[-120.50750518595486,34.49407281095929],[-120.50750738913115,34.494071954416846],[-120.50751291048448,34.49406936257889],[-120.50751622866143,34.49406762728332],[-120.50752950136787,34.49406068610004],[-120.50753390771933,34.4940589730142],[-120.50756506242594,34.494073131557975],[-120.50755948742372,34.49407752532518],[-120.50755497377135,34.49408284226557],[-120.50754594646483,34.49409347614577],[-120.50754368963783,34.4940961346157],[-120.50754029098445,34.49410057280221],[-120.50753914915812,34.49410235251881],[-120.50753575050423,34.49410679070515],[-120.507530095022,34.49411388736104],[-120.50752666954169,34.49411922651047],[-120.5075243858879,34.49412278594337],[-120.5075221022339,34.494126345376216],[-120.50751864992701,34.49413258548874],[-120.50751631262133,34.49413794684821],[-120.50751280666225,34.4941459888873],[-120.50751163800905,34.49414866956696],[-120.50750927387676,34.49415493188961],[-120.50750685609272,34.49416299613894],[-120.50750560696193,34.49416837970863],[-120.50750435783097,34.4941737632783],[-120.50750427735377,34.4941764661684],[-120.50750297457104,34.49418365166476],[-120.50750185956849,34.49418453041755],[-120.50750052995961,34.494192616877235],[-120.50750031535321,34.494199824584115],[-120.50749993979187,34.49421243807115],[-120.50749972518528,34.49421964577802],[-120.50750057193014,34.494227776658846],[-120.50750163328169,34.49422869983281],[-120.5075015259784,34.494232303686225],[-120.5075014991526,34.494233204649596],[-120.5075013113718,34.49423951139308],[-120.50750218494272,34.49424674131053],[-120.50752126592961,34.494337281857035],[-120.50752428903486,34.494345457158666],[-120.50752526991106,34.494349083222545],[-120.50752728531496,34.494354533423596],[-120.50752829301703,34.49435725852411],[-120.50753131612356,34.49436543382561],[-120.50753333152822,34.49437088402658],[-120.50753640828688,34.49437725740125],[-120.50753847734325,34.49438090567543],[-120.50754054639981,34.49438455394959],[-120.50754364998497,34.49439002636075],[-120.5075488762787,34.49439734511916],[-120.5075520066903,34.494401916566794],[-120.50755304121908,34.494403740703774],[-120.50755617163112,34.49440831215131],[-120.50755826751447,34.49441105946183],[-120.50756245928154,34.494416554082804],[-120.5075624324562,34.49441745504617],[-120.50756235198014,34.49442015793628],[-120.50756327920796,34.49442558592668],[-120.50756420643589,34.494431013917065],[-120.50756614136803,34.4944391670077],[-120.50756812995117,34.49444551817158],[-120.50756913765547,34.494448243271826],[-120.5075721607688,34.49445641857251],[-120.50757417617798,34.49446186877295],[-120.5075772529427,34.49446824214679],[-120.5075793220029,34.4944718904204],[-120.50758139106328,34.49447553869399],[-120.50758449465418,34.494481011104305],[-120.5075897209568,34.49448832986127],[-120.50759285137376,34.49449290130803],[-120.50759388590448,34.494494725444724],[-120.5075970163219,34.494499296891405],[-120.50759911220871,34.494502044201354],[-120.50760749575733,34.494513033440825],[-120.50761168753245,34.494518528060375],[-120.50761699431426,34.494523143926166],[-120.50763822144738,34.494541607387205],[-120.50764352823212,34.494546223251945],[-120.50764995002368,34.494549960362555],[-120.50766279360855,34.494557434582774],[-120.50772701156791,34.49459480566505],[-120.5077302224674,34.49459667421834],[-120.50773558290813,34.494599488152474],[-120.50773773244924,34.494600433533385],[-120.50774309289048,34.49460324746724],[-120.50775166423252,34.49460792995362],[-120.50775811285725,34.494610766095406],[-120.50776241194067,34.49461265685645],[-120.50776671102427,34.49461454761731],[-120.50777424783276,34.49461740596677],[-120.50778072328224,34.494619341143945],[-120.50779043645711,34.494622243909106]]],[[[-120.50785081854809,34.495044481800406],[-120.50785296810177,34.49504542717976],[-120.5078605049514,34.49504828552551],[-120.50786804180154,34.495051143870825],[-120.50787451728648,34.49505307904445],[-120.50788423051448,34.49505598180427],[-120.50788746825732,34.495056949390715],[-120.50789503193168,34.49505890677093],[-120.50789922375138,34.49506440138215],[-120.50790453058259,34.49506901723724],[-120.5079204510797,34.495082864801276],[-120.50792575791323,34.495087480655535],[-120.50792684610212,34.49508750286284],[-120.50792896883571,34.49508934920446],[-120.5079321529363,34.495092118716855],[-120.5079385211381,34.49509765774138],[-120.50794385479551,34.495101372631396],[-120.50794812708615,34.49510416435055],[-120.5082262288838,34.495272111343105],[-120.508232650757,34.49527584842617],[-120.50818673215558,34.49528212353036],[-120.50817685797216,34.49528462657512],[-120.50817247838589,34.49528543871797],[-120.50816589559652,34.495287107413766],[-120.50816260420173,34.49528794176153],[-120.50815273001702,34.49529044480427],[-120.5081461472269,34.49529211349897],[-120.50813844942476,34.49529466095141],[-120.50813404301762,34.49529637405647],[-120.5081296366103,34.49529808716137],[-120.50812302699899,34.495300656818394],[-120.50811418736298,34.495304983990806],[-120.50810866594259,34.49530757585277],[-120.5081064627384,34.49530843240474],[-120.50810094131755,34.49531102426635],[-120.50809762310078,34.49531275957588],[-120.50808435023237,34.4953197008131],[-120.50807771379735,34.495323171431124],[-120.50807213873311,34.495327565218496],[-120.50804983847037,34.49534514036515],[-120.50804426340325,34.49534953415111],[-120.50803974970681,34.4953548511068],[-120.50803072231214,34.49536548501757],[-120.50802846546311,34.49536814349515],[-120.50802506677863,34.495372581693196],[-120.50802392494327,34.49537436141369],[-120.50802052625829,34.49537879961158],[-120.50801487072297,34.49538589628663],[-120.50801144521553,34.495391235447755],[-120.50800916154363,34.49539479488843],[-120.50800687787155,34.49539835432906],[-120.50800342554143,34.49540459445343],[-120.50800108822556,34.49540995582098],[-120.50799758225115,34.49541799787219],[-120.50799641359283,34.49542067855588],[-120.50799404945431,34.49542694088677],[-120.50799163167186,34.495435005144614],[-120.5079903825478,34.49544038871878],[-120.50798913342355,34.49544577229291],[-120.50798905295817,34.495448475183444],[-120.50798775019004,34.49545566068458],[-120.50798663517449,34.495456539441115],[-120.50798530558414,34.495464625905704],[-120.50798509100929,34.495471833613756],[-120.5079847155031,34.495484447102825],[-120.50798450092803,34.49549165481084],[-120.5079853477253,34.49549978568937],[-120.50798640909768,34.49550070885988],[-120.50798728271702,34.4955079387749],[-120.50798720225141,34.495510641665405],[-120.50798812951463,34.49551606965341],[-120.50798905677793,34.4955214976414],[-120.50799099177041,34.49552965072688],[-120.50799298040693,34.49553600188533],[-120.50799398813619,34.49553872698278],[-120.50799701132435,34.495546902275144],[-120.50799902678347,34.49555235247001],[-120.50800210361608,34.495558725835245],[-120.50800417271924,34.49556237410304],[-120.50800624182254,34.4955660223708],[-120.50800934547787,34.495571494772385],[-120.5080145718809,34.495578813514534],[-120.50801770235881,34.49558338495244],[-120.508018736911,34.49558520908622],[-120.50802186738937,34.49558978052402],[-120.50802396331567,34.495592527828016],[-120.50803234702217,34.49560351704369],[-120.50803653887623,34.49560901165133],[-120.50804184574801,34.4956136275019],[-120.50806307324109,34.49563209090213],[-120.5080683801158,34.49563670675167],[-120.5080748020084,34.49564044384374],[-120.5080876457953,34.49564791802695],[-120.50815186476493,34.49568528892409],[-120.50815507571495,34.49568715746814],[-120.50816043623871,34.49568997138682],[-120.50816258581234,34.49569091676151],[-120.5081679463366,34.49569373067987],[-120.50817651781216,34.49569841314152],[-120.50818296653446,34.49570124926468],[-120.50818726568292,34.49570314001327],[-120.50819156483156,34.495705030761734],[-120.50819910175208,34.49570788908937],[-120.50820557729567,34.49570982424777],[-120.50821529061163,34.495712726984756],[-120.50821852838378,34.49571369456359],[-120.5082260921256,34.495715651926005],[-120.50823583226244,34.49571765369776],[-120.50824233462708,34.495718687890644],[-120.5082488369919,34.49571972208319],[-120.50825210158398,34.49571978869751],[-120.50826078034382,34.49572086729891],[-120.50826184172207,34.49572179046725],[-120.50827160867969,34.49572289127257],[-120.50828031425911,34.49572306890894],[-120.50829554902329,34.4957233797711],[-120.50830425460293,34.49572355740578],[-120.50831407519868,34.49572285628035],[-120.50831519021472,34.49572197752086],[-120.5083239226128,34.49572125419043],[-120.50832718720514,34.49572132080274],[-120.50833374320821,34.4957205530634],[-120.5083402992112,34.49571978532369],[-120.50835014662457,34.49571818323162],[-120.50835781764277,34.49571653673111],[-120.5083611090531,34.495715702378774],[-120.50837098328364,34.495713199321244],[-120.5083775661037,34.495711530615765],[-120.50838526393868,34.49570898314975],[-120.50838967036353,34.49570727003642],[-120.5083940767882,34.49570555692296],[-120.50840068642489,34.495702987252415],[-120.50840952609072,34.49569866006069],[-120.50841504752924,34.49569606818598],[-120.50841725074108,34.495695211628785],[-120.50842277217914,34.495692619753704],[-120.50842609040531,34.49569088443578],[-120.50843936330855,34.495683943163094],[-120.50844599975937,34.49568047252619],[-120.50845157482973,34.495676078722134],[-120.50846049494108,34.49566904863505],[-120.50846373271483,34.495670016207434],[-120.50846803186869,34.495671906946356],[-120.50847556879683,34.49567476525721],[-120.5084831057255,34.49567762356762],[-120.50849281904881,34.49568052628279],[-120.5084992945981,34.49568246142582],[-120.50850253237283,34.495683428997204],[-120.50850362056995,34.49568345119972],[-120.5085046015011,34.49568707725752],[-120.50850667062953,34.49569072551781],[-120.50850977432249,34.495696197908195],[-120.50851500077778,34.49570351663101],[-120.50851919266918,34.495709011223575],[-120.50852338456112,34.49571450581603],[-120.50852757645359,34.49572000040836],[-120.50853179516282,34.49572459403672],[-120.5085328833605,34.49572461623899],[-120.5085349793072,34.495727363535025],[-120.50854132078048,34.495733803495256],[-120.50854768907078,34.495739342491326],[-120.50855936427186,34.4957494973167],[-120.50856467118236,34.49575411314607],[-120.50857109310746,34.49575785021332],[-120.50858393695938,34.495765324346884],[-120.50859035888621,34.49576906141319],[-120.50859356984985,34.495770929946225],[-120.50859893039475,34.49577374384647],[-120.50860107997593,34.495774689213725],[-120.50860859010271,34.49577844848081],[-120.50861180106713,34.49578031701339],[-120.50862039939342,34.49578409848138],[-120.50862902453578,34.495786978984874],[-120.50863764967875,34.49578985948779],[-120.50864303704154,34.49579177242231],[-120.50865060080191,34.49579372975911],[-120.50865816456266,34.495795687095466],[-120.50866464012505,34.49579762223024],[-120.50867546848279,34.495799646168905],[-120.50867982127782,34.49579973497295],[-120.50860061287169,34.49582696732044],[-120.50859288821566,34.4958304157637],[-120.50858516355902,34.49583386420642],[-120.50857743890174,34.49583731264863],[-120.50857523568754,34.495838169208625],[-120.50856971424389,34.495840761090314],[-120.50856639601432,34.49584249641198],[-120.50855975955479,34.49584596705503],[-120.50854648663415,34.495852908339955],[-120.50853985017301,34.49585637898184],[-120.50853427509443,34.49586077278949],[-120.50852870001525,34.49586516659684],[-120.5085177643874,34.49586674650024],[-120.50850791695873,34.49586834860519],[-120.50850353734403,34.495869160758666],[-120.50849695451343,34.495870829470476],[-120.50849366309805,34.49587166382624],[-120.50848378885155,34.495874166892996],[-120.50847720602022,34.495875835603705],[-120.50846950817201,34.495878383074924],[-120.5084651017394,34.49588009619075],[-120.50846069530658,34.49588180930642],[-120.50845408565705,34.495884378979596],[-120.50844524597308,34.49588870617369],[-120.5084397245223,34.49589129804917],[-120.5084375213054,34.49589215460654],[-120.50843199985417,34.49589474648166],[-120.50842868161979,34.49589648179935],[-120.5084154086809,34.495903423069144],[-120.50840877221064,34.49590689370347],[-120.508403197122,34.49591128750464],[-120.50838089676164,34.495928862706556],[-120.50837532167007,34.49593325650632],[-120.50837080796005,34.49593857347334],[-120.50836178053827,34.495949207406774],[-120.50835952368246,34.49595186589002],[-120.50835612498928,34.49595630409662],[-120.50835498315202,34.49595808382003],[-120.50835158445832,34.49596252202649],[-120.50834592890754,34.49596961871577],[-120.50834250339437,34.49597495788561],[-120.50834021971868,34.4959785173321],[-120.50833793604276,34.495982076778525],[-120.50833448370992,34.495988316911756],[-120.50833214639619,34.49599367828539],[-120.508328640425,34.496001720345724],[-120.50832747176777,34.49600440103247],[-120.50832510763435,34.49601066336958],[-120.50832268986296,34.49601872763393],[-120.50832144074892,34.49602411121157],[-120.50832019163467,34.49602949478918],[-120.50832011117821,34.49603219768014],[-120.50831880842604,34.49603938318502],[-120.5083176934056,34.49604026194432],[-120.50831636383418,34.4960483484128],[-120.50831614928315,34.49605555612198],[-120.50831577381864,34.49606816961302],[-120.50831555926737,34.496075377322164],[-120.50831640609927,34.49608350819934],[-120.5083174674825,34.49608443136737],[-120.50831834113352,34.4960916612809],[-120.50831826067683,34.496094364171825],[-120.50831918796575,34.496099792158056],[-120.50832011525479,34.49610522014427],[-120.50832205028978,34.49611337322578],[-120.50832403896284,34.49611972437996],[-120.50832504670889,34.49612244947524],[-120.50832806994744,34.496130624761],[-120.50833008544008,34.496136074951465],[-120.50833316231713,34.49614244830983],[-120.50833523144789,34.49614609657294],[-120.50833730057886,34.49614974483603],[-120.50834040427561,34.496155217230594],[-120.50834563074173,34.49616253596077],[-120.50834876125812,34.49616710739151],[-120.50834979582409,34.49616893152295],[-120.50835292634093,34.496173502953596],[-120.50835502229187,34.49617625025277],[-120.50836340609693,34.49618723944916],[-120.50836759800028,34.49619273404717],[-120.50837290492626,34.49619734988535],[-120.5083824573945,34.496205658393535],[-120.50837807776098,34.49620647054166],[-120.50837040669755,34.496208117041384],[-120.50836273563385,34.496209763540605],[-120.50835506456986,34.496211410039336],[-120.5083517731397,34.49621224439062],[-120.50834848170945,34.496213078741775],[-120.50834189884881,34.49621474744382],[-120.50833531598792,34.496216416145515],[-120.5083287331268,34.49621808484683],[-120.50832103524252,34.49622063230699],[-120.5083166287887,34.496222345416456],[-120.50831001910767,34.496224915080354],[-120.50830117937981,34.4962292422619],[-120.50829454287847,34.496232712888514],[-120.50827463337134,34.49624312476603],[-120.5082679968679,34.496246595391106],[-120.50826242174851,34.49625098918433],[-120.50824569638684,34.49626417056233],[-120.5082401212651,34.49626856435443],[-120.5082400944452,34.49626946531799],[-120.50823897942077,34.49627034407637],[-120.50823451932283,34.49627385910979],[-120.5082322892737,34.496275616626434],[-120.50822780235514,34.496280032623154],[-120.50822214677105,34.49628712930498],[-120.50821986308101,34.49629068874846],[-120.50817586749885,34.496342078615605],[-120.50817361062596,34.496344737094525],[-120.50817021190598,34.49634917529459],[-120.50816907005897,34.49635095501575],[-120.50816567133849,34.49635539321566],[-120.50816001574378,34.49636248989407],[-120.50815659020141,34.49636782905716],[-120.50815430650623,34.496371388499156],[-120.5081542796853,34.49637228946264],[-120.50815213009474,34.49637134408715],[-120.50814565450233,34.49636940892393],[-120.50814132850056,34.4963684191361],[-120.50813591429318,34.49636740714195],[-120.50813485290865,34.496366483972324],[-120.50813052690717,34.496365494184126],[-120.5081294387015,34.49636547197791],[-120.50812835049587,34.496365449771695],[-120.5081272622902,34.496365427565465],[-120.50812187490452,34.49636351460726],[-120.50811969849329,34.49636347019468],[-120.50811428428659,34.496362458199606],[-120.50810887008001,34.496361446204304],[-120.50810127946245,34.49636038979586],[-120.50808933602295,34.49635924456077],[-120.50806648370687,34.49635877822077],[-120.50805777806276,34.49635860056631],[-120.50805231021323,34.49635939049538],[-120.50805674350123,34.4963567764326],[-120.50806231863822,34.49635238264961],[-120.50807904404572,34.49633920129894],[-120.50808461918038,34.49633480751482],[-120.50809022113604,34.49632951276697],[-120.50809473488592,34.49632419581233],[-120.5080992486352,34.4963188788575],[-120.50810376238388,34.49631356190246],[-120.50811278987953,34.4963029279918],[-120.50811844547373,34.496295831315514],[-120.50812187101523,34.4962904921534],[-120.50812415470932,34.49628693271194],[-120.50812760707123,34.496280692586154],[-120.508129944407,34.496275331217575],[-120.50813345041009,34.4962672891646],[-120.5081346190776,34.496264608480246],[-120.50813698323344,34.49625834614799],[-120.50813934738889,34.49625208381567],[-120.50814168472303,34.496246722446784],[-120.50814412934051,34.496237757223824],[-120.50814423662416,34.49623415336982],[-120.5081455125744,34.4962278688313],[-120.5081467080618,34.49622428718325],[-120.50814809129508,34.496214398790656],[-120.50814827904102,34.49620809204611],[-120.50814849360775,34.49620088433801],[-120.50814868135355,34.49619457759344],[-120.50814788817924,34.496184644788876],[-120.50814690725926,34.496181018728876],[-120.50814600680187,34.49617468977834],[-120.50814510634457,34.49616836082779],[-120.50814521362791,34.49616475697374],[-120.50814330543031,34.49615570292668],[-120.50814128994963,34.49615025273365],[-120.50813930129006,34.49614390157707],[-120.50813731263077,34.496137550420464],[-120.50813527032992,34.49613300119087],[-120.50813222028953,34.49612572686466],[-120.50812917024962,34.4961184525384],[-120.50812503200785,34.49611115600595],[-120.50812293606621,34.49610840870321],[-120.50811877100442,34.4961020131341],[-120.50811773644433,34.49610018900093],[-120.5081146059432,34.496095617564876],[-120.5081125100023,34.496092870261954],[-120.50810831812085,34.49608737565606],[-120.50810412623996,34.496081881050024],[-120.5081030916804,34.49608005691675],[-120.50809783841957,34.49607363914074],[-120.50809361971872,34.496069045497876],[-120.5079667906801,34.49594024578657],[-120.50796254517043,34.49593655310312],[-120.50795829966113,34.495932860419536],[-120.5079476858895,34.49592362870999],[-120.50794237900456,34.49591901285491],[-120.50794129080487,34.495918990647276],[-120.50794022942797,34.49591806747622],[-120.50793598392059,34.495914374791944],[-120.50793386116702,34.49591252844974],[-120.50792852746065,34.49590881355751],[-120.50791995597925,34.495904131078255],[-120.50790923492308,34.495898503219244],[-120.50790708534741,34.495897557840024],[-120.50790172482002,34.49589474391009],[-120.50789315334164,34.49589006142907],[-120.50788670461598,34.49588722529047],[-120.50788240546579,34.495885334531216],[-120.50787486854172,34.49588247618388],[-120.50786839299379,34.49588054100772],[-120.50786191744619,34.495878605831244],[-120.5078586796725,34.49587763824288],[-120.5078511159263,34.49587568085748],[-120.50784355218047,34.49587372347163],[-120.50783381203708,34.495871721668216],[-120.50782730966709,34.49587068745329],[-120.50782080729728,34.49586965323803],[-120.50781754270042,34.49586958661194],[-120.507808863933,34.495868507978614],[-120.50780780255823,34.4958675848065],[-120.50779803559227,34.49586648396361],[-120.50778933000115,34.495866306292235],[-120.50776647782479,34.49586583990192],[-120.50775448081265,34.49586649656381],[-120.50774683659583,34.49586724206196],[-120.50774136877665,34.49586803197841],[-120.50773590095739,34.49586882189462],[-120.50773372455961,34.49586877747573],[-120.50772822991523,34.495870468354866],[-120.50772714171636,34.49587044614536],[-120.50772605351746,34.495870423935834],[-120.50772496531857,34.49587040172631],[-120.50772058569792,34.495871213851345],[-120.50771400285423,34.49587288252023],[-120.5077096232334,34.49587369464487],[-120.50770304038929,34.495875363313154],[-120.50769316612273,34.495877866314885],[-120.5076854682536,34.49588041373559],[-120.50767777038399,34.49588296115581],[-120.50767336393672,34.495884674242326],[-120.50766675426546,34.49588724387181],[-120.50765791454405,34.495891571007085],[-120.50765127804593,34.49589504159889],[-120.50763136854839,34.495905453372],[-120.50762473204813,34.49590892396227],[-120.50761915692044,34.49591331772584],[-120.50761469681787,34.495916832736484],[-120.5072730022655,34.49590985814834],[-120.50726429667334,34.49590968043936],[-120.50725447605211,34.495910381478964],[-120.50725336102292,34.49591126022815],[-120.50724462860047,34.495911983480696],[-120.5072413640034,34.49591191683914],[-120.50723480797889,34.495912684518686],[-120.5072282519543,34.49591345219789],[-120.50721840450193,34.49591505419747],[-120.50721073344738,34.49591670062453],[-120.50720744201953,34.49591753494496],[-120.5071975677356,34.49592003790573],[-120.50719098487936,34.49592170654577],[-120.50718328699278,34.49592425393395],[-120.50717888053427,34.49592596700208],[-120.5071744740756,34.49592768007005],[-120.50716786438724,34.49593024967167],[-120.50715902463762,34.495934576769464],[-120.50715350314756,34.49593716858488],[-120.50715129991772,34.4959380251184],[-120.50714577842722,34.49594061693344],[-120.50714246016648,34.495942352214904],[-120.50712918712216,34.49594929333983],[-120.5071225505992,34.495952763901705],[-120.50711697544351,34.49595715764103],[-120.50709467481495,34.495974732595535],[-120.50708909965634,34.495979126333445],[-120.5070845858649,34.495984443249206],[-120.50707555828029,34.49599507708014],[-120.50706315876383,34.49600924811496],[-120.50706207056368,34.49600922589944],[-120.50705235725975,34.49600632307103],[-120.50704911949194,34.49600535546139],[-120.50704264395654,34.49600342024188],[-120.5070415557565,34.49600339802619],[-120.50703508022147,34.49600146280628],[-120.50702642828678,34.4959994831544],[-120.50701883771968,34.49599842668059],[-120.50701124715283,34.495997370206304],[-120.50700583298605,34.495996358163616],[-120.50700259521922,34.49599539055278],[-120.50699282825313,34.4959942896453],[-120.5065899112976,34.49595901792215],[-120.50659105317139,34.49595723821689],[-120.50659445195514,34.49595280006349],[-120.50659559382875,34.49595102035818],[-120.50659787757579,34.495947460947505],[-120.50660554864285,34.49594581455961],[-120.50661213151069,34.495944145951746],[-120.50661982941423,34.49594159860043],[-120.50662423588378,34.49593988555303],[-120.50662864235314,34.495938172505454],[-120.50670246410722,34.49590902845242],[-120.50670352546969,34.49590995163363],[-120.50670883228233,34.495914567539614],[-120.50671522729422,34.495919205663945],[-120.5067194995812,34.49592199742581],[-120.50672698279304,34.49592665776809],[-120.5067344928415,34.49593041714735],[-120.50674200289068,34.495934176526184],[-120.50674524065172,34.49593514414371],[-120.5067506011395,34.49593795812286],[-120.50675166250286,34.49593888130369],[-120.50675381206523,34.495939826702745],[-120.50675596162763,34.49594077210177],[-120.50675704982663,34.49594079431998],[-120.50676455987778,34.49594455369749],[-120.50677318496413,34.49594743433005],[-120.50678181005112,34.495950314962],[-120.5067871973764,34.49595222797702],[-120.50679476110032,34.49595418542756],[-120.5068012366254,34.49595612065983],[-120.50680232482465,34.49595614287764],[-120.50680880035009,34.49595807810952],[-120.50681745227443,34.495960057776436],[-120.50682828059789,34.49596208187792],[-120.50683804755724,34.495963182798334],[-120.50684781451692,34.495964283717974],[-120.50685652011198,34.49596446145688],[-120.50687284310294,34.49596479471564],[-120.5068804604988,34.49596495023565],[-120.50689245752655,34.495964293660585],[-120.50689683715828,34.49596348156585],[-120.50690448138815,34.49596273612167],[-120.50690883418578,34.49596282498917],[-120.50691976984757,34.49596124523185],[-120.50692635271147,34.49595957660682],[-120.50693402377449,34.49595793019804],[-120.50693731520622,34.495957095885174],[-120.50694718950103,34.49595459294602],[-120.50695377236394,34.495952924319454],[-120.50696147025926,34.49595037694617],[-120.50696916815416,34.49594782957239],[-120.50697357461766,34.49594611651208],[-120.50698018431258,34.49594354692129],[-120.50698902407161,34.49593921983689],[-120.50699566059855,34.49593574928247],[-120.50700229712494,34.495932278727665],[-120.50701557017612,34.49592533761687],[-120.50702220670091,34.49592186706089],[-120.50702887005774,34.49591749554174],[-120.50703444521503,34.4959131018065],[-120.50705563080737,34.49589640560998],[-120.50706107180073,34.495896516687424],[-120.50706868919148,34.495896672195435],[-120.50707630658229,34.49589682770297],[-120.50708830359991,34.495896171108164],[-120.50709268322659,34.495895359006134],[-120.50710032744922,34.495894613549346],[-120.50710468024397,34.495894702409714],[-120.5071156158942,34.49589312263427],[-120.50712219874939,34.495891453998254],[-120.50712986980301,34.49588980757673],[-120.50713754085633,34.495888161154696],[-120.50714083228361,34.49588732683611],[-120.507150706565,34.49588482387984],[-120.50715728941897,34.49588315524186],[-120.50716498730236,34.495880607855185],[-120.50716939375866,34.49587889478745],[-120.50717380021482,34.49587718171956],[-120.5071804098987,34.49587461211738],[-120.50718701958222,34.49587204251486],[-120.5071958593237,34.49586771541465],[-120.50719808938199,34.4958659579173],[-120.50720472589494,34.49586248735084],[-120.50720804415123,34.495860752067465],[-120.50721136240739,34.495859016784],[-120.50729782482732,34.49580759263888],[-120.50730002805231,34.49580673610249],[-120.50730666455657,34.495803265530064],[-120.50731332788966,34.495798893994255],[-120.50731890302453,34.49579450024495],[-120.50733562842562,34.49578131899532],[-120.50734120355816,34.49577692524488],[-120.50734231858459,34.49577604649476],[-120.50734337995287,34.49577696967066],[-120.50734659088685,34.49577883823531],[-120.50735195138685,34.49578165218853],[-120.50735410095274,34.49578259757717],[-120.50735946145325,34.49578541153008],[-120.50736803288903,34.495790094046896],[-120.5073744815881,34.49579293021186],[-120.50737878072104,34.49579482098833],[-120.50738307985421,34.49579671176465],[-120.50739061675202,34.495799570141344],[-120.50739709228112,34.49580150534212],[-120.5074068055754,34.49580440814267],[-120.50741004334033,34.495805375742684],[-120.50741760706822,34.49580733315471],[-120.50742734719219,34.49580933499061],[-120.50743384955115,34.49581036922643],[-120.5074403519103,34.49581140346192],[-120.50744361650396,34.49581147009799],[-120.50745229525917,34.49581254875684],[-120.50745335662914,34.49581347193185],[-120.50746312358267,34.49581457280187],[-120.50747182916626,34.495814750496265],[-120.50748706393775,34.49581506145995],[-120.50749576952154,34.495815239152634],[-120.50750559013076,34.495814538093036],[-120.50750670515609,34.49581365934136],[-120.50751543756714,34.49581293606951],[-120.50751870216105,34.49581300270358],[-120.50752525817603,34.49581223500831],[-120.50753181419093,34.495811467312684],[-120.50754166162655,34.495809865286994],[-120.507549332666,34.4958082188384],[-120.50755262408666,34.495807384508396],[-120.50756249834825,34.495804881517834],[-120.50756908118902,34.49580321285699],[-120.50757677905399,34.49580066544344],[-120.50758118549851,34.49579895236027],[-120.50758559194283,34.49579723927693],[-120.50759220160903,34.495794669651616],[-120.50760104132297,34.49579034252074],[-120.50760656279046,34.49578775068401],[-120.50760876601214,34.49578689414187],[-120.50761428747916,34.49578430230476],[-120.50761760572445,34.49578256700973],[-120.50763087870426,34.49577562582861],[-120.50763751519335,34.495772155237475],[-120.50764309031025,34.495767761472536],[-120.50766539077202,34.495750186409886],[-120.50767096588602,34.49574579264351],[-120.5076754796277,34.49574047570371],[-120.50768450710933,34.49572984182351],[-120.50772964448237,34.49567667241076],[-120.5077319013495,34.495674013939606],[-120.50773530006227,34.49566957575114],[-120.50773644190804,34.49566779603386],[-120.5077398406203,34.49566335784524],[-120.50774549619838,34.49565626118503],[-120.50774892173428,34.4956509220328],[-120.50775120542463,34.49564736259791],[-120.50775348911473,34.49564380316295],[-120.50775694147406,34.49563756304712],[-120.50775927881257,34.49563220168539],[-120.50776278481972,34.49562415964266],[-120.5077639534886,34.49562147896173],[-120.50776631765052,34.49561521663648],[-120.50776873546071,34.49560715238447],[-120.50776998460206,34.495601768813444],[-120.50777123374327,34.495596385242386],[-120.5077713142161,34.495593682352364],[-120.50777261700557,34.495586496854585],[-120.50777373202507,34.495585618100186],[-120.50777506163838,34.495577531639015],[-120.50777527623215,34.49557032393225],[-120.50777565177108,34.495557710445375],[-120.50777586636467,34.49555050273858],[-120.50777501958765,34.49554237185953],[-120.50777395821719,34.495541448687256],[-120.50777308461622,34.49553421877154],[-120.50777316508884,34.49553151588148],[-120.50777223783957,34.49552608789245],[-120.5077713105904,34.49552065990343],[-120.50776937561969,34.49551250681538],[-120.50776738700084,34.49550615565404],[-120.5077663792794,34.49550343055502],[-120.50776335611543,34.49549525525795],[-120.50776134067307,34.495489805059876],[-120.50775826386139,34.495483431689394],[-120.50775619477095,34.49547978341795],[-120.50775412568069,34.49547613514646],[-120.50775102204562,34.49547066273918],[-120.50774579567252,34.49546334398691],[-120.50774266521397,34.495458772542804],[-120.50774163066937,34.495456948406975],[-120.50773850021127,34.49545237696277],[-120.50773640429787,34.49544962965437],[-120.5077280206457,34.495438640420474],[-120.5077238288204,34.49543314580333],[-120.50771852197785,34.495428529940064],[-120.50769729461342,34.49541006648489],[-120.50769198777378,34.495405450620574],[-120.50768662728471,34.49540263668268],[-120.507689945513,34.495400901384855],[-120.50777807389773,34.49536663958566],[-120.5077846835238,34.495364069948025],[-120.50778800174861,34.49536233464737],[-120.50779572639016,34.495358886254394],[-120.5078034510311,34.49535543786091],[-120.50781120249503,34.4953510885035],[-120.50781566255813,34.4953475734837],[-120.50781677757384,34.49534669472872],[-120.50782121081299,34.49534408067211],[-120.50782673224396,34.49534148882366],[-120.50783339551336,34.4953371172564],[-120.50783897059011,34.4953327234805],[-120.50784454566627,34.495328329704336],[-120.50785014756502,34.49532303496444],[-120.50785017438817,34.49532213400101],[-120.5078524044182,34.495320376490334],[-120.50785574946303,34.495317740224266],[-120.50786132453732,34.49531334644723],[-120.50786583824228,34.49530802949852],[-120.50787035194665,34.49530271254959],[-120.50787486565045,34.49529739560048],[-120.50787937935365,34.49529207865117],[-120.50788503489322,34.49528498198253],[-120.50788846040375,34.49527964282503],[-120.50789188591384,34.49527430366741],[-120.50789193955916,34.49527250174047],[-120.50789305457305,34.4952716229847],[-120.50789533824607,34.4952680635462],[-120.50789879057776,34.49526182342486],[-120.50790112789532,34.49525646205927],[-120.50790346521258,34.4952511006936],[-120.50790463387108,34.49524842001075],[-120.50790699801033,34.49524215768151],[-120.50790933532676,34.495236796315695],[-120.50791177993248,34.49522783109584],[-120.50791188722211,34.49522422724188],[-120.50791316316945,34.495217942704926],[-120.50791327045896,34.495214338850964],[-120.50791454640601,34.49520805431398],[-120.50791457322838,34.49520715335047],[-120.50791568824113,34.495206274594445],[-120.50791701783247,34.49519818813043],[-120.50791723241102,34.49519098042242],[-120.50791742016715,34.49518467367793],[-120.50791760792322,34.4951783669334],[-120.50791681477848,34.495168434127436],[-120.50791583387776,34.49516480806599],[-120.50791493344403,34.49515847911402],[-120.5079140330104,34.49515215016204],[-120.50791414029962,34.49514854630802],[-120.50791223214347,34.495139492258076],[-120.50791021669838,34.49513404206212],[-120.50790822807588,34.49512769090262],[-120.50790722035354,34.49512496580462],[-120.50790419718693,34.49511679051058],[-120.5079021817428,34.495111340314516],[-120.50789910493228,34.495104966947366],[-120.50789703584387,34.49510131867823],[-120.50789393221157,34.49509584627449],[-120.50788870584692,34.4950885275284],[-120.50788032220726,34.49507753830508],[-120.50787193856974,34.49506654908127],[-120.5078677467518,34.49506105446917],[-120.50786355493439,34.495055559856944],[-120.50785824810636,34.4950509440002],[-120.50785081854809,34.495044481800406]]],[[[-120.50858875326323,34.49520107671696],[-120.50858986826921,34.49520019795445],[-120.50859101009026,34.495198418228],[-120.50860821784441,34.49516901943743],[-120.50863711632658,34.49518583622033],[-120.50858875326323,34.49520107671696]]],[[[-120.50894700414416,34.49574929195172],[-120.50895472877932,34.49574584348506],[-120.50896136521558,34.49574237281943],[-120.50896800165134,34.49573890215342],[-120.508971319869,34.49573716682026],[-120.5089734426424,34.49573901314526],[-120.50897556541588,34.495740859470224],[-120.50897553860439,34.49574176043437],[-120.50898084553855,34.49574637624663],[-120.50896645765629,34.49575419634538],[-120.5089642812595,34.49575415194853],[-120.50895671749409,34.49575219463099],[-120.5089502419274,34.49575025951156],[-120.50894700414416,34.49574929195172]]],[[[-120.50741870219682,34.49536831979218],[-120.50737825129156,34.49537380468392],[-120.50736837707709,34.49537630766172],[-120.50736399747996,34.495377119774986],[-120.50735741466987,34.49537878842614],[-120.50735412326475,34.495379622751585],[-120.50734424904897,34.495382125727346],[-120.50733766623816,34.4953837943774],[-120.50732996840601,34.495386341777376],[-120.5073255619792,34.4953880548523],[-120.50732115555223,34.49538976792705],[-120.50731454591143,34.495392337538874],[-120.50730570622733,34.49539666465043],[-120.50730018477796,34.49539925647443],[-120.50729798156394,34.49540011301133],[-120.50729246011412,34.49540270483495],[-120.50728914187822,34.495404440121604],[-120.50727586893323,34.49541138126726],[-120.50730295140342,34.495379479713435],[-120.50730520827497,34.4953768212503],[-120.50730860699657,34.495372383073956],[-120.5073097488467,34.49537060336081],[-120.5073142894177,34.49536438547112],[-120.50731882998805,34.495358167581244],[-120.50732337055769,34.495351949691155],[-120.50732682293489,34.49534570958807],[-120.50733027531155,34.49533946948487],[-120.50733261266734,34.49533410813189],[-120.50733611870045,34.495326066102315],[-120.507337287378,34.495323385425756],[-120.50733965156148,34.495317123109515],[-120.50734198891598,34.495311761756284],[-120.5073444335845,34.495302796550625],[-120.50734454089884,34.49529919269827],[-120.50734581688992,34.49529290816922],[-120.50734701239516,34.49528932652944],[-120.50734711970934,34.495285722677046],[-120.5073775236345,34.49532510825149],[-120.50737959270461,34.495328756528565],[-120.50738481903703,34.49533607529491],[-120.507389037663,34.49534066895947],[-120.50739116039021,34.49534251531015],[-120.50739540584492,34.495346208011405],[-120.50739646720866,34.4953471311867],[-120.50739644038059,34.49534803214981],[-120.50740174719967,34.495352648026156],[-120.5074176676604,34.495366495653926],[-120.50741870219682,34.49536831979218]]],[[[-120.50781952995851,34.496387995847705],[-120.50762385587899,34.49641375206743],[-120.50770016090307,34.49633777954238],[-120.5077872056872,34.496376518015],[-120.50779150485955,34.49637840877847],[-120.50779580403213,34.496380299541784],[-120.50780334099696,34.49638315789563],[-120.50780981658133,34.49638509307671],[-120.50781952995851,34.496387995847705]]],[[[-120.5081588470596,34.49438996015469],[-120.50815890069741,34.49438815822712],[-120.508159276162,34.49437554473411],[-120.50815949071308,34.494368337023815],[-120.50815864390333,34.4943602061449],[-120.50815758254261,34.494359282976276],[-120.50815670891419,34.49435205306113],[-120.50815678937084,34.49434935016975],[-120.50815586210476,34.494343922182175],[-120.50815493483877,34.4943384941946],[-120.50815299985037,34.49433034111078],[-120.50815302666926,34.49432944014699],[-120.50815520302773,34.49432948455669],[-120.50815955574464,34.494329573375985],[-120.5081671461805,34.49433062977316],[-120.5081714720788,34.49433161955584],[-120.50818341523221,34.49433276477073],[-120.50819103248726,34.494332920202645],[-120.50819639292843,34.4943357341166],[-120.50820711381185,34.49434136194385],[-120.5081881588465,34.49435630085268],[-120.50818258385542,34.49436069464877],[-120.50817807022474,34.49436601161304],[-120.50816904296168,34.494376645540996],[-120.50816678614555,34.49437930402287],[-120.50816338751166,34.49438374222747],[-120.508162245694,34.494385521950235],[-120.5081588470596,34.49438996015469]]]]},"properties":{"id":"native-hard-H11952-604","survey_id":"H11952","depth_ft_range":[59.1,88.8],"max_product_uncertainty_m":0.29,"approx_display_area_m2":8929,"native_resolution_m":[2.0,2.0],"survey_dates":["2008-08-26T00:00:00","2008-09-04T00:00:00"],"noaa_bag_url":"https://data.ngdc.noaa.gov/platforms/ocean/nos/coast/H10001-H12000/H11952/BAG/H11952_MB_2m_MLLW_2of4.bag","noaa_bag_sha256":"0cb528795f939e9238e9b11f52279940a2365b2b4b6f52d9f9db8aea82b235fa","survey_report_url":"https://data.ngdc.noaa.gov/platforms/ocean/nos/coast/H10001-H12000/H11952/DR/H11952.pdf","usgs_metadata_urls":["https://cmgds.marine.usgs.gov/data/csmp/OffshorePointConception/metadata/SeafloorCharacter_OffshorePointConception_metadata.xml","https://cmgds.marine.usgs.gov/data/csmp/OffshoreGaviota/metadata/SeafloorCharacter_OffshoreGaviota_metadata.xml"],"fishing_target":false,"exportable":false,"legal_clearance":false,"fish_confirmed":false,"depth_qualified_for_target":false}},{"type":"Feature","geometry":{"type":"MultiPolygon","coordinates":[[[[-120.51467536012316,34.50807428442055],[-120.51466986478188,34.5080759755806],[-120.51466213918854,34.50807942436369],[-120.51465441359458,34.50808287314627],[-120.51464889148957,34.50808546527155],[-120.51464225425799,34.508088936208004],[-120.51463673215221,34.508091528332685],[-120.51463118328313,34.5080950214233],[-120.51462449252395,34.50810029429111],[-120.51461780176392,34.508105567158516],[-120.5146155715104,34.50810732478091],[-120.51461559827356,34.508106423814716],[-120.51461698103175,34.50809653534164],[-120.51461738247869,34.5080830208488],[-120.51461653498355,34.508074889998106],[-120.51461568748849,34.50806675914738],[-120.5146137248674,34.50805950710786],[-120.51461271679385,34.50805678205428],[-120.51461072741007,34.508050430980916],[-120.51460873802655,34.50804407990753],[-120.51460568704381,34.50803680571287],[-120.51460154769896,34.508029509363055],[-120.5145984164275,34.50802493806681],[-120.51459740835479,34.508022213013135],[-120.51467536012316,34.50807428442055]]],[[[-120.51448312149658,34.507946864104376],[-120.5144025114736,34.507910965659185],[-120.51439821156065,34.50790907509979],[-120.51439067333077,34.50790621710354],[-120.51438095837987,34.50790331479287],[-120.51437339338558,34.50790135776165],[-120.51436582839169,34.507899400729954],[-120.51435499831614,34.507897377226215],[-120.51434740655725,34.50789632115946],[-120.51433546135604,34.50789517646277],[-120.51432675447101,34.50789499920337],[-120.51431475573806,34.5078956564367],[-120.5143092871687,34.507896446614744],[-120.51430278377127,34.507895412702844],[-120.51429301529225,34.507894312317354],[-120.51427777824415,34.50789400210774],[-120.51426795623237,34.50789470365222],[-120.51426357602335,34.507895515986185],[-120.51425924934783,34.50789452638803],[-120.51424948086971,34.507893425999086],[-120.51424295070652,34.50789329305001],[-120.51424528802917,34.50788793157062],[-120.51424765211843,34.507881669125204],[-120.51425009650787,34.5078727037818],[-120.51425137223606,34.50786641917813],[-120.51425142576976,34.507864617246184],[-120.51425272826451,34.50785743167651],[-120.51425405752579,34.50784934514081],[-120.51425424489334,34.50784303837898],[-120.51425345096818,34.507833105595125],[-120.51425254997598,34.5078267766752],[-120.51425064092471,34.507817722699215],[-120.51424865157335,34.507811371621166],[-120.51424666222225,34.50780502054307],[-120.51424363804585,34.50779684537486],[-120.51424056033623,34.50779047213854],[-120.51423849068547,34.507786823958284],[-120.51423538620963,34.507781351687825],[-120.51423541297656,34.507780450721846],[-120.51448312149658,34.507946864104376]]],[[[-120.51413715770548,34.50771534451152],[-120.51412632766029,34.5077133209887],[-120.51411873592177,34.50771226490852],[-120.51404499526436,34.507701748401026],[-120.51404181049753,34.50769897902383],[-120.51403119460961,34.50768974776596],[-120.5140258866665,34.50768513213671],[-120.51401946359726,34.50768139531302],[-120.51401304052861,34.50767765848901],[-120.51400767904876,34.50767484479069],[-120.51400016762373,34.50767108580587],[-120.51399695609017,34.507669217393435],[-120.51399050625405,34.50766638153414],[-120.51398620636354,34.507664490961105],[-120.51397866817089,34.50766163294084],[-120.51396895326425,34.50765873059911],[-120.51396138830297,34.50765677354364],[-120.51395488492946,34.50765573961415],[-120.51395501877857,34.50765123478515],[-120.5139554203257,34.50763772029811],[-120.51395462643654,34.50762778751365],[-120.51395372546835,34.50762145859238],[-120.51395181645303,34.50761240461306],[-120.51394982712857,34.50760605353111],[-120.51394783780438,34.507599702449156],[-120.5139458217106,34.50759425233298],[-120.51394274403064,34.50758787909025],[-120.51394067439763,34.5075842309056],[-120.51413715770548,34.50771534451152]]],[[[-120.5139725897473,34.508086120787844],[-120.51397362457,34.50808794488005],[-120.51397670226837,34.50809431812244],[-120.5139787719142,34.5080979663068],[-120.51398187638327,34.50810343858331],[-120.51398397279951,34.50810618580186],[-120.51398813886243,34.508112581204614],[-120.51399127010251,34.50811715251516],[-120.51399230492598,34.50811897660724],[-120.51391376461558,34.50808672602599],[-120.51390548604591,34.508072133284415],[-120.51391302427191,34.50807499131054],[-120.51391950090641,34.50807692620928],[-120.51392706590393,34.50807888326883],[-120.51393463090182,34.508080840327914],[-120.51393786921955,34.50808180777678],[-120.51394652258075,34.508083786996195],[-120.51395629107542,34.50808488741014],[-120.51396605957041,34.508085987823314],[-120.5139725897473,34.508086120787844]]],[[[-120.51371633566596,34.50791412330175],[-120.5134438628532,34.5078481732576],[-120.51344391640423,34.507846371326764],[-120.51344516541647,34.50784098769951],[-120.51344641442851,34.507835604072234],[-120.5134477169913,34.507828418514094],[-120.51344904632927,34.50782033199048],[-120.51344942118517,34.507807718474446],[-120.51344857380519,34.50779958762033],[-120.51344769964992,34.50779235773163],[-120.5134467719439,34.507786929773786],[-120.51344584423798,34.50778150181596],[-120.51344385494927,34.50777515072741],[-120.5134408308535,34.5077669755427],[-120.51343775320731,34.5077606022888],[-120.51343568359309,34.50775695409644],[-120.51343257917205,34.507751481807865],[-120.51343048278271,34.50774873458086],[-120.51342631678001,34.50774233916134],[-120.51342318558449,34.50773776783799],[-120.51341899280717,34.507732273383674],[-120.51341480003042,34.507726778929246],[-120.51340949212081,34.50772216327457],[-120.51339887630338,34.50771293196461],[-120.51339356839554,34.50770831630931],[-120.51339359517146,34.5077074153439],[-120.51339587898984,34.50770385581359],[-120.51339933149286,34.507697615552594],[-120.51340283754699,34.50768957336065],[-120.51340520169175,34.50768331093385],[-120.51340645070337,34.50767792730687],[-120.5134076997148,34.50767254367987],[-120.51340900227746,34.507665358122004],[-120.51341033161553,34.507657271598674],[-120.51341070647499,34.507644658082675],[-120.51340977877246,34.50763923012461],[-120.51341086712898,34.50763925229009],[-120.51341737049268,34.50764028624822],[-120.51342605056969,34.50764136453673],[-120.51343581900358,34.5076424649899],[-120.51345105599616,34.50764277530257],[-120.5134608779809,34.50764207382282],[-120.51346961160895,34.50764135017732],[-120.51347616852361,34.507640582201425],[-120.5134827254382,34.50763981422516],[-120.51349039748412,34.50763816744783],[-120.51350027301757,34.50763566403389],[-120.51349907756219,34.50763924573118],[-120.51349769468354,34.507649134186856],[-120.51349750726038,34.507655440945264],[-120.51349835464454,34.50766357179936],[-120.51349922880358,34.507670801687965],[-120.51349917525411,34.50767260361894],[-120.51350007618801,34.507678932542035],[-120.51350198515505,34.50768798652629],[-120.51350397444658,34.507694337614076],[-120.5135059905131,34.507699787736335],[-120.51350906816263,34.50770616098872],[-120.51351113777903,34.50770980917993],[-120.51351318062096,34.50771435833661],[-120.51351628504617,34.507719830623344],[-120.5135204778295,34.50772532507457],[-120.51352467061336,34.50773081952566],[-120.5135288633978,34.50773631397663],[-120.51353417131514,34.50774092962643],[-120.51353735606584,34.507743699016196],[-120.5135394524587,34.507746446241505],[-120.51354473360296,34.507751962856396],[-120.51355112988034,34.50775660066986],[-120.51355649134865,34.507759414387756],[-120.51356179926898,34.50776403003647],[-120.51356928390665,34.50776869001326],[-120.51357679531912,34.507772449024095],[-120.5135832451478,34.50777528490497],[-120.51364559351491,34.50780269840333],[-120.51364548642171,34.50780630226559],[-120.51364633382094,34.50781443311917],[-120.5136472079936,34.50782166300718],[-120.51364813571298,34.507827090964035],[-120.51364906343244,34.5078325189209],[-120.51365105273804,34.50783887000676],[-120.51365407685684,34.507847045187184],[-120.51365715452263,34.5078534184364],[-120.51365922414888,34.50785706662546],[-120.51366232858858,34.507862538909],[-120.5136644249884,34.50786528613243],[-120.51366859101539,34.50787168154474],[-120.51367172222929,34.507876252862516],[-120.51367591503035,34.50788174730905],[-120.51368010783197,34.507887241755455],[-120.51368541576717,34.507891857399336],[-120.51369603163926,34.50790108868648],[-120.51370133957622,34.50790570432974],[-120.51370776264677,34.50790944117018],[-120.51371418571792,34.507913178010305],[-120.51371633566596,34.50791412330175]]],[[[-120.51347478604674,34.5082734145729],[-120.51364054685052,34.50833899452759],[-120.51365026182167,34.508341896898074],[-120.51365782683541,34.50834385397501],[-120.51366539184953,34.50834581105148],[-120.51367189527161,34.50834684499845],[-120.51367895159005,34.50836592041873],[-120.51352373422081,34.50838529723947],[-120.5135182656139,34.508386087380295],[-120.51351959495734,34.50837800085668],[-120.51351978238391,34.508371694098905],[-120.5135189349948,34.5083635632454],[-120.5135180608306,34.508356333357305],[-120.51351811438104,34.508354531426505],[-120.5135172134417,34.5083482025038],[-120.51351530446243,34.50833914851993],[-120.51351331515778,34.50833279743225],[-120.51351029103839,34.50832462224877],[-120.51350721336894,34.508318248996034],[-120.51350514373934,34.50831460080444],[-120.51350203929526,34.50830912851698],[-120.51349681167187,34.50830180996853],[-120.51349261886362,34.50829631551578],[-120.51349158404935,34.50829449141988],[-120.51347478604674,34.5082734145729]]],[[[-120.51313546132309,34.507525461780176],[-120.51310920691341,34.507529434574714],[-120.51310262322652,34.50753110349639],[-120.51309495118447,34.50753275024946],[-120.51308507565328,34.50753525363062],[-120.51307737683145,34.50753780134777],[-120.51307296985328,34.50753951460456],[-120.5130663593857,34.5075420844894],[-120.51306638616495,34.507541183524204],[-120.51306219342091,34.507535689058905],[-120.51305800067742,34.50753019459349],[-120.51305380793444,34.50752470012795],[-120.51304852683734,34.50751918349366],[-120.51304321896143,34.50751456782435],[-120.5130379110861,34.50750995215484],[-120.51303260321134,34.50750533648512],[-120.51302620698276,34.50750069864636],[-120.51301978397517,34.50749696177248],[-120.51301336096816,34.507493224898305],[-120.51301014946488,34.50749135646108],[-120.512974769378,34.50747260557682],[-120.51299619794304,34.507447799766396],[-120.51299959690364,34.50744336144767],[-120.51300413777716,34.50743714336746],[-120.51300639482375,34.50743448480987],[-120.51300982056301,34.50742914552561],[-120.51301210438892,34.50742558600271],[-120.5130155569071,34.50741934575307],[-120.51301906298409,34.507411303572894],[-120.51302142714793,34.507405041154186],[-120.51302267617872,34.5073996575318],[-120.51302392520934,34.507394273909384],[-120.51302522779886,34.50738708835655],[-120.51302655716768,34.50737900183848],[-120.51302693208108,34.50736638832559],[-120.51302608474414,34.50735825746997],[-120.51302521062777,34.50735102757956],[-120.51302428295249,34.50734559961954],[-120.5130233552773,34.507340171659536],[-120.51302136602948,34.50733382056553],[-120.51301834198892,34.50732564537228],[-120.51301526438974,34.507319272109406],[-120.5130131948041,34.50731562391091],[-120.51301009042598,34.507310151613126],[-120.51300799406111,34.50730740437976],[-120.51300382811148,34.50730100894774],[-120.51300069695473,34.50729643761496],[-120.51299650422641,34.50729094314793],[-120.51299231149862,34.507285448680776],[-120.51298700363999,34.507280833009645],[-120.5129763879245,34.507271601666744],[-120.51297108006762,34.50726698599499],[-120.5129700184963,34.5072660628606],[-120.51304986983378,34.507254166707675],[-120.51304870114501,34.50725684743491],[-120.51304641732567,34.50726040695886],[-120.51304296481702,34.50726664720992],[-120.51303951230786,34.507272887460836],[-120.51303600623946,34.50728092964207],[-120.51303364208079,34.507287192061405],[-120.5130311975835,34.50729615737631],[-120.5130299217758,34.50730244196417],[-120.51302853885008,34.507312330412866],[-120.51302813715824,34.5073258448911],[-120.51302898449525,34.50733397574675],[-120.51302983183237,34.50734210660237],[-120.51303179430155,34.507349358661486],[-120.51303280231569,34.50735208372581],[-120.51303479156473,34.507358434819665],[-120.51303678081405,34.507364785913495],[-120.51303879684303,34.50737023604209],[-120.51304187444568,34.50737660930449],[-120.51304497882813,34.50738208160162],[-120.51304601362236,34.50738390570064],[-120.51313546132309,34.507525461780176]]],[[[-120.51317428229251,34.507171958775665],[-120.51317545097595,34.50716927804698],[-120.51317781512032,34.5071630156242],[-120.5131801792643,34.507156753201365],[-120.5131825434079,34.50715049077845],[-120.51318490755108,34.50714422835548],[-120.51318618334408,34.50713794376523],[-120.5131863707871,34.50713163700778],[-120.5131867724505,34.507118122527494],[-120.51318597865404,34.507108189741416],[-120.51318507774747,34.507101860816746],[-120.51318316882445,34.50709280682881],[-120.51318117956902,34.507086455736896],[-120.51317919031389,34.50708010464498],[-120.51317818229762,34.50707737958167],[-120.51317932420186,34.50707559981821],[-120.51329997810925,34.507156488645606],[-120.51329780140888,34.50715644431319],[-120.51329565148497,34.50715549901532],[-120.51329347478466,34.50715545468283],[-120.51328590988665,34.50715349758797],[-120.5132783182124,34.50715244145808],[-120.5132706997617,34.50715228629313],[-120.51325437451041,34.5071519537952],[-120.51324237588264,34.5071526109274],[-120.51323473065506,34.50715335672559],[-120.51322708542737,34.50715410252327],[-120.51321832507227,34.507155727118956],[-120.51321174141708,34.507157396047965],[-120.51320515776163,34.507159064976605],[-120.51319745897833,34.50716161270313],[-120.51319305202264,34.5071633259653],[-120.51318644158881,34.50716589585825],[-120.51318312298294,34.50716763128725],[-120.51317539742051,34.507171079977645],[-120.51317428229251,34.507171958775665]]],[[[-120.51236680736538,34.50645683889314],[-120.5123096342709,34.50643854531907],[-120.51230756473618,34.5064348971104],[-120.51230337209452,34.506429402622686],[-120.51229917945342,34.506423908134856],[-120.51229387168665,34.506419292436995],[-120.51228325615483,34.50641006104065],[-120.51227794838981,34.50640544534215],[-120.51227152549916,34.506401708433366],[-120.51226510260913,34.506397971524265],[-120.51225974127227,34.5063951577547],[-120.51225223004393,34.506391398669926],[-120.51224901859968,34.506389530214925],[-120.51224795704726,34.50638860707498],[-120.51225661018822,34.50639058640543],[-120.51226420177696,34.50639164259546],[-120.51227614672355,34.50639278748469],[-120.51229138347526,34.506393097932204],[-120.5122990018512,34.506393253155245],[-120.51230664701349,34.50639250741296],[-120.5123143189619,34.50639086070533],[-120.5123164956407,34.50639090505442],[-120.5123186991057,34.5063900484386],[-120.5123252559282,34.50638928052061],[-120.51236680736538,34.50645683889314]]],[[[-120.51234770766034,34.50680623586331],[-120.51234640502524,34.50681342140741],[-120.51234619073489,34.506820629125976],[-120.51234698443065,34.50683056191352],[-120.51234878611298,34.50684321977],[-120.51234968695428,34.506849548698234],[-120.51235164935491,34.50685680076576],[-120.51235470010141,34.506864075007734],[-120.51235775084842,34.50687134924963],[-120.51235982039499,34.50687499745776],[-120.51236186315553,34.5068795466307],[-120.51236496747597,34.5068850189428],[-120.51236916014277,34.50689051342919],[-120.51237335281009,34.50689600791545],[-120.51237754547795,34.506901502401604],[-120.51238282649251,34.50690701906184],[-120.51238813429372,34.50691163475704],[-120.5123934420955,34.50691625045204],[-120.51239874989788,34.506920866146835],[-120.51240514604726,34.506925504015456],[-120.51241156898304,34.506929240918915],[-120.51241799191943,34.50693297782206],[-120.51242120338783,34.50693484627353],[-120.51250377397919,34.506977998021114],[-120.51240642893893,34.50699224193593],[-120.51239984528338,34.50699391082102],[-120.51239217328023,34.506995557531575],[-120.51238229779604,34.50699806085789],[-120.51237459900608,34.50700060853211],[-120.51237019204412,34.50700232176425],[-120.51236358160085,34.50700489161213],[-120.5123602629859,34.50700662701833],[-120.51235253740812,34.507010075655884],[-120.51234701531126,34.507012667677365],[-120.51234369669568,34.50701440308309],[-120.51231877479049,34.50690030497679],[-120.51231782037789,34.506895777978045],[-120.51231689275204,34.50689035001448],[-120.51231487678045,34.506884899876106],[-120.51231288759584,34.506878548772924],[-120.51230981006583,34.50687217549486],[-120.51230673253626,34.506865802216716],[-120.51230362822037,34.5068603299033],[-120.51229943555943,34.5068548354149],[-120.51229524289899,34.506849340926365],[-120.51229105023914,34.5068438464377],[-120.5122857692346,34.506838329773856],[-120.51228048823073,34.506832813109824],[-120.5122751804405,34.506828197410364],[-120.51226987265085,34.50682358171068],[-120.51226456486181,34.5068189660108],[-120.51225923028609,34.50681525127546],[-120.51225278057873,34.50681241532934],[-120.51224741921664,34.506809601558295],[-120.51224420775704,34.506807733102605],[-120.51223778483825,34.50680399619099],[-120.51223133513255,34.506801160243796],[-120.51222379708267,34.50679830212071],[-120.51221408234416,34.50679539964586],[-120.5122097557536,34.506794409978376],[-120.51220673180984,34.50678623476863],[-120.51234770766034,34.50680623586331]]],[[[-120.51179706971062,34.50646325979468],[-120.51172489097439,34.50647350848436],[-120.51171830734904,34.50647517733398],[-120.51171063538341,34.506476824003286],[-120.51170075994455,34.5064793272764],[-120.51169306118528,34.506481874908985],[-120.51168865423892,34.506483588117206],[-120.51168204381905,34.506486157929245],[-120.5116787252124,34.50648789331731],[-120.5116709996585,34.50649134191284],[-120.51166547757775,34.50649393390425],[-120.51165884036303,34.50649740467935],[-120.51165220314778,34.50650087545406],[-120.51164662747881,34.50650526937333],[-120.51164105180926,34.50650966329232],[-120.51163147109519,34.50650225595139],[-120.51170089390905,34.50647482245425],[-120.51170973459303,34.50647049507224],[-120.51171637180359,34.50646702429419],[-120.5117230090136,34.50646355351574],[-120.51172964622309,34.5064600827369],[-120.51173631022453,34.50645571099323],[-120.5117418858856,34.50645131706948],[-120.51174746154607,34.506446923145425],[-120.51175303720592,34.50644252922112],[-120.51175415233783,34.50644165043621],[-120.51179706971062,34.50646325979468]]],[[[-120.51167148297898,34.5061821336712],[-120.51167042143575,34.506181210526584],[-120.51166721001326,34.50617934205714],[-120.51166076037565,34.506176506082454],[-120.51165646061749,34.50617461543248],[-120.51164892264462,34.506171757276896],[-120.51164244621505,34.506169822265726],[-120.51163596978579,34.50616788725422],[-120.51162731668504,34.506165907881325],[-120.51161972512713,34.506164851652855],[-120.51161213356946,34.50616379542394],[-120.51160018866857,34.50616265047149],[-120.51158386363099,34.506162317758644],[-120.51157624528021,34.506162162491904],[-120.51156860013548,34.506162908189076],[-120.51156092819653,34.50616455485014],[-120.51155875152486,34.50616451048784],[-120.51155654805905,34.506165367089906],[-120.51154999124977,34.50616613496705],[-120.5115434076461,34.50616780380823],[-120.51153573570635,34.506169450467674],[-120.51152803697181,34.506171998090984],[-120.51152033823686,34.506174545713776],[-120.51151372783744,34.50617711551762],[-120.51150709064292,34.506180586285446],[-120.51150045344785,34.50618405705287],[-120.51149381625227,34.506187527819925],[-120.51148717905616,34.50619099858659],[-120.5114805150645,34.50619537031718],[-120.51147493940839,34.50619976422931],[-120.51146933695658,34.50620505910545],[-120.51146484963559,34.50620947519902],[-120.5114625925773,34.506212133727885],[-120.51145924718246,34.50621477007464],[-120.51145473306512,34.5062200871321],[-120.51145021894716,34.506225404189344],[-120.51144570482865,34.506230721246396],[-120.51144227904621,34.50623606048549],[-120.51143882646784,34.506242300688776],[-120.51143768454008,34.50624408043506],[-120.51140653092133,34.506302945151155],[-120.5111773456697,34.50609994138222],[-120.51118822901658,34.506100163226876],[-120.51120022749622,34.50609950629075],[-120.51120787263693,34.506098760616545],[-120.51121880957935,34.506097180530176],[-120.5112264815174,34.50609553389063],[-120.51123415345518,34.506093887250586],[-120.51124402885938,34.506091384013715],[-120.51125172759383,34.50608883640836],[-120.51125833799327,34.506086266618716],[-120.51126497518953,34.5060827958645],[-120.51127161238524,34.506079325109894],[-120.51127824958041,34.50607585435491],[-120.51128488677506,34.50607238359952],[-120.51129046243167,34.50606798969608],[-120.5113016137432,34.506059201888306],[-120.51130718939808,34.506054807984015],[-120.51131279184902,34.506049513115194],[-120.51131842109582,34.506043317281865],[-120.51132296200781,34.506037099265036],[-120.51132527265827,34.5060326388102],[-120.51137636456437,34.505962460864644],[-120.51142929719957,34.50605008474216],[-120.51143240143011,34.506055557074696],[-120.51143656720014,34.50606195255365],[-120.51144182130525,34.506068370214656],[-120.51144710220639,34.50607388691114],[-120.51145238310819,34.50607940360742],[-120.51145769080584,34.506084019339184],[-120.51146299850406,34.50608863507073],[-120.51146830620286,34.50609325080206],[-120.5114747290321,34.50609698775072],[-120.51148115186193,34.50610072469909],[-120.51148757469232,34.50610446164712],[-120.51149399752333,34.506108198594845],[-120.51150044714959,34.506111034577906],[-120.51150583523582,34.5061129474147],[-120.51151013498715,34.506114838069706],[-120.5115187612849,34.50611771841496],[-120.5115273875833,34.5061205987596],[-120.51153497913569,34.5061216549936],[-120.51153930568246,34.50612264468326],[-120.51154363222935,34.506123634372756],[-120.51155340045293,34.50612473496814],[-120.51156316867679,34.50612583556275],[-120.51157840537164,34.5061261460971],[-120.51158822718367,34.50612544476092],[-120.51159696066019,34.50612472124315],[-120.51160351746593,34.50612395336331],[-120.51161007427156,34.50612318548311],[-120.51161774620589,34.506121538818725],[-120.51168021000575,34.50610838766593],[-120.51167670386496,34.50611642980597],[-120.51167433964457,34.50612269219705],[-120.51167309055211,34.50612807580372],[-120.51167184145946,34.50613345941038],[-120.51167053878085,34.506140644945916],[-120.51166920930906,34.50614873144588],[-120.51166883420818,34.50616134494827],[-120.51166968140778,34.50616947580852],[-120.51167055540039,34.50617670570432],[-120.51167148297898,34.5061821336712]]],[[[-120.51265313562529,34.50700898774438],[-120.51265531232075,34.507009032088106],[-120.51265860414703,34.507008197638626],[-120.51266627614717,34.50700655091116],[-120.51267506327764,34.507004025389854],[-120.51267615162531,34.50700404756153],[-120.51268899753515,34.507011521341106],[-120.51268788240456,34.50701240013456],[-120.51268334153333,34.507018618203375],[-120.51267988900935,34.507024858443636],[-120.51267643648485,34.50703109868377],[-120.5126733053557,34.50702652734361],[-120.5126679975311,34.50702191165988],[-120.51265738188364,34.50701268029183],[-120.51265313562529,34.50700898774438]]],[[[-120.5126965502037,34.507160424456636],[-120.51270183125547,34.507165941104475],[-120.51270713909067,34.50717055678709],[-120.51271244692647,34.50717517246951],[-120.51271775476286,34.50717978815172],[-120.51272415094991,34.50718442600506],[-120.51272736243497,34.507186294449106],[-120.5128085504877,34.507239334450695],[-120.51272543408734,34.507251163930796],[-120.51271885041635,34.50725283283243],[-120.51271117839416,34.507254479562214],[-120.51270130288682,34.507256982913354],[-120.51269360408097,34.507259530606994],[-120.51268919711082,34.50726124385026],[-120.5126825866553,34.50726381371487],[-120.51267926803582,34.50726554912953],[-120.51267154244532,34.507268997786696],[-120.51266602033984,34.50727158982221],[-120.51265938309946,34.50727506065045],[-120.51265274585853,34.507278531478306],[-120.51264717018483,34.50728292544282],[-120.51263601883565,34.50729171337103],[-120.51263044316019,34.5072961073347],[-120.51262592905186,34.50730142443532],[-120.51262141494297,34.50730674153576],[-120.51261801596895,34.507311179843406],[-120.51261347507509,34.507317397908416],[-120.51261121801986,34.50732005645839],[-120.51260779226077,34.50732539573063],[-120.51260550842112,34.50732895524539],[-120.5126020558772,34.50733519548234],[-120.51259854976453,34.50734323764904],[-120.51259740784428,34.507345017406315],[-120.51256014584332,34.507316311449046],[-120.51255802270906,34.507314465173486],[-120.5125516265223,34.5073098273115],[-120.51254520355162,34.507306090414076],[-120.51253878058152,34.507302353516344],[-120.512532357612,34.5072986166183],[-120.51252805777611,34.50729672599602],[-120.51253461466902,34.507295958069875],[-120.51254228669785,34.507294311351515],[-120.51255216221364,34.50729180801367],[-120.51255986102625,34.50728926032927],[-120.51256426800028,34.50728754709085],[-120.51257087846095,34.50728497723289],[-120.51257419708328,34.50728324182133],[-120.51258192267878,34.50727979317057],[-120.51258744478717,34.507277201139004],[-120.51259408203046,34.50727373031481],[-120.51260071927321,34.50727025949023],[-120.51260629494834,34.507265865527884],[-120.51261744629686,34.507257077602354],[-120.51262302197023,34.50725268363917],[-120.51262753607591,34.50724736653851],[-120.512632050181,34.507242049437664],[-120.51267719119977,34.50718887841834],[-120.51268059016535,34.50718444010861],[-120.51268513104655,34.507178222040444],[-120.5126873880954,34.50717556348878],[-120.51269081384281,34.50717022421371],[-120.51269309767417,34.507166664696925],[-120.5126965502037,34.507160424456636]]],[[[-120.51242068600101,34.50728191729925],[-120.51241959764992,34.50728189512513],[-120.51241083726921,34.50728351966154],[-120.51240754542985,34.50728435410373],[-120.51240207688822,34.507285144197304],[-120.51239924041391,34.507270662237815],[-120.51240460181013,34.5072734760035],[-120.51240996320671,34.507276289768974],[-120.51241747451975,34.50728004884729],[-120.51242068600101,34.50728191729925]]],[[[-120.51340356671093,34.50722531016759],[-120.51343666299783,34.50724762045982],[-120.51343445951987,34.507248477095246],[-120.51342893743725,34.50725106916638],[-120.51342230022762,34.50725454003757],[-120.51341677814423,34.507257132108116],[-120.51341683169467,34.50725533017714],[-120.51341582366878,34.50725260511544],[-120.51341383439244,34.507246254026555],[-120.51341181834108,34.50724080390314],[-120.51340874071398,34.50723443064893],[-120.51340563631202,34.507228958360145],[-120.5134035399356,34.50722621113309],[-120.51340356671093,34.50722531016759]]],[[[-120.5143613578049,34.50826983070638],[-120.514365684501,34.50827082030176],[-120.51437109956275,34.50827183205426],[-120.51436998443123,34.50827271086297],[-120.5143613578049,34.50826983070638]]],[[[-120.51454936857259,34.50820965087956],[-120.51457196554632,34.50818216404031],[-120.5145719387826,34.508183065006456],[-120.51456742474176,34.508188382181466],[-120.51456399906506,34.50819372151181],[-120.51456054662404,34.50819996180816],[-120.51455820931123,34.508205323293836],[-120.51455587199808,34.508210684779456],[-120.51455154530238,34.50820969519086],[-120.51454936857259,34.50820965087956]]],[[[-120.51254137606195,34.505823027403395],[-120.51253487285197,34.505821993404865],[-120.51252510464563,34.505820892888984],[-120.51250986799533,34.50582058247509],[-120.51250004622236,34.50582128388737],[-120.5124913127814,34.505822007471515],[-120.51248478278849,34.50582187443541],[-120.51243665511602,34.50582900751196],[-120.51243779701686,34.505827227755034],[-120.51244233783548,34.50582100969225],[-120.51244459485241,34.5058183511433],[-120.51244802055383,34.50581301187223],[-120.51245030435453,34.505809452358115],[-120.5124537568393,34.50580321212179],[-120.51245726289173,34.50579516995524],[-120.51245962704364,34.50578890754576],[-120.51246087607953,34.50578352392835],[-120.51246212511523,34.50577814031093],[-120.51246342771876,34.50577095476335],[-120.51246475710596,34.505762868250706],[-120.5124649981616,34.505754759565164],[-120.51254137606195,34.505823027403395]]],[[[-120.51434819740078,34.508786128508305],[-120.51435127515064,34.5087925017429],[-120.51435544127334,34.508798897135165],[-120.51435960739668,34.50880529252729],[-120.51436273868121,34.508809863829825],[-120.5143637735206,34.5088116879193],[-120.51434935700992,34.508820409528084],[-120.51431913255543,34.50877471865438],[-120.51432027446151,34.50877293888062],[-120.51433099758053,34.508778566255614],[-120.51433420916315,34.50878043466112],[-120.51434065909562,34.50878327050599],[-120.51434495905086,34.50878516106905],[-120.51434819740078,34.508786128508305]]],[[[-120.5146959413437,34.509471143786214],[-120.51468500400199,34.50947272416725],[-120.51467842018573,34.50947439316821],[-120.51467074798776,34.50947604001353],[-120.51466087226251,34.50947854351365],[-120.51465317329973,34.50948109132384],[-120.51464876624533,34.509482804634004],[-120.51464215566341,34.50948537459895],[-120.51463883699014,34.50948711006427],[-120.51463111126161,34.509490558839],[-120.5146255890602,34.509493150958626],[-120.5146189517123,34.50949662188823],[-120.51461231436384,34.50950009281743],[-120.51460673863197,34.5095044868681],[-120.51459558716645,34.509513274968604],[-120.51459001143282,34.50951766901843],[-120.51458549731571,34.50952298618998],[-120.51458098319797,34.50952830336135],[-120.51457758422681,34.50953274172273],[-120.51457304334299,34.509538959859704],[-120.51457078628339,34.509541618445134],[-120.51456736054598,34.509546957772116],[-120.5145650767208,34.50955051732337],[-120.51456162421745,34.509556757616075],[-120.51455811818309,34.50956479984052],[-120.51455575406118,34.50957106228934],[-120.51455450508686,34.509576445928545],[-120.51455325611238,34.50958182956773],[-120.51455195360705,34.50958901513873],[-120.51455065110146,34.509596200709694],[-120.51454406727306,34.50959786970285],[-120.51453639506151,34.50959951653908],[-120.51452651931811,34.50960202002747],[-120.51451882034017,34.50960456782846],[-120.51451441327664,34.50960628113335],[-120.51450780268104,34.50960885109037],[-120.51450448400016,34.50961058655167],[-120.5144967582549,34.5096140353171],[-120.51449123604131,34.50961662743007],[-120.51448459867815,34.50962009835163],[-120.51447796131447,34.5096235692728],[-120.51447238556727,34.50962796331659],[-120.51446904011867,34.50963059974272],[-120.51446476688439,34.50962780821641],[-120.51446155526729,34.509625939813056],[-120.51445510526709,34.50962310397195],[-120.5144508052672,34.50962121341103],[-120.51444326688467,34.509618355411995],[-120.51443355173647,34.50961545309759],[-120.51442598658836,34.50961349606337],[-120.5144194830569,34.509612462152134],[-120.5144129795256,34.50961142824055],[-120.51440429922849,34.50961035001318],[-120.51439453054869,34.5096092496274],[-120.51437929318729,34.509608939417014],[-120.51436947097349,34.50960964096084],[-120.5143607371425,34.50961036466199],[-120.51435420684483,34.509610231713104],[-120.51426561953518,34.509622852320575],[-120.51426572660897,34.50961924845768],[-120.51426485237354,34.50961201857293],[-120.51426392460134,34.5096065906196],[-120.51426299682926,34.50960116266628],[-120.51426100744304,34.50959481158823],[-120.51425798321151,34.509586636419684],[-120.51425490544348,34.50958026318253],[-120.51425283575267,34.509576615001535],[-120.51424973121682,34.50957114272999],[-120.5142476347579,34.50956839551464],[-120.51424556506768,34.50956474733355],[-120.51424453022264,34.509562923242996],[-120.51428119634703,34.509538427448106],[-120.51429725439621,34.509547769486396],[-120.51430261600272,34.50955058317679],[-120.51431012760607,34.50955434214983],[-120.51431333921691,34.509556210556944],[-120.5143197892068,34.50955904640515],[-120.51432408920031,34.50956093697043],[-120.51433162757327,34.50956379497646],[-120.5143413427115,34.50956669729858],[-120.51434890785313,34.50956865433779],[-120.51435541138015,34.509569688252625],[-120.51436191490733,34.5095707221671],[-120.5143705951996,34.50957180039728],[-120.51438036387462,34.50957290078478],[-120.51439560122947,34.50957321099476],[-120.5144054234389,34.50957250944863],[-120.51441415726572,34.509571785744086],[-120.51442071432743,34.509571017723815],[-120.51442727138902,34.50957024970316],[-120.51443494359962,34.509568602873756],[-120.51444481934126,34.50956609939273],[-120.51445251831754,34.50956355159632],[-120.51445692537989,34.50956183829362],[-120.51446353597308,34.50955926833924],[-120.51446685465264,34.509557532878986],[-120.51447458039367,34.50955408411525],[-120.51448010260344,34.50955149200287],[-120.51448673996114,34.5095480210813],[-120.5144933773183,34.509544550159326],[-120.51449895305862,34.50954015611423],[-120.51451010453751,34.509531368023204],[-120.51451568027606,34.50952697397725],[-120.5145201943977,34.50952165680848],[-120.51452470851875,34.50951633963951],[-120.5145698496971,34.50946316793897],[-120.51457324866558,34.50945872957766],[-120.51457778954467,34.509452511440415],[-120.5145800466015,34.50944985285471],[-120.51458347233373,34.50944451352709],[-120.51458575615497,34.50944095397527],[-120.51458920865124,34.50943471368151],[-120.51459271467641,34.50942667145563],[-120.51459507879082,34.50942040900568],[-120.51459632775959,34.50941502536572],[-120.51459757672816,34.50940964172573],[-120.51459887922587,34.50940245615376],[-120.51459895951976,34.509399753255806],[-120.51462385844768,34.50940476766847],[-120.51462489329947,34.50940659175613],[-120.51462799785504,34.50941206401906],[-120.514632217556,34.50941665747151],[-120.5146374988739,34.50942217404539],[-120.51464280695664,34.50942678965306],[-120.51464811503999,34.509431405260536],[-120.51464917665673,34.509432328382],[-120.5146959413437,34.509471143786214]]],[[[-120.51468110549597,34.50857744449525],[-120.5145684948953,34.50859228086665],[-120.51455834279514,34.50853077145999],[-120.51460078919017,34.50853163552707],[-120.51461061127601,34.508530933958944],[-120.51461934499261,34.50853021023484],[-120.51462590197083,34.50852944219981],[-120.51463245894898,34.50852867416441],[-120.51464013105945,34.50852702731755],[-120.51465000667102,34.508524523813925],[-120.51465770554397,34.50852197599977],[-120.51466540441646,34.50851942818512],[-120.51466760791752,34.50851857152852],[-120.51467121203001,34.50854388720009],[-120.5146721130584,34.50855021611796],[-120.51467402216744,34.50855927008905],[-120.51467601156577,34.50856562116163],[-120.5146790358082,34.50857379632123],[-120.51468110549597,34.50857744449525]]],[[[-120.51504915603165,34.50927549333998],[-120.51505021765117,34.50927641645808],[-120.51503402576272,34.50927157934865],[-120.51504915603165,34.50927549333998]]]]},"properties":{"id":"native-hard-H11952-286","survey_id":"H11952","depth_ft_range":[59.1,84.3],"max_product_uncertainty_m":0.274,"approx_display_area_m2":2192,"native_resolution_m":[2.0,2.0],"survey_dates":["2008-08-26T00:00:00","2008-09-04T00:00:00"],"noaa_bag_url":"https://data.ngdc.noaa.gov/platforms/ocean/nos/coast/H10001-H12000/H11952/BAG/H11952_MB_2m_MLLW_2of4.bag","noaa_bag_sha256":"0cb528795f939e9238e9b11f52279940a2365b2b4b6f52d9f9db8aea82b235fa","survey_report_url":"https://data.ngdc.noaa.gov/platforms/ocean/nos/coast/H10001-H12000/H11952/DR/H11952.pdf","usgs_metadata_urls":["https://cmgds.marine.usgs.gov/data/csmp/OffshorePointConception/metadata/SeafloorCharacter_OffshorePointConception_metadata.xml","https://cmgds.marine.usgs.gov/data/csmp/OffshoreGaviota/metadata/SeafloorCharacter_OffshoreGaviota_metadata.xml"],"fishing_target":false,"exportable":false,"legal_clearance":false,"fish_confirmed":false,"depth_qualified_for_target":false}},{"type":"Feature","geometry":{"type":"MultiPolygon","coordinates":[[[[-120.48256597131461,34.457107899259306],[-120.48232521638407,34.45711555936995],[-120.4823186632767,34.45711632583848],[-120.48231102249453,34.45711706989273],[-120.48230338171224,34.45711781394649],[-120.48229462619572,34.45711943653717],[-120.48229133611207,34.45712027024636],[-120.48228366826986,34.4571219152503],[-120.48227708810217,34.457123582667975],[-120.48226939319974,34.45712612862242],[-120.4822627859717,34.457128696990715],[-120.48225946882764,34.457130431650434],[-120.48225174686422,34.45713387855512],[-120.48224622730999,34.45713646933692],[-120.48223959302044,34.45713993865529],[-120.48223295873038,34.45714340797328],[-120.48222629737961,34.45714777824226],[-120.48222072370325,34.45715217092559],[-120.48221515002629,34.457156563608635],[-120.48220957634877,34.45716095629141],[-120.48220506328549,34.45716627234015],[-120.48220055022162,34.45717158838871],[-120.48214081972328,34.457239773635216],[-120.48213763787845,34.45723700353473],[-120.48213233480419,34.45723238670042],[-120.4821259169932,34.457228648401575],[-120.48211949918279,34.457224910102425],[-120.48211308137293,34.45722117180296],[-120.48210557588783,34.45721741108738],[-120.4819488861566,34.457143864084294],[-120.48196574253735,34.457126181316426],[-120.48196799907521,34.45712352329677],[-120.4819770252252,34.45711289121765],[-120.48198156536208,34.45710667422657],[-120.48198610549827,34.4571004572353],[-120.48198847028546,34.45709419541029],[-120.48198963914759,34.457091514973364],[-120.481990780947,34.45708973548767],[-120.48199314573348,34.45708347366252],[-120.48199548345703,34.45707811278855],[-120.48199673350635,34.45707272949783],[-120.48199801061807,34.45706644525583],[-120.48199806474314,34.457064643353355],[-120.48199936891712,34.4570574581601],[-120.48200070015329,34.45704937201556],[-120.48200088959075,34.45704306535685],[-120.48200009960468,34.45703313247652],[-120.48199830313294,34.45702047432579],[-120.48199639841164,34.45701141998002],[-120.48199441250314,34.45700506848796],[-120.4819913930471,34.45699689267669],[-120.48198831946645,34.45699051876786],[-120.48198731298137,34.45698779349741],[-120.48256566827767,34.45708174925042],[-120.48256553299535,34.45708625400857],[-120.48256515420469,34.45709886733138],[-120.48256597131461,34.457107899259306]]],[[[-120.48148210874855,34.45692238824883],[-120.48143384024362,34.45689885551399],[-120.48148474424593,34.45690711692578],[-120.48148354830299,34.45691069830825],[-120.48148216288445,34.45692058634702],[-120.48148210874855,34.45692238824883]]],[[[-120.48215096359213,34.45951088353867],[-120.48214536268343,34.45951617716092],[-120.4821431060817,34.45951883518033],[-120.48213976177401,34.459521470782896],[-120.48213418792747,34.459525863453614],[-120.48212967472257,34.459531179491904],[-120.48212516151709,34.45953649553001],[-120.48212064831104,34.459541811567924],[-120.48211722281043,34.45954715002265],[-120.48211377024559,34.459553389428216],[-120.4821103176802,34.459559628833674],[-120.48210681098648,34.45956767014087],[-120.48210444612631,34.45957393196321],[-120.4821020000739,34.45958289663831],[-120.48210074998346,34.45958827992676],[-120.4820963720931,34.45958909120886],[-120.48208867695463,34.459591637140804],[-120.48201483289704,34.45947742662744],[-120.48215096359213,34.45951088353867]]],[[[-120.48528925749963,34.45934924191699],[-120.48497192407265,34.45936975498923],[-120.48496863392123,34.45937058876758],[-120.48496099294508,34.45937133297946],[-120.48495006181717,34.45937291096868],[-120.48494239380746,34.45937455613231],[-120.48493252335174,34.45937705746464],[-120.48492482830792,34.45937960358006],[-120.484920423416,34.45938131591805],[-120.48491381607776,34.459383884424724],[-120.48490720873914,34.45938645293102],[-120.48489948666007,34.45938989999769],[-120.4848917375466,34.45939424801672],[-120.48488616384522,34.45939864081985],[-120.48488064421115,34.45940123171691],[-120.4848739828022,34.45940560212708],[-120.48486838206507,34.45941089588219],[-120.48486612554956,34.4594135539559],[-120.48486278132722,34.45941618963703],[-120.4848572076229,34.45942058243869],[-120.48485272162475,34.459424997632695],[-120.48484929629865,34.45943033617202],[-120.4848447562308,34.45943655327141],[-120.48484249971384,34.459439211344595],[-120.48483907438644,34.459444549883564],[-120.48483562202415,34.459450789375275],[-120.48483328440297,34.45945615030682],[-120.4848321426268,34.45945792981972],[-120.48482996721242,34.45945788503407],[-120.4848180294682,34.459456737759474],[-120.48481041551817,34.45945658100867],[-120.48479842370477,34.45945723563784],[-120.48479078271984,34.45945797983864],[-120.4847831417348,34.45945872403894],[-120.48477221059305,34.459460302011564],[-120.48476454257245,34.4594619471635],[-120.48475687455159,34.459463592314926],[-120.48475029423766,34.45946525985943],[-120.48474259918079,34.459467805962724],[-120.48473599183075,34.45947037445921],[-120.48472715499439,34.45947470007337],[-120.48472052060761,34.45947816952174],[-120.48471388622032,34.45948163896972],[-120.48470831250403,34.459486031764],[-120.48470279285903,34.45948862265249],[-120.48469613143419,34.45949299305219],[-120.4846916454238,34.45949740823968],[-120.48469058475229,34.459496484892846],[-120.48468528139516,34.45949186815852],[-120.4846799780386,34.45948725142401],[-120.48467358697528,34.45948261229503],[-120.48466716887633,34.45947887411848],[-120.48466075077796,34.45947513594163],[-120.48465539335098,34.45947232111159],[-120.48464788754652,34.4594685605397],[-120.48465444082596,34.45946779395356],[-120.48466210884881,34.45946614880866],[-120.48466977687137,34.45946450366328],[-120.48467744489368,34.459462858517384],[-120.4847872970109,34.45942905977551],[-120.48479390435621,34.459426491276034],[-120.48480051170114,34.45942392277617],[-120.48480382889086,34.45942218804969],[-120.48481155097654,34.459418740989385],[-120.48481707061373,34.45941615009561],[-120.48482370499177,34.45941268064158],[-120.48483033936925,34.45940921118715],[-120.48483591307414,34.459404818386744],[-120.48484706048215,34.459396032785044],[-120.48485263418526,34.459391639983785],[-120.48485823492199,34.45938634622935],[-120.48486386269208,34.45938015152175],[-120.4848684027552,34.4593739344214],[-120.48487071333753,34.45936947444183],[-120.48487411162562,34.459365036854564],[-120.48487867872102,34.45935791880086],[-120.48488215810978,34.45935077835464],[-120.48488452275836,34.459344516468896],[-120.48488688740656,34.459338254583116],[-120.48488933315568,34.459329289838514],[-120.48489061009755,34.45932300556037],[-120.48489188703915,34.459316721282185],[-120.48489327211543,34.45930683319232],[-120.48489348838503,34.45929962556899],[-120.48489269805057,34.45928969269471],[-120.48489179958146,34.4592833636321],[-120.4848898945087,34.45927430931853],[-120.48488790833511,34.4592679578637],[-120.4848859221618,34.45926160640884],[-120.48488290235171,34.45925343065587],[-120.48487982847456,34.459247056808685],[-120.48487776120083,34.45924340821247],[-120.48485398756543,34.45920144935388],[-120.48491875682906,34.45918294952814],[-120.48528925749963,34.45934924191699]]],[[[-120.48452130176294,34.45944341650589],[-120.48440317436192,34.45942656009026],[-120.48440437022462,34.459422978676635],[-120.48440673491072,34.459416716801876],[-120.48440918071346,34.45940775206936],[-120.48441045769258,34.45940146779793],[-120.48441184282734,34.4593915797162],[-120.48441224841167,34.45937806542763],[-120.48441140405644,34.459369934457975],[-120.48441055970133,34.459361803488314],[-120.48440860060191,34.459354551074675],[-120.48440759401335,34.459351825820434],[-120.48440560787537,34.45934547435935],[-120.48440362173767,34.459339122898236],[-120.48440057493407,34.459331848087956],[-120.48439644042587,34.459324550881],[-120.48439331250609,34.459319978928264],[-120.4843912722916,34.45931542937213],[-120.4843871107458,34.4593090331175],[-120.48438186149583,34.45930261446599],[-120.48437658520741,34.459297096766846],[-120.48437128188037,34.45929248002006],[-120.48436597855392,34.45928786327306],[-120.48436067522805,34.45928324652587],[-120.48435428419832,34.459278607381506],[-120.48434786612974,34.459274869189386],[-120.48434144806176,34.45927113099693],[-120.48433502999437,34.45926739280418],[-120.48432646355882,34.45926270886419],[-120.48421689682046,34.45921447572392],[-120.4842181197283,34.45920999335975],[-120.48421936967681,34.4592046100431],[-120.48422067370683,34.45919742482148],[-120.48422200477737,34.45918933864739],[-120.48422238334842,34.45917672531281],[-120.48422153901248,34.4591685943425],[-120.48422066763588,34.45916136432464],[-120.48421974217783,34.45915593621172],[-120.48421881671985,34.4591505080988],[-120.48421683060019,34.45914415663529],[-120.48421381085996,34.45913598086868],[-120.48421073703855,34.45912960700696],[-120.48420866979727,34.45912595840075],[-120.48420556893566,34.4591204854914],[-120.48420347465388,34.45911773783758],[-120.48419931313171,34.4591113415774],[-120.48419618523023,34.4591067696203],[-120.48419199666807,34.45910127431237],[-120.48418780810646,34.45909577900431],[-120.48418250480238,34.4590911622502],[-120.48417189819598,34.45908192874137],[-120.48416659489367,34.45907731198665],[-120.48416017684895,34.45907357378558],[-120.48415375880482,34.45906983558419],[-120.48414946208142,34.45906794408473],[-120.4844142123688,34.45909503193467],[-120.48441917034252,34.459147421564154],[-120.48442009581356,34.459152849676144],[-120.48442208194902,34.45915920113701],[-120.48442202787177,34.45916100304223],[-120.48442306149755,34.45916282734375],[-120.4844239869689,34.459168255455694],[-120.48442600014356,34.45917370596393],[-120.48442798627987,34.45918005742473],[-120.48443106011976,34.459186431281736],[-120.4844341339601,34.4591928051387],[-120.48443723483939,34.45919827804297],[-120.48444142342261,34.45920377334332],[-120.48444561200635,34.459209268643555],[-120.48444873992533,34.459213840594956],[-120.4844529555484,34.45921843494235],[-120.48445401621382,34.45921935829102],[-120.48445929250298,34.45922487598689],[-120.48446459583107,34.45922949272992],[-120.48446989915975,34.45923410947274],[-120.48447520248902,34.45923872621536],[-120.48448162056103,34.45924246440094],[-120.48448803863361,34.45924620258621],[-120.48449124767014,34.45924807167872],[-120.4844764045245,34.45927120530194],[-120.48447412096287,34.4592747643207],[-120.48447066858186,34.45928100380135],[-120.48446716212378,34.45928904518714],[-120.48446479744634,34.45929530706354],[-120.48446243276852,34.45930156893988],[-120.48445998697527,34.459310533673985],[-120.48445871000163,34.45931681794623],[-120.48445732487417,34.459326706028904],[-120.48445713560527,34.45933301269718],[-120.4844579799648,34.45934114366674],[-120.48445885136287,34.459348373683696],[-120.48445879728604,34.45935017558891],[-120.48445969572263,34.45935650465324],[-120.48446160074978,34.459365558971456],[-120.48446358689243,34.45937191043181],[-120.48446557303535,34.45937826189215],[-120.48446758621692,34.459383712399855],[-120.48447066006639,34.45939008625614],[-120.48447376095459,34.45939555915975],[-120.48447898317895,34.459402878760386],[-120.48448317177439,34.45940837405972],[-120.48448736037035,34.459413869358926],[-120.48449154896686,34.459419364658],[-120.48449685230844,34.45942398140011],[-120.4845021556506,34.459428598142026],[-120.48450745899335,34.459433214883724],[-120.48451385004336,34.459437854020855],[-120.48452024109406,34.45944249315768],[-120.48452130176294,34.45944341650589]]],[[[-120.48399215101611,34.45905118189144],[-120.48392109886986,34.459061438246906],[-120.48391451857427,34.45906310574711],[-120.48390685057716,34.459064750846125],[-120.48389698013294,34.459067252095096],[-120.4838892850909,34.45906979814523],[-120.48388488019685,34.45907151044573],[-120.48387827285552,34.45907407889616],[-120.48387495566247,34.45907581359736],[-120.48387052372341,34.45907842684954],[-120.48386628109563,34.45907473343589],[-120.48385989011008,34.45907009426739],[-120.48385347208063,34.45906635605083],[-120.48384705405175,34.45906261783395],[-120.48384063602346,34.45905887961675],[-120.48383421799576,34.45905514139925],[-120.48382777292375,34.459052304133635],[-120.48382024015115,34.459049444466125],[-120.4838105319771,34.459046539994844],[-120.48380297216049,34.45904458127852],[-120.48379973610281,34.45904361312107],[-120.48379108858586,34.45904163200225],[-120.48378350172487,34.459040574236944],[-120.48377591486411,34.459039516471165],[-120.48376397720017,34.45903836909668],[-120.48375527559344,34.45903818987973],[-120.48374328383854,34.45903884440757],[-120.48372800193506,34.459040332679216],[-120.48372036098317,34.4590410768143],[-120.48371160528418,34.45904269949851],[-120.48370393728577,34.45904434458468],[-120.48350098154641,34.45909786086212],[-120.48350000203887,34.45909423464974],[-120.4834980159755,34.459087883176934],[-120.48349698237121,34.45908605886851],[-120.48349597581544,34.45908333360808],[-120.48349398975262,34.45907698213521],[-120.48348982828799,34.45907058585326],[-120.48348566682395,34.459064189571215],[-120.48347728980043,34.459053198910674],[-120.48347310128948,34.45904770358022],[-120.4834678250784,34.459042185844936],[-120.48346252181922,34.459037569061394],[-120.48345721856062,34.459032952277674],[-120.4834519153026,34.45902833549372],[-120.48344552434476,34.45902369630467],[-120.48344019403892,34.45901998047222],[-120.48343374898421,34.4590171431865],[-120.48342624327887,34.45901338254345],[-120.48342303427657,34.45901151342431],[-120.48341658922313,34.45900867613773],[-120.48341229252111,34.459006784613166],[-120.48340475976829,34.4590039249208],[-120.48339828766666,34.45900198858524],[-120.48329797013177,34.458971975341704],[-120.48330028078337,34.45896751539476],[-120.48330373323505,34.45896127595015],[-120.48330723978697,34.458953234601694],[-120.48330960453818,34.458946972750766],[-120.48331205043999,34.45893800804415],[-120.48331332749129,34.45893172378706],[-120.48331460454237,34.45892543952995],[-120.48331598979424,34.458915551465275],[-120.48331617914599,34.45890924480211],[-120.48331533489947,34.45890111382917],[-120.4833144636028,34.45889388380812],[-120.4833145177033,34.45889208190435],[-120.4833136193565,34.45888575283517],[-120.48331171446219,34.45887669850433],[-120.48330972841742,34.45887034702911],[-120.48330771532264,34.45886489650573],[-120.48330464158025,34.45885852262441],[-120.48330257438535,34.458854874004736],[-120.48330053424098,34.45885032443316],[-120.48329743344924,34.45884485150356],[-120.48329324496001,34.458839356167736],[-120.48328905647135,34.4588338608318],[-120.48328486798319,34.45882836549573],[-120.48328274668879,34.45882651877952],[-120.48353059685266,34.458945214319954],[-120.48353704190562,34.45894805160049],[-120.48354457465852,34.458950911284695],[-120.4835510467602,34.458952847612494],[-120.48355751886216,34.45895478393996],[-120.48355966721367,34.458955729699724],[-120.48356385572629,34.45896122502732],[-120.48356804423943,34.45896672035481],[-120.4835733475005,34.45897133713386],[-120.48357865076214,34.458975953912706],[-120.48358501467688,34.45898149404705],[-120.4835903179398,34.45898611082543],[-120.48359673595071,34.458989849055094],[-120.4836031539622,34.45899358728443],[-120.4836095719743,34.45899732551347],[-120.48361598998696,34.45900106374219],[-120.48362243504724,34.459003901018505],[-120.48362996780833,34.45900676069777],[-120.48363750056994,34.45900962037658],[-120.48364720873292,34.45901252486117],[-120.4836547685424,34.45901448358688],[-120.48366126769844,34.45901551895705],[-120.48366776685467,34.45901655432686],[-120.48367644141207,34.459017634502075],[-120.48367858976661,34.459018580259865],[-120.48399215101611,34.45905118189144]]],[[[-120.48309929333156,34.45873799770635],[-120.48309711793878,34.45873795289069],[-120.48308953111656,34.4587368950838],[-120.48307759350918,34.458735747644454],[-120.48306127806411,34.45873541152312],[-120.48305366418987,34.45873525466576],[-120.48304602326267,34.458735998759636],[-120.48303835528232,34.45873764380476],[-120.48303068730169,34.45873928884937],[-120.48302301932081,34.45874093389349],[-120.48301972917847,34.45874176761964],[-120.48301314889353,34.45874343507165],[-120.48300656860842,34.4587451025233],[-120.48299887357312,34.45874764851755],[-120.48299226623384,34.45875021692008],[-120.48298563184053,34.458753686273894],[-120.48298451709036,34.45875456481673],[-120.48298454414403,34.458753663865046],[-120.4829869089124,34.458747402021004],[-120.48298807776965,34.458744721574796],[-120.48299046959102,34.458737558778964],[-120.48299174666221,34.45873127452598],[-120.48299302373316,34.45872499027296],[-120.48299307784022,34.458723188369575],[-120.48299438196443,34.458716003164845],[-120.48299571314188,34.458707917008404],[-120.48299590251622,34.458701610346566],[-120.48299598367666,34.4586989074915],[-120.48300163858296,34.45869181192142],[-120.48309929333156,34.45873799770635]]],[[[-120.48334158484371,34.45947681735044],[-120.48412724259693,34.45969944450741],[-120.48412607376015,34.45970212496516],[-120.48412370904404,34.45970838683295],[-120.48412245907984,34.459713770147616],[-120.48412120911544,34.45971915346227],[-120.48411990506601,34.45972633868151],[-120.48411857397384,34.45973442485306],[-120.48411819537927,34.45974703818547],[-120.48411903970738,34.45975516915563],[-120.48411988403556,34.45976330012577],[-120.48412184311701,34.45977055254292],[-120.4841228497003,34.459773277799165],[-120.48412483582462,34.45977962926394],[-120.48372578128996,34.45976690331368],[-120.48372583538338,34.4597651014096],[-120.48372504518701,34.45975516853433],[-120.4837241197572,34.459749740419255],[-120.48372322137422,34.45974341135212],[-120.4837222959446,34.45973798323704],[-120.4837213705151,34.459732555121946],[-120.48371938442268,34.45972620365193],[-120.48371737128379,34.45972075313394],[-120.48371429748234,34.45971437926098],[-120.48371223025042,34.45971073064701],[-120.4837101900655,34.45970618108097],[-120.48370708921821,34.4597007081599],[-120.48370290066201,34.45969521283577],[-120.48369871210635,34.459689717511516],[-120.48369452355122,34.45968422218715],[-120.48368924728753,34.45967870445956],[-120.48368394397745,34.45967408768377],[-120.48367333735908,34.45966485413159],[-120.48366803405078,34.459660237355195],[-120.48366161598699,34.459656499127256],[-120.4836551979238,34.45965276089901],[-120.48364877986116,34.459649022670455],[-120.48364233475164,34.459646185393574],[-120.48363695030362,34.45964427147194],[-120.48363265356441,34.45964237995365],[-120.48362941748634,34.45964141179084],[-120.48362841092067,34.45963868653125],[-120.48362634369425,34.459635037916016],[-120.48362324285493,34.45962956499312],[-120.48361802069479,34.45962224535878],[-120.48361383214821,34.45961675003196],[-120.4836096436022,34.45961125470503],[-120.48360545505668,34.459605759377965],[-120.48360015175584,34.45960114259891],[-120.48359484845558,34.45959652581963],[-120.48358954515588,34.45959190904015],[-120.48358315414897,34.45958726985647],[-120.48357673609465,34.459583531624446],[-120.48357031804089,34.45957979339211],[-120.48356389998774,34.45957605515947],[-120.4835553335683,34.459571371166085],[-120.48334158484371,34.45947681735044]]],[[[-120.48456193342079,34.459794038712964],[-120.48458623538261,34.45974585757216],[-120.48458860006598,34.459739595693975],[-120.48459096474897,34.45973333381574],[-120.48459332943156,34.45972707193742],[-120.48459449825405,34.459724391474566],[-120.48462419088048,34.459714184706165],[-120.48462625815318,34.45971783330645],[-120.48463044677305,34.45972332860157],[-120.48463463539342,34.45972882389658],[-120.48463993876179,34.45973344063348],[-120.48465054550029,34.459742674106636],[-120.48465584887042,34.459747290842905],[-120.48466226698861,34.45975102902077],[-120.48466868510738,34.459754767198326],[-120.4846740425523,34.45975758202848],[-120.48467939999762,34.459760396858414],[-120.48459130162668,34.459794643385464],[-120.48456193342079,34.459794038712964]]],[[[-120.48312884496225,34.459747395088954],[-120.48308753905532,34.45974564262133],[-120.48307266282126,34.45973361653073],[-120.48312884496225,34.459747395088954]]]]},"properties":{"id":"native-hard-H11952-1762","survey_id":"H11952","depth_ft_range":[59.1,80.9],"max_product_uncertainty_m":0.285,"approx_display_area_m2":3041,"native_resolution_m":[2.0,2.0],"survey_dates":["2008-08-26T00:00:00","2008-09-04T00:00:00"],"noaa_bag_url":"https://data.ngdc.noaa.gov/platforms/ocean/nos/coast/H10001-H12000/H11952/BAG/H11952_MB_2m_MLLW_2of4.bag","noaa_bag_sha256":"0cb528795f939e9238e9b11f52279940a2365b2b4b6f52d9f9db8aea82b235fa","survey_report_url":"https://data.ngdc.noaa.gov/platforms/ocean/nos/coast/H10001-H12000/H11952/DR/H11952.pdf","usgs_metadata_urls":["https://cmgds.marine.usgs.gov/data/csmp/OffshorePointConception/metadata/SeafloorCharacter_OffshorePointConception_metadata.xml","https://cmgds.marine.usgs.gov/data/csmp/OffshoreGaviota/metadata/SeafloorCharacter_OffshoreGaviota_metadata.xml"],"fishing_target":false,"exportable":false,"legal_clearance":false,"fish_confirmed":false,"depth_qualified_for_target":false}},{"type":"Feature","geometry":{"type":"MultiPolygon","coordinates":[[[[-120.49378048608061,34.48039369062016],[-120.4935449133067,34.48029870563384],[-120.49343280498579,34.48022518573833],[-120.4934338929696,34.48022520806632],[-120.49344161670813,34.48022176053905],[-120.49344713751572,34.48021916931128],[-120.49349690565582,34.48019314538205],[-120.49378048608061,34.48039369062016]]],[[[-120.49634362676784,34.48147127477548],[-120.4963239725983,34.48150963680114],[-120.49565477831884,34.48124349448571],[-120.49560621830221,34.481119893487715],[-120.49594310858258,34.48128546657491],[-120.4959506168322,34.48128922654768],[-120.49595921308229,34.481293008826135],[-120.49596783627005,34.481295890146704],[-120.49597539839536,34.48129784820338],[-120.49598296052105,34.4812998062596],[-120.49599378664689,34.481301831232834],[-120.49600137570992,34.48130288833059],[-120.49600355170983,34.48130293294204],[-120.49601222877311,34.481304012344864],[-120.49602090583666,34.481305091747075],[-120.49634362676784,34.48147127477548]]],[[[-120.49495840209308,34.480830746565374],[-120.49488418284669,34.480764315629486],[-120.49497536871684,34.48080945832456],[-120.49497085506354,34.48081477480636],[-120.49496634140965,34.480820091287974],[-120.49496294269525,34.48082452912741],[-120.49495840209308,34.480830746565374]]],[[[-120.49608444756016,34.48103684304868],[-120.49608121050586,34.48103587517663],[-120.49607585132941,34.481033060779794],[-120.49608444756016,34.48103684304868]]]]},"properties":{"id":"native-hard-H11952-1591","survey_id":"H11952","depth_ft_range":[61.4,79.0],"max_product_uncertainty_m":0.266,"approx_display_area_m2":707,"native_resolution_m":[2.0,2.0],"survey_dates":["2008-08-26T00:00:00","2008-09-04T00:00:00"],"noaa_bag_url":"https://data.ngdc.noaa.gov/platforms/ocean/nos/coast/H10001-H12000/H11952/BAG/H11952_MB_2m_MLLW_2of4.bag","noaa_bag_sha256":"0cb528795f939e9238e9b11f52279940a2365b2b4b6f52d9f9db8aea82b235fa","survey_report_url":"https://data.ngdc.noaa.gov/platforms/ocean/nos/coast/H10001-H12000/H11952/DR/H11952.pdf","usgs_metadata_urls":["https://cmgds.marine.usgs.gov/data/csmp/OffshorePointConception/metadata/SeafloorCharacter_OffshorePointConception_metadata.xml","https://cmgds.marine.usgs.gov/data/csmp/OffshoreGaviota/metadata/SeafloorCharacter_OffshoreGaviota_metadata.xml"],"fishing_target":false,"exportable":false,"legal_clearance":false,"fish_confirmed":false,"depth_qualified_for_target":false}},{"type":"Feature","geometry":{"type":"MultiPolygon","coordinates":[[[[-120.51739974306062,34.4887390714107],[-120.51739756683212,34.48873902717188],[-120.51738663226158,34.488740607919155],[-120.51737896203352,34.48874225502422],[-120.51737129180518,34.488743902128775],[-120.51736141863364,34.48874640596431],[-120.51735372169027,34.48874895403865],[-120.51734711286085,34.48875152423237],[-120.51734047731648,34.488754995396604],[-120.5173338417716,34.48875846656046],[-120.51732720622617,34.48876193772393],[-120.51732057068021,34.48876540888702],[-120.51731390841886,34.4887697810206],[-120.51730833427149,34.48877417527402],[-120.51730276012351,34.48877856952716],[-120.51729718597495,34.48878296378002],[-120.51729158511073,34.48878825900346],[-120.51728595753063,34.488794455197464],[-120.51728141806467,34.48880067351166],[-120.51727910825856,34.48880513412497],[-120.51727571033712,34.4888095726177],[-120.51727114415417,34.48881669190228],[-120.51726766608567,34.488823833307265],[-120.5172653028473,34.48883009586194],[-120.51726293960857,34.48883635841653],[-120.51726057636942,34.488842620971056],[-120.51725821312992,34.488848883525534],[-120.51725693800567,34.48885516820066],[-120.51725675099695,34.48886147499651],[-120.51725635026378,34.488874989559],[-120.51725618997041,34.488880395384],[-120.51725833226517,34.488918302521064],[-120.51724968076478,34.48891632361309],[-120.51724209066549,34.488915267796244],[-120.51723014810085,34.488914123494986],[-120.51721382635509,34.48891379167888],[-120.51720183035887,34.48891444931648],[-120.51719418682801,34.48891519543825],[-120.51718545518068,34.48891591943814],[-120.51718789857672,34.48890695397312],[-120.51718917370712,34.48890066929902],[-120.51719055570246,34.488890780741755],[-120.51719076943263,34.48888357297548],[-120.51718997519569,34.488873640175484],[-120.5171890473775,34.48886821222943],[-120.5171881462757,34.488861883312566],[-120.51718721845772,34.48885645536651],[-120.51718629063986,34.488851027420424],[-120.51718430142289,34.488844676382186],[-120.5171812775235,34.48883650128095],[-120.51717820019195,34.48883012812124],[-120.51717509614448,34.48882465593225],[-120.51717090398228,34.48881916162172],[-120.51716671182061,34.48881366731106],[-120.51716251965946,34.48880817300029],[-120.5171603968626,34.48880632681561],[-120.51704577327943,34.48866967087251],[-120.51739974306062,34.4887390714107]]],[[[-120.51670520377556,34.489139647056355],[-120.51670509688856,34.489143250938014],[-120.51670597123355,34.489150480827135],[-120.51670689902214,34.48915590877542],[-120.51670782681083,34.48916133672371],[-120.51670981599713,34.489167687768166],[-120.51671283985965,34.489175862879215],[-120.51671384781393,34.48917858791621],[-120.51671275969456,34.489178565790446],[-120.51670193194424,34.489176542591586],[-120.51669434183061,34.48917548674],[-120.51669216559192,34.48917544248814],[-120.51668348735924,34.48917436450994],[-120.5166737210075,34.48917326440503],[-120.51666610417246,34.489173109522085],[-120.5166562843766,34.48917381135656],[-120.51664755269988,34.48917453531657],[-120.5166453764613,34.489174491063885],[-120.51663773290379,34.48917523714954],[-120.51663117746546,34.48917600536119],[-120.51662459530439,34.489177674542844],[-120.51661692502373,34.48917932159752],[-120.51660922802,34.48918186962206],[-120.51660153101582,34.489184417646065],[-120.51659712509237,34.48918613107966],[-120.51659051620692,34.48918870122974],[-120.51658719840249,34.48919043678981],[-120.51657947467379,34.4891938857827],[-120.5165728657872,34.48919645593176],[-120.51656731829648,34.48919994917785],[-120.51656174408197,34.48920434339395],[-120.51655616986685,34.489208737609765],[-120.51654948080794,34.48921401066839],[-120.51654390659155,34.48921840488359],[-120.5165393937708,34.48922372219614],[-120.51653488094945,34.48922903950848],[-120.51653036812753,34.489234356820624],[-120.51652697014883,34.489238795289744],[-120.51652243060204,34.489245013571825],[-120.51651786433068,34.48925213282397],[-120.5165143861788,34.48925927420348],[-120.51651202287061,34.48926553674018],[-120.51650965956205,34.489271799276814],[-120.51650721608107,34.48928076472417],[-120.5165059408923,34.48928704938833],[-120.51650588744423,34.489288851328844],[-120.51650458553114,34.48929603696324],[-120.51650325689369,34.48930412356784],[-120.51650306982508,34.48931043035961],[-120.51650386398109,34.48932036316008],[-120.51650476503357,34.48932669207953],[-120.51650566608618,34.489333020998984],[-120.51650762853612,34.489340273016346],[-120.51650863648527,34.48934299805476],[-120.51651062565969,34.48934934910186],[-120.51651261483441,34.4893557001489],[-120.51652282795153,34.48937844568124],[-120.51637083448799,34.489253650369776],[-120.51670520377556,34.489139647056355]]],[[[-120.51713430889855,34.48920877315218],[-120.5171353703015,34.48920969624489],[-120.51714067731662,34.489214311708345],[-120.5171417387197,34.48921523480101],[-120.51714049029663,34.48922061850326],[-120.51713921515619,34.48922690317618],[-120.51713916172186,34.48922870511758],[-120.517137859864,34.48923589076118],[-120.51713653128864,34.48924397737543],[-120.51713634426814,34.4892502841703],[-120.51713713849945,34.48926021696996],[-120.51713803959976,34.48926654588683],[-120.51713894070018,34.489272874803696],[-120.51714090320458,34.489280126813256],[-120.51714191117408,34.48928285184734],[-120.51714390039608,34.489289202886155],[-120.51714692430534,34.48929737798832],[-120.5171500016494,34.489303751149016],[-120.51715207102374,34.489307399275646],[-120.51719345854711,34.4893803618022],[-120.51719656261416,34.48938583399121],[-120.51720072808747,34.48939222927241],[-120.51720598168409,34.48939864667499],[-120.51721128871459,34.48940326213593],[-120.51721441950014,34.489407833353816],[-120.51721969981521,34.48941334978516],[-120.51722609497035,34.489417987366885],[-120.51722930590638,34.48941985567227],[-120.5172324901262,34.48942262494829],[-120.5172377971597,34.4894272404082],[-120.51724421903315,34.489430977018294],[-120.5172474299701,34.48943284532324],[-120.51724944591926,34.48943829538997],[-120.51725249655964,34.48944556951924],[-120.51725663532392,34.48945286576955],[-120.51726080080496,34.48945926104898],[-120.51726393159518,34.489463832265784],[-120.51726812379331,34.48946932657426],[-120.51727231599202,34.4894748208826],[-120.51727650819122,34.489480315190825],[-120.51728181523072,34.48948493064902],[-120.51728712227082,34.489489546107016],[-120.51729242931148,34.4894941615648],[-120.51729882447678,34.489498799143085],[-120.51730524635845,34.4895025357503],[-120.51731166824071,34.48950627235721],[-120.51731809012355,34.48951000896379],[-120.51732451200698,34.48951374557006],[-120.51733096060637,34.48951658120523],[-120.51733849733058,34.489519438960436],[-120.51734821030408,34.48952234095583],[-120.51735577374458,34.48952429773922],[-120.5169621399753,34.489507279878985],[-120.5169666260673,34.489502863521075],[-120.51697225372106,34.48949666734553],[-120.51697679325032,34.489490449046095],[-120.5169791030934,34.48948598844047],[-120.51698457043057,34.48948519808758],[-120.51699439026206,34.48948449622818],[-120.51700314868872,34.489482871274085],[-120.51700643977833,34.489482036673486],[-120.51701411008099,34.48948038959527],[-120.51702178038335,34.48947874251655],[-120.51702836256193,34.489477073314234],[-120.5170360595823,34.489474525264015],[-120.51704266847872,34.489471955090295],[-120.51705150705838,34.48946762722082],[-120.5170581426721,34.48946415607562],[-120.5170647782853,34.48946068493003],[-120.51707144061609,34.48945631281343],[-120.51707810294619,34.48945194069644],[-120.51708367715239,34.48944754645645],[-120.51708925135802,34.489443152216175],[-120.51709482556303,34.48943875797562],[-120.51709933836226,34.48943344064169],[-120.51710385116088,34.489428123307555],[-120.51710836395894,34.48942280597324],[-120.5171128767564,34.48941748863873],[-120.5171163014305,34.48941214918171],[-120.51711975282171,34.48940590875393],[-120.5171232576474,34.48939786638471],[-120.51712562091495,34.48939160383446],[-120.51712798418208,34.48938534128417],[-120.51712923260911,34.489379957582315],[-120.51713048103593,34.48937457388044],[-120.51713178289734,34.4893673882372],[-120.51713311147584,34.48935930162323],[-120.51713348551881,34.489346688033756],[-120.51713263785305,34.48933855717553],[-120.51713179018742,34.489330426317316],[-120.51712982768292,34.48932317430764],[-120.51712881971342,34.48932044927347],[-120.51712683049197,34.48931409823446],[-120.51712484127083,34.489307747195404],[-120.51712181736345,34.4892995720928],[-120.51709515598905,34.4892440377024],[-120.51709961534175,34.48924052230918],[-120.51710627765257,34.489236150189704],[-120.5171118518423,34.48923175594761],[-120.51711742603145,34.489227361705225],[-120.51712300021997,34.48922296746255],[-120.51712751300497,34.489217650126825],[-120.51713202578935,34.489212332790906],[-120.51713430889855,34.48920877315218]]],[[[-120.51714854104759,34.487957761132954],[-120.51713980950049,34.48795848513398],[-120.51713325416112,34.487959253377056],[-120.51712669882163,34.48796002161978],[-120.51711902866201,34.48796166871156],[-120.51711573763407,34.487962503318016],[-120.51710915557798,34.48796417253063],[-120.5171025735217,34.4879658417429],[-120.51709487664476,34.48796838980397],[-120.51709047079589,34.48797010325888],[-120.5170838620223,34.48797267344095],[-120.51707502360694,34.487977001320615],[-120.51706838811567,34.48798047247263],[-120.51706175262386,34.487983943624265],[-120.51705732005675,34.487986558048746],[-120.5170451978989,34.487954758605056],[-120.51714856776339,34.487956860162065],[-120.51714854104759,34.487957761132954]]],[[[-120.51760244815597,34.48917321405688],[-120.51759705389992,34.48920826345521],[-120.51759389638738,34.48920459321742],[-120.51759076558741,34.48920002200854],[-120.51758657337979,34.4891945277106],[-120.51758238117267,34.48918903341254],[-120.51757710084593,34.4891835169963],[-120.51759360963436,34.48917754196901],[-120.51760244815597,34.48917321405688]]]]},"properties":{"id":"native-hard-H11952-873","survey_id":"H11952","depth_ft_range":[119.4,131.2],"max_product_uncertainty_m":0.324,"approx_display_area_m2":811,"native_resolution_m":[2.0,2.0],"survey_dates":["2008-08-26T00:00:00","2008-09-04T00:00:00"],"noaa_bag_url":"https://data.ngdc.noaa.gov/platforms/ocean/nos/coast/H10001-H12000/H11952/BAG/H11952_MB_2m_MLLW_2of4.bag","noaa_bag_sha256":"0cb528795f939e9238e9b11f52279940a2365b2b4b6f52d9f9db8aea82b235fa","survey_report_url":"https://data.ngdc.noaa.gov/platforms/ocean/nos/coast/H10001-H12000/H11952/DR/H11952.pdf","usgs_metadata_urls":["https://cmgds.marine.usgs.gov/data/csmp/OffshorePointConception/metadata/SeafloorCharacter_OffshorePointConception_metadata.xml","https://cmgds.marine.usgs.gov/data/csmp/OffshoreGaviota/metadata/SeafloorCharacter_OffshoreGaviota_metadata.xml"],"fishing_target":false,"exportable":false,"legal_clearance":false,"fish_confirmed":false,"depth_qualified_for_target":false}},{"type":"Feature","geometry":{"type":"MultiPolygon","coordinates":[[[[-120.49631935337445,34.48253816454736],[-120.49626320748976,34.4825225894292],[-120.49628465594243,34.482387802687406],[-120.49638198469447,34.48240963105679],[-120.49631935337445,34.48253816454736]]],[[[-120.4964537057201,34.48321524772429],[-120.49643436925452,34.48313371550309],[-120.49647493310573,34.483160690771676],[-120.4964537057201,34.48321524772429]]],[[[-120.49748176232671,34.4839692442984],[-120.49737838786999,34.48393106570752],[-120.49739398623271,34.483882703813194],[-120.49748176232671,34.4839692442984]]],[[[-120.49865248677692,34.48457650395327],[-120.49866432071242,34.48458125386999],[-120.49866941897487,34.48470216060623],[-120.4986230213256,34.4847246495989],[-120.4986198110095,34.48472278082858],[-120.49861227541943,34.48471992196193],[-120.49860256373698,34.48471701852585],[-120.49859717732883,34.484715105185934],[-120.49860052220407,34.48471246916362],[-120.49861167178665,34.48470368242186],[-120.49861724657707,34.48469928905056],[-120.4986217602325,34.484693972436],[-120.49862627388731,34.484688655821245],[-120.49862967258387,34.48468421788072],[-120.49863421314923,34.48467800030695],[-120.49863646997586,34.48467534199933],[-120.49863989558285,34.484670003099794],[-120.49864217932057,34.484666443833376],[-120.49864563183826,34.484660203974954],[-120.4986491381782,34.48465216219904],[-120.49865150264915,34.48464590005636],[-120.49865275216288,34.484640516588264],[-120.49865400167644,34.484635133120165],[-120.49865530501243,34.48462794773465],[-120.49865663525948,34.48461986139041],[-120.49865701201747,34.48460724796871],[-120.49865616617397,34.48459911705651],[-120.4986552934193,34.484591887102994],[-120.49865436684217,34.48458645906686],[-120.49865344026516,34.48458103103072],[-120.49865248677692,34.48457650395327]]],[[[-120.49807845405007,34.48436731534671],[-120.4980739672977,34.484371730982375],[-120.49807091851184,34.48436445644869],[-120.49807845405007,34.48436731534671]]]]},"properties":{"id":"native-hard-H11952-1292","survey_id":"H11952","depth_ft_range":[61.7,72.1],"max_product_uncertainty_m":0.268,"approx_display_area_m2":189,"native_resolution_m":[2.0,2.0],"survey_dates":["2008-08-26T00:00:00","2008-09-04T00:00:00"],"noaa_bag_url":"https://data.ngdc.noaa.gov/platforms/ocean/nos/coast/H10001-H12000/H11952/BAG/H11952_MB_2m_MLLW_2of4.bag","noaa_bag_sha256":"0cb528795f939e9238e9b11f52279940a2365b2b4b6f52d9f9db8aea82b235fa","survey_report_url":"https://data.ngdc.noaa.gov/platforms/ocean/nos/coast/H10001-H12000/H11952/DR/H11952.pdf","usgs_metadata_urls":["https://cmgds.marine.usgs.gov/data/csmp/OffshorePointConception/metadata/SeafloorCharacter_OffshorePointConception_metadata.xml","https://cmgds.marine.usgs.gov/data/csmp/OffshoreGaviota/metadata/SeafloorCharacter_OffshoreGaviota_metadata.xml"],"fishing_target":false,"exportable":false,"legal_clearance":false,"fish_confirmed":false,"depth_qualified_for_target":false}},{"type":"Feature","geometry":{"type":"MultiPolygon","coordinates":[[[[-120.49357848542601,34.480741134028776],[-120.49345257511662,34.48072863352004],[-120.49346149474549,34.48072160449914],[-120.49346706951279,34.480717211360684],[-120.4934715832524,34.48071189493835],[-120.49347609699146,34.48070657851582],[-120.49347721194461,34.48070569988801],[-120.49348061072992,34.48070126209309],[-120.49357848542601,34.480741134028776]]],[[[-120.4931888137131,34.48070248552801],[-120.49316708088348,34.480701137961795],[-120.4931600042839,34.48068296253754],[-120.49316637042295,34.480688502254395],[-120.49317167553946,34.480693118684876],[-120.49317809561256,34.48069685649018],[-120.49318451568624,34.48070059429519],[-120.4931888137131,34.48070248552801]]],[[[-120.49311662787517,34.48060454247102],[-120.4931155668535,34.48060361918453],[-120.49310527092939,34.48054751430414],[-120.49312140197854,34.48055415595781],[-120.49312137501181,34.48055505691328],[-120.49312012522358,34.48056044031516],[-120.49311887543516,34.480565823717],[-120.49311757171301,34.48057300902975],[-120.49311624102383,34.48058109529795],[-120.49311586348855,34.48059370867444],[-120.49311670877562,34.48060183960463],[-120.49311662787517,34.48060454247102]]],[[[-120.49452812531592,34.481603529328545],[-120.49442654662278,34.48165102852918],[-120.49443801701271,34.48152234802801],[-120.4944380978733,34.481519645159295],[-120.49443820568744,34.48151604133434],[-120.4944559101969,34.481506487930744],[-120.49452812531592,34.481603529328545]]],[[[-120.49490368091058,34.482114274970805],[-120.49503758354327,34.48229642168984],[-120.49489276011849,34.48226099697717],[-120.49491156965907,34.48221450429841],[-120.49491276546645,34.48221092278851],[-120.49491515708088,34.48220375976864],[-120.49491643373518,34.48219747538927],[-120.49491771038922,34.48219119100987],[-120.49491909483918,34.48218130280456],[-120.49491949907444,34.48216778845743],[-120.49491870750332,34.48215785562033],[-120.49491780813626,34.48215152660912],[-120.49491590160642,34.48214247241262],[-120.49491391422981,34.48213612108551],[-120.49491089274181,34.482127945529506],[-120.49490781735622,34.48212157188641],[-120.49490574913331,34.482117923428625],[-120.49490368091058,34.482114274970805]]],[[[-120.49488275614894,34.48208589899921],[-120.49487957296947,34.48208312918136],[-120.49486896237269,34.48207389645467],[-120.4948636570752,34.48206928009101],[-120.49485723681981,34.48206554236722],[-120.494850816565,34.482061804643145],[-120.49484545736988,34.48205899019166],[-120.49483794910736,34.48205523015048],[-120.49483473898076,34.482053361288],[-120.49482829177805,34.48205052451924],[-120.49482399364317,34.482048633339886],[-120.49481645843262,34.48204577425389],[-120.49480674720547,34.48204287053388],[-120.49479918504592,34.482040912403264],[-120.49479271089524,34.48203897658913],[-120.49472451672469,34.482025858171575],[-120.49472565863485,34.482024078576366],[-120.49473019932415,34.482017861151725],[-120.4947324561931,34.48201520291752],[-120.49473588192251,34.482009864131555],[-120.49473936155302,34.48200272343272],[-120.49474284118288,34.48199558273376],[-120.4947441178458,34.481989298356424],[-120.49474642861487,34.48198483820912],[-120.49474887413696,34.481975873279836],[-120.49475015079905,34.4819695889024],[-120.49475153526335,34.481959700699356],[-120.49475175086815,34.481952493048226],[-120.49475095931741,34.481942560210676],[-120.49475003301382,34.48193713215508],[-120.49474913366092,34.481930803143094],[-120.49474820735752,34.48192537508748],[-120.49474728105422,34.48191994703186],[-120.49474529369478,34.4819135957026],[-120.4947422722302,34.48190542014323],[-120.49473919686478,34.48189904649657],[-120.4947371286543,34.48189539803638],[-120.49473402633889,34.481889925346],[-120.4947298629682,34.48188352938182],[-120.49472461159178,34.48187711110008],[-120.4947214284253,34.48187434127859],[-120.49471933326528,34.48187159377451],[-120.49471514294565,34.48186609876627],[-120.49470983766949,34.48186148239673],[-120.494705593449,34.48185778930093],[-120.49471122213593,34.48185159419412],[-120.49488275614894,34.48208589899921]]]]},"properties":{"id":"native-hard-H11952-1540","survey_id":"H11952","depth_ft_range":[59.1,65.5],"max_product_uncertainty_m":0.274,"approx_display_area_m2":279,"native_resolution_m":[2.0,2.0],"survey_dates":["2008-08-26T00:00:00","2008-09-04T00:00:00"],"noaa_bag_url":"https://data.ngdc.noaa.gov/platforms/ocean/nos/coast/H10001-H12000/H11952/BAG/H11952_MB_2m_MLLW_2of4.bag","noaa_bag_sha256":"0cb528795f939e9238e9b11f52279940a2365b2b4b6f52d9f9db8aea82b235fa","survey_report_url":"https://data.ngdc.noaa.gov/platforms/ocean/nos/coast/H10001-H12000/H11952/DR/H11952.pdf","usgs_metadata_urls":["https://cmgds.marine.usgs.gov/data/csmp/OffshorePointConception/metadata/SeafloorCharacter_OffshorePointConception_metadata.xml","https://cmgds.marine.usgs.gov/data/csmp/OffshoreGaviota/metadata/SeafloorCharacter_OffshoreGaviota_metadata.xml"],"fishing_target":false,"exportable":false,"legal_clearance":false,"fish_confirmed":false,"depth_qualified_for_target":false}},{"type":"Feature","geometry":{"type":"MultiPolygon","coordinates":[[[[-120.49021727708175,34.47763402801359],[-120.49030043390863,34.4778016142756],[-120.49024642250633,34.47782394369386],[-120.49019095037987,34.47764069911794],[-120.49021727708175,34.47763402801359]]],[[[-120.49049795321335,34.47745859178551],[-120.49044921160747,34.477450378277666],[-120.49047128615571,34.477403953369446],[-120.49047221214833,34.477409381446854],[-120.4904741990939,34.477415732831126],[-120.49047618603974,34.47742208421536],[-120.49047819997783,34.47742753464547],[-120.49048127486931,34.47743390838236],[-120.49048437675316,34.47743938116508],[-120.49048647166786,34.47744212873274],[-120.49049063450576,34.477448524822094],[-120.49049376338256,34.4774530966505],[-120.49049795321335,34.47745859178551]]]]},"properties":{"id":"native-hard-H11952-1726","survey_id":"H11952","depth_ft_range":[59.1,68.3],"max_product_uncertainty_m":0.271,"approx_display_area_m2":93,"native_resolution_m":[2.0,2.0],"survey_dates":["2008-08-26T00:00:00","2008-09-04T00:00:00"],"noaa_bag_url":"https://data.ngdc.noaa.gov/platforms/ocean/nos/coast/H10001-H12000/H11952/BAG/H11952_MB_2m_MLLW_2of4.bag","noaa_bag_sha256":"0cb528795f939e9238e9b11f52279940a2365b2b4b6f52d9f9db8aea82b235fa","survey_report_url":"https://data.ngdc.noaa.gov/platforms/ocean/nos/coast/H10001-H12000/H11952/DR/H11952.pdf","usgs_metadata_urls":["https://cmgds.marine.usgs.gov/data/csmp/OffshorePointConception/metadata/SeafloorCharacter_OffshorePointConception_metadata.xml","https://cmgds.marine.usgs.gov/data/csmp/OffshoreGaviota/metadata/SeafloorCharacter_OffshoreGaviota_metadata.xml"],"fishing_target":false,"exportable":false,"legal_clearance":false,"fish_confirmed":false,"depth_qualified_for_target":false}},{"type":"Feature","geometry":{"type":"Polygon","coordinates":[[[-120.51790322851065,34.48615204269778],[-120.51790214042957,34.48615202058432],[-120.517893409075,34.48615274464788],[-120.51789123291285,34.48615270042074],[-120.51788358963923,34.48615344659715],[-120.51787265541606,34.48615502740357],[-120.51786498543585,34.48615667455045],[-120.5178616944862,34.48615750918062],[-120.51763899784955,34.486214285933386],[-120.51757560932215,34.486148989992],[-120.517576911078,34.48614180433675],[-120.51757784590563,34.48611027033575],[-120.51758004877547,34.48610941359694],[-120.51758777217424,34.48610596452507],[-120.51759329270287,34.48610337219178],[-120.51765964585414,34.48606866028552],[-120.5176651663782,34.48606606794877],[-120.51767071361022,34.48606257464021],[-120.51767182839822,34.48606169578416],[-120.51767849041758,34.48605732361916],[-120.5176840643566,34.4860529293384],[-120.51768963829507,34.48604853505738],[-120.51769521223295,34.48604414077605],[-120.51769972479876,34.48603882340769],[-120.51770423736397,34.48603350603912],[-120.51770874992862,34.48602818867036],[-120.51771326249265,34.48602287130141],[-120.51771668697695,34.48601753181722],[-120.51772013816849,34.48601129136133],[-120.51772358935949,34.48600505090531],[-120.51772595247101,34.48599878833423],[-120.51772828887458,34.48599342673465],[-120.51772953719897,34.485988043020086],[-120.51773067869293,34.48598626319184],[-120.51773073210808,34.48598446124868],[-120.5177330952184,34.48597819867737],[-120.51773437024976,34.48597191399115],[-120.51773455720235,34.48596560719003],[-120.5177347441549,34.48595930038891],[-120.51790322851065,34.48615204269778]]]},"properties":{"id":"native-hard-H11952-1123","survey_id":"H11952","depth_ft_range":[124.3,131.2],"max_product_uncertainty_m":0.373,"approx_display_area_m2":404,"native_resolution_m":[2.0,2.0],"survey_dates":["2008-08-26T00:00:00","2008-09-04T00:00:00"],"noaa_bag_url":"https://data.ngdc.noaa.gov/platforms/ocean/nos/coast/H10001-H12000/H11952/BAG/H11952_MB_2m_MLLW_2of4.bag","noaa_bag_sha256":"0cb528795f939e9238e9b11f52279940a2365b2b4b6f52d9f9db8aea82b235fa","survey_report_url":"https://data.ngdc.noaa.gov/platforms/ocean/nos/coast/H10001-H12000/H11952/DR/H11952.pdf","usgs_metadata_urls":["https://cmgds.marine.usgs.gov/data/csmp/OffshorePointConception/metadata/SeafloorCharacter_OffshorePointConception_metadata.xml","https://cmgds.marine.usgs.gov/data/csmp/OffshoreGaviota/metadata/SeafloorCharacter_OffshoreGaviota_metadata.xml"],"fishing_target":false,"exportable":false,"legal_clearance":false,"fish_confirmed":false,"depth_qualified_for_target":false}},{"type":"Feature","geometry":{"type":"Polygon","coordinates":[[[-120.51459052727418,34.49043267145284],[-120.51458614799263,34.49043348384011],[-120.51457956569722,34.49043515290511],[-120.51457298340155,34.49043682196975],[-120.5145663743596,34.490439392002784],[-120.5143816955007,34.49049873921413],[-120.51433244376773,34.490470691372586],[-120.5143336923934,34.49046530770867],[-120.51433507476163,34.49045541920175],[-120.51433528874999,34.490448211452936],[-120.51433536899562,34.49044550854713],[-120.51433212807284,34.49011458729125],[-120.51444441090408,34.490146622544366],[-120.51444207416134,34.490151984063665],[-120.51443856904665,34.4901600263425],[-120.51443620555594,34.49016628883036],[-120.51443376182323,34.490175254224276],[-120.51443121110097,34.490187823492924],[-120.51442982875044,34.49019771200202],[-120.51442961477223,34.490204919751626],[-120.51443040868303,34.49021485255401],[-120.51443130958307,34.49022118148156],[-120.51443321837256,34.49023023546186],[-120.51443520740419,34.49023658653604],[-120.51443719643606,34.490242937610184],[-120.51444022010523,34.4902511127683],[-120.51444329726932,34.49025748598895],[-120.51444536654374,34.490261134156874],[-120.51444847045568,34.490266606408724],[-120.51445056647765,34.49026935360788],[-120.5144547317749,34.49027574897479],[-120.51445993171058,34.490283968425445],[-120.51459052727418,34.49043267145284]]]},"properties":{"id":"native-hard-H11952-811","survey_id":"H11952","depth_ft_range":[111.1,120.6],"max_product_uncertainty_m":0.348,"approx_display_area_m2":549,"native_resolution_m":[2.0,2.0],"survey_dates":["2008-08-26T00:00:00","2008-09-04T00:00:00"],"noaa_bag_url":"https://data.ngdc.noaa.gov/platforms/ocean/nos/coast/H10001-H12000/H11952/BAG/H11952_MB_2m_MLLW_2of4.bag","noaa_bag_sha256":"0cb528795f939e9238e9b11f52279940a2365b2b4b6f52d9f9db8aea82b235fa","survey_report_url":"https://data.ngdc.noaa.gov/platforms/ocean/nos/coast/H10001-H12000/H11952/DR/H11952.pdf","usgs_metadata_urls":["https://cmgds.marine.usgs.gov/data/csmp/OffshorePointConception/metadata/SeafloorCharacter_OffshorePointConception_metadata.xml","https://cmgds.marine.usgs.gov/data/csmp/OffshoreGaviota/metadata/SeafloorCharacter_OffshoreGaviota_metadata.xml"],"fishing_target":false,"exportable":false,"legal_clearance":false,"fish_confirmed":false,"depth_qualified_for_target":false}},{"type":"Feature","geometry":{"type":"Polygon","coordinates":[[[-120.51698916575172,34.48665003006912],[-120.51697398596951,34.486647918419884],[-120.5168839906308,34.4865252857882],[-120.5169075884925,34.486500523177426],[-120.51698916575172,34.48665003006912]]]},"properties":{"id":"native-hard-H11952-1050","survey_id":"H11952","depth_ft_range":[125.3,131.2],"max_product_uncertainty_m":0.37,"approx_display_area_m2":37,"native_resolution_m":[2.0,2.0],"survey_dates":["2008-08-26T00:00:00","2008-09-04T00:00:00"],"noaa_bag_url":"https://data.ngdc.noaa.gov/platforms/ocean/nos/coast/H10001-H12000/H11952/BAG/H11952_MB_2m_MLLW_2of4.bag","noaa_bag_sha256":"0cb528795f939e9238e9b11f52279940a2365b2b4b6f52d9f9db8aea82b235fa","survey_report_url":"https://data.ngdc.noaa.gov/platforms/ocean/nos/coast/H10001-H12000/H11952/DR/H11952.pdf","usgs_metadata_urls":["https://cmgds.marine.usgs.gov/data/csmp/OffshorePointConception/metadata/SeafloorCharacter_OffshorePointConception_metadata.xml","https://cmgds.marine.usgs.gov/data/csmp/OffshoreGaviota/metadata/SeafloorCharacter_OffshoreGaviota_metadata.xml"],"fishing_target":false,"exportable":false,"legal_clearance":false,"fish_confirmed":false,"depth_qualified_for_target":false}},{"type":"Feature","geometry":{"type":"Polygon","coordinates":[[[-120.5183213104152,34.48824574163359],[-120.51831998197517,34.48825382826754],[-120.51831931438736,34.48827635255876],[-120.51831711146579,34.4882772093085],[-120.51830941459178,34.48827975744641],[-120.51830500874826,34.48828147094546],[-120.51829839998261,34.48828404119371],[-120.51829508224776,34.488285776803515],[-120.51828735866846,34.48828922591159],[-120.5182818380109,34.48829181827015],[-120.51827520253977,34.48829528948869],[-120.51826856706812,34.48829876070685],[-120.51826299300106,34.4883031550077],[-120.51825184486518,34.48831194360855],[-120.51824961523772,34.488313701328586],[-120.51824648443115,34.48830913013582],[-120.51824229221998,34.48830363585974],[-120.51823810000936,34.48829814158354],[-120.51823279298563,34.488293526167084],[-120.51822217893992,34.48828429533354],[-120.51821687191796,34.48827967991645],[-120.51821045008298,34.48827594335883],[-120.51820402824855,34.488272206800886],[-120.51819866781874,34.4882693933262],[-120.51819115787661,34.4882656346556],[-120.51818794696017,34.48826376637619],[-120.51818149842276,34.4882609307887],[-120.51817719939805,34.488259040396855],[-120.51816966275278,34.48825618269655],[-120.51815994989089,34.48825328077112],[-120.51815238654144,34.488251324041336],[-120.51814591130093,34.488249389423586],[-120.51803763458568,34.4882291586984],[-120.5180311059367,34.48822902601765],[-120.51802242777816,34.488227948138],[-120.51801266151178,34.48822684814409],[-120.518005044755,34.4882266933483],[-120.51811736764482,34.488036953510615],[-120.5183213104152,34.48824574163359]]]},"properties":{"id":"native-hard-H11952-952","survey_id":"H11952","depth_ft_range":[123.4,131.2],"max_product_uncertainty_m":0.366,"approx_display_area_m2":396,"native_resolution_m":[2.0,2.0],"survey_dates":["2008-08-26T00:00:00","2008-09-04T00:00:00"],"noaa_bag_url":"https://data.ngdc.noaa.gov/platforms/ocean/nos/coast/H10001-H12000/H11952/BAG/H11952_MB_2m_MLLW_2of4.bag","noaa_bag_sha256":"0cb528795f939e9238e9b11f52279940a2365b2b4b6f52d9f9db8aea82b235fa","survey_report_url":"https://data.ngdc.noaa.gov/platforms/ocean/nos/coast/H10001-H12000/H11952/DR/H11952.pdf","usgs_metadata_urls":["https://cmgds.marine.usgs.gov/data/csmp/OffshorePointConception/metadata/SeafloorCharacter_OffshorePointConception_metadata.xml","https://cmgds.marine.usgs.gov/data/csmp/OffshoreGaviota/metadata/SeafloorCharacter_OffshoreGaviota_metadata.xml"],"fishing_target":false,"exportable":false,"legal_clearance":false,"fish_confirmed":false,"depth_qualified_for_target":false}},{"type":"Feature","geometry":{"type":"Polygon","coordinates":[[[-120.51522732443186,34.48948371497925],[-120.51517171282912,34.489413166952865],[-120.5152523674874,34.489410300410526],[-120.51522732443186,34.48948371497925]]]},"properties":{"id":"native-hard-H11952-854","survey_id":"H11952","depth_ft_range":[116.0,122.6],"max_product_uncertainty_m":0.301,"approx_display_area_m2":30,"native_resolution_m":[2.0,2.0],"survey_dates":["2008-08-26T00:00:00","2008-09-04T00:00:00"],"noaa_bag_url":"https://data.ngdc.noaa.gov/platforms/ocean/nos/coast/H10001-H12000/H11952/BAG/H11952_MB_2m_MLLW_2of4.bag","noaa_bag_sha256":"0cb528795f939e9238e9b11f52279940a2365b2b4b6f52d9f9db8aea82b235fa","survey_report_url":"https://data.ngdc.noaa.gov/platforms/ocean/nos/coast/H10001-H12000/H11952/DR/H11952.pdf","usgs_metadata_urls":["https://cmgds.marine.usgs.gov/data/csmp/OffshorePointConception/metadata/SeafloorCharacter_OffshorePointConception_metadata.xml","https://cmgds.marine.usgs.gov/data/csmp/OffshoreGaviota/metadata/SeafloorCharacter_OffshoreGaviota_metadata.xml"],"fishing_target":false,"exportable":false,"legal_clearance":false,"fish_confirmed":false,"depth_qualified_for_target":false}},{"type":"Feature","geometry":{"type":"Polygon","coordinates":[[[-120.50418766681362,34.4846437660638],[-120.50412175120503,34.48455407093552],[-120.50418018362615,34.48456608317623],[-120.50418766681362,34.4846437660638]]]},"properties":{"id":"native-hard-H11952-1270","survey_id":"H11952","depth_ft_range":[90.6,98.9],"max_product_uncertainty_m":0.283,"approx_display_area_m2":23,"native_resolution_m":[2.0,2.0],"survey_dates":["2008-08-26T00:00:00","2008-09-04T00:00:00"],"noaa_bag_url":"https://data.ngdc.noaa.gov/platforms/ocean/nos/coast/H10001-H12000/H11952/BAG/H11952_MB_2m_MLLW_2of4.bag","noaa_bag_sha256":"0cb528795f939e9238e9b11f52279940a2365b2b4b6f52d9f9db8aea82b235fa","survey_report_url":"https://data.ngdc.noaa.gov/platforms/ocean/nos/coast/H10001-H12000/H11952/DR/H11952.pdf","usgs_metadata_urls":["https://cmgds.marine.usgs.gov/data/csmp/OffshorePointConception/metadata/SeafloorCharacter_OffshorePointConception_metadata.xml","https://cmgds.marine.usgs.gov/data/csmp/OffshoreGaviota/metadata/SeafloorCharacter_OffshoreGaviota_metadata.xml"],"fishing_target":false,"exportable":false,"legal_clearance":false,"fish_confirmed":false,"depth_qualified_for_target":false}},{"type":"Feature","geometry":{"type":"Polygon","coordinates":[[[-120.49199871941987,34.47969090158431],[-120.4919954554928,34.47969083456288],[-120.49198569068973,34.47968973254323],[-120.49194325963985,34.479688861253265],[-120.49192626603045,34.479601967455544],[-120.49198996206597,34.47958344221439],[-120.49199871941987,34.47969090158431]]]},"properties":{"id":"native-hard-H11952-1677","survey_id":"H11952","depth_ft_range":[59.1,65.3],"max_product_uncertainty_m":0.274,"approx_display_area_m2":60,"native_resolution_m":[2.0,2.0],"survey_dates":["2008-08-26T00:00:00","2008-09-04T00:00:00"],"noaa_bag_url":"https://data.ngdc.noaa.gov/platforms/ocean/nos/coast/H10001-H12000/H11952/BAG/H11952_MB_2m_MLLW_2of4.bag","noaa_bag_sha256":"0cb528795f939e9238e9b11f52279940a2365b2b4b6f52d9f9db8aea82b235fa","survey_report_url":"https://data.ngdc.noaa.gov/platforms/ocean/nos/coast/H10001-H12000/H11952/DR/H11952.pdf","usgs_metadata_urls":["https://cmgds.marine.usgs.gov/data/csmp/OffshorePointConception/metadata/SeafloorCharacter_OffshorePointConception_metadata.xml","https://cmgds.marine.usgs.gov/data/csmp/OffshoreGaviota/metadata/SeafloorCharacter_OffshoreGaviota_metadata.xml"],"fishing_target":false,"exportable":false,"legal_clearance":false,"fish_confirmed":false,"depth_qualified_for_target":false}},{"type":"Feature","geometry":{"type":"Polygon","coordinates":[[[-120.51462294797436,34.50624585452144],[-120.51455502487927,34.50622283561224],[-120.5145135698638,34.50618863582288],[-120.51462294797436,34.50624585452144]]]},"properties":{"id":"native-hard-H11952-509","survey_id":"H11952","depth_ft_range":[80.8,88.8],"max_product_uncertainty_m":0.267,"approx_display_area_m2":7,"native_resolution_m":[2.0,2.0],"survey_dates":["2008-08-26T00:00:00","2008-09-04T00:00:00"],"noaa_bag_url":"https://data.ngdc.noaa.gov/platforms/ocean/nos/coast/H10001-H12000/H11952/BAG/H11952_MB_2m_MLLW_2of4.bag","noaa_bag_sha256":"0cb528795f939e9238e9b11f52279940a2365b2b4b6f52d9f9db8aea82b235fa","survey_report_url":"https://data.ngdc.noaa.gov/platforms/ocean/nos/coast/H10001-H12000/H11952/DR/H11952.pdf","usgs_metadata_urls":["https://cmgds.marine.usgs.gov/data/csmp/OffshorePointConception/metadata/SeafloorCharacter_OffshorePointConception_metadata.xml","https://cmgds.marine.usgs.gov/data/csmp/OffshoreGaviota/metadata/SeafloorCharacter_OffshoreGaviota_metadata.xml"],"fishing_target":false,"exportable":false,"legal_clearance":false,"fish_confirmed":false,"depth_qualified_for_target":false}},{"type":"Feature","geometry":{"type":"Polygon","coordinates":[[[-120.50716980053947,34.485479970964114],[-120.50715321137952,34.485488647477275],[-120.50714657571459,34.48549211808186],[-120.50714100129184,34.485496511859395],[-120.5071354268685,34.485500905636634],[-120.50713091368729,34.48550622258699],[-120.50712637368436,34.48551244050156],[-120.50712294856584,34.48551777966063],[-120.50711949662566,34.485524019783966],[-120.507117132749,34.48553028211634],[-120.50711583011487,34.48553746762217],[-120.50711564236602,34.4855437743728],[-120.50711545461712,34.48555008112342],[-120.5071163281113,34.485557311047565],[-120.50711831649136,34.48556366221651],[-120.50712139293628,34.48557003559458],[-120.50712449620288,34.48557550800819],[-120.50712866071345,34.48558190359522],[-120.50713285204573,34.48558739821773],[-120.50713815826454,34.485592014084745],[-120.50714346448395,34.485596629951544],[-120.50714988558991,34.48560036706268],[-120.50715739476156,34.48560412638232],[-120.50716384268955,34.485606962528344],[-120.50717137868317,34.48560982088278],[-120.507178941498,34.48561177827236],[-120.50745503045646,34.485663390357345],[-120.50710565314938,34.48591589485575],[-120.50686221740725,34.48582798656628],[-120.50700285804723,34.48578488039335],[-120.50701055498622,34.48578233297252],[-120.50701719068007,34.48577886237671],[-120.5070238531959,34.485774490816254],[-120.50703051571101,34.48577011925539],[-120.5070360901584,34.485765725484136],[-120.50704060336045,34.48576040853834],[-120.50704514338416,34.485754190628064],[-120.50704856851816,34.48574885147199],[-120.50705204729597,34.48574171038721],[-120.50705441118438,34.48573544805677],[-120.5070556870058,34.48572916351646],[-120.50705590158256,34.48572195580202],[-120.50705608933717,34.485715649051855],[-120.50705412778109,34.485708396917786],[-120.50705213940324,34.485702045748006],[-120.50705015102564,34.48569569457818],[-120.50704598651613,34.48568929898861],[-120.50704179518505,34.48568380436322],[-120.50694732943893,34.48556558104452],[-120.50716980053947,34.485479970964114]]]},"properties":{"id":"native-hard-H11952-1188","survey_id":"H11952","depth_ft_range":[99.6,108.7],"max_product_uncertainty_m":0.291,"approx_display_area_m2":1019,"native_resolution_m":[2.0,2.0],"survey_dates":["2008-08-26T00:00:00","2008-09-04T00:00:00"],"noaa_bag_url":"https://data.ngdc.noaa.gov/platforms/ocean/nos/coast/H10001-H12000/H11952/BAG/H11952_MB_2m_MLLW_2of4.bag","noaa_bag_sha256":"0cb528795f939e9238e9b11f52279940a2365b2b4b6f52d9f9db8aea82b235fa","survey_report_url":"https://data.ngdc.noaa.gov/platforms/ocean/nos/coast/H10001-H12000/H11952/DR/H11952.pdf","usgs_metadata_urls":["https://cmgds.marine.usgs.gov/data/csmp/OffshorePointConception/metadata/SeafloorCharacter_OffshorePointConception_metadata.xml","https://cmgds.marine.usgs.gov/data/csmp/OffshoreGaviota/metadata/SeafloorCharacter_OffshoreGaviota_metadata.xml"],"fishing_target":false,"exportable":false,"legal_clearance":false,"fish_confirmed":false,"depth_qualified_for_target":false}},{"type":"Feature","geometry":{"type":"Polygon","coordinates":[[[-120.50686535344109,34.49720331716793],[-120.50686309650311,34.49720597561949],[-120.5068585826267,34.49721129252241],[-120.50685515696537,34.497216631643184],[-120.5068517044678,34.49722287172632],[-120.50684825196969,34.49722911180932],[-120.50684477263512,34.49723625285467],[-120.50682118345779,34.497297073935975],[-120.50680056101407,34.49729484986006],[-120.50682827360694,34.497205264639774],[-120.50686535344109,34.49720331716793]]]},"properties":{"id":"native-hard-H11952-587","survey_id":"H11952","depth_ft_range":[59.1,65.0],"max_product_uncertainty_m":0.27,"approx_display_area_m2":24,"native_resolution_m":[2.0,2.0],"survey_dates":["2008-08-26T00:00:00","2008-09-04T00:00:00"],"noaa_bag_url":"https://data.ngdc.noaa.gov/platforms/ocean/nos/coast/H10001-H12000/H11952/BAG/H11952_MB_2m_MLLW_2of4.bag","noaa_bag_sha256":"0cb528795f939e9238e9b11f52279940a2365b2b4b6f52d9f9db8aea82b235fa","survey_report_url":"https://data.ngdc.noaa.gov/platforms/ocean/nos/coast/H10001-H12000/H11952/DR/H11952.pdf","usgs_metadata_urls":["https://cmgds.marine.usgs.gov/data/csmp/OffshorePointConception/metadata/SeafloorCharacter_OffshorePointConception_metadata.xml","https://cmgds.marine.usgs.gov/data/csmp/OffshoreGaviota/metadata/SeafloorCharacter_OffshoreGaviota_metadata.xml"],"fishing_target":false,"exportable":false,"legal_clearance":false,"fish_confirmed":false,"depth_qualified_for_target":false}},{"type":"Feature","geometry":{"type":"Polygon","coordinates":[[[-120.51492091853544,34.491516703195835],[-120.51432583336897,34.491280115482574],[-120.51455242518504,34.49120268965784],[-120.5145601491799,34.49119924080589],[-120.51456678503031,34.49119576980744],[-120.51457342088018,34.4911922988086],[-120.51457899533241,34.49118790469485],[-120.51458459653068,34.49118260961214],[-120.51458910958462,34.491177292383355],[-120.51459362263796,34.49117197515441],[-120.51459479102093,34.49116929439412],[-120.5149514549872,34.491331612894086],[-120.51492091853544,34.491516703195835]]]},"properties":{"id":"native-hard-H11952-789","survey_id":"H11952","depth_ft_range":[107.1,118.5],"max_product_uncertainty_m":0.311,"approx_display_area_m2":999,"native_resolution_m":[2.0,2.0],"survey_dates":["2008-08-26T00:00:00","2008-09-04T00:00:00"],"noaa_bag_url":"https://data.ngdc.noaa.gov/platforms/ocean/nos/coast/H10001-H12000/H11952/BAG/H11952_MB_2m_MLLW_2of4.bag","noaa_bag_sha256":"0cb528795f939e9238e9b11f52279940a2365b2b4b6f52d9f9db8aea82b235fa","survey_report_url":"https://data.ngdc.noaa.gov/platforms/ocean/nos/coast/H10001-H12000/H11952/DR/H11952.pdf","usgs_metadata_urls":["https://cmgds.marine.usgs.gov/data/csmp/OffshorePointConception/metadata/SeafloorCharacter_OffshorePointConception_metadata.xml","https://cmgds.marine.usgs.gov/data/csmp/OffshoreGaviota/metadata/SeafloorCharacter_OffshoreGaviota_metadata.xml"],"fishing_target":false,"exportable":false,"legal_clearance":false,"fish_confirmed":false,"depth_qualified_for_target":false}},{"type":"Feature","geometry":{"type":"Polygon","coordinates":[[[-120.5638982856461,34.54116588065655],[-120.56228859214549,34.54017632634795],[-120.5622815033771,34.539747061835456],[-120.56228062481253,34.53973983213706],[-120.56227969368565,34.539734404426326],[-120.5622787888401,34.53972807572174],[-120.56227785771344,34.53972264801101],[-120.56227692658685,34.53971722030025],[-120.56227493292776,34.539710869847916],[-120.56227190301777,34.539702695660125],[-120.5622688205457,34.53969632345993],[-120.5622667480437,34.539692675989],[-120.56226363929103,34.539687204782545],[-120.56225946800667,34.53968081083432],[-120.56225420790959,34.539674395138086],[-120.56225102031395,34.53967162691284],[-120.56224892153179,34.539668880435464],[-120.56224472396791,34.539663387480644],[-120.56223941130985,34.53965877377149],[-120.56223303612093,34.53965323732023],[-120.56222666093288,34.53964770086864],[-120.56222132199504,34.53964398815259],[-120.5622159567759,34.53964117643012],[-120.56221059155708,34.53963836470744],[-120.56220522633868,34.539635552984535],[-120.56220201246417,34.53963368575193],[-120.56219558471565,34.53962995128646],[-120.5621891306856,34.53962711781447],[-120.56218158784338,34.53962426259365],[-120.56217186737652,34.53962136387516],[-120.5621642982531,34.53961940964708],[-120.56215779166017,34.53961837816105],[-120.56215128506743,34.539617346674696],[-120.56214368966238,34.539616293439146],[-120.56213718307,34.539615261952044],[-120.56212523241554,34.5396141217196],[-120.56211652191587,34.53961394772709],[-120.562104518696,34.539614609480125],[-120.56209687072582,34.53961535822915],[-120.56208593003495,34.539616942723335],[-120.56207825578117,34.539618592464905],[-120.56207058152712,34.53962024220597],[-120.56206070336431,34.53962274944105],[-120.56205300282605,34.53962530017469],[-120.56204530228732,34.539627850907834],[-120.56203869056075,34.53963042339026],[-120.56203205255001,34.53963389686599],[-120.56202541453874,34.539637370341346],[-120.56201986533962,34.5396408655663],[-120.56179027529969,34.539780522075226],[-120.56159246151161,34.53961519820151],[-120.56159583310162,34.53961165948922],[-120.56160037236855,34.539605439550336],[-120.56160262885754,34.5396027800775],[-120.56160488534641,34.53960012060462],[-120.56160926688216,34.53959930662576],[-120.56161694114158,34.539597656914005],[-120.5616235265889,34.539595985448294],[-120.56163122713588,34.539593434742194],[-120.56163563495907,34.53959171976894],[-120.56164113159387,34.539590026548844],[-120.56164774332808,34.53958745408834],[-120.56165438134971,34.539583980634006],[-120.56166101937079,34.53958050717929],[-120.56166765739133,34.53957703372419],[-120.56167432169892,34.53957265927525],[-120.56167989719432,34.53956826307295],[-120.56168547268915,34.53956386687035],[-120.56169216328215,34.53955859142688],[-120.56169556115302,34.53955415171805],[-120.56170113664606,34.539549755514656],[-120.56170676471294,34.53954355732403],[-120.56171130396785,34.53953733738043],[-120.56171472812389,34.53953199667748],[-120.56172614197415,34.53951419433346],[-120.56172842474358,34.539510633864495],[-120.56173187518428,34.53950439216745],[-120.56173537819812,34.53949634848327],[-120.56173773982712,34.539490085033556],[-120.56174010145574,34.53948382158378],[-120.56174254194423,34.53947485515339],[-120.56174381476173,34.53946856995113],[-120.56174519272588,34.53945868077477],[-120.5617454030195,34.53945147282661],[-120.56174460336324,34.539441540145575],[-120.56174369856026,34.539435211438594],[-120.56174279375742,34.5394288827316],[-120.56174087900519,34.53941982929172],[-120.5617388853931,34.53941347883237],[-120.56173689178131,34.53940712837298],[-120.56173487188303,34.53940167890709],[-120.56173178946246,34.539395306695255],[-120.56172868075554,34.53938983547687],[-120.56172344700444,34.539382518766445],[-120.56171924948946,34.53937702579537],[-120.56171505197499,34.539371532824156],[-120.5617097656522,34.53936601810025],[-120.56170447933007,34.53936050337613],[-120.56169919300866,34.539354988651816],[-120.56169279159208,34.539350353168054],[-120.56168742641042,34.53934754142376],[-120.56168211380364,34.53934292769227],[-120.56167462358046,34.53933827045479],[-120.56166710707069,34.53933451421039],[-120.56166065308251,34.53933168071204],[-120.56165635042399,34.53932979171295],[-120.56164880762823,34.53932693646096],[-120.56164126483301,34.5393240812085],[-120.56163154442184,34.5393211824491],[-120.56162397533993,34.53931922818907],[-120.56161313983385,34.539317208668365],[-120.5616055444647,34.5393161554007],[-120.56159359386322,34.53931501511823],[-120.56155657438734,34.53931427549021],[-120.56154457120967,34.539314937189786],[-120.56153692326421,34.53931568590469],[-120.56152598260546,34.53931727034993],[-120.56151830837068,34.539318920057035],[-120.56150843023023,34.53932142724832],[-120.56150072970561,34.53932397794767],[-120.56149302918053,34.5393265286465],[-120.56148862136902,34.539328243615145],[-120.56148200965147,34.53933081606779],[-120.56147428283575,34.53933426775874],[-120.56146652972981,34.53933862044253],[-120.56146095423986,34.53934301663541],[-120.56145543132877,34.53934561084131],[-120.56144876702929,34.53934998527872],[-120.5614431652478,34.53935528246404],[-120.56143756346557,34.53936057964906],[-120.56143196168266,34.5393658768338],[-120.56142744870775,34.53937119577335],[-120.56142293573225,34.53937651471272],[-120.56141728136697,34.539383613883295],[-120.56141385719907,34.53938895457746],[-120.56141040674049,34.53939519626482],[-120.56140926535093,34.53939697649614],[-120.56140597263348,34.539397812223534],[-120.56139609448074,34.539400319405146],[-120.56138839394569,34.539402870096914],[-120.56138619003697,34.53940372757923],[-120.5613807197008,34.539404519794886],[-120.56137304545558,34.53940616949238],[-120.56136316730104,34.53940867667125],[-120.56135546676434,34.53941122736086],[-120.56135105894573,34.5394129423242],[-120.56123729074545,34.53931691110446],[-120.56123747478973,34.53931060415206],[-120.56123662261031,34.53930247345649],[-120.56123574413897,34.539295243754104],[-120.56123481308367,34.53928981603811],[-120.56123388202845,34.539284388322116],[-120.56123188845804,34.53927803785611],[-120.5612288586648,34.53926986364685],[-120.5612257762879,34.539263491423945],[-120.5612237038421,34.53925984393742],[-120.56122059517376,34.5392543727076],[-120.56121849643621,34.5392516262142],[-120.56121432525377,34.53924523223413],[-120.56121119029427,34.5392406619973],[-120.56120699282062,34.53923516901021],[-120.56120279534753,34.539229676022984],[-120.56119748277592,34.53922506227175],[-120.5611762324954,34.53920660726469],[-120.56117091992674,34.5392019935124],[-120.56116449225969,34.53919825899572],[-120.56115806459323,34.539194524478724],[-120.5611526994407,34.53919171271203],[-120.56114518296917,34.53918795643692],[-120.5611419691367,34.53918608917798],[-120.56113551517925,34.53918325565303],[-120.56113121254116,34.5391813666362],[-120.56112366977845,34.53917851135298],[-120.56111394940443,34.53917561255375],[-120.56110638034959,34.53917365826263],[-120.5610998738076,34.53917262672213],[-120.5610933672658,34.53917159518129],[-120.56108468311251,34.539170520124],[-120.56107491015364,34.539169423307975],[-120.56105966687231,34.53916911869299],[-120.56102882774034,34.539143259892455],[-120.56102457769525,34.53913956888587],[-120.56101177497364,34.53913029785151],[-120.56100643612474,34.53912658508567],[-120.56099998217677,34.53912375155391],[-120.56099246571863,34.5391199952699],[-120.56098818938182,34.53911720525522],[-120.5600433721183,34.538716076412605],[-120.56027152566955,34.53866294022932],[-120.56160582875903,34.53893301564008],[-120.56161124648726,34.53893402539989],[-120.56161884182202,34.53893507866581],[-120.56162643715703,34.53893613193126],[-120.56163838770526,34.53893727220829],[-120.56164600932806,34.53893742447901],[-120.56165801245113,34.53893676276708],[-120.56166566036104,34.53893601404303],[-120.56167660096756,34.538934429582945],[-120.56168427516401,34.538932779864176],[-120.56169194936018,34.538931130144896],[-120.56170182744916,34.53892862293641],[-120.56170952793123,34.53892607222242],[-120.56171393571694,34.53892435724459],[-120.56172054739518,34.53892178477756],[-120.56172938925191,34.53891745382734],[-120.56173602721545,34.53891398036582],[-120.56174266517843,34.53891050690392],[-120.56174932942702,34.53890613244803],[-120.56175490487203,34.53890173623981],[-120.56176048031642,34.538897340031305],[-120.56176717084897,34.538892064580736],[-120.56177165748936,34.538887646619834],[-120.5617727988638,34.53888586638437],[-120.56214154274355,34.538494761141344],[-120.56318560993562,34.53848135373494],[-120.56319216899723,34.53848058317382],[-120.56320090565586,34.53847985609],[-120.56320964231439,34.53847912900555],[-120.56321946777136,34.538478423659114],[-120.56322825696917,34.538475894583996],[-120.56323704616652,34.53847336550821],[-120.56400064189319,34.5382524106747],[-120.5638982856461,34.54116588065655]]]},"properties":{"id":"native-hard-H11953-1","survey_id":"H11953","depth_ft_range":[25.0,45.0],"max_product_uncertainty_m":0.265,"approx_display_area_m2":49018,"native_resolution_m":[1.0,1.0],"survey_dates":["2008-08-29T15:13:58","2008-09-05T01:14:20"],"noaa_bag_url":"https://data.ngdc.noaa.gov/platforms/ocean/nos/coast/H10001-H12000/H11953/BAG/H11953_MB_1m_MLLW_1of4.bag","noaa_bag_sha256":"4f8a559dffa35ffa0a1eaad1c08f91a138e90e6c041f5e9112ad05670e4713a9","survey_report_url":"https://data.ngdc.noaa.gov/platforms/ocean/nos/coast/H10001-H12000/H11953/DR/H11953.pdf","usgs_metadata_urls":["https://cmgds.marine.usgs.gov/data/csmp/OffshorePointConception/metadata/SeafloorCharacter_OffshorePointConception_metadata.xml"],"fishing_target":false,"exportable":false,"legal_clearance":false,"fish_confirmed":false,"depth_qualified_for_target":false}}]}
