{"type":"FeatureCollection","schema_version":1,"scope":"generalized-statewide-usgs-hard-bottom-context","compiled_at":"2026-09-24T12:04:29.775547+00:00","source":"USGS California State Waters Map Series (DS 781)","source_catalog_url":"https://cmgds.marine.usgs.gov/data/csmp/","method":"Original categorical GeoTIFF class 3, mode resampled to 20 m, polygons >=5,000 m\u00b2, largest 100 per reviewed map block, generalized and cut by complete current CDFW MPA polygons. Historical context only.","limitations":["Map blocks are discontinuous and contain unsurveyed pixels.","Published outlines omit smaller hard patches and cannot mark exact rock edges.","Depth grids use separate datums; this layer is not depth-qualified.","No catch or legal access is inferred."],"failed_blocks":[],"features":[{"type":"Feature","geometry":{"type":"Polygon","coordinates":[[[-121.98066416895371,36.59319156551766],[-121.98044058315995,36.59318965297497],[-121.9804358423175,36.59354999323405],[-121.9802122555056,36.593548080247054],[-121.98020988453318,36.59372825035571],[-121.97953912266527,36.593722508841225],[-121.97932502749518,36.59299991389617],[-121.97865427211586,36.59299416749971],[-121.97864714841332,36.5935346775967],[-121.97819997514844,36.593530844494],[-121.97820235077626,36.5933506744923],[-121.97842593687854,36.59335259124079],[-121.97843068703166,36.59299225119557],[-121.9782071019686,36.5929903344721],[-121.9782094775331,36.59281016445362],[-121.97843306207658,36.59281208116457],[-121.97843781210311,36.592451741085796],[-121.97821422859879,36.59244982439988],[-121.97821185307649,36.59262999442954],[-121.97754110113166,36.59262424181831],[-121.97753872402951,36.59280441180482],[-121.97731513957059,36.59280249341657],[-121.97732227237246,36.59226198347784],[-121.9768751066356,36.59225814551856],[-121.97687272801694,36.59243831547867],[-121.97664914466068,36.59243639585752],[-121.97643032062007,36.59207413594139],[-121.9762067383453,36.59207221550668],[-121.97621387868712,36.591531705688865],[-121.97576433618656,36.591708033556564],[-121.97576195503348,36.59188820347075],[-121.97531479167132,36.591884359691264],[-121.97531717386352,36.59170418980217],[-121.9750935927338,36.591702267296014],[-121.97510074074204,36.59116175763287],[-121.9746535816635,36.59115791143798],[-121.97465119797616,36.59133808130619],[-121.97442761794915,36.59133615756725],[-121.97443000215604,36.591155987711616],[-121.97375926376093,36.59115021401667],[-121.97376403522843,36.59078987436402],[-121.97398761363316,36.590791799323156],[-121.97398999881555,36.59061162947586],[-121.97443715464962,36.59061547811113],[-121.97443953877178,36.590435308233126],[-121.97376880661112,36.590429534688994],[-121.9735404568449,36.590787948985586],[-121.97331687848262,36.590786023187874],[-121.97332165194344,36.59042568356313],[-121.97354522926666,36.5904276093357],[-121.97354761544572,36.59024743950239],[-121.97265569659433,36.59005956415811],[-121.97265808480905,36.58987939436391],[-121.97243450912936,36.589877466951954],[-121.97243928653418,36.58951712737196],[-121.97199213731656,36.58951327134058],[-121.97199452702614,36.58933310156737],[-121.9715497696599,36.589149074130475],[-121.97155216036599,36.58896890437128],[-121.97177573336316,36.58897083339735],[-121.97178051367264,36.58861049383696],[-121.97200408565215,36.58861242241857],[-121.97200886483775,36.588252082810634],[-121.97133815207997,36.58824629588355],[-121.97111936445965,36.58788402653982],[-121.97134293429744,36.58788595632881],[-121.9713453253743,36.58770578654306],[-121.97090057885346,36.587521756804875],[-121.97090297092673,36.58734158703314],[-121.97135010746432,36.58734544695475],[-121.97113132222883,36.586983177618094],[-121.97224915864427,36.5869928220557],[-121.97224676973013,36.5871729919142],[-121.97269390548398,36.58717684677979],[-121.97269629335925,36.58699667689612],[-121.9731434281592,36.58700053005959],[-121.97314104132283,36.587180699968435],[-121.97470601742744,36.58719417292273],[-121.97470363420595,36.58737434291397],[-121.97515077146562,36.58737818858147],[-121.97515315364821,36.587198018565125],[-121.9760498064277,36.58702553474692],[-121.97627813320017,36.58666711506365],[-121.97650169988994,36.58666903512219],[-121.97650645783153,36.58630869488863],[-121.97695596709708,36.58613236354765],[-121.97696310067107,36.5855918530634],[-121.97741260474264,36.58541551989787],[-121.97741498149846,36.585235349694614],[-121.9780856694826,36.58524110202356],[-121.97808804465913,36.585060931777164],[-121.97853516904875,36.585064764542054],[-121.9785375431654,36.584884594265034],[-121.97876110487252,36.58488651000616],[-121.97876585200375,36.58452616941033],[-121.97898941269322,36.58452808470724],[-121.9792177183732,36.58416965891673],[-121.97944127806615,36.58417157335024],[-121.97944364999987,36.583991402995224],[-121.98056144618414,36.584000968812404],[-121.98078974305614,36.5836425398416],[-121.98123685964215,36.583646362345824],[-121.98123922735782,36.583466191874145],[-121.98146278516305,36.583468102485],[-121.9814698866258,36.58292759099896],[-121.9812463303786,36.58292568042555],[-121.98125343321009,36.58238516892663],[-121.98170290913934,36.582208819043686],[-121.98170527564811,36.58202864850232],[-121.98148172197646,36.582026738410434],[-121.98148645596953,36.58166639733591],[-121.98215711393169,36.58167212627924],[-121.9821547485036,36.581852296856724],[-121.98260185495559,36.581856114081425],[-121.98260421934506,36.58167594347903],[-121.98305132484253,36.581679759002185],[-121.9830536881724,36.58149958836926],[-121.98238303151564,36.581493864493176],[-121.98239249085657,36.580773182055154],[-121.98194539067828,36.58076936414172],[-121.9819501222998,36.58040902293904],[-121.9821736713399,36.580410932080376],[-121.98217603659987,36.58023076145819],[-121.9817289395793,36.58022694278128],[-121.98173130585678,36.580046772178434],[-121.98150775789735,36.58004486222375],[-121.98151249142778,36.57968452102623],[-121.98128894452792,36.579682610677374],[-121.98107960396669,36.57859967633238],[-121.98085606022438,36.57859776522017],[-121.98086316465685,36.57805725339363],[-121.9806396224933,36.57805534189975],[-121.98064672829403,36.577514830060366],[-121.98087026889996,36.57751674151679],[-121.98087263693891,36.57733657088],[-121.98042555678653,36.57733274757301],[-121.98043029487808,36.576972406332594],[-121.98020675587186,36.57697049407544],[-121.98020912540525,36.57679032345934],[-121.97976204849445,36.57678649771277],[-121.97976441904515,36.576606327116046],[-121.98021149491761,36.57661015283763],[-121.98021860332831,36.576069640939],[-121.9797715305709,36.57606581529237],[-121.9797667895748,36.57642615651374],[-121.97954325218939,36.57642424303683],[-121.9795479942238,36.57606390184045],[-121.9793244578978,36.57606198796945],[-121.97932682940258,36.57588181737538],[-121.97955036520943,36.575883731233866],[-121.97955510711746,36.57552339000396],[-121.97933157234893,36.57552147617045],[-121.97933868661043,36.57498096432114],[-121.97911515342042,36.574979050106094],[-121.97911989719435,36.574618708870254],[-121.97889636506372,36.57461679426117],[-121.97890348212391,36.574076282403006],[-121.97845879439008,36.57389228139718],[-121.97846116771845,36.57371211078604],[-121.97779057936654,36.5737063621179],[-121.97779295423113,36.57352619153871],[-121.9773458964737,36.57352235702316],[-121.97734827235537,36.573342186463435],[-121.97712474402744,36.573340268589625],[-121.97712949676564,36.57297992747844],[-121.97668244224954,36.572976090523895],[-121.97644940323332,36.57369485346774],[-121.97600234469145,36.57369101389876],[-121.97599996565295,36.573871184372116],[-121.97510584674681,36.573863500155575],[-121.97511060895546,36.57350315930364],[-121.97488708032006,36.57350123722703],[-121.97489422503163,36.572960725944846],[-121.9746706979747,36.57295880348686],[-121.97467308002197,36.57277863306085],[-121.97333430638052,36.57258691923273],[-121.9731155517658,36.572224653162685],[-121.97266850216502,36.57222080122401],[-121.97267088879919,36.57204063088876],[-121.97244736454968,36.5720387043035],[-121.97245213879248,36.57167836364135],[-121.97200748056106,36.57149433894987],[-121.97200986866753,36.57131416862999],[-121.97178634655795,36.571312240838076],[-121.97179351230709,36.570771729882665],[-121.97201703285958,36.5707736576368],[-121.97202180888154,36.57041331694673],[-121.97224532841724,36.57041524425671],[-121.97224771587742,36.57023507389069],[-121.97247123491536,36.570237000769104],[-121.97247600873399,36.569876659995124],[-121.9731465628612,36.56988243804104],[-121.97315133348107,36.56952209716923],[-121.97270668576714,36.56933807518875],[-121.97270907206205,36.56915790476402],[-121.97248555611685,36.569155978380074],[-121.97249032968102,36.568795637539],[-121.97204091212079,36.56897195396271],[-121.97204329993023,36.568791783564556],[-121.97181978508668,36.56878985594891],[-121.97160104789548,36.568427587151554],[-121.97093050666993,36.56842180060957],[-121.97092811630807,36.568601970955946],[-121.9707046020898,36.568600041258115],[-121.97070699297059,36.56841987092435],[-121.97025996563575,36.56841601029704],[-121.97004123681182,36.56805373874631],[-121.96937069914675,36.56804794348209],[-121.96915197551245,36.56768567035937],[-121.96758739578738,36.56767213065742],[-121.96758979382709,36.56749196047242],[-121.96714517133461,36.567307918075706],[-121.96714996938321,36.56694757772833],[-121.96625833383693,36.566759658258654],[-121.96603962836554,36.566397379635056],[-121.96559021076067,36.566573671795204],[-121.96537150894304,36.566211391992326],[-121.96492449508631,36.56620751155965],[-121.96492689918239,36.56602734148181],[-121.96470339280498,36.56602540064977],[-121.96470820197085,36.565665060502674],[-121.9638141808264,36.5656572930869],[-121.96381658745283,36.56547712305569],[-121.96336957804682,36.56547323685975],[-121.96337198568962,36.56529306684834],[-121.96314848153762,36.56529112313472],[-121.96315570589427,36.56475061310498],[-121.96271110988155,36.564566554501525],[-121.96271833709459,36.56402604448087],[-121.9622713362046,36.564022154299195],[-121.9622737462705,36.56384198430652],[-121.96160324665286,36.56383614593054],[-121.96160083503045,36.564016315885084],[-121.96115383435496,36.56401242151461],[-121.96093516038582,36.56365013386271],[-121.96004357874035,36.5634621686449],[-121.9600508242457,36.5629216589814],[-121.95960383009677,36.56291775889946],[-121.95959899770607,36.56327809862978],[-121.9593754996262,36.56327614793505],[-121.95915683603383,36.56291385714209],[-121.95870984205689,36.56290995370929],[-121.95849118259362,36.562547661739345],[-121.95759719913448,36.56253984827401],[-121.95738338842739,36.56181721479814],[-121.95715989471314,36.561815260016886],[-121.95716231645412,36.56163509025007],[-121.95671533012782,36.561631179456576],[-121.95672017562029,36.56127083995723],[-121.95649668352704,36.56126888395778],[-121.95627803893674,36.56090658806888],[-121.95605454792413,36.560904631257316],[-121.9558359064034,36.560542334585065],[-121.95561241647142,36.56054037696142],[-121.95561726689306,36.56018003752275],[-121.95539377802014,36.56017807950587],[-121.95539620371738,36.55999790979094],[-121.95494922707377,36.55999399252628],[-121.95495408047853,36.5596336531308],[-121.95473059322654,36.55963169389584],[-121.95473302041533,36.5594515242025],[-121.95383907369832,36.5594436831258],[-121.95384150294039,36.559263513478086],[-121.95317104468572,36.55925762831154],[-121.95316861388748,36.55943779792082],[-121.95205118130198,36.559427980869714],[-121.9518228269639,36.55978635525093],[-121.95142797084111,36.55978288293597],[-121.9505115838623,36.557580138407424],[-121.95051358265175,36.557432355092644],[-121.9509605439066,36.55743628875011],[-121.95095810813763,36.557616458287036],[-121.9511815893162,36.55761842450046],[-121.95118402456653,36.55743825495069],[-121.95163098595137,36.55744218609552],[-121.9516236832476,36.557982694805084],[-121.9518471655285,36.557984659787834],[-121.95185203298196,36.55762432062805],[-121.9520755142472,36.55762628516636],[-121.95208038057683,36.55726594595854],[-121.95230386082638,36.55726791005242],[-121.95230629344012,36.55708774042727],[-121.95252977319264,36.55708970408954],[-121.95252734109756,36.55726987372751],[-121.95297187062546,36.5574539694794],[-121.95320021257999,36.55709559256373],[-121.95297673276255,36.557093630157766],[-121.95297916379872,36.556913460488566],[-121.95409656050867,36.55692326826661],[-121.9543248956992,36.55656488905696],[-121.95454837409032,36.55656684891189],[-121.9545459467279,36.55674701868197],[-121.95521638358676,36.556752895772576],[-121.95521880939322,36.55657272596411],[-121.95477185250303,36.556568808348054],[-121.95477427932526,36.55638863855959],[-121.95499775724092,36.5563905975642],[-121.95500260978338,36.556030257944904],[-121.955673040548,36.55603613236941],[-121.95567061584347,36.556216302220236],[-121.95544713838171,36.5562143444847],[-121.9554422878707,36.55657468414398],[-121.95566576636975,36.5565766419051],[-121.95566819111738,36.55639647206545],[-121.9561175708317,36.55622021643504],[-121.95611272343255,36.556580556171035],[-121.95566334160056,36.55675681173914],[-121.95588197207417,36.55711910877114],[-121.9556584919976,36.55711715139043],[-121.9554301612161,36.55747553319428],[-121.95632408571487,36.55748336198185],[-121.95631923905161,36.557843701665085],[-121.95676620350505,36.5578476135973],[-121.9567637811785,36.55802778345608],[-121.95654029842231,36.55802582768659],[-121.95653545266724,36.558386167361796],[-121.95586500141589,36.558380297463906],[-121.95586742586026,36.55820012766744],[-121.95564394267161,36.55819817021002],[-121.95565121743155,36.5576576608254],[-121.95498077266326,36.55765178605553],[-121.95497591973277,36.558012125574116],[-121.95475243714915,36.558010166454345],[-121.9547500101329,36.558190336192446],[-121.9551969763591,36.55819425403881],[-121.95519212433665,36.55855459354941],[-121.95563909272396,36.55855850977179],[-121.95585772795356,36.55892080681973],[-121.95608121323855,36.55892276390951],[-121.95607394113848,36.55946327325333],[-121.95652091488546,36.559467186253144],[-121.95652576089883,36.559106846645086],[-121.95674924676722,36.559108802491224],[-121.9567516692229,36.55892863266602],[-121.95764803119638,36.55875628192963],[-121.9574293879708,36.558393988029216],[-121.95787635575184,36.55839789585018],[-121.95788119528258,36.55803755602176],[-121.95721074675552,36.558031693738705],[-121.95721801055856,36.55749118406897],[-121.95677104809363,36.55748727386297],[-121.956557257887,36.55676463864709],[-121.95633377878306,36.556762682548246],[-121.95656694853616,36.55604395907285],[-121.95611999449896,36.55604004655865],[-121.95612241814473,36.55585987667666],[-121.95589894167709,36.5558579198042],[-121.95590378994125,36.55549758004901],[-121.95612726537162,36.55549953689589],[-121.95612968895279,36.55531936699712],[-121.95590621404102,36.555317410163006],[-121.95591106217596,36.554957070374236],[-121.95568758832299,36.55495511314697],[-121.95569243740897,36.55459477336138],[-121.95524791739004,36.55441068782614],[-121.95525519390439,36.55387017816576],[-121.95570455974705,36.55369392379951],[-121.95570940853152,36.5533335839356],[-121.95615634692449,36.553337497741325],[-121.95616119354854,36.552977157803895],[-121.95705506644467,36.552984980288564],[-121.95705748765019,36.55280481026036],[-121.95728095540952,36.55280676482199],[-121.95727853472256,36.55298693486297],[-121.95772305167158,36.55317101281653],[-121.95772063197872,36.553351182871836],[-121.95816757075947,36.55335508914069],[-121.95816515208226,36.55353525921592],[-121.95860967432463,36.55371933393056],[-121.95860725664161,36.55389950402011],[-121.958830727663,36.55390145572728],[-121.95882831047706,36.55408162582399],[-121.95949872522598,36.55408747847138],[-121.95948906249069,36.55480815895519],[-121.9599335952126,36.55499222886081],[-121.95994083924903,36.5544517184467],[-121.95971736656439,36.554449768794946],[-121.95973427219535,36.55318857772207],[-121.96001301091985,36.5531910092006],[-121.96001301137983,36.557886384672656],[-121.95989737213426,36.55769478017612],[-121.95967389011416,36.55769283029511],[-121.95966905896829,36.55805317034992],[-121.96001301139647,36.5580561710383],[-121.96001301141412,36.55823636212336],[-121.95989012693931,36.55823529028813],[-121.95988771183143,36.55841546031428],[-121.96001301143177,36.55841655321956],[-121.960013011669,36.5608382071495],[-121.96379546145383,36.56083820678563],[-121.96387674616518,36.560972870457576],[-121.96365325442203,36.560970927886295],[-121.96365084781131,36.56115109804465],[-121.96454241243035,36.56133903607103],[-121.96454481698737,36.561158865867526],[-121.96476830933487,36.56116080677615],[-121.96476590529663,36.561340976992334],[-121.96498939818429,36.56134291749479],[-121.96498218749774,36.56188342814781],[-121.96520568196316,36.56188536826945],[-121.96520327887706,36.5620655384886],[-121.96565026890956,36.56206941750067],[-121.96587856699597,36.56171101585853],[-121.96610206102808,36.56171295429211],[-121.96610446199634,36.56153278401111],[-121.96632795553101,36.56153472201319],[-121.966332756366,36.56117438140908],[-121.96588336994874,36.56135067531625],[-121.96588577139312,36.56117050503672],[-121.96566227893874,36.56116856622228],[-121.96566668311168,36.56083820660562],[-121.9681253741483,36.56083820636909],[-121.96812309334669,36.5610096997334],[-121.96879356992174,36.56101550106063],[-121.96879117524273,36.56119567151013],[-121.96901466799581,36.56119760446082],[-121.96901944376751,36.56083820628309],[-121.97480056206338,36.56083820572694],[-121.97483024836133,36.56088737258144],[-121.9752772329605,36.56089121539635],[-121.97527247371251,36.56125155703102],[-121.97571946047144,36.56125539822077],[-121.97571708185329,36.56143556905482],[-121.97616406973442,36.561439408594275],[-121.9763828095198,36.56180166946227],[-121.97660630455081,36.56180358820995],[-121.976601551317,36.56216392993918],[-121.97637805524839,36.56216201116645],[-121.9763709236829,36.56270252368077],[-121.97659442130796,36.56270444249112],[-121.97659204459603,36.56288461333059],[-121.97636854645215,36.56288269450771],[-121.976359037318,36.56360337775953],[-121.97658253753721,36.56360529663253],[-121.97657778388111,36.56396563824996],[-121.9763542826242,36.5639637193519],[-121.9763423955201,36.564864573234985],[-121.97679177966897,36.564688239947074],[-121.97680128515914,36.56396755672916],[-121.97702478645833,36.56396947478947],[-121.9770224106363,36.56414964561486],[-121.97746941433579,36.564153480503876],[-121.97746466470383,36.56451382218797],[-121.97790929675338,36.564697826310216],[-121.97768104457347,36.565056251550985],[-121.97745754009772,36.565054334672205],[-121.9774551651868,36.56523450548911],[-121.9770081552609,36.56523067044981],[-121.97700340330024,36.56559101201674],[-121.9774504153017,36.56559484710613],[-121.97744804032747,36.56577501790625],[-121.97677752080033,36.56576926460621],[-121.97677989733123,36.56558909384367],[-121.97655639138335,36.56558717525169],[-121.97655401433357,36.565767346001714],[-121.97633050788794,36.565765426978295],[-121.97611175761747,36.565403166080486],[-121.97566712599064,36.565219155278214],[-121.9756695050526,36.56503898456157],[-121.97477072574176,36.565391640779914],[-121.97476358213899,36.565932152728934],[-121.97520821558744,36.56611616691031],[-121.97520583536087,36.5662963375683],[-121.97610224522494,36.5661238489691],[-121.976320997402,36.56648610987233],[-121.97699152302917,36.56649186583621],[-121.9767632611716,36.566850289064114],[-121.97653975159137,36.56684837038441],[-121.97675850779311,36.56721063050535],[-121.97608797600228,36.56720487313428],[-121.97586922297756,36.56684261183177],[-121.97564571348198,36.56684069147636],[-121.97564809273415,36.56666052081004],[-121.97542458377862,36.56665860004826],[-121.97542220400753,36.56683877070202],[-121.97497518512215,36.56683492789657],[-121.97519393391077,36.56719719077444],[-121.97429989215806,36.56718950171167],[-121.9740811476056,36.56682723725853],[-121.97363174503087,36.567003559973664],[-121.97362697708007,36.56736390105233],[-121.97407399882472,36.5673677489603],[-121.97407161585542,36.567547919516386],[-121.97429512727851,36.56754984285453],[-121.97429036231428,36.56791018397505],[-121.9749608998243,36.56791595155121],[-121.97495375688982,36.56845646330305],[-121.9751772709924,36.56845838502821],[-121.9751748904909,36.568638555613525],[-121.97562191979755,36.56864239783207],[-121.97561954031283,36.56882256843689],[-121.97606419227421,36.569006579629004],[-121.97606181378518,36.56918675024772],[-121.9762853300695,36.569188669928266],[-121.97628295207834,36.56936884055393],[-121.97605943527502,36.56936692086086],[-121.97605467819132,36.569727262070344],[-121.97560526296066,36.5699035919484],[-121.97560288332798,36.570083762514095],[-121.97515584571752,36.570079920094784],[-121.97515346502568,36.57026009062978],[-121.97560050367414,36.57026393307419],[-121.97559574430306,36.57062427417759],[-121.9753722239302,36.57062235313978],[-121.9753627028582,36.57134303522934],[-121.97491327666488,36.57151936227967],[-121.97491089528476,36.57169953275739],[-121.97513441872945,36.571701454708474],[-121.97512965694388,36.57206179567224],[-121.97535318144786,36.57206371722943],[-121.97534842061579,36.57242405819592],[-121.97557194617907,36.57242597935919],[-121.9755743260866,36.572245808866185],[-121.97602137623853,36.57224964991062],[-121.97624965798359,36.57189122872628],[-121.97714613068426,36.571718733413164],[-121.97715325918988,36.57117822158705],[-121.97670383786947,36.57135455547233],[-121.97670621505496,36.571174384883086],[-121.97625917100464,36.57117054650314],[-121.97626154920708,36.570990375933384],[-121.97648507070265,36.570992295320316],[-121.97648744836494,36.57081212473243],[-121.9769321137572,36.57099613283721],[-121.97693449038144,36.57081596222425],[-121.97738153248251,36.57081979804011],[-121.97716276356847,36.57045753907395],[-121.97693924356655,36.570455620981576],[-121.97694162012746,36.57027545035185],[-121.97716513961038,36.57027736843169],[-121.9771698916308,36.569917027130415],[-121.97694637318588,36.56991510907562],[-121.97695112615988,36.569554767777056],[-121.97739816099482,36.56955860341755],[-121.97740291180841,36.569198262046505],[-121.97785231898911,36.5690219252421],[-121.97763355272475,36.56865966707719],[-121.9783040974143,36.56866541595101],[-121.97829935087914,36.56902575745575],[-121.97874638285361,36.56902958799355],[-121.97874163831008,36.56938992952596],[-121.97896515536696,36.56939184419143],[-121.97896278358256,36.56957201496175],[-121.97918630117952,36.56957392922075],[-121.97918392989307,36.569754099997986],[-121.9796309661883,36.569757927284066],[-121.97941218954402,36.56939567226546],[-121.97918867244495,36.569393758437926],[-121.97919104368927,36.5692135876495],[-121.97896752713028,36.569211673415516],[-121.9787534995109,36.56848907565303],[-121.97964755748541,36.56849673155106],[-121.9796499275865,36.56831656070971],[-121.98076749793421,36.56832612109332],[-121.98076513042795,36.568506291997124],[-121.9812097932631,36.56869028416603],[-121.98142384438427,36.569412877859634],[-121.98186851398738,36.569596867649004],[-121.98186378384942,36.569957209497495],[-121.9823084576257,36.57014119769394],[-121.98230372943772,36.57050153955878],[-121.98252724994569,36.570503447595506],[-121.98252488633922,36.570683618531994],[-121.98296956586687,36.57086760432924],[-121.98318363898457,36.57159019495115],[-121.98362832528092,36.571774178368344],[-121.98362360294355,36.57213452028205],[-121.98384712824901,36.57213642591686],[-121.98384476756794,36.57231659687777],[-121.98406829341347,36.57231850210603],[-121.98406357302655,36.57267884403596],[-121.98450826767012,36.572862824266636],[-121.98472236025559,36.573585412194866],[-121.98516706166853,36.57376939004509],[-121.9851623461372,36.57412973200995],[-121.98560705172406,36.57431370826667],[-121.98560469494427,36.57449387925999],[-121.98582822718683,36.57449578128517],[-121.98582115827922,36.57503629426887],[-121.98604469210012,36.57503819591226],[-121.98626351530883,36.57540043914745],[-121.98648705020996,36.57540233997755],[-121.98647998566074,36.57594285298916],[-121.98558583995215,36.575935247005326],[-121.9855834829839,36.576115417948344],[-121.98580701989877,36.57611732008534],[-121.98580230693781,36.576477661979446],[-121.98625173835974,36.57630129407677],[-121.98647056596887,36.57666353692639],[-121.98691764310227,36.57666733750317],[-121.98669881337453,36.576305095442066],[-121.9871458884731,36.57630889513104],[-121.9871435350972,36.57648906614977],[-121.98736707319708,36.576490965378056],[-121.9873623674209,36.576851307423574],[-121.98758590658008,36.576853206257574],[-121.98758120175869,36.577213548305544],[-121.98802593081291,36.57739751580627],[-121.98802122794295,36.577757857870296],[-121.98846596117183,36.57794182377702],[-121.9886801037073,36.57866440477724],[-121.98912719268175,36.57866819724479],[-121.98912014569535,36.57920871040092],[-121.98956488987014,36.5793926723319],[-121.9893366461552,36.57975111918613],[-121.989783741486,36.5797549092875],[-121.9895554976667,36.580113356538504],[-121.9897790463811,36.580115251404365],[-121.98977435119276,36.5804755934989],[-121.98932490304374,36.580651974312644],[-121.98932020565312,36.58101231632415],[-121.9888754528803,36.58082835339473],[-121.98887310313596,36.58100852437291],[-121.98864955190875,36.581006627768566],[-121.988656602637,36.58046611485439],[-121.9879859537544,36.580460422638005],[-121.98798360197469,36.580640593577805],[-121.98820715210059,36.5806424914148],[-121.98819774684995,36.58136317516772],[-121.98775064246475,36.58135937897542],[-121.98775534720902,36.580999037159714],[-121.9875317960864,36.580997138459644],[-121.98753414894648,36.580816967555805],[-121.98663759180528,36.58098953946783],[-121.98663288186803,36.58134988115947],[-121.98618577777597,36.58134607909901],[-121.98618813379366,36.581165908280816],[-121.98551747937069,36.58116020208376],[-121.98529864406522,36.58079795762597],[-121.98485154334055,36.580794150610274],[-121.98485390241117,36.58061397984986],[-121.98463035259961,36.58061207572573],[-121.98440208256972,36.58097051264796],[-121.984849184249,36.58097432136511],[-121.98484210684855,36.58151483359605],[-121.98439736224653,36.5813308540911],[-121.98416908895413,36.58168929047482],[-121.98349843042415,36.58168357284871],[-121.98350079271536,36.58150340219089],[-121.98327724043337,36.581501495489654],[-121.98326778906525,36.58222217803758],[-121.98416200662834,36.58222980252677],[-121.98415964581112,36.58240997319955],[-121.98438320077373,36.58241187828638],[-121.98438556107163,36.58223170760114],[-121.98505622452748,36.582237420309276],[-121.98505386578756,36.58241759103182],[-121.98527742083415,36.58241949444197],[-121.98527977905474,36.582239323707],[-121.98595044276239,36.58224503138515],[-121.98594572941622,36.58260537292405],[-121.98572217378737,36.58260347075899],[-121.98571745931879,36.582963812250696],[-121.98549390267225,36.58296190964162],[-121.98549154488718,36.58314208036666],[-121.98482087351539,36.58313636998706],[-121.98482323285846,36.58295619929932],[-121.98437611975424,36.582952390308556],[-121.98437139896973,36.58331273162873],[-121.98459495655003,36.583314636358566],[-121.98459259664568,36.583494807022724],[-121.98481615476634,36.58349671134582],[-121.98481851415133,36.58331654066922],[-121.98526562941692,36.583320348033006],[-121.98525855431515,36.58386086012055],[-121.9850349951138,36.58385895661096],[-121.98503263618528,36.58403912728321],[-121.98458551680679,36.5840353189816],[-121.98458315681854,36.58421548962338],[-121.98503027723578,36.584219297949865],[-121.98502555927395,36.584579639266394],[-121.98480199801607,36.58457773528789],[-121.98479491935795,36.585118247183466],[-121.98434543315541,36.58529460849002],[-121.98433835112927,36.58583512024391],[-121.98389122148896,36.585831309178275],[-121.98389830663154,36.58529079749905],[-121.98367474340111,36.58528889137474],[-121.98367710559275,36.585108720816265],[-121.98322998023373,36.585104907334916],[-121.98323234344316,36.584924736795756],[-121.98278758343426,36.58474075114267],[-121.98278994764047,36.584560580617236],[-121.98256638659272,36.58455867244671],[-121.98257111598087,36.58419833140402],[-121.98212636172731,36.584014343350425],[-121.9821287274076,36.58383417284003],[-121.98168160961443,36.58383035366435],[-121.9816792428954,36.584010524149804],[-121.98190280230084,36.5840124339597],[-121.98189806983846,36.58437277493879],[-121.98234282556601,36.584556763857],[-121.98234046032105,36.584736934357494],[-121.98256402186713,36.58473884295969],[-121.98255692756429,36.585279354465044],[-121.98300641758576,36.585102999965436],[-121.98300405383594,36.58528317048655],[-121.98322761700332,36.58528507786849],[-121.98321580053623,36.58618593045249],[-121.9829922347718,36.58618402300827],[-121.98298987089598,36.58636419349584],[-121.98366056981058,36.586369914608184],[-121.98387941249828,36.586732161865164],[-121.98365584511254,36.58673025564128],[-121.98342282602198,36.587449030947475],[-121.98319925660043,36.58744712383531],[-121.98319216602727,36.58798763520123],[-121.98296859506837,36.58798572763245],[-121.98297095913324,36.587805557195196],[-121.98207667758594,36.5877979227774],[-121.9820743114432,36.58797809316481],[-121.9825214532137,36.58798191123714],[-121.9825167229431,36.58834225204505],[-121.98229315100836,36.58834034319358],[-121.98229078532206,36.588520513576675],[-121.98296150274778,36.5885262389107],[-121.98295913859891,36.588706409325596],[-121.98250962737957,36.58888276321499],[-121.98250489689882,36.589243103967],[-121.98228132236666,36.589241195053205],[-121.98227659076282,36.58960153575792],[-121.98205301521268,36.58959962639992],[-121.98205064885975,36.58977979673143],[-121.9822742249294,36.589781706101896],[-121.98226949319947,36.59014204677307],[-121.98204591609078,36.59014013737767],[-121.98204118323771,36.59050047800154],[-121.98159165950824,36.5906768281816],[-121.98158929199008,36.590856998454626],[-121.98136571286642,36.590855087751464],[-121.98136097672788,36.59121542825577],[-121.98091144732568,36.59139177576044],[-121.98090670898264,36.59175211618128],[-121.98068312732447,36.59175020415781],[-121.98067838785812,36.59211054453132],[-121.9811279219784,36.591934197999954],[-121.98112318454821,36.592294538412226],[-121.98089960131024,36.592292626770615],[-121.98089486275673,36.592652967135535],[-121.98067127850067,36.59265105504964],[-121.98066416895371,36.59319156551766]],[[-121.97377119227066,36.5902493648431],[-121.97377596352618,36.58988902513451],[-121.97332881197563,36.5898851740841],[-121.97354761544572,36.59024743950239],[-121.97377119227066,36.5902493648431]],[[-121.97156889471391,36.58770771590021],[-121.9715712852501,36.587527546096254],[-121.97134771642995,36.58752561675171],[-121.9713453253743,36.58770578654306],[-121.97156889471391,36.58770771590021]],[[-121.98169344289407,36.58292950115322],[-121.98169817605876,36.58256916010963],[-121.98147462082916,36.58256724998033],[-121.9814698866258,36.58292759099896],[-121.98169344289407,36.58292950115322]],[[-121.98193119530922,36.581850387615624],[-121.98192882934079,36.58203055817504],[-121.98215238305451,36.5820324674286],[-121.9821547485036,36.581852296856724],[-121.98193119530922,36.581850387615624]],[[-121.98259949054511,36.582036284678246],[-121.98282304432196,36.58203819267432],[-121.98282540821312,36.58185802206504],[-121.98260185495559,36.581856114081425],[-121.98259949054511,36.582036284678246]],[[-121.9823759367893,36.582034376263],[-121.98237357183851,36.58221454684178],[-121.98259712611363,36.582216455269474],[-121.98259949054511,36.582036284678246],[-121.9823759367893,36.582034376263]],[[-121.9821713060589,36.580591102696985],[-121.9828419548632,36.5805968276436],[-121.98262313370458,36.58023457845855],[-121.9828466822885,36.58023648633004],[-121.98284904596964,36.58005631566484],[-121.98240194986138,36.58005249952768],[-121.982397220401,36.580412840802595],[-121.9821736713399,36.580410932080376],[-121.9821713060589,36.580591102696985]],[[-121.98283959111903,36.58077699829201],[-121.98306314128183,36.58077890578173],[-121.98306550450668,36.58059873512086],[-121.9828419548632,36.5805968276436],[-121.98283959111903,36.58077699829201]],[[-121.95409170360135,36.557283607727555],[-121.95453866451123,36.55728752795861],[-121.95432003991549,36.55692522856591],[-121.95409656050867,36.55692326826661],[-121.95409170360135,36.557283607727555]],[[-121.9565184918465,36.5596473560488],[-121.95674197927104,36.55964931193327],[-121.95674440179128,36.559469142124854],[-121.95652091488546,36.559467186253144],[-121.9565184918465,36.5596473560488]],[[-121.9563458946339,36.555861833130365],[-121.95679284767697,36.5558657447815],[-121.95657421629707,36.55550344933342],[-121.95612726537162,36.55549953689589],[-121.9563458946339,36.555861833130365]],[[-121.95678800347572,36.55622608461655],[-121.9572349586795,36.55622999464377],[-121.95723980080618,36.55586965475764],[-121.95679284767697,36.5558657447815],[-121.95678800347572,36.55622608461655]],[[-121.97613553711994,36.56360145846764],[-121.97613315926478,36.56378162925407],[-121.97635665998168,36.563783548558504],[-121.976359037318,36.56360337775953],[-121.97613553711994,36.56360145846764]],[[-121.97556718630055,36.57278632032841],[-121.97601186063407,36.572970331949406],[-121.97601661847857,36.5726099909412],[-121.97557194617907,36.57242597935919],[-121.97556718630055,36.57278632032841]],[[-121.97807583492356,36.56902384155841],[-121.97807346110538,36.56920401228987],[-121.97829697757992,36.56920592819973],[-121.97829935087914,36.56902575745575],[-121.97807583492356,36.56902384155841]],[[-121.98384004614286,36.57267693878283],[-121.98383768539887,36.572857109726975],[-121.98406121280162,36.57285901499256],[-121.98406357302655,36.57267884403596],[-121.98384004614286,36.57267693878283]],[[-121.98361415801712,36.57285520404237],[-121.98361179673304,36.57303537496848],[-121.9831647409944,36.5730315623173],[-121.98316237865117,36.57321173321293],[-121.98383296384795,36.573217451598495],[-121.98383768539887,36.572857109726975],[-121.98361415801712,36.57285520404237]],[[-121.98460675575734,36.58241378295403],[-121.98460439595782,36.58259395364612],[-121.9850515070267,36.58259776174878],[-121.98505386578756,36.58241759103182],[-121.98460675575734,36.58241378295403]],[[-121.98481379536037,36.583676882016796],[-121.98436667810131,36.583673072926544],[-121.98436195714903,36.584033414202],[-121.98458551680679,36.5840353189816],[-121.98481379536037,36.583676882016796]],[[-121.98435959664143,36.58421358483135],[-121.98435723611287,36.584393755455096],[-121.98458079680937,36.58439566025958],[-121.98458315681854,36.58421548962338],[-121.98435959664143,36.58421358483135]],[[-121.98233336446005,36.58527744582546],[-121.98233099913102,36.5854576163036],[-121.98255456275467,36.585459524955645],[-121.98255692756429,36.585279354465044],[-121.98233336446005,36.58527744582546]],[[-121.98299459862662,36.58600385251511],[-121.98277103340266,36.586001944664126],[-121.9827686690284,36.58618211514482],[-121.9829922347718,36.58618402300827],[-121.98299459862662,36.58600385251511]],[[-121.98204828248578,36.58995996705734],[-121.98137755284462,36.58995423639285],[-121.98137518489108,36.590134406675766],[-121.98204591609078,36.59014013737767],[-121.98204828248578,36.58995996705734]],[[-121.98067601809333,36.592290714709684],[-121.98045243489751,36.59228880222945],[-121.98044769426568,36.592649142544424],[-121.98067127850067,36.59265105504964],[-121.98067601809333,36.592290714709684]],[[-121.97687986380951,36.59189780558155],[-121.97665628201197,36.591895885998014],[-121.97665390291601,36.592076055956774],[-121.97687748523312,36.59207797555285],[-121.97687986380951,36.59189780558155]],[[-121.98045954568737,36.591748291715035],[-121.98023596407134,36.591746378852946],[-121.98023359330958,36.59192654901753],[-121.98045717544514,36.5919284618921],[-121.98045954568737,36.591748291715035]],[[-121.97711057967193,36.59135921476078],[-121.97688699941187,36.591357295634126],[-121.97688462089889,36.5915374656222],[-121.9771082016785,36.59153938476137],[-121.97711057967193,36.59135921476078]],[[-121.97577147951884,36.59116752378046],[-121.97532193818442,36.591343850007235],[-121.97531955603455,36.591524019907496],[-121.97576671731846,36.591527863636784],[-121.97577147951884,36.59116752378046]],[[-121.98024544690787,36.59102569813875],[-121.9798006595911,36.59084170108907],[-121.97979591617893,36.59120204141856],[-121.98024070553174,36.59138603850704],[-121.98024544690787,36.59102569813875]],[[-121.97935587441587,36.59065770240661],[-121.97913229602264,36.590655787523005],[-121.97912992278953,36.590835957658626],[-121.97935350170228,36.590837872554744],[-121.97935587441587,36.59065770240661]],[[-121.97757437834449,36.59010186141999],[-121.97735080167888,36.59009994321963],[-121.97734842435285,36.59028011327191],[-121.97712484718888,36.59027819463973],[-121.97712009143441,36.59063853470245],[-121.97756724786161,36.59064237159761],[-121.97757437834449,36.59010186141999]],[[-121.97780270754185,36.58974343902964],[-121.97735793353026,36.58955943302926],[-121.97735317898379,36.58991977316175],[-121.97779795503122,36.59010377920106],[-121.97780270754185,36.58974343902964]],[[-121.97645887461104,36.58991209621764],[-121.97623529857077,36.58991017593341],[-121.97623291866826,36.59009034592861],[-121.97645649522806,36.590092266225376],[-121.97645887461104,36.58991209621764]],[[-121.97556457057699,36.58990441256505],[-121.97578814655374,36.58990633410712],[-121.97579290837334,36.589545994150136],[-121.97534575851907,36.589542150696914],[-121.9753386126409,36.590082660548724],[-121.97556218911596,36.590084582522614],[-121.97556457057699,36.58990441256505]],[[-121.9802596705308,36.58994467689973],[-121.98070682339308,36.58994850195482],[-121.98071156235419,36.58958816144714],[-121.9802620410609,36.58976450667365],[-121.9802596705308,36.58994467689973]],[[-121.98026441156993,36.589584336441995],[-121.98004083620945,36.58958242331051],[-121.9800384651809,36.589762593529684],[-121.9802620410609,36.58976450667365],[-121.98026441156993,36.589584336441995]],[[-121.97981488932199,36.58976067996643],[-121.97981251775285,36.589940850167515],[-121.98003609413128,36.58994276374327],[-121.9800384651809,36.589762593529684],[-121.97981488932199,36.58976067996643]],[[-121.97936773766749,36.58975685158208],[-121.97959131348418,36.589758765983895],[-121.97959605759824,36.589398425589955],[-121.97914890806399,36.589394596417065],[-121.97914653497845,36.589574766591824],[-121.9789229597235,36.58957285136397],[-121.97891821245021,36.589933191671705],[-121.97936536505931,36.58993702175818],[-121.97936773766749,36.58975685158208]],[[-121.98116581838948,36.5890514738968],[-121.98094224450315,36.58904956247987],[-121.9809398756158,36.589229732765766],[-121.98116345002161,36.58923164419518],[-121.98116581838948,36.5890514738968]],[[-121.9793796003921,36.58885600061779],[-121.97937722788934,36.589036170821835],[-121.97960080162804,36.58903808517365],[-121.9796031736113,36.588857914957096],[-121.9793796003921,36.58885600061779]],[[-121.97982674685161,36.58885982887713],[-121.98005506193842,36.58850140187808],[-121.9793843453344,36.58849566019293],[-121.9796031736113,36.588857914957096],[-121.97982674685161,36.58885982887713]],[[-121.97871362892039,36.58848991473446],[-121.97893720103728,36.58849183030654],[-121.97894194797315,36.58813148990933],[-121.97827123480269,36.588125742010384],[-121.97804291269644,36.58848416550266],[-121.97781934066407,36.58848224825355],[-121.97803816152032,36.588844505777416],[-121.97893245401703,36.58885217068139],[-121.97871362892039,36.58848991473446]],[[-121.98139886348001,36.58833270359515],[-121.98117529165056,36.58833079264739],[-121.98117055506209,36.58869113328328],[-121.98139412793051,36.58869304425598],[-121.98139886348001,36.58833270359515]],[[-121.9807281480549,36.588326969494105],[-121.98027863418191,36.588503314934606],[-121.98027626379924,36.5886834851998],[-121.9807234093885,36.58868731008007],[-121.9807281480549,36.588326969494105]],[[-121.97334790446182,36.58844381522726],[-121.97312433287433,36.58844188917376],[-121.97312194586831,36.58862205903785],[-121.97334551797525,36.588623985103936],[-121.97334790446182,36.58844381522726]],[[-121.97984097519188,36.58777880738549],[-121.9798386038545,36.58795897764807],[-121.9802857452036,36.58796280410542],[-121.98028811550206,36.58778263381786],[-121.97984097519188,36.58777880738549]],[[-121.9805116856888,36.587784546405175],[-121.9805140554467,36.58760437609952],[-121.98029048577945,36.5876024635247],[-121.98028811550206,36.58778263381786],[-121.9805116856888,36.587784546405175]],[[-121.97246556074336,36.58753525928205],[-121.97201603345694,36.58771157335677],[-121.97201364393842,36.587891743180315],[-121.97268435377076,36.5878975262586],[-121.97246556074336,36.58753525928205]],[[-121.98096119484447,36.58760819999143],[-121.98073762513505,36.58760628825509],[-121.98073525589659,36.587786458573234],[-121.98095882612549,36.587788370322045],[-121.98096119484447,36.58760819999143]],[[-121.97648980466612,36.58756988560822],[-121.97626623537913,36.587567965487],[-121.9762638557515,36.5877481355549],[-121.97648742555793,36.587750055688645],[-121.97648980466612,36.58756988560822]],[[-121.98006928690904,36.58742038024437],[-121.97984571780343,36.587418466843545],[-121.97984334650819,36.58759863711732],[-121.98006691613325,36.58760055053063],[-121.98006928690904,36.58742038024437]],[[-121.97604504623926,36.58738587488559],[-121.97582147751409,36.587383953938414],[-121.97581909686868,36.587564123986816],[-121.9760426661133,36.58756604494653],[-121.97604504623926,36.58738587488559]],[[-121.98098724936463,36.5856263259856],[-121.98097777528828,36.58634700752052],[-121.98142490749815,36.58635082956075],[-121.98142017241145,36.58671117034459],[-121.98074947101165,36.58670543658053],[-121.98075184012382,36.58652526622887],[-121.98052827355212,36.58652335414819],[-121.98052116459415,36.587063865149034],[-121.98096830087523,36.587067688966016],[-121.98097066951006,36.58688751861303],[-121.98164137253137,36.586893251156816],[-121.98164373958686,36.5867130807608],[-121.9818673067833,36.586714990757784],[-121.98186494024726,36.586895161166275],[-121.9820885079842,36.58689707075649],[-121.98230734468486,36.58725932077754],[-121.98275448234178,36.58726313791166],[-121.98253564352126,36.58690088867924],[-121.98231207574221,36.58689897992748],[-121.98231444123938,36.586718809494066],[-121.98209087400082,36.58671690033554],[-121.98209323999639,36.586536729909],[-121.98186967329829,36.58653482034372],[-121.9818720397923,36.58635464992405],[-121.98209560597094,36.58635655947687],[-121.98210270376848,36.58581604814693],[-121.98120844541323,36.58580840756999],[-121.98121791715948,36.58508772591805],[-121.98099435470094,36.58508581477568],[-121.9809896178311,36.58544615558789],[-121.98076605435483,36.58544424400136],[-121.98076368536896,36.58562441438658],[-121.98098724936463,36.5856263259856]],[[-121.98099672310428,36.58490564436121],[-121.9807731611862,36.584903732812116],[-121.98077079226348,36.58508390321411],[-121.98099435470094,36.58508581477568],[-121.98099672310428,36.58490564436121]],[[-121.98122028504343,36.584907555491085],[-121.98122502074824,36.58454721462039],[-121.98100145984786,36.58454530351546],[-121.98099672310428,36.58490564436121],[-121.98122028504343,36.584907555491085]],[[-121.98054012139436,36.58562250236835],[-121.98053775186801,36.585802672735504],[-121.98076131636202,36.58580458476622],[-121.98076368536896,36.58562441438658],[-121.98054012139436,36.58562250236835]],[[-121.98054249089967,36.5854423319956],[-121.98031892746555,36.585440419570645],[-121.98031655744086,36.5856205899309],[-121.98054012139436,36.58562250236835],[-121.98054249089967,36.5854423319956]],[[-121.9798552027737,36.58669778569256],[-121.97963163576694,36.58669587192248],[-121.97962689228504,36.587056212484164],[-121.98007402839742,36.58706003965507],[-121.9798552027737,36.58669778569256]],[[-121.97717002264204,36.586854962928406],[-121.97694645536933,36.586853044115024],[-121.9769440773846,36.587033214242894],[-121.9771676451767,36.587035133068795],[-121.97717002264204,36.586854962928406]],[[-121.97851142672216,36.586866467004754],[-121.9787349941428,36.586868382883495],[-121.97873736795093,36.586688212649875],[-121.97851380104974,36.58668629678363],[-121.97851142672216,36.586866467004754]],[[-121.97851854964162,36.586325956324636],[-121.97829498380038,36.58632404006421],[-121.97829735858411,36.58614386983885],[-121.97807379328343,36.586141953171705],[-121.97806904265605,36.58650229359182],[-121.97851380104974,36.58668629678363],[-121.97851854964162,36.586325956324636]],[[-121.97852092390592,36.586145786086774],[-121.97852329814913,36.58596561584329],[-121.97829973334674,36.58596369960789],[-121.97829735858411,36.58614386983885],[-121.97852092390592,36.586145786086774]],[[-121.97807854382641,36.58578161272922],[-121.97785497958569,36.585779695667895],[-121.97785260380533,36.5859598658794],[-121.97807616856548,36.585961782953255],[-121.97807854382641,36.58578161272922]],[[-121.98009299350845,36.58561867707424],[-121.9798694295971,36.585616763798356],[-121.97986705851254,36.58579693412804],[-121.98009062294328,36.585798847416406],[-121.98009299350845,36.58561867707424]],[[-121.98300169006511,36.58546334100208],[-121.98277812639938,36.58546143318846],[-121.98277576208815,36.58564160368594],[-121.98299932627327,36.58564351151201],[-121.98300169006511,36.58546334100208]],[[-121.98032366745177,36.58508007883337],[-121.98010010507754,36.58507816601417],[-121.98009773457557,36.585258336373116],[-121.9803212974692,36.5852602492048],[-121.98032366745177,36.58508007883337]],[[-121.98010484601834,36.584717825279526],[-121.97988128470398,36.58471591206611],[-121.9798883975153,36.58417540095967],[-121.97966483778018,36.584173487364545],[-121.97965772341071,36.5847139984335],[-121.97943416213855,36.584712084381685],[-121.97942941808145,36.58507242504136],[-121.97987654272443,36.58507625277577],[-121.98010484601834,36.584717825279526]],[[-121.9812321241477,36.58400670327242],[-121.98078263666673,36.58418305114822],[-121.98078026782818,36.58436322157258],[-121.9812273885691,36.584367044176666],[-121.9812321241477,36.58400670327242]],[[-121.98279940425523,36.58383989845963],[-121.982575845285,36.58383799033894],[-121.98257348064342,36.58401816087427],[-121.98279704013306,36.58402006900741],[-121.98279940425523,36.58383989845963]],[[-121.98393136813347,36.58276840899751],[-121.9837078121742,36.582766503047466],[-121.98370545025539,36.5829466736786],[-121.983929006734,36.58294857964109],[-121.98393136813347,36.58276840899751]],[[-121.98395734214316,36.58078653154915],[-121.98373379189628,36.58078462573601],[-121.98372906849931,36.58114496711567],[-121.98395261978474,36.5811468729537],[-121.98395734214316,36.58078653154915]],[[-121.98709175553722,36.58045282714818],[-121.98686820603527,36.580450927227886],[-121.98686585165915,36.58063109810567],[-121.98708940168038,36.58063299803838],[-121.98709175553722,36.58045282714818]],[[-121.98440916289725,36.58043000044132],[-121.98418561364694,36.58042809549136],[-121.98418325303946,36.58060826622004],[-121.98440680280903,36.58061017118245],[-121.98440916289725,36.58043000044132]],[[-121.98374323843849,36.58006394290961],[-121.98351969028974,36.580062036727114],[-121.98351732816641,36.580242207429656],[-121.9837408768344,36.580244113624595],[-121.98374323843849,36.58006394290961]],[[-121.98621169281937,36.57936419979141],[-121.98598814651679,36.57936229826906],[-121.98598579018916,36.57954246913072],[-121.98620933701098,36.579544370665495],[-121.98621169281937,36.57936419979141]],[[-121.98800241562739,36.57919922590289],[-121.98777886967653,36.579197327745916],[-121.98777651752383,36.57937749871243],[-121.98800006399394,36.579379396881805],[-121.98800241562739,36.57919922590289]],[[-121.98577167065022,36.57881988374629],[-121.9853245812654,36.578816078680525],[-121.98531986559937,36.579176420357264],[-121.98554341131977,36.57917832312456],[-121.98577167065022,36.57881988374629]],[[-121.98399983959305,36.577543457902074],[-121.98422338051452,36.577545363072105],[-121.98444220193052,36.57790760947857],[-121.9846657439324,36.57790951383528],[-121.98466338465695,36.578089684667106],[-121.98488692719901,36.578091588617156],[-121.98489164469055,36.57773124692306],[-121.98444692145696,36.577547267823036],[-121.98444928118874,36.57736709698689],[-121.9842257407655,36.577365192248394],[-121.98423046120453,36.577004850584196],[-121.98400692184066,36.57700294545149],[-121.98399983959305,36.577543457902074]],[[-121.98401164323418,36.57664260378982],[-121.9835645666462,36.57663879231694],[-121.98356692834984,36.57645862150262],[-121.98334339060652,36.57645671515001],[-121.9833410283837,36.57663688595188],[-121.98289395192175,36.57663307196451],[-121.98289631518297,36.576452901187544],[-121.9826727775027,36.5764509935777],[-121.98266332225523,36.5771716766022],[-121.98355511962171,36.57735947551836],[-121.98378338249778,36.577001039899706],[-121.98400692184066,36.57700294545149],[-121.98401164323418,36.57664260378982]],[[-121.98175969954693,36.57788472450822],[-121.98131261611081,36.577880904479116],[-121.98131024904716,36.578061075124104],[-121.98175733352171,36.57806489517815],[-121.98175969954693,36.57788472450822]],[[-121.98712706088045,36.57775026312448],[-121.98690351916717,36.577748363390285],[-121.98690116510477,36.577928534351905],[-121.98712470733727,36.57793043409851],[-121.98712706088045,36.57775026312448]],[[-121.98243268930555,36.577710280695726],[-121.98198560678158,36.57770646320614],[-121.98198324129658,36.57788663389413],[-121.98243032485897,36.57789045140864],[-121.98243268930555,36.577710280695726]],[[-121.98176443153433,36.5775243831516],[-121.98154089084416,36.57752247337154],[-121.98153852434176,36.577702644040166],[-121.98176206555115,36.5777045538327],[-121.98176443153433,36.5775243831516]],[[-121.98534580072572,36.577194540858486],[-121.9851222607377,36.57719263780878],[-121.9851175444103,36.57755297956128],[-121.98534108543672,36.57755488263583],[-121.98534580072572,36.577194540858486]],[[-121.98244451122339,36.57680942704729],[-121.98222097254686,36.57680751857436],[-121.98222333738659,36.576627347840365],[-121.98155272304074,36.5766216199445],[-121.98155035664348,36.57680179064109],[-121.9813268180511,36.57679988049184],[-121.98132208415511,36.57716022184328],[-121.98243978251926,36.57716976852343],[-121.98244451122339,36.57680942704729]],[[-121.98132918496756,36.576619709807716],[-121.98110564691542,36.576617799251856],[-121.98110801433003,36.57643762857463],[-121.98066093932732,36.57643380623064],[-121.98065383390536,36.576974318170656],[-121.98110091202314,36.576978140589546],[-121.98132918496756,36.576619709807716]],[[-121.98446107953316,36.57646624272229],[-121.9844587199062,36.57664641358638],[-121.9846822582737,36.57664831785605],[-121.98468461738148,36.57646814697951],[-121.98446107953316,36.57646624272229]],[[-121.9849081552508,36.576470050817655],[-121.98491287236511,36.57610970902296],[-121.98468933553416,36.57610780520967],[-121.98468461738148,36.57646814697951],[-121.9849081552508,36.576470050817655]],[[-121.98535758858165,36.5762936863173],[-121.9853623035774,36.575933344461696],[-121.98491523089085,36.575929538117215],[-121.98491287236511,36.57610970902296],[-121.98535758858165,36.5762936863173]],[[-121.98425642212004,36.575022971031515],[-121.98403288846697,36.575021066035674],[-121.98403052796944,36.57520123691959],[-121.98425406214164,36.57520314192788],[-121.98425642212004,36.575022971031515]],[[-121.9831387540647,36.57501344186172],[-121.98291522051666,36.5750115347706],[-121.98291285742343,36.575191705592275],[-121.98313639149059,36.57519361269585],[-121.9831387540647,36.57501344186172]],[[-121.982694050581,36.57482945644559],[-121.98247051759417,36.57482754852883],[-121.98246815348365,36.575007719331175],[-121.98269168698964,36.57500962726042],[-121.982694050581,36.57482945644559]],[[-121.98113878880585,36.574095409262036],[-121.9809152580428,36.574093498461814],[-121.98091289038251,36.57427366919923],[-121.98113642166467,36.57427558001193],[-121.98113878880585,36.574095409262036]],[[-121.98382352049441,36.57393813527447],[-121.98359998999808,36.57393622951519],[-121.98359762858816,36.574116400407775],[-121.98382115960361,36.574118306179486],[-121.98382352049441,36.57393813527447]],[[-121.9829412131566,36.57302965536318],[-121.98271768533982,36.57302774799004],[-121.98271532195841,36.57320791886074],[-121.98249179364358,36.573206011056115],[-121.98248706577961,36.57356635275584],[-121.9829341245067,36.57357016799592],[-121.9829412131566,36.57302965536318]],[[-121.9842800207508,36.5732212617604],[-121.98405649228887,36.57321935688896],[-121.98405413200105,36.57339952782879],[-121.98427766098207,36.57340143271266],[-121.9842800207508,36.5732212617604]],[[-121.98294593881823,36.57266931358009],[-121.9827224120396,36.57266740623186],[-121.9827200487002,36.57284757711374],[-121.9829435759979,36.57284948447443],[-121.98294593881823,36.57266931358009]],[[-121.98138361824242,36.57247578253035],[-121.98093419856795,36.57265213236127],[-121.98093183107592,36.57283230314341],[-121.98160241252717,36.57283803402494],[-121.98138361824242,36.57247578253035]],[[-121.9804895139197,36.572468138940685],[-121.98026598789168,36.572466226995715],[-121.98026361886346,36.57264639774599],[-121.98048714541056,36.57264830970344],[-121.9804895139197,36.572468138940685]],[[-121.97759080284534,36.571902739138864],[-121.97714375447352,36.5718989040107],[-121.97736252720213,36.572261162987616],[-121.97758605243673,36.57226308036724],[-121.97759080284534,36.571902739138864]],[[-121.98207075024663,36.57122031471581],[-121.98162370518361,36.57121649644766],[-121.98162133941696,36.57139666731196],[-121.98206838551806,36.571400485605025],[-121.98207075024663,36.57122031471581]],[[-121.97313463594068,36.57078329012274],[-121.972911115282,36.57078136446353],[-121.97290872931528,36.57096153485051],[-121.973132250493,36.5709634605223],[-121.97313463594068,36.57078329012274]],[[-121.97783094919517,36.570643461511395],[-121.97760742861081,36.570641544663445],[-121.97760505356476,36.57082171531956],[-121.97782857466812,36.57082363218003],[-121.97783094919517,36.570643461511395]],[[-121.97470166293874,36.57061658751246],[-121.97469928114539,36.570796758005585],[-121.97492280197372,36.570798680312905],[-121.97492518324805,36.570618509807225],[-121.97470166293874,36.57061658751246]],[[-121.97514870357854,36.570620431683],[-121.9751510843127,36.57044026115919],[-121.97492756450121,36.57043833929597],[-121.97492518324805,36.570618509807225],[-121.97514870357854,36.570620431683]],[[-121.97583591849289,36.56936500074881],[-121.9756124017319,36.569363080217805],[-121.97561002216263,36.569543250800265],[-121.97583353944259,36.56954517134381],[-121.97583591849289,36.56936500074881]],[[-121.98098391104205,36.56886854464527],[-121.98076039535236,36.56886663378796],[-121.98075802778303,36.569046804675],[-121.98098154399167,36.56904871554478],[-121.98098391104205,36.56886854464527]],[[-121.97473500582382,36.568094200021754],[-121.97428797980041,36.56809035452692],[-121.97428559726536,36.568270525073196],[-121.97473262432668,36.568274370593144],[-121.97473500582382,36.568094200021754]],[[-121.97384333741354,36.56790633682956],[-121.97361982499497,36.5679044126284],[-121.97361744092426,36.56808458314257],[-121.97384095386177,36.568086507356306],[-121.97384333741354,36.56790633682956]],[[-121.97317518530895,36.56772039247462],[-121.97250464986472,36.56771461488156],[-121.97250703648777,36.56753444441907],[-121.97206001400232,36.56753059062083],[-121.97206240164205,36.56735042017793],[-121.97161538027946,36.56734656472912],[-121.97161776893584,36.567166394305815],[-121.9711707486961,36.56716253720647],[-121.97138948043349,36.567524806781435],[-121.97228113809244,36.56771268817931],[-121.9722787509292,36.56789285862361],[-121.97317280022149,36.56790056296925],[-121.97317518530895,36.56772039247462]],[[-121.96826991202902,36.56677708472994],[-121.96827230840547,36.56659691447908],[-121.96760178370616,36.56659110946355],[-121.96737347859016,36.56694951401557],[-121.96781809961118,36.56713355554768],[-121.96781570213298,36.567313725756485],[-121.96803921244177,36.56731566081223],[-121.96804160940103,36.567135490590765],[-121.9689356487737,36.567143226573855],[-121.96916394733556,36.5667848189363],[-121.96826991202902,36.56677708472994]],[[-121.96938745621544,36.56678675144057],[-121.96938984999733,36.56660658112655],[-121.96916634163637,36.5666046486349],[-121.96916394733556,36.5667848189363],[-121.96938745621544,36.56678675144057]],[[-121.97050260972574,36.56697657804956],[-121.97027910022048,36.566974647627305],[-121.97027670847176,36.567154817980594],[-121.97050021849596,36.56715674841545],[-121.97050260972574,36.56697657804956]],[[-121.97341061969077,36.56682146488126],[-121.97296360118695,36.56681761453511],[-121.97296598666617,36.56663744401951],[-121.972742477965,36.566635518230626],[-121.97273770594755,36.56699585923107],[-121.9734082352282,36.5670016354164],[-121.97341061969077,36.56682146488126]],[[-121.96983447403913,36.56679061519234],[-121.96961096511666,36.566788683525914],[-121.96960857183241,36.566968853846966],[-121.96983208127382,36.566970785525996],[-121.96983447403913,36.56679061519234]],[[-121.96737827551571,36.56658917362052],[-121.96715476734659,36.56658723735858],[-121.96715236837557,36.56676740754625],[-121.9673758770636,36.56676934382084],[-121.96737827551571,36.56658917362052]],[[-121.97252135578091,36.56645342152679],[-121.97229784764113,36.566451494912634],[-121.97229546062636,36.56663166539609],[-121.97251896928506,36.56663359202282],[-121.97252135578091,36.56645342152679]],[[-121.96671015105996,36.566403193409954],[-121.96648664347379,36.56640125590391],[-121.96648424296734,36.56658142605922],[-121.96670775107239,36.56658336357793],[-121.96671015105996,36.566403193409954]],[[-121.97162971189945,36.566265542105405],[-121.97140620436355,36.56626361382816],[-121.97140381529435,36.56644378426683],[-121.97162732334917,36.56644571255666],[-121.97162971189945,36.566265542105405]],[[-121.9734249260213,36.56574044155292],[-121.9729755283711,36.56591676190122],[-121.97297791374436,36.565736591357656],[-121.97275440763772,36.565734665631666],[-121.97274963583222,36.56609500668803],[-121.9734201573292,36.56610078268474],[-121.9734249260213,36.56574044155292]],[[-121.96717155954708,36.56532604588827],[-121.96672695037569,36.56514200207762],[-121.96672935019267,36.564961831864906],[-121.96628234334388,36.564957956636384],[-121.96628714498932,36.56459761624482],[-121.9665106473653,36.564599554043205],[-121.96651304763718,36.56441938382637],[-121.96628954578006,36.564417446040636],[-121.96629194654945,36.56423727583087],[-121.96584494393697,36.564233399028055],[-121.96562624725068,36.56387111963797],[-121.96540274703557,36.563869180214695],[-121.96540034423344,36.564049350385],[-121.96517684352087,36.564047410530165],[-121.9651720368149,36.56440775082863],[-121.96539553856519,36.56440969070881],[-121.96539073281154,36.564770031010255],[-121.96583773845167,36.564773909564614],[-121.96584014030145,36.564593739391356],[-121.96606364263471,36.56459567802754],[-121.96605403718304,36.56531635873766],[-121.96627754161315,36.56531829700558],[-121.96627514071578,36.5654984671818],[-121.96694565569084,36.56550427951012],[-121.96694325632879,36.5656844497187],[-121.96716676188207,36.565686386336324],[-121.96717155954708,36.56532604588827]],[[-121.97275917935843,36.56537432455295],[-121.97253567431079,36.565372398433205],[-121.97253328794214,36.56555256896278],[-121.97275679350868,36.5655544950951],[-121.97275917935843,36.56537432455295]],[[-121.96426840805769,36.56512066744608],[-121.9640449043389,36.56511872542074],[-121.96404009218796,36.5654790655253],[-121.9642635969445,36.56548100757602],[-121.96426840805769,36.56512066744608]],[[-121.97656352240597,36.5650466629681],[-121.97634001803591,36.56504474399482],[-121.9763376405306,36.56522491474908],[-121.97656114541955,36.56522683373489],[-121.97656352240597,36.5650466629681]],[[-121.97612602557247,36.56432214157985],[-121.97545551887906,36.564316381040406],[-121.97545313938281,36.56449655176688],[-121.97590014486164,36.564500392570466],[-121.97589538788114,36.56486073405679],[-121.97611889169005,36.56486265385533],[-121.97612602557247,36.56432214157985]],[[-121.9669576521813,36.56460342838333],[-121.96673414976263,36.564601491422714],[-121.9667317499883,36.56478166164661],[-121.96695525292584,36.56478359861988],[-121.9669576521813,36.56460342838333]],[[-121.97500851452263,36.56431253858633],[-121.97456151025091,36.56430869445669],[-121.97455912867919,36.56448886513294],[-121.97500613398864,36.564492709287684],[-121.97500851452263,36.56431253858633]],[[-121.97299938115003,36.56411505621409],[-121.97277587971324,36.56411313060129],[-121.97277349401183,36.56429330118258],[-121.9729969959675,36.56429522680796],[-121.97299938115003,36.56411505621409]],[[-121.97614029276693,36.56324111687797],[-121.97546979541272,36.56323535656427],[-121.97547217476102,36.563055185798696],[-121.97524867620413,36.56305326486893],[-121.97523915660878,36.56377394784755],[-121.97546265724102,36.56377586882751],[-121.97546027780818,36.563956039570726],[-121.97590728017389,36.56395988029908],[-121.97614029276693,36.56324111687797]],[[-121.96428765165565,36.56367930670259],[-121.9640641520877,36.56367736477871],[-121.9640617461939,36.563857534878544],[-121.9642852462807,36.56385947681509],[-121.96428765165565,36.56367930670259]],[[-121.96719554659343,36.56352434331245],[-121.96697204726648,36.56352240684662],[-121.96696964813893,36.563702577116715],[-121.96719314798469,36.563704513595184],[-121.96719554659343,36.56352434331245]],[[-121.96586175598921,36.56297220758032],[-121.96563825834689,36.562970268639255],[-121.96563345397243,36.56333060905552],[-121.96630395007648,36.563336424698136],[-121.96631115193676,36.56279591395138],[-121.96586415762562,36.56279203735114],[-121.96586175598921,36.56297220758032]],[[-121.96586655924068,36.56261186711634],[-121.96564306263598,36.56260992820058],[-121.96564066050209,36.56279009842272],[-121.96586415762562,36.56279203735114],[-121.96586655924068,36.56261186711634]],[[-121.97211969863253,36.56302632787087],[-121.97189620039369,36.56302440065807],[-121.97189381274416,36.56320457122256],[-121.97211731150185,36.56320649844797],[-121.97211969863253,36.56302632787087]],[[-121.96496776554808,36.56296444930281],[-121.96474426799125,36.56296250868626],[-121.9647418637394,36.5631426788465],[-121.96496536181508,36.56314461947572],[-121.96496776554808,36.56296444930281]],[[-121.97145159264569,36.56284037443094],[-121.9712280949894,36.56283844597412],[-121.97122570580463,36.56301861650643],[-121.97144920397973,36.56302054497585],[-121.97145159264569,36.56284037443094]],[[-121.96251170301869,36.562762909444395],[-121.96228820621619,36.56276096423306],[-121.96228579627878,36.56294113425929],[-121.96250929360008,36.562943079483325],[-121.96251170301869,36.562762909444395]],[[-121.97502993837684,36.56269100202253],[-121.97480644089991,36.56268908028013],[-121.97480406003743,36.56286925101926],[-121.97502755803318,36.562871172774216],[-121.97502993837684,36.56269100202253]],[[-121.96429967820987,36.562778456056115],[-121.9645231752051,36.5627803974977],[-121.96452557993302,36.56260022733893],[-121.96430208345659,36.56259828591003],[-121.96429967820987,36.562778456056115]],[[-121.96430689388596,36.5622379456011],[-121.96408339846855,36.56223600377871],[-121.96407858700158,36.56259634406226],[-121.96430208345659,36.56259828591003],[-121.96430689388596,36.5622379456011]],[[-121.96206711986997,36.56257884858374],[-121.96184362362918,36.56257690254738],[-121.96184844547219,36.5622165625178],[-121.96140145513014,36.56221266923939],[-121.96139421922068,36.562753179199106],[-121.96206470943515,36.562759018602854],[-121.96206711986997,36.56257884858374]],[[-121.95916408757174,36.56237334758111],[-121.95894059212893,36.562371396112376],[-121.95893575675419,36.5627317357998],[-121.95938274973653,36.56273563836941],[-121.95916408757174,36.56237334758111]],[[-121.97324434362781,36.56249544569835],[-121.97302084683928,36.5624935206176],[-121.97301846184745,36.56267369126181],[-121.9732419591548,36.56267561635512],[-121.97324434362781,36.56249544569835]],[[-121.95983698960912,36.56219902957114],[-121.95961349462063,36.5621970793717],[-121.95961107852185,36.56237724926202],[-121.95983457402916,36.56237919947421],[-121.95983698960912,36.56219902957114]],[[-121.96363881443693,36.56205194875254],[-121.9634153196025,36.562050005686274],[-121.96341291234471,36.56223017579839],[-121.96363640769789,36.56223211887734],[-121.96363881443693,36.56205194875254]],[[-121.96095687783844,36.562028604313255],[-121.96073338326134,36.562026656220795],[-121.960730969778,36.562206826180386],[-121.96095446487392,36.56220877428558],[-121.96095687783844,36.562028604313255]],[[-121.95850085732161,36.56182698242174],[-121.95805386969933,36.56182307662883],[-121.95805628936517,36.56164290681096],[-121.95760688216318,36.56181916916056],[-121.95760446143827,36.5619993389473],[-121.95827494433115,36.56200519955975],[-121.95827252514111,36.56218536937921],[-121.95849602000058,36.56218732209174],[-121.95850085732161,36.56182698242174]],[[-121.96006289965884,36.562020809430315],[-121.9605098887057,36.56202470770948],[-121.96051230268638,36.56184453775703],[-121.96006531467708,36.56184063950332],[-121.96006289965884,36.562020809430315]],[[-121.96006772967391,36.56166046957073],[-121.9596207427881,36.56165656966713],[-121.95984906718706,36.561298179971864],[-121.9594044989081,36.56111410937036],[-121.95939724937747,36.56165461908706],[-121.95917375598832,36.56165266808815],[-121.95917133891638,36.56183283796979],[-121.96006531467708,36.56184063950332],[-121.96006772967391,36.56166046957073]],[[-121.97258339723172,36.56176898666748],[-121.97235990258207,36.56176706038048],[-121.9723575161186,36.5619472310093],[-121.97258101128705,36.56194915730888],[-121.97258339723172,36.56176898666748]],[[-121.96789001405342,36.56172844668232],[-121.96811350827758,36.56173038134629],[-121.96811830085471,36.561370040551026],[-121.96767131450284,36.561366170854804],[-121.9676641224925,36.56190668196347],[-121.96788761721413,36.56190861705892],[-121.96789001405342,36.56172844668232]],[[-121.96320145568204,36.56132738174759],[-121.96297796296561,36.5613254378944],[-121.96297314652456,36.56168577810698],[-121.96319664027857,36.56168772198555],[-121.96320145568204,36.56132738174759]],[[-121.95738823085023,36.56145687523338],[-121.9578327961051,36.56164095329901],[-121.95783763640985,36.56128061367199],[-121.95739307318705,36.56109653564622],[-121.95738823085023,36.56145687523338]],[[-121.95740033653095,36.56055602622354],[-121.95695577849587,36.56037194662773],[-121.95694851210398,36.5609124559906],[-121.95672502102667,36.560910500435526],[-121.95672259833425,36.56109067019917],[-121.95739307318705,36.56109653564622],[-121.95740033653095,36.56055602622354]],[[-121.97348214371802,36.56141634622678],[-121.97325865002105,36.56141442164032],[-121.97325626567513,36.56159459233064],[-121.97347975989088,36.56159651692967],[-121.97348214371802,36.56141634622678]],[[-121.962530977597,36.561321548931524],[-121.96230748494486,36.561319603821836],[-121.96230507517869,36.561499773892805],[-121.96252856834961,36.56150171901522],[-121.962530977597,36.561321548931524]],[[-121.97259294079839,36.56104830404595],[-121.97236944822387,36.56104637780928],[-121.97236706184522,36.56122654846046],[-121.97259055493853,36.561228474709715],[-121.97259294079839,36.56104830404595]],[[-121.95918825796898,36.560571648680856],[-121.95873885949976,36.560747915469186],[-121.95873644149766,36.5609280853533],[-121.95918342406132,36.560931988505665],[-121.95918825796898,36.560571648680856]],[[-121.9587485312933,36.56002723587678],[-121.95852504263749,36.560025283736124],[-121.95829671607443,36.56038367093301],[-121.95874127748037,36.560567745579476],[-121.9587485312933,36.56002723587678]],[[-121.95875336706118,36.55966689604703],[-121.95830639184601,36.55966299139787],[-121.95830397293534,36.55984316129005],[-121.95875094918799,36.5598470659647],[-121.95875336706118,36.55966689604703]],[[-121.95764077005387,36.559296791558474],[-121.95741728358058,36.55929483737477],[-121.95741244167395,36.55965517707382],[-121.95763592918466,36.55965713128306],[-121.95764077005387,36.559296791558474]],[[-121.95920759274075,36.55913028915784],[-121.95898410663557,36.55912833791854],[-121.95897927203401,36.55948867780735],[-121.95920275917665,36.559490629072165],[-121.95920759274075,36.55913028915784]],[[-121.95876545610497,36.5587660463747],[-121.95854197108022,36.55876409432327],[-121.95853713448972,36.5591244341835],[-121.9587606205519,36.55912638626041],[-121.95876545610497,36.5587660463747]],[[-121.95922692613843,36.55768892927675],[-121.95877996224871,36.55768502658327],[-121.95877754461179,36.55786519656252],[-121.95922450953886,36.55786909928148],[-121.95922692613843,36.55768892927675]],[[-121.95723011646679,36.55659033450751],[-121.95700663781685,36.55658837967775],[-121.95700421615956,36.55676854958847],[-121.95722769532816,36.55677050443099],[-121.95723011646679,36.55659033450751]],[[-121.95768191396942,36.55623390299594],[-121.9574584363137,36.55623194902923],[-121.95745601573674,36.55641211897667],[-121.95767949391112,36.556414072956144],[-121.95768191396942,36.55623390299594]],[[-121.95792474719032,36.55479449655879],[-121.95770127366201,36.55479254311293],[-121.95769885377568,36.55497271311788],[-121.95792232782257,36.554974666576506],[-121.95792474719032,36.55479449655879]],[[-121.9566008630965,36.553521579858064],[-121.95637739332754,36.5535196239892],[-121.95637497048027,36.55369979395672],[-121.95659844076779,36.55370174983834],[-121.9566008630965,36.553521579858064]]]},"properties":{"id":"usgs-OffshoreMonterey-8ca813f1-001","block_id":"OffshoreMonterey","source_url":"https://cmgds.marine.usgs.gov/data/csmp/OffshoreMonterey/data/SeafloorCharacter_2m_OffshoreMonterey.zip","metadata_url":"https://cmgds.marine.usgs.gov/data/csmp/OffshoreMonterey/metadata/SeafloorCharacter_2m_OffshoreMonterey_metadata.xml","source_file_sha256":"8ca813f1fbfd7afb231914d7a9ebdb5667559bf0172a2024f3d45e9180d94e08","source_metadata_sha256":"3ed18fdaac9509ed23dac4fb976da9cd77c0d1509e4a6d28a090ce2b65e341db","source_year":"2016","source_class":"Class 3 \u00b7 hard, rugose rock/boulder","approx_original_area_m2":3925452,"display_resolution_m":20,"fishing_target":false,"exportable":false,"depth_qualified":false,"fish_confirmed":false,"mpa_screened_at":"2026-09-23T20:44:08Z"}},{"type":"Feature","geometry":{"type":"Polygon","coordinates":[[[-121.97535812723932,36.55476540418568],[-121.97534861153355,36.55548608819293],[-121.97501301419459,36.55561778438457],[-121.97501301416375,36.555303012031665],[-121.9751275142612,36.55530399639046],[-121.97512989371683,36.55512382540398],[-121.9750130141461,36.555122820593056],[-121.97501301411079,36.554762437604694],[-121.97535812723932,36.55476540418568]]]},"properties":{"id":"usgs-OffshoreMonterey-8ca813f1-002","block_id":"OffshoreMonterey","source_url":"https://cmgds.marine.usgs.gov/data/csmp/OffshoreMonterey/data/SeafloorCharacter_2m_OffshoreMonterey.zip","metadata_url":"https://cmgds.marine.usgs.gov/data/csmp/OffshoreMonterey/metadata/SeafloorCharacter_2m_OffshoreMonterey_metadata.xml","source_file_sha256":"8ca813f1fbfd7afb231914d7a9ebdb5667559bf0172a2024f3d45e9180d94e08","source_metadata_sha256":"3ed18fdaac9509ed23dac4fb976da9cd77c0d1509e4a6d28a090ce2b65e341db","source_year":"2016","source_class":"Class 3 \u00b7 hard, rugose rock/boulder","approx_original_area_m2":3925452,"display_resolution_m":20,"fishing_target":false,"exportable":false,"depth_qualified":false,"fish_confirmed":false,"mpa_screened_at":"2026-09-23T20:44:08Z"}},{"type":"Feature","geometry":{"type":"Polygon","coordinates":[[[-121.96914631522931,36.551288220739664],[-121.96959324374808,36.55129208399633],[-121.96959563570174,36.55111191320141],[-121.97004495416398,36.550935603932366],[-121.97027319815082,36.55057719237661],[-121.97049666043188,36.55057912207041],[-121.97049427061599,36.550759292932554],[-121.9709411962789,36.55076315108934],[-121.97115988255781,36.551125421322794],[-121.97160681042229,36.55112927701786],[-121.9716044231353,36.551309447926215],[-121.97182788761789,36.55131137515831],[-121.97182550082825,36.551491546073656],[-121.9713785708472,36.55148769116559],[-121.97137613426159,36.55167153864696],[-121.96914122398836,36.55167153875447],[-121.96914631522931,36.551288220739664]]]},"properties":{"id":"usgs-OffshoreMonterey-8ca813f1-003","block_id":"OffshoreMonterey","source_url":"https://cmgds.marine.usgs.gov/data/csmp/OffshoreMonterey/data/SeafloorCharacter_2m_OffshoreMonterey.zip","metadata_url":"https://cmgds.marine.usgs.gov/data/csmp/OffshoreMonterey/metadata/SeafloorCharacter_2m_OffshoreMonterey_metadata.xml","source_file_sha256":"8ca813f1fbfd7afb231914d7a9ebdb5667559bf0172a2024f3d45e9180d94e08","source_metadata_sha256":"3ed18fdaac9509ed23dac4fb976da9cd77c0d1509e4a6d28a090ce2b65e341db","source_year":"2016","source_class":"Class 3 \u00b7 hard, rugose rock/boulder","approx_original_area_m2":3925452,"display_resolution_m":20,"fishing_target":false,"exportable":false,"depth_qualified":false,"fish_confirmed":false,"mpa_screened_at":"2026-09-23T20:44:08Z"}},{"type":"Feature","geometry":{"type":"Polygon","coordinates":[[[-121.955498914628,36.61874078655241],[-121.95549648397592,36.618920954493746],[-121.95572014228951,36.6189229150043],[-121.95572500253158,36.61856257909039],[-121.95617231714262,36.61856649880117],[-121.95616745898153,36.618926834766256],[-121.95661477575997,36.61893075284937],[-121.95661234768754,36.61911092084908],[-121.95705966559292,36.61911483727891],[-121.95706451963522,36.61875450122275],[-121.95728817757981,36.618756458782535],[-121.95728332457799,36.61911679486425],[-121.95817796073413,36.61912462100848],[-121.9581755362819,36.619304789092034],[-121.95862285552994,36.61930869967138],[-121.95862527894165,36.6191285315623],[-121.95951991561539,36.61913634763336],[-121.9595078087467,36.62003718837788],[-121.95995271201775,36.62022126218019],[-121.95995029159852,36.62040143033219],[-121.96039761743458,36.62040533434893],[-121.9601691146434,36.62076371886313],[-121.95972178676926,36.62075981395593],[-121.95994060970656,36.621122102884215],[-121.960164274695,36.621124055153444],[-121.96016185468855,36.62130422329021],[-121.9592671927828,36.62129641164386],[-121.9592623485429,36.621656747798596],[-121.95881501563807,36.621652839405904],[-121.9588222850875,36.62111233524193],[-121.95859862022837,36.621110380454226],[-121.95860346746095,36.620750044342465],[-121.95770881240239,36.620742221096364],[-121.95770396100743,36.621102557106],[-121.95815129057475,36.62110646961961],[-121.95792277533974,36.62146484958549],[-121.95747544373437,36.6214609361813],[-121.95747787000602,36.62128076820325],[-121.95725420475603,36.6212788108843],[-121.9572493511505,36.62163914680925],[-121.95769668375335,36.621643061078494],[-121.95768940630529,36.622183565000576],[-121.95791307420006,36.62218552154389],[-121.95791064886127,36.6223656895195],[-121.95768698044617,36.622363732963414],[-121.95768455456549,36.62254390092066],[-121.95723721675937,36.62253998652366],[-121.95723478981645,36.62272015444975],[-121.9585743827734,36.622912060677244],[-121.95856953502398,36.62327239665467],[-121.95812461780866,36.62308831755331],[-121.95811976793473,36.62344865346847],[-121.95789609637598,36.623446697255545],[-121.95789367088632,36.62362686519197],[-121.95766999882879,36.62362490854649],[-121.95767242483878,36.62344474062285],[-121.95722508182918,36.6234408260981],[-121.95722265477843,36.62362099399619],[-121.95677531081448,36.623617077766745],[-121.95677773890593,36.623436909894224],[-121.95655406747672,36.623434951162615],[-121.9565467815765,36.62397545472504],[-121.95721780061228,36.62398132977557],[-121.95721537349684,36.62416149765685],[-121.95743904707233,36.62416345518023],[-121.95744147366739,36.623983287286165],[-121.9576651467441,36.62398524437697],[-121.95788396871225,36.62434753688162],[-121.95810764287289,36.6243494931584],[-121.95810279269733,36.62470982899517],[-121.9578791174959,36.62470787269286],[-121.95765058997273,36.625066251734054],[-121.95742691377369,36.62506429456659],[-121.95743419381756,36.62452379095157],[-121.95698684460663,36.624519875433926],[-121.95697713367515,36.625240546807184],[-121.95652978038744,36.625236629508066],[-121.95653220919348,36.62505646169871],[-121.95586118098521,36.62505058263985],[-121.95585875061796,36.625230750410836],[-121.95518772104306,36.62522486753533],[-121.95519015297154,36.62504469980275],[-121.95474523401825,36.62486060809978],[-121.95475009984868,36.624500272657855],[-121.95452642549186,36.62449831007137],[-121.95452399206705,36.62467847778232],[-121.95362929277479,36.62467062318716],[-121.95363172828115,36.62449045552748],[-121.95340805403262,36.62448849084201],[-121.95340561800587,36.62466865848887],[-121.9529582685331,36.62466472783291],[-121.9529607056006,36.624484560211705],[-121.95273703141712,36.62448259426687],[-121.95273903881359,36.62433422109184],[-121.95488142299278,36.61885940378188],[-121.955498914628,36.61874078655241]],[[-121.9567655982329,36.62433774920086],[-121.95654192420182,36.624335790405325],[-121.95631339169054,36.62469416682232],[-121.95675831357018,36.624878252717664],[-121.9567655982329,36.62433774920086]],[[-121.95610915431408,36.62325086460031],[-121.95633282517971,36.62325282415867],[-121.95633768333616,36.62289248843677],[-121.95656135318272,36.62289444754979],[-121.95656621021217,36.62253411177992],[-121.95634254140629,36.62253215269247],[-121.956344970409,36.62235198481193],[-121.95612130214509,36.62235002531751],[-121.95611401351123,36.62289052890397],[-121.95521933442771,36.62288268657509],[-121.95521447106773,36.62324302216903],[-121.95588548347004,36.623248904622145],[-121.95588305331871,36.62342907244911],[-121.95610672468312,36.62343103244007],[-121.95610915431408,36.62325086460031]],[[-121.95700869294063,36.622898364516516],[-121.95678502305086,36.62289640624304],[-121.95678016697582,36.623256742016096],[-121.95700383790627,36.62325870031514],[-121.95700869294063,36.622898364516516]],[[-121.95477199501572,36.62287876289201],[-121.95499566471089,36.62288072494343],[-121.95499809687882,36.62270055715087],[-121.954774427704,36.62269859511226],[-121.95477199501572,36.62287876289201]],[[-121.95477686037066,36.62251842732689],[-121.95455319173779,36.62251646488133],[-121.95455075855081,36.622696632653884],[-121.954774427704,36.62269859511226],[-121.95477686037066,36.62251842732689]],[[-121.95546002160317,36.62162347294218],[-121.95523635550705,36.62162151181992],[-121.9552339239891,36.62180167965888],[-121.95545759060555,36.62180364079394],[-121.95546002160317,36.62162347294218]],[[-121.9568044464882,36.62145506292689],[-121.95658078078267,36.62145310433592],[-121.95657835240819,36.62163327225725],[-121.95680201863402,36.621635230861],[-121.9568044464882,36.62145506292689]],[[-121.9572590582753,36.62091847493695],[-121.95703539408747,36.620916517223804],[-121.95703296681833,36.62109668518751],[-121.95725663152645,36.62109864291342],[-121.9572590582753,36.62091847493695]],[[-121.95703782133508,36.620736349254514],[-121.95726148500259,36.62073830695488],[-121.9572663383925,36.62037797097392],[-121.95681901316021,36.6203740552046],[-121.95681415768915,36.620734391134434],[-121.95659049406481,36.62073243259459],[-121.9565856374669,36.621092768476444],[-121.9568093021318,36.62109472704186],[-121.95703782133508,36.620736349254514]],[[-121.95547460713541,36.620542465713996],[-121.95525094416108,36.620540504668526],[-121.95524608136282,36.62090084040805],[-121.95546974537774,36.62090280147912],[-121.95547460713541,36.620542465713996]],[[-121.959279303006,36.62039557115904],[-121.9590556401849,36.620393617261854],[-121.95905079511962,36.62075395344707],[-121.95927445898127,36.62075590736976],[-121.959279303006,36.62039557115904]],[[-121.95570313076212,36.6201840905266],[-121.95547946880671,36.62018212992647],[-121.95547703798185,36.62036229782302],[-121.95570070045754,36.620364258435956],[-121.95570313076212,36.6201840905266]],[[-121.9590604851641,36.62003328105426],[-121.95883682340512,36.62003132676285],[-121.958834400406,36.6202114948567],[-121.95905806268526,36.62021344916085],[-121.9590604851641,36.62003328105426]],[[-121.9586131616677,36.62002937205172],[-121.95838949995183,36.620027416920856],[-121.95838707591216,36.620207584989174],[-121.9586107381483,36.6202095401328],[-121.9586131616677,36.62002937205172]],[[-121.95771851493369,36.620021549009884],[-121.95749485330413,36.620019592200094],[-121.95749242718335,36.62019976021734],[-121.95771608933318,36.6202017170399],[-121.95771851493369,36.620021549009884]],[[-121.95660020700178,36.62001176076369],[-121.95637654548018,36.620009801855275],[-121.95637411675804,36.620189969808614],[-121.9565977787999,36.62019192872982],[-121.95660020700178,36.62001176076369]],[[-121.95481091543435,36.61999607774395],[-121.95458725408578,36.6199941154777],[-121.95458482120141,36.620174283328645],[-121.95480848307028,36.620176245607695],[-121.95481091543435,36.61999607774395]]]},"properties":{"id":"usgs-OffshoreMonterey-8ca813f1-004","block_id":"OffshoreMonterey","source_url":"https://cmgds.marine.usgs.gov/data/csmp/OffshoreMonterey/data/SeafloorCharacter_2m_OffshoreMonterey.zip","metadata_url":"https://cmgds.marine.usgs.gov/data/csmp/OffshoreMonterey/metadata/SeafloorCharacter_2m_OffshoreMonterey_metadata.xml","source_file_sha256":"8ca813f1fbfd7afb231914d7a9ebdb5667559bf0172a2024f3d45e9180d94e08","source_metadata_sha256":"3ed18fdaac9509ed23dac4fb976da9cd77c0d1509e4a6d28a090ce2b65e341db","source_year":"2016","source_class":"Class 3 \u00b7 hard, rugose rock/boulder","approx_original_area_m2":2747977,"display_resolution_m":20,"fishing_target":false,"exportable":false,"depth_qualified":false,"fish_confirmed":false,"mpa_screened_at":"2026-09-23T20:44:08Z"}},{"type":"Feature","geometry":{"type":"Polygon","coordinates":[[[-121.95505403077716,36.618556696376416],[-121.95500006253117,36.618556222959],[-121.95505596526323,36.61841336471342],[-121.95505403077716,36.618556696376416]]]},"properties":{"id":"usgs-OffshoreMonterey-8ca813f1-005","block_id":"OffshoreMonterey","source_url":"https://cmgds.marine.usgs.gov/data/csmp/OffshoreMonterey/data/SeafloorCharacter_2m_OffshoreMonterey.zip","metadata_url":"https://cmgds.marine.usgs.gov/data/csmp/OffshoreMonterey/metadata/SeafloorCharacter_2m_OffshoreMonterey_metadata.xml","source_file_sha256":"8ca813f1fbfd7afb231914d7a9ebdb5667559bf0172a2024f3d45e9180d94e08","source_metadata_sha256":"3ed18fdaac9509ed23dac4fb976da9cd77c0d1509e4a6d28a090ce2b65e341db","source_year":"2016","source_class":"Class 3 \u00b7 hard, rugose rock/boulder","approx_original_area_m2":2747977,"display_resolution_m":20,"fishing_target":false,"exportable":false,"depth_qualified":false,"fish_confirmed":false,"mpa_screened_at":"2026-09-23T20:44:08Z"}},{"type":"Feature","geometry":{"type":"Polygon","coordinates":[[[-121.95640325999968,36.61802795399902],[-121.95617960422244,36.61802599481155],[-121.95617717521742,36.6182061628137],[-121.95572986268729,36.61820224315409],[-121.95572743262021,36.61838241112503],[-121.95507033230132,36.61837665005245],[-121.9551406021145,36.61819707703595],[-121.95528255024364,36.618198321815676],[-121.95528498132957,36.61801815386471],[-121.95595594846678,36.61802403520439],[-121.95573715275893,36.617661739207634],[-121.95596080745251,36.617663699208904],[-121.9559656663519,36.61730336319101],[-121.9561893200267,36.61730532274701],[-121.95619174892381,36.61712515471689],[-121.95574444263623,36.617121235210796],[-121.9557420126987,36.61730140321533],[-121.95551835906716,36.61729944281996],[-121.95551930516328,36.61722930943062],[-121.95563249131521,36.616940064621076],[-121.95574687255217,36.61694106720065],[-121.9557493024465,36.6167608991849],[-121.95570276127036,36.61676049124179],[-121.9566859115656,36.61424807152408],[-121.95757005235743,36.614434380888554],[-121.95757490319806,36.61407404449017],[-121.95712761433674,36.614070130454664],[-121.95713004076497,36.61388996227261],[-121.9569063968868,36.61388800463819],[-121.95690923410775,36.61367737550637],[-121.9572487053198,36.61280986402736],[-121.95759188046146,36.61281286691943],[-121.95758702992252,36.61317320339619],[-121.95781067178501,36.613175159720626],[-121.9578033973753,36.613715664432114],[-121.95824826047954,36.61389974415021],[-121.95824583665191,36.61407991239613],[-121.95802219214572,36.61407795684712],[-121.9580173433856,36.61443829329658],[-121.95846705785061,36.61426203577856],[-121.95846221112794,36.61462237226792],[-121.95868585723761,36.614624327015925],[-121.95867616561446,36.61534499997847],[-121.9595707585911,36.61535281497814],[-121.95956591681164,36.61571315152785],[-121.96046051429417,36.615720959914924],[-121.96045809545285,36.615901128232366],[-121.96135269536038,36.615908929955744],[-121.96135511212103,36.61572876158737],[-121.96157876163153,36.61573071095632],[-121.96157392912909,36.616091047712914],[-121.96179757970141,36.61609299668764],[-121.96180482686235,36.6155524915062],[-121.96202847589566,36.61555444002311],[-121.96203089105289,36.615374271605376],[-121.96270183672124,36.61538011459996],[-121.96269942312449,36.61556028305582],[-121.96292307224373,36.61556222989407],[-121.96291824602622,36.61592256681443],[-121.96314189620726,36.615924513258435],[-121.96313707094437,36.61628485018181],[-121.96336072218723,36.61628679623156],[-121.96336795848889,36.61574629079996],[-121.9638176689353,36.61557001305043],[-121.96382249090576,36.61520967600606],[-121.96404613909198,36.6152116207206],[-121.96405337032658,36.61467111507399],[-121.9642770169738,36.61467305933079],[-121.96428183664949,36.614312722179676],[-121.96450548227789,36.614314665991444],[-121.96473394543726,36.613956272159335],[-121.96495759006827,36.61395821510644],[-121.96496481461173,36.61341770919006],[-121.9651884577038,36.61341965167949],[-121.96519086532207,36.61323948301681],[-121.96563815053025,36.61324336671144],[-121.9658762290652,36.61216429560759],[-121.96609986860227,36.61216623632981],[-121.96610708470283,36.61162573005541],[-121.96633072270109,36.61162767032001],[-121.96633312750512,36.61144750153802],[-121.96610949002695,36.61144556128607],[-121.96612151632695,36.61054471735548],[-121.96634515120492,36.61054665754409],[-121.96636438801357,36.60910530686284],[-121.96614075729575,36.60910336677555],[-121.96614556732426,36.60874302907461],[-121.96592193766784,36.608741088593106],[-121.96593396496509,36.60784024430617],[-121.96571033792998,36.60783830346844],[-121.9657151497392,36.60747796573985],[-121.96549152376541,36.607476024507946],[-121.96548671091624,36.60783636221118],[-121.96526308392394,36.60783442053436],[-121.96526067694734,36.608014589364934],[-121.96503704945644,36.6080126472559],[-121.96503223439912,36.608372984874855],[-121.96480860588974,36.608371042320904],[-121.96480378970685,36.608731379892134],[-121.9643541215089,36.60890766222666],[-121.9643444846408,36.60962833717808],[-121.96412085255575,36.60962639327664],[-121.96411603295323,36.60998673069338],[-121.96389239984956,36.60998478634698],[-121.96388757912138,36.610345123715945],[-121.96299304276098,36.610337342032935],[-121.96300510482124,36.60943649882253],[-121.96322873627906,36.609438444809136],[-121.96323355991312,36.60907810746039],[-121.96300992949529,36.609076161499175],[-121.96302199080539,36.608175318092904],[-121.9639189123235,36.60800293041747],[-121.96392373249493,36.60764259290298],[-121.96370010617258,36.607640648302045],[-121.96370251674615,36.60746047954911],[-121.96392614254854,36.607462424137346],[-121.96392855258073,36.60728225536611],[-121.96437580320992,36.6072861432586],[-121.96438784785025,36.606385299191594],[-121.96483750118979,36.60620901642351],[-121.964623512103,36.60548639817474],[-121.96439989195552,36.60548445498467],[-121.9641810903616,36.605122173678524],[-121.96395747129682,36.605120229674824],[-121.96398397741152,36.60313837208323],[-121.96443361260405,36.60296209046103],[-121.9644360210613,36.60278192152452],[-121.96465963341069,36.60278386452429],[-121.96466444922136,36.6024235266091],[-121.96488806055251,36.60242546916404],[-121.96511648555088,36.60206707331124],[-121.96556370624096,36.6020709562731],[-121.96556611199216,36.6018907872452],[-121.96578972184949,36.60189272808426],[-121.96579693741538,36.601352220929],[-121.9660205457347,36.60135416131061],[-121.96603016411089,36.600633484974566],[-121.96625377037242,36.60063542488606],[-121.96627059806993,36.599374240993924],[-121.96604699544676,36.59937230117108],[-121.96604939983786,36.59919213203391],[-121.96627300194127,36.59919407184408],[-121.9662778096199,36.59883373352765],[-121.96583301236015,36.598649684397266],[-121.96583541718553,36.598469515250386],[-121.96605901718861,36.598471455429305],[-121.96606622997743,36.59793094791709],[-121.9658426315335,36.59792900777618],[-121.96584984568915,36.597388500251625],[-121.96607344257397,36.59739044035454],[-121.96607103839648,36.597570609547645],[-121.96651823326968,36.59757448852063],[-121.96674663595377,36.59721608891023],[-121.96764102188456,36.59722384004471],[-121.96763622082673,36.59758417861373],[-121.96785981840225,36.59758611537418],[-121.96786461842066,36.597225776779865],[-121.968761402677,36.597053350170526],[-121.96876619840998,36.59669301144153],[-121.96854260334757,36.59669107642183],[-121.9685521966366,36.59597039894726],[-121.96832860367421,36.595968463558734],[-121.96833579997622,36.59542795543197],[-121.96789101699743,36.595243914111144],[-121.9678934167401,36.59506374474405],[-121.96766982644003,36.595061808160644],[-121.96767462690072,36.59470146943498],[-121.96722984968076,36.59451742571475],[-121.96723225089706,36.59433725636323],[-121.96678507460345,36.594333380362166],[-121.96678747683765,36.59415321103035],[-121.9672370532656,36.5939769176434],[-121.96723945441788,36.59379674827508],[-121.96768662767924,36.59380062252289],[-121.96769382789049,36.593260114308514],[-121.96791741299437,36.59326205076548],[-121.96792221198939,36.59290171190264],[-121.96859296431164,36.59290751868176],[-121.96859536221842,36.592727349204026],[-121.96814819502141,36.59272347846254],[-121.96815059394605,36.59254330900448],[-121.96792701089915,36.592541373017404],[-121.96772742633881,36.590737741975666],[-121.96795100416885,36.59073967825562],[-121.96794140711677,36.591460356227465],[-121.96838856699719,36.591464227630624],[-121.96839576170098,36.5909237190843],[-121.96817218330872,36.590921783630286],[-121.96817458202024,36.59074161411629],[-121.96839815989297,36.59074354955767],[-121.96840535434107,36.5902030409442],[-121.96885250703338,36.5902069104933],[-121.96885010994436,36.59038708006198],[-121.969073686842,36.59038901422022],[-121.96906889363913,36.59074935336607],[-121.96861934011456,36.590925654119026],[-121.96861694242081,36.5911058236527],[-121.96884052137527,36.59110775828077],[-121.96883572696294,36.59146809735659],[-121.96928288701403,36.59147196540536],[-121.96928049081502,36.591652134960135],[-121.96860974921175,36.591646332220144],[-121.96838137210165,36.592004736126604],[-121.96949927996934,36.59201440748623],[-121.96949688422602,36.59219457703685],[-121.97128554207897,36.59221002950912],[-121.97128315047095,36.59239019915505],[-121.97173031618621,36.5923940581052],[-121.97173270675508,36.59221388843407],[-121.97195628912503,36.59221581726757],[-121.97195389907574,36.5923959869513],[-121.97217748198652,36.592397915378086],[-121.97217270286339,36.592758254753925],[-121.97239628683458,36.59276018278658],[-121.9721679236553,36.59311859410741],[-121.97149716875172,36.59311280741795],[-121.97149477755704,36.59329297704851],[-121.97104760668847,36.59328911713373],[-121.97104521443339,36.593469286733495],[-121.97059804261075,36.59346542511617],[-121.97059564929518,36.593645594685135],[-121.97148999510397,36.59365331629286],[-121.97149238634113,36.59347314667349],[-121.97216314436233,36.593478933438504],[-121.97216075468396,36.59365910309566],[-121.97238434125317,36.59366103119126],[-121.972379562872,36.59402137051398],[-121.9721559752636,36.5940194423932],[-121.97215119575829,36.594379781668366],[-121.97237478440594,36.59438170981433],[-121.9726031505017,36.59402329821542],[-121.97282673815259,36.59402522549751],[-121.97282912631456,36.59384505581377],[-121.97327630064093,36.59384890909479],[-121.97326913920911,36.59438941820469],[-121.97371631673813,36.5943932698838],[-121.97371393059103,36.59457343960107],[-121.9741587241152,36.59475745936474],[-121.97415395379358,36.59511779882159],[-121.97460113564951,36.59512164724645],[-121.97460590389258,36.59476130773935],[-121.97505308375477,36.594765154436544],[-121.97505784983458,36.594404814856844],[-121.97595220565628,36.594412503118605],[-121.9759498247055,36.59459267296145],[-121.97639462385006,36.59477668446366],[-121.97639224389623,36.594956854320415],[-121.97728898433714,36.594784362761345],[-121.97750781977946,36.59514662112061],[-121.97817859354821,36.59515237425774],[-121.97795024953261,36.59551079682568],[-121.97839743418716,36.59551463104242],[-121.9783998095275,36.59533446108969],[-121.97862340136682,36.59533637755651],[-121.9786305257023,36.59479586762729],[-121.97930129667019,36.594801614398975],[-121.97928705716312,36.59588263443224],[-121.97883749589657,36.59605897348137],[-121.97883037267701,36.59659948333071],[-121.97860677717887,36.59659756719568],[-121.97859965221039,36.59713807695715],[-121.97837605517431,36.59713616036521],[-121.97836892845679,36.59767667003882],[-121.97814532988272,36.59767475298993],[-121.97814057759273,36.59803509271936],[-121.97769100121302,36.59821142714457],[-121.97768149213736,36.59893210641376],[-121.9774578899886,36.598930188019],[-121.97745075640086,36.59947069737459],[-121.97722715271398,36.59946877852284],[-121.9772319094998,36.59910843898309],[-121.9770083068736,36.599106519736964],[-121.97700354904826,36.599466859251635],[-121.97677994540373,36.59946493956104],[-121.97677280694792,36.600005448753514],[-121.97610199146347,36.599999687052296],[-121.97610437252919,36.599819517364686],[-121.97588076792982,36.59981759597128],[-121.97633749912202,36.59910075948208],[-121.9758926755399,36.59891674751204],[-121.97589505699844,36.59873657780341],[-121.97567145553879,36.598734656065865],[-121.9756690735605,36.59891482576195],[-121.9752218696653,36.59891098100353],[-121.97544070654277,36.59927324294272],[-121.97566430954046,36.59927516513732],[-121.9756547812464,36.59999584382098],[-121.97587838634435,36.59999776564635],[-121.97587362310989,36.600358104979705],[-121.97609722926856,36.60036002641074],[-121.97609484813938,36.60054019608158],[-121.97654206155985,36.6005440377104],[-121.9765349211641,36.6010845467646],[-121.97608770462489,36.60108070506054],[-121.97630178998095,36.60180330473277],[-121.9760781796427,36.601801383620845],[-121.97584504192562,36.60252014051008],[-121.9756214295504,36.60251821850904],[-121.97538828529905,36.60323697431927],[-121.97493867242888,36.603413297637985],[-121.9749267517762,36.60431414514705],[-121.97470313428721,36.604312221342525],[-121.97469359530422,36.605032899198875],[-121.9744699757569,36.605030974924595],[-121.97446520509847,36.605391313794065],[-121.97401557758702,36.60556763333794],[-121.97377763457384,36.60664672398185],[-121.97355401043215,36.60664479791636],[-121.973551622843,36.60682496725328],[-121.97310437358342,36.606821113838585],[-121.97310676221247,36.606640944526816],[-121.97288313813449,36.606639017202745],[-121.97287835981534,36.60699935579551],[-121.97310198493318,36.60700128314475],[-121.97309720756901,36.60736162174028],[-121.97332083374803,36.60736354869514],[-121.97331844555407,36.60754371799711],[-121.97287119217738,36.60753986364268],[-121.97287358141125,36.607359694365876],[-121.97264995527475,36.60735776657193],[-121.9726475655209,36.607537935836156],[-121.97242393888571,36.60753600761008],[-121.97242154859067,36.607716176856094],[-121.97286880292226,36.60772003291388],[-121.97286641364593,36.607900202179486],[-121.97309004136359,36.607902129591636],[-121.9730852637872,36.60826246813125],[-121.97263800629322,36.608258612837055],[-121.9726284467258,36.608979289748454],[-121.97172913960202,36.60933191224532],[-121.97172674753457,36.60951208139762],[-121.97217401213838,36.609515940224604],[-121.97217162108969,36.609696109396495],[-121.97194798825716,36.609694180180206],[-121.97194320505601,36.61005451848204],[-121.97171957120469,36.61005258882097],[-121.97172435544586,36.60969225054433],[-121.97150072265586,36.609690320488866],[-121.97150311526458,36.60951015135476],[-121.9710558507885,36.60950629001033],[-121.9708370068561,36.60914402049937],[-121.97061337571132,36.60914208880345],[-121.97061577033628,36.60896191970299],[-121.97016850915062,36.60895805507764],[-121.96995446311672,36.608235445829216],[-121.96950480907908,36.60841174784722],[-121.96949761753201,36.6089522549929],[-121.96927398703512,36.60895032079218],[-121.96927158929016,36.60913048981693],[-121.96949522030704,36.60913242403026],[-121.96949042579324,36.60949276208823],[-121.96904316170075,36.60948889319147],[-121.96904076337186,36.60966906218679],[-121.9688171308376,36.60966712709641],[-121.9688147319674,36.60984729607351],[-121.96926199809727,36.60985116585996],[-121.96925480447891,36.610391672833465],[-121.96947843913594,36.6103936071352],[-121.9694616569211,36.61165478996599],[-121.96991133006287,36.61147848850313],[-121.96969728004234,36.610755879022236],[-121.96992091578211,36.61075781251003],[-121.96992570851395,36.61039747447991],[-121.97037297797725,36.61040134014626],[-121.97036818732556,36.610761678226865],[-121.97081545895428,36.61076554226531],[-121.97081785325068,36.61058537320259],[-121.97148875929336,36.6105911660755],[-121.97148636655709,36.61077133517605],[-121.97103909480059,36.61076747365515],[-121.97103670100294,36.61094764272489],[-121.9712603373906,36.61094957370774],[-121.97125076406766,36.61167024998118],[-121.97102712559976,36.611668318947906],[-121.971019943824,36.61220882605641],[-121.97057026882372,36.61238513165513],[-121.9705630836722,36.61292563862085],[-121.97033944162762,36.61292370624046],[-121.97033704601446,36.61310387520522],[-121.96988976094904,36.613100009160306],[-121.96989215760242,36.612919840220776],[-121.9696685156218,36.6129179065815],[-121.96967330990488,36.612557568710905],[-121.96877874635649,36.61254983005857],[-121.96878114554642,36.612369661165395],[-121.96833386494045,36.61236578934679],[-121.96855270579138,36.61272806322138],[-121.96877634714522,36.61272999894614],[-121.96877394791265,36.61291016782813],[-121.96922123172457,36.61291403804406],[-121.96921643527588,36.61327437584176],[-121.96899279231906,36.613272440918344],[-121.96898319708554,36.61399311639609],[-121.96920684212286,36.61399505137003],[-121.96921403701958,36.613454544732235],[-121.96943768051787,36.61345647924865],[-121.96944007825405,36.613276310345555],[-121.96966372125355,36.61327824442971],[-121.9696589268001,36.61363858225554],[-121.97010621494353,36.61364244921545],[-121.97010142248539,36.61400278706938],[-121.96987777736274,36.61400085377401],[-121.96987298377917,36.61436119158032],[-121.96964933763759,36.614359257840064],[-121.96964694029374,36.6145394267222],[-121.96942329365336,36.614537492549665],[-121.96942808936008,36.61417715480505],[-121.9692044437813,36.61417522023812],[-121.96897600043661,36.61453362294564],[-121.96875235386027,36.614531687514145],[-121.96874995441452,36.61471185634018],[-121.96942089576802,36.614717661413586],[-121.96941370198427,36.61525816797179],[-121.96919005328462,36.61525623332908],[-121.96918285774859,36.615796739799016],[-121.9689592075098,36.61579480469875],[-121.96895440933888,36.61615514229214],[-121.9685071068446,36.61615127078206],[-121.96851190709624,36.61579093323921],[-121.96828825692148,36.61578899687995],[-121.9682810549515,36.616329503147895],[-121.96850470668679,36.61633143954509],[-121.9684951058423,36.61705211454125],[-121.96827145202623,36.617050178093486],[-121.96826905124158,36.617230346815894],[-121.9678217426331,36.61722647263603],[-121.96781693891899,36.61758681001347],[-121.96736962831514,36.61758293410425],[-121.96737443411014,36.617222596777395],[-121.96692712567265,36.61721871924001],[-121.96669866256974,36.617577117092665],[-121.96647500736402,36.61757517724942],[-121.96647741235307,36.61739500863944],[-121.96602769701684,36.61757129630386],[-121.96603010304631,36.61739112771919],[-121.96535913924673,36.61738530319114],[-121.96535673165664,36.61756547173777],[-121.96513307657939,36.617563529376355],[-121.96513548468971,36.6173833608424],[-121.96491183015411,36.61738141807397],[-121.96468335731707,36.617739811897444],[-121.9644597017839,36.61773786826424],[-121.96445729207012,36.61791803674895],[-121.9646809481235,36.61791998039482],[-121.9646761296722,36.61828031737283],[-121.96512585212007,36.61810403494464],[-121.96512826029458,36.61792386642747],[-121.96647260235363,36.61775534585382],[-121.96647019732187,36.61793551445262],[-121.96691750983553,36.617939393770065],[-121.9671363591182,36.61830167005601],[-121.96736001646897,36.61830360869078],[-121.96736722538563,36.61776310275927],[-121.96759088119708,36.61776504093639],[-121.96757646629305,36.618846052824956],[-121.96735280736017,36.618844114571935],[-121.9673431949162,36.619564789001785],[-121.96711953392366,36.61956285027841],[-121.96711472653303,36.61992318743444],[-121.96599641668851,36.619913487395095],[-121.96599401035976,36.62009365590141],[-121.96554668553122,36.62008977292221],[-121.96532783890689,36.61972749386084],[-121.96465685501069,36.61972166506095],[-121.96465926441829,36.61954149661952],[-121.96421194296855,36.619537608679664],[-121.96444042347423,36.619179215985184],[-121.96466408316931,36.61918115971987],[-121.96466890183468,36.61882082279785],[-121.96422158454699,36.61881693495951],[-121.96422399488804,36.61863676651547],[-121.96355302067808,36.6186309316482],[-121.9637718559421,36.61899321385535],[-121.96310087873938,36.61898737639362],[-121.96309846575423,36.61916754476295],[-121.96175650880707,36.61915585843086],[-121.9617516765293,36.619516195000195],[-121.9615280160728,36.619514245783726],[-121.96153043274269,36.61933407751457],[-121.96130677282794,36.61933212789111],[-121.96131160714381,36.618971791361496],[-121.9610879482911,36.61896984134377],[-121.96109278356154,36.618609504817215],[-121.96154009920751,36.61861340438205],[-121.96154251577003,36.61843323608493],[-121.96109761874605,36.618249168268285],[-121.9611000363061,36.61806899998542],[-121.96087638007609,36.61806704961163],[-121.96064788664508,36.618425435327346],[-121.96087154389404,36.6184273861463],[-121.96086912577081,36.61860755440524],[-121.96019815252774,36.61860170065105],[-121.96020541151512,36.618061195972075],[-121.96042906768056,36.61806314760496],[-121.9604314867798,36.6178829793547],[-121.95998417551085,36.6178790756947],[-121.95998659562903,36.61769890746433],[-121.95953928548661,36.617695002151045],[-121.95953202194626,36.6182355067489],[-121.95930836534671,36.618233553424474],[-121.95930352183844,36.618593889769535],[-121.95885620662303,36.618589981810544],[-121.95885378379614,36.61877014994918],[-121.95863012570054,36.618768195327355],[-121.95863497237326,36.61840785907002],[-121.95885862942839,36.61840981366631],[-121.95886105221224,36.61822964551649],[-121.95819008267222,36.61822378050676],[-121.9581852339616,36.61858411672424],[-121.95751426149432,36.61857824786057],[-121.95751911332633,36.61821791171971],[-121.95796400133725,36.618401992762884],[-121.95796885104524,36.61804165655973],[-121.95752153920999,36.61803774364088],[-121.95752396507211,36.61785757555645],[-121.95730030970708,36.61785561848025],[-121.95729788332476,36.61803578655191],[-121.95685057161901,36.618031871114866],[-121.95685299904181,36.61785170306876],[-121.95640568846292,36.61784778597849],[-121.95640325999968,36.61802795399902]],[[-121.95618689110799,36.61748549077155],[-121.95663419956283,36.61748940865005],[-121.95663662744113,36.61730924059994],[-121.9561893200267,36.61730532274701],[-121.95618689110799,36.61748549077155]],[[-121.96549633652901,36.60711568678229],[-121.96504908672547,36.60711180311053],[-121.96504427188202,36.60747214078547],[-121.96549152376541,36.607476024507946],[-121.96549633652901,36.60711568678229]],[[-121.96571996146292,36.607117627988856],[-121.96572236729271,36.60693745910497],[-121.96549874287875,36.60693551791107],[-121.96549633652901,36.60711568678229],[-121.96571996146292,36.607117627988856]],[[-121.96391650220568,36.60818309916631],[-121.96414013010937,36.608185043385795],[-121.96414253970724,36.60800487462426],[-121.9639189123235,36.60800293041747],[-121.96391650220568,36.60818309916631]],[[-121.964589794539,36.60800876177918],[-121.9645922030755,36.60782859298665],[-121.96414494928369,36.607824705857105],[-121.96414253970724,36.60800487462426],[-121.964589794539,36.60800876177918]],[[-121.96875900477855,36.597233519526625],[-121.96898260142136,36.597235454164846],[-121.96898499880012,36.5970552847961],[-121.968761402677,36.597053350170526],[-121.96875900477855,36.597233519526625]],[[-121.97349034129627,36.59457151395861],[-121.97348795460834,36.59475168365772],[-121.97371154442273,36.59475360931275],[-121.97371393059103,36.59457343960107],[-121.97349034129627,36.59457151395861]],[[-121.97567621943186,36.59837431665693],[-121.97589981985203,36.59837623836938],[-121.97590220124711,36.598196068643986],[-121.9754550014674,36.59819222482477],[-121.97545738388075,36.59801205511888],[-121.97523378454241,36.59801013259273],[-121.97523855034505,36.59764979318925],[-121.97546214864396,36.59765171569029],[-121.9754645309938,36.59747154596762],[-121.97501971882471,36.59728753086808],[-121.97500303480334,36.59854871867276],[-121.97545261903288,36.59837239452507],[-121.97544785410034,36.59873273390892],[-121.97567145553879,36.598734656065865],[-121.97567621943186,36.59837431665693]],[[-121.97502686880196,36.59674702172503],[-121.97480327314395,36.596745098447975],[-121.9748008893197,36.59692526815535],[-121.97457729316322,36.59692334444637],[-121.97457252441177,36.597283683819235],[-121.97501971882471,36.59728753086808],[-121.97502686880196,36.59674702172503]],[[-121.96927638475879,36.608770151761846],[-121.96838186506457,36.608762410813874],[-121.96816303577766,36.60840013657687],[-121.96771577818132,36.608396262796965],[-121.96771097551807,36.6087566006975],[-121.96793460534555,36.60875853782252],[-121.96793220450192,36.608938706777025],[-121.96837946526092,36.60894257979368],[-121.96837706543596,36.60912274876789],[-121.96860069636749,36.60912468465949],[-121.96859589769363,36.60948502261641],[-121.9688195296865,36.60948695811373],[-121.96882432732038,36.60912662013153],[-121.96927398703512,36.60895032079218],[-121.96927638475879,36.608770151761846]],[[-121.96852630733936,36.61470992047641],[-121.96852390735216,36.61489008928419],[-121.96874755494746,36.61489202516061],[-121.96874995441452,36.61471185634018],[-121.96852630733936,36.61470992047641]],[[-121.96691270178883,36.61829973100153],[-121.96691029773345,36.61847989960885],[-121.96713395558305,36.618481838676],[-121.9671363591182,36.61830167005601],[-121.96691270178883,36.61829973100153]],[[-121.9666866399052,36.618477960122],[-121.96668423530821,36.61865812871107],[-121.96690789365668,36.61866006821059],[-121.96691029773345,36.61847989960885],[-121.9666866399052,36.618477960122]],[[-121.96065514244658,36.61788493055514],[-121.9606575610041,36.61770476228655],[-121.96043390585754,36.61770281109883],[-121.9604314867798,36.6178829793547],[-121.96065514244658,36.61788493055514]],[[-121.95640811690456,36.61766761795238],[-121.95618446216773,36.617665658790486],[-121.95618203320586,36.61784582680381],[-121.95640568846292,36.61784778597849],[-121.95640811690456,36.61766761795238]],[[-121.96645095629847,36.61937686304153],[-121.96667461670657,36.6193788030114],[-121.96667702138903,36.619198634444714],[-121.9664533615012,36.6191966944875],[-121.96645817184253,36.61883635736267],[-121.96600844801159,36.61901264477962],[-121.96600604178974,36.61919281331391],[-121.96578238196612,36.61919087209754],[-121.96577516161148,36.6197313776288],[-121.9662224844017,36.619735259717864],[-121.96645095629847,36.61937686304153]],[[-121.96556835108507,36.618468256392106],[-121.96512103570689,36.618464371962176],[-121.9651186274682,36.618644540462554],[-121.96534228566681,36.61864648290005],[-121.96533747016575,36.61900681990938],[-121.96556112942629,36.61900876195251],[-121.96556835108507,36.618468256392106]],[[-121.96401721222605,36.617373642803344],[-121.96401480151468,36.61755381127385],[-121.96446211147627,36.61755769977394],[-121.9644645211472,36.617377531278045],[-121.96401721222605,36.617373642803344]],[[-121.96468817563994,36.61737947488585],[-121.96469540296371,36.616838969326515],[-121.96425050722642,36.61665491326173],[-121.96402203358454,36.61701330584553],[-121.96446934042488,36.61701719426946],[-121.9644645211472,36.617377531278045],[-121.96468817563994,36.61737947488585]],[[-121.95954654883339,36.61715449750281],[-121.9590992418984,36.617150590587265],[-121.95909439760794,36.617510926974006],[-121.95954170662372,36.617514833940554],[-121.95954654883339,36.61715449750281]],[[-121.96066723501929,36.6169840891562],[-121.96044358195357,36.616982138019424],[-121.96044116296181,36.61716230629767],[-121.96066481654772,36.61716425744717],[-121.96066723501929,36.6169840891562]],[[-121.9575360940594,36.61695673505032],[-121.9573124412954,36.616954778038],[-121.95731001502087,36.617134946137654],[-121.95753366830506,36.61713690316274],[-121.9575360940594,36.61695673505032]],[[-121.96626337951224,36.616672393943915],[-121.96559242189086,36.616666570826986],[-121.96559001490651,36.61684673940868],[-121.96603732100641,36.616850621931654],[-121.96603491504109,36.61703079053311],[-121.96625856864334,36.61703273117774],[-121.96626337951224,36.616672393943915]],[[-121.9673816426425,36.61668209074516],[-121.96715798997364,36.61668015222428],[-121.96715558663068,36.61686032089463],[-121.96737923981972,36.61686225942816],[-121.9673816426425,36.61668209074516]],[[-121.95755549931836,36.615515389949394],[-121.95756035041758,36.61515505361819],[-121.95778399800143,36.6151570100831],[-121.95778642299858,36.614976841896315],[-121.95756277593489,36.61497488544416],[-121.95756520143063,36.61479471726457],[-121.95711790840825,36.614790803126866],[-121.95711548187222,36.61497097128091],[-121.95689183487326,36.61496901356981],[-121.9571106287355,36.61533130757223],[-121.95688698069625,36.615329349835555],[-121.95687727208345,36.61605002229989],[-121.95710092220334,36.61605198008766],[-121.95710577551253,36.61569164384114],[-121.95755307373642,36.6156955581066],[-121.95755064813292,36.61587572625821],[-121.95777429779741,36.61587768277422],[-121.95776944756614,36.6162380190862],[-121.95799309829252,36.61623997520807],[-121.9579882490154,36.6166003115232],[-121.95888043370805,36.61678830011632],[-121.95866162753391,36.61642600925435],[-121.95843797622264,36.61642405437872],[-121.95844282337593,36.61606371800135],[-121.95866647364687,36.61606567285145],[-121.95866889667106,36.61588550464161],[-121.9584452469203,36.61588354980426],[-121.95844767044314,36.61570338160156],[-121.95800037204663,36.61569947069341],[-121.95800279658825,36.615519302510656],[-121.95755549931836,36.615515389949394]],[[-121.95822644525555,36.615521258161806],[-121.95822886925548,36.61534108996069],[-121.95800522110834,36.61533913432231],[-121.95800279658825,36.615519302510656],[-121.95822644525555,36.615521258161806]],[[-121.9593350031038,36.616251703126274],[-121.95911135224806,36.61624974952241],[-121.95910893022116,36.61642991774658],[-121.9593325815971,36.61643187136318],[-121.9593350031038,36.616251703126274]],[[-121.96717961909948,36.61505863393926],[-121.96695116377035,36.61541703252314],[-121.96650386582213,36.6154131535602],[-121.96650146106812,36.61559332223175],[-121.9667251105517,36.61559526193571],[-121.96672030201998,36.615955599287346],[-121.96694395256529,36.61595753859696],[-121.96694876005668,36.61559720122],[-121.96739846180414,36.61542090980741],[-121.96761730652541,36.615783185284116],[-121.9673936564361,36.61578124724617],[-121.9673888509827,36.61614158466256],[-121.96761250211236,36.616143522725814],[-121.96761490432954,36.615963354007754],[-121.96806460676808,36.615787060101006],[-121.96806700790226,36.61560689134648],[-121.96829065753549,36.61560882811277],[-121.96829545869949,36.61524849056163],[-121.96784816153506,36.61524461665995],[-121.9678505631254,36.61506444790128],[-121.96717961909948,36.61505863393926]],[[-121.96851910731377,36.61525042688299],[-121.96852150734361,36.61507025808638],[-121.96829785924952,36.61506832177768],[-121.96829545869949,36.61524849056163],[-121.96851910731377,36.61525042688299]],[[-121.96807421117678,36.61506638504931],[-121.9680766122256,36.6148862162724],[-121.9678529646944,36.61488427913702],[-121.9678505631254,36.61506444790128],[-121.96807421117678,36.61506638504931]],[[-121.9683002597782,36.61488815298812],[-121.96830266028557,36.614707984192975],[-121.96807901325313,36.614706047489896],[-121.9680766122256,36.6148862162724],[-121.9683002597782,36.61488815298812]],[[-121.96627300099352,36.61595171940912],[-121.96604935051239,36.61594977884049],[-121.96604694465395,36.61612994746991],[-121.96627059565525,36.6161318880512],[-121.96627300099352,36.61595171940912]],[[-121.9647098570334,36.61575795805672],[-121.96448620722238,36.61575601456308],[-121.96449102611469,36.61539567745377],[-121.96404131816182,36.61557195779036],[-121.96426014743433,36.61593423918338],[-121.96470744807527,36.61593812661568],[-121.9647098570334,36.61575795805672]],[[-121.96606137948397,36.615048935609416],[-121.96583773162507,36.61504699468447],[-121.96583532535335,36.615227163329216],[-121.96605897373242,36.615229104266824],[-121.96606137948397,36.615048935609416]],[[-121.96673472735884,36.6148745871653],[-121.96651107995591,36.61487264751199],[-121.96650867526601,36.61505281620032],[-121.9667323231891,36.61505475586629],[-121.96673472735884,36.6148745871653]],[[-121.96562371074124,36.614324378755654],[-121.96540006500572,36.614322437042105],[-121.96539525053139,36.61468277432006],[-121.9656188973072,36.61468471605897],[-121.96562371074124,36.614324378755654]],[[-121.9683074612363,36.61434764658587],[-121.96875475328468,36.61435151868253],[-121.96875955206959,36.6139911810025],[-121.96831226210172,36.613987308956396],[-121.9683074612363,36.61434764658587]],[[-121.96831706288184,36.613626971304555],[-121.96809341897018,36.61362503467732],[-121.96809101807067,36.613805203493406],[-121.9676437292712,36.61380132895475],[-121.96786257075699,36.614163604024],[-121.96808621620765,36.61416554110879],[-121.96808861714982,36.613985372303894],[-121.96831226210172,36.613987308956396],[-121.96831706288184,36.613626971304555]],[[-121.9665231030849,36.61397180398636],[-121.96607581354453,36.61396792354745],[-121.96607100227652,36.61432826092381],[-121.96629464807626,36.61433020137843],[-121.9665231030849,36.61397180398636]],[[-121.9671988435372,36.61361728397207],[-121.96697519973239,36.61361534524666],[-121.9669727962323,36.61379551399949],[-121.96719644055723,36.61379745273754],[-121.9671988435372,36.61361728397207]],[[-121.96787217647817,36.613442928821435],[-121.96742488980192,36.6134390534941],[-121.9674224873634,36.61361922227783],[-121.96786977507988,36.61362309763046],[-121.96787217647817,36.613442928821435]],[[-121.9656357439522,36.61342353539947],[-121.96541210081732,36.613421593749294],[-121.96540969369777,36.61360176241904],[-121.96563333735278,36.6136037040819],[-121.9656357439522,36.61342353539947]],[[-121.9699041405499,36.61201899543921],[-121.96945925937665,36.61183495891942],[-121.96945446422382,36.61219529680952],[-121.969901744003,36.6121991644067],[-121.9699041405499,36.61201899543921]],[[-121.96722046939638,36.61199576483088],[-121.96699683027242,36.611993826219376],[-121.9669944269645,36.612173995022566],[-121.96721806660854,36.61217593364673],[-121.96722046939638,36.61199576483088]],[[-121.96700644329059,36.61127315095065],[-121.96678280626827,36.61127121197018],[-121.9667804025257,36.6114513807831],[-121.96700404006808,36.611453319776224],[-121.96700644329059,36.61127315095065]],[[-121.96859349832471,36.609665191586465],[-121.96836986583315,36.60966325565693],[-121.96836746592292,36.60984342460876],[-121.96859109893448,36.60984536055091],[-121.96859349832471,36.609665191586465]],[[-121.96837466558969,36.6093029177365],[-121.9681510341595,36.60930098141267],[-121.96814863377188,36.60948115036305],[-121.96837226572208,36.609483086699505],[-121.96837466558969,36.6093029177365]],[[-121.96725650865238,36.60929323192169],[-121.96725410618473,36.60947340082147],[-121.9674777380495,36.609475338836226],[-121.96748013999711,36.60929516992379],[-121.96725650865238,36.60929323192169]],[[-121.9677037713632,36.609297107506315],[-121.96770857415446,36.608936769639364],[-121.96748494382835,36.608934832082134],[-121.96748013999711,36.60929516992379],[-121.9677037713632,36.609297107506315]],[[-121.97174349156045,36.60825089721399],[-121.9719719029879,36.60789248833538],[-121.97174827537658,36.60789055882547],[-121.97175066725276,36.60771038962282],[-121.97197429434412,36.60771231912013],[-121.9719766856791,36.607532149899285],[-121.97152943255759,36.60752829051033],[-121.97153182491122,36.607348121309066],[-121.97063732100354,36.60734039754703],[-121.97063492657004,36.60752056669786],[-121.9704113001264,36.60751863469588],[-121.97040411513838,36.60805914207692],[-121.97085137116679,36.60806300573701],[-121.97085376514411,36.607882836590356],[-121.9710773926703,36.60788476777846],[-121.97108217952122,36.60752442944319],[-121.97130580602878,36.607526360186526],[-121.97130102021777,36.60788669854701],[-121.97152464778654,36.60788862889601],[-121.97152225536914,36.60806879808049],[-121.97107499921295,36.608064936937716],[-121.97084658314832,36.6084233440135],[-121.97129384134185,36.60842720604581],[-121.97129623432176,36.60824703688514],[-121.97151986293046,36.60824896725935],[-121.97151507798934,36.608609305600304],[-121.97196233735056,36.60861316514044],[-121.97195755440441,36.608973503509404],[-121.97218118515696,36.60897543267532],[-121.9721907488843,36.608254755864635],[-121.97174349156045,36.60825089721399]],[[-121.97241437757812,36.60825668456062],[-121.97241676793686,36.60807651533139],[-121.97219313976302,36.608074586647994],[-121.9721907488843,36.608254755864635],[-121.97241437757812,36.60825668456062]],[[-121.97173631567689,36.60879140475483],[-121.9715126854869,36.60878947476238],[-121.97151029296322,36.60896964391886],[-121.97173392367318,36.60897157392392],[-121.97173631567689,36.60879140475483]],[[-121.96704248906613,36.60857061789556],[-121.96681885984414,36.608568679104934],[-121.96681405297831,36.60892901689304],[-121.96703768324028,36.60893095570898],[-121.96704248906613,36.60857061789556]],[[-121.96905994940633,36.60822771006751],[-121.96883632103206,36.60822577507819],[-121.96883392233235,36.60840594410004],[-121.9690575512266,36.60840787910199],[-121.96905994940633,36.60822771006751]],[[-121.96637641032464,36.6082044625052],[-121.96615278220679,36.608202522481236],[-121.96615037726731,36.6083826913513],[-121.96637400590515,36.608384631387906],[-121.96637641032464,36.6082044625052]],[[-121.96862228934475,36.607503163576474],[-121.96839866309303,36.60750122779861],[-121.96839626343863,36.60768139681757],[-121.96861989021032,36.607683332608076],[-121.96862228934475,36.607503163576474]],[[-121.97243110964341,36.606995499838426],[-121.97220748458933,36.606993571230575],[-121.97220509383806,36.60717374048079],[-121.97242871941206,36.607175669101224],[-121.97243110964341,36.606995499838426]],[[-121.97198625080652,36.606811472959976],[-121.97153660955478,36.60698778288981],[-121.97153421724362,36.60716795210223],[-121.97198146828529,36.60717181144081],[-121.97198625080652,36.606811472959976]],[[-121.9713177701842,36.60662551418737],[-121.97087052238993,36.6066216524072],[-121.97086573471175,36.606981990773214],[-121.97108935963811,36.60698392189829],[-121.9713177701842,36.60662551418737]],[[-121.97199103324276,36.60645113445674],[-121.97221465671574,36.606453063446345],[-121.97221943802712,36.60609272489556],[-121.97177219318216,36.606088866547196],[-121.97177458484585,36.6059086972886],[-121.97110371929782,36.605902906657455],[-121.97110850568092,36.605542568199084],[-121.97066365836781,36.6053585365188],[-121.9706516871577,36.60625938252464],[-121.97132255569754,36.60626517574856],[-121.97132494842234,36.60608500652076],[-121.97154857079161,36.606086936743736],[-121.97154617858675,36.60626710598414],[-121.97176980149723,36.6062690358002],[-121.97176501806362,36.606629374289426],[-121.97198864203526,36.60663130371115],[-121.97199103324276,36.60645113445674]],[[-121.97021162748038,36.6057150107667],[-121.96998800627874,36.60571307805183],[-121.96998561047698,36.60589324721515],[-121.96953836709781,36.60588938050159],[-121.96953597023489,36.60606954963408],[-121.9690887259012,36.60606568121718],[-121.96909112380395,36.60588551210995],[-121.96931474544022,36.605887446515524],[-121.96931954014197,36.60552710825903],[-121.96909591954554,36.60552517387871],[-121.96886750218901,36.60588357728485],[-121.96864388059542,36.605881642040245],[-121.96863908268891,36.60624198019857],[-121.96886270532235,36.60624391546846],[-121.96886030685705,36.60642408455187],[-121.96863668370368,36.60642214926935],[-121.96863428469716,36.60660231833452],[-121.9693051557811,36.60660812296139],[-121.96930995065325,36.60624778474965],[-121.96975479968387,36.606431821486666],[-121.96975719606947,36.60625165235275],[-121.97020444157094,36.60625551827775],[-121.97021162748038,36.6057150107667]],[[-121.97020204622524,36.60643568743691],[-121.9704256695279,36.606437619782724],[-121.97042806435367,36.60625745061096],[-121.97020444157094,36.60625551827775],[-121.97020204622524,36.60643568743691]],[[-121.96706891958192,36.606588759521635],[-121.96751616665088,36.606592635565804],[-121.96729734733667,36.606230359769285],[-121.96707372485271,36.60622842156273],[-121.96706891958192,36.606588759521635]],[[-121.96730695554244,36.6055096837337],[-121.96708333513817,36.60550774557777],[-121.96708573765618,36.60532757656753],[-121.96641487813135,36.605321759620644],[-121.96641247405364,36.6055019285929],[-121.96685971475529,36.60550580700232],[-121.96685490861542,36.60586614498067],[-121.96640766583413,36.60586226652061],[-121.96640285752919,36.60622260442596],[-121.96707372485271,36.60622842156273],[-121.96730695554244,36.6055096837337]],[[-121.9733351624662,36.60628253276591],[-121.97311153940684,36.60628060588653],[-121.97312109354097,36.605559928538796],[-121.97289747258256,36.60555800129022],[-121.97266907254114,36.60591641225685],[-121.97289269451811,36.60591833995011],[-121.97288791636876,36.60627867858763],[-121.97266429335191,36.60627675086918],[-121.97266190372547,36.606456920166956],[-121.97333277439954,36.606462702101425],[-121.9733351624662,36.60628253276591]],[[-121.96507315965934,36.605310114400126],[-121.96506834524368,36.605670452186985],[-121.9652919659753,36.60567239413119],[-121.9652895592553,36.60585256302889],[-121.96506593800375,36.605850621072],[-121.96506112345975,36.60621095882528],[-121.96528474575115,36.606212900807535],[-121.96551318052825,36.60585450456627],[-121.96573680182263,36.60585644568413],[-121.96574161316161,36.605496107832415],[-121.96551799290707,36.6054941667399],[-121.96552039906439,36.60531399781833],[-121.96507315965934,36.605310114400126]],[[-121.96619125833251,36.605319819799334],[-121.965972448726,36.604957541647885],[-121.96552521131493,36.6049536599584],[-121.96552039906439,36.60531399781833],[-121.96619125833251,36.605319819799334]],[[-121.97378956960169,36.6057458771505],[-121.97356594805963,36.60574395114788],[-121.97356356057657,36.60592412051277],[-121.97378718263855,36.60592604652794],[-121.97378956960169,36.6057458771505]],[[-121.97155335513759,36.60572659824615],[-121.9717769764883,36.605728528024414],[-121.97177936810947,36.605548358754625],[-121.97155574727869,36.605546428988966],[-121.97155335513759,36.60572659824615]],[[-121.97200298896155,36.60555028810077],[-121.9720053800416,36.6053701188128],[-121.97178175970942,36.60536818947925],[-121.97177936810947,36.605548358754625],[-121.97200298896155,36.60555028810077]],[[-121.97155813939852,36.60536625972618],[-121.97133451910892,36.60536432955361],[-121.97133212646915,36.60554449880378],[-121.97155574727869,36.605546428988966],[-121.97155813939852,36.60536625972618]],[[-121.96999279781845,36.605352739708394],[-121.96954555755877,36.60534887307057],[-121.96954316075973,36.605529042219835],[-121.96999040205924,36.60553290888291],[-121.96999279781845,36.605352739708394]],[[-121.96865347615267,36.60516096565645],[-121.96842985666005,36.60515903004286],[-121.96842505788425,36.60551936822066],[-121.96864867841668,36.60552130385953],[-121.96865347615267,36.60516096565645]],[[-121.96932912928992,36.6048064316789],[-121.96888189227757,36.60480256259979],[-121.96887949398275,36.60498273172796],[-121.96932673203486,36.60498660083232],[-121.96932912928992,36.6048064316789]],[[-121.96553002347996,36.60459332207608],[-121.96530640584629,36.604591380627426],[-121.96530399925459,36.6047715495587],[-121.96552761740813,36.60477349102003],[-121.96553002347996,36.60459332207608]],[[-121.96441193552579,36.60458361063785],[-121.96418831799923,36.604581667091715],[-121.96418590880809,36.604761835959586],[-121.96440952685454,36.604763779518414],[-121.96441193552579,36.60458361063785]],[[-121.96620328100016,36.604418974917465],[-121.96620087650935,36.604599143905034],[-121.9664244942286,36.60460108367569],[-121.96642689819954,36.60442091467546],[-121.96620328100016,36.604418974917465]],[[-121.96665051542031,36.60442285401395],[-121.96665532225833,36.60406251597139],[-121.96643170607729,36.60406057665822],[-121.96642689819954,36.60442091467546],[-121.96665051542031,36.60442285401395]],[[-121.96508519532425,36.604409269835074],[-121.96553242953038,36.60441315312651],[-121.96553964755347,36.60387264624427],[-121.96509482347122,36.6036885940823],[-121.9650996374164,36.603328256172354],[-121.96554927128498,36.60315197032295],[-121.96554686538417,36.60333213931167],[-121.96577047940016,36.60333408025212],[-121.96577529014071,36.602973742243734],[-121.9662225161575,36.6029776228155],[-121.96623213322351,36.60225694663024],[-121.96600852228376,36.60225500660475],[-121.96600611752946,36.60243517564679],[-121.96555889467447,36.60243129431208],[-121.96533047058742,36.60278969100681],[-121.96510685817375,36.60278774926544],[-121.9651020443569,36.60314808720898],[-121.96487843092498,36.60314614502278],[-121.9648663934093,36.60404698972028],[-121.9646427773995,36.604045047051194],[-121.96463796120376,36.60440538486565],[-121.96508278823403,36.60458943875927],[-121.96508519532425,36.604409269835074]],[[-121.9742558993729,36.604308372474996],[-121.97403228194759,36.60430644741197],[-121.97402989567397,36.60448661684675],[-121.97425351361917,36.60448854192233],[-121.9742558993729,36.604308372474996]],[[-121.96754978719616,36.604070269029194],[-121.96732617092965,36.60406833139398],[-121.96732376908093,36.60424850045603],[-121.96754738586733,36.6042504381039],[-121.96754978719616,36.604070269029194]],[[-121.97180567454014,36.603566496417784],[-121.9715820594281,36.6035645667907],[-121.97157966752077,36.60374473610942],[-121.9718032831527,36.6037466657491],[-121.97180567454014,36.603566496417784]],[[-121.96890107786909,36.603361209373055],[-121.96867746355389,36.603359274305326],[-121.96867266624413,36.60371961262031],[-121.96889628159904,36.603721547713306],[-121.96890107786909,36.603361209373055]],[[-121.96644372539797,36.603159731517195],[-121.96622011183763,36.603157791847835],[-121.96599168855508,36.60351618978156],[-121.96643651386962,36.603700238618586],[-121.96644372539797,36.603159731517195]],[[-121.97247890981056,36.60339211340743],[-121.97225529515457,36.603390185051396],[-121.97225290482805,36.6035703544135],[-121.97247652000394,36.60357228278212],[-121.97247890981056,36.60339211340743]],[[-121.97024036920286,36.60355298021905],[-121.97046398418715,36.60355491236303],[-121.97046637867253,36.603374743101746],[-121.97024276420807,36.603372810970384],[-121.97024036920286,36.60355298021905]],[[-121.97024515919203,36.60319264171613],[-121.96979793136677,36.60318877622017],[-121.96979553534312,36.603368945449205],[-121.97024276420807,36.603372810970384],[-121.97024515919203,36.60319264171613]],[[-121.97113961509818,36.60320036767428],[-121.97091600108969,36.60319843681395],[-121.9709136076653,36.60337860610605],[-121.97113722219363,36.603380536978975],[-121.97113961509818,36.60320036767428]],[[-121.97450098297048,36.60268877172759],[-121.9747245957595,36.602690695838554],[-121.97471982669174,36.6030510348786],[-121.9751670544128,36.603054881892334],[-121.97516943791757,36.602874712349994],[-121.97494582456629,36.60287278906542],[-121.97495297651307,36.60233228044251],[-121.97472936474252,36.60233035677616],[-121.97450098297048,36.60268877172759]],[[-121.97473174920225,36.60215018723656],[-121.97495536045297,36.60215211089037],[-121.97496012826925,36.60179177176928],[-121.9745105229311,36.60196809363065],[-121.97450575299317,36.602328432690314],[-121.97472936474252,36.60233035677616],[-121.97473174920225,36.60215018723656]],[[-121.96757379931114,36.60226857797447],[-121.96735018824312,36.60226664046575],[-121.96734778660777,36.602446809583746],[-121.96690056349615,36.602442933282624],[-121.96689816079983,36.602623102369726],[-121.96734538495112,36.602626978696165],[-121.96711696844777,36.602985378925396],[-121.96756419472118,36.6029892544635],[-121.96757379931114,36.60226857797447]],[[-121.97405614351773,36.602504752756545],[-121.97383253131223,36.602502827399746],[-121.97383014473078,36.60268299687789],[-121.9740537574561,36.602684922247256],[-121.97405614351773,36.602504752756545]],[[-121.97025952864882,36.60211162607306],[-121.97003591784458,36.60210969361053],[-121.9700311270711,36.602470032155345],[-121.9698075152485,36.60246809924811],[-121.96980511931,36.60264826849952],[-121.97025234401617,36.60265213391976],[-121.97025952864882,36.60211162607306]],[[-121.96668416149278,36.60190048724597],[-121.96646055154987,36.60189854808473],[-121.96645574418469,36.60225888623627],[-121.96667935516722,36.60226082542284],[-121.96668416149278,36.60190048724597]],[[-121.9686990503929,36.60173775161095],[-121.96824943169149,36.601914049629876],[-121.96824703217811,36.602094218809654],[-121.96869425346675,36.602098090026644],[-121.9686990503929,36.60173775161095]],[[-121.96802582159903,36.60191211340483],[-121.96780221152791,36.60191017676034],[-121.9677998109749,36.60209034591483],[-121.96802342156582,36.60209228257197],[-121.96802582159903,36.60191211340483]],[[-121.96937467308902,36.601383216700846],[-121.9691510644493,36.601381282610966],[-121.9691486670791,36.60156145185807],[-121.96937227623863,36.60156338596056],[-121.96937467308902,36.601383216700846]],[[-121.97385162320053,36.60106147137326],[-121.9736280151748,36.60105954569756],[-121.97362562824317,36.601239715207875],[-121.97384923678871,36.601241640896134],[-121.97385162320053,36.60106147137326]],[[-121.96669617693303,36.60099964170593],[-121.96647256958914,36.60099770260799],[-121.966470166024,36.60117787171452],[-121.96669377388768,36.60117981082512],[-121.96669617693303,36.60099964170593]],[[-121.97564048817037,36.60107686167866],[-121.97586409638704,36.601078783579325],[-121.97586647809949,36.600898613937815],[-121.97564287040262,36.6008966920497],[-121.97564048817037,36.60107686167866]],[[-121.97565001697238,36.60035618312925],[-121.97542641085609,36.60035426085934],[-121.97541926272697,36.60089476974215],[-121.97564287040262,36.6008966920497],[-121.97565001697238,36.60035618312925]],[[-121.97096625808987,36.59941488038763],[-121.9711898611825,36.59941681098323],[-121.97118746872438,36.599596980405416],[-121.971634676013,36.59960084036356],[-121.9714062884176,36.599959249446975],[-121.97229831740009,36.600147135577004],[-121.97229592745583,36.600327305039805],[-121.97274075018939,36.60051133038677],[-121.97273836124222,36.60069149986355],[-121.97296196814341,36.60069342719186],[-121.9729595796948,36.60087359667563],[-121.97318318713702,36.60087552359709],[-121.97318796297341,36.60051518459879],[-121.97363756268923,36.60033886760037],[-121.97363994951482,36.60015869806208],[-121.97386355494163,36.60016062367491],[-121.97386832748965,36.599800284556416],[-121.97431315110398,36.599984304060676],[-121.97454152546175,36.59962588919757],[-121.9740943176206,36.59962204014447],[-121.97387548615269,36.59925977583673],[-121.97365188332472,36.59925785028676],[-121.97364949660513,36.59943801985302],[-121.97297868668936,36.599432240648866],[-121.97298107496817,36.599252071120354],[-121.97253386950338,36.59924821624565],[-121.97253148018505,36.599428385748986],[-121.97208427376577,36.59942452917143],[-121.97208666412364,36.59924435969325],[-121.97163945882895,36.599240501463186],[-121.9716442415599,36.59888016254046],[-121.97142063998395,36.598878232821505],[-121.97119225361934,36.59923664155546],[-121.97096865104648,36.59923471097246],[-121.97096625808987,36.59941488038763]],[[-121.9709734368959,36.59887437212534],[-121.97074983538381,36.598872441148146],[-121.9707450484949,36.59923277997004],[-121.97096865104648,36.59923471097246],[-121.9709734368959,36.59887437212534]],[[-121.96692699174687,36.60046107295528],[-121.96715059757416,36.60046301117637],[-121.96715780327132,36.599922503658895],[-121.96693419900338,36.59992056547578],[-121.96694621067061,36.5990197195647],[-121.9667226090228,36.59901778102544],[-121.96669857995701,36.60081947258114],[-121.96692218680249,36.600821411246976],[-121.96692699174687,36.60046107295528]],[[-121.97206993117274,36.60050554592295],[-121.9718463248764,36.600503616929466],[-121.9718439338501,36.600683786355894],[-121.97206754066623,36.60068571536197],[-121.97206993117274,36.60050554592295]],[[-121.97498873338772,36.59962973657295],[-121.97476512941414,36.59962781309497],[-121.97476036106663,36.59998815232517],[-121.97498396607978,36.59999007582827],[-121.97498873338772,36.59962973657295]],[[-121.96985542954845,36.59886471304521],[-121.96963182814287,36.59886277997095],[-121.96962943211034,36.59904294932162],[-121.96985303403565,36.59904488240851],[-121.96985542954845,36.59886471304521]],[[-121.97678946304883,36.598744260559435],[-121.97634225998127,36.598740420020256],[-121.97633987956225,36.59892058975396],[-121.9767870836693,36.59892443031822],[-121.97678946304883,36.598744260559435]],[[-121.97746740114319,36.59820950879992],[-121.97724380109453,36.598207590035855],[-121.9772461793501,36.598027420229634],[-121.97657538089027,36.59802166145862],[-121.97657776068387,36.597841491684406],[-121.9763541617593,36.5978395712678],[-121.97634702075595,36.59838008053604],[-121.97679660106071,36.598203751249514],[-121.97679184240727,36.598564090795065],[-121.97746264560816,36.59856984842064],[-121.97746740114319,36.59820950879992]],[[-121.97344021639643,36.59835507646511],[-121.97343782926315,36.59853524604675],[-121.97366142999094,36.59853717196584],[-121.97366381660447,36.59835700237162],[-121.97344021639643,36.59835507646511]],[[-121.97388741683375,36.598358927858726],[-121.97389218895779,36.59799858862837],[-121.97366858976794,36.59799666316642],[-121.97366381660447,36.59835700237162],[-121.97388741683375,36.598358927858726]],[[-121.97143738251111,36.59761704650393],[-121.97143499078527,36.597797215994646],[-121.97165858924285,36.59779914563801],[-121.971660980449,36.59761897613468],[-121.97143738251111,36.59761704650393]],[[-121.97188457840814,36.59762090534606],[-121.97188696907332,36.59744073582454],[-121.97166337163388,36.597438806625775],[-121.971660980449,36.59761897613468],[-121.97188457840814,36.59762090534606]],[[-121.97389934698482,36.597458079740896],[-121.97367574935413,36.59745615431665],[-121.9736733628466,36.59763632393882],[-121.97389696099702,36.59763824937564],[-121.97389934698482,36.597458079740896]],[[-121.96942979477097,36.59723932218313],[-121.96920619808552,36.597237388383675],[-121.96920380120515,36.59741755775946],[-121.96942739841032,36.59741949157152],[-121.96942979477097,36.59723932218313]],[[-121.97390411889685,36.59709774045459],[-121.97368052230557,36.597095815055496],[-121.97367813584046,36.597275984688864],[-121.97390173295145,36.597277910100544],[-121.97390411889685,36.59709774045459]],[[-121.97815483420933,36.596954073464],[-121.97793123773519,36.596952156045795],[-121.97792886116554,36.59713232592315],[-121.97815245815936,36.59713424335387],[-121.97815483420933,36.596954073464]],[[-121.97704398786884,36.59640397266382],[-121.97682039305955,36.596402053186274],[-121.97681087651367,36.59712273247867],[-121.97703447340172,36.59712465200634],[-121.97704398786884,36.59640397266382]],[[-121.97212012690358,36.59672198641159],[-121.97189653152166,36.59672005768258],[-121.97189175033996,36.59708039676474],[-121.97211534676129,36.59708232551894],[-121.97212012690358,36.59672198641159]],[[-121.97637796372928,36.59603787334345],[-121.97637082336034,36.59657838277948],[-121.97659441864698,36.59658030310831],[-121.97660155745687,36.596039793634674],[-121.97637796372928,36.59603787334345]],[[-121.97682515120567,36.59604171350652],[-121.97682753024701,36.59586154365825],[-121.97660393701793,36.59585962379894],[-121.97660155745687,36.596039793634674],[-121.97682515120567,36.59604171350652]],[[-121.97660631655779,36.59567945395762],[-121.97638272386953,36.59567753369147],[-121.97638034380998,36.595857703520245],[-121.97660393701793,36.59585962379894],[-121.97660631655779,36.59567945395762]],[[-121.97056214064433,36.59616796806317],[-121.9705597470098,36.596348137548205],[-121.97078334122467,36.596350068768274],[-121.97078573433956,36.59616989927063],[-121.97056214064433,36.59616796806317]],[[-121.97100932805607,36.596171830058715],[-121.97101411318269,36.5958114910214],[-121.97079052050552,36.59580956025852],[-121.97078573433956,36.59616989927063],[-121.97100932805607,36.596171830058715]],[[-121.97190609363017,36.59599937945111],[-121.97145890708754,36.59599552083572],[-121.97145651555293,36.59617569037679],[-121.97190370313491,36.59617954901736],[-121.97190609363017,36.59599937945111]],[[-121.97437516003797,36.595299892976286],[-121.97415156860099,36.595297968541615],[-121.97414918338718,36.59547813825608],[-121.97437277534385,36.5954800627033],[-121.97437516003797,36.595299892976286]],[[-121.97170640932927,36.594195754508824],[-121.97148282126503,36.594193825117415],[-121.9714780385995,36.59455416430583],[-121.97170162770298,36.59455609372242],[-121.97170640932927,36.594195754508824]],[[-121.97193477791684,36.5938373442197],[-121.97171119087058,36.593835415272835],[-121.97170880011055,36.594015584893626],[-121.97193238767643,36.59401751385308],[-121.97193477791684,36.5938373442197]],[[-121.97015565951905,36.59310122271729],[-121.96970609459375,36.593277527325476],[-121.96970369922104,36.59345769684956],[-121.9701508708733,36.59346156182153],[-121.97015565951905,36.59310122271729]],[[-121.97150434220826,36.59257229849271],[-121.97128075884169,36.59257036879538],[-121.97127836719118,36.592750538430124],[-121.97150195107733,36.592752468140056],[-121.97150434220826,36.59257229849271]]]},"properties":{"id":"usgs-OffshoreMonterey-8ca813f1-006","block_id":"OffshoreMonterey","source_url":"https://cmgds.marine.usgs.gov/data/csmp/OffshoreMonterey/data/SeafloorCharacter_2m_OffshoreMonterey.zip","metadata_url":"https://cmgds.marine.usgs.gov/data/csmp/OffshoreMonterey/metadata/SeafloorCharacter_2m_OffshoreMonterey_metadata.xml","source_file_sha256":"8ca813f1fbfd7afb231914d7a9ebdb5667559bf0172a2024f3d45e9180d94e08","source_metadata_sha256":"3ed18fdaac9509ed23dac4fb976da9cd77c0d1509e4a6d28a090ce2b65e341db","source_year":"2016","source_class":"Class 3 \u00b7 hard, rugose rock/boulder","approx_original_area_m2":2747977,"display_resolution_m":20,"fishing_target":false,"exportable":false,"depth_qualified":false,"fish_confirmed":false,"mpa_screened_at":"2026-09-23T20:44:08Z"}},{"type":"Feature","geometry":{"type":"Polygon","coordinates":[[[-121.94530691518973,36.64441798696491],[-121.94530200184415,36.64477832010805],[-121.94552573416365,36.64478030094659],[-121.94552082177258,36.645140634093174],[-121.94507335507178,36.64513667194427],[-121.94505861112366,36.646217671094405],[-121.9446111382592,36.64621370710988],[-121.94460867981621,36.646393873589425],[-121.94438494289587,36.64639189095405],[-121.94438002490246,36.64675222387043],[-121.94415628696208,36.64675024078904],[-121.94416120599739,36.64638990789854],[-121.94410847638588,36.64638944024105],[-121.94474087847057,36.64477335013277],[-121.94485453727067,36.644774357170675],[-121.94485699499619,36.64459419062777],[-121.94530691518973,36.64441798696491]]]},"properties":{"id":"usgs-OffshoreMonterey-8ca813f1-007","block_id":"OffshoreMonterey","source_url":"https://cmgds.marine.usgs.gov/data/csmp/OffshoreMonterey/data/SeafloorCharacter_2m_OffshoreMonterey.zip","metadata_url":"https://cmgds.marine.usgs.gov/data/csmp/OffshoreMonterey/metadata/SeafloorCharacter_2m_OffshoreMonterey_metadata.xml","source_file_sha256":"8ca813f1fbfd7afb231914d7a9ebdb5667559bf0172a2024f3d45e9180d94e08","source_metadata_sha256":"3ed18fdaac9509ed23dac4fb976da9cd77c0d1509e4a6d28a090ce2b65e341db","source_year":"2016","source_class":"Class 3 \u00b7 hard, rugose rock/boulder","approx_original_area_m2":1726831,"display_resolution_m":20,"fishing_target":false,"exportable":false,"depth_qualified":false,"fish_confirmed":false,"mpa_screened_at":"2026-09-23T20:44:08Z"}},{"type":"Feature","geometry":{"type":"Polygon","coordinates":[[[-121.94485699499619,36.64459419062777],[-121.94481114543588,36.644593784393926],[-121.9448586567613,36.64447237021],[-121.94485699499619,36.64459419062777]]]},"properties":{"id":"usgs-OffshoreMonterey-8ca813f1-008","block_id":"OffshoreMonterey","source_url":"https://cmgds.marine.usgs.gov/data/csmp/OffshoreMonterey/data/SeafloorCharacter_2m_OffshoreMonterey.zip","metadata_url":"https://cmgds.marine.usgs.gov/data/csmp/OffshoreMonterey/metadata/SeafloorCharacter_2m_OffshoreMonterey_metadata.xml","source_file_sha256":"8ca813f1fbfd7afb231914d7a9ebdb5667559bf0172a2024f3d45e9180d94e08","source_metadata_sha256":"3ed18fdaac9509ed23dac4fb976da9cd77c0d1509e4a6d28a090ce2b65e341db","source_year":"2016","source_class":"Class 3 \u00b7 hard, rugose rock/boulder","approx_original_area_m2":1726831,"display_resolution_m":20,"fishing_target":false,"exportable":false,"depth_qualified":false,"fish_confirmed":false,"mpa_screened_at":"2026-09-23T20:44:08Z"}},{"type":"Feature","geometry":{"type":"Polygon","coordinates":[[[-121.94708940847366,36.64497432172006],[-121.94641820955923,36.64496838672752],[-121.94642802583246,36.644247720182825],[-121.94620429498823,36.64424574106342],[-121.94621165852685,36.6437052411348],[-121.94598792926709,36.64370326163408],[-121.94599774909673,36.642982595035825],[-121.94534097439917,36.64323981772085],[-121.94555416083959,36.642695024296046],[-121.94555275075427,36.64279846823977],[-121.94600020399962,36.642802428372256],[-121.94579000954924,36.64209231792308],[-121.94734077006635,36.63812938232775],[-121.94740630283542,36.63812996145446],[-121.94740867148096,36.6379558617035],[-121.94776237658752,36.63705197580907],[-121.94786842991134,36.637052912602364],[-121.947865979872,36.63723307954849],[-121.94808969055781,36.63723505522433],[-121.94808479145523,36.63759538912554],[-121.94853221497506,36.6375993392688],[-121.94853466349576,36.63741917229522],[-121.94831095224569,36.637417197446474],[-121.94831585026331,36.63705686350826],[-121.94809214007643,36.637054888265304],[-121.94832074819385,36.63669652954764],[-121.94809703904839,36.636694554330475],[-121.94809948850174,36.63651438735466],[-121.9479731801506,36.63651327177674],[-121.94902720025361,36.6338197457691],[-121.9490310310807,36.633819779569144],[-121.94879753980979,36.63453847417849],[-121.94924739234618,36.634362254256345],[-121.94924983891343,36.63418208714327],[-121.94947354087851,36.634184060080266],[-121.94946864876351,36.63454439432657],[-121.95036590499227,36.6343721148063],[-121.95036346100648,36.63455228197812],[-121.95125827359735,36.63456016291052],[-121.95125583167243,36.63474033012818],[-121.95170323913953,36.6347442681004],[-121.95170568002317,36.63456410085704],[-121.95192938326866,36.634566069200375],[-121.951924502521,36.63492640370719],[-121.95214820682948,36.634928371656265],[-121.95215308653586,36.63456803712376],[-121.95237678982478,36.63457000462721],[-121.95237435050308,36.6347501719091],[-121.9534928698763,36.63476000319127],[-121.95349043313617,36.63494017053172],[-121.95393784207856,36.634944100130575],[-121.95392079158086,36.636205271536504],[-121.95369708345413,36.63620330685729],[-121.95369221064719,36.636563641468655],[-121.95346850150075,36.63656167634382],[-121.9532301671871,36.63764071434474],[-121.95300645495978,36.63763874830296],[-121.95301133115082,36.637278413835794],[-121.95278761998662,36.637276447399685],[-121.95279005857036,36.63709628017053],[-121.95301376921384,36.637098246593794],[-121.95302352124932,36.63637757756984],[-121.95279981268864,36.6363756111979],[-121.95279493567283,36.63673594569542],[-121.95257122609246,36.63673397887784],[-121.95256878703135,36.63691414610536],[-121.9521213668943,36.636910211184585],[-121.95234019772334,36.63727251326752],[-121.95256390884414,36.637274480543596],[-121.95255659140076,36.63781498215895],[-121.95278030410543,36.63781694905356],[-121.95277542674293,36.63817728346145],[-121.95322529195087,36.63800104881517],[-121.95322285430026,36.638181216041986],[-121.95344656811145,36.63818318170225],[-121.95343681937544,36.63890385060482],[-121.95298694932912,36.639080085947626],[-121.95320579013958,36.63944238647287],[-121.95298207270478,36.63944042030278],[-121.95297963436015,36.63962058747197],[-121.95275591642627,36.639618620869015],[-121.95276079413547,36.639258286550735],[-121.95231092053064,36.63943451927239],[-121.95230848062369,36.63961468640305],[-121.95208476275492,36.639612718540036],[-121.95186592678321,36.63925041604144],[-121.95141849323737,36.63924647826669],[-121.95142093518403,36.6390663111762],[-121.95097105977847,36.63924253881186],[-121.95096861676856,36.63942270587102],[-121.95163976855184,36.6394286144618],[-121.9516348855916,36.63978894864046],[-121.95185860393771,36.639790917356365],[-121.9518561629458,36.63997108445015],[-121.95230360074468,36.639975020647576],[-121.9523011607727,36.640155187761444],[-121.95274616074789,36.640339289438366],[-121.95274372177411,36.64051945656671],[-121.95229384072661,36.64069568906941],[-121.95229628076366,36.640515521972354],[-121.95207256029099,36.640513554045114],[-121.95206523855238,36.64105405528096],[-121.95184151653902,36.64105208689516],[-121.95183907539531,36.64123225394972],[-121.95139163039212,36.641228315892256],[-121.95139407257747,36.6410481488634],[-121.95094662870281,36.64104420915146],[-121.95116546519527,36.64140651324386],[-121.95071801928084,36.6414025726404],[-121.95048940771049,36.64176093563543],[-121.95026568376598,36.64175896425785],[-121.95025590413051,36.64247963199286],[-121.95003217812442,36.64247766014375],[-121.9500297326404,36.64265782705062],[-121.94958227965179,36.64265388206643],[-121.94957738653513,36.64301421581191],[-121.94935365903177,36.64301224266396],[-121.94935121191997,36.6431924095154],[-121.94890375593687,36.64318846193352],[-121.94912258858697,36.64355076959484],[-121.9488988595646,36.643548795568094],[-121.94889396310529,36.64390912918025],[-121.94934142325538,36.64391307686518],[-121.9493365287926,36.644273410506464],[-121.94888906655896,36.644269462770005],[-121.94888661825318,36.644449629556476],[-121.94933408152859,36.6444535773187],[-121.94933163424285,36.64463374412533],[-121.94888416992562,36.64462979633735],[-121.94865554003755,36.64498815533236],[-121.94798434066506,36.644982229162004],[-121.94776550951389,36.644619919515655],[-121.94754177749692,36.644617942891024],[-121.94753932602221,36.64479810958893],[-121.94709186101194,36.64479415505357],[-121.94708940847366,36.64497432172006]],[[-121.95207744134161,36.64015321985989],[-121.95207500082714,36.64033338695529],[-121.95229872077901,36.64033535486969],[-121.9523011607727,36.640155187761444],[-121.95207744134161,36.64015321985989]],[[-121.9516177945474,36.64105011808929],[-121.95162023619022,36.64086995104198],[-121.95139651474109,36.640867981828926],[-121.95139407257747,36.6410481488634],[-121.9516177945474,36.64105011808929]],[[-121.94958717268149,36.64229354829857],[-121.94936344726153,36.64229157520213],[-121.94935855319014,36.64265190894424],[-121.94958227965179,36.64265388206643],[-121.94958717268149,36.64229354829857]],[[-121.9473204974756,36.64443579915567],[-121.94709676602318,36.64443382170375],[-121.94709921849612,36.644253655020435],[-121.94732294942764,36.64425563245946],[-121.94732540135789,36.644075465757645],[-121.94687794055842,36.644071510485325],[-121.94686812853955,36.64479217715573],[-121.94709186101194,36.64479415505357],[-121.9473204974756,36.64443579915567]],[[-121.94688039350864,36.6438913438037],[-121.94665666366254,36.64388936555031],[-121.94665421019141,36.64406953221902],[-121.94687794055842,36.644071510485325],[-121.94688039350864,36.6438913438037]],[[-121.94799414235311,36.64426156225597],[-121.94777041135616,36.644259586077226],[-121.94776796044592,36.644439752799244],[-121.94799169196376,36.64444172899088],[-121.94799414235311,36.64426156225597]],[[-121.94800639397333,36.64336072849736],[-121.94823012238771,36.64336270419154],[-121.94823257212559,36.64318253741012],[-121.94800884423206,36.643180561728826],[-121.94800639397333,36.64336072849736]],[[-121.948011294469,36.64300039495469],[-121.94778756711817,36.64299841886623],[-121.94778511636035,36.64317858562745],[-121.94800884423206,36.643180561728826],[-121.948011294469,36.64300039495469]],[[-121.94734011248188,36.64299446542907],[-121.94689265793285,36.64299051031162],[-121.94688775222856,36.64335084372526],[-121.94733520886102,36.64335479889434],[-121.94734011248188,36.64299446542907]],[[-121.94690492181222,36.64208967667944],[-121.94623374796505,36.6420837410464],[-121.94622883935364,36.6424440744386],[-121.94667629064662,36.64244803199901],[-121.94690492181222,36.64208967667944]],[[-121.94825216924491,36.64174120295704],[-121.94735482282162,36.64191346489879],[-121.94735972609394,36.641553131343876],[-121.94713600297521,36.641551154098416],[-121.94712619426015,36.64227182113422],[-121.94757364468603,36.64227577530831],[-121.94757609585582,36.64209560853195],[-121.94779982058061,36.642097584976],[-121.94779736993168,36.64227775176526],[-121.9482448204884,36.64228170341897],[-121.94825216924491,36.64174120295704]],[[-121.94914951182854,36.64156893418567],[-121.94892578853545,36.641566960300636],[-121.94892334055595,36.64174712717114],[-121.94914706436985,36.641749101069074],[-121.94914951182854,36.64156893418567]],[[-121.95049674064653,36.641220434736766],[-121.9496018512489,36.64121254686051],[-121.94982068183846,36.641574853320485],[-121.95026812862055,36.64157879731009],[-121.95049674064653,36.641220434736766]],[[-121.94691718514677,36.6411888429072],[-121.94669346311332,36.641186864847455],[-121.94668855680325,36.64154719834735],[-121.94691227987833,36.641549176432896],[-121.94691718514677,36.6411888429072]],[[-121.94826441673715,36.64084036874178],[-121.94804069561444,36.6408383932281],[-121.94803579564123,36.64119872690523],[-121.94825951780552,36.6412007024447],[-121.94826441673715,36.64084036874178]],[[-121.94737198389353,36.64065229735854],[-121.94714826337885,36.640650320177606],[-121.9471458113417,36.640830486972966],[-121.94736953237717,36.64083246416681],[-121.94737198389353,36.64065229735854]],[[-121.94961408279065,36.64031171217472],[-121.94961163652577,36.64049187912309],[-121.94983535675934,36.64049385167073],[-121.94983780250342,36.6403136847095],[-121.94961408279065,36.64031171217472]],[[-121.95006152223796,36.640315656824235],[-121.95006396743952,36.640135489844525],[-121.94984024822578,36.64013351774266],[-121.94983780250342,36.6403136847095],[-121.95006152223796,36.640315656824235]],[[-121.9498451396053,36.63977318379219],[-121.94939770332624,36.639769238379856],[-121.9496165290338,36.640131545220775],[-121.94984024822578,36.64013351774266],[-121.9498451396053,36.63977318379219]],[[-121.95051629418708,36.63977909876047],[-121.95029257597142,36.639777127524404],[-121.950287686675,36.64013746152637],[-121.95073512521124,36.64014140362994],[-121.95051629418708,36.63977909876047]],[[-121.95075467354327,36.638700067281874],[-121.95053095843042,36.638698096543],[-121.95075956040918,36.63833973313883],[-121.95008841826034,36.63833381973936],[-121.95052607043617,36.639058430637895],[-121.95097350276664,36.63906237174707],[-121.95075467354327,36.638700067281874]],[[-121.95299670231776,36.63835941717011],[-121.95254927376236,36.638355483723885],[-121.95254439522834,36.63871581807252],[-121.95276811053672,36.638717785031304],[-121.95299670231776,36.63835941717011]],[[-121.94874368644132,36.638502148558786],[-121.94851997204509,36.638500174052716],[-121.94851752339382,36.63868034099269],[-121.9487412383108,36.63868231551166],[-121.94874368644132,36.638502148558786]],[[-121.951878131092,36.63834958040453],[-121.95165441691199,36.6383476117914],[-121.95165197557287,36.63852777891714],[-121.95187569027362,36.63852974754312],[-121.951878131092,36.63834958040453]],[[-121.95143070275368,36.63834564275827],[-121.95098327450229,36.63834170343198],[-121.95098083160093,36.638521870519156],[-121.95142826089382,36.638525809871155],[-121.95143070275368,36.63834564275827]],[[-121.94986714973754,36.63815168073774],[-121.94964343627392,36.638149708357446],[-121.94964099026984,36.63832987537303],[-121.94986470425421,36.6383318477662],[-121.94986714973754,36.63815168073774]],[[-121.94919845643577,36.63796559534141],[-121.94875103070237,36.637961647666586],[-121.94896984844738,36.638323955673506],[-121.94919356236643,36.63832592932668],[-121.94919845643577,36.63796559534141]],[[-121.9514380282031,36.63780514138601],[-121.95098816023987,36.63798136924083],[-121.95098571738191,36.63816153633921],[-121.95143314459187,36.63816547563979],[-121.9514380282031,36.63780514138601]],[[-121.95076933388047,36.63761906478555],[-121.95032190992532,36.637615123042146],[-121.95031946554862,36.63779529011314],[-121.95009575308292,36.63779331859859],[-121.9500933081638,36.63797348565111],[-121.95076444718825,36.6379793989734],[-121.95076933388047,36.63761906478555]],[[-121.95233775807651,36.63745268046541],[-121.9521140464567,36.637450712756504],[-121.95210916605657,36.637811047109764],[-121.9523328787178,36.637813014844355],[-121.95233775807651,36.63745268046541]],[[-121.94921069122863,36.637064760280225],[-121.9487632707024,36.63706081273421],[-121.94876571863718,36.636880645730926],[-121.94854200892742,36.63687867134083],[-121.94853711199475,36.63723900531601],[-121.94920824431354,36.63724492730367],[-121.94921069122863,36.637064760280225]],[[-121.95145023685158,36.63690430565353],[-121.9512265268808,36.63690233630323],[-121.95122408467377,36.63708250344806],[-121.95144779516528,36.637084472811225],[-121.95145023685158,36.63690430565353]],[[-121.95011775637774,36.63617181487374],[-121.94989404862015,36.636169843055],[-121.94989160337583,36.63635001014508],[-121.9501153116541,36.63635198197668],[-121.95011775637774,36.63617181487374]],[[-121.95302839713707,36.636017243024234],[-121.95280468961775,36.63601527667797],[-121.95280225116403,36.63619544394074],[-121.95302595920403,36.63619741029984],[-121.95302839713707,36.636017243024234]],[[-121.9525834210729,36.63583314265622],[-121.95191230027233,36.63582723987622],[-121.95213112717425,36.63618954234361],[-121.95235483514915,36.63619150996263],[-121.9525834210729,36.63583314265622]],[[-121.9507962091355,36.63563722635189],[-121.95057250287472,36.63563525583165],[-121.95057005925756,36.63581542297713],[-121.95079376603904,36.63581739351022],[-121.9507962091355,36.63563722635189]],[[-121.95012997967015,36.635270979274985],[-121.94968012372709,36.635447202451466],[-121.94967767804901,36.635627369551074],[-121.95012509041834,36.63563131353129],[-121.95012997967015,36.635270979274985]],[[-121.95348555959097,36.63530050519584],[-121.95326185411098,36.63529853974083],[-121.95325941678524,36.635478707051654],[-121.9534831227859,36.6354806725195],[-121.95348555959097,36.63530050519584]],[[-121.95102480050453,36.63527886209296],[-121.95124850576745,36.63528083174756],[-121.95125338972579,36.63492049734023],[-121.95080842429222,36.634736390476164],[-121.95080109526332,36.6352768920184],[-121.95057739004385,36.635274921523894],[-121.95057494647013,36.635455088680565],[-121.9510223579721,36.63545902927536],[-121.95102480050453,36.63527886209296]],[[-121.94924249914646,36.63472258846569],[-121.94901879564124,36.634720615070115],[-121.94901145411663,36.635261116303475],[-121.94923515918381,36.63526308973769],[-121.94924249914646,36.63472258846569]]]},"properties":{"id":"usgs-OffshoreMonterey-8ca813f1-009","block_id":"OffshoreMonterey","source_url":"https://cmgds.marine.usgs.gov/data/csmp/OffshoreMonterey/data/SeafloorCharacter_2m_OffshoreMonterey.zip","metadata_url":"https://cmgds.marine.usgs.gov/data/csmp/OffshoreMonterey/metadata/SeafloorCharacter_2m_OffshoreMonterey_metadata.xml","source_file_sha256":"8ca813f1fbfd7afb231914d7a9ebdb5667559bf0172a2024f3d45e9180d94e08","source_metadata_sha256":"3ed18fdaac9509ed23dac4fb976da9cd77c0d1509e4a6d28a090ce2b65e341db","source_year":"2016","source_class":"Class 3 \u00b7 hard, rugose rock/boulder","approx_original_area_m2":1726831,"display_resolution_m":20,"fishing_target":false,"exportable":false,"depth_qualified":false,"fish_confirmed":false,"mpa_screened_at":"2026-09-23T20:44:08Z"}},{"type":"Feature","geometry":{"type":"Polygon","coordinates":[[[-121.94532634350661,36.544412823287665],[-121.94554978626996,36.54441479944665],[-121.94554733910013,36.54459496906463],[-121.94599422572881,36.5445989201527],[-121.9459893333973,36.54495925942349],[-121.94553999746023,36.545135477885005],[-121.94553755020345,36.545315647480614],[-121.94540882974741,36.54531450831121],[-121.94367830217978,36.5411547917076],[-121.94402979802759,36.541157905090486],[-121.94402244674346,36.54169841395863],[-121.94446931648172,36.54170237049317],[-121.9446878535282,36.542064687427626],[-121.94513227754646,36.54224881116757],[-121.94512982960094,36.5424289808269],[-121.94535326664119,36.54243095726241],[-121.94534837172151,36.54279129659011],[-121.94557180982008,36.542793272632906],[-121.9455693628459,36.54297344230126],[-121.94579280148454,36.54297541793842],[-121.94601134820455,36.54333773252857],[-121.9462347879233,36.54333970735443],[-121.94622989693265,36.543700046729384],[-121.94645333770978,36.543702021162474],[-121.94644844766884,36.54406236054085],[-121.94577812229285,36.544056435908495],[-121.94578056887913,36.54387626626081],[-121.94555712764898,36.54387429055911],[-121.94555468054438,36.54405446019389],[-121.94533123881769,36.54405248406072],[-121.94532634350661,36.544412823287665]],[[-121.94533368644059,36.543872314438865],[-121.945110245254,36.54387033790004],[-121.94510779711274,36.544050507508985],[-121.94533123881769,36.54405248406072],[-121.94533368644059,36.543872314438865]]]},"properties":{"id":"usgs-OffshoreMonterey-8ca813f1-010","block_id":"OffshoreMonterey","source_url":"https://cmgds.marine.usgs.gov/data/csmp/OffshoreMonterey/data/SeafloorCharacter_2m_OffshoreMonterey.zip","metadata_url":"https://cmgds.marine.usgs.gov/data/csmp/OffshoreMonterey/metadata/SeafloorCharacter_2m_OffshoreMonterey_metadata.xml","source_file_sha256":"8ca813f1fbfd7afb231914d7a9ebdb5667559bf0172a2024f3d45e9180d94e08","source_metadata_sha256":"3ed18fdaac9509ed23dac4fb976da9cd77c0d1509e4a6d28a090ce2b65e341db","source_year":"2016","source_class":"Class 3 \u00b7 hard, rugose rock/boulder","approx_original_area_m2":842025,"display_resolution_m":20,"fishing_target":false,"exportable":false,"depth_qualified":false,"fish_confirmed":false,"mpa_screened_at":"2026-09-23T20:44:08Z"}},{"type":"Feature","geometry":{"type":"Polygon","coordinates":[[[-121.96047468437455,36.64797490578386],[-121.96025094174486,36.64797295287567],[-121.96024851957448,36.648153120203666],[-121.9606960058974,36.648157025625395],[-121.96069358474752,36.64833719297328],[-121.96091732846227,36.648339145066636],[-121.96091248713995,36.64869947977109],[-121.96046741936185,36.6485154077893],[-121.96046499764792,36.648695575113244],[-121.96024125293421,36.64869362215406],[-121.96024367516915,36.64851345484287],[-121.96001993099799,36.648511501476285],[-121.96001750824205,36.64869166877474],[-121.95979376357145,36.648689714975234],[-121.95978891695292,36.64905004952985],[-121.96023883067772,36.64887378945968],[-121.96023398610022,36.649234124054075],[-121.95956274739927,36.64922826254082],[-121.95956032351515,36.64940842979137],[-121.96000781700295,36.649412337912565],[-121.96000539413936,36.64959250518302],[-121.9593341523769,36.64958664233273],[-121.95933172792866,36.649766809559324],[-121.95910798019662,36.64976485442276],[-121.95911525503978,36.64922435276444],[-121.95867018871328,36.649040274102255],[-121.95867746642398,36.64849977245332],[-121.9589012104657,36.64850172834088],[-121.95890606112306,36.64814139385473],[-121.95912980414438,36.6481433492966],[-121.95913222891974,36.64796318203237],[-121.95868474394068,36.647959270753965],[-121.95869687270411,36.647058434476385],[-121.9595918323289,36.647066255097386],[-121.95959425593304,36.646886087774035],[-121.96004173483291,36.646889995538196],[-121.96004900239043,36.64634949345803],[-121.95960395013434,36.64616541842463],[-121.95960152661631,36.64634558577038],[-121.95937778876161,36.64634363129636],[-121.95915890002675,36.645981341756126],[-121.959382636818,36.64598329662477],[-121.95938506081389,36.64580312928056],[-121.95916132454359,36.64580117442468],[-121.95916374903886,36.645621007087655],[-121.96005626975423,36.64580899132746],[-121.95983737926268,36.64544670297576],[-121.95961364399109,36.645444748985625],[-121.95961606740146,36.645264581611855],[-121.95983980215209,36.64526653558924],[-121.95984464786639,36.644906200799454],[-121.96029211534868,36.644910107442875],[-121.96028969354414,36.64509027486608],[-121.96051342783853,36.64509222757038],[-121.96074200365838,36.64473384495161],[-121.96029695889321,36.644549772579694],[-121.96029938063319,36.6443696051397],[-121.95962818413025,36.64436374465912],[-121.9596378771257,36.64364307499613],[-121.95941414708474,36.64364112071342],[-121.95941899449504,36.64328078587383],[-121.95964272349427,36.643282740131035],[-121.95964514664624,36.64310257269008],[-121.95942141816788,36.64310061844563],[-121.95942626544898,36.642740283572444],[-121.95920253803392,36.642738328933426],[-121.95920496216301,36.64255816150119],[-121.95965483903885,36.642381902870305],[-121.95987372034378,36.64274419159025],[-121.96009744782353,36.64274614496906],[-121.9600998698692,36.64256597748581],[-121.9607710508751,36.64257183506351],[-121.9607662098874,36.642932170100856],[-121.96098993797416,36.64293412181208],[-121.96100203767789,36.64203328411304],[-121.96167321425457,36.64203913653528],[-121.96167563256832,36.641858968940475],[-121.96189935761608,36.641860918895034],[-121.9619041931374,36.64150058366319],[-121.96279908937684,36.64150837917902],[-121.96280150502199,36.64132821150385],[-121.96347267586481,36.64133405369199],[-121.9634823319809,36.64061338278272],[-121.96325861042843,36.64061143585755],[-121.96326343939938,36.64025110039475],[-121.96281599844205,36.64024720533511],[-121.96304454883669,36.63988881761514],[-121.96326826828451,36.639890764909524],[-121.96327309708387,36.639530429401916],[-121.96304937867762,36.63952848213296],[-121.96283049108946,36.6391661989648],[-121.963280340122,36.638989926098525],[-121.96327792579741,36.63917009387192],[-121.96350164318359,36.63917204069544],[-121.9635040569874,36.638991872909344],[-121.96372777387433,36.63899381930015],[-121.9637326003761,36.63863348368574],[-121.96328758296704,36.63844942274475],[-121.9632851687068,36.63862959053493],[-121.96239030562604,36.63862179919315],[-121.96238788926132,36.63880196692691],[-121.96216417302414,36.63880001802872],[-121.9621665899096,36.63861985030769],[-121.96194287421466,36.63861790100219],[-121.96217142361613,36.63825951484885],[-121.96261643718648,36.638443579906564],[-121.96262610026182,36.637722908842356],[-121.96217867401484,36.63771901161858],[-121.96217625723675,36.6378991793676],[-121.96195254362479,36.637897230113],[-121.96195737820098,36.63753689463482],[-121.96329965394645,36.637548583709815],[-121.96352819384609,36.637190194740406],[-121.96375190552557,36.637192141004185],[-121.96375914460285,36.636651637406246],[-121.96331413841389,36.63646757668315],[-121.96331896639812,36.6361072409628],[-121.96309525788583,36.636105293935294],[-121.96310250126335,36.63556479035091],[-121.96287879433457,36.63556284294156],[-121.96288845395361,36.63484217146819],[-121.96311215879972,36.634844118826706],[-121.96311457313017,36.63466395093167],[-121.96266957985107,36.63447988794486],[-121.96267199517993,36.634299720064035],[-121.96289569844258,36.63430166780438],[-121.96289811322933,36.63412149990524],[-121.96312181599285,36.63412344721293],[-121.9631266444607,36.63376311137244],[-121.96335034620441,36.633765058234765],[-121.9635692215843,36.63412734056846],[-121.96334551877783,36.634125394100664],[-121.96334310503235,36.63430556202521],[-121.96379051170804,36.63430945456625],[-121.96378568623535,36.63466979044937],[-121.96400939064671,36.634671736115365],[-121.96401421507808,36.634311400206855],[-121.96423791846959,36.6343133454275],[-121.96424033013248,36.63413317745215],[-121.96468773593858,36.634137066608226],[-121.96469255711753,36.63377673058996],[-121.96491625901149,36.6337786745127],[-121.9649186690482,36.63359850648249],[-121.96536607185918,36.63360239304277],[-121.96513755138939,36.6339607860528],[-121.96491384895336,36.63395884253732],[-121.96490661865046,36.63449934657758],[-121.96468291467396,36.63449740260409],[-121.96467809332363,36.63485773857756],[-121.96423068335233,36.63485384931996],[-121.96422585983368,36.63521418522027],[-121.96444956584995,36.63521613008444],[-121.96445197709932,36.635035962124384],[-121.96512309371477,36.635041794159044],[-121.96512550338072,36.634861626155335],[-121.96534920844142,36.63486356931428],[-121.96535884480856,36.634142897192724],[-121.96580865882606,36.63396661407958],[-121.96581106680166,36.63378644600425],[-121.96625847082531,36.63379032923037],[-121.96625606389098,36.633970497331056],[-121.96647976645558,36.63397243832687],[-121.96670828080632,36.633614042645114],[-121.96715568395999,36.63361792248638],[-121.96715327912956,36.6337980906433],[-121.96737698125914,36.633800029946684],[-121.96737938556892,36.633619861777106],[-121.96827419221854,36.6336276147406],[-121.96827178999126,36.63380778296078],[-121.9687191944856,36.633811656948176],[-121.96872159567161,36.6336314887027],[-121.96916899921013,36.63363536098504],[-121.96916419889935,36.63399569752095],[-121.96961160460582,36.63399956817406],[-121.96960920545973,36.63417973645887],[-121.96938550207517,36.63417780132966],[-121.96937830294702,36.63471830611265],[-121.96982811155081,36.63454200774624],[-121.97004701966058,36.63490427864176],[-121.96982331415072,36.63490234430196],[-121.9698209154187,36.63508251257142],[-121.969375903195,36.634898474362465],[-121.96937350342166,36.635078642606665],[-121.96892609151003,36.63507477096206],[-121.9689212898167,36.63543510738315],[-121.969371103627,36.63525881084528],[-121.96936390411506,36.63579931552755],[-121.96891408711667,36.63597561197282],[-121.96890688422468,36.636516116512105],[-121.96868317413539,36.63651417995874],[-121.96867837105933,36.636874516265],[-121.96822854625059,36.637050809967214],[-121.96800002833483,36.63740920831278],[-121.96755260314154,36.63740533129969],[-121.96755741155289,36.637044995153474],[-121.96733370002977,36.63704305604226],[-121.96732648581852,36.637583560215205],[-121.96755019890382,36.637585499364405],[-121.9675453903643,36.63794583547703],[-121.96709555678888,36.6381221247306],[-121.96708834063077,36.63866262876482],[-121.96664090831824,36.63865874821448],[-121.96663850184795,36.638838916189385],[-121.96686221851427,36.638840856687224],[-121.96685740655106,36.63920119264553],[-121.96618625349174,36.63919536981593],[-121.96618143831836,36.63955570567585],[-121.96662887575293,36.639559588032945],[-121.96662406257714,36.63991992392114],[-121.96617421539786,36.64009620942375],[-121.96616940001054,36.64045654522767],[-121.96594567872143,36.64045460335573],[-121.96616458453768,36.64081688100923],[-121.96571473108746,36.64099316465161],[-121.96570991340295,36.64135350034888],[-121.9652624657237,36.641349614377944],[-121.96525523591137,36.641890117805765],[-121.96480537417095,36.642066397851224],[-121.96480296312758,36.642246565618315],[-121.96457923675885,36.64224462109921],[-121.96434103745106,36.64332368249283],[-121.96345094834874,36.64295556291034],[-121.96344853407304,36.64313573057328],[-121.96322480522879,36.64313378347022],[-121.96321997557129,36.64349411875388],[-121.96277009996105,36.643670390844676],[-121.96276526809123,36.6440307260439],[-121.96343646237273,36.644036568803976],[-121.96343404796829,36.64421673643332],[-121.96298416858302,36.64439300925295],[-121.9629793375833,36.64475334443281],[-121.96253187062624,36.644749447897425],[-121.96252703745698,36.645109783004024],[-121.96230330296886,36.645107834080726],[-121.96230813717993,36.644747498999564],[-121.96208440375517,36.64474554968161],[-121.96207715084357,36.645286052256786],[-121.96252220420183,36.645470118088234],[-121.96251737086082,36.64583045315003],[-121.96206747999405,36.64600672227867],[-121.96206506222795,36.64618688977013],[-121.96161758710805,36.64618298967029],[-121.9616127494276,36.64654332458554],[-121.96138901085803,36.64654137387995],[-121.96137933315538,36.647262043592306],[-121.96115559252345,36.64726009241567],[-121.9611459123929,36.647980761987505],[-121.96092216969858,36.647978810339794],[-121.96092459028448,36.64779864296796],[-121.96047710600241,36.64779473843751],[-121.96047468437455,36.64797490578386]],[[-121.95935597144161,36.64796513704134],[-121.95935839567444,36.647784969758746],[-121.95913465367356,36.64778301476254],[-121.95913222891974,36.64796318203237],[-121.95935597144161,36.64796513704134]],[[-121.96005384732116,36.645989158709924],[-121.96027758419866,36.64599111189808],[-121.96028000611079,36.64581094450286],[-121.96005626975423,36.64580899132746],[-121.96005384732116,36.645989158709924]],[[-121.96027516226502,36.646171279287664],[-121.960498899685,36.64617323206841],[-121.9605013210977,36.64599306466609],[-121.96027758419866,36.64599111189808],[-121.96027516226502,36.646171279287664]],[[-121.96118947027121,36.6447377482087],[-121.96119430960546,36.64437741323239],[-121.96097057733007,36.64437546183937],[-121.96096815715279,36.64455562931759],[-121.96074442437806,36.64455367749172],[-121.96074200365838,36.64473384495161],[-121.96118947027121,36.6447377482087]],[[-121.9618655065607,36.64438326489086],[-121.96186792463287,36.64420309735613],[-121.96209165647343,36.644205047056026],[-121.96209890899837,36.643664544380044],[-121.96164902993551,36.643840812175306],[-121.96164661138542,36.644020979708515],[-121.96120156844556,36.64383691072596],[-121.96119914885371,36.644017078233695],[-121.96097541762012,36.64401512686615],[-121.96119430960546,36.64437741323239],[-121.9618655065607,36.64438326489086]],[[-121.96329482561904,36.63790891934058],[-121.9630711118996,36.63790697218598],[-121.96306386768539,36.638447475552034],[-121.96328758296704,36.63844942274475],[-121.96329482561904,36.63790891934058]],[[-121.96847387590783,36.63543123400814],[-121.96847147398779,36.63561140218501],[-121.96891888893803,36.6356152755853],[-121.9689212898167,36.63543510738315],[-121.96847387590783,36.63543123400814]],[[-121.96617903069958,36.639735873597424],[-121.96595531149363,36.63973393177615],[-121.96595290333269,36.639914099679444],[-121.9655054639435,36.63991021475147],[-121.96550305471956,36.64009038262381],[-121.96617421539786,36.64009620942375],[-121.96617903069958,36.639735873597424]],[[-121.96047952760877,36.64761457108557],[-121.96025578602105,36.647612618202864],[-121.9602533638937,36.647792785542066],[-121.96047710600241,36.64779473843751],[-121.96047952760877,36.64761457108557]],[[-121.96070326921803,36.64761652354813],[-121.9607056902819,36.64743635617784],[-121.9604819491936,36.647434403728035],[-121.96047952760877,36.64761457108557],[-121.96070326921803,36.64761652354813]],[[-121.96093427241293,36.64707797342466],[-121.96115801250235,36.647079925008704],[-121.96116285239562,36.646719590177995],[-121.96071295334438,36.64689585403338],[-121.96070811132422,36.64725618880195],[-121.96093185191309,36.647258140818884],[-121.96093427241293,36.64707797342466]],[[-121.96184857945389,36.64564443747725],[-121.96139868821675,36.64582070407799],[-121.9613962689093,36.646000871536884],[-121.96184374294427,36.64600477245153],[-121.96184857945389,36.64564443747725]],[[-121.96117737155934,36.64563858555146],[-121.96095363563757,36.645636634069284],[-121.96095121530975,36.645816801508296],[-121.96117495175247,36.6458187530032],[-121.96117737155934,36.64563858555146]],[[-121.96073474137027,36.645274347297644],[-121.96028727171809,36.645270442283675],[-121.9602824280014,36.64563077710207],[-121.9607298997373,36.64563468216701],[-121.96073474137027,36.645274347297644]],[[-121.96008291509753,36.643827149750926],[-121.95985918449256,36.643825196295644],[-121.95985676177536,36.64400536372695],[-121.9600804929012,36.64400731719497],[-121.96008291509753,36.643827149750926]],[[-121.96076136881366,36.64329250511579],[-121.96053763970667,36.64329055295901],[-121.96053279750514,36.64365088792607],[-121.96030906737796,36.643648935323725],[-121.96030664572406,36.643829102786114],[-121.96075410704172,36.64383300759621],[-121.96076136881366,36.64329250511579]],[[-121.96302039834471,36.64169049469016],[-121.96301798317748,36.64187066236688],[-121.9627942580222,36.641868714512626],[-121.96301315277866,36.64223099770349],[-121.96278942658168,36.64222904982383],[-121.96278459505531,36.642589385112636],[-121.96256086783815,36.642587436787466],[-121.96255845152191,36.64276760441075],[-121.96233472380538,36.6427656556528],[-121.96255361882501,36.64312793964054],[-121.96210374390759,36.643304209234735],[-121.96210132646372,36.64348437681019],[-121.96254878604225,36.64348827484793],[-121.96255120244437,36.64330810724703],[-121.96299866106713,36.64331200357899],[-121.96300590701946,36.64277150066644],[-121.96345577683579,36.64259522756768],[-121.96346784767805,36.641694389113034],[-121.96302039834471,36.64169049469016]],[[-121.96369157237693,36.641696335694384],[-121.96369398596022,36.641516167973954],[-121.96347026178215,36.64151422140531],[-121.96346784767805,36.641694389113034],[-121.96369157237693,36.641696335694384]],[[-121.96009502575633,36.6429263124467],[-121.95987129775571,36.64292435905516],[-121.95986887514614,36.643104526514456],[-121.9600926036676,36.64310647991874],[-121.96009502575633,36.6429263124467]],[[-121.96390564463316,36.6424189527322],[-121.9636819178294,36.64241700652011],[-121.96367709042697,36.64277734189938],[-121.96390081827242,36.64277928813687],[-121.96390564463316,36.6424189527322]],[[-121.9641366092761,36.641880395337125],[-121.96413419669162,36.64206056307176],[-121.9643579224966,36.642062508418306],[-121.96436033456024,36.641882340670975],[-121.9641366092761,36.641880395337125]],[[-121.96480778519292,36.641886230078505],[-121.96481260717253,36.64152589451629],[-121.96436274660246,36.64170217291805],[-121.96436033456024,36.641882340670975],[-121.96480778519292,36.641886230078505]],[[-121.96391288401344,36.641878449583196],[-121.96368915877223,36.641876503409215],[-121.96368674514606,36.642056671118446],[-121.9639104709081,36.64205861730514],[-121.96391288401344,36.641878449583196]],[[-121.96415108433281,36.64079938881178],[-121.96392736219508,36.640797443134055],[-121.9639249492184,36.64097761088957],[-121.96414867187694,36.64097955658001],[-121.96415108433281,36.64079938881178]],[[-121.96572436619968,36.64027249318991],[-121.96550064547422,36.640270550490555],[-121.96549823620747,36.64045071835169],[-121.96572195745372,36.640452661063726],[-121.96572436619968,36.64027249318991]],[[-121.96505802464009,36.63990632814334],[-121.96483430502052,36.63990438420924],[-121.96483189423421,36.64008455204353],[-121.96505561437455,36.64008649599033],[-121.96505802464009,36.63990632814334]],[[-121.9641631462906,36.63989854988671],[-121.96349198775384,36.639892711783865],[-121.96348957384278,36.64007287954198],[-121.96416073394191,36.64007871768292],[-121.9641631462906,36.63989854988671]],[[-121.96439892466381,36.638999655952425],[-121.96417520771253,36.63899771082168],[-121.964172795471,36.63917787864588],[-121.96439651294307,36.63917982378931],[-121.96439892466381,36.638999655952425]],[[-121.96641478520304,36.638836975271516],[-121.96619106857955,36.63883503393363],[-121.96618866104635,36.639015201877584],[-121.9664123781906,36.63901714322814],[-121.96641478520304,36.638836975271516]],[[-121.96463469731516,36.638100761331216],[-121.96441098294615,36.63809881668396],[-121.96440857133256,36.63827898454885],[-121.96463228622228,36.6382809292088],[-121.96463469731516,36.638100761331216]],[[-121.96374466625531,36.63773264455176],[-121.96373742679211,36.63827314804894],[-121.96418485646427,36.638277039468896],[-121.96418968071154,36.637916703758904],[-121.96374466625531,36.63773264455176]],[[-121.96486082225628,36.637922537662604],[-121.96464193046522,36.637560257664894],[-121.96419209280305,36.63773653589551],[-121.96418968071154,36.637916703758904],[-121.96486082225628,36.637922537662604]],[[-121.96397561722652,36.63719408684798],[-121.96397079210925,36.63755442257735],[-121.96419450487309,36.63755636802654],[-121.96419932894892,36.63719603227176],[-121.96397561722652,36.63719408684798]],[[-121.96442304069281,36.637197977275555],[-121.96442545217786,36.63701780937708],[-121.9642017409547,36.63701586438597],[-121.96419932894892,36.63719603227176],[-121.96442304069281,36.637197977275555]],[[-121.96487528511074,36.63684153016986],[-121.96487287468854,36.63702169809932],[-121.96509658597606,36.63702364183044],[-121.96509899587755,36.63684347388831],[-121.96487528511074,36.63684153016986]],[[-121.96532270666579,36.63684541718676],[-121.96532511602514,36.63666524922634],[-121.96510140575762,36.63666330594056],[-121.96509899587755,36.63684347388831],[-121.96532270666579,36.63684541718676]],[[-121.96533234397481,36.6361247453115],[-121.96488492658537,36.636120858396076],[-121.96488251624885,36.636301026347915],[-121.96465880706559,36.63629908224755],[-121.96465639618695,36.63647925018111],[-121.96510381561627,36.63648313798724],[-121.96533234397481,36.6361247453115]],[[-121.96443750928172,36.63611696980074],[-121.96399009206388,36.636113079525494],[-121.96398767964457,36.63629324742657],[-121.96376397054716,36.63629130164629],[-121.96376155758573,36.63647146952906],[-121.96443268650445,36.636477305648064],[-121.96443750928172,36.63611696980074]],[[-121.96712441949784,36.63596010808997],[-121.96645329449373,36.6359542872043],[-121.96645088782344,36.63613445525048],[-121.96689830551283,36.63613833628622],[-121.96689589986256,36.63631850435214],[-121.96711960926004,36.63632044425271],[-121.96712441949784,36.63596010808997]],[[-121.96869278003153,36.635793507279054],[-121.96824536408268,36.63578963301354],[-121.96824296159927,36.63596980116656],[-121.9686903785895,36.63597367545738],[-121.96869278003153,36.635793507279054]],[[-121.96377362217854,36.635570630059185],[-121.96377120930283,36.63575079796436],[-121.96399491683817,36.635752743706554],[-121.96399732919319,36.63557257578868],[-121.96377362217854,36.635570630059185]],[[-121.96466845036596,36.63557841045734],[-121.9646708611375,36.63539824249579],[-121.96399974152676,36.63539240786522],[-121.96399732919319,36.63557257578868],[-121.96466845036596,36.63557841045734]],[[-121.9678027552048,36.63542542079585],[-121.96735534150972,36.63542154322116],[-121.96735293698627,36.63560171133478],[-121.96780035172273,36.63560558893479],[-121.9678027552048,36.63542542079585]],[[-121.96601310093801,36.635409900417876],[-121.96601069329054,36.63559006845551],[-121.96623440051964,36.6355920099853],[-121.96623680764644,36.635411841935],[-121.96601310093801,36.635409900417876]],[[-121.96646051437627,36.63541378303217],[-121.96647014058699,36.6346931107243],[-121.96624643593981,36.6346911696778],[-121.96623680764644,36.635411841935],[-121.96646051437627,36.63541378303217]],[[-121.96602995387147,36.63414872399771],[-121.96580625082908,36.63414678214932],[-121.96580384281067,36.63432695021346],[-121.96602754637371,36.63432889207452],[-121.96602995387147,36.63414872399771]],[[-121.96692717164898,36.63397631905868],[-121.96670346904158,36.63397437890275],[-121.96670106312715,36.63415454702316],[-121.96692476625519,36.63415648719176],[-121.96692717164898,36.63397631905868]]]},"properties":{"id":"usgs-OffshoreMonterey-8ca813f1-011","block_id":"OffshoreMonterey","source_url":"https://cmgds.marine.usgs.gov/data/csmp/OffshoreMonterey/data/SeafloorCharacter_2m_OffshoreMonterey.zip","metadata_url":"https://cmgds.marine.usgs.gov/data/csmp/OffshoreMonterey/metadata/SeafloorCharacter_2m_OffshoreMonterey_metadata.xml","source_file_sha256":"8ca813f1fbfd7afb231914d7a9ebdb5667559bf0172a2024f3d45e9180d94e08","source_metadata_sha256":"3ed18fdaac9509ed23dac4fb976da9cd77c0d1509e4a6d28a090ce2b65e341db","source_year":"2016","source_class":"Class 3 \u00b7 hard, rugose rock/boulder","approx_original_area_m2":500977,"display_resolution_m":20,"fishing_target":false,"exportable":false,"depth_qualified":false,"fish_confirmed":false,"mpa_screened_at":"2026-09-23T20:44:08Z"}},{"type":"Feature","geometry":{"type":"Polygon","coordinates":[[[-121.90221290847359,36.6188022997916],[-121.902154769109,36.6188244482026],[-121.90213009509863,36.61880153671353],[-121.90221290847359,36.6188022997916]]]},"properties":{"id":"usgs-OffshoreMonterey-8ca813f1-012","block_id":"OffshoreMonterey","source_url":"https://cmgds.marine.usgs.gov/data/csmp/OffshoreMonterey/data/SeafloorCharacter_2m_OffshoreMonterey.zip","metadata_url":"https://cmgds.marine.usgs.gov/data/csmp/OffshoreMonterey/metadata/SeafloorCharacter_2m_OffshoreMonterey_metadata.xml","source_file_sha256":"8ca813f1fbfd7afb231914d7a9ebdb5667559bf0172a2024f3d45e9180d94e08","source_metadata_sha256":"3ed18fdaac9509ed23dac4fb976da9cd77c0d1509e4a6d28a090ce2b65e341db","source_year":"2016","source_class":"Class 3 \u00b7 hard, rugose rock/boulder","approx_original_area_m2":317858,"display_resolution_m":20,"fishing_target":false,"exportable":false,"depth_qualified":false,"fish_confirmed":false,"mpa_screened_at":"2026-09-23T20:44:08Z"}},{"type":"Feature","geometry":{"type":"Polygon","coordinates":[[[-121.90181401372142,36.61879862378383],[-121.90181656927118,36.618618459004345],[-121.90204022278205,36.618620520255256],[-121.90203766775251,36.6188006850482],[-121.90210863512308,36.618801338972084],[-121.90198106817,36.6188791762346],[-121.901952515219,36.6188553808473],[-121.901850197108,36.6189077295362],[-121.901871613843,36.6189291448659],[-121.901719326944,36.6190052874112],[-121.901574180754,36.6189124874574],[-121.901538488891,36.6189315234654],[-121.90149327848,36.6189029701727],[-121.901500416493,36.6188744168694],[-121.901464725528,36.6188411041881],[-121.9014984430326,36.61879571449858],[-121.90181401372142,36.61879862378383]]]},"properties":{"id":"usgs-OffshoreMonterey-8ca813f1-013","block_id":"OffshoreMonterey","source_url":"https://cmgds.marine.usgs.gov/data/csmp/OffshoreMonterey/data/SeafloorCharacter_2m_OffshoreMonterey.zip","metadata_url":"https://cmgds.marine.usgs.gov/data/csmp/OffshoreMonterey/metadata/SeafloorCharacter_2m_OffshoreMonterey_metadata.xml","source_file_sha256":"8ca813f1fbfd7afb231914d7a9ebdb5667559bf0172a2024f3d45e9180d94e08","source_metadata_sha256":"3ed18fdaac9509ed23dac4fb976da9cd77c0d1509e4a6d28a090ce2b65e341db","source_year":"2016","source_class":"Class 3 \u00b7 hard, rugose rock/boulder","approx_original_area_m2":317858,"display_resolution_m":20,"fishing_target":false,"exportable":false,"depth_qualified":false,"fish_confirmed":false,"mpa_screened_at":"2026-09-23T20:44:08Z"}},{"type":"Feature","geometry":{"type":"Polygon","coordinates":[[[-121.9007110924709,36.617707322809515],[-121.90071167871231,36.617709308043096],[-121.90070987056366,36.617707311533415],[-121.9007110924709,36.617707322809515]]]},"properties":{"id":"usgs-OffshoreMonterey-8ca813f1-014","block_id":"OffshoreMonterey","source_url":"https://cmgds.marine.usgs.gov/data/csmp/OffshoreMonterey/data/SeafloorCharacter_2m_OffshoreMonterey.zip","metadata_url":"https://cmgds.marine.usgs.gov/data/csmp/OffshoreMonterey/metadata/SeafloorCharacter_2m_OffshoreMonterey_metadata.xml","source_file_sha256":"8ca813f1fbfd7afb231914d7a9ebdb5667559bf0172a2024f3d45e9180d94e08","source_metadata_sha256":"3ed18fdaac9509ed23dac4fb976da9cd77c0d1509e4a6d28a090ce2b65e341db","source_year":"2016","source_class":"Class 3 \u00b7 hard, rugose rock/boulder","approx_original_area_m2":317858,"display_resolution_m":20,"fishing_target":false,"exportable":false,"depth_qualified":false,"fish_confirmed":false,"mpa_screened_at":"2026-09-23T20:44:08Z"}},{"type":"Feature","geometry":{"type":"Polygon","coordinates":[[[-121.89872085211199,36.61534649430556],[-121.898702169773,36.6153813679952],[-121.898653830529,36.6153963958968],[-121.898621268396,36.6154265778732],[-121.898561781958,36.6153885062849],[-121.898535607746,36.6154170601581],[-121.898452325834,36.6154218182948],[-121.8983350565249,36.61534292775277],[-121.89872085211199,36.61534649430556]]]},"properties":{"id":"usgs-OffshoreMonterey-8ca813f1-015","block_id":"OffshoreMonterey","source_url":"https://cmgds.marine.usgs.gov/data/csmp/OffshoreMonterey/data/SeafloorCharacter_2m_OffshoreMonterey.zip","metadata_url":"https://cmgds.marine.usgs.gov/data/csmp/OffshoreMonterey/metadata/SeafloorCharacter_2m_OffshoreMonterey_metadata.xml","source_file_sha256":"8ca813f1fbfd7afb231914d7a9ebdb5667559bf0172a2024f3d45e9180d94e08","source_metadata_sha256":"3ed18fdaac9509ed23dac4fb976da9cd77c0d1509e4a6d28a090ce2b65e341db","source_year":"2016","source_class":"Class 3 \u00b7 hard, rugose rock/boulder","approx_original_area_m2":317858,"display_resolution_m":20,"fishing_target":false,"exportable":false,"depth_qualified":false,"fish_confirmed":false,"mpa_screened_at":"2026-09-23T20:44:08Z"}},{"type":"Feature","geometry":{"type":"Polygon","coordinates":[[[-121.95422241954593,36.63044187814681],[-121.95421998488696,36.63062204566015],[-121.95399629287766,36.63062008179829],[-121.95398898720939,36.63116058426624],[-121.95421268078036,36.63116254816655],[-121.95420781126776,36.631522883142814],[-121.95398411665568,36.63152091921687],[-121.95398168134638,36.63170108668378],[-121.95465276680936,36.63170697724034],[-121.95464546543681,36.63224747972283],[-121.95375311451069,36.63205945721652],[-121.95374824269943,36.6324197920855],[-121.95397193989277,36.632421756495454],[-121.95396950447525,36.63260192393436],[-121.95374580676133,36.63259995951159],[-121.9537433708016,36.63278012693208],[-121.95329841139852,36.6325960294063],[-121.9532959743976,36.63277619680113],[-121.95262487995423,36.63277029845531],[-121.9523963036182,36.63312866617041],[-121.9521726044943,36.633126698769686],[-121.95217748376713,36.632766364125175],[-121.95195378570615,36.632764396330224],[-121.95195622583066,36.632584229012394],[-121.95307471374964,36.63259406372378],[-121.95308446361918,36.631873394139724],[-121.95263951100553,36.63168929423324],[-121.95264194943825,36.6315091268433],[-121.95241825497791,36.63150715997805],[-121.95264682623869,36.631148792046595],[-121.95220187883079,36.63096469056648],[-121.95220675758344,36.630604355787526],[-121.95243044941928,36.63060632300847],[-121.95243288824256,36.63042615559776],[-121.95198550563363,36.63042222076166],[-121.95221407554982,36.63006385357709],[-121.95176913538626,36.62987975056361],[-121.95177645621571,36.62933924836303],[-121.95132907998328,36.6293353111618],[-121.95132419736997,36.62969564591639],[-121.9508768191424,36.62969170698428],[-121.95110539189967,36.62933334193139],[-121.95078391016283,36.62933051087232],[-121.95162713508138,36.62717566748564],[-121.95180573758209,36.62717723905666],[-121.95180085757117,36.62753757399705],[-121.9522482234807,36.62754150926195],[-121.95203429836842,36.62681887188484],[-121.95225797925222,36.62682083925599],[-121.95226041814091,36.62664067174051],[-121.95203673777755,36.626638704382195],[-121.95204161653083,36.626278369360094],[-121.95338125654796,36.62647033464943],[-121.95337882028309,36.626650502234696],[-121.95427597657013,36.6264781914366],[-121.95427110818234,36.626838526704084],[-121.95494215154902,36.62684441496315],[-121.9549445841924,36.626664247293775],[-121.95583930690256,36.626672092377035],[-121.95583687634097,36.626852260097614],[-121.95606055759303,36.62685422033165],[-121.95606298763418,36.62667405259828],[-121.95651034916227,36.62667797178128],[-121.95650792016203,36.626858139540225],[-121.95717896417756,36.626864015204355],[-121.95717653671707,36.62704418299605],[-121.95784758248834,36.62705005492],[-121.95784030466162,36.627590558376504],[-121.95761662115488,36.62758860145004],[-121.95760691500224,36.62830927259589],[-121.9573832294352,36.62830731519848],[-121.95737594803285,36.628847818460756],[-121.95715226092592,36.628845860605146],[-121.95714740550885,36.62920619605978],[-121.95669760049584,36.629382446731185],[-121.95668788515239,36.630103117448584],[-121.95646419446665,36.63010115824387],[-121.95645690617087,36.63064166118476],[-121.9560070912248,36.630817909049135],[-121.95600466068703,36.63099807665372],[-121.95578096746344,36.63099611612538],[-121.95576638065975,36.63207712155849],[-121.95531655577992,36.63225336661552],[-121.95531898803064,36.63207319908854],[-121.95509529174853,36.63207123722369],[-121.95488132843946,36.63134860487745],[-121.95443637437299,36.63116451164696],[-121.95444611105637,36.63044384157595],[-121.95422241954593,36.63044187814681]],[[-121.9524377658241,36.63006582075953],[-121.95244020458236,36.62988565333202],[-121.95221651482863,36.62988368616242],[-121.95221407554982,36.63006385357709],[-121.9524377658241,36.63006582075953]],[[-121.9560581275303,36.627034388059414],[-121.95628180932442,36.62703634788642],[-121.95628423886671,36.62685618014586],[-121.95606055759303,36.62685422033165],[-121.9560581275303,36.627034388059414]],[[-121.95646905322259,36.629740822921946],[-121.95624536359955,36.629738863322935],[-121.95624293371185,36.62991903097391],[-121.95579555348952,36.629915110490685],[-121.95579312253916,36.63009527811047],[-121.95646419446665,36.63010115824387],[-121.95646905322259,36.629740822921946]],[[-121.95466980258846,36.63044580458522],[-121.9546722361847,36.63026563704066],[-121.95444854517314,36.63026367404421],[-121.95444611105637,36.63044384157595],[-121.95466980258846,36.63044580458522]],[[-121.95353429114604,36.631697157546554],[-121.95331059607837,36.63169519234808],[-121.95330815918572,36.63187535977093],[-121.95353185477393,36.631877324982234],[-121.95353429114604,36.631697157546554]],[[-121.95422728879892,36.630081543103344],[-121.95400359835119,36.63007957927994],[-121.95400116321498,36.63025974679166],[-121.95422485418324,36.63026171062788],[-121.95422728879892,36.630081543103344]],[[-121.95534817335371,36.62991118832794],[-121.95512448331826,36.62990922661674],[-121.95512205080632,36.63008939419812],[-121.9553457413623,36.63009135592211],[-121.95534817335371,36.62991118832794]],[[-121.95423459251616,36.62954104049613],[-121.95401090363,36.62953907671119],[-121.9540084685587,36.62971924423971],[-121.95423215796536,36.629721208037466],[-121.95423459251616,36.62954104049613]],[[-121.95625265313309,36.62919836033643],[-121.95580284621096,36.62937460759773],[-121.95580041532541,36.629554775234304],[-121.95624779346564,36.62955869566637],[-121.95625265313309,36.62919836033643]],[[-121.95335932938505,36.62809184271512],[-121.95313564474958,36.62808987735331],[-121.95313320776945,36.628270044875336],[-121.9533568929254,36.628272010249965],[-121.95335932938505,36.62809184271512]],[[-121.95291196013578,36.62808791157166],[-121.95268827554365,36.62808594537017],[-121.95268583752257,36.62826611286651],[-121.95290952263515,36.62826807908085],[-121.95291196013578,36.62808791157166]],[[-121.9542613711472,36.62755919717183],[-121.95403768798643,36.627557233527874],[-121.95403038342157,36.62809773628144],[-121.95425406814374,36.62809969996384],[-121.9542613711472,36.62755919717183]],[[-121.9553773555652,36.627749176760936],[-121.95515367177576,36.6277472152034],[-121.95515123952316,36.62792738285197],[-121.95537492383309,36.62792934442233],[-121.9553773555652,36.627749176760936]],[[-121.95449235557703,36.62702065751509],[-121.95426867395598,36.62701869432941],[-121.95426623970802,36.627198861949154],[-121.95448992184951,36.62720082514763],[-121.95449235557703,36.62702065751509]],[[-121.95360006501055,36.62683263466652],[-121.95315270300435,36.626828704542326],[-121.95315026617577,36.62700887210356],[-121.95359762922284,36.627012802253404],[-121.95360006501055,36.62683263466652]],[[-121.95293145936117,36.626646571296504],[-121.95270777893272,36.626644605197676],[-121.95270534108491,36.62682477273883],[-121.95292902203379,36.626826738850504],[-121.95293145936117,36.626646571296504]]]},"properties":{"id":"usgs-OffshoreMonterey-8ca813f1-016","block_id":"OffshoreMonterey","source_url":"https://cmgds.marine.usgs.gov/data/csmp/OffshoreMonterey/data/SeafloorCharacter_2m_OffshoreMonterey.zip","metadata_url":"https://cmgds.marine.usgs.gov/data/csmp/OffshoreMonterey/metadata/SeafloorCharacter_2m_OffshoreMonterey_metadata.xml","source_file_sha256":"8ca813f1fbfd7afb231914d7a9ebdb5667559bf0172a2024f3d45e9180d94e08","source_metadata_sha256":"3ed18fdaac9509ed23dac4fb976da9cd77c0d1509e4a6d28a090ce2b65e341db","source_year":"2016","source_class":"Class 3 \u00b7 hard, rugose rock/boulder","approx_original_area_m2":314660,"display_resolution_m":20,"fishing_target":false,"exportable":false,"depth_qualified":false,"fish_confirmed":false,"mpa_screened_at":"2026-09-23T20:44:08Z"}},{"type":"Feature","geometry":{"type":"Polygon","coordinates":[[[-121.92248895027039,36.644033572090926],[-121.92249146001785,36.64385340683824],[-121.92114909259122,36.64384125620525],[-121.92115914385853,36.64312059545561],[-121.92093541811572,36.64311856893275],[-121.92094295789428,36.642578073351295],[-121.92116668207456,36.64258009983448],[-121.9211717074403,36.64221976939234],[-121.92094798430165,36.64221774293561],[-121.92095049747185,36.64203757771935],[-121.92139794272987,36.64204163018632],[-121.9214004548361,36.641861464938],[-121.9209530106197,36.64185741249749],[-121.92095552374523,36.641677247269996],[-121.9207318021914,36.6416752204329],[-121.92073934299641,36.641134724756476],[-121.92106115883786,36.6411376393492],[-121.92277391431217,36.64403614801547],[-121.92248895027039,36.644033572090926]]]},"properties":{"id":"usgs-OffshoreMonterey-8ca813f1-017","block_id":"OffshoreMonterey","source_url":"https://cmgds.marine.usgs.gov/data/csmp/OffshoreMonterey/data/SeafloorCharacter_2m_OffshoreMonterey.zip","metadata_url":"https://cmgds.marine.usgs.gov/data/csmp/OffshoreMonterey/metadata/SeafloorCharacter_2m_OffshoreMonterey_metadata.xml","source_file_sha256":"8ca813f1fbfd7afb231914d7a9ebdb5667559bf0172a2024f3d45e9180d94e08","source_metadata_sha256":"3ed18fdaac9509ed23dac4fb976da9cd77c0d1509e4a6d28a090ce2b65e341db","source_year":"2016","source_class":"Class 3 \u00b7 hard, rugose rock/boulder","approx_original_area_m2":311861,"display_resolution_m":20,"fishing_target":false,"exportable":false,"depth_qualified":false,"fish_confirmed":false,"mpa_screened_at":"2026-09-23T20:44:08Z"}},{"type":"Feature","geometry":{"type":"Polygon","coordinates":[[[-121.91353369356541,36.62845605534522],[-121.91308379778525,36.62863213979217],[-121.91308126752996,36.62881230494577],[-121.91330495133327,36.62881434553846],[-121.91329989179617,36.62917467585548],[-121.913523576663,36.629176716054964],[-121.91351851807693,36.62953704637617],[-121.91329483216917,36.62953500615005],[-121.91329736199393,36.62935484100557],[-121.91307367662915,36.62935280037292],[-121.9130762069519,36.62917263523616],[-121.91285252213011,36.629170594196964],[-121.9126338999908,36.62880822250085],[-121.911962848851,36.62880209568467],[-121.91197044735642,36.628261600406915],[-121.9117467652496,36.62825955733517],[-121.9117442319165,36.62843972242003],[-121.9112968667296,36.628435634990375],[-121.91130193545507,36.6280753048684],[-121.91107825393634,36.6280732605505],[-121.91108332361264,36.62771293043276],[-121.9113070040905,36.62771497472398],[-121.91130953837441,36.62753480964334],[-121.91220679060915,36.62736281741701],[-121.91220932276633,36.62718265227183],[-121.91243300179556,36.627184694423924],[-121.91243047015882,36.62736485958244],[-121.91287782932572,36.62736894265384],[-121.91287892707291,36.627290788449706],[-121.91303930034283,36.62756218931204],[-121.91286770671731,36.62808960333841],[-121.91335357325094,36.6280940356622],[-121.91353447791582,36.62840018195499],[-121.91353369356541,36.62845605534522]],[[-121.91285758374913,36.62881026393323],[-121.91286011452489,36.628630098792954],[-121.91263643128704,36.628628057373895],[-121.9126338999908,36.62880822250085],[-121.91285758374913,36.62881026393323]],[[-121.9126389625608,36.62844789224132],[-121.91241527986594,36.62844585041576],[-121.91241274807172,36.628626015535],[-121.91263643128704,36.628628057373895],[-121.9126389625608,36.62844789224132]]]},"properties":{"id":"usgs-OffshoreMonterey-8ca813f1-018","block_id":"OffshoreMonterey","source_url":"https://cmgds.marine.usgs.gov/data/csmp/OffshoreMonterey/data/SeafloorCharacter_2m_OffshoreMonterey.zip","metadata_url":"https://cmgds.marine.usgs.gov/data/csmp/OffshoreMonterey/metadata/SeafloorCharacter_2m_OffshoreMonterey_metadata.xml","source_file_sha256":"8ca813f1fbfd7afb231914d7a9ebdb5667559bf0172a2024f3d45e9180d94e08","source_metadata_sha256":"3ed18fdaac9509ed23dac4fb976da9cd77c0d1509e4a6d28a090ce2b65e341db","source_year":"2016","source_class":"Class 3 \u00b7 hard, rugose rock/boulder","approx_original_area_m2":186317,"display_resolution_m":20,"fishing_target":false,"exportable":false,"depth_qualified":false,"fish_confirmed":false,"mpa_screened_at":"2026-09-23T20:44:08Z"}},{"type":"Feature","geometry":{"type":"Polygon","coordinates":[[[-121.91243553340982,36.62700452925978],[-121.91176449795098,36.62699840158403],[-121.91176956423455,36.626638071318915],[-121.91154588683416,36.62663602794738],[-121.91154842046258,36.62645586281974],[-121.91163385275624,36.62645664319023],[-121.9123995952216,36.62664382458394],[-121.91221691910289,36.62664215680256],[-121.91221438701321,36.6268223219646],[-121.91243806500158,36.62682436409004],[-121.91243553340982,36.62700452925978]]]},"properties":{"id":"usgs-OffshoreMonterey-8ca813f1-019","block_id":"OffshoreMonterey","source_url":"https://cmgds.marine.usgs.gov/data/csmp/OffshoreMonterey/data/SeafloorCharacter_2m_OffshoreMonterey.zip","metadata_url":"https://cmgds.marine.usgs.gov/data/csmp/OffshoreMonterey/metadata/SeafloorCharacter_2m_OffshoreMonterey_metadata.xml","source_file_sha256":"8ca813f1fbfd7afb231914d7a9ebdb5667559bf0172a2024f3d45e9180d94e08","source_metadata_sha256":"3ed18fdaac9509ed23dac4fb976da9cd77c0d1509e4a6d28a090ce2b65e341db","source_year":"2016","source_class":"Class 3 \u00b7 hard, rugose rock/boulder","approx_original_area_m2":186317,"display_resolution_m":20,"fishing_target":false,"exportable":false,"depth_qualified":false,"fish_confirmed":false,"mpa_screened_at":"2026-09-23T20:44:08Z"}},{"type":"Feature","geometry":{"type":"Polygon","coordinates":[[[-121.91243806500158,36.62682436409004],[-121.91244046146419,36.626653814104685],[-121.912513012681,36.6266715488373],[-121.91260420875915,36.626825880630015],[-121.91243806500158,36.62682436409004]]]},"properties":{"id":"usgs-OffshoreMonterey-8ca813f1-020","block_id":"OffshoreMonterey","source_url":"https://cmgds.marine.usgs.gov/data/csmp/OffshoreMonterey/data/SeafloorCharacter_2m_OffshoreMonterey.zip","metadata_url":"https://cmgds.marine.usgs.gov/data/csmp/OffshoreMonterey/metadata/SeafloorCharacter_2m_OffshoreMonterey_metadata.xml","source_file_sha256":"8ca813f1fbfd7afb231914d7a9ebdb5667559bf0172a2024f3d45e9180d94e08","source_metadata_sha256":"3ed18fdaac9509ed23dac4fb976da9cd77c0d1509e4a6d28a090ce2b65e341db","source_year":"2016","source_class":"Class 3 \u00b7 hard, rugose rock/boulder","approx_original_area_m2":186317,"display_resolution_m":20,"fishing_target":false,"exportable":false,"depth_qualified":false,"fish_confirmed":false,"mpa_screened_at":"2026-09-23T20:44:08Z"}},{"type":"Feature","geometry":{"type":"Polygon","coordinates":[[[-121.91265921194115,36.627006570978736],[-121.91266041413151,36.62692099739439],[-121.91271126103395,36.62700704598077],[-121.91265921194115,36.627006570978736]]]},"properties":{"id":"usgs-OffshoreMonterey-8ca813f1-021","block_id":"OffshoreMonterey","source_url":"https://cmgds.marine.usgs.gov/data/csmp/OffshoreMonterey/data/SeafloorCharacter_2m_OffshoreMonterey.zip","metadata_url":"https://cmgds.marine.usgs.gov/data/csmp/OffshoreMonterey/metadata/SeafloorCharacter_2m_OffshoreMonterey_metadata.xml","source_file_sha256":"8ca813f1fbfd7afb231914d7a9ebdb5667559bf0172a2024f3d45e9180d94e08","source_metadata_sha256":"3ed18fdaac9509ed23dac4fb976da9cd77c0d1509e4a6d28a090ce2b65e341db","source_year":"2016","source_class":"Class 3 \u00b7 hard, rugose rock/boulder","approx_original_area_m2":186317,"display_resolution_m":20,"fishing_target":false,"exportable":false,"depth_qualified":false,"fish_confirmed":false,"mpa_screened_at":"2026-09-23T20:44:08Z"}},{"type":"Feature","geometry":{"type":"Polygon","coordinates":[[[-121.96504396145492,36.62422976119815],[-121.96504637035702,36.62404959287128],[-121.9643753490616,36.62404376189879],[-121.96415649724234,36.62368148083267],[-121.9637091519437,36.62367759062992],[-121.9637139758425,36.62331725408929],[-121.96416131905964,36.62332114424125],[-121.96416372993617,36.623140975937154],[-121.96438740105656,36.623142920370775],[-121.9643849907004,36.62332308868758],[-121.96483233404625,36.623326976320854],[-121.9648299247094,36.623507144657424],[-121.96550094145005,36.623512972997034],[-121.96550575698014,36.623152636242196],[-121.96572942822915,36.62315457815715],[-121.96573424263296,36.622794241354576],[-121.96595791286266,36.622796182824395],[-121.96596272614023,36.62243584597409],[-121.96618639535069,36.62243778699879],[-121.96618880143704,36.62225761855257],[-121.96641247014855,36.62225955914484],[-121.9664100645825,36.62243972760372],[-121.96685740311038,36.622443607554295],[-121.96685499856366,36.62262377603291],[-121.96752600807696,36.62262959284846],[-121.96753321696997,36.62208908728191],[-121.96798295551133,36.621912794425505],[-121.96821622858246,36.62119405729311],[-121.96843989436445,36.62119599403163],[-121.96844469581043,36.62083565680215],[-121.96866836057319,36.62083759309564],[-121.96889682463677,36.62047919166695],[-121.96912048840163,36.62048112709569],[-121.96912768560007,36.619940621062185],[-121.96935134782541,36.61994255603327],[-121.96935614481058,36.61958221862438],[-121.96957980601671,36.619584153150484],[-121.96958460187611,36.61922381569394],[-121.9700319222713,36.61922768343646],[-121.97003911277908,36.61868717713394],[-121.97026277144793,36.618689110337776],[-121.97026037515353,36.6188692791235],[-121.97070769359566,36.618873144297226],[-121.97070290302405,36.619233481902334],[-121.9709265633176,36.619235413884844],[-121.97092416852014,36.61941558269162],[-121.97070050770634,36.6194136506965],[-121.970472055174,36.61977205582796],[-121.97091937886138,36.61977592028839],[-121.97091698400008,36.61995608907838],[-121.97136430881328,36.6199599518851],[-121.9715831845871,36.620322220297695],[-121.97180684808751,36.620324150676915],[-121.97180206237833,36.62068448831858],[-121.97157839783735,36.62068255791415],[-121.97157600443056,36.62086272671398],[-121.97112867437184,36.62085886462068],[-121.97111909636955,36.62157953966322],[-121.97089542929092,36.62157760793652],[-121.97089303421683,36.62175777667055],[-121.9711167018158,36.62175970840986],[-121.97110233404646,36.62284072077225],[-121.97065499262571,36.62283685672252],[-121.9704265293985,36.62319526140167],[-121.9702028577007,36.62319332830213],[-121.97019806402598,36.6235536655882],[-121.96952704593834,36.62354786369514],[-121.96952464750792,36.623728032291915],[-121.9690773011821,36.623724162239014],[-121.96884882800416,36.62408256368382],[-121.96840388079988,36.623898522539214],[-121.9684014797249,36.62407869106161],[-121.96817780561734,36.62407675412082],[-121.96795893574124,36.62371447976041],[-121.96751158971448,36.62371060383045],[-121.96750678342283,36.624070940779674],[-121.96728310940077,36.62406900215969],[-121.96728551307764,36.62388883370054],[-121.96638841352637,36.624061243481854],[-121.96639081928478,36.623881075073335],[-121.96571979916486,36.62387525169513],[-121.96571739184532,36.62405542006563],[-121.96527004416502,36.6240515356892],[-121.96526763578329,36.624231704028745],[-121.96504396145492,36.62422976119815]],[[-121.9688608279619,36.62318172088945],[-121.96841348488641,36.62317784839363],[-121.96841108389677,36.623358016938425],[-121.96885842801301,36.62336188945952],[-121.9688608279619,36.62318172088945]],[[-121.97066936663914,36.621755844511476],[-121.97044569908282,36.621753911932636],[-121.97044330294678,36.62193408063585],[-121.97066697102345,36.621936013227305],[-121.97066936663914,36.621755844511476]],[[-121.96955102907063,36.62174617741967],[-121.96932736162091,36.62174424274203],[-121.96932496288323,36.62192441138213],[-121.9695486308533,36.6219263460724],[-121.96955102907063,36.62174617741967]],[[-121.97069092622262,36.620134325817205],[-121.970241204032,36.62031062920783],[-121.97023880754601,36.620490797943184],[-121.97068613535305,36.62049466334399],[-121.97069092622262,36.620134325817205]]]},"properties":{"id":"usgs-OffshoreMonterey-8ca813f1-022","block_id":"OffshoreMonterey","source_url":"https://cmgds.marine.usgs.gov/data/csmp/OffshoreMonterey/data/SeafloorCharacter_2m_OffshoreMonterey.zip","metadata_url":"https://cmgds.marine.usgs.gov/data/csmp/OffshoreMonterey/metadata/SeafloorCharacter_2m_OffshoreMonterey_metadata.xml","source_file_sha256":"8ca813f1fbfd7afb231914d7a9ebdb5667559bf0172a2024f3d45e9180d94e08","source_metadata_sha256":"3ed18fdaac9509ed23dac4fb976da9cd77c0d1509e4a6d28a090ce2b65e341db","source_year":"2016","source_class":"Class 3 \u00b7 hard, rugose rock/boulder","approx_original_area_m2":159529,"display_resolution_m":20,"fishing_target":false,"exportable":false,"depth_qualified":false,"fish_confirmed":false,"mpa_screened_at":"2026-09-23T20:44:08Z"}},{"type":"Feature","geometry":{"type":"Polygon","coordinates":[[[-121.90391496586342,36.67575723182064],[-121.90392263365545,36.675216742263984],[-121.90437282327557,36.67504069864332],[-121.90436771356899,36.67540102508503],[-121.90481534948137,36.67540514303271],[-121.90481024177063,36.67576546950568],[-121.90525787986059,36.675769585824874],[-121.90525277414577,36.676129912329074],[-121.9048051339691,36.676125795956175],[-121.90501874025747,36.67684850724024],[-121.90479491809374,36.67684644878978],[-121.9047898100199,36.677206775172884],[-121.90456598683552,36.67720471627501],[-121.90456343224282,36.67738487944471],[-121.90478725594895,36.677386938356015],[-121.90478214773896,36.67774726470543],[-121.90433449826259,36.677743146408496],[-121.90432683264699,36.67828363580988],[-121.90410300637771,36.67828157599023],[-121.90407233561072,36.68044353292903],[-121.90384850310303,36.68044147252751],[-121.90384594653639,36.680621635555795],[-121.90406977956584,36.68062369597076],[-121.90406722349826,36.68080385900685],[-121.903843389947,36.68080179857846],[-121.90383316336231,36.68152245061295],[-121.90360932774657,36.681520389710144],[-121.90359654139539,36.68242120455967],[-121.90314630663178,36.6825972442838],[-121.90314374822695,36.682777407204334],[-121.90225095205456,36.68258899277808],[-121.90203223542707,36.68222660312667],[-121.90180839790617,36.682224538804874],[-121.90181352081865,36.681864213085994],[-121.9024850303187,36.68187040470863],[-121.90248759017531,36.681690241800375],[-121.90293526224562,36.681694367418665],[-121.90294293854814,36.681153878579444],[-121.90316677305198,36.68115594071726],[-121.90317700571654,36.68043528879919],[-121.902729340906,36.68043116421053],[-121.90273701829643,36.67989067529371],[-121.90251318749065,36.67988861240881],[-121.90252086624174,36.67934812348181],[-121.90274469548221,36.67935018632633],[-121.90274981349238,36.67898986031999],[-121.90252598529541,36.67898779750238],[-121.90253366370537,36.67844730849112],[-121.9029838753726,36.67827127058311],[-121.90299410866936,36.677550618359355],[-121.90321793273799,36.67755268022815],[-121.90322560590677,36.677012190961],[-121.90300178340327,36.677010129132555],[-121.90300434160244,36.67682996604572],[-121.90345454272183,36.67665392613579],[-121.90345965691976,36.67629359988025],[-121.903907297867,36.67629772132675],[-121.9039098538885,36.67611755816365],[-121.90413367387455,36.676119618242616],[-121.90413878480612,36.67575929187273],[-121.90391496586342,36.67575723182064]],[[-121.90436260377156,36.67576135150426],[-121.90436515868163,36.67558118829745],[-121.90414134023784,36.67557912867936],[-121.90413878480612,36.67575929187273],[-121.90436260377156,36.67576135150426]],[[-121.90337781884556,36.68205881727292],[-121.90270630750673,36.682052630657665],[-121.9027011887234,36.68241295647301],[-121.90314886501386,36.68241708135765],[-121.90337781884556,36.68205881727292]],[[-121.90319491200437,36.67917414772629],[-121.90297108324015,36.67917208573643],[-121.90296852474545,36.67935224875025],[-121.90319235403146,36.67935431075356],[-121.90319491200437,36.67917414772629]],[[-121.90387406752032,36.67863984193575],[-121.90342641300855,36.67863572013972],[-121.90342385562556,36.67881588319728],[-121.90387151118082,36.67882000502019],[-121.90387406752032,36.67863984193575]],[[-121.90366302421856,36.67773696580873],[-121.90343919958269,36.67773490476765],[-121.9034340850212,36.67809523093332],[-121.90365791070052,36.67809729200131],[-121.90366302421856,36.67773696580873]],[[-121.90389707355378,36.67701837392292],[-121.90367325098202,36.67701631335619],[-121.90367069432523,36.67719647647774],[-121.90389451741869,36.677198537057926],[-121.90389707355378,36.67701837392292]]]},"properties":{"id":"usgs-OffshoreMonterey-8ca813f1-023","block_id":"OffshoreMonterey","source_url":"https://cmgds.marine.usgs.gov/data/csmp/OffshoreMonterey/data/SeafloorCharacter_2m_OffshoreMonterey.zip","metadata_url":"https://cmgds.marine.usgs.gov/data/csmp/OffshoreMonterey/metadata/SeafloorCharacter_2m_OffshoreMonterey_metadata.xml","source_file_sha256":"8ca813f1fbfd7afb231914d7a9ebdb5667559bf0172a2024f3d45e9180d94e08","source_metadata_sha256":"3ed18fdaac9509ed23dac4fb976da9cd77c0d1509e4a6d28a090ce2b65e341db","source_year":"2016","source_class":"Class 3 \u00b7 hard, rugose rock/boulder","approx_original_area_m2":89960,"display_resolution_m":20,"fishing_target":false,"exportable":false,"depth_qualified":false,"fish_confirmed":false,"mpa_screened_at":"2026-09-23T20:44:08Z"}},{"type":"Feature","geometry":{"type":"Polygon","coordinates":[[[-121.98288945878238,36.61104940660886],[-121.9828918250172,36.610869236874784],[-121.98244455110085,36.61086541815278],[-121.9826729214952,36.610506988263566],[-121.98200201383571,36.61050125836719],[-121.98199964556274,36.610681428062584],[-121.98177600919836,36.610679517245465],[-121.98177837799138,36.610499347562545],[-121.98021292767126,36.61048596018138],[-121.98021530008353,36.610305790580256],[-121.97999166492794,36.61030387643135],[-121.97998929199564,36.61048404601998],[-121.97954202070774,36.6104802164384],[-121.97954439468012,36.610300046874784],[-121.97976802979348,36.61030196186286],[-121.97977277663493,36.609941622693846],[-121.9793255085095,36.6099377923481],[-121.97933025734669,36.60957745320672],[-121.97910662435571,36.609575537429485],[-121.97911374901332,36.609035028712995],[-121.97822160042456,36.60884719202514],[-121.97823348472623,36.60794634427476],[-121.97778622833677,36.60794250833032],[-121.97779098398951,36.607582169241134],[-121.97756735686644,36.607580250664626],[-121.97756973518109,36.607400081124155],[-121.97779336178418,36.60740199968813],[-121.97779573955775,36.60722183012954],[-121.97824299178744,36.60722566597381],[-121.97824061505382,36.60740583555744],[-121.97913512184681,36.60741350226152],[-121.97913274717193,36.607593671889624],[-121.97958000173514,36.60759750274939],[-121.97957288070377,36.60813801167513],[-121.98002013847132,36.60814184093171],[-121.98001776579198,36.608322010587436],[-121.98046502468395,36.608325838190765],[-121.98046265302351,36.60850600786589],[-121.98068628302113,36.6085079210507],[-121.98090517173577,36.608870173199385],[-121.98135243391648,36.60887399752113],[-121.98134769460819,36.609234336932126],[-121.9824658556289,36.60924389051876],[-121.98268475474391,36.609606139515684],[-121.98290838807237,36.60960804857962],[-121.98290602198469,36.60978821835284],[-121.98357692365637,36.60979394306459],[-121.98334855958649,36.61015237482644],[-121.9840194645046,36.610158097095386],[-121.98401710095406,36.61033826691411],[-121.98446437204471,36.61034207968702],[-121.9842360103649,36.61070051315595],[-121.98378873723613,36.610696699494056],[-121.9837911013487,36.610516529698955],[-121.98356746533591,36.61051462225107],[-121.9835651007033,36.61069479203371],[-121.9833414641915,36.61069288415378],[-121.98311309629223,36.61105131535292],[-121.98288945878238,36.61104940660886]],[[-121.9799987835984,36.60976336763194],[-121.97999403783918,36.61012370683714],[-121.98021767247471,36.61012562097355],[-121.98044605081049,36.609767195435175],[-121.9799987835984,36.60976336763194]],[[-121.98066968444816,36.609769108707425],[-121.98067205573606,36.60958893905897],[-121.98044842261841,36.60958702579921],[-121.98044605081049,36.609767195435175],[-121.98066968444816,36.609769108707425]],[[-121.98246348854323,36.60942406027825],[-121.98179259030755,36.60941832934757],[-121.98178548424416,36.60995883848022],[-121.98245638716008,36.609964569523136],[-121.98246348854323,36.60942406027825]],[[-121.98045316617106,36.60922668651046],[-121.98022953411453,36.60922477285611],[-121.98022716182874,36.609404942490784],[-121.98045079440527,36.60940685615763],[-121.98045316617106,36.60922668651046]]]},"properties":{"id":"usgs-OffshoreMonterey-8ca813f1-024","block_id":"OffshoreMonterey","source_url":"https://cmgds.marine.usgs.gov/data/csmp/OffshoreMonterey/data/SeafloorCharacter_2m_OffshoreMonterey.zip","metadata_url":"https://cmgds.marine.usgs.gov/data/csmp/OffshoreMonterey/metadata/SeafloorCharacter_2m_OffshoreMonterey_metadata.xml","source_file_sha256":"8ca813f1fbfd7afb231914d7a9ebdb5667559bf0172a2024f3d45e9180d94e08","source_metadata_sha256":"3ed18fdaac9509ed23dac4fb976da9cd77c0d1509e4a6d28a090ce2b65e341db","source_year":"2016","source_class":"Class 3 \u00b7 hard, rugose rock/boulder","approx_original_area_m2":85562,"display_resolution_m":20,"fishing_target":false,"exportable":false,"depth_qualified":false,"fish_confirmed":false,"mpa_screened_at":"2026-09-23T20:44:08Z"}},{"type":"Feature","geometry":{"type":"Polygon","coordinates":[[[-121.91869312487074,36.64345861069545],[-121.91869564340571,36.64327844565087],[-121.9182481913933,36.64327438291719],[-121.91825323047952,36.64291405286421],[-121.9180295055486,36.642912020893796],[-121.91805470484462,36.64111037042485],[-121.91783098514424,36.64110833816699],[-121.91783350547149,36.640928173102516],[-121.91805722465108,36.64093020534708],[-121.91806478393612,36.640389710080164],[-121.91828850157579,36.640391741864946],[-121.9182935399457,36.640031411632414],[-121.91874349131905,36.63985530873771],[-121.91874852747165,36.63949497841849],[-121.91897224257472,36.639497008876944],[-121.91896972503038,36.639677174052615],[-121.91964087203631,36.63968326294766],[-121.91963835603184,36.63986342815746],[-121.92008578852258,36.63986748534726],[-121.92007824349966,36.64040798102238],[-121.92030196134088,36.640410009026965],[-121.92029693225541,36.640770339475466],[-121.91984949451222,36.64076628299335],[-121.91984194759175,36.6413067785446],[-121.91961822719136,36.64130474963376],[-121.9196157109857,36.64148491479307],[-121.91983943190688,36.64148694371713],[-121.91983188471816,36.64202743920108],[-121.92028184446283,36.64185133068636],[-121.92027681501988,36.6422116610451],[-121.91982685314726,36.64238776949566],[-121.91981427382882,36.64328859513394],[-121.91959054769941,36.64328656607745],[-121.9195880312478,36.64346673117504],[-121.91869312487074,36.64345861069545]]]},"properties":{"id":"usgs-OffshoreMonterey-8ca813f1-025","block_id":"OffshoreMonterey","source_url":"https://cmgds.marine.usgs.gov/data/csmp/OffshoreMonterey/data/SeafloorCharacter_2m_OffshoreMonterey.zip","metadata_url":"https://cmgds.marine.usgs.gov/data/csmp/OffshoreMonterey/metadata/SeafloorCharacter_2m_OffshoreMonterey_metadata.xml","source_file_sha256":"8ca813f1fbfd7afb231914d7a9ebdb5667559bf0172a2024f3d45e9180d94e08","source_metadata_sha256":"3ed18fdaac9509ed23dac4fb976da9cd77c0d1509e4a6d28a090ce2b65e341db","source_year":"2016","source_class":"Class 3 \u00b7 hard, rugose rock/boulder","approx_original_area_m2":66370,"display_resolution_m":20,"fishing_target":false,"exportable":false,"depth_qualified":false,"fish_confirmed":false,"mpa_screened_at":"2026-09-23T20:44:08Z"}},{"type":"Feature","geometry":{"type":"Polygon","coordinates":[[[-121.94256795243071,36.64835784436963],[-121.94234420997681,36.648355857810536],[-121.94233681816591,36.64889635664206],[-121.9425605621828,36.64889834324004],[-121.9425507082125,36.649619008322134],[-121.94232696211154,36.649617021672306],[-121.942322033953,36.6499773541538],[-121.94209828683191,36.64997536705786],[-121.94209335754368,36.650335699490995],[-121.94142211318581,36.65032973560429],[-121.94142457940397,36.65014956942943],[-121.94097708431715,36.650145591430004],[-121.94096968247067,36.650686089859875],[-121.94119343156622,36.65068807910861],[-121.94118849793438,36.65104841139313],[-121.94096474779671,36.65104642211841],[-121.94096228042685,36.65122658823929],[-121.94029102858238,36.65122061785504],[-121.94028855962742,36.651400783931344],[-121.93939355539142,36.651392817484286],[-121.9394009684433,36.650852319394524],[-121.93962471790614,36.650854311597584],[-121.93962965878883,36.650493979483706],[-121.93985340723155,36.65049597124058],[-121.9398583469844,36.65013563907829],[-121.94030831065301,36.64995945516397],[-121.94031571692567,36.64941895678373],[-121.94076567538418,36.649242771036405],[-121.94077061066173,36.64888243869171],[-121.94099435452506,36.64888442823081],[-121.94122303151619,36.64852608493073],[-121.94144677438142,36.64852807360356],[-121.94145369398498,36.64802252190436],[-121.9423467332519,36.648171349323874],[-121.94234667386999,36.64817569152216],[-121.94237425823154,36.648175936436495],[-121.9425699936124,36.648208556269374],[-121.94256795243071,36.64835784436963]],[[-121.9407533368067,36.65014360180002],[-121.94052958931816,36.65014161174986],[-121.94052465269158,36.6505019439901],[-121.9407484012222,36.65050393406623],[-121.9407533368067,36.65014360180002]],[[-121.94187453973272,36.64997337954175],[-121.94165079265551,36.64997139160545],[-121.94164832698029,36.650151557798885],[-121.94187207457855,36.65015354574815],[-121.94187453973272,36.64997337954175]]]},"properties":{"id":"usgs-OffshoreMonterey-8ca813f1-026","block_id":"OffshoreMonterey","source_url":"https://cmgds.marine.usgs.gov/data/csmp/OffshoreMonterey/data/SeafloorCharacter_2m_OffshoreMonterey.zip","metadata_url":"https://cmgds.marine.usgs.gov/data/csmp/OffshoreMonterey/metadata/SeafloorCharacter_2m_OffshoreMonterey_metadata.xml","source_file_sha256":"8ca813f1fbfd7afb231914d7a9ebdb5667559bf0172a2024f3d45e9180d94e08","source_metadata_sha256":"3ed18fdaac9509ed23dac4fb976da9cd77c0d1509e4a6d28a090ce2b65e341db","source_year":"2016","source_class":"Class 3 \u00b7 hard, rugose rock/boulder","approx_original_area_m2":59573,"display_resolution_m":20,"fishing_target":false,"exportable":false,"depth_qualified":false,"fish_confirmed":false,"mpa_screened_at":"2026-09-23T20:44:08Z"}},{"type":"Feature","geometry":{"type":"Polygon","coordinates":[[[-121.97077804563166,36.63040586932399],[-121.97078044172741,36.63022570085854],[-121.97122782586767,36.63022956510271],[-121.97123022090105,36.63004939660643],[-121.97167760408546,36.63005325914584],[-121.97167281607959,36.63041359618319],[-121.97144912343565,36.63041166509824],[-121.97144672888028,36.6305918335959],[-121.97189411523055,36.63059569537114],[-121.9716608456927,36.63131443867865],[-121.97210823625011,36.6313182997149],[-121.97210105688619,36.63185880522062],[-121.9718773600351,36.63185687487466],[-121.97187257264497,36.632217211825306],[-121.9709777812889,36.63220948614145],[-121.97074929082196,36.632567890472856],[-121.97142038736673,36.63257368670106],[-121.97141799255603,36.63275385513158],[-121.97074689444945,36.63274805886555],[-121.97051840127304,36.6331064626804],[-121.97007100060212,36.63310259551306],[-121.96985689416113,36.63237998794181],[-121.96963319596145,36.63237805335883],[-121.96941429666886,36.632015781694],[-121.96919059955306,36.63201384629644],[-121.96919299948453,36.631833677969716],[-121.96896930291068,36.631831742164856],[-121.96897410375082,36.63147140551992],[-121.96919779928352,36.63147334129949],[-121.96920019915103,36.63129317295599],[-121.96852911417871,36.63128736439543],[-121.9685315155866,36.631107196084244],[-121.96897890450566,36.63111106885258],[-121.96920739862563,36.63075266789189],[-121.96943109209742,36.63075460320104],[-121.96943349135908,36.63057443482251],[-121.96988327552485,36.6303981357465],[-121.96988567370278,36.630217967331525],[-121.97055674968927,36.63022376810662],[-121.97055435307297,36.63040393655945],[-121.97077804563166,36.63040586932399]],[[-121.97010696801956,36.63040006977071],[-121.97010217264085,36.630760406609106],[-121.970325866198,36.63076234023866],[-121.97055435307297,36.63040393655945],[-121.97010696801956,36.63040006977071]],[[-121.9696427915653,36.63165737996211],[-121.96941909546932,36.63165544500972],[-121.96941669607973,36.63183561335465],[-121.96964039269632,36.63183754831967],[-121.9696427915653,36.63165737996211]],[[-121.97054476639481,36.631124610314814],[-121.97053997292798,36.631484947158924],[-121.97031627726722,36.631483013898794],[-121.97031387998128,36.63166318229984],[-121.97076127236528,36.63166704842542],[-121.97076846103576,36.6311265431298],[-121.97054476639481,36.631124610314814]],[[-121.970992155698,36.631128475524896],[-121.97099455135834,36.630948307069225],[-121.97077085721668,36.630946374686744],[-121.97076846103576,36.6311265431298],[-121.970992155698,36.631128475524896]],[[-121.97144193970566,36.63095217057448],[-121.9714443343036,36.63077200208799],[-121.97099694699743,36.630768138607955],[-121.97099455135834,36.630948307069225],[-121.97144193970566,36.63095217057448]],[[-121.96988087732558,36.63057830415586],[-121.96965718433168,36.63057636969914],[-121.96965238682814,36.63093670647585],[-121.96942869281445,36.63093477157397],[-121.96942629351012,36.6311149399413],[-121.96987128431553,36.6312989777374],[-121.96988087732558,36.63057830415586]]]},"properties":{"id":"usgs-OffshoreMonterey-8ca813f1-027","block_id":"OffshoreMonterey","source_url":"https://cmgds.marine.usgs.gov/data/csmp/OffshoreMonterey/data/SeafloorCharacter_2m_OffshoreMonterey.zip","metadata_url":"https://cmgds.marine.usgs.gov/data/csmp/OffshoreMonterey/metadata/SeafloorCharacter_2m_OffshoreMonterey_metadata.xml","source_file_sha256":"8ca813f1fbfd7afb231914d7a9ebdb5667559bf0172a2024f3d45e9180d94e08","source_metadata_sha256":"3ed18fdaac9509ed23dac4fb976da9cd77c0d1509e4a6d28a090ce2b65e341db","source_year":"2016","source_class":"Class 3 \u00b7 hard, rugose rock/boulder","approx_original_area_m2":54376,"display_resolution_m":20,"fishing_target":false,"exportable":false,"depth_qualified":false,"fish_confirmed":false,"mpa_screened_at":"2026-09-23T20:44:08Z"}},{"type":"Feature","geometry":{"type":"Polygon","coordinates":[[[-121.95844103827072,36.632821291895866],[-121.95888843566945,36.63282520271038],[-121.95888358763293,36.63318553812295],[-121.95799121486834,36.63299754705968],[-121.95798878875685,36.63317771471211],[-121.95776508909181,36.63317575780957],[-121.95775780906618,36.63371626069493],[-121.95753410786084,36.63371430333416],[-121.95753653507825,36.633534135724084],[-121.95708913377364,36.63353021976825],[-121.95686057557363,36.63388859629832],[-121.95663687393409,36.633886637245006],[-121.95664416183374,36.633346134568136],[-121.95709399022618,36.633169884582394],[-121.95709884659243,36.63280954937415],[-121.9573225451515,36.63281150751092],[-121.95732982797728,36.632271004618204],[-121.95755352499616,36.63227296229671],[-121.95755837906434,36.631912626981354],[-121.95778207506363,36.631914584214385],[-121.95778692800441,36.63155424885109],[-121.95823674338239,36.631377994290766],[-121.95824159411154,36.63101765884278],[-121.95846528757276,36.631019614752276],[-121.95869867809094,36.630300899176575],[-121.95914848412076,36.63012464098814],[-121.95915333038401,36.629764305359686],[-121.95937702028772,36.62976625950029],[-121.95937944286652,36.62958609166491],[-121.95982682169752,36.629589998661],[-121.95982197860047,36.62995033437717],[-121.95959828813315,36.62994838106356],[-121.9595958660318,36.63012854890051],[-121.95981955701967,36.63013050222686],[-121.95981471379353,36.630490837909434],[-121.9595910217646,36.630488884557586],[-121.9595861774113,36.630849220192275],[-121.95913636808584,36.63102547996132],[-121.95913879133589,36.63084531217789],[-121.95891509833052,36.630843357540854],[-121.95891267455991,36.63102352531153],[-121.95868898105554,36.63102157024184],[-121.95868655674286,36.63120173799416],[-121.95958133297191,36.63120955580455],[-121.9595740661514,36.631750059181],[-121.95912425151266,36.63192631879452],[-121.95911940473266,36.63228665428861],[-121.95844831328755,36.63228078881158],[-121.95844103827072,36.632821291895866]],[[-121.95845073825008,36.63210062110562],[-121.95822704166545,36.63209866511954],[-121.95822461618233,36.63227883281273],[-121.95844831328755,36.63228078881158],[-121.95845073825008,36.63210062110562]],[[-121.95777722203663,36.6322749195553],[-121.95777479549079,36.63245508721735],[-121.95822219067767,36.632459000500326],[-121.95822461618233,36.63227883281273],[-121.95777722203663,36.6322749195553]]]},"properties":{"id":"usgs-OffshoreMonterey-8ca813f1-028","block_id":"OffshoreMonterey","source_url":"https://cmgds.marine.usgs.gov/data/csmp/OffshoreMonterey/data/SeafloorCharacter_2m_OffshoreMonterey.zip","metadata_url":"https://cmgds.marine.usgs.gov/data/csmp/OffshoreMonterey/metadata/SeafloorCharacter_2m_OffshoreMonterey_metadata.xml","source_file_sha256":"8ca813f1fbfd7afb231914d7a9ebdb5667559bf0172a2024f3d45e9180d94e08","source_metadata_sha256":"3ed18fdaac9509ed23dac4fb976da9cd77c0d1509e4a6d28a090ce2b65e341db","source_year":"2016","source_class":"Class 3 \u00b7 hard, rugose rock/boulder","approx_original_area_m2":44380,"display_resolution_m":20,"fishing_target":false,"exportable":false,"depth_qualified":false,"fish_confirmed":false,"mpa_screened_at":"2026-09-23T20:44:08Z"}},{"type":"Feature","geometry":{"type":"Polygon","coordinates":[[[-121.88067897783941,36.61085385483374],[-121.88157349592535,36.61086225449295],[-121.88156308812182,36.61158290957767],[-121.88133945648563,36.611580810237385],[-121.88133425140512,36.61194113771863],[-121.88178151678072,36.61194533603445],[-121.88177891524583,36.61212549979405],[-121.88110801565712,36.61211920164984],[-121.88111061875205,36.61193903793135],[-121.8806633535154,36.6119348370981],[-121.8804345115987,36.61229306340118],[-121.88021087799824,36.61229096190819],[-121.88021608837143,36.61193063458656],[-121.8804397209318,36.61193273605211],[-121.88044232556368,36.61175257236915],[-121.87955040422993,36.61156400041071],[-121.8793372014056,36.61084124275829],[-121.87866631350177,36.61083493105659],[-121.8786584874041,36.611375421843434],[-121.8791057491034,36.61137963014653],[-121.8791031413978,36.611559793758396],[-121.87843224732366,36.61155348063318],[-121.87842963803489,36.61173364419819],[-121.87932416559352,36.611742060914295],[-121.87931634382831,36.61228255174047],[-121.87887168520078,36.61209818056352],[-121.87887429349587,36.61191801698226],[-121.8782033963713,36.61191170251592],[-121.87820078651617,36.612091866055955],[-121.87797715366773,36.61208976038095],[-121.87797976404289,36.611909596854666],[-121.8777561317377,36.61190749077384],[-121.87775874260966,36.61172732725567],[-121.87820600620326,36.611731538970254],[-121.87821122579763,36.611371211862085],[-121.87843485658924,36.61137331706254],[-121.87843746583165,36.61119315348628],[-121.87821383556002,36.611191048299574],[-121.87821905501525,36.61083072115769],[-121.8784426842469,36.61083282631691],[-121.87844529341977,36.610652662723794],[-121.87799803601963,36.61064845201328],[-121.87800064620926,36.61046828844202],[-121.87845051169593,36.6102923355207],[-121.87845312079924,36.61011217191072],[-121.87935023663862,36.60994042446179],[-121.87935545056969,36.60958009710385],[-121.87890819922349,36.60957588991453],[-121.87891080719419,36.60939572625461],[-121.88024995354039,36.60958850644808],[-121.8800211169516,36.60994673218161],[-121.8795764698436,36.60976236376472],[-121.8795712569061,36.61012269113886],[-121.88001851151122,36.61012689589333],[-121.8800159060477,36.61030705959943],[-121.88023953390498,36.61030916136106],[-121.88023432394844,36.61066948878384],[-121.87978706617712,36.61066528478613],[-121.87979227821357,36.61030495741825],[-121.87956865040265,36.61030285481751],[-121.87956083075329,36.61084334581975],[-121.87978446012414,36.61084544846165],[-121.87978185404803,36.61102561213155],[-121.88045274385969,36.61103191758111],[-121.8804501393204,36.61121208128654],[-121.88067376982397,36.611214182277664],[-121.88067897783941,36.61085385483374]],[[-121.88066595762724,36.611754673401414],[-121.88111322182387,36.611758874207254],[-121.88134726393295,36.61104031897339],[-121.88090000385,36.611036119116356],[-121.88089740035068,36.61121628284923],[-121.88067376982397,36.611214182277664],[-121.88066595762724,36.611754673401414]],[[-121.87912400239377,36.610118484706234],[-121.87890037517238,36.61011638086061],[-121.87889776710902,36.61029654449806],[-121.87912139485036,36.61029864835742],[-121.87912400239377,36.610118484706234]]]},"properties":{"id":"usgs-OffshoreMonterey-8ca813f1-029","block_id":"OffshoreMonterey","source_url":"https://cmgds.marine.usgs.gov/data/csmp/OffshoreMonterey/data/SeafloorCharacter_2m_OffshoreMonterey.zip","metadata_url":"https://cmgds.marine.usgs.gov/data/csmp/OffshoreMonterey/metadata/SeafloorCharacter_2m_OffshoreMonterey_metadata.xml","source_file_sha256":"8ca813f1fbfd7afb231914d7a9ebdb5667559bf0172a2024f3d45e9180d94e08","source_metadata_sha256":"3ed18fdaac9509ed23dac4fb976da9cd77c0d1509e4a6d28a090ce2b65e341db","source_year":"2016","source_class":"Class 3 \u00b7 hard, rugose rock/boulder","approx_original_area_m2":40382,"display_resolution_m":20,"fishing_target":false,"exportable":false,"depth_qualified":false,"fish_confirmed":false,"mpa_screened_at":"2026-09-23T20:44:08Z"}},{"type":"Feature","geometry":{"type":"Polygon","coordinates":[[[-121.87375171542566,36.610428203253726],[-121.8735280877225,36.61042608931151],[-121.87352284652097,36.61078641589743],[-121.87329921780118,36.61078430150807],[-121.87329659664553,36.61096446477879],[-121.87284933823592,36.61096023471381],[-121.87262046356501,36.611318445493716],[-121.87239683337856,36.611316329384714],[-121.87240470315527,36.61077583975515],[-121.87218107455213,36.61077372326803],[-121.87218632199333,36.61041339684785],[-121.87196269445346,36.61041127996882],[-121.87196007022455,36.61059144316791],[-121.87151281417492,36.610587208123604],[-121.87152068991155,36.61004671859241],[-121.87219156934128,36.61005307040516],[-121.87219681659603,36.60969274394001],[-121.87309131866945,36.60970120703964],[-121.87287293715792,36.60933876532349],[-121.87354381076828,36.60934510941888],[-121.87354643119441,36.60916494608377],[-121.8737700552579,36.60916705992938],[-121.87377529500048,36.6088067332147],[-121.87511703363147,36.60881940731281],[-121.8751144168914,36.60899957075571],[-121.87600891185747,36.60900801181916],[-121.87600629717389,36.60918817531154],[-121.8762299214935,36.609190284542365],[-121.87622207886331,36.609730775027074],[-121.87533280808802,36.60936200854734],[-121.87532757548506,36.60972233542135],[-121.87488032393556,36.60971811310128],[-121.87465146238006,36.610076328080766],[-121.87420682784987,36.609891939834306],[-121.87397796267803,36.61025015344741],[-121.8737543354715,36.61024803993854],[-121.87375171542566,36.610428203253726]],[[-121.87308083238614,36.61042186016846],[-121.87286244898111,36.61005941844206],[-121.87241519586455,36.610055186836995],[-121.8724125727222,36.61023535007497],[-121.87218894567896,36.610233233629316],[-121.87218632199333,36.61041339684785],[-121.87308083238614,36.61042186016846]],[[-121.87421206569887,36.609531613109404],[-121.87398844054887,36.609529500075254],[-121.87399105995843,36.60934933671816],[-121.8737674353517,36.609347223278284],[-121.87376219546945,36.60970754995925],[-121.87353856984613,36.60970543607225],[-121.87353594935017,36.609885599390495],[-121.87420682784987,36.609891939834306],[-121.87421206569887,36.609531613109404]],[[-121.87421468458847,36.60935144973851],[-121.87421730345477,36.60917128636202],[-121.8739936793447,36.60916917335546],[-121.87399105995843,36.60934933671816],[-121.87421468458847,36.60935144973851]],[[-121.87444092758817,36.60917339894905],[-121.87444354591128,36.60899323555313],[-121.87421992229785,36.608991122979894],[-121.87421730345477,36.60917128636202],[-121.87444092758817,36.60917339894905]],[[-121.87375695549412,36.61006787661772],[-121.87330970219097,36.61006364836897],[-121.87330708112844,36.61024381166219],[-121.8737543354715,36.61024803993854],[-121.87375695549412,36.61006787661772]],[[-121.87443830924178,36.609353562339344],[-121.87443569087213,36.60953372572401],[-121.87465931606872,36.609535837919104],[-121.87466193391842,36.60935567452063],[-121.87443830924178,36.609353562339344]],[[-121.87488555861833,36.6093577862824],[-121.87488817592484,36.60917762286454],[-121.87466455174486,36.609175511116554],[-121.87466193391842,36.60935567452063],[-121.87488555861833,36.6093577862824]]]},"properties":{"id":"usgs-OffshoreMonterey-8ca813f1-030","block_id":"OffshoreMonterey","source_url":"https://cmgds.marine.usgs.gov/data/csmp/OffshoreMonterey/data/SeafloorCharacter_2m_OffshoreMonterey.zip","metadata_url":"https://cmgds.marine.usgs.gov/data/csmp/OffshoreMonterey/metadata/SeafloorCharacter_2m_OffshoreMonterey_metadata.xml","source_file_sha256":"8ca813f1fbfd7afb231914d7a9ebdb5667559bf0172a2024f3d45e9180d94e08","source_metadata_sha256":"3ed18fdaac9509ed23dac4fb976da9cd77c0d1509e4a6d28a090ce2b65e341db","source_year":"2016","source_class":"Class 3 \u00b7 hard, rugose rock/boulder","approx_original_area_m2":39582,"display_resolution_m":20,"fishing_target":false,"exportable":false,"depth_qualified":false,"fish_confirmed":false,"mpa_screened_at":"2026-09-23T20:44:08Z"}},{"type":"Feature","geometry":{"type":"Polygon","coordinates":[[[-121.94575120840919,36.54603830166359],[-121.94575365523457,36.54585813207749],[-121.94597710218824,36.54586010750257],[-121.94598199473705,36.54549976828772],[-121.94620544067578,36.545501743268396],[-121.94643377702474,36.54514337854167],[-121.94665722197026,36.54514535265936],[-121.94665966661357,36.54496518299365],[-121.94688311106249,36.544967156679874],[-121.94688555516574,36.544786986995675],[-121.94710899911803,36.54478896025043],[-121.94711144268125,36.54460879054774],[-121.94733488613697,36.54461076337102],[-121.94733244309211,36.54479093308659],[-121.94777688907554,36.544975047238914],[-121.94777444702396,36.54515521696906],[-121.9479978920999,36.54515718857523],[-121.94799300896838,36.5455175280445],[-121.94754611676481,36.54551358436203],[-121.94732755693727,36.54515127250094],[-121.94687822279086,36.54532749603148],[-121.94687577862244,36.54550766569888],[-121.94732267069561,36.545511611892906],[-121.94731778436714,36.5458719512625],[-121.94709433728298,36.545869978348996],[-121.9470918935678,36.5460501480125],[-121.94642155089062,36.54604422672175],[-121.94641910559862,36.54622439634096],[-121.94664255365431,36.54622637053605],[-121.94686111315612,36.54658868358577],[-121.94641421494946,36.54658473556263],[-121.94641176959229,36.54676490516506],[-121.94601074984813,36.54676136017526],[-121.94570979027098,36.546037935380724],[-121.94575120840919,36.54603830166359]]]},"properties":{"id":"usgs-OffshoreMonterey-8ca813f1-031","block_id":"OffshoreMonterey","source_url":"https://cmgds.marine.usgs.gov/data/csmp/OffshoreMonterey/data/SeafloorCharacter_2m_OffshoreMonterey.zip","metadata_url":"https://cmgds.marine.usgs.gov/data/csmp/OffshoreMonterey/metadata/SeafloorCharacter_2m_OffshoreMonterey_metadata.xml","source_file_sha256":"8ca813f1fbfd7afb231914d7a9ebdb5667559bf0172a2024f3d45e9180d94e08","source_metadata_sha256":"3ed18fdaac9509ed23dac4fb976da9cd77c0d1509e4a6d28a090ce2b65e341db","source_year":"2016","source_class":"Class 3 \u00b7 hard, rugose rock/boulder","approx_original_area_m2":38783,"display_resolution_m":20,"fishing_target":false,"exportable":false,"depth_qualified":false,"fish_confirmed":false,"mpa_screened_at":"2026-09-23T20:44:08Z"}},{"type":"Feature","geometry":{"type":"Polygon","coordinates":[[[-121.98219249924573,36.613025544153565],[-121.9819688560992,36.6130236335939],[-121.98196411894303,36.613383972822525],[-121.98285632928722,36.613571782298926],[-121.98285396273704,36.61375195194913],[-121.9817357364967,36.613742400999584],[-121.98173336732484,36.61392257058185],[-121.98195701305089,36.61392448162352],[-121.9819475382334,36.614645159946576],[-121.98172389042678,36.614643248855],[-121.98172152114964,36.61482341840931],[-121.98127659487677,36.614639425412875],[-121.98127896517317,36.61445925587795],[-121.98105531794994,36.61445734353988],[-121.98106005951982,36.6140970044782],[-121.98061276721721,36.614093178593066],[-121.98061513901084,36.6139130090788],[-121.98106243027317,36.61391683493897],[-121.98106480100545,36.61373666539414],[-121.98061751078339,36.61373283955895],[-121.98061988253484,36.61355267003351],[-121.98084352711521,36.613554583148435],[-121.98084826951467,36.6131942440558],[-121.98040098245554,36.61319041745627],[-121.98040572685119,36.612830078391234],[-121.98018208439348,36.612828164487],[-121.98041047116253,36.61246973930381],[-121.98063411260111,36.612471652763425],[-121.98063648420509,36.61229148319884],[-121.98018920238918,36.61228765588497],[-121.98041758747146,36.61192923063076],[-121.9815357870741,36.61193879354529],[-121.9815334175926,36.612118963171],[-121.98175705809649,36.61212087450754],[-121.98175232011054,36.61248121376714],[-121.98219960326188,36.612485035231245],[-121.98242797973455,36.612126605999435],[-121.98265162032271,36.6121285156575],[-121.98264451955335,36.61266902468817],[-121.98286816172285,36.612670933964004],[-121.98286579527777,36.612851103642164],[-121.98219486727217,36.61284537451838],[-121.98219249924573,36.613025544153565]],[[-121.98152867856649,36.61247930240565],[-121.98152630902185,36.61265947201457],[-121.98174995108599,36.61266138338855],[-121.98175232011054,36.61248121376714],[-121.98152867856649,36.61247930240565]],[[-121.98219723527754,36.612665204877615],[-121.98197359317125,36.612663294342894],[-121.98197122464573,36.61284346397119],[-121.98219486727217,36.61284537451838],[-121.98219723527754,36.612665204877615]],[[-121.98129555665821,36.61319806897679],[-121.98129318650922,36.61337823855087],[-121.98151683063276,36.613380150394384],[-121.98151920026162,36.613199980807835],[-121.98129555665821,36.61319806897679]],[[-121.98174284388608,36.61320189221924],[-121.98174521297376,36.613021722614604],[-121.9815215698694,36.613019811215665],[-121.98151920026162,36.613199980807835],[-121.98174284388608,36.61320189221924]]]},"properties":{"id":"usgs-OffshoreMonterey-8ca813f1-032","block_id":"OffshoreMonterey","source_url":"https://cmgds.marine.usgs.gov/data/csmp/OffshoreMonterey/data/SeafloorCharacter_2m_OffshoreMonterey.zip","metadata_url":"https://cmgds.marine.usgs.gov/data/csmp/OffshoreMonterey/metadata/SeafloorCharacter_2m_OffshoreMonterey_metadata.xml","source_file_sha256":"8ca813f1fbfd7afb231914d7a9ebdb5667559bf0172a2024f3d45e9180d94e08","source_metadata_sha256":"3ed18fdaac9509ed23dac4fb976da9cd77c0d1509e4a6d28a090ce2b65e341db","source_year":"2016","source_class":"Class 3 \u00b7 hard, rugose rock/boulder","approx_original_area_m2":38383,"display_resolution_m":20,"fishing_target":false,"exportable":false,"depth_qualified":false,"fish_confirmed":false,"mpa_screened_at":"2026-09-23T20:44:08Z"}},{"type":"Feature","geometry":{"type":"Polygon","coordinates":[[[-121.9068827222909,36.68749664114228],[-121.90710147620105,36.6878590221933],[-121.90777303900634,36.68786518485581],[-121.90777049090384,36.68804534789535],[-121.90821820059804,36.68804945426011],[-121.90821310641307,36.688409780375906],[-121.9077653946309,36.688405673957575],[-121.90776284646046,36.68858583698027],[-121.90731513372496,36.68858172885215],[-121.9073202321312,36.68822140285475],[-121.90709637684148,36.68821934818637],[-121.90709382712768,36.68839951117448],[-121.90664611557229,36.68839540054868],[-121.90665631846737,36.68767474866979],[-121.90621116288975,36.687490473511374],[-121.90621626624385,36.687130147580646],[-121.90644011831093,36.687132203851526],[-121.90644266943201,36.68695204086432],[-121.9068878225132,36.6871363151311],[-121.90688527241339,36.68731647813949],[-121.90733297775033,36.687320587762954],[-121.90733807583945,36.686960261686934],[-121.90778832714594,36.68678420650065],[-121.90779342301133,36.68642388033733],[-121.90734572280323,36.68641977253076],[-121.90734827174585,36.68623960946746],[-121.90712442219777,36.68623755494651],[-121.9071218727332,36.6864177179964],[-121.9066741726612,36.68641360766554],[-121.90668182411856,36.68587311857946],[-121.90690567257742,36.68587517391503],[-121.90690822249597,36.68569501086169],[-121.90713207045555,36.68569706576315],[-121.9071269716397,36.68605739189101],[-121.90802236788035,36.68606560739697],[-121.90801727314938,36.68642593360954],[-121.90824112331012,36.686427986461034],[-121.90824367016498,36.68624782334416],[-121.90869136951052,36.686251927758214],[-121.90868627786597,36.68661225403989],[-121.90935783018587,36.68661840758589],[-121.90935528589553,36.686798570758434],[-121.90913143457763,36.68679651998377],[-121.90912380000509,36.6873370094276],[-121.90867354835873,36.68751306964577],[-121.90866845639748,36.687873395848804],[-121.90799689332015,36.68786723823517],[-121.90777813514345,36.687504858759894],[-121.9068827222909,36.68749664114228]],[[-121.90800198841328,36.687506912112454],[-121.90800708341585,36.68714658596728],[-121.90778323118998,36.6871445326415],[-121.90777813514345,36.687504858759894],[-121.90800198841328,36.687506912112454]]]},"properties":{"id":"usgs-OffshoreMonterey-8ca813f1-033","block_id":"OffshoreMonterey","source_url":"https://cmgds.marine.usgs.gov/data/csmp/OffshoreMonterey/data/SeafloorCharacter_2m_OffshoreMonterey.zip","metadata_url":"https://cmgds.marine.usgs.gov/data/csmp/OffshoreMonterey/metadata/SeafloorCharacter_2m_OffshoreMonterey_metadata.xml","source_file_sha256":"8ca813f1fbfd7afb231914d7a9ebdb5667559bf0172a2024f3d45e9180d94e08","source_metadata_sha256":"3ed18fdaac9509ed23dac4fb976da9cd77c0d1509e4a6d28a090ce2b65e341db","source_year":"2016","source_class":"Class 3 \u00b7 hard, rugose rock/boulder","approx_original_area_m2":37983,"display_resolution_m":20,"fishing_target":false,"exportable":false,"depth_qualified":false,"fish_confirmed":false,"mpa_screened_at":"2026-09-23T20:44:08Z"}},{"type":"Feature","geometry":{"type":"Polygon","coordinates":[[[-121.95795039773532,36.65263774607575],[-121.95795282565491,36.65245757901534],[-121.95728155946391,36.65245170420687],[-121.957279129981,36.65263187122895],[-121.9570553741061,36.65262991210623],[-121.95706509399267,36.6519092440355],[-121.95728884778315,36.65191120310708],[-121.95729127717972,36.65173103606261],[-121.95706752391034,36.651729077003814],[-121.95707238368087,36.65136874292366],[-121.9572961359081,36.651370701956886],[-121.95730099455014,36.651010367828746],[-121.95752474575681,36.651012326416215],[-121.9575271745244,36.65083215933097],[-121.95775092523164,36.650834117485445],[-121.95775578165991,36.65047378327259],[-121.9582057081946,36.65029753112948],[-121.95821298948422,36.64975702967475],[-121.95843673712996,36.64975898649203],[-121.95844159017314,36.64939865213534],[-121.95888908344521,36.64940256445828],[-121.95888665797645,36.649582731664964],[-121.9586629108086,36.64958077570081],[-121.9586556327099,36.65012127724896],[-121.95843188400052,36.650119320826335],[-121.95842945740345,36.65029948798508],[-121.95887695588591,36.65030340043567],[-121.95887938144088,36.650123233251406],[-121.95955062776328,36.6501290987376],[-121.95954577975812,36.6504894331771],[-121.95932202992033,36.650487478409715],[-121.95931960536436,36.6506676456083],[-121.95887210471136,36.65066373478743],[-121.9588745303094,36.650483567614344],[-121.95865078053635,36.65048161158638],[-121.95864592827652,36.65084194590142],[-121.95909342992853,36.65084585758821],[-121.95908857966678,36.651206191931884],[-121.95841732409473,36.6512003236948],[-121.9584148973683,36.65138049081996],[-121.95886240210356,36.651384403423734],[-121.95885755067036,36.651744737708285],[-121.95863379724976,36.65174278159097],[-121.95862409204031,36.6524634500418],[-121.9584003365569,36.6524614934532],[-121.95839790967955,36.65264166053915],[-121.95795039773532,36.65263774607575]],[[-121.957969820488,36.651196409435734],[-121.95774606871701,36.6511944516759],[-121.95774364042735,36.65137461876273],[-121.95796739271942,36.65137657653534],[-121.957969820488,36.651196409435734]],[[-121.95819842671087,36.65083803253382],[-121.95797467596046,36.65083607521973],[-121.95797224823501,36.651016242330535],[-121.95819599950651,36.6510181996574],[-121.95819842671087,36.65083803253382]]]},"properties":{"id":"usgs-OffshoreMonterey-8ca813f1-034","block_id":"OffshoreMonterey","source_url":"https://cmgds.marine.usgs.gov/data/csmp/OffshoreMonterey/data/SeafloorCharacter_2m_OffshoreMonterey.zip","metadata_url":"https://cmgds.marine.usgs.gov/data/csmp/OffshoreMonterey/metadata/SeafloorCharacter_2m_OffshoreMonterey_metadata.xml","source_file_sha256":"8ca813f1fbfd7afb231914d7a9ebdb5667559bf0172a2024f3d45e9180d94e08","source_metadata_sha256":"3ed18fdaac9509ed23dac4fb976da9cd77c0d1509e4a6d28a090ce2b65e341db","source_year":"2016","source_class":"Class 3 \u00b7 hard, rugose rock/boulder","approx_original_area_m2":36784,"display_resolution_m":20,"fishing_target":false,"exportable":false,"depth_qualified":false,"fish_confirmed":false,"mpa_screened_at":"2026-09-23T20:44:08Z"}},{"type":"Feature","geometry":{"type":"Polygon","coordinates":[[[-121.96469737821081,36.633416394549315],[-121.96469978872535,36.633236226520594],[-121.96447608841473,36.63323428221598],[-121.96471425136271,36.63215521823072],[-121.96493794857115,36.632157162039285],[-121.96516646442647,36.631798769235765],[-121.96539016063662,36.63180071217913],[-121.96539256939666,36.63162054406197],[-121.96606365659396,36.63162637033456],[-121.96583514538095,36.63198476494302],[-121.96628253899242,36.631988647915705],[-121.96628735236922,36.6316283115856],[-121.966734743984,36.631632192827965],[-121.96673714959918,36.63145202462919],[-121.96740823562016,36.63145784330543],[-121.96740102339572,36.6319983479989],[-121.96695603470754,36.63181430102512],[-121.96672752701024,36.63217269739072],[-121.96762231674364,36.63218045498843],[-121.96762472034057,36.632000286755805],[-121.9678484173068,36.632002225092776],[-121.96784361113276,36.63236256157773],[-121.96761991312533,36.63236062321544],[-121.96761750948566,36.63254079143687],[-121.9671701124938,36.63253691342723],[-121.96716530306799,36.63289724980267],[-121.96694160356293,36.63289531014264],[-121.96693919829735,36.6330754783093],[-121.96649179831023,36.63307159770414],[-121.96649420461702,36.632891429562804],[-121.96559940698215,36.63288366336401],[-121.96559459018228,36.6332439995397],[-121.96514718941093,36.63324011387002],[-121.96514477993766,36.63342028192412],[-121.96469737821081,36.633416394549315]],[[-121.9669488192314,36.632354805609076],[-121.96605402767247,36.632347042921694],[-121.96605162038863,36.63252721105449],[-121.96582792203182,36.632525269320155],[-121.96582551420597,36.63270543743468],[-121.96627291198219,36.632709320508745],[-121.96627531876682,36.632529152368875],[-121.96649901716647,36.632531093263346],[-121.96649661090242,36.63271126141589],[-121.96694400880713,36.632715141970394],[-121.9669488192314,36.632354805609076]],[[-121.96538534305236,36.63216104839665],[-121.96516164580105,36.63215910542792],[-121.96515923645622,36.63233927351559],[-121.96538293422812,36.63234121649699],[-121.96538534305236,36.63216104839665]]]},"properties":{"id":"usgs-OffshoreMonterey-8ca813f1-035","block_id":"OffshoreMonterey","source_url":"https://cmgds.marine.usgs.gov/data/csmp/OffshoreMonterey/data/SeafloorCharacter_2m_OffshoreMonterey.zip","metadata_url":"https://cmgds.marine.usgs.gov/data/csmp/OffshoreMonterey/metadata/SeafloorCharacter_2m_OffshoreMonterey_metadata.xml","source_file_sha256":"8ca813f1fbfd7afb231914d7a9ebdb5667559bf0172a2024f3d45e9180d94e08","source_metadata_sha256":"3ed18fdaac9509ed23dac4fb976da9cd77c0d1509e4a6d28a090ce2b65e341db","source_year":"2016","source_class":"Class 3 \u00b7 hard, rugose rock/boulder","approx_original_area_m2":32785,"display_resolution_m":20,"fishing_target":false,"exportable":false,"depth_qualified":false,"fish_confirmed":false,"mpa_screened_at":"2026-09-23T20:44:08Z"}},{"type":"Feature","geometry":{"type":"Polygon","coordinates":[[[-121.87440164994973,36.61187584921329],[-121.8746305181869,36.61151763493123],[-121.87485414912648,36.61151974685843],[-121.87507254588846,36.61188218507762],[-121.87462528190602,36.61187796158764],[-121.87439641253579,36.61223617581964],[-121.87506731159458,36.61224251176669],[-121.87528047787409,36.61296527627571],[-121.87550411304365,36.612967387054454],[-121.8755093454434,36.61260706035523],[-121.87573297959618,36.612609170686845],[-121.87596184399895,36.61225095382207],[-121.87640649627906,36.61243533575108],[-121.87640388219411,36.61261549916421],[-121.87595399862403,36.61279144397884],[-121.87595138345257,36.6129716073532],[-121.87572774823649,36.612969497413616],[-121.87572251678381,36.61332982411791],[-121.87505160815488,36.61332349169899],[-121.87504637348893,36.613683818298114],[-121.87437546194926,36.61367748202018],[-121.87438069973551,36.61331715550377],[-121.87393080765084,36.6134930925091],[-121.8739360474707,36.61313276603663],[-121.87483320760478,36.61296105345946],[-121.87484106084985,36.612420563526236],[-121.8743937937939,36.61241633911438],[-121.87461219079671,36.61277877813029],[-121.87394128719748,36.61277243954167],[-121.8737281339653,36.61204967283746],[-121.8732782479038,36.61222560751644],[-121.87328086922248,36.61204544428507],[-121.87260997228314,36.61203909830972],[-121.87261259513858,36.61185893511414],[-121.87283622690835,36.61186105084502],[-121.87284409377479,36.611320561183156],[-121.8732887330388,36.61150495455723],[-121.87329659664553,36.61096446477879],[-121.87352022588529,36.61096657918195],[-121.87352284652097,36.61078641589743],[-121.87374647526408,36.610788529867236],[-121.87396486481578,36.611150970036114],[-121.87351498454406,36.61132690573413],[-121.87350712235762,36.61186739552025],[-121.87373075422067,36.61186950957286],[-121.87373337445278,36.61168934630264],[-121.87418063720882,36.61169357312157],[-121.87417801801675,36.61187373641939],[-121.87440164994973,36.61187584921329]],[[-121.87395438610706,36.61187162320591],[-121.8739517663717,36.6120517864843],[-121.8741753988014,36.61205389971158],[-121.87417801801675,36.61187373641939],[-121.87395438610706,36.61187162320591]]]},"properties":{"id":"usgs-OffshoreMonterey-8ca813f1-036","block_id":"OffshoreMonterey","source_url":"https://cmgds.marine.usgs.gov/data/csmp/OffshoreMonterey/data/SeafloorCharacter_2m_OffshoreMonterey.zip","metadata_url":"https://cmgds.marine.usgs.gov/data/csmp/OffshoreMonterey/metadata/SeafloorCharacter_2m_OffshoreMonterey_metadata.xml","source_file_sha256":"8ca813f1fbfd7afb231914d7a9ebdb5667559bf0172a2024f3d45e9180d94e08","source_metadata_sha256":"3ed18fdaac9509ed23dac4fb976da9cd77c0d1509e4a6d28a090ce2b65e341db","source_year":"2016","source_class":"Class 3 \u00b7 hard, rugose rock/boulder","approx_original_area_m2":31186,"display_resolution_m":20,"fishing_target":false,"exportable":false,"depth_qualified":false,"fish_confirmed":false,"mpa_screened_at":"2026-09-23T20:44:08Z"}},{"type":"Feature","geometry":{"type":"Polygon","coordinates":[[[-121.96740823562016,36.63145784330543],[-121.96741785162037,36.63073717030243],[-121.96764154492121,36.63073910897075],[-121.9676439483473,36.630558940693355],[-121.967420255567,36.63055700203769],[-121.9674226594923,36.630376833767365],[-121.96787244689602,36.63020054233226],[-121.96787484973754,36.63002037402541],[-121.96809854099895,36.63002231180335],[-121.96832703581856,36.62966391248035],[-121.96855072608166,36.629665849393234],[-121.96855312729753,36.62948568103168],[-121.96900050684677,36.629489553572526],[-121.96900530713243,36.62912921678207],[-121.96945508375482,36.628952919163986],[-121.96945748280332,36.628772750729496],[-121.96968117057061,36.62877468547983],[-121.96968836602672,36.62823418010492],[-121.96991205225385,36.62823611439751],[-121.96990246035175,36.628956788270045],[-121.97012614868221,36.628958722193275],[-121.97011176331306,36.63003973290992],[-121.969666779083,36.62985569607858],[-121.96966917771755,36.62967552765944],[-121.96989286810876,36.62967746205303],[-121.96989766427286,36.62931712517273],[-121.96922659628639,36.62931132080807],[-121.96922419665343,36.62949148921313],[-121.96944788648142,36.62949342443385],[-121.96944308819259,36.62985376125247],[-121.96921939732353,36.62985182600648],[-121.96921459790832,36.63021216277743],[-121.96899090601954,36.63021022708629],[-121.96898130485108,36.63093090051051],[-121.96808412675301,36.6311033216363],[-121.96785562640777,36.631461720323394],[-121.96740823562016,36.63145784330543]],[[-121.96853871968227,36.63056669111708],[-121.96831502681648,36.63056475414099],[-121.96831262495203,36.63074492245633],[-121.9685363183384,36.63074685944507],[-121.96853871968227,36.63056669111708]]]},"properties":{"id":"usgs-OffshoreMonterey-8ca813f1-037","block_id":"OffshoreMonterey","source_url":"https://cmgds.marine.usgs.gov/data/csmp/OffshoreMonterey/data/SeafloorCharacter_2m_OffshoreMonterey.zip","metadata_url":"https://cmgds.marine.usgs.gov/data/csmp/OffshoreMonterey/metadata/SeafloorCharacter_2m_OffshoreMonterey_metadata.xml","source_file_sha256":"8ca813f1fbfd7afb231914d7a9ebdb5667559bf0172a2024f3d45e9180d94e08","source_metadata_sha256":"3ed18fdaac9509ed23dac4fb976da9cd77c0d1509e4a6d28a090ce2b65e341db","source_year":"2016","source_class":"Class 3 \u00b7 hard, rugose rock/boulder","approx_original_area_m2":29987,"display_resolution_m":20,"fishing_target":false,"exportable":false,"depth_qualified":false,"fish_confirmed":false,"mpa_screened_at":"2026-09-23T20:44:08Z"}},{"type":"Feature","geometry":{"type":"Polygon","coordinates":[[[-121.9068229182993,36.644251201439076],[-121.90681527940542,36.644791694336035],[-121.90703900893891,36.64479374745663],[-121.90703646311658,36.6449739117578],[-121.90658900303048,36.64496980506974],[-121.90659154989457,36.644789640795366],[-121.90636782040639,36.64478758683461],[-121.90636272561382,36.64514791535091],[-121.90613899510655,36.64514586094325],[-121.90614409094088,36.64478553245377],[-121.90592036149803,36.64478347765284],[-121.9059229099021,36.644603313413086],[-121.90569918100282,36.64460125820549],[-121.90569408313026,36.64496158665258],[-121.9054703532119,36.64495953099807],[-121.90547290268036,36.64477936679074],[-121.904801714624,36.64477319734699],[-121.90480426563244,36.644593033174324],[-121.90458053684658,36.64459097586633],[-121.90458563983718,36.64423064753102],[-121.90413818441701,36.64422653170851],[-121.90414328940035,36.643866203404436],[-121.90436701605736,36.643868261498866],[-121.9043644640979,36.64404842566714],[-121.90481191852174,36.644052540622624],[-121.90481702033462,36.64369221222677],[-121.90436956799417,36.64368809732499],[-121.90437467179976,36.64332776896035],[-121.90481957120706,36.64351204802041],[-121.90482212205683,36.64333188380844],[-121.90504584721941,36.64333394060238],[-121.90527467195292,36.64297566848182],[-121.9057195715871,36.64315994419263],[-121.90571192528782,36.64370043698956],[-121.90593565158284,36.643702492130096],[-121.90593310329197,36.64388265639793],[-121.90638055699169,36.643886765445615],[-121.90637546242547,36.644247094018056],[-121.9068229182993,36.644251201439076]],[[-121.90570427878477,36.644240929735965],[-121.90525682313765,36.64423681811421],[-121.90547545212617,36.64459920257782],[-121.90569918100282,36.64460125820549],[-121.90570427878477,36.644240929735965]],[[-121.90615173452257,36.644245039677436],[-121.90614663882408,36.6446053682006],[-121.9063703677687,36.644607422568036],[-121.90637546242547,36.644247094018056],[-121.90615173452257,36.644245039677436]]]},"properties":{"id":"usgs-OffshoreMonterey-8ca813f1-038","block_id":"OffshoreMonterey","source_url":"https://cmgds.marine.usgs.gov/data/csmp/OffshoreMonterey/data/SeafloorCharacter_2m_OffshoreMonterey.zip","metadata_url":"https://cmgds.marine.usgs.gov/data/csmp/OffshoreMonterey/metadata/SeafloorCharacter_2m_OffshoreMonterey_metadata.xml","source_file_sha256":"8ca813f1fbfd7afb231914d7a9ebdb5667559bf0172a2024f3d45e9180d94e08","source_metadata_sha256":"3ed18fdaac9509ed23dac4fb976da9cd77c0d1509e4a6d28a090ce2b65e341db","source_year":"2016","source_class":"Class 3 \u00b7 hard, rugose rock/boulder","approx_original_area_m2":26388,"display_resolution_m":20,"fishing_target":false,"exportable":false,"depth_qualified":false,"fish_confirmed":false,"mpa_screened_at":"2026-09-23T20:44:08Z"}},{"type":"Feature","geometry":{"type":"Polygon","coordinates":[[[-121.87779007126412,36.60956536459939],[-121.87757166789947,36.60920293111721],[-121.87846877493236,36.60903119013286],[-121.87847138387339,36.60885102648354],[-121.8780241368724,36.60884681604791],[-121.87802935676467,36.60848648878739],[-121.87847660168596,36.608490699168065],[-121.87848181940582,36.6081303718301],[-121.87893167012562,36.60795441677286],[-121.87893688562679,36.607594089346236],[-121.87938673221062,36.607418132484234],[-121.8793893388635,36.60723796872941],[-121.87961295781241,36.60724007151631],[-121.87960513934401,36.60778056280511],[-121.8793815188354,36.607778459977034],[-121.87937109180704,36.60849911489519],[-121.87982094275876,36.60832315649307],[-121.87982615419327,36.6079628289791],[-121.88027339636618,36.607967032565156],[-121.88026818701134,36.60832736013402],[-121.88049180917241,36.60832946132522],[-121.88048920498018,36.60850962511495],[-121.87959210810025,36.6086813815074],[-121.87958950178202,36.608861545231],[-121.87869500740871,36.608853131072074],[-121.8786923989876,36.60903329473513],[-121.87891602306605,36.60903539891788],[-121.87891080719419,36.60939572625461],[-121.87823993190877,36.60938941236533],[-121.87823732237823,36.60956957598405],[-121.87779007126412,36.60956536459939]]]},"properties":{"id":"usgs-OffshoreMonterey-8ca813f1-039","block_id":"OffshoreMonterey","source_url":"https://cmgds.marine.usgs.gov/data/csmp/OffshoreMonterey/data/SeafloorCharacter_2m_OffshoreMonterey.zip","metadata_url":"https://cmgds.marine.usgs.gov/data/csmp/OffshoreMonterey/metadata/SeafloorCharacter_2m_OffshoreMonterey_metadata.xml","source_file_sha256":"8ca813f1fbfd7afb231914d7a9ebdb5667559bf0172a2024f3d45e9180d94e08","source_metadata_sha256":"3ed18fdaac9509ed23dac4fb976da9cd77c0d1509e4a6d28a090ce2b65e341db","source_year":"2016","source_class":"Class 3 \u00b7 hard, rugose rock/boulder","approx_original_area_m2":22390,"display_resolution_m":20,"fishing_target":false,"exportable":false,"depth_qualified":false,"fish_confirmed":false,"mpa_screened_at":"2026-09-23T20:44:08Z"}},{"type":"Feature","geometry":{"type":"Polygon","coordinates":[[[-121.97849536710243,36.622003389476326],[-121.97827645411013,36.621641133284854],[-121.97872616653127,36.621464799434996],[-121.97873092015087,36.621104461059545],[-121.97895458641146,36.62110637805711],[-121.97895933890597,36.620746039634255],[-121.97918300414709,36.62074795618704],[-121.97919250680155,36.620027279224175],[-121.97941616998261,36.62002919530717],[-121.97942092014263,36.61966885676719],[-121.97964458230426,36.619670772405435],[-121.97964695683234,36.619490603114535],[-121.97987061849483,36.61949251832055],[-121.97987536644716,36.61913217969698],[-121.98009902709022,36.619134094458275],[-121.98010140051447,36.618953925125595],[-121.98077238100953,36.61895966685363],[-121.98076763726154,36.61932000558835],[-121.98054397603487,36.61931809207374],[-121.98031082291814,36.62003685544179],[-121.97986112233707,36.62021319550058],[-121.97985399999726,36.62075370332689],[-121.97940429421327,36.62093004155931],[-121.97939954375782,36.621290380020994],[-121.97917587693462,36.62128846385045],[-121.97894270480573,36.622007224016336],[-121.97849536710243,36.622003389476326]]]},"properties":{"id":"usgs-OffshoreMonterey-8ca813f1-040","block_id":"OffshoreMonterey","source_url":"https://cmgds.marine.usgs.gov/data/csmp/OffshoreMonterey/data/SeafloorCharacter_2m_OffshoreMonterey.zip","metadata_url":"https://cmgds.marine.usgs.gov/data/csmp/OffshoreMonterey/metadata/SeafloorCharacter_2m_OffshoreMonterey_metadata.xml","source_file_sha256":"8ca813f1fbfd7afb231914d7a9ebdb5667559bf0172a2024f3d45e9180d94e08","source_metadata_sha256":"3ed18fdaac9509ed23dac4fb976da9cd77c0d1509e4a6d28a090ce2b65e341db","source_year":"2016","source_class":"Class 3 \u00b7 hard, rugose rock/boulder","approx_original_area_m2":21191,"display_resolution_m":20,"fishing_target":false,"exportable":false,"depth_qualified":false,"fish_confirmed":false,"mpa_screened_at":"2026-09-23T20:44:08Z"}},{"type":"Feature","geometry":{"type":"Polygon","coordinates":[[[-121.8685688012775,36.61308192072012],[-121.86857406596583,36.61272159488899],[-121.86812679813788,36.61271734692558],[-121.86812153136944,36.61307767270124],[-121.86789789645054,36.613075548062426],[-121.8679057981282,36.6125350594321],[-121.86768216479283,36.61253293441533],[-121.86768743350095,36.6121726086614],[-121.86813733139404,36.611996695306765],[-121.86791896712296,36.61163424493576],[-121.86836886135269,36.61145833062805],[-121.86837149401805,36.61127816767855],[-121.86859512378369,36.611280291339554],[-121.86858985946955,36.611640617260655],[-121.86903712115102,36.611644863379446],[-121.86902922762444,36.612185352302085],[-121.868805595212,36.61218322941089],[-121.86880296346968,36.612363392359995],[-121.86925022935806,36.61236763775052],[-121.86946334137465,36.613090411722894],[-121.86968697645744,36.61309253342463],[-121.86967908705019,36.613633022337],[-121.86945545040726,36.61363090059371],[-121.86923707549613,36.61326845255029],[-121.86878717252488,36.61344436993655],[-121.86879243626667,36.613084044100184],[-121.8685688012775,36.61308192072012]],[[-121.86901607127926,36.61308616706067],[-121.86901870259506,36.612906004120205],[-121.86879506810251,36.61290388117357],[-121.86879243626667,36.613084044100184],[-121.86901607127926,36.61308616706067]]]},"properties":{"id":"usgs-OffshoreMonterey-8ca813f1-041","block_id":"OffshoreMonterey","source_url":"https://cmgds.marine.usgs.gov/data/csmp/OffshoreMonterey/data/SeafloorCharacter_2m_OffshoreMonterey.zip","metadata_url":"https://cmgds.marine.usgs.gov/data/csmp/OffshoreMonterey/metadata/SeafloorCharacter_2m_OffshoreMonterey_metadata.xml","source_file_sha256":"8ca813f1fbfd7afb231914d7a9ebdb5667559bf0172a2024f3d45e9180d94e08","source_metadata_sha256":"3ed18fdaac9509ed23dac4fb976da9cd77c0d1509e4a6d28a090ce2b65e341db","source_year":"2016","source_class":"Class 3 \u00b7 hard, rugose rock/boulder","approx_original_area_m2":20791,"display_resolution_m":20,"fishing_target":false,"exportable":false,"depth_qualified":false,"fish_confirmed":false,"mpa_screened_at":"2026-09-23T20:44:08Z"}},{"type":"Feature","geometry":{"type":"Polygon","coordinates":[[[-121.97177334633736,36.62284651369852],[-121.97177813255679,36.62248617619114],[-121.97133079308965,36.62248231471049],[-121.97133318720816,36.62230214597361],[-121.97200419487982,36.622307937527125],[-121.97201615734838,36.62140709356982],[-121.97291082413528,36.62141480951256],[-121.97290843376537,36.621594978365586],[-121.97335576832711,36.62159883384358],[-121.9733533789766,36.62177900271617],[-121.97380071466401,36.621782856540285],[-121.97357226908566,36.622141267591665],[-121.97379593798065,36.622143194318994],[-121.97379116121245,36.62250353207533],[-121.9733438213623,36.6224996781506],[-121.97334143190567,36.6226798469952],[-121.97311776149215,36.62267791939059],[-121.97312254142491,36.62231758172092],[-121.97267520274305,36.622313725302725],[-121.97267759371823,36.62213355648466],[-121.97245392492958,36.622131627658504],[-121.97244914191722,36.622491965263826],[-121.97267281174659,36.62249389411518],[-121.97266563862976,36.62303440051897],[-121.97177334633736,36.62284651369852]]]},"properties":{"id":"usgs-OffshoreMonterey-8ca813f1-042","block_id":"OffshoreMonterey","source_url":"https://cmgds.marine.usgs.gov/data/csmp/OffshoreMonterey/data/SeafloorCharacter_2m_OffshoreMonterey.zip","metadata_url":"https://cmgds.marine.usgs.gov/data/csmp/OffshoreMonterey/metadata/SeafloorCharacter_2m_OffshoreMonterey_metadata.xml","source_file_sha256":"8ca813f1fbfd7afb231914d7a9ebdb5667559bf0172a2024f3d45e9180d94e08","source_metadata_sha256":"3ed18fdaac9509ed23dac4fb976da9cd77c0d1509e4a6d28a090ce2b65e341db","source_year":"2016","source_class":"Class 3 \u00b7 hard, rugose rock/boulder","approx_original_area_m2":20391,"display_resolution_m":20,"fishing_target":false,"exportable":false,"depth_qualified":false,"fish_confirmed":false,"mpa_screened_at":"2026-09-23T20:44:08Z"}},{"type":"Feature","geometry":{"type":"Polygon","coordinates":[[[-121.95593659686025,36.63604276730836],[-121.95594145912376,36.635682432407215],[-121.95616516590496,36.6356843928483],[-121.95616759648362,36.63550422537651],[-121.95639130276578,36.635506185384855],[-121.95638644262819,36.63586652034839],[-121.9566101499733,36.63586847996232],[-121.95661986807944,36.635147809961694],[-121.95572504715939,36.63513996919081],[-121.95572991024821,36.634779634259246],[-121.95595361440446,36.63478159505631],[-121.95596090731368,36.63424109257856],[-121.95663201522639,36.634246972334914],[-121.95663444459103,36.63406680479275],[-121.957081848933,36.63407072250503],[-121.95707942060963,36.63425089007276],[-121.95752682607929,36.63425480613081],[-121.95752439877563,36.6344349737185],[-121.95730069550936,36.63443301588667],[-121.95729583979603,36.634793351019674],[-121.95707213551007,36.63479139274233],[-121.95706485021636,36.63533189536152],[-121.95684114439001,36.635329936625865],[-121.95683142828025,36.63605060665523],[-121.95593659686025,36.63604276730836]]]},"properties":{"id":"usgs-OffshoreMonterey-8ca813f1-043","block_id":"OffshoreMonterey","source_url":"https://cmgds.marine.usgs.gov/data/csmp/OffshoreMonterey/data/SeafloorCharacter_2m_OffshoreMonterey.zip","metadata_url":"https://cmgds.marine.usgs.gov/data/csmp/OffshoreMonterey/metadata/SeafloorCharacter_2m_OffshoreMonterey_metadata.xml","source_file_sha256":"8ca813f1fbfd7afb231914d7a9ebdb5667559bf0172a2024f3d45e9180d94e08","source_metadata_sha256":"3ed18fdaac9509ed23dac4fb976da9cd77c0d1509e4a6d28a090ce2b65e341db","source_year":"2016","source_class":"Class 3 \u00b7 hard, rugose rock/boulder","approx_original_area_m2":17992,"display_resolution_m":20,"fishing_target":false,"exportable":false,"depth_qualified":false,"fish_confirmed":false,"mpa_screened_at":"2026-09-23T20:44:08Z"}},{"type":"Feature","geometry":{"type":"Polygon","coordinates":[[[-121.95021433680192,36.64554246886668],[-121.95022167266907,36.64500196835953],[-121.9499979393707,36.644999996330256],[-121.95000527660504,36.6444594958113],[-121.94978154489112,36.64445752340053],[-121.94978399111334,36.64427735656254],[-121.95023145352114,36.644281300938246],[-121.95022900834073,36.64446146780198],[-121.95045274009816,36.64446343937254],[-121.95045518475767,36.644283272495954],[-121.950902647296,36.64428721435109],[-121.95090020367826,36.64446738125341],[-121.95112393550093,36.64446935156369],[-121.95135255247553,36.64411098759223],[-121.95202374501378,36.64411689466508],[-121.95201886300895,36.64447722860385],[-121.95156895713471,36.64465345785924],[-121.95156651503626,36.64483362478893],[-121.95111904924211,36.64482968537723],[-121.95111171969107,36.645370186055544],[-121.95088798526385,36.64536821568097],[-121.95088554151583,36.64554838254967],[-121.95021433680192,36.64554246886668]],[[-121.95179757263351,36.644295093020226],[-121.95157384126654,36.64429312398308],[-121.95157139921147,36.64447329092397],[-121.95179513109936,36.64447525997396],[-121.95179757263351,36.644295093020226]]]},"properties":{"id":"usgs-OffshoreMonterey-8ca813f1-044","block_id":"OffshoreMonterey","source_url":"https://cmgds.marine.usgs.gov/data/csmp/OffshoreMonterey/data/SeafloorCharacter_2m_OffshoreMonterey.zip","metadata_url":"https://cmgds.marine.usgs.gov/data/csmp/OffshoreMonterey/metadata/SeafloorCharacter_2m_OffshoreMonterey_metadata.xml","source_file_sha256":"8ca813f1fbfd7afb231914d7a9ebdb5667559bf0172a2024f3d45e9180d94e08","source_metadata_sha256":"3ed18fdaac9509ed23dac4fb976da9cd77c0d1509e4a6d28a090ce2b65e341db","source_year":"2016","source_class":"Class 3 \u00b7 hard, rugose rock/boulder","approx_original_area_m2":16393,"display_resolution_m":20,"fishing_target":false,"exportable":false,"depth_qualified":false,"fish_confirmed":false,"mpa_screened_at":"2026-09-23T20:44:08Z"}},{"type":"Feature","geometry":{"type":"Polygon","coordinates":[[[-121.97041036170701,36.5907609496621],[-121.97041754212795,36.59022044070778],[-121.97019396562195,36.59021850907785],[-121.97020114741007,36.58967800011103],[-121.96997757248387,36.58967606809965],[-121.96998236127526,36.58931572878571],[-121.97110023092407,36.589325384523754],[-121.97110262269037,36.589145214795344],[-121.9713261961645,36.589147144672545],[-121.97132380491766,36.58932731441356],[-121.97154737893257,36.589329243884094],[-121.97154259741416,36.58968958337454],[-121.97131902236029,36.58968765387881],[-121.97130706559501,36.59058850244405],[-121.9708599103559,36.59058464206873],[-121.97085751790004,36.590764811739795],[-121.97041036170701,36.5907609496621]]]},"properties":{"id":"usgs-OffshoreMonterey-8ca813f1-045","block_id":"OffshoreMonterey","source_url":"https://cmgds.marine.usgs.gov/data/csmp/OffshoreMonterey/data/SeafloorCharacter_2m_OffshoreMonterey.zip","metadata_url":"https://cmgds.marine.usgs.gov/data/csmp/OffshoreMonterey/metadata/SeafloorCharacter_2m_OffshoreMonterey_metadata.xml","source_file_sha256":"8ca813f1fbfd7afb231914d7a9ebdb5667559bf0172a2024f3d45e9180d94e08","source_metadata_sha256":"3ed18fdaac9509ed23dac4fb976da9cd77c0d1509e4a6d28a090ce2b65e341db","source_year":"2016","source_class":"Class 3 \u00b7 hard, rugose rock/boulder","approx_original_area_m2":15993,"display_resolution_m":20,"fishing_target":false,"exportable":false,"depth_qualified":false,"fish_confirmed":false,"mpa_screened_at":"2026-09-23T20:44:08Z"}},{"type":"Feature","geometry":{"type":"Polygon","coordinates":[[[-121.907363564926,36.685158630969795],[-121.90736866247155,36.68479830475897],[-121.90714481709882,36.68479625034523],[-121.90714736635954,36.684616087244784],[-121.90669967672598,36.68461197718203],[-121.90669457609431,36.68497230332366],[-121.90647073026776,36.68497024763443],[-121.90647583194324,36.68460992151961],[-121.9062519871832,36.6846078654365],[-121.90625453850882,36.684427702384085],[-121.90670222700783,36.68443181410278],[-121.90671242790857,36.68371116172966],[-121.90693627010455,36.683713216904366],[-121.90693881975123,36.683533053783634],[-121.90738650316753,36.6835371628442],[-121.90738140593905,36.68389748913364],[-121.90782909153356,36.68390159656509],[-121.90782399630206,36.68426192288567],[-121.90804784017706,36.684263975997155],[-121.90804019872573,36.68480446547607],[-121.9075899596274,36.68498052187365],[-121.90758741136521,36.685160684989654],[-121.907363564926,36.685158630969795]]]},"properties":{"id":"usgs-OffshoreMonterey-8ca813f1-046","block_id":"OffshoreMonterey","source_url":"https://cmgds.marine.usgs.gov/data/csmp/OffshoreMonterey/data/SeafloorCharacter_2m_OffshoreMonterey.zip","metadata_url":"https://cmgds.marine.usgs.gov/data/csmp/OffshoreMonterey/metadata/SeafloorCharacter_2m_OffshoreMonterey_metadata.xml","source_file_sha256":"8ca813f1fbfd7afb231914d7a9ebdb5667559bf0172a2024f3d45e9180d94e08","source_metadata_sha256":"3ed18fdaac9509ed23dac4fb976da9cd77c0d1509e4a6d28a090ce2b65e341db","source_year":"2016","source_class":"Class 3 \u00b7 hard, rugose rock/boulder","approx_original_area_m2":15193,"display_resolution_m":20,"fishing_target":false,"exportable":false,"depth_qualified":false,"fish_confirmed":false,"mpa_screened_at":"2026-09-23T20:44:08Z"}},{"type":"Feature","geometry":{"type":"Polygon","coordinates":[[[-121.90017676955596,36.62382879208901],[-121.89995310113942,36.62382672708978],[-121.89995629291145,36.6236021300534],[-121.90017921579259,36.62365662228475],[-121.90017676955596,36.62382879208901]]]},"properties":{"id":"usgs-OffshoreMonterey-8ca813f1-047","block_id":"OffshoreMonterey","source_url":"https://cmgds.marine.usgs.gov/data/csmp/OffshoreMonterey/data/SeafloorCharacter_2m_OffshoreMonterey.zip","metadata_url":"https://cmgds.marine.usgs.gov/data/csmp/OffshoreMonterey/metadata/SeafloorCharacter_2m_OffshoreMonterey_metadata.xml","source_file_sha256":"8ca813f1fbfd7afb231914d7a9ebdb5667559bf0172a2024f3d45e9180d94e08","source_metadata_sha256":"3ed18fdaac9509ed23dac4fb976da9cd77c0d1509e4a6d28a090ce2b65e341db","source_year":"2016","source_class":"Class 3 \u00b7 hard, rugose rock/boulder","approx_original_area_m2":15193,"display_resolution_m":20,"fishing_target":false,"exportable":false,"depth_qualified":false,"fish_confirmed":false,"mpa_screened_at":"2026-09-23T20:44:08Z"}},{"type":"Feature","geometry":{"type":"Polygon","coordinates":[[[-121.89883988527545,36.623456066897425],[-121.89884168330785,36.62332967007047],[-121.89913077258313,36.62340033630083],[-121.89883988527545,36.623456066897425]]]},"properties":{"id":"usgs-OffshoreMonterey-8ca813f1-048","block_id":"OffshoreMonterey","source_url":"https://cmgds.marine.usgs.gov/data/csmp/OffshoreMonterey/data/SeafloorCharacter_2m_OffshoreMonterey.zip","metadata_url":"https://cmgds.marine.usgs.gov/data/csmp/OffshoreMonterey/metadata/SeafloorCharacter_2m_OffshoreMonterey_metadata.xml","source_file_sha256":"8ca813f1fbfd7afb231914d7a9ebdb5667559bf0172a2024f3d45e9180d94e08","source_metadata_sha256":"3ed18fdaac9509ed23dac4fb976da9cd77c0d1509e4a6d28a090ce2b65e341db","source_year":"2016","source_class":"Class 3 \u00b7 hard, rugose rock/boulder","approx_original_area_m2":15193,"display_resolution_m":20,"fishing_target":false,"exportable":false,"depth_qualified":false,"fish_confirmed":false,"mpa_screened_at":"2026-09-23T20:44:08Z"}},{"type":"Feature","geometry":{"type":"Polygon","coordinates":[[[-121.95417615732671,36.63386505994252],[-121.95417859237509,36.63368489252999],[-121.95373119067827,36.633680963950525],[-121.95373362674624,36.63350079655804],[-121.95328378906817,36.63367703369132],[-121.9532886632649,36.63331669895206],[-121.95284126382401,36.63331276706444],[-121.9528437019311,36.63313259971206],[-121.95306740112012,36.633134565853],[-121.95306983868494,36.63295439848219],[-121.95374093482023,36.63296029434697],[-121.95395976258888,36.63332259363401],[-121.95418346240687,36.633324557688134],[-121.95441203115057,36.63296618643244],[-121.95463572997069,36.63296814962108],[-121.95463816386965,36.63278798215491],[-121.95441446557015,36.63278601897908],[-121.95441933434441,36.63242568405559],[-121.95464303160271,36.632427647205795],[-121.954640597747,36.632607814683155],[-121.95508799336977,36.63261173974943],[-121.95508312767585,36.63297207473858],[-121.95530682656091,36.63297403666744],[-121.95530439420214,36.633154204166416],[-121.95508069479648,36.633152242224746],[-121.95507582897287,36.63351257718031],[-121.95485212854761,36.6335106147931],[-121.95484969508276,36.63369078224967],[-121.95440229325597,36.633686856189804],[-121.95439985872825,36.63386702361517],[-121.95417615732671,36.63386505994252]]]},"properties":{"id":"usgs-OffshoreMonterey-8ca813f1-049","block_id":"OffshoreMonterey","source_url":"https://cmgds.marine.usgs.gov/data/csmp/OffshoreMonterey/data/SeafloorCharacter_2m_OffshoreMonterey.zip","metadata_url":"https://cmgds.marine.usgs.gov/data/csmp/OffshoreMonterey/metadata/SeafloorCharacter_2m_OffshoreMonterey_metadata.xml","source_file_sha256":"8ca813f1fbfd7afb231914d7a9ebdb5667559bf0172a2024f3d45e9180d94e08","source_metadata_sha256":"3ed18fdaac9509ed23dac4fb976da9cd77c0d1509e4a6d28a090ce2b65e341db","source_year":"2016","source_class":"Class 3 \u00b7 hard, rugose rock/boulder","approx_original_area_m2":14793,"display_resolution_m":20,"fishing_target":false,"exportable":false,"depth_qualified":false,"fish_confirmed":false,"mpa_screened_at":"2026-09-23T20:44:08Z"}},{"type":"Feature","geometry":{"type":"Polygon","coordinates":[[[-121.89322801214584,36.609169193994134],[-121.89314697093694,36.6092961005049],[-121.892848694381,36.6092947065973],[-121.89272496223,36.6092542552468],[-121.89272554883,36.6092092624057],[-121.89255469353297,36.609162936783925],[-121.89322801214584,36.609169193994134]]]},"properties":{"id":"usgs-OffshoreMonterey-8ca813f1-050","block_id":"OffshoreMonterey","source_url":"https://cmgds.marine.usgs.gov/data/csmp/OffshoreMonterey/data/SeafloorCharacter_2m_OffshoreMonterey.zip","metadata_url":"https://cmgds.marine.usgs.gov/data/csmp/OffshoreMonterey/metadata/SeafloorCharacter_2m_OffshoreMonterey_metadata.xml","source_file_sha256":"8ca813f1fbfd7afb231914d7a9ebdb5667559bf0172a2024f3d45e9180d94e08","source_metadata_sha256":"3ed18fdaac9509ed23dac4fb976da9cd77c0d1509e4a6d28a090ce2b65e341db","source_year":"2016","source_class":"Class 3 \u00b7 hard, rugose rock/boulder","approx_original_area_m2":14394,"display_resolution_m":20,"fishing_target":false,"exportable":false,"depth_qualified":false,"fish_confirmed":false,"mpa_screened_at":"2026-09-23T20:44:08Z"}},{"type":"Feature","geometry":{"type":"Polygon","coordinates":[[[-121.89211246182927,36.608978638652296],[-121.89211154427576,36.609042781510794],[-121.89186654015266,36.60897635121255],[-121.89211246182927,36.608978638652296]]]},"properties":{"id":"usgs-OffshoreMonterey-8ca813f1-051","block_id":"OffshoreMonterey","source_url":"https://cmgds.marine.usgs.gov/data/csmp/OffshoreMonterey/data/SeafloorCharacter_2m_OffshoreMonterey.zip","metadata_url":"https://cmgds.marine.usgs.gov/data/csmp/OffshoreMonterey/metadata/SeafloorCharacter_2m_OffshoreMonterey_metadata.xml","source_file_sha256":"8ca813f1fbfd7afb231914d7a9ebdb5667559bf0172a2024f3d45e9180d94e08","source_metadata_sha256":"3ed18fdaac9509ed23dac4fb976da9cd77c0d1509e4a6d28a090ce2b65e341db","source_year":"2016","source_class":"Class 3 \u00b7 hard, rugose rock/boulder","approx_original_area_m2":14394,"display_resolution_m":20,"fishing_target":false,"exportable":false,"depth_qualified":false,"fish_confirmed":false,"mpa_screened_at":"2026-09-23T20:44:08Z"}},{"type":"Feature","geometry":{"type":"Polygon","coordinates":[[[-121.89122054157029,36.60879015403375],[-121.89122038410936,36.608801152778604],[-121.891178371551,36.60878976151405],[-121.89122054157029,36.60879015403375]]]},"properties":{"id":"usgs-OffshoreMonterey-8ca813f1-052","block_id":"OffshoreMonterey","source_url":"https://cmgds.marine.usgs.gov/data/csmp/OffshoreMonterey/data/SeafloorCharacter_2m_OffshoreMonterey.zip","metadata_url":"https://cmgds.marine.usgs.gov/data/csmp/OffshoreMonterey/metadata/SeafloorCharacter_2m_OffshoreMonterey_metadata.xml","source_file_sha256":"8ca813f1fbfd7afb231914d7a9ebdb5667559bf0172a2024f3d45e9180d94e08","source_metadata_sha256":"3ed18fdaac9509ed23dac4fb976da9cd77c0d1509e4a6d28a090ce2b65e341db","source_year":"2016","source_class":"Class 3 \u00b7 hard, rugose rock/boulder","approx_original_area_m2":14394,"display_resolution_m":20,"fishing_target":false,"exportable":false,"depth_qualified":false,"fish_confirmed":false,"mpa_screened_at":"2026-09-23T20:44:08Z"}},{"type":"Feature","geometry":{"type":"Polygon","coordinates":[[[-121.89112072175567,36.60878922490817],[-121.891102170042,36.6088211936447],[-121.891078375467,36.6088307114527],[-121.89090704980073,36.60878723604375],[-121.89112072175567,36.60878922490817]]]},"properties":{"id":"usgs-OffshoreMonterey-8ca813f1-053","block_id":"OffshoreMonterey","source_url":"https://cmgds.marine.usgs.gov/data/csmp/OffshoreMonterey/data/SeafloorCharacter_2m_OffshoreMonterey.zip","metadata_url":"https://cmgds.marine.usgs.gov/data/csmp/OffshoreMonterey/metadata/SeafloorCharacter_2m_OffshoreMonterey_metadata.xml","source_file_sha256":"8ca813f1fbfd7afb231914d7a9ebdb5667559bf0172a2024f3d45e9180d94e08","source_metadata_sha256":"3ed18fdaac9509ed23dac4fb976da9cd77c0d1509e4a6d28a090ce2b65e341db","source_year":"2016","source_class":"Class 3 \u00b7 hard, rugose rock/boulder","approx_original_area_m2":14394,"display_resolution_m":20,"fishing_target":false,"exportable":false,"depth_qualified":false,"fish_confirmed":false,"mpa_screened_at":"2026-09-23T20:44:08Z"}},{"type":"Feature","geometry":{"type":"Polygon","coordinates":[[[-121.89055224953408,36.60860374513226],[-121.8905509156276,36.608696863835355],[-121.89016992739299,36.6086001846882],[-121.89055224953408,36.60860374513226]]]},"properties":{"id":"usgs-OffshoreMonterey-8ca813f1-054","block_id":"OffshoreMonterey","source_url":"https://cmgds.marine.usgs.gov/data/csmp/OffshoreMonterey/data/SeafloorCharacter_2m_OffshoreMonterey.zip","metadata_url":"https://cmgds.marine.usgs.gov/data/csmp/OffshoreMonterey/metadata/SeafloorCharacter_2m_OffshoreMonterey_metadata.xml","source_file_sha256":"8ca813f1fbfd7afb231914d7a9ebdb5667559bf0172a2024f3d45e9180d94e08","source_metadata_sha256":"3ed18fdaac9509ed23dac4fb976da9cd77c0d1509e4a6d28a090ce2b65e341db","source_year":"2016","source_class":"Class 3 \u00b7 hard, rugose rock/boulder","approx_original_area_m2":14394,"display_resolution_m":20,"fishing_target":false,"exportable":false,"depth_qualified":false,"fish_confirmed":false,"mpa_screened_at":"2026-09-23T20:44:08Z"}},{"type":"Feature","geometry":{"type":"Polygon","coordinates":[[[-121.88965258897667,36.608955741992034],[-121.88943413116873,36.6085933293048],[-121.8892105075646,36.608591244880735],[-121.8892156753717,36.60823091623],[-121.88966292052325,36.608235084604175],[-121.88966033767102,36.60841524895956],[-121.89010758395433,36.60841941568287],[-121.89010522872964,36.60858376682794],[-121.889663006973,36.6084715491309],[-121.88992605633565,36.60895828872766],[-121.88965258897667,36.608955741992034]]]},"properties":{"id":"usgs-OffshoreMonterey-8ca813f1-055","block_id":"OffshoreMonterey","source_url":"https://cmgds.marine.usgs.gov/data/csmp/OffshoreMonterey/data/SeafloorCharacter_2m_OffshoreMonterey.zip","metadata_url":"https://cmgds.marine.usgs.gov/data/csmp/OffshoreMonterey/metadata/SeafloorCharacter_2m_OffshoreMonterey_metadata.xml","source_file_sha256":"8ca813f1fbfd7afb231914d7a9ebdb5667559bf0172a2024f3d45e9180d94e08","source_metadata_sha256":"3ed18fdaac9509ed23dac4fb976da9cd77c0d1509e4a6d28a090ce2b65e341db","source_year":"2016","source_class":"Class 3 \u00b7 hard, rugose rock/boulder","approx_original_area_m2":14394,"display_resolution_m":20,"fishing_target":false,"exportable":false,"depth_qualified":false,"fish_confirmed":false,"mpa_screened_at":"2026-09-23T20:44:08Z"}},{"type":"Feature","geometry":{"type":"Polygon","coordinates":[[[-121.9592994141432,36.55228382653393],[-121.95908078062972,36.551921535442524],[-121.95863384997365,36.55191763272735],[-121.95863868484574,36.55155729241958],[-121.95773998891967,36.5519098222727],[-121.95774240844055,36.55172965217263],[-121.95684854980506,36.551721835069934],[-121.95685097137856,36.551541665015336],[-121.95707443548659,36.551543619906276],[-121.95707685652006,36.551363449833325],[-121.95774724741784,36.55136931195572],[-121.95775208630917,36.55100897171641],[-121.95819901160793,36.55101287765355],[-121.95841763850935,36.55137517030994],[-121.95886456601127,36.55137907378599],[-121.95908319703942,36.55174136526593],[-121.95930666188116,36.55174331598273],[-121.95930424598997,36.551923486172065],[-121.959751176775,36.551927386375056],[-121.95996981346416,36.55228967628681],[-121.9592994141432,36.55228382653393]]]},"properties":{"id":"usgs-OffshoreMonterey-8ca813f1-056","block_id":"OffshoreMonterey","source_url":"https://cmgds.marine.usgs.gov/data/csmp/OffshoreMonterey/data/SeafloorCharacter_2m_OffshoreMonterey.zip","metadata_url":"https://cmgds.marine.usgs.gov/data/csmp/OffshoreMonterey/metadata/SeafloorCharacter_2m_OffshoreMonterey_metadata.xml","source_file_sha256":"8ca813f1fbfd7afb231914d7a9ebdb5667559bf0172a2024f3d45e9180d94e08","source_metadata_sha256":"3ed18fdaac9509ed23dac4fb976da9cd77c0d1509e4a6d28a090ce2b65e341db","source_year":"2016","source_class":"Class 3 \u00b7 hard, rugose rock/boulder","approx_original_area_m2":12794,"display_resolution_m":20,"fishing_target":false,"exportable":false,"depth_qualified":false,"fish_confirmed":false,"mpa_screened_at":"2026-09-23T20:44:08Z"}},{"type":"Feature","geometry":{"type":"Polygon","coordinates":[[[-121.92219492522003,36.649076172450016],[-121.92219743611294,36.64889600736761],[-121.92152620860828,36.64888993157116],[-121.92152872104185,36.64870976652281],[-121.92108123719248,36.648705713917536],[-121.92086252322743,36.64834335695047],[-121.91996756005443,36.6483352451234],[-121.91997259205893,36.647974915172625],[-121.91974885236355,36.64797288619198],[-121.91975136885323,36.647792721221414],[-121.91997510802761,36.64779475018882],[-121.91997762397398,36.64761458519941],[-121.92042510134799,36.64761864184734],[-121.92064381127928,36.647980999593734],[-121.92153625820865,36.64816927134408],[-121.92175497489033,36.648531627128044],[-121.92242619933613,36.64853770158475],[-121.92241866828725,36.6490781968884],[-121.92219492522003,36.649076172450016]],[[-121.92153374584204,36.64834943640927],[-121.92131000494814,36.64834741034314],[-121.92130749203822,36.6485275753895],[-121.92153123345312,36.64852960146884],[-121.92153374584204,36.64834943640927]]]},"properties":{"id":"usgs-OffshoreMonterey-8ca813f1-057","block_id":"OffshoreMonterey","source_url":"https://cmgds.marine.usgs.gov/data/csmp/OffshoreMonterey/data/SeafloorCharacter_2m_OffshoreMonterey.zip","metadata_url":"https://cmgds.marine.usgs.gov/data/csmp/OffshoreMonterey/metadata/SeafloorCharacter_2m_OffshoreMonterey_metadata.xml","source_file_sha256":"8ca813f1fbfd7afb231914d7a9ebdb5667559bf0172a2024f3d45e9180d94e08","source_metadata_sha256":"3ed18fdaac9509ed23dac4fb976da9cd77c0d1509e4a6d28a090ce2b65e341db","source_year":"2016","source_class":"Class 3 \u00b7 hard, rugose rock/boulder","approx_original_area_m2":12794,"display_resolution_m":20,"fishing_target":false,"exportable":false,"depth_qualified":false,"fish_confirmed":false,"mpa_screened_at":"2026-09-23T20:44:08Z"}},{"type":"Feature","geometry":{"type":"Polygon","coordinates":[[[-121.89378788903879,36.632598849891295],[-121.89379304005207,36.63223852213692],[-121.89356934781466,36.63223644474729],[-121.89356419576026,36.632596772474535],[-121.89311680927199,36.63259261638135],[-121.892903426326,36.63186988239069],[-121.89223235308087,36.631863644004916],[-121.89222719487157,36.63222397159183],[-121.8924508869714,36.63222605150079],[-121.89244830835293,36.63240621529938],[-121.8920009231351,36.63240205503443],[-121.89178755114354,36.63167931920695],[-121.8924586226894,36.63168556007128],[-121.89246120121622,36.63150539625021],[-121.89357965164879,36.631515789225375],[-121.89357707572458,36.63169595311428],[-121.89312969444173,36.6316917971567],[-121.89312711745356,36.63187196101286],[-121.89357449977749,36.63187611699756],[-121.89357192380753,36.63205628087524],[-121.8937956155244,36.63205835825132],[-121.89379819097384,36.631878194360084],[-121.8940218821931,36.631880271302734],[-121.89401158234021,36.63260092688817],[-121.89378788903879,36.632598849891295]]]},"properties":{"id":"usgs-OffshoreMonterey-8ca813f1-058","block_id":"OffshoreMonterey","source_url":"https://cmgds.marine.usgs.gov/data/csmp/OffshoreMonterey/data/SeafloorCharacter_2m_OffshoreMonterey.zip","metadata_url":"https://cmgds.marine.usgs.gov/data/csmp/OffshoreMonterey/metadata/SeafloorCharacter_2m_OffshoreMonterey_metadata.xml","source_file_sha256":"8ca813f1fbfd7afb231914d7a9ebdb5667559bf0172a2024f3d45e9180d94e08","source_metadata_sha256":"3ed18fdaac9509ed23dac4fb976da9cd77c0d1509e4a6d28a090ce2b65e341db","source_year":"2016","source_class":"Class 3 \u00b7 hard, rugose rock/boulder","approx_original_area_m2":12394,"display_resolution_m":20,"fishing_target":false,"exportable":false,"depth_qualified":false,"fish_confirmed":false,"mpa_screened_at":"2026-09-23T20:44:08Z"}},{"type":"Feature","geometry":{"type":"Polygon","coordinates":[[[-121.9012479498913,36.69014756784433],[-121.90126076723024,36.6892467548756],[-121.90103690942269,36.689244688766316],[-121.90104203724287,36.68888436356646],[-121.90149231362462,36.688708332675056],[-121.9014974392201,36.68834800738759],[-121.90172129446324,36.688350072588],[-121.90172385670483,36.688169909922365],[-121.90217156621553,36.688174039034024],[-121.9019374644338,36.68889262537126],[-121.90216132128853,36.688894689770585],[-121.90215619868849,36.68925501510516],[-121.90170848291378,36.68925088583189],[-121.90170592053558,36.68943104846382],[-121.90192977893354,36.689433113324284],[-121.9019246551529,36.68979343859823],[-121.90170079571087,36.689791373710804],[-121.90169567079508,36.690151698935345],[-121.9012479498913,36.69014756784433]],[[-121.90171360760188,36.688890560551194],[-121.90148975079272,36.68888849531037],[-121.90148718793806,36.689068657940055],[-121.9017110452692,36.68907072319435],[-121.90171360760188,36.688890560551194]]]},"properties":{"id":"usgs-OffshoreMonterey-8ca813f1-059","block_id":"OffshoreMonterey","source_url":"https://cmgds.marine.usgs.gov/data/csmp/OffshoreMonterey/data/SeafloorCharacter_2m_OffshoreMonterey.zip","metadata_url":"https://cmgds.marine.usgs.gov/data/csmp/OffshoreMonterey/metadata/SeafloorCharacter_2m_OffshoreMonterey_metadata.xml","source_file_sha256":"8ca813f1fbfd7afb231914d7a9ebdb5667559bf0172a2024f3d45e9180d94e08","source_metadata_sha256":"3ed18fdaac9509ed23dac4fb976da9cd77c0d1509e4a6d28a090ce2b65e341db","source_year":"2016","source_class":"Class 3 \u00b7 hard, rugose rock/boulder","approx_original_area_m2":12394,"display_resolution_m":20,"fishing_target":false,"exportable":false,"depth_qualified":false,"fish_confirmed":false,"mpa_screened_at":"2026-09-23T20:44:08Z"}},{"type":"Feature","geometry":{"type":"Polygon","coordinates":[[[-121.87434403327734,36.61583944064647],[-121.87435450987361,36.61511878786098],[-121.87346256600922,36.614930170019306],[-121.87324416864149,36.614567729012734],[-121.8721259707896,36.61455714932246],[-121.87212859501142,36.61437698623323],[-121.87257587304201,36.61438121934053],[-121.87257849620039,36.61420105621805],[-121.87280213473065,36.61420317212848],[-121.87279951209233,36.614383335264776],[-121.87347042938326,36.61438968051989],[-121.87346780828186,36.61456984369198],[-121.87391508763257,36.61457407179163],[-121.87413348819072,36.61493651162215],[-121.87435712896452,36.61493862465055],[-121.87435974803215,36.6147584614345],[-121.87480702860945,36.61476268620487],[-121.87480441058199,36.6149428494485],[-121.87525169229264,36.61494707256797],[-121.8752464582483,36.61530739909351],[-121.87547010017872,36.61530951005139],[-121.87546748364177,36.615489673319495],[-121.875020198764,36.61548545095655],[-121.87502281634116,36.615305287716005],[-121.8747991744573,36.61530317591888],[-121.87479655636004,36.61548333914565],[-121.87457291397938,36.61548122691512],[-121.87456767667491,36.61584155332421],[-121.87434403327734,36.61583944064647]]]},"properties":{"id":"usgs-OffshoreMonterey-8ca813f1-060","block_id":"OffshoreMonterey","source_url":"https://cmgds.marine.usgs.gov/data/csmp/OffshoreMonterey/data/SeafloorCharacter_2m_OffshoreMonterey.zip","metadata_url":"https://cmgds.marine.usgs.gov/data/csmp/OffshoreMonterey/metadata/SeafloorCharacter_2m_OffshoreMonterey_metadata.xml","source_file_sha256":"8ca813f1fbfd7afb231914d7a9ebdb5667559bf0172a2024f3d45e9180d94e08","source_metadata_sha256":"3ed18fdaac9509ed23dac4fb976da9cd77c0d1509e4a6d28a090ce2b65e341db","source_year":"2016","source_class":"Class 3 \u00b7 hard, rugose rock/boulder","approx_original_area_m2":12394,"display_resolution_m":20,"fishing_target":false,"exportable":false,"depth_qualified":false,"fish_confirmed":false,"mpa_screened_at":"2026-09-23T20:44:08Z"}},{"type":"Feature","geometry":{"type":"Polygon","coordinates":[[[-121.89499382207316,36.62648365349358],[-121.8952226410057,36.62612539963175],[-121.89477529167063,36.62612125039208],[-121.89477786428353,36.62594108626131],[-121.89433051608077,36.62593693536956],[-121.89433308971158,36.62575677126027],[-121.89410941616494,36.62575469519826],[-121.89456705549418,36.625038190354964],[-121.89545917073781,36.625226652708776],[-121.8954488867593,36.62594730945051],[-121.89567256096363,36.62594938300731],[-121.89566999043228,36.62612954719225],[-121.89544631570756,36.6261274736219],[-121.89544117353556,36.62648780194783],[-121.89499382207316,36.62648365349358]]]},"properties":{"id":"usgs-OffshoreMonterey-8ca813f1-061","block_id":"OffshoreMonterey","source_url":"https://cmgds.marine.usgs.gov/data/csmp/OffshoreMonterey/data/SeafloorCharacter_2m_OffshoreMonterey.zip","metadata_url":"https://cmgds.marine.usgs.gov/data/csmp/OffshoreMonterey/metadata/SeafloorCharacter_2m_OffshoreMonterey_metadata.xml","source_file_sha256":"8ca813f1fbfd7afb231914d7a9ebdb5667559bf0172a2024f3d45e9180d94e08","source_metadata_sha256":"3ed18fdaac9509ed23dac4fb976da9cd77c0d1509e4a6d28a090ce2b65e341db","source_year":"2016","source_class":"Class 3 \u00b7 hard, rugose rock/boulder","approx_original_area_m2":11995,"display_resolution_m":20,"fishing_target":false,"exportable":false,"depth_qualified":false,"fish_confirmed":false,"mpa_screened_at":"2026-09-23T20:44:08Z"}},{"type":"Feature","geometry":{"type":"Polygon","coordinates":[[[-121.97667743668428,36.62415006275405],[-121.97668696383997,36.623429386767384],[-121.9762396182344,36.62342554363135],[-121.97601117880562,36.62378395936289],[-121.97556621562597,36.623599944721185],[-121.97556859998502,36.62341977577887],[-121.9760159454634,36.623423621433645],[-121.97602071203649,36.623063283482004],[-121.97557098432291,36.62323960683095],[-121.9755757529351,36.622879268918346],[-121.97647281992515,36.62270678938326],[-121.97647520209688,36.622526620362784],[-121.97669887230846,36.622528541658205],[-121.97669649065708,36.62270871069122],[-121.97714383218452,36.62271255204781],[-121.97713907089971,36.623072890147235],[-121.97691539908469,36.62307096965375],[-121.9769011116004,36.624151983742536],[-121.97667743668428,36.62415006275405]],[[-121.97669410898456,36.62288887971866],[-121.97647043773226,36.62288695839816],[-121.97646567328299,36.623247296411144],[-121.976689345576,36.62324921775674],[-121.97669410898456,36.62288887971866]]]},"properties":{"id":"usgs-OffshoreMonterey-8ca813f1-062","block_id":"OffshoreMonterey","source_url":"https://cmgds.marine.usgs.gov/data/csmp/OffshoreMonterey/data/SeafloorCharacter_2m_OffshoreMonterey.zip","metadata_url":"https://cmgds.marine.usgs.gov/data/csmp/OffshoreMonterey/metadata/SeafloorCharacter_2m_OffshoreMonterey_metadata.xml","source_file_sha256":"8ca813f1fbfd7afb231914d7a9ebdb5667559bf0172a2024f3d45e9180d94e08","source_metadata_sha256":"3ed18fdaac9509ed23dac4fb976da9cd77c0d1509e4a6d28a090ce2b65e341db","source_year":"2016","source_class":"Class 3 \u00b7 hard, rugose rock/boulder","approx_original_area_m2":11195,"display_resolution_m":20,"fishing_target":false,"exportable":false,"depth_qualified":false,"fish_confirmed":false,"mpa_screened_at":"2026-09-23T20:44:08Z"}},{"type":"Feature","geometry":{"type":"Polygon","coordinates":[[[-121.871720693205,36.61167030484907],[-121.87149706207195,36.61166818703419],[-121.87149443663981,36.61184835016629],[-121.87127080501013,36.611846231918015],[-121.87127343096226,36.61166606879975],[-121.87082616881297,36.61166183107218],[-121.87083667654815,36.61094117865359],[-121.87038941865225,36.610936939358474],[-121.87039204656767,36.61075677626744],[-121.87151018888275,36.610767371289434],[-121.87150756356725,36.61094753444963],[-121.87217845079654,36.610953886469716],[-121.87217320321548,36.611314212856165],[-121.87172331809381,36.611490141697544],[-121.871720693205,36.61167030484907]],[[-121.8717259429593,36.611309978540376],[-121.87150231286624,36.61130786075315],[-121.87149968748076,36.611488023896484],[-121.87172331809381,36.611490141697544],[-121.8717259429593,36.611309978540376]]]},"properties":{"id":"usgs-OffshoreMonterey-8ca813f1-063","block_id":"OffshoreMonterey","source_url":"https://cmgds.marine.usgs.gov/data/csmp/OffshoreMonterey/data/SeafloorCharacter_2m_OffshoreMonterey.zip","metadata_url":"https://cmgds.marine.usgs.gov/data/csmp/OffshoreMonterey/metadata/SeafloorCharacter_2m_OffshoreMonterey_metadata.xml","source_file_sha256":"8ca813f1fbfd7afb231914d7a9ebdb5667559bf0172a2024f3d45e9180d94e08","source_metadata_sha256":"3ed18fdaac9509ed23dac4fb976da9cd77c0d1509e4a6d28a090ce2b65e341db","source_year":"2016","source_class":"Class 3 \u00b7 hard, rugose rock/boulder","approx_original_area_m2":10395,"display_resolution_m":20,"fishing_target":false,"exportable":false,"depth_qualified":false,"fish_confirmed":false,"mpa_screened_at":"2026-09-23T20:44:08Z"}},{"type":"Feature","geometry":{"type":"Polygon","coordinates":[[[-121.89070525461285,36.62914661688411],[-121.89070783698266,36.628966453093064],[-121.89003678941017,36.628960202763665],[-121.89004195720366,36.62859987524633],[-121.89026563866396,36.62860195908209],[-121.89027080532475,36.62824163151507],[-121.8904944857671,36.6282437149038],[-121.89049706854264,36.62806355109828],[-121.89116810844632,36.62806979870478],[-121.89138662704964,36.628432208114816],[-121.89161030812731,36.628434289418024],[-121.89160514766601,36.628794617136904],[-121.89093410137919,36.62878837188628],[-121.89092893770342,36.62914869950117],[-121.89070525461285,36.62914661688411]]]},"properties":{"id":"usgs-OffshoreMonterey-8ca813f1-064","block_id":"OffshoreMonterey","source_url":"https://cmgds.marine.usgs.gov/data/csmp/OffshoreMonterey/data/SeafloorCharacter_2m_OffshoreMonterey.zip","metadata_url":"https://cmgds.marine.usgs.gov/data/csmp/OffshoreMonterey/metadata/SeafloorCharacter_2m_OffshoreMonterey_metadata.xml","source_file_sha256":"8ca813f1fbfd7afb231914d7a9ebdb5667559bf0172a2024f3d45e9180d94e08","source_metadata_sha256":"3ed18fdaac9509ed23dac4fb976da9cd77c0d1509e4a6d28a090ce2b65e341db","source_year":"2016","source_class":"Class 3 \u00b7 hard, rugose rock/boulder","approx_original_area_m2":10395,"display_resolution_m":20,"fishing_target":false,"exportable":false,"depth_qualified":false,"fish_confirmed":false,"mpa_screened_at":"2026-09-23T20:44:08Z"}},{"type":"Feature","geometry":{"type":"Polygon","coordinates":[[[-121.87548318251476,36.61440869362652],[-121.87548579891222,36.61422853032468],[-121.87503852131563,36.61422430815467],[-121.8750437561211,36.61386398158927],[-121.87549364796516,36.61368804038545],[-121.87549103163742,36.61386820370415],[-121.87571466943051,36.61387031413219],[-121.8757199010226,36.61350998746162],[-121.87594353779886,36.613512097442516],[-121.8759487682579,36.61315177072192],[-121.87617240401734,36.613153880255695],[-121.87617763334337,36.61279355348507],[-121.87662751643997,36.6126176078175],[-121.87661706194818,36.61333826146888],[-121.87616978931948,36.61333404363258],[-121.87616455985403,36.613694370369466],[-121.87638819719687,36.61369647952495],[-121.87638558294937,36.61387664289875],[-121.87593830724687,36.613872424140645],[-121.87593569193602,36.61405258748127],[-121.87571205359959,36.61405047745906],[-121.87570682186805,36.6144108040959],[-121.87548318251476,36.61440869362652]]]},"properties":{"id":"usgs-OffshoreMonterey-8ca813f1-065","block_id":"OffshoreMonterey","source_url":"https://cmgds.marine.usgs.gov/data/csmp/OffshoreMonterey/data/SeafloorCharacter_2m_OffshoreMonterey.zip","metadata_url":"https://cmgds.marine.usgs.gov/data/csmp/OffshoreMonterey/metadata/SeafloorCharacter_2m_OffshoreMonterey_metadata.xml","source_file_sha256":"8ca813f1fbfd7afb231914d7a9ebdb5667559bf0172a2024f3d45e9180d94e08","source_metadata_sha256":"3ed18fdaac9509ed23dac4fb976da9cd77c0d1509e4a6d28a090ce2b65e341db","source_year":"2016","source_class":"Class 3 \u00b7 hard, rugose rock/boulder","approx_original_area_m2":9196,"display_resolution_m":20,"fishing_target":false,"exportable":false,"depth_qualified":false,"fish_confirmed":false,"mpa_screened_at":"2026-09-23T20:44:08Z"}},{"type":"Feature","geometry":{"type":"Polygon","coordinates":[[[-121.97189411523055,36.63059569537114],[-121.97190129570961,36.6300551897857],[-121.97212498735506,36.63005712000568],[-121.97212738028502,36.62987695145342],[-121.9725747625987,36.629880810608526],[-121.97258193813778,36.62934030484257],[-121.97280562776497,36.62934223375253],[-121.97280801904832,36.6291620651401],[-121.97325539732545,36.62916592167521],[-121.97347430703113,36.62952818660773],[-121.97280323646038,36.62952240235936],[-121.97279606241914,36.63006290814629],[-121.9723486790218,36.63005904980578],[-121.97234628659115,36.63023921836504],[-121.97301736328069,36.63024500528377],[-121.9730149723904,36.630425173875224],[-121.97279127961873,36.630423245309615],[-121.97278649673332,36.63078358245054],[-121.9723391091716,36.63077972400929],[-121.97234150166604,36.630599555466794],[-121.97189411523055,36.63059569537114]],[[-121.9725651949157,36.63060148488478],[-121.97256758686834,36.63042131632412],[-121.97234389413921,36.630419386918724],[-121.97234150166604,36.630599555466794],[-121.9725651949157,36.63060148488478]]]},"properties":{"id":"usgs-OffshoreMonterey-8ca813f1-066","block_id":"OffshoreMonterey","source_url":"https://cmgds.marine.usgs.gov/data/csmp/OffshoreMonterey/data/SeafloorCharacter_2m_OffshoreMonterey.zip","metadata_url":"https://cmgds.marine.usgs.gov/data/csmp/OffshoreMonterey/metadata/SeafloorCharacter_2m_OffshoreMonterey_metadata.xml","source_file_sha256":"8ca813f1fbfd7afb231914d7a9ebdb5667559bf0172a2024f3d45e9180d94e08","source_metadata_sha256":"3ed18fdaac9509ed23dac4fb976da9cd77c0d1509e4a6d28a090ce2b65e341db","source_year":"2016","source_class":"Class 3 \u00b7 hard, rugose rock/boulder","approx_original_area_m2":9196,"display_resolution_m":20,"fishing_target":false,"exportable":false,"depth_qualified":false,"fish_confirmed":false,"mpa_screened_at":"2026-09-23T20:44:08Z"}},{"type":"Feature","geometry":{"type":"Polygon","coordinates":[[[-121.87780481761943,36.62398054068988],[-121.87780742952575,36.62380037753453],[-121.87736009627699,36.623796163138046],[-121.8773627092007,36.62361600000458],[-121.87691537708558,36.623611783956626],[-121.87691799102669,36.623431620845054],[-121.8773679349785,36.62325567372079],[-121.8773653221012,36.6234358368655],[-121.8778126532687,36.62344005120696],[-121.87781004140884,36.62362021437355],[-121.87803370754773,36.623622320928426],[-121.87803631888733,36.62344215774808],[-121.87848365019421,36.62344636957108],[-121.87870209630204,36.623808801290494],[-121.87892576305417,36.623810906180104],[-121.87892315374948,36.623991069404184],[-121.87780481761943,36.62398054068988]]]},"properties":{"id":"usgs-OffshoreMonterey-8ca813f1-067","block_id":"OffshoreMonterey","source_url":"https://cmgds.marine.usgs.gov/data/csmp/OffshoreMonterey/data/SeafloorCharacter_2m_OffshoreMonterey.zip","metadata_url":"https://cmgds.marine.usgs.gov/data/csmp/OffshoreMonterey/metadata/SeafloorCharacter_2m_OffshoreMonterey_metadata.xml","source_file_sha256":"8ca813f1fbfd7afb231914d7a9ebdb5667559bf0172a2024f3d45e9180d94e08","source_metadata_sha256":"3ed18fdaac9509ed23dac4fb976da9cd77c0d1509e4a6d28a090ce2b65e341db","source_year":"2016","source_class":"Class 3 \u00b7 hard, rugose rock/boulder","approx_original_area_m2":7197,"display_resolution_m":20,"fishing_target":false,"exportable":false,"depth_qualified":false,"fish_confirmed":false,"mpa_screened_at":"2026-09-23T20:44:08Z"}},{"type":"Feature","geometry":{"type":"Polygon","coordinates":[[[-121.98109324814989,36.61157463042005],[-121.98109561860834,36.61139446080252],[-121.98087198024805,36.61139254825708],[-121.98086960926949,36.61157271786212],[-121.98064597041021,36.611570804884565],[-121.98064834190883,36.61139063529201],[-121.98042470359073,36.611388721907346],[-121.98042233157204,36.61156889148741],[-121.98019869275495,36.61156697767064],[-121.97997980005555,36.61120472431853],[-121.98065071338638,36.61121046569388],[-121.98065308484283,36.61103029609014],[-121.98087672214194,36.61103220903022],[-121.98088146395155,36.61067186978101],[-121.9811051002316,36.610673782276514],[-121.98109798904575,36.611214291179415],[-121.98199490895367,36.611041767436596],[-121.9817665338158,36.61140019592124],[-121.98154289539224,36.6113982846346],[-121.9815405259739,36.6115784542771],[-121.98109324814989,36.61157463042005]]]},"properties":{"id":"usgs-OffshoreMonterey-8ca813f1-068","block_id":"OffshoreMonterey","source_url":"https://cmgds.marine.usgs.gov/data/csmp/OffshoreMonterey/data/SeafloorCharacter_2m_OffshoreMonterey.zip","metadata_url":"https://cmgds.marine.usgs.gov/data/csmp/OffshoreMonterey/metadata/SeafloorCharacter_2m_OffshoreMonterey_metadata.xml","source_file_sha256":"8ca813f1fbfd7afb231914d7a9ebdb5667559bf0172a2024f3d45e9180d94e08","source_metadata_sha256":"3ed18fdaac9509ed23dac4fb976da9cd77c0d1509e4a6d28a090ce2b65e341db","source_year":"2016","source_class":"Class 3 \u00b7 hard, rugose rock/boulder","approx_original_area_m2":7197,"display_resolution_m":20,"fishing_target":false,"exportable":false,"depth_qualified":false,"fish_confirmed":false,"mpa_screened_at":"2026-09-23T20:44:08Z"}},{"type":"Feature","geometry":{"type":"Polygon","coordinates":[[[-121.87280475734566,36.61402300898655],[-121.87280737993737,36.613842845839],[-121.87236010498046,36.613838613653805],[-121.87236272858898,36.61365845052826],[-121.87281000250576,36.61366268268583],[-121.87281262505088,36.61348251952706],[-121.87236535217416,36.61347828739711],[-121.87236797573605,36.613298124260325],[-121.87303888352598,36.61330447178444],[-121.87326776239615,36.61294626038572],[-121.87349139735602,36.612948374940714],[-121.87347829254769,36.613849190969866],[-121.8732546549876,36.613847076345834],[-121.87324941186112,36.61420740269054],[-121.87280475734566,36.61402300898655]],[[-121.8732598980209,36.61348674997865],[-121.8730362615242,36.613484634962646],[-121.87303363949916,36.61366479813524],[-121.87325727651587,36.61366691316505],[-121.8732598980209,36.61348674997865]]]},"properties":{"id":"usgs-OffshoreMonterey-8ca813f1-069","block_id":"OffshoreMonterey","source_url":"https://cmgds.marine.usgs.gov/data/csmp/OffshoreMonterey/data/SeafloorCharacter_2m_OffshoreMonterey.zip","metadata_url":"https://cmgds.marine.usgs.gov/data/csmp/OffshoreMonterey/metadata/SeafloorCharacter_2m_OffshoreMonterey_metadata.xml","source_file_sha256":"8ca813f1fbfd7afb231914d7a9ebdb5667559bf0172a2024f3d45e9180d94e08","source_metadata_sha256":"3ed18fdaac9509ed23dac4fb976da9cd77c0d1509e4a6d28a090ce2b65e341db","source_year":"2016","source_class":"Class 3 \u00b7 hard, rugose rock/boulder","approx_original_area_m2":7197,"display_resolution_m":20,"fishing_target":false,"exportable":false,"depth_qualified":false,"fish_confirmed":false,"mpa_screened_at":"2026-09-23T20:44:08Z"}},{"type":"Feature","geometry":{"type":"Polygon","coordinates":[[[-121.90172641892366,36.68798974725111],[-121.90173154329301,36.68762942189176],[-121.9015076901378,36.68762735674523],[-121.90151537808697,36.68708686870448],[-121.90173922967628,36.68708893381059],[-121.90174179175852,36.68690877110563],[-121.90129408964661,36.68690464049962],[-121.90129665274995,36.68672447781598],[-121.90152050327255,36.68672654331587],[-121.90152306583121,36.68654638061315],[-121.90196820438618,36.68673067305351],[-121.90196564284865,36.68691083577756],[-121.9021894939616,36.686912900028766],[-121.90195539647102,36.68763148661756],[-121.90217924967183,36.68763355092262],[-121.9021741273904,36.68799387633584],[-121.90172641892366,36.68798974725111]]]},"properties":{"id":"usgs-OffshoreMonterey-8ca813f1-070","block_id":"OffshoreMonterey","source_url":"https://cmgds.marine.usgs.gov/data/csmp/OffshoreMonterey/data/SeafloorCharacter_2m_OffshoreMonterey.zip","metadata_url":"https://cmgds.marine.usgs.gov/data/csmp/OffshoreMonterey/metadata/SeafloorCharacter_2m_OffshoreMonterey_metadata.xml","source_file_sha256":"8ca813f1fbfd7afb231914d7a9ebdb5667559bf0172a2024f3d45e9180d94e08","source_metadata_sha256":"3ed18fdaac9509ed23dac4fb976da9cd77c0d1509e4a6d28a090ce2b65e341db","source_year":"2016","source_class":"Class 3 \u00b7 hard, rugose rock/boulder","approx_original_area_m2":6797,"display_resolution_m":20,"fishing_target":false,"exportable":false,"depth_qualified":false,"fish_confirmed":false,"mpa_screened_at":"2026-09-23T20:44:08Z"}},{"type":"Feature","geometry":{"type":"Polygon","coordinates":[[[-121.90955878627526,36.688241926397566],[-121.90956133022446,36.68806176325657],[-121.9093374752301,36.688059712809014],[-121.9093349307589,36.68823987593663],[-121.90888721979414,36.688235773752545],[-121.909116165229,36.68787749882087],[-121.90934001967871,36.68787954967578],[-121.90934510850809,36.687519223392464],[-121.9095689619365,36.687521273799895],[-121.9095715057953,36.68734111063644],[-121.91001921167606,36.687345210162356],[-121.91001412602375,36.687705536537145],[-121.91023798004204,36.687707585695726],[-121.91023543770397,36.68788774888806],[-121.91001158316372,36.6878856997161],[-121.91000649737585,36.68824602605719],[-121.90955878627526,36.688241926397566]]]},"properties":{"id":"usgs-OffshoreMonterey-8ca813f1-071","block_id":"OffshoreMonterey","source_url":"https://cmgds.marine.usgs.gov/data/csmp/OffshoreMonterey/data/SeafloorCharacter_2m_OffshoreMonterey.zip","metadata_url":"https://cmgds.marine.usgs.gov/data/csmp/OffshoreMonterey/metadata/SeafloorCharacter_2m_OffshoreMonterey_metadata.xml","source_file_sha256":"8ca813f1fbfd7afb231914d7a9ebdb5667559bf0172a2024f3d45e9180d94e08","source_metadata_sha256":"3ed18fdaac9509ed23dac4fb976da9cd77c0d1509e4a6d28a090ce2b65e341db","source_year":"2016","source_class":"Class 3 \u00b7 hard, rugose rock/boulder","approx_original_area_m2":6797,"display_resolution_m":20,"fishing_target":false,"exportable":false,"depth_qualified":false,"fish_confirmed":false,"mpa_screened_at":"2026-09-23T20:44:08Z"}},{"type":"Feature","geometry":{"type":"Polygon","coordinates":[[[-121.90526043268396,36.67558942256435],[-121.90526298548468,36.675409259298206],[-121.90481534948137,36.67540514303271],[-121.90482045710135,36.67504481653729],[-121.90437282327557,36.67504069864332],[-121.90460174874961,36.67468243130953],[-121.90415411705588,36.67467831262823],[-121.90415667235136,36.67449814940117],[-121.90460685723133,36.67432210479604],[-121.90460941143813,36.674141941530856],[-121.90483322575419,36.67414400020041],[-121.90482301087731,36.67486465328115],[-121.90527064375068,36.67486876946607],[-121.90548425124136,36.6755914800797],[-121.90526043268396,36.67558942256435]]]},"properties":{"id":"usgs-OffshoreMonterey-8ca813f1-072","block_id":"OffshoreMonterey","source_url":"https://cmgds.marine.usgs.gov/data/csmp/OffshoreMonterey/data/SeafloorCharacter_2m_OffshoreMonterey.zip","metadata_url":"https://cmgds.marine.usgs.gov/data/csmp/OffshoreMonterey/metadata/SeafloorCharacter_2m_OffshoreMonterey_metadata.xml","source_file_sha256":"8ca813f1fbfd7afb231914d7a9ebdb5667559bf0172a2024f3d45e9180d94e08","source_metadata_sha256":"3ed18fdaac9509ed23dac4fb976da9cd77c0d1509e4a6d28a090ce2b65e341db","source_year":"2016","source_class":"Class 3 \u00b7 hard, rugose rock/boulder","approx_original_area_m2":6797,"display_resolution_m":20,"fishing_target":false,"exportable":false,"depth_qualified":false,"fish_confirmed":false,"mpa_screened_at":"2026-09-23T20:44:08Z"}},{"type":"Feature","geometry":{"type":"Polygon","coordinates":[[[-121.9728104103104,36.62898189652208],[-121.97303888033726,36.62862348770897],[-121.97326256792492,36.628625415728834],[-121.97304366167172,36.62826315040858],[-121.97416209461767,36.628272786183445],[-121.97415970656355,36.62845295489932],[-121.974383393737,36.62845488080728],[-121.97415493039166,36.62881329231432],[-121.97326017774633,36.62880558438322],[-121.9732577875465,36.62898575303201],[-121.9728104103104,36.62898189652208]]]},"properties":{"id":"usgs-OffshoreMonterey-8ca813f1-073","block_id":"OffshoreMonterey","source_url":"https://cmgds.marine.usgs.gov/data/csmp/OffshoreMonterey/data/SeafloorCharacter_2m_OffshoreMonterey.zip","metadata_url":"https://cmgds.marine.usgs.gov/data/csmp/OffshoreMonterey/metadata/SeafloorCharacter_2m_OffshoreMonterey_metadata.xml","source_file_sha256":"8ca813f1fbfd7afb231914d7a9ebdb5667559bf0172a2024f3d45e9180d94e08","source_metadata_sha256":"3ed18fdaac9509ed23dac4fb976da9cd77c0d1509e4a6d28a090ce2b65e341db","source_year":"2016","source_class":"Class 3 \u00b7 hard, rugose rock/boulder","approx_original_area_m2":6797,"display_resolution_m":20,"fishing_target":false,"exportable":false,"depth_qualified":false,"fish_confirmed":false,"mpa_screened_at":"2026-09-23T20:44:08Z"}},{"type":"Feature","geometry":{"type":"Polygon","coordinates":[[[-121.96888366725274,36.5878647055914],[-121.96888127044055,36.5880448752328],[-121.9686577003176,36.58804294081946],[-121.9684389258969,36.587680666749044],[-121.96888606404362,36.58768453594439],[-121.96911442562799,36.58732613057718],[-121.96956156182485,36.587329997206595],[-121.96978034059295,36.58769226930422],[-121.97000390978356,36.58769420159607],[-121.96977555114555,36.5880526086936],[-121.96888366725274,36.5878647055914]]]},"properties":{"id":"usgs-OffshoreMonterey-8ca813f1-074","block_id":"OffshoreMonterey","source_url":"https://cmgds.marine.usgs.gov/data/csmp/OffshoreMonterey/data/SeafloorCharacter_2m_OffshoreMonterey.zip","metadata_url":"https://cmgds.marine.usgs.gov/data/csmp/OffshoreMonterey/metadata/SeafloorCharacter_2m_OffshoreMonterey_metadata.xml","source_file_sha256":"8ca813f1fbfd7afb231914d7a9ebdb5667559bf0172a2024f3d45e9180d94e08","source_metadata_sha256":"3ed18fdaac9509ed23dac4fb976da9cd77c0d1509e4a6d28a090ce2b65e341db","source_year":"2016","source_class":"Class 3 \u00b7 hard, rugose rock/boulder","approx_original_area_m2":6397,"display_resolution_m":20,"fishing_target":false,"exportable":false,"depth_qualified":false,"fish_confirmed":false,"mpa_screened_at":"2026-09-23T20:44:08Z"}},{"type":"Feature","geometry":{"type":"Polygon","coordinates":[[[-121.8773506550043,36.60902066082859],[-121.87735587806257,36.608660333661824],[-121.87690601977631,36.60883628261716],[-121.8769086323337,36.60865611905847],[-121.8764613866978,36.608651902777055],[-121.87646400027181,36.60847173924026],[-121.87691124486788,36.60847595549417],[-121.87691385737882,36.60829579192425],[-121.87803196667603,36.6083063251487],[-121.87802935676467,36.60848648878739],[-121.87780573433885,36.60848438296778],[-121.87779790290585,36.60902487380888],[-121.8773506550043,36.60902066082859]]]},"properties":{"id":"usgs-OffshoreMonterey-8ca813f1-075","block_id":"OffshoreMonterey","source_url":"https://cmgds.marine.usgs.gov/data/csmp/OffshoreMonterey/data/SeafloorCharacter_2m_OffshoreMonterey.zip","metadata_url":"https://cmgds.marine.usgs.gov/data/csmp/OffshoreMonterey/metadata/SeafloorCharacter_2m_OffshoreMonterey_metadata.xml","source_file_sha256":"8ca813f1fbfd7afb231914d7a9ebdb5667559bf0172a2024f3d45e9180d94e08","source_metadata_sha256":"3ed18fdaac9509ed23dac4fb976da9cd77c0d1509e4a6d28a090ce2b65e341db","source_year":"2016","source_class":"Class 3 \u00b7 hard, rugose rock/boulder","approx_original_area_m2":6397,"display_resolution_m":20,"fishing_target":false,"exportable":false,"depth_qualified":false,"fish_confirmed":false,"mpa_screened_at":"2026-09-23T20:44:08Z"}},{"type":"Feature","geometry":{"type":"Polygon","coordinates":[[[-121.89599140694187,36.634961732581374],[-121.89599397755133,36.63478156864457],[-121.89554914969314,36.63459725754885],[-121.89555172129813,36.63441709362788],[-121.89532802263066,36.63441501943488],[-121.89533059473341,36.63423485552184],[-121.89488577162936,36.63405054201159],[-121.89488834472759,36.63387037811439],[-121.89533831090452,36.633694363748994],[-121.89555686443958,36.634056765769095],[-121.8960016892427,36.634241076800464],[-121.89599654813796,36.63460140470215],[-121.89644137712885,36.63478571414524],[-121.8964388075606,36.63496587810909],[-121.89599140694187,36.634961732581374]]]},"properties":{"id":"usgs-OffshoreMonterey-8ca813f1-076","block_id":"OffshoreMonterey","source_url":"https://cmgds.marine.usgs.gov/data/csmp/OffshoreMonterey/data/SeafloorCharacter_2m_OffshoreMonterey.zip","metadata_url":"https://cmgds.marine.usgs.gov/data/csmp/OffshoreMonterey/metadata/SeafloorCharacter_2m_OffshoreMonterey_metadata.xml","source_file_sha256":"8ca813f1fbfd7afb231914d7a9ebdb5667559bf0172a2024f3d45e9180d94e08","source_metadata_sha256":"3ed18fdaac9509ed23dac4fb976da9cd77c0d1509e4a6d28a090ce2b65e341db","source_year":"2016","source_class":"Class 3 \u00b7 hard, rugose rock/boulder","approx_original_area_m2":6397,"display_resolution_m":20,"fishing_target":false,"exportable":false,"depth_qualified":false,"fish_confirmed":false,"mpa_screened_at":"2026-09-23T20:44:08Z"}},{"type":"Feature","geometry":{"type":"Polygon","coordinates":[[[-121.88102730824149,36.6177042741357],[-121.88102991205349,36.61752411059142],[-121.88058261457152,36.61751990890798],[-121.8803641765408,36.617157480413624],[-121.88058782420673,36.6171595818574],[-121.88059042898962,36.61697941832368],[-121.88103772335069,36.61698361992484],[-121.88103511960809,36.61716378348598],[-121.88148241510208,36.617167983435955],[-121.88147981237667,36.6173481470189],[-121.88170346067855,36.61735024637812],[-121.88169825619863,36.617710573554554],[-121.88102730824149,36.6177042741357]]]},"properties":{"id":"usgs-OffshoreMonterey-8ca813f1-077","block_id":"OffshoreMonterey","source_url":"https://cmgds.marine.usgs.gov/data/csmp/OffshoreMonterey/data/SeafloorCharacter_2m_OffshoreMonterey.zip","metadata_url":"https://cmgds.marine.usgs.gov/data/csmp/OffshoreMonterey/metadata/SeafloorCharacter_2m_OffshoreMonterey_metadata.xml","source_file_sha256":"8ca813f1fbfd7afb231914d7a9ebdb5667559bf0172a2024f3d45e9180d94e08","source_metadata_sha256":"3ed18fdaac9509ed23dac4fb976da9cd77c0d1509e4a6d28a090ce2b65e341db","source_year":"2016","source_class":"Class 3 \u00b7 hard, rugose rock/boulder","approx_original_area_m2":5997,"display_resolution_m":20,"fishing_target":false,"exportable":false,"depth_qualified":false,"fish_confirmed":false,"mpa_screened_at":"2026-09-23T20:44:08Z"}},{"type":"Feature","geometry":{"type":"Polygon","coordinates":[[[-121.98328469422245,36.61501695696078],[-121.98328942551557,36.61465661768321],[-121.98284212967062,36.614652800116296],[-121.98261374736565,36.61501122990615],[-121.9821664495664,36.61500740977141],[-121.9819475382334,36.614645159946576],[-121.98217118606111,36.61464707061848],[-121.98217355427691,36.61446690103364],[-121.9826184817797,36.61465089070335],[-121.98262084895521,36.61447072109356],[-121.9835154385645,36.61447835617756],[-121.98351780363836,36.61429818651234],[-121.98374145057318,36.61430009422174],[-121.98350834321681,36.61501886513966],[-121.98328469422245,36.61501695696078]]]},"properties":{"id":"usgs-OffshoreMonterey-8ca813f1-078","block_id":"OffshoreMonterey","source_url":"https://cmgds.marine.usgs.gov/data/csmp/OffshoreMonterey/data/SeafloorCharacter_2m_OffshoreMonterey.zip","metadata_url":"https://cmgds.marine.usgs.gov/data/csmp/OffshoreMonterey/metadata/SeafloorCharacter_2m_OffshoreMonterey_metadata.xml","source_file_sha256":"8ca813f1fbfd7afb231914d7a9ebdb5667559bf0172a2024f3d45e9180d94e08","source_metadata_sha256":"3ed18fdaac9509ed23dac4fb976da9cd77c0d1509e4a6d28a090ce2b65e341db","source_year":"2016","source_class":"Class 3 \u00b7 hard, rugose rock/boulder","approx_original_area_m2":5997,"display_resolution_m":20,"fishing_target":false,"exportable":false,"depth_qualified":false,"fish_confirmed":false,"mpa_screened_at":"2026-09-23T20:44:08Z"}},{"type":"Feature","geometry":{"type":"Polygon","coordinates":[[[-121.95433217921301,36.5560243797516],[-121.95433703478103,36.555664040186684],[-121.95523336377953,36.55549170699585],[-121.95501474076235,36.5551294087987],[-121.95568516374769,36.55513528303135],[-121.95568031453244,36.555495622783354],[-121.9554568391452,36.55549366509898],[-121.95522851240362,36.55585204667432],[-121.95500503602229,36.55585008812685],[-121.95500260978338,36.556030257944904],[-121.95433217921301,36.5560243797516]]]},"properties":{"id":"usgs-OffshoreMonterey-8ca813f1-079","block_id":"OffshoreMonterey","source_url":"https://cmgds.marine.usgs.gov/data/csmp/OffshoreMonterey/data/SeafloorCharacter_2m_OffshoreMonterey.zip","metadata_url":"https://cmgds.marine.usgs.gov/data/csmp/OffshoreMonterey/metadata/SeafloorCharacter_2m_OffshoreMonterey_metadata.xml","source_file_sha256":"8ca813f1fbfd7afb231914d7a9ebdb5667559bf0172a2024f3d45e9180d94e08","source_metadata_sha256":"3ed18fdaac9509ed23dac4fb976da9cd77c0d1509e4a6d28a090ce2b65e341db","source_year":"2016","source_class":"Class 3 \u00b7 hard, rugose rock/boulder","approx_original_area_m2":5997,"display_resolution_m":20,"fishing_target":false,"exportable":false,"depth_qualified":false,"fish_confirmed":false,"mpa_screened_at":"2026-09-23T20:44:08Z"}},{"type":"Feature","geometry":{"type":"Polygon","coordinates":[[[-121.96196221269125,36.63717655913421],[-121.96197429854111,36.63627572028477],[-121.96219800746663,36.63627766942489],[-121.96219559086032,36.6364578372187],[-121.96264300981727,36.63646173426442],[-121.96263817862305,36.63682206988611],[-121.96308801431523,36.63664579746928],[-121.96308559974878,36.63682596530275],[-121.9633093103439,36.636827912381094],[-121.9633068962767,36.637008080221676],[-121.96218834091253,36.63699834056652],[-121.96218592422032,36.63717850833793],[-121.96196221269125,36.63717655913421]]]},"properties":{"id":"usgs-OffshoreMonterey-8ca813f1-080","block_id":"OffshoreMonterey","source_url":"https://cmgds.marine.usgs.gov/data/csmp/OffshoreMonterey/data/SeafloorCharacter_2m_OffshoreMonterey.zip","metadata_url":"https://cmgds.marine.usgs.gov/data/csmp/OffshoreMonterey/metadata/SeafloorCharacter_2m_OffshoreMonterey_metadata.xml","source_file_sha256":"8ca813f1fbfd7afb231914d7a9ebdb5667559bf0172a2024f3d45e9180d94e08","source_metadata_sha256":"3ed18fdaac9509ed23dac4fb976da9cd77c0d1509e4a6d28a090ce2b65e341db","source_year":"2016","source_class":"Class 3 \u00b7 hard, rugose rock/boulder","approx_original_area_m2":5997,"display_resolution_m":20,"fishing_target":false,"exportable":false,"depth_qualified":false,"fish_confirmed":false,"mpa_screened_at":"2026-09-23T20:44:08Z"}},{"type":"Feature","geometry":{"type":"Polygon","coordinates":[[[-121.88435089619568,36.619897698018086],[-121.88435349248206,36.61971753433586],[-121.88412983714022,36.619715439834756],[-121.88436387739685,36.61899687955079],[-121.88481118398813,36.61900106718456],[-121.8848059936577,36.619361394643015],[-121.88502964802836,36.619363487857704],[-121.8850244586461,36.619723815320995],[-121.88480080323498,36.61972172207897],[-121.88479820798905,36.619901885788536],[-121.88435089619568,36.619897698018086]]]},"properties":{"id":"usgs-OffshoreMonterey-8ca813f1-081","block_id":"OffshoreMonterey","source_url":"https://cmgds.marine.usgs.gov/data/csmp/OffshoreMonterey/data/SeafloorCharacter_2m_OffshoreMonterey.zip","metadata_url":"https://cmgds.marine.usgs.gov/data/csmp/OffshoreMonterey/metadata/SeafloorCharacter_2m_OffshoreMonterey_metadata.xml","source_file_sha256":"8ca813f1fbfd7afb231914d7a9ebdb5667559bf0172a2024f3d45e9180d94e08","source_metadata_sha256":"3ed18fdaac9509ed23dac4fb976da9cd77c0d1509e4a6d28a090ce2b65e341db","source_year":"2016","source_class":"Class 3 \u00b7 hard, rugose rock/boulder","approx_original_area_m2":5598,"display_resolution_m":20,"fishing_target":false,"exportable":false,"depth_qualified":false,"fish_confirmed":false,"mpa_screened_at":"2026-09-23T20:44:08Z"}},{"type":"Feature","geometry":{"type":"Polygon","coordinates":[[[-121.87037627872502,36.611837754729294],[-121.86948438292616,36.61164910782001],[-121.86971327296303,36.61129090335129],[-121.8699369028691,36.61129302449498],[-121.86994216084989,36.610932698385156],[-121.87038941865225,36.610936939358474],[-121.8703867907135,36.61111710244388],[-121.87061042016974,36.61111922231505],[-121.87060253777337,36.611659711579065],[-121.87037890675715,36.61165759166637],[-121.87037627872502,36.611837754729294]],[[-121.87016316128064,36.611114982153154],[-121.87016053279855,36.611295145219096],[-121.87038416275142,36.61129726552366],[-121.8703867907135,36.61111710244388],[-121.87016316128064,36.611114982153154]],[[-121.87038153476595,36.611477428597844],[-121.87015790429314,36.61147530827943],[-121.87015527576432,36.611655471334124],[-121.87037890675715,36.61165759166637],[-121.87038153476595,36.611477428597844]]]},"properties":{"id":"usgs-OffshoreMonterey-8ca813f1-082","block_id":"OffshoreMonterey","source_url":"https://cmgds.marine.usgs.gov/data/csmp/OffshoreMonterey/data/SeafloorCharacter_2m_OffshoreMonterey.zip","metadata_url":"https://cmgds.marine.usgs.gov/data/csmp/OffshoreMonterey/metadata/SeafloorCharacter_2m_OffshoreMonterey_metadata.xml","source_file_sha256":"8ca813f1fbfd7afb231914d7a9ebdb5667559bf0172a2024f3d45e9180d94e08","source_metadata_sha256":"3ed18fdaac9509ed23dac4fb976da9cd77c0d1509e4a6d28a090ce2b65e341db","source_year":"2016","source_class":"Class 3 \u00b7 hard, rugose rock/boulder","approx_original_area_m2":5598,"display_resolution_m":20,"fishing_target":false,"exportable":false,"depth_qualified":false,"fish_confirmed":false,"mpa_screened_at":"2026-09-23T20:44:08Z"}},{"type":"Feature","geometry":{"type":"Polygon","coordinates":[[[-121.88197653706854,36.61392923576023],[-121.88197913831452,36.61374907204311],[-121.88153186249188,36.61374487429241],[-121.88153706699472,36.61338454689616],[-121.88109239660176,36.61320018384272],[-121.8811002062335,36.61265969277157],[-121.88132384096666,36.612661792613665],[-121.88131863560868,36.61302212002747],[-121.8815422714051,36.6130242194774],[-121.88153966921146,36.61320438318959],[-121.88198694191378,36.61320858085808],[-121.88198434073713,36.61338874459206],[-121.88220797764308,36.613390842810624],[-121.88220017553466,36.61393133401988],[-121.88197653706854,36.61392923576023]]]},"properties":{"id":"usgs-OffshoreMonterey-8ca813f1-083","block_id":"OffshoreMonterey","source_url":"https://cmgds.marine.usgs.gov/data/csmp/OffshoreMonterey/data/SeafloorCharacter_2m_OffshoreMonterey.zip","metadata_url":"https://cmgds.marine.usgs.gov/data/csmp/OffshoreMonterey/metadata/SeafloorCharacter_2m_OffshoreMonterey_metadata.xml","source_file_sha256":"8ca813f1fbfd7afb231914d7a9ebdb5667559bf0172a2024f3d45e9180d94e08","source_metadata_sha256":"3ed18fdaac9509ed23dac4fb976da9cd77c0d1509e4a6d28a090ce2b65e341db","source_year":"2016","source_class":"Class 3 \u00b7 hard, rugose rock/boulder","approx_original_area_m2":5598,"display_resolution_m":20,"fishing_target":false,"exportable":false,"depth_qualified":false,"fish_confirmed":false,"mpa_screened_at":"2026-09-23T20:44:08Z"}},{"type":"Feature","geometry":{"type":"Polygon","coordinates":[[[-121.94749237378139,36.54947731647958],[-121.94748993066892,36.54965748605693],[-121.94771338868331,36.54965945840379],[-121.94748504437887,36.55001782519482],[-121.9473650654937,36.550016765857784],[-121.94713934674836,36.549474199515416],[-121.94749237378139,36.54947731647958]]]},"properties":{"id":"usgs-OffshoreMonterey-8ca813f1-084","block_id":"OffshoreMonterey","source_url":"https://cmgds.marine.usgs.gov/data/csmp/OffshoreMonterey/data/SeafloorCharacter_2m_OffshoreMonterey.zip","metadata_url":"https://cmgds.marine.usgs.gov/data/csmp/OffshoreMonterey/metadata/SeafloorCharacter_2m_OffshoreMonterey_metadata.xml","source_file_sha256":"8ca813f1fbfd7afb231914d7a9ebdb5667559bf0172a2024f3d45e9180d94e08","source_metadata_sha256":"3ed18fdaac9509ed23dac4fb976da9cd77c0d1509e4a6d28a090ce2b65e341db","source_year":"2016","source_class":"Class 3 \u00b7 hard, rugose rock/boulder","approx_original_area_m2":5598,"display_resolution_m":20,"fishing_target":false,"exportable":false,"depth_qualified":false,"fish_confirmed":false,"mpa_screened_at":"2026-09-23T20:44:08Z"}},{"type":"Feature","geometry":{"type":"Polygon","coordinates":[[[-121.94705034708835,36.54911303143576],[-121.94704841279463,36.5492556190754],[-121.94698886748935,36.549112488391074],[-121.94705034708835,36.54911303143576]]]},"properties":{"id":"usgs-OffshoreMonterey-8ca813f1-085","block_id":"OffshoreMonterey","source_url":"https://cmgds.marine.usgs.gov/data/csmp/OffshoreMonterey/data/SeafloorCharacter_2m_OffshoreMonterey.zip","metadata_url":"https://cmgds.marine.usgs.gov/data/csmp/OffshoreMonterey/metadata/SeafloorCharacter_2m_OffshoreMonterey_metadata.xml","source_file_sha256":"8ca813f1fbfd7afb231914d7a9ebdb5667559bf0172a2024f3d45e9180d94e08","source_metadata_sha256":"3ed18fdaac9509ed23dac4fb976da9cd77c0d1509e4a6d28a090ce2b65e341db","source_year":"2016","source_class":"Class 3 \u00b7 hard, rugose rock/boulder","approx_original_area_m2":5598,"display_resolution_m":20,"fishing_target":false,"exportable":false,"depth_qualified":false,"fish_confirmed":false,"mpa_screened_at":"2026-09-23T20:44:08Z"}},{"type":"Feature","geometry":{"type":"Polygon","coordinates":[[[-121.95704808396448,36.65317041310045],[-121.95704565387409,36.65335058008733],[-121.95659813802025,36.653346660478924],[-121.9566005691529,36.65316649351762],[-121.95682432654789,36.65316845351915],[-121.9570529440805,36.6528100791099],[-121.9572767004765,36.6528120382454],[-121.957279129981,36.65263187122895],[-121.95750288587749,36.65263382993143],[-121.9575004568941,36.65281399696068],[-121.95794796979415,36.65281791313054],[-121.95794068584122,36.65335841426133],[-121.95704808396448,36.65317041310045]]]},"properties":{"id":"usgs-OffshoreMonterey-8ca813f1-086","block_id":"OffshoreMonterey","source_url":"https://cmgds.marine.usgs.gov/data/csmp/OffshoreMonterey/data/SeafloorCharacter_2m_OffshoreMonterey.zip","metadata_url":"https://cmgds.marine.usgs.gov/data/csmp/OffshoreMonterey/metadata/SeafloorCharacter_2m_OffshoreMonterey_metadata.xml","source_file_sha256":"8ca813f1fbfd7afb231914d7a9ebdb5667559bf0172a2024f3d45e9180d94e08","source_metadata_sha256":"3ed18fdaac9509ed23dac4fb976da9cd77c0d1509e4a6d28a090ce2b65e341db","source_year":"2016","source_class":"Class 3 \u00b7 hard, rugose rock/boulder","approx_original_area_m2":5598,"display_resolution_m":20,"fishing_target":false,"exportable":false,"depth_qualified":false,"fish_confirmed":false,"mpa_screened_at":"2026-09-23T20:44:08Z"}},{"type":"Feature","geometry":{"type":"Polygon","coordinates":[[[-121.96080977568002,36.639689153958464],[-121.96081219579757,36.639508986341816],[-121.96103591398874,36.63951093781105],[-121.96104075311773,36.63915060253547],[-121.96193562193153,36.63915840411031],[-121.96194045680842,36.63879806871051],[-121.96238547287517,36.63898213465505],[-121.9623830564675,36.639162302377606],[-121.96193320446086,36.63933857180183],[-121.96193078696871,36.63951873948773],[-121.96125963220146,36.63951288886026],[-121.96125721312549,36.63969305650239],[-121.96080977568002,36.639689153958464]]]},"properties":{"id":"usgs-OffshoreMonterey-8ca813f1-087","block_id":"OffshoreMonterey","source_url":"https://cmgds.marine.usgs.gov/data/csmp/OffshoreMonterey/data/SeafloorCharacter_2m_OffshoreMonterey.zip","metadata_url":"https://cmgds.marine.usgs.gov/data/csmp/OffshoreMonterey/metadata/SeafloorCharacter_2m_OffshoreMonterey_metadata.xml","source_file_sha256":"8ca813f1fbfd7afb231914d7a9ebdb5667559bf0172a2024f3d45e9180d94e08","source_metadata_sha256":"3ed18fdaac9509ed23dac4fb976da9cd77c0d1509e4a6d28a090ce2b65e341db","source_year":"2016","source_class":"Class 3 \u00b7 hard, rugose rock/boulder","approx_original_area_m2":5598,"display_resolution_m":20,"fishing_target":false,"exportable":false,"depth_qualified":false,"fish_confirmed":false,"mpa_screened_at":"2026-09-23T20:44:08Z"}},{"type":"Feature","geometry":{"type":"Polygon","coordinates":[[[-121.88781291099734,36.62803852288844],[-121.88781808896984,36.62767819558723],[-121.88737073178292,36.62767401839597],[-121.88737850169167,36.62713352748382],[-121.88782585575608,36.627137704593274],[-121.88782326685033,36.627317868263546],[-121.8880469444375,36.6273199562022],[-121.88804176759785,36.62768028355313],[-121.88826544624888,36.627682371099226],[-121.8882576823782,36.62822286212437],[-121.88781291099734,36.62803852288844]]]},"properties":{"id":"usgs-OffshoreMonterey-8ca813f1-088","block_id":"OffshoreMonterey","source_url":"https://cmgds.marine.usgs.gov/data/csmp/OffshoreMonterey/data/SeafloorCharacter_2m_OffshoreMonterey.zip","metadata_url":"https://cmgds.marine.usgs.gov/data/csmp/OffshoreMonterey/metadata/SeafloorCharacter_2m_OffshoreMonterey_metadata.xml","source_file_sha256":"8ca813f1fbfd7afb231914d7a9ebdb5667559bf0172a2024f3d45e9180d94e08","source_metadata_sha256":"3ed18fdaac9509ed23dac4fb976da9cd77c0d1509e4a6d28a090ce2b65e341db","source_year":"2016","source_class":"Class 3 \u00b7 hard, rugose rock/boulder","approx_original_area_m2":5198,"display_resolution_m":20,"fishing_target":false,"exportable":false,"depth_qualified":false,"fish_confirmed":false,"mpa_screened_at":"2026-09-23T20:44:08Z"}}]}
